[     5.18 ] I: Log: Log file open in follow path at 1403/5/30 19:36:05 : C:\Users\AmirPasha\Desktop\Rpos\DAW-3\build2019\debug\Logs\Launch.log
[     5.18 ] I: The subsystem "class DGE::Core::IO::LogSystem::Logger" is registered successfully.
[     5.18 ] I: The subsystem "class DGE::Core::Windows::QtWindow" is registered successfully.
[     5.18 ] D: API version is: 4.60 ,shader version is: 4.60
[     5.18 ] I: The subsystem "class DGE::GFX::GCore::QtWrapper::QtRenderer" is registered successfully.
[     5.18 ] I: Current Render API is: 4.60
[     5.18 ] I: The subsystem "Renderer" is registered successfully.
[     5.18 ] I: The subsystem "class DGE::Core::Platforms::QtPlatform" is registered successfully.
[     5.18 ] I: The subsystem "Platform" is registered successfully.
[     5.18 ] I: The subsystem "class DGE::Core::IO::FileSystem::FileManager" is registered successfully.
[     5.18 ] I: The subsystem "class DGE::Core::CoreModule" is registered successfully.
[     5.18 ] I: The subsystem "class DGE::Core::Profiling::Profiler" is registered successfully.
[     5.18 ] I: The subsystem "class DGE::GFX::DrawablesManager" is registered successfully.
[     5.18 ] I: #version 460 core
#define GLES_Ver 460

[     5.18 ] I: The subsystem "class DGE::GFX::GraphicsManager" is registered successfully.
[     5.18 ] I: The subsystem "class DGE::GFX::GFXModule" is registered successfully.
[     5.28 ] D: Shader Compile successfully.
[     5.29 ] I: The subsystem "class DGE::Scene::ViewportManager" is registered successfully.
[     5.29 ] I: The subsystem "class DGE::Scene::SceneModule" is registered successfully.
[     5.29 ] I: The subsystem "class DGE::Managers::RenderManager" is registered successfully.
[     5.29 ] D: Engine Enabled
[     5.29 ] I: The subsystem "class DGE::Engine" is registered successfully.
[     5.29 ] D: Node with id 1 is added to Qt layer
[     5.29 ] D: Node with id 2460 is added to Qt layer
[     5.29 ] D: Node with id 2462 is added to Qt layer
[     5.29 ] D: Node with id 2464 is added to Qt layer
[     5.29 ] D: Node with id 2466 is added to Qt layer
[     5.29 ] D: Node with id 2468 is added to Qt layer
[     5.29 ] D: Node with id 2470 is added to Qt layer
[     5.29 ] D: Node with id 2472 is added to Qt layer
[     5.29 ] D: Node with id 2474 is added to Qt layer
[     5.29 ] D: Node with id 2476 is added to Qt layer
[     5.29 ] D: Node with id 2478 is added to Qt layer
[     5.29 ] D: Node with id 2480 is added to Qt layer
[     5.29 ] D: Node with id 2482 is added to Qt layer
[     5.29 ] D: Node with id 2484 is added to Qt layer
[     5.29 ] D: Node with id 2486 is added to Qt layer
[     5.29 ] D: Node with id 2487 is added to Qt layer
[     5.30 ] D: Node with id 2489 is added to Qt layer
[     5.30 ] D: Node with id 2491 is added to Qt layer
[     5.30 ] D: Node with id 3 is added to Qt layer
[     5.30 ] D: Node with id 2493 is added to Qt layer
[     5.30 ] S: New view-port registered with id: 1
[     5.30 ] S: New view-port registered with id: 2
[     5.30 ] S: New view-port registered with id: 3
[     5.30 ] S: New view-port registered with id: 4
[     5.30 ] S: New view-port registered with id: 5
[     5.30 ] S: New view-port registered with id: 6
[     5.41 ] D: Creating suitable QNanoBackend for OpenGL 4.6 context
[     5.41 ] D: Using backend: "OpenGL 3"
[     5.45 ] W: Floating point comparison needs context sanity check
[     5.45 ] D: QT onScaleChanged=  144
[     5.47 ] W: ShaderEffectSource: 'recursive' must be set to true when rendering recursively.
[     5.48 ] W: ShaderEffectSource: 'recursive' must be set to true when rendering recursively.
[     5.48 ] W: ShaderEffectSource: 'recursive' must be set to true when rendering recursively.
[     5.48 ] W: ShaderEffectSource: 'recursive' must be set to true when rendering recursively.
[     5.64 ] D: Engine Started.
[    15.20 ] D: setTracksRect
[    15.20 ] D: sltStartContentYChanged1
[    15.20 ] D: sltStartContentYChanged2
[    15.20 ] D: sltStartContentYChanged3
[    15.20 ] D: _tracksModel->getItem(i)->rect()1 0 QRect(0,0 1707x111)
[    15.20 ] D: _tracksModel->getItem(i)->rect()1 1 QRect(0,111 1707x111)
[    15.20 ] D: _tracksModel->getItem(i)->rect()1 2 QRect(0,222 1707x111)
[    15.20 ] D: _tracksModel->getItem(i)->rect()1 3 QRect(0,333 1707x111)
[    15.20 ] D: setTracksRect
[    15.20 ] D: setTracksRect
[    15.20 ] D: sltStartContentYChanged4
[    15.21 ] E: Src: D:\QD-27-3dEnvironmentToolbox\EngineLib\Core/System/Context.hpp:47:DGE::Core::System::Context::registerEvent:  A duplicate event with name "nodeAddedToScene" is registered for object "class DGE::Scene::SceneNode_SceneNode1"
[    15.21 ] E: Src: D:\QD-27-3dEnvironmentToolbox\EngineLib\Core/System/Context.hpp:47:DGE::Core::System::Context::registerEvent:  A duplicate event with name "nodeRemovedFromScene" is registered for object "class DGE::Scene::SceneNode_SceneNode1"
[    15.21 ] E: Src: D:\QD-27-3dEnvironmentToolbox\EngineLib\Core/System/Context.hpp:47:DGE::Core::System::Context::registerEvent:  A duplicate event with name "componentAddedToScene" is registered for object "class DGE::Scene::SceneNode_SceneNode1"
[    15.21 ] E: Src: D:\QD-27-3dEnvironmentToolbox\EngineLib\Core/System/Context.hpp:47:DGE::Core::System::Context::registerEvent:  A duplicate event with name "componentRemovedFromScene" is registered for object "class DGE::Scene::SceneNode_SceneNode1"
[    15.22 ] D: Shader Compile successfully.
[    15.22 ] D: Shader Compile successfully.
[    15.22 ] D: Shader Compile successfully.
[    15.22 ] D: Shader Compile successfully.
[    15.22 ] D: Shader Compile successfully.
[    15.22 ] D: Shader Compile successfully.
[    15.22 ] D: Shader Compile successfully.
[    15.22 ] D: Shader Compile successfully.
[    15.22 ] D: Shader Compile successfully.
[    15.22 ] D: Shader Compile successfully.
[    15.23 ] D: Shader Compile successfully.
[    15.23 ] D: Shader Compile successfully.
[    15.23 ] D: Shader Compile successfully.
[    15.23 ] D: Shader Compile successfully.
[    15.23 ] D: Shader Compile successfully.
[    15.23 ] D: Shader Compile successfully.
[    15.23 ] D: Shader Compile successfully.
[    19.68 ] D: setTracksRect
[    19.68 ] D: sltStartContentYChanged1
[    19.68 ] D: sltStartContentYChanged2
[    19.68 ] D: sltStartContentYChanged3
[    19.68 ] D: _tracksModel->getItem(i)->rect()1 0 QRect(0,0 3332x111)
[    19.68 ] D: _tracksModel->getItem(i)->rect()1 1 QRect(0,111 3332x111)
[    19.68 ] D: _tracksModel->getItem(i)->rect()1 2 QRect(0,222 3332x111)
[    19.68 ] D: _tracksModel->getItem(i)->rect()1 3 QRect(0,333 3332x111)
[    19.68 ] D: setTracksRect
[    19.68 ] D: setTracksRect
[    19.68 ] D: sltStartContentYChanged4
[    19.68 ] D: setTracksRect
[    19.68 ] D: sltStartContentYChanged1
[    19.68 ] D: sltStartContentYChanged2
[    19.68 ] D: sltStartContentYChanged3
[    19.68 ] D: _tracksModel->getItem(i)->rect()1 0 QRect(0,0 3647x111)
[    19.68 ] D: _tracksModel->getItem(i)->rect()1 1 QRect(0,111 3647x111)
[    19.68 ] D: _tracksModel->getItem(i)->rect()1 2 QRect(0,222 3647x111)
[    19.68 ] D: _tracksModel->getItem(i)->rect()1 3 QRect(0,333 3647x111)
[    19.68 ] D: setTracksRect
[    19.68 ] D: setTracksRect
[    19.68 ] D: sltStartContentYChanged4
[    19.68 ] D: setTracksRect
[    19.68 ] D: sltStartContentYChanged1
[    19.68 ] D: sltStartContentYChanged2
[    19.68 ] D: sltStartContentYChanged3
[    19.68 ] D: _tracksModel->getItem(i)->rect()1 0 QRect(0,0 3647x111)
[    19.68 ] D: _tracksModel->getItem(i)->rect()1 1 QRect(0,111 3647x111)
[    19.68 ] D: _tracksModel->getItem(i)->rect()1 2 QRect(0,222 3647x111)
[    19.68 ] D: _tracksModel->getItem(i)->rect()1 3 QRect(0,333 3647x111)
[    19.68 ] D: setTracksRect
[    19.68 ] D: setTracksRect
[    19.68 ] D: sltStartContentYChanged4
[    22.07 ] D: Current Time in UI is:2
[    22.08 ] D: Current Time in UI is:20
[    22.08 ] D: Current Time in UI is:25
[    22.08 ] D: Current Time in UI is:27
[    22.09 ] D: Current Time in UI is:32
[    22.10 ] D: Current Time in UI is:65
[    22.10 ] D: Current Time in UI is:70
[    22.10 ] D: Current Time in UI is:75
[    22.10 ] D: Current Time in UI is:82
[    22.12 ] D: Current Time in UI is:135
[    22.12 ] D: Current Time in UI is:142
[    22.12 ] D: Current Time in UI is:147
[    22.13 ] D: Current Time in UI is:157
[    22.14 ] D: Current Time in UI is:207
[    22.14 ] D: Current Time in UI is:220
[    22.14 ] D: Current Time in UI is:227
[    22.15 ] D: Current Time in UI is:235
[    22.16 ] D: Current Time in UI is:302
[    22.16 ] D: Current Time in UI is:312
[    22.16 ] D: Current Time in UI is:317
[    22.17 ] D: Current Time in UI is:327
[    22.18 ] D: Current Time in UI is:382
[    22.18 ] D: Current Time in UI is:390
[    22.18 ] D: Current Time in UI is:400
[    22.18 ] D: Current Time in UI is:405
[    22.20 ] D: Current Time in UI is:455
[    22.20 ] D: Current Time in UI is:465
[    22.20 ] D: Current Time in UI is:472
[    22.21 ] D: Current Time in UI is:532
[    22.22 ] D: Current Time in UI is:542
[    22.22 ] D: Current Time in UI is:552
[    22.24 ] D: Current Time in UI is:640
[    22.24 ] D: Current Time in UI is:650
[    22.24 ] D: Current Time in UI is:662
[    22.25 ] D: Current Time in UI is:755
[    22.26 ] D: Current Time in UI is:765
[    22.26 ] D: Current Time in UI is:777
[    22.27 ] D: Current Time in UI is:847
[    22.27 ] D: Current Time in UI is:860
[    22.27 ] D: Current Time in UI is:870
[    22.28 ] D: Current Time in UI is:882
[    22.30 ] D: Current Time in UI is:992
[    22.30 ] D: Current Time in UI is:1002
[    22.30 ] D: Current Time in UI is:1012
[    22.31 ] D: Current Time in UI is:1020
[    22.32 ] D: Current Time in UI is:1087
[    22.32 ] D: Current Time in UI is:1097
[    22.33 ] D: Current Time in UI is:1105
[    22.33 ] D: Current Time in UI is:1115
[    22.34 ] D: Current Time in UI is:1162
[    22.34 ] D: Current Time in UI is:1170
[    22.34 ] D: Current Time in UI is:1180
[    22.34 ] D: Current Time in UI is:1185
[    22.36 ] D: Current Time in UI is:1247
[    22.36 ] D: Current Time in UI is:1255
[    22.36 ] D: Current Time in UI is:1267
[    22.36 ] D: Current Time in UI is:1277
[    22.37 ] D: Current Time in UI is:1292
[    22.40 ] D: Current Time in UI is:1570
[    22.40 ] D: Current Time in UI is:1587
[    22.40 ] D: Current Time in UI is:1607
[    22.42 ] D: Current Time in UI is:1802
[    22.42 ] D: Current Time in UI is:1822
[    22.42 ] D: Current Time in UI is:1842
[    22.44 ] D: Current Time in UI is:1960
[    22.44 ] D: Current Time in UI is:1982
[    22.44 ] D: Current Time in UI is:1997
[    22.44 ] D: Current Time in UI is:2015
[    22.46 ] D: Current Time in UI is:2125
[    22.46 ] D: Current Time in UI is:2142
[    22.46 ] D: Current Time in UI is:2162
[    22.46 ] D: Current Time in UI is:2182
[    22.47 ] D: Current Time in UI is:2300
[    22.48 ] D: Current Time in UI is:2320
[    22.48 ] D: Current Time in UI is:2335
[    22.48 ] D: Current Time in UI is:2360
[    22.50 ] D: Current Time in UI is:2502
[    22.50 ] D: Current Time in UI is:2522
[    22.50 ] D: Current Time in UI is:2542
[    22.50 ] D: Current Time in UI is:2560
[    22.51 ] D: Current Time in UI is:2672
[    22.51 ] D: Current Time in UI is:2685
[    22.51 ] D: Current Time in UI is:2702
[    22.52 ] D: Current Time in UI is:2717
[    22.55 ] D: Current Time in UI is:2860
[    22.55 ] D: Current Time in UI is:2865
[    22.55 ] D: Current Time in UI is:2867
[    22.55 ] D: Current Time in UI is:2870
[    22.56 ] D: Current Time in UI is:2875
[    22.56 ] D: Current Time in UI is:2877
[    23.36 ] D: Current Time in UI is:2900
[    23.43 ] D: Current Time in UI is:2902
[    23.43 ] D: Current Time in UI is:2905
[    23.45 ] D: Current Time in UI is:2947
[    23.45 ] D: Current Time in UI is:2957
[    23.45 ] D: Current Time in UI is:2967
[    23.46 ] D: Current Time in UI is:2977
[    23.48 ] D: Current Time in UI is:3122
[    23.48 ] D: Current Time in UI is:3142
[    23.48 ] D: Current Time in UI is:3162
[    23.48 ] D: Current Time in UI is:3177
[    23.49 ] D: Current Time in UI is:3247
[    23.49 ] D: Current Time in UI is:3267
[    23.49 ] D: Current Time in UI is:3292
[    23.51 ] D: Current Time in UI is:3465
[    23.51 ] D: Current Time in UI is:3490
[    23.51 ] D: Current Time in UI is:3512
[    23.51 ] D: Current Time in UI is:3537
[    23.52 ] D: Current Time in UI is:3662
[    23.52 ] D: Current Time in UI is:3687
[    23.52 ] D: Current Time in UI is:3715
[    23.53 ] D: Current Time in UI is:3740
[    23.56 ] D: Current Time in UI is:4090
[    23.56 ] D: Current Time in UI is:4120
[    23.56 ] D: Current Time in UI is:4145
[    23.57 ] D: Current Time in UI is:4285
[    23.57 ] D: Current Time in UI is:4307
[    23.58 ] D: Current Time in UI is:4327
[    23.58 ] D: Current Time in UI is:4355
[    23.60 ] D: Current Time in UI is:4647
[    23.60 ] D: Current Time in UI is:4667
[    23.61 ] D: Current Time in UI is:4692
[    23.62 ] D: Current Time in UI is:4867
[    23.62 ] D: Current Time in UI is:4890
[    23.62 ] D: Current Time in UI is:4915
[    23.63 ] D: Current Time in UI is:4940
[    23.64 ] D: Current Time in UI is:5080
[    23.64 ] D: Current Time in UI is:5105
[    23.64 ] D: Current Time in UI is:5125
[    23.65 ] D: Current Time in UI is:5145
[    23.66 ] D: Current Time in UI is:5267
[    23.66 ] D: Current Time in UI is:5287
[    23.66 ] D: Current Time in UI is:5307
[    23.66 ] D: Current Time in UI is:5325
[    23.68 ] D: Current Time in UI is:5432
[    23.68 ] D: Current Time in UI is:5445
[    23.68 ] D: Current Time in UI is:5462
[    23.68 ] D: Current Time in UI is:5475
[    23.70 ] D: Current Time in UI is:5555
[    23.70 ] D: Current Time in UI is:5567
[    23.70 ] D: Current Time in UI is:5575
[    23.70 ] D: Current Time in UI is:5585
[    23.72 ] D: Current Time in UI is:5652
[    23.72 ] D: Current Time in UI is:5662
[    23.72 ] D: Current Time in UI is:5672
[    23.73 ] D: Current Time in UI is:5680
[    23.74 ] D: Current Time in UI is:5735
[    23.74 ] D: Current Time in UI is:5740
[    23.74 ] D: Current Time in UI is:5747
[    23.75 ] D: Current Time in UI is:5752
[    23.76 ] D: Current Time in UI is:5785
[    23.76 ] D: Current Time in UI is:5790
[    23.76 ] D: Current Time in UI is:5792
[    23.78 ] D: Current Time in UI is:5827
[    23.78 ] D: Current Time in UI is:5830
[    23.78 ] D: Current Time in UI is:5835
[    23.80 ] D: Current Time in UI is:5872
[    23.80 ] D: Current Time in UI is:5875
[    23.81 ] D: Current Time in UI is:5880
[    23.81 ] D: Current Time in UI is:5882
[    23.82 ] D: Current Time in UI is:5902
[    23.82 ] D: Current Time in UI is:5905
[    23.83 ] D: Current Time in UI is:5910
[    23.83 ] D: Current Time in UI is:5912
[    23.84 ] D: Current Time in UI is:5927
[    23.84 ] D: Current Time in UI is:5930
[    23.86 ] D: Current Time in UI is:5935
[    24.68 ] D: Current Time in UI is:5947
[    24.68 ] D: Current Time in UI is:5955
[    24.70 ] D: Current Time in UI is:6037
[    24.70 ] D: Current Time in UI is:6057
[    24.70 ] D: Current Time in UI is:6070
[    24.71 ] D: Current Time in UI is:6202
[    24.72 ] D: Current Time in UI is:6217
[    24.72 ] D: Current Time in UI is:6237
[    24.72 ] D: Current Time in UI is:6262
[    24.73 ] D: Current Time in UI is:6375
[    24.73 ] D: Current Time in UI is:6395
[    24.74 ] D: Current Time in UI is:6412
[    24.74 ] D: Current Time in UI is:6427
[    24.76 ] D: Current Time in UI is:6572
[    24.76 ] D: Current Time in UI is:6585
[    24.76 ] D: Current Time in UI is:6600
[    24.76 ] D: Current Time in UI is:6612
[    24.77 ] D: Current Time in UI is:6662
[    24.77 ] D: Current Time in UI is:6670
[    24.78 ] D: Current Time in UI is:6677
[    24.78 ] D: Current Time in UI is:6680
[    24.79 ] D: Current Time in UI is:6710
[    24.80 ] D: Current Time in UI is:6715
[    24.82 ] D: Current Time in UI is:6730
[    24.83 ] D: Current Time in UI is:6735
[    24.85 ] D: Current Time in UI is:6737
[    24.94 ] D: Current Time in UI is:6727
[    24.94 ] D: Current Time in UI is:6722
[    24.95 ] D: Current Time in UI is:6717
[    24.96 ] D: Current Time in UI is:6630
[    24.97 ] D: Current Time in UI is:6610
[    24.97 ] D: Current Time in UI is:6592
[    24.98 ] D: Current Time in UI is:6392
[    24.98 ] D: Current Time in UI is:6360
[    24.99 ] D: Current Time in UI is:6325
[    24.99 ] D: Current Time in UI is:6285
[    25.00 ] D: Current Time in UI is:5952
[    25.00 ] D: Current Time in UI is:5895
[    25.00 ] D: Current Time in UI is:5835
[    25.01 ] D: Current Time in UI is:5777
[    25.02 ] D: Current Time in UI is:5310
[    25.02 ] D: Current Time in UI is:5245
[    25.02 ] D: Current Time in UI is:5172
[    25.03 ] D: Current Time in UI is:5105
[    25.04 ] D: Current Time in UI is:4590
[    25.04 ] D: Current Time in UI is:4522
[    25.05 ] D: Current Time in UI is:4457
[    25.06 ] D: Current Time in UI is:3902
[    25.06 ] D: Current Time in UI is:3822
[    25.07 ] D: Current Time in UI is:3755
[    25.07 ] D: Current Time in UI is:3697
[    25.08 ] D: Current Time in UI is:3202
[    25.08 ] D: Current Time in UI is:3150
[    25.09 ] D: Current Time in UI is:3097
[    25.10 ] D: Current Time in UI is:2812
[    25.10 ] D: Current Time in UI is:2772
[    25.10 ] D: Current Time in UI is:2732
[    25.10 ] D: Current Time in UI is:2682
[    25.12 ] D: Current Time in UI is:2387
[    25.12 ] D: Current Time in UI is:2355
[    25.12 ] D: Current Time in UI is:2320
[    25.13 ] D: Current Time in UI is:2287
[    25.14 ] D: Current Time in UI is:2107
[    25.14 ] D: Current Time in UI is:2080
[    25.14 ] D: Current Time in UI is:2052
[    25.15 ] D: Current Time in UI is:2020
[    25.16 ] D: Current Time in UI is:1820
[    25.16 ] D: Current Time in UI is:1792
[    25.17 ] D: Current Time in UI is:1767
[    25.18 ] D: Current Time in UI is:1645
[    25.18 ] D: Current Time in UI is:1627
[    25.18 ] D: Current Time in UI is:1607
[    25.18 ] D: Current Time in UI is:1592
[    25.20 ] D: Current Time in UI is:1502
[    25.20 ] D: Current Time in UI is:1490
[    25.20 ] D: Current Time in UI is:1482
[    25.20 ] D: Current Time in UI is:1472
[    25.22 ] D: Current Time in UI is:1415
[    25.22 ] D: Current Time in UI is:1412
[    25.22 ] D: Current Time in UI is:1410
[    25.23 ] D: Current Time in UI is:1407
[    25.24 ] D: Current Time in UI is:1402
[    33.16 ] D: findTrackIndexByPoint 0 QRect(0,0 3647x111) false QPointF(306,142)
[    33.16 ] D: findTrackIndexByPoint 1 QRect(0,111 3647x111) true QPointF(306,142)
[    33.18 ] D: _automationChanging false
[    33.18 ] D: findTrackIndexByPoint 0 QRect(0,0 3647x111) false QPointF(307,142)
[    33.18 ] D: findTrackIndexByPoint 1 QRect(0,111 3647x111) true QPointF(307,142)
[    33.18 ] D: mouseMove2
[    33.72 ] D: findTrackIndexByPoint 0 QRect(0,0 3647x111) false QPointF(398,312)
[    33.72 ] D: findTrackIndexByPoint 1 QRect(0,111 3647x111) false QPointF(398,312)
[    33.72 ] D: findTrackIndexByPoint 2 QRect(0,222 3647x111) true QPointF(398,312)
[    34.40 ] D: findTrackIndexByPoint 0 QRect(0,0 3647x111) false QPointF(467,373)
[    34.40 ] D: findTrackIndexByPoint 1 QRect(0,111 3647x111) false QPointF(467,373)
[    34.40 ] D: findTrackIndexByPoint 2 QRect(0,222 3647x111) false QPointF(467,373)
[    34.40 ] D: findTrackIndexByPoint 3 QRect(0,333 3647x111) true QPointF(467,373)
[    34.40 ] D: _automationChanging false
[    34.40 ] D: findTrackIndexByPoint 0 QRect(0,0 3647x111) false QPointF(468,373)
[    34.40 ] D: findTrackIndexByPoint 1 QRect(0,111 3647x111) false QPointF(468,373)
[    34.40 ] D: findTrackIndexByPoint 2 QRect(0,222 3647x111) false QPointF(468,373)
[    34.40 ] D: findTrackIndexByPoint 3 QRect(0,333 3647x111) true QPointF(468,373)
[    34.40 ] D: mouseMove2
[    34.43 ] D: _automationChanging false
[    34.43 ] D: findTrackIndexByPoint 0 QRect(0,0 3647x111) false QPointF(469,373)
[    34.43 ] D: findTrackIndexByPoint 1 QRect(0,111 3647x111) false QPointF(469,373)
[    34.43 ] D: findTrackIndexByPoint 2 QRect(0,222 3647x111) false QPointF(469,373)
[    34.43 ] D: findTrackIndexByPoint 3 QRect(0,333 3647x111) true QPointF(469,373)
[    34.43 ] D: mouseMove2
[    40.63 ] D: findTrackIndexByPoint 0 QRect(0,0 3647x111) false QPointF(1965,143)
[    40.63 ] D: findTrackIndexByPoint 1 QRect(0,111 3647x111) true QPointF(1965,143)
[    40.96 ] D: findTrackIndexByPoint 0 QRect(0,0 3647x111) false QPointF(1742,269)
[    40.96 ] D: findTrackIndexByPoint 1 QRect(0,111 3647x111) false QPointF(1742,269)
[    40.96 ] D: findTrackIndexByPoint 2 QRect(0,222 3647x111) true QPointF(1742,269)
[    97.76 ] D: findTrackIndexByPoint 0 QRect(0,0 3647x111) false QPointF(678,180)
[    97.76 ] D: findTrackIndexByPoint 1 QRect(0,111 3647x111) true QPointF(678,180)
[    98.11 ] D: findTrackIndexByPoint 0 QRect(0,0 3647x111) true QPointF(757,75)
[   100.46 ] D: findTrackIndexByPoint 0 QRect(0,0 3647x111) false QPointF(1054,180)
[   100.46 ] D: findTrackIndexByPoint 1 QRect(0,111 3647x111) true QPointF(1054,180)
[   101.45 ] D: findTrackIndexByPoint 0 QRect(0,0 3647x111) true QPointF(1085,49)
[   102.06 ] D: findTrackIndexByPoint 0 QRect(0,0 3647x111) false QPointF(980,263)
[   102.06 ] D: findTrackIndexByPoint 1 QRect(0,111 3647x111) false QPointF(980,263)
[   102.06 ] D: findTrackIndexByPoint 2 QRect(0,222 3647x111) true QPointF(980,263)
[   102.11 ] D: _automationChanging false
[   102.11 ] D: findTrackIndexByPoint 0 QRect(0,0 3647x111) false QPointF(981,263)
[   102.11 ] D: findTrackIndexByPoint 1 QRect(0,111 3647x111) false QPointF(981,263)
[   102.11 ] D: findTrackIndexByPoint 2 QRect(0,222 3647x111) true QPointF(981,263)
[   102.11 ] D: mouseMove2
[   102.45 ] D: findTrackIndexByPoint 0 QRect(0,0 3647x111) false QPointF(1009,433)
[   102.45 ] D: findTrackIndexByPoint 1 QRect(0,111 3647x111) false QPointF(1009,433)
[   102.45 ] D: findTrackIndexByPoint 2 QRect(0,222 3647x111) false QPointF(1009,433)
[   102.45 ] D: findTrackIndexByPoint 3 QRect(0,333 3647x111) true QPointF(1009,433)
[   102.46 ] D: _automationChanging false
[   102.46 ] D: findTrackIndexByPoint 0 QRect(0,0 3647x111) false QPointF(1010,433)
[   102.46 ] D: findTrackIndexByPoint 1 QRect(0,111 3647x111) false QPointF(1010,433)
[   102.46 ] D: findTrackIndexByPoint 2 QRect(0,222 3647x111) false QPointF(1010,433)
[   102.46 ] D: findTrackIndexByPoint 3 QRect(0,333 3647x111) true QPointF(1010,433)
[   102.46 ] D: mouseMove2
[   102.47 ] D: _automationChanging false
[   102.47 ] D: findTrackIndexByPoint 0 QRect(0,0 3647x111) false QPointF(1011,433)
[   102.47 ] D: findTrackIndexByPoint 1 QRect(0,111 3647x111) false QPointF(1011,433)
[   102.47 ] D: findTrackIndexByPoint 2 QRect(0,222 3647x111) false QPointF(1011,433)
[   102.47 ] D: findTrackIndexByPoint 3 QRect(0,333 3647x111) true QPointF(1011,433)
[   102.47 ] D: mouseMove2
[   102.50 ] D: _automationChanging false
[   102.50 ] D: findTrackIndexByPoint 0 QRect(0,0 3647x111) false QPointF(1011,432)
[   102.50 ] D: findTrackIndexByPoint 1 QRect(0,111 3647x111) false QPointF(1011,432)
[   102.50 ] D: findTrackIndexByPoint 2 QRect(0,222 3647x111) false QPointF(1011,432)
[   102.50 ] D: findTrackIndexByPoint 3 QRect(0,333 3647x111) true QPointF(1011,432)
[   102.50 ] D: mouseMove2
[   102.51 ] D: _automationChanging false
[   102.51 ] D: findTrackIndexByPoint 0 QRect(0,0 3647x111) false QPointF(1011,431)
[   102.51 ] D: findTrackIndexByPoint 1 QRect(0,111 3647x111) false QPointF(1011,431)
[   102.51 ] D: findTrackIndexByPoint 2 QRect(0,222 3647x111) false QPointF(1011,431)
[   102.51 ] D: findTrackIndexByPoint 3 QRect(0,333 3647x111) true QPointF(1011,431)
[   102.51 ] D: mouseMove2
[   105.10 ] W: qrc:/main.qml:656: TypeError: Cannot read property 'contentY' of undefined
[   105.12 ] W: qrc:/main.qml:656: TypeError: Cannot read property 'contentY' of undefined
[   105.14 ] W: qrc:/main.qml:656: TypeError: Cannot read property 'contentY' of undefined
[   105.14 ] W: qrc:/main.qml:656: TypeError: Cannot read property 'contentY' of undefined
[   105.16 ] W: qrc:/main.qml:656: TypeError: Cannot read property 'contentY' of undefined
[   105.16 ] W: qrc:/main.qml:656: TypeError: Cannot read property 'contentY' of undefined
[   105.38 ] W: qrc:/main.qml:656: TypeError: Cannot read property 'contentY' of undefined
[   105.40 ] W: qrc:/main.qml:656: TypeError: Cannot read property 'contentY' of undefined
[   105.40 ] W: qrc:/main.qml:656: TypeError: Cannot read property 'contentY' of undefined
[   105.41 ] W: qrc:/main.qml:656: TypeError: Cannot read property 'contentY' of undefined
[   105.42 ] W: qrc:/main.qml:656: TypeError: Cannot read property 'contentY' of undefined
[   105.43 ] W: qrc:/main.qml:656: TypeError: Cannot read property 'contentY' of undefined
[   111.95 ] D: trackLighting func
[   111.95 ] W: qrc:/FunctionTrackAudio.qml:74: ReferenceError: trackAudioModel is not defined
[   112.38 ] D: trackLighting func
[   112.38 ] W: qrc:/FunctionTrackAudio.qml:74: ReferenceError: trackAudioModel is not defined
[   115.76 ] D: findTrackIndexByPoint 0 QRect(0,0 3647x111) false QPointF(295,209)
[   115.76 ] D: findTrackIndexByPoint 1 QRect(0,111 3647x111) true QPointF(295,209)
[   116.70 ] D: findTrackIndexByPoint 0 QRect(0,0 3647x111) false QPointF(121,163)
[   116.70 ] D: findTrackIndexByPoint 1 QRect(0,111 3647x111) true QPointF(121,163)
[   116.71 ] D: _automationChanging false
[   116.71 ] D: findTrackIndexByPoint 0 QRect(0,0 3647x111) false QPointF(122,163)
[   116.71 ] D: findTrackIndexByPoint 1 QRect(0,111 3647x111) true QPointF(122,163)
[   116.71 ] D: mouseMove2
[   125.33 ] D: createSelectedPoints 1 -1
[   125.35 ] W: ShaderEffectSource: 'recursive' must be set to true when rendering recursively.
[   126.26 ] W: qrc:/Items/CustomRectangle.qml:56: TypeError: Cannot read property 'color' of null
[   126.26 ] W: qrc:/Items/CustomRectangle.qml:56: TypeError: Cannot read property 'color' of null
[   126.26 ] W: qrc:/Items/CustomRectangle.qml:56: TypeError: Cannot read property 'color' of null
[   126.26 ] W: qrc:/Items/CustomRectangle.qml:56: TypeError: Cannot read property 'color' of null
[   129.31 ] D: findTrackIndexByPoint 0 QRect(0,0 3647x111) false QPointF(97,172)
[   129.32 ] D: findTrackIndexByPoint 1 QRect(0,111 3647x111) true QPointF(97,172)
[   129.34 ] D: createSelectedPoints 1 -1
[   129.40 ] D: isAutomated 0
[   129.40 ] D: isAutomated 0
[   129.40 ] D: isAutomated 0
[   129.87 ] D: findTrackIndexByPoint 0 QRect(0,0 3647x111) false QPointF(186,171)
[   129.87 ] D: findTrackIndexByPoint 1 QRect(0,111 3647x111) true QPointF(186,171)
[   129.89 ] D: createSelectedPoints 1 -1
[   130.00 ] D: _pointActive1 false true false
[   130.00 ] D: isAutomated 0
[   130.00 ] D: isAutomated 0
[   130.00 ] D: isAutomated 0
[   130.06 ] D: _automationChanging true
[   130.06 ] D: _currentMouseY 186 170 186 171 QSizeF(0, -1)
[   130.07 ] D: mouseMove2
[   130.07 ] D: _automationChanging true
[   130.07 ] D: _currentMouseY 187 168 186 171 QSizeF(1, -2)
[   130.07 ] D: mouseMove2
[   130.08 ] D: _pointActive2 false 1
[   130.08 ] D: createSelectedPoints 1 -1
[   130.08 ] D: _automationChanging true
[   130.09 ] D: _currentMouseY 188 165 186 171 QSizeF(1, -3)
[   130.09 ] D: mouseMove2
[   130.09 ] D: _automationChanging true
[   130.09 ] D: _currentMouseY 189 161 186 171 QSizeF(1, -4)
[   130.09 ] D: mouseMove2
[   130.09 ] D: _automationChanging true
[   130.09 ] D: _currentMouseY 190 161 186 171 QSizeF(1, 0)
[   130.09 ] D: mouseMove2
[   130.11 ] D: _automationChanging true
[   130.11 ] D: _currentMouseY 190 159 186 171 QSizeF(0, -2)
[   130.11 ] D: _pointActive2 false 1
[   130.11 ] D: createSelectedPoints 1 -1
[   130.11 ] D: mouseMove2
[   130.11 ] D: _automationChanging true
[   130.11 ] D: _currentMouseY 190 159 186 171 QSizeF(0, 0)
[   130.11 ] D: mouseMove2
[   130.11 ] D: _automationChanging true
[   130.11 ] D: _currentMouseY 190 158 186 171 QSizeF(0, -1)
[   130.11 ] D: mouseMove2
[   130.13 ] D: _automationChanging true
[   130.13 ] D: _currentMouseY 192 156 186 171 QSizeF(2, -2)
[   130.13 ] D: _pointActive2 false 1
[   130.13 ] D: createSelectedPoints 1 -1
[   130.13 ] D: mouseMove2
[   130.15 ] D: _pointActive2 false 1
[   130.15 ] D: createSelectedPoints 1 -1
[   130.15 ] D: _automationChanging true
[   130.15 ] D: _currentMouseY 193 154 186 171 QSizeF(1, -2)
[   130.15 ] D: mouseMove2
[   130.15 ] D: _automationChanging true
[   130.15 ] D: _currentMouseY 194 151 186 171 QSizeF(1, -3)
[   130.15 ] D: mouseMove2
[   130.17 ] D: _automationChanging true
[   130.17 ] D: _currentMouseY 194 151 186 171 QSizeF(0, 0)
[   130.18 ] D: _pointActive2 false 1
[   130.18 ] D: createSelectedPoints 1 -1
[   130.18 ] D: mouseMove2
[   130.18 ] D: _automationChanging true
[   130.18 ] D: _currentMouseY 194 150 186 171 QSizeF(0, -1)
[   130.18 ] D: mouseMove2
[   130.21 ] D: _pointActive2 false 1
[   130.21 ] D: createSelectedPoints 1 -1
[   130.23 ] D: _automationChanging true
[   130.23 ] D: _currentMouseY 194 148 186 171 QSizeF(0, -2)
[   130.23 ] D: mouseMove2
[   130.25 ] D: _pointActive2 false 1
[   130.25 ] D: createSelectedPoints 1 -1
[   130.25 ] D: _automationChanging true
[   130.25 ] D: _currentMouseY 194 147 186 171 QSizeF(0, -1)
[   130.25 ] D: mouseMove2
[   130.27 ] D: _automationChanging true
[   130.27 ] D: _currentMouseY 194 145 186 171 QSizeF(0, -2)
[   130.27 ] D: mouseMove2
[   130.27 ] D: _automationChanging true
[   130.27 ] D: _currentMouseY 194 145 186 171 QSizeF(0, 0)
[   130.27 ] D: mouseMove2
[   130.27 ] D: _pointActive2 false 1
[   130.28 ] D: createSelectedPoints 1 -1
[   130.30 ] D: _pointActive2 false 1
[   130.30 ] D: createSelectedPoints 1 -1
[   130.30 ] D: _automationChanging true
[   130.30 ] D: _currentMouseY 194 144 186 171 QSizeF(0, -1)
[   130.30 ] D: mouseMove2
[   130.32 ] D: _pointActive2 false 1
[   130.32 ] D: createSelectedPoints 1 -1
[   130.36 ] D: _automationChanging true
[   130.36 ] D: _currentMouseY 194 142 186 171 QSizeF(0, -2)
[   130.36 ] D: mouseMove2
[   130.38 ] D: _automationChanging true
[   130.38 ] D: _currentMouseY 194 142 186 171 QSizeF(0, 0)
[   130.38 ] D: _pointActive2 false 1
[   130.38 ] D: createSelectedPoints 1 -1
[   130.38 ] D: mouseMove2
[   130.38 ] D: _automationChanging true
[   130.38 ] D: _currentMouseY 194 141 186 171 QSizeF(0, -1)
[   130.38 ] D: mouseMove2
[   130.40 ] D: _pointActive2 false 1
[   130.40 ] D: createSelectedPoints 1 -1
[   130.40 ] D: _automationChanging true
[   130.40 ] D: _currentMouseY 194 139 186 171 QSizeF(0, -2)
[   130.40 ] D: mouseMove2
[   130.41 ] D: _automationChanging true
[   130.41 ] D: _currentMouseY 194 139 186 171 QSizeF(0, 0)
[   130.41 ] D: mouseMove2
[   130.43 ] D: _automationChanging true
[   130.43 ] D: _currentMouseY 194 138 186 171 QSizeF(0, -1)
[   130.43 ] D: _pointActive2 false 1
[   130.43 ] D: createSelectedPoints 1 -1
[   130.43 ] D: mouseMove2
[   130.45 ] D: _pointActive2 false 1
[   130.45 ] D: createSelectedPoints 1 -1
[   130.47 ] D: _automationChanging true
[   130.47 ] D: _currentMouseY 194 138 186 171 QSizeF(0, -2)
[   130.47 ] D: mouseMove2
[   130.49 ] D: _automationChanging true
[   130.49 ] D: _currentMouseY 194 138 186 171 QSizeF(0, 0)
[   130.49 ] D: _pointActive2 false 1
[   130.49 ] D: createSelectedPoints 1 -1
[   130.49 ] D: mouseMove2
[   130.51 ] D: _pointActive2 false 1
[   130.51 ] D: createSelectedPoints 1 -1
[   130.92 ] D: _automationChanging true
[   130.92 ] D: _currentMouseY 194 141 186 171 QSizeF(0, 3)
[   130.92 ] D: mouseMove2
[   130.92 ] D: _automationChanging true
[   130.92 ] D: _currentMouseY 194 142 186 171 QSizeF(0, 1)
[   130.92 ] D: mouseMove2
[   130.94 ] D: _automationChanging true
[   130.94 ] D: _currentMouseY 194 147 186 171 QSizeF(0, 5)
[   130.94 ] D: _pointActive2 false 1
[   130.94 ] D: createSelectedPoints 1 -1
[   130.94 ] D: mouseMove2
[   130.94 ] D: _automationChanging true
[   130.94 ] D: _currentMouseY 194 148 186 171 QSizeF(0, 1)
[   130.94 ] D: mouseMove2
[   130.94 ] D: _automationChanging true
[   130.94 ] D: _currentMouseY 194 148 186 171 QSizeF(0, 0)
[   130.94 ] D: mouseMove2
[   130.96 ] D: _pointActive2 false 1
[   130.96 ] D: createSelectedPoints 1 -1
[   130.96 ] D: _automationChanging true
[   130.96 ] D: _currentMouseY 195 152 186 171 QSizeF(1, 4)
[   130.96 ] D: mouseMove2
[   130.98 ] D: _automationChanging true
[   130.98 ] D: _currentMouseY 195 155 186 171 QSizeF(0, 3)
[   130.98 ] D: _pointActive2 false 1
[   130.98 ] D: createSelectedPoints 1 -1
[   130.99 ] D: mouseMove2
[   131.01 ] D: _automationChanging true
[   131.01 ] D: _currentMouseY 196 156 186 171 QSizeF(1, 1)
[   131.01 ] D: _pointActive2 false 1
[   131.01 ] D: createSelectedPoints 1 -1
[   131.01 ] D: mouseMove2
[   131.01 ] D: _automationChanging true
[   131.01 ] D: _currentMouseY 196 156 186 171 QSizeF(0, 0)
[   131.01 ] D: mouseMove2
[   131.01 ] D: _automationChanging true
[   131.01 ] D: _currentMouseY 196 157 186 171 QSizeF(0, 1)
[   131.01 ] D: mouseMove2
[   131.03 ] D: _pointActive2 false 1
[   131.03 ] D: createSelectedPoints 1 -1
[   131.03 ] D: _automationChanging true
[   131.03 ] D: _currentMouseY 196 159 186 171 QSizeF(0, 2)
[   131.03 ] D: mouseMove2
[   131.05 ] D: _automationChanging true
[   131.05 ] D: _currentMouseY 196 164 186 171 QSizeF(0, 5)
[   131.06 ] D: _pointActive2 false 1
[   131.06 ] D: createSelectedPoints 1 -1
[   131.06 ] D: mouseMove2
[   131.06 ] D: _automationChanging true
[   131.06 ] D: _currentMouseY 196 170 186 171 QSizeF(0, 6)
[   131.06 ] D: mouseMove2
[   131.06 ] D: _automationChanging true
[   131.06 ] D: _currentMouseY 196 170 186 171 QSizeF(0, 0)
[   131.06 ] D: mouseMove2
[   131.08 ] D: _automationChanging true
[   131.08 ] D: _currentMouseY 196 171 186 171 QSizeF(0, 1)
[   131.08 ] D: _pointActive2 false 1
[   131.08 ] D: createSelectedPoints 1 -1
[   131.08 ] D: mouseMove2
[   131.08 ] D: _automationChanging true
[   131.08 ] D: _currentMouseY 196 178 186 171 QSizeF(0, 7)
[   131.08 ] D: mouseMove2
[   131.10 ] D: _automationChanging true
[   131.10 ] D: _currentMouseY 196 179 186 171 QSizeF(0, 1)
[   131.10 ] D: _pointActive2 false 1
[   131.10 ] D: mouseMove2
[   131.10 ] D: createSelectedPoints 1 -1
[   131.10 ] D: _automationChanging true
[   131.10 ] D: _currentMouseY 195 183 186 171 QSizeF(-1, 4)
[   131.10 ] D: mouseMove2
[   131.10 ] D: _automationChanging true
[   131.10 ] D: _currentMouseY 195 184 186 171 QSizeF(0, 1)
[   131.11 ] D: mouseMove2
[   131.12 ] D: _automationChanging true
[   131.12 ] D: _currentMouseY 195 186 186 171 QSizeF(0, 2)
[   131.13 ] D: _pointActive2 false 1
[   131.13 ] D: createSelectedPoints 1 -1
[   131.13 ] D: mouseMove2
[   131.13 ] D: _automationChanging true
[   131.13 ] D: _currentMouseY 195 189 186 171 QSizeF(0, 3)
[   131.13 ] D: mouseMove2
[   131.15 ] D: _pointActive2 false 1
[   131.15 ] D: createSelectedPoints 1 -1
[   131.15 ] D: _automationChanging true
[   131.15 ] D: _currentMouseY 195 193 186 171 QSizeF(0, 4)
[   131.16 ] D: mouseMove2
[   131.16 ] D: _automationChanging true
[   131.16 ] D: _currentMouseY 195 193 186 171 QSizeF(0, 0)
[   131.16 ] D: mouseMove2
[   131.18 ] D: _automationChanging true
[   131.18 ] D: _currentMouseY 194 195 186 171 QSizeF(-1, 2)
[   131.18 ] D: _pointActive2 false 1
[   131.18 ] D: createSelectedPoints 1 -1
[   131.18 ] D: mouseMove2
[   131.18 ] D: _automationChanging true
[   131.18 ] D: _currentMouseY 193 198 186 171 QSizeF(-1, 3)
[   131.18 ] D: mouseMove2
[   131.20 ] D: _automationChanging true
[   131.20 ] D: _currentMouseY 192 202 186 171 QSizeF(-1, 4)
[   131.20 ] D: mouseMove2
[   131.21 ] D: _pointActive2 false 1
[   131.21 ] D: createSelectedPoints 1 -1
[   131.24 ] D: _pointActive2 false 1
[   131.24 ] D: createSelectedPoints 1 -1
[   131.24 ] D: _automationChanging true
[   131.24 ] D: _currentMouseY 191 207 186 171 QSizeF(-1, 5)
[   131.24 ] D: mouseMove2
[   131.24 ] D: _automationChanging true
[   131.24 ] D: _currentMouseY 190 213 186 171 QSizeF(-1, 6)
[   131.24 ] D: mouseMove2
[   131.24 ] D: _automationChanging true
[   131.24 ] D: _currentMouseY 190 213 186 171 QSizeF(0, 0)
[   131.24 ] D: mouseMove2
[   131.25 ] D: _automationChanging true
[   131.25 ] D: _currentMouseY 190 215 186 171 QSizeF(0, 2)
[   131.25 ] D: _pointActive2 false 1
[   131.25 ] D: createSelectedPoints 1 -1
[   131.26 ] D: mouseMove2
[   131.26 ] D: _automationChanging true
[   131.26 ] D: _currentMouseY 190 216 186 171 QSizeF(0, 1)
[   131.26 ] D: mouseMove2
[   131.28 ] D: _pointActive2 false 1
[   131.28 ] D: createSelectedPoints 1 -1
[   131.28 ] D: _automationChanging true
[   131.28 ] D: _currentMouseY 190 218 186 171 QSizeF(0, 5)
[   131.28 ] D: mouseMove2
[   131.28 ] D: _automationChanging true
[   131.28 ] D: _currentMouseY 190 218 186 171 QSizeF(0, 1)
[   131.28 ] D: mouseMove2
[   131.28 ] D: _automationChanging true
[   131.28 ] D: _currentMouseY 189 218 186 171 QSizeF(-1, 0)
[   131.28 ] D: mouseMove2
[   131.30 ] D: _automationChanging true
[   131.30 ] D: _currentMouseY 189 218 186 171 QSizeF(0, 3)
[   131.30 ] D: _pointActive2 false 1
[   131.30 ] D: createSelectedPoints 1 -1
[   131.30 ] D: mouseMove2
[   131.32 ] D: _automationChanging true
[   131.32 ] D: _currentMouseY 188 218 186 171 QSizeF(-1, 2)
[   131.32 ] D: _pointActive2 false 1
[   131.32 ] D: createSelectedPoints 1 -1
[   131.32 ] D: mouseMove2
[   131.33 ] D: _automationChanging true
[   131.33 ] D: _currentMouseY 188 218 186 171 QSizeF(0, 1)
[   131.33 ] D: mouseMove2
[   131.35 ] D: _automationChanging true
[   131.35 ] D: _currentMouseY 188 218 186 171 QSizeF(0, 2)
[   131.35 ] D: _pointActive2 false 1
[   131.35 ] D: createSelectedPoints 1 -1
[   131.35 ] D: mouseMove2
[   131.35 ] D: _automationChanging true
[   131.35 ] D: _currentMouseY 188 218 186 171 QSizeF(0, 1)
[   131.35 ] D: mouseMove2
[   131.37 ] D: _pointActive2 false 1
[   131.37 ] D: createSelectedPoints 1 -1
[   131.37 ] D: _automationChanging true
[   131.37 ] D: _currentMouseY 188 218 186 171 QSizeF(0, 2)
[   131.37 ] D: mouseMove2
[   131.37 ] D: _automationChanging true
[   131.37 ] D: _currentMouseY 187 218 186 171 QSizeF(-1, 0)
[   131.37 ] D: mouseMove2
[   131.37 ] D: _automationChanging true
[   131.37 ] D: _currentMouseY 187 218 186 171 QSizeF(0, 0)
[   131.38 ] D: mouseMove2
[   131.39 ] D: _automationChanging true
[   131.39 ] D: _currentMouseY 187 218 186 171 QSizeF(0, 2)
[   131.40 ] D: mouseMove2
[   131.40 ] D: _automationChanging true
[   131.40 ] D: _pointActive2 false 1
[   131.40 ] D: createSelectedPoints 1 -1
[   131.40 ] D: _currentMouseY 187 218 186 171 QSizeF(0, 1)
[   131.40 ] D: mouseMove2
[   131.42 ] D: _pointActive2 false 1
[   131.42 ] D: createSelectedPoints 1 -1
[   131.42 ] D: _automationChanging true
[   131.42 ] D: _currentMouseY 186 218 186 171 QSizeF(-1, 2)
[   131.42 ] D: mouseMove2
[   131.42 ] D: _automationChanging true
[   131.42 ] D: _currentMouseY 186 218 186 171 QSizeF(0, 1)
[   131.42 ] D: mouseMove2
[   131.45 ] D: _pointActive2 false 1
[   131.45 ] D: createSelectedPoints 1 -1
[   131.47 ] D: _automationChanging true
[   131.47 ] D: _currentMouseY 186 218 186 171 QSizeF(0, 2)
[   131.47 ] D: mouseMove2
[   131.49 ] D: _pointActive2 false 1
[   131.49 ] D: createSelectedPoints 1 -1
[   131.49 ] D: _automationChanging true
[   131.49 ] D: _currentMouseY 186 218 186 171 QSizeF(0, 1)
[   131.49 ] D: mouseMove2
[   131.51 ] D: _pointActive2 false 1
[   131.51 ] D: createSelectedPoints 1 -1
[   131.63 ] D: createSelectedPoints 1 -1
[   131.63 ] D: isAutomated 0
[   131.63 ] D: isAutomated 0
[   131.63 ] D: isAutomated 0
[   132.14 ] D: findTrackIndexByPoint 0 QRect(0,0 3647x111) false QPointF(146,165)
[   132.14 ] D: findTrackIndexByPoint 1 QRect(0,111 3647x111) true QPointF(146,165)
[   132.17 ] D: createSelectedPoints 1 -1
[   132.83 ] D: findTrackIndexByPoint 0 QRect(0,0 3647x111) false QPointF(205,168)
[   132.83 ] D: findTrackIndexByPoint 1 QRect(0,111 3647x111) true QPointF(205,168)
[   132.85 ] D: createSelectedPoints 1 -1
[   132.87 ] D: _automationChanging false
[   132.87 ] D: findTrackIndexByPoint 0 QRect(0,0 3647x111) false QPointF(206,168)
[   132.87 ] D: findTrackIndexByPoint 1 QRect(0,111 3647x111) true QPointF(206,168)
[   132.87 ] D: mouseMove2
[   132.90 ] D: _automationChanging false
[   132.90 ] D: findTrackIndexByPoint 0 QRect(0,0 3647x111) false QPointF(207,168)
[   132.90 ] D: findTrackIndexByPoint 1 QRect(0,111 3647x111) true QPointF(207,168)
[   132.90 ] D: mouseMove2
[   132.90 ] D: _automationChanging false
[   132.90 ] D: findTrackIndexByPoint 0 QRect(0,0 3647x111) false QPointF(208,168)
[   132.90 ] D: findTrackIndexByPoint 1 QRect(0,111 3647x111) true QPointF(208,168)
[   132.90 ] D: mouseMove2
[   132.92 ] D: createSelectedPoints 1 -1
[   132.92 ] D: createSelectedPoints 1 1 1 1
[   132.92 ] D: _automationChanging false
[   132.92 ] D: findTrackIndexByPoint 0 QRect(0,0 3647x111) false QPointF(209,168)
[   132.92 ] D: findTrackIndexByPoint 1 QRect(0,111 3647x111) true QPointF(209,168)
[   132.92 ] D: mouseMove2
[   132.93 ] D: _automationChanging false
[   132.93 ] D: findTrackIndexByPoint 0 QRect(0,0 3647x111) false QPointF(210,168)
[   132.93 ] D: findTrackIndexByPoint 1 QRect(0,111 3647x111) true QPointF(210,168)
[   132.93 ] D: mouseMove2
[   132.93 ] D: _automationChanging false
[   132.93 ] D: findTrackIndexByPoint 0 QRect(0,0 3647x111) false QPointF(211,168)
[   132.93 ] D: findTrackIndexByPoint 1 QRect(0,111 3647x111) true QPointF(211,168)
[   132.93 ] D: mouseMove2
[   132.94 ] D: _automationChanging false
[   132.94 ] D: findTrackIndexByPoint 0 QRect(0,0 3647x111) false QPointF(212,168)
[   132.94 ] D: findTrackIndexByPoint 1 QRect(0,111 3647x111) true QPointF(212,168)
[   132.94 ] D: mouseMove2
[   132.96 ] D: _automationChanging false
[   132.96 ] D: findTrackIndexByPoint 0 QRect(0,0 3647x111) false QPointF(215,168)
[   132.96 ] D: findTrackIndexByPoint 1 QRect(0,111 3647x111) true QPointF(215,168)
[   132.96 ] D: mouseMove2
[   132.96 ] D: _automationChanging false
[   132.96 ] D: findTrackIndexByPoint 0 QRect(0,0 3647x111) false QPointF(216,168)
[   132.96 ] D: findTrackIndexByPoint 1 QRect(0,111 3647x111) true QPointF(216,168)
[   132.96 ] D: mouseMove2
[   132.96 ] D: _automationChanging false
[   132.96 ] D: findTrackIndexByPoint 0 QRect(0,0 3647x111) false QPointF(217,168)
[   132.96 ] D: findTrackIndexByPoint 1 QRect(0,111 3647x111) true QPointF(217,168)
[   132.96 ] D: mouseMove2
[   132.97 ] D: _automationChanging false
[   132.97 ] D: findTrackIndexByPoint 0 QRect(0,0 3647x111) false QPointF(221,168)
[   132.97 ] D: findTrackIndexByPoint 1 QRect(0,111 3647x111) true QPointF(221,168)
[   132.97 ] D: mouseMove2
[   132.97 ] D: _automationChanging false
[   132.97 ] D: findTrackIndexByPoint 0 QRect(0,0 3647x111) false QPointF(222,168)
[   132.97 ] D: findTrackIndexByPoint 1 QRect(0,111 3647x111) true QPointF(222,168)
[   132.97 ] D: mouseMove2
[   132.98 ] D: _automationChanging false
[   132.98 ] D: findTrackIndexByPoint 0 QRect(0,0 3647x111) false QPointF(224,168)
[   132.98 ] D: findTrackIndexByPoint 1 QRect(0,111 3647x111) true QPointF(224,168)
[   132.98 ] D: mouseMove2
[   132.99 ] D: _automationChanging false
[   132.99 ] D: findTrackIndexByPoint 0 QRect(0,0 3647x111) false QPointF(230,168)
[   132.99 ] D: findTrackIndexByPoint 1 QRect(0,111 3647x111) true QPointF(230,168)
[   132.99 ] D: mouseMove2
[   132.99 ] D: _automationChanging false
[   132.99 ] D: findTrackIndexByPoint 0 QRect(0,0 3647x111) false QPointF(232,168)
[   132.99 ] D: findTrackIndexByPoint 1 QRect(0,111 3647x111) true QPointF(232,168)
[   132.99 ] D: mouseMove2
[   133.01 ] D: _automationChanging false
[   133.01 ] D: findTrackIndexByPoint 0 QRect(0,0 3647x111) false QPointF(239,168)
[   133.01 ] D: findTrackIndexByPoint 1 QRect(0,111 3647x111) true QPointF(239,168)
[   133.01 ] D: mouseMove2
[   133.01 ] D: _automationChanging false
[   133.01 ] D: findTrackIndexByPoint 0 QRect(0,0 3647x111) false QPointF(240,168)
[   133.01 ] D: findTrackIndexByPoint 1 QRect(0,111 3647x111) true QPointF(240,168)
[   133.01 ] D: mouseMove2
[   133.02 ] D: createSelectedPoints 1 -1
[   133.02 ] D: createSelectedPoints 1 1 1 1
[   133.02 ] D: _automationChanging false
[   133.02 ] D: findTrackIndexByPoint 0 QRect(0,0 3647x111) false QPointF(241,168)
[   133.02 ] D: findTrackIndexByPoint 1 QRect(0,111 3647x111) true QPointF(241,168)
[   133.02 ] D: mouseMove2
[   133.03 ] D: _automationChanging false
[   133.03 ] D: findTrackIndexByPoint 0 QRect(0,0 3647x111) false QPointF(246,168)
[   133.04 ] D: findTrackIndexByPoint 1 QRect(0,111 3647x111) true QPointF(246,168)
[   133.04 ] D: mouseMove2
[   133.04 ] D: _automationChanging false
[   133.04 ] D: findTrackIndexByPoint 0 QRect(0,0 3647x111) false QPointF(247,168)
[   133.04 ] D: findTrackIndexByPoint 1 QRect(0,111 3647x111) true QPointF(247,168)
[   133.04 ] D: mouseMove2
[   133.04 ] D: _automationChanging false
[   133.04 ] D: findTrackIndexByPoint 0 QRect(0,0 3647x111) false QPointF(248,168)
[   133.04 ] D: findTrackIndexByPoint 1 QRect(0,111 3647x111) true QPointF(248,168)
[   133.04 ] D: mouseMove2
[   133.06 ] D: createSelectedPoints 1 -1
[   133.06 ] D: createSelectedPoints 1 1 1 1
[   133.06 ] D: _automationChanging false
[   133.06 ] D: findTrackIndexByPoint 0 QRect(0,0 3647x111) false QPointF(252,168)
[   133.06 ] D: findTrackIndexByPoint 1 QRect(0,111 3647x111) true QPointF(252,168)
[   133.06 ] D: mouseMove2
[   133.06 ] D: _automationChanging false
[   133.06 ] D: findTrackIndexByPoint 0 QRect(0,0 3647x111) false QPointF(253,168)
[   133.06 ] D: findTrackIndexByPoint 1 QRect(0,111 3647x111) true QPointF(253,168)
[   133.06 ] D: mouseMove2
[   133.07 ] D: _automationChanging false
[   133.07 ] D: findTrackIndexByPoint 0 QRect(0,0 3647x111) false QPointF(254,167)
[   133.07 ] D: findTrackIndexByPoint 1 QRect(0,111 3647x111) true QPointF(254,167)
[   133.07 ] D: mouseMove2
[   133.42 ] D: findTrackIndexByPoint 0 QRect(0,0 3647x111) false QPointF(254,167)
[   133.42 ] D: findTrackIndexByPoint 1 QRect(0,111 3647x111) true QPointF(254,167)
[   133.45 ] D: createSelectedPoints 1 -1
[   133.84 ] D: findTrackIndexByPoint 0 QRect(0,0 3647x111) false QPointF(281,176)
[   133.84 ] D: findTrackIndexByPoint 1 QRect(0,111 3647x111) true QPointF(281,176)
[   133.87 ] D: createSelectedPoints 1 -1
[   134.45 ] D: findTrackIndexByPoint 0 QRect(0,0 3647x111) false QPointF(164,166)
[   134.45 ] D: findTrackIndexByPoint 1 QRect(0,111 3647x111) true QPointF(164,166)
[   134.45 ] D: _automationChanging false
[   134.45 ] D: findTrackIndexByPoint 0 QRect(0,0 3647x111) false QPointF(165,166)
[   134.45 ] D: findTrackIndexByPoint 1 QRect(0,111 3647x111) true QPointF(165,166)
[   134.45 ] D: mouseMove2
[   134.48 ] D: createSelectedPoints 1 -1
[   135.07 ] D: findTrackIndexByPoint 0 QRect(0,0 3647x111) false QPointF(50,157)
[   135.07 ] D: findTrackIndexByPoint 1 QRect(0,111 3647x111) true QPointF(50,157)
[   135.09 ] D: createSelectedPoints 1 -1
[   135.53 ] D: findTrackIndexByPoint 0 QRect(0,0 3647x111) false QPointF(158,162)
[   135.53 ] D: findTrackIndexByPoint 1 QRect(0,111 3647x111) true QPointF(158,162)
[   135.55 ] D: _automationChanging false
[   135.55 ] D: findTrackIndexByPoint 0 QRect(0,0 3647x111) false QPointF(159,162)
[   135.55 ] D: findTrackIndexByPoint 1 QRect(0,111 3647x111) true QPointF(159,162)
[   135.55 ] D: mouseMove2
[   135.55 ] D: createSelectedPoints 1 -1
[   135.87 ] D: findTrackIndexByPoint 0 QRect(0,0 3647x111) false QPointF(213,167)
[   135.87 ] D: findTrackIndexByPoint 1 QRect(0,111 3647x111) true QPointF(213,167)
[   135.89 ] D: createSelectedPoints 1 -1
[   136.25 ] D: findTrackIndexByPoint 0 QRect(0,0 3647x111) false QPointF(348,186)
[   136.25 ] D: findTrackIndexByPoint 1 QRect(0,111 3647x111) true QPointF(348,186)
[   136.28 ] D: createSelectedPoints 1 -1
[   136.64 ] D: findTrackIndexByPoint 0 QRect(0,0 3647x111) false QPointF(434,182)
[   136.64 ] D: findTrackIndexByPoint 1 QRect(0,111 3647x111) true QPointF(434,182)
[   136.66 ] D: createSelectedPoints 1 -1
[   136.69 ] D: _automationChanging false
[   136.69 ] D: findTrackIndexByPoint 0 QRect(0,0 3647x111) false QPointF(437,182)
[   136.69 ] D: findTrackIndexByPoint 1 QRect(0,111 3647x111) true QPointF(437,182)
[   136.69 ] D: mouseMove2
[   136.70 ] D: _automationChanging false
[   136.70 ] D: findTrackIndexByPoint 0 QRect(0,0 3647x111) false QPointF(438,182)
[   136.70 ] D: findTrackIndexByPoint 1 QRect(0,111 3647x111) true QPointF(438,182)
[   136.70 ] D: mouseMove2
[   136.71 ] D: _automationChanging false
[   136.71 ] D: findTrackIndexByPoint 0 QRect(0,0 3647x111) false QPointF(452,183)
[   136.71 ] D: findTrackIndexByPoint 1 QRect(0,111 3647x111) true QPointF(452,183)
[   136.71 ] D: mouseMove2
[   136.71 ] D: _automationChanging false
[   136.71 ] D: findTrackIndexByPoint 0 QRect(0,0 3647x111) false QPointF(455,183)
[   136.71 ] D: findTrackIndexByPoint 1 QRect(0,111 3647x111) true QPointF(455,183)
[   136.71 ] D: mouseMove2
[   136.71 ] D: _automationChanging false
[   136.71 ] D: findTrackIndexByPoint 0 QRect(0,0 3647x111) false QPointF(458,184)
[   136.71 ] D: findTrackIndexByPoint 1 QRect(0,111 3647x111) true QPointF(458,184)
[   136.71 ] D: mouseMove2
[   136.72 ] D: createSelectedPoints 1 -1
[   136.72 ] D: createSelectedPoints 1 1 1 1
[   136.72 ] D: _automationChanging false
[   136.72 ] D: findTrackIndexByPoint 0 QRect(0,0 3647x111) false QPointF(461,184)
[   136.72 ] D: findTrackIndexByPoint 1 QRect(0,111 3647x111) true QPointF(461,184)
[   136.72 ] D: mouseMove2
[   136.74 ] D: createSelectedPoints 1 -1
[   136.74 ] D: createSelectedPoints 1 1 1 1
[   136.74 ] D: _automationChanging false
[   136.74 ] D: findTrackIndexByPoint 0 QRect(0,0 3647x111) false QPointF(496,185)
[   136.74 ] D: findTrackIndexByPoint 1 QRect(0,111 3647x111) true QPointF(496,185)
[   136.74 ] D: mouseMove2
[   136.74 ] D: _automationChanging false
[   136.74 ] D: findTrackIndexByPoint 0 QRect(0,0 3647x111) false QPointF(501,185)
[   136.74 ] D: findTrackIndexByPoint 1 QRect(0,111 3647x111) true QPointF(501,185)
[   136.74 ] D: mouseMove2
[   136.74 ] D: _automationChanging false
[   136.74 ] D: findTrackIndexByPoint 0 QRect(0,0 3647x111) false QPointF(507,185)
[   136.74 ] D: findTrackIndexByPoint 1 QRect(0,111 3647x111) true QPointF(507,185)
[   136.74 ] D: mouseMove2
[   136.74 ] D: _automationChanging false
[   136.74 ] D: findTrackIndexByPoint 0 QRect(0,0 3647x111) false QPointF(514,185)
[   136.74 ] D: findTrackIndexByPoint 1 QRect(0,111 3647x111) true QPointF(514,185)
[   136.74 ] D: mouseMove2
[   136.76 ] D: _automationChanging false
[   136.76 ] D: findTrackIndexByPoint 0 QRect(0,0 3647x111) false QPointF(625,183)
[   136.76 ] D: findTrackIndexByPoint 1 QRect(0,111 3647x111) true QPointF(625,183)
[   136.76 ] D: mouseMove2
[   136.76 ] D: _automationChanging false
[   136.76 ] D: findTrackIndexByPoint 0 QRect(0,0 3647x111) false QPointF(642,183)
[   136.76 ] D: findTrackIndexByPoint 1 QRect(0,111 3647x111) true QPointF(642,183)
[   136.76 ] D: mouseMove2
[   136.76 ] D: _automationChanging false
[   136.76 ] D: findTrackIndexByPoint 0 QRect(0,0 3647x111) false QPointF(657,183)
[   136.76 ] D: findTrackIndexByPoint 1 QRect(0,111 3647x111) true QPointF(657,183)
[   136.76 ] D: mouseMove2
[   136.77 ] D: createSelectedPoints 1 -1
[   136.77 ] D: createSelectedPoints 1 1 1 1
[   136.77 ] D: _automationChanging false
[   136.77 ] D: findTrackIndexByPoint 0 QRect(0,0 3647x111) false QPointF(671,182)
[   136.77 ] D: findTrackIndexByPoint 1 QRect(0,111 3647x111) true QPointF(671,182)
[   136.77 ] D: mouseMove2
[   136.78 ] D: _automationChanging false
[   136.78 ] D: findTrackIndexByPoint 0 QRect(0,0 3647x111) false QPointF(779,180)
[   136.78 ] D: findTrackIndexByPoint 1 QRect(0,111 3647x111) true QPointF(779,180)
[   136.79 ] D: mouseMove2
[   136.79 ] D: _automationChanging false
[   136.79 ] D: findTrackIndexByPoint 0 QRect(0,0 3647x111) false QPointF(794,180)
[   136.79 ] D: findTrackIndexByPoint 1 QRect(0,111 3647x111) true QPointF(794,180)
[   136.79 ] D: mouseMove2
[   136.79 ] D: _automationChanging false
[   136.79 ] D: findTrackIndexByPoint 0 QRect(0,0 3647x111) false QPointF(806,180)
[   136.79 ] D: findTrackIndexByPoint 1 QRect(0,111 3647x111) true QPointF(806,180)
[   136.79 ] D: mouseMove2
[   136.79 ] D: _automationChanging false
[   136.79 ] D: findTrackIndexByPoint 0 QRect(0,0 3647x111) false QPointF(818,180)
[   136.79 ] D: findTrackIndexByPoint 1 QRect(0,111 3647x111) true QPointF(818,180)
[   136.79 ] D: mouseMove2
[   136.81 ] D: createSelectedPoints 1 -1
[   136.81 ] D: createSelectedPoints 1 1 1 1
[   136.81 ] D: _automationChanging false
[   136.81 ] D: findTrackIndexByPoint 0 QRect(0,0 3647x111) false QPointF(960,178)
[   136.81 ] D: findTrackIndexByPoint 1 QRect(0,111 3647x111) true QPointF(960,178)
[   136.81 ] D: mouseMove2
[   136.82 ] D: _automationChanging false
[   136.82 ] D: findTrackIndexByPoint 0 QRect(0,0 3647x111) false QPointF(973,178)
[   136.82 ] D: findTrackIndexByPoint 1 QRect(0,111 3647x111) true QPointF(973,178)
[   136.82 ] D: mouseMove2
[   136.82 ] D: _automationChanging false
[   136.82 ] D: findTrackIndexByPoint 0 QRect(0,0 3647x111) false QPointF(982,177)
[   136.82 ] D: findTrackIndexByPoint 1 QRect(0,111 3647x111) true QPointF(982,177)
[   136.82 ] D: mouseMove2
[   136.83 ] D: _automationChanging false
[   136.83 ] D: findTrackIndexByPoint 0 QRect(0,0 3647x111) false QPointF(1038,174)
[   136.83 ] D: findTrackIndexByPoint 1 QRect(0,111 3647x111) true QPointF(1038,174)
[   136.83 ] D: mouseMove2
[   136.83 ] D: _automationChanging false
[   136.83 ] D: findTrackIndexByPoint 0 QRect(0,0 3647x111) false QPointF(1046,174)
[   136.83 ] D: findTrackIndexByPoint 1 QRect(0,111 3647x111) true QPointF(1046,174)
[   136.83 ] D: mouseMove2
[   136.83 ] D: _automationChanging false
[   136.83 ] D: findTrackIndexByPoint 0 QRect(0,0 3647x111) false QPointF(1052,174)
[   136.83 ] D: findTrackIndexByPoint 1 QRect(0,111 3647x111) true QPointF(1052,174)
[   136.83 ] D: mouseMove2
[   136.83 ] D: createSelectedPoints 1 -1
[   136.83 ] D: createSelectedPoints 1 1 1 1
[   136.84 ] D: _automationChanging false
[   136.84 ] D: findTrackIndexByPoint 0 QRect(0,0 3647x111) false QPointF(1059,174)
[   136.84 ] D: findTrackIndexByPoint 1 QRect(0,111 3647x111) true QPointF(1059,174)
[   136.84 ] D: mouseMove2
[   136.85 ] D: createSelectedPoints 1 -1
[   136.85 ] D: _automationChanging false
[   136.85 ] D: createSelectedPoints 1 1 1 1
[   136.85 ] D: findTrackIndexByPoint 0 QRect(0,0 3647x111) false QPointF(1106,174)
[   136.85 ] D: findTrackIndexByPoint 1 QRect(0,111 3647x111) true QPointF(1106,174)
[   136.85 ] D: mouseMove2
[   136.85 ] D: _automationChanging false
[   136.85 ] D: findTrackIndexByPoint 0 QRect(0,0 3647x111) false QPointF(1111,174)
[   136.85 ] D: findTrackIndexByPoint 1 QRect(0,111 3647x111) true QPointF(1111,174)
[   136.85 ] D: mouseMove2
[   136.86 ] D: _automationChanging false
[   136.86 ] D: findTrackIndexByPoint 0 QRect(0,0 3647x111) false QPointF(1116,174)
[   136.86 ] D: findTrackIndexByPoint 1 QRect(0,111 3647x111) true QPointF(1116,174)
[   136.86 ] D: mouseMove2
[   136.86 ] D: _automationChanging false
[   136.86 ] D: findTrackIndexByPoint 0 QRect(0,0 3647x111) false QPointF(1121,174)
[   136.86 ] D: findTrackIndexByPoint 1 QRect(0,111 3647x111) true QPointF(1121,174)
[   136.86 ] D: mouseMove2
[   136.87 ] D: _automationChanging false
[   136.87 ] D: findTrackIndexByPoint 0 QRect(0,0 3647x111) false QPointF(1153,178)
[   136.87 ] D: findTrackIndexByPoint 1 QRect(0,111 3647x111) true QPointF(1153,178)
[   136.87 ] D: mouseMove2
[   136.87 ] D: createSelectedPoints 1 -1
[   136.87 ] D: createSelectedPoints 1 1 1 1
[   136.87 ] D: _automationChanging false
[   136.87 ] D: findTrackIndexByPoint 0 QRect(0,0 3647x111) false QPointF(1158,178)
[   136.87 ] D: findTrackIndexByPoint 1 QRect(0,111 3647x111) true QPointF(1158,178)
[   136.87 ] D: mouseMove2
[   136.88 ] D: _automationChanging false
[   136.88 ] D: findTrackIndexByPoint 0 QRect(0,0 3647x111) false QPointF(1163,178)
[   136.88 ] D: findTrackIndexByPoint 1 QRect(0,111 3647x111) true QPointF(1163,178)
[   136.88 ] D: mouseMove2
[   136.88 ] D: _automationChanging false
[   136.88 ] D: findTrackIndexByPoint 0 QRect(0,0 3647x111) false QPointF(1167,179)
[   136.88 ] D: findTrackIndexByPoint 1 QRect(0,111 3647x111) true QPointF(1167,179)
[   136.88 ] D: mouseMove2
[   136.89 ] D: createSelectedPoints 1 -1
[   136.89 ] D: createSelectedPoints 1 1 1 1
[   136.89 ] D: _automationChanging false
[   136.89 ] D: findTrackIndexByPoint 0 QRect(0,0 3647x111) false QPointF(1198,183)
[   136.89 ] D: findTrackIndexByPoint 1 QRect(0,111 3647x111) true QPointF(1198,183)
[   136.89 ] D: mouseMove2
[   136.89 ] D: _automationChanging false
[   136.89 ] D: findTrackIndexByPoint 0 QRect(0,0 3647x111) false QPointF(1202,183)
[   136.89 ] D: findTrackIndexByPoint 1 QRect(0,111 3647x111) true QPointF(1202,183)
[   136.89 ] D: mouseMove2
[   136.90 ] D: _automationChanging false
[   136.90 ] D: findTrackIndexByPoint 0 QRect(0,0 3647x111) false QPointF(1205,184)
[   136.90 ] D: findTrackIndexByPoint 1 QRect(0,111 3647x111) true QPointF(1205,184)
[   136.90 ] D: mouseMove2
[   136.90 ] D: _automationChanging false
[   136.90 ] D: findTrackIndexByPoint 0 QRect(0,0 3647x111) false QPointF(1209,184)
[   136.90 ] D: findTrackIndexByPoint 1 QRect(0,111 3647x111) true QPointF(1209,184)
[   136.90 ] D: mouseMove2
[   136.91 ] D: _automationChanging false
[   136.91 ] D: findTrackIndexByPoint 0 QRect(0,0 3647x111) false QPointF(1230,187)
[   136.91 ] D: findTrackIndexByPoint 1 QRect(0,111 3647x111) true QPointF(1230,187)
[   136.91 ] D: mouseMove2
[   136.91 ] D: _automationChanging false
[   136.91 ] D: findTrackIndexByPoint 0 QRect(0,0 3647x111) false QPointF(1233,187)
[   136.91 ] D: findTrackIndexByPoint 1 QRect(0,111 3647x111) true QPointF(1233,187)
[   136.91 ] D: mouseMove2
[   136.91 ] D: createSelectedPoints 1 -1
[   136.91 ] D: createSelectedPoints 1 1 1 1
[   136.91 ] D: _automationChanging false
[   136.91 ] D: findTrackIndexByPoint 0 QRect(0,0 3647x111) false QPointF(1235,187)
[   136.91 ] D: findTrackIndexByPoint 1 QRect(0,111 3647x111) true QPointF(1235,187)
[   136.91 ] D: mouseMove2
[   136.92 ] D: _automationChanging false
[   136.92 ] D: findTrackIndexByPoint 0 QRect(0,0 3647x111) false QPointF(1238,188)
[   136.92 ] D: findTrackIndexByPoint 1 QRect(0,111 3647x111) true QPointF(1238,188)
[   136.92 ] D: mouseMove2
[   136.93 ] D: _automationChanging false
[   136.93 ] D: findTrackIndexByPoint 0 QRect(0,0 3647x111) false QPointF(1252,189)
[   136.93 ] D: findTrackIndexByPoint 1 QRect(0,111 3647x111) true QPointF(1252,189)
[   136.93 ] D: mouseMove2
[   136.93 ] D: _automationChanging false
[   136.93 ] D: findTrackIndexByPoint 0 QRect(0,0 3647x111) false QPointF(1255,189)
[   136.93 ] D: findTrackIndexByPoint 1 QRect(0,111 3647x111) true QPointF(1255,189)
[   136.93 ] D: mouseMove2
[   136.93 ] D: _automationChanging false
[   136.93 ] D: findTrackIndexByPoint 0 QRect(0,0 3647x111) false QPointF(1256,190)
[   136.93 ] D: findTrackIndexByPoint 1 QRect(0,111 3647x111) true QPointF(1256,190)
[   136.93 ] D: mouseMove2
[   136.95 ] D: _automationChanging false
[   136.95 ] D: findTrackIndexByPoint 0 QRect(0,0 3647x111) false QPointF(1264,190)
[   136.95 ] D: findTrackIndexByPoint 1 QRect(0,111 3647x111) true QPointF(1264,190)
[   136.95 ] D: mouseMove2
[   136.95 ] D: createSelectedPoints 1 -1
[   136.95 ] D: createSelectedPoints 1 1 1 1
[   136.95 ] D: _automationChanging false
[   136.95 ] D: findTrackIndexByPoint 0 QRect(0,0 3647x111) false QPointF(1264,191)
[   136.95 ] D: findTrackIndexByPoint 1 QRect(0,111 3647x111) true QPointF(1264,191)
[   136.95 ] D: mouseMove2
[   136.95 ] D: _automationChanging false
[   136.95 ] D: findTrackIndexByPoint 0 QRect(0,0 3647x111) false QPointF(1265,191)
[   136.95 ] D: findTrackIndexByPoint 1 QRect(0,111 3647x111) true QPointF(1265,191)
[   136.95 ] D: mouseMove2
[   136.95 ] D: _automationChanging false
[   136.95 ] D: findTrackIndexByPoint 0 QRect(0,0 3647x111) false QPointF(1266,191)
[   136.95 ] D: findTrackIndexByPoint 1 QRect(0,111 3647x111) true QPointF(1266,191)
[   136.95 ] D: mouseMove2
[   136.97 ] D: _automationChanging false
[   136.97 ] D: findTrackIndexByPoint 0 QRect(0,0 3647x111) false QPointF(1268,191)
[   136.97 ] D: findTrackIndexByPoint 1 QRect(0,111 3647x111) true QPointF(1268,191)
[   136.97 ] D: mouseMove2
[   137.46 ] D: findTrackIndexByPoint 0 QRect(0,0 3647x111) false QPointF(1348,176)
[   137.46 ] D: findTrackIndexByPoint 1 QRect(0,111 3647x111) true QPointF(1348,176)
[   137.48 ] D: createSelectedPoints 1 -1
[   137.73 ] D: findTrackIndexByPoint 0 QRect(0,0 3647x111) false QPointF(1395,180)
[   137.73 ] D: findTrackIndexByPoint 1 QRect(0,111 3647x111) true QPointF(1395,180)
[   137.75 ] D: createSelectedPoints 1 -1
[   137.79 ] D: _automationChanging false
[   137.79 ] D: findTrackIndexByPoint 0 QRect(0,0 3647x111) false QPointF(1358,173)
[   137.79 ] D: findTrackIndexByPoint 1 QRect(0,111 3647x111) true QPointF(1358,173)
[   137.79 ] D: mouseMove2
[   137.79 ] D: _automationChanging false
[   137.79 ] D: findTrackIndexByPoint 0 QRect(0,0 3647x111) false QPointF(1353,172)
[   137.79 ] D: findTrackIndexByPoint 1 QRect(0,111 3647x111) true QPointF(1353,172)
[   137.79 ] D: mouseMove2
[   137.79 ] D: _automationChanging false
[   137.79 ] D: findTrackIndexByPoint 0 QRect(0,0 3647x111) false QPointF(1346,171)
[   137.79 ] D: findTrackIndexByPoint 1 QRect(0,111 3647x111) true QPointF(1346,171)
[   137.79 ] D: mouseMove2
[   137.79 ] D: _automationChanging false
[   137.79 ] D: findTrackIndexByPoint 0 QRect(0,0 3647x111) false QPointF(1341,170)
[   137.79 ] D: findTrackIndexByPoint 1 QRect(0,111 3647x111) true QPointF(1341,170)
[   137.79 ] D: mouseMove2
[   137.80 ] D: _automationChanging false
[   137.80 ] D: findTrackIndexByPoint 0 QRect(0,0 3647x111) false QPointF(1321,168)
[   137.80 ] D: findTrackIndexByPoint 1 QRect(0,111 3647x111) true QPointF(1321,168)
[   137.80 ] D: mouseMove2
[   137.80 ] D: _automationChanging false
[   137.80 ] D: findTrackIndexByPoint 0 QRect(0,0 3647x111) false QPointF(1315,167)
[   137.80 ] D: findTrackIndexByPoint 1 QRect(0,111 3647x111) true QPointF(1315,167)
[   137.80 ] D: mouseMove2
[   137.80 ] D: createSelectedPoints 1 -1
[   137.80 ] D: createSelectedPoints 1 1 1 1
[   137.80 ] D: _automationChanging false
[   137.80 ] D: findTrackIndexByPoint 0 QRect(0,0 3647x111) false QPointF(1306,167)
[   137.80 ] D: findTrackIndexByPoint 1 QRect(0,111 3647x111) true QPointF(1306,167)
[   137.80 ] D: mouseMove2
[   137.80 ] D: _automationChanging false
[   137.80 ] D: findTrackIndexByPoint 0 QRect(0,0 3647x111) false QPointF(1300,165)
[   137.80 ] D: findTrackIndexByPoint 1 QRect(0,111 3647x111) true QPointF(1300,165)
[   137.80 ] D: mouseMove2
[   137.82 ] D: _automationChanging false
[   137.82 ] D: findTrackIndexByPoint 0 QRect(0,0 3647x111) false QPointF(1202,157)
[   137.82 ] D: findTrackIndexByPoint 1 QRect(0,111 3647x111) true QPointF(1202,157)
[   137.83 ] D: mouseMove2
[   137.83 ] D: _automationChanging false
[   137.83 ] D: findTrackIndexByPoint 0 QRect(0,0 3647x111) false QPointF(1192,156)
[   137.83 ] D: findTrackIndexByPoint 1 QRect(0,111 3647x111) true QPointF(1192,156)
[   137.83 ] D: mouseMove2
[   137.83 ] D: _automationChanging false
[   137.83 ] D: findTrackIndexByPoint 0 QRect(0,0 3647x111) false QPointF(1184,155)
[   137.83 ] D: findTrackIndexByPoint 1 QRect(0,111 3647x111) true QPointF(1184,155)
[   137.83 ] D: mouseMove2
[   137.83 ] D: createSelectedPoints 1 -1
[   137.83 ] D: createSelectedPoints 1 1 1 1
[   137.83 ] D: _automationChanging false
[   137.83 ] D: findTrackIndexByPoint 0 QRect(0,0 3647x111) false QPointF(1173,155)
[   137.83 ] D: findTrackIndexByPoint 1 QRect(0,111 3647x111) true QPointF(1173,155)
[   137.83 ] D: mouseMove2
[   137.85 ] D: createSelectedPoints 1 -1
[   137.85 ] D: _automationChanging false
[   137.85 ] D: createSelectedPoints 1 1 1 1
[   137.85 ] D: findTrackIndexByPoint 0 QRect(0,0 3647x111) false QPointF(1085,144)
[   137.85 ] D: findTrackIndexByPoint 1 QRect(0,111 3647x111) true QPointF(1085,144)
[   137.85 ] D: mouseMove2
[   137.85 ] D: _automationChanging false
[   137.85 ] D: findTrackIndexByPoint 0 QRect(0,0 3647x111) false QPointF(1075,142)
[   137.85 ] D: findTrackIndexByPoint 1 QRect(0,111 3647x111) true QPointF(1075,142)
[   137.85 ] D: mouseMove2
[   137.85 ] D: _automationChanging false
[   137.85 ] D: findTrackIndexByPoint 0 QRect(0,0 3647x111) false QPointF(1063,140)
[   137.85 ] D: findTrackIndexByPoint 1 QRect(0,111 3647x111) true QPointF(1063,140)
[   137.85 ] D: mouseMove2
[   137.87 ] D: _automationChanging false
[   137.87 ] D: createSelectedPoints 1 -1
[   137.87 ] D: findTrackIndexByPoint 0 QRect(0,0 3647x111) false QPointF(1055,139)
[   137.87 ] D: createSelectedPoints 1 1 1 1
[   137.87 ] D: findTrackIndexByPoint 1 QRect(0,111 3647x111) true QPointF(1055,139)
[   137.87 ] D: mouseMove2
[   137.87 ] D: _automationChanging false
[   137.87 ] D: findTrackIndexByPoint 0 QRect(0,0 3647x111) false QPointF(994,127)
[   137.87 ] D: findTrackIndexByPoint 1 QRect(0,111 3647x111) true QPointF(994,127)
[   137.87 ] D: mouseMove2
[   137.87 ] D: _automationChanging false
[   137.87 ] D: findTrackIndexByPoint 0 QRect(0,0 3647x111) false QPointF(984,126)
[   137.87 ] D: findTrackIndexByPoint 1 QRect(0,111 3647x111) true QPointF(984,126)
[   137.87 ] D: mouseMove2
[   137.87 ] D: _automationChanging false
[   137.87 ] D: findTrackIndexByPoint 0 QRect(0,0 3647x111) false QPointF(973,124)
[   137.87 ] D: findTrackIndexByPoint 1 QRect(0,111 3647x111) true QPointF(973,124)
[   137.87 ] D: mouseMove2
[   137.87 ] D: _automationChanging false
[   137.87 ] D: findTrackIndexByPoint 0 QRect(0,0 3647x111) false QPointF(965,121)
[   137.87 ] D: findTrackIndexByPoint 1 QRect(0,111 3647x111) true QPointF(965,121)
[   137.87 ] D: mouseMove2
[   137.88 ] D: _automationChanging false
[   137.88 ] D: findTrackIndexByPoint 0 QRect(0,0 3647x111) true QPointF(905,109)
[   137.88 ] D: mouseMove2
[   137.88 ] D: createSelectedPoints 1 -1
[   137.88 ] D: createSelectedPoints 1 1 1 1
[   137.88 ] D: _automationChanging false
[   137.88 ] D: findTrackIndexByPoint 0 QRect(0,0 3647x111) true QPointF(897,107)
[   137.88 ] D: mouseMove2
[   137.89 ] D: _automationChanging false
[   137.89 ] D: findTrackIndexByPoint 0 QRect(0,0 3647x111) true QPointF(887,104)
[   137.89 ] D: mouseMove2
[   137.89 ] D: _automationChanging false
[   137.89 ] D: findTrackIndexByPoint 0 QRect(0,0 3647x111) true QPointF(877,102)
[   137.89 ] D: mouseMove2
[   137.90 ] D: _automationChanging false
[   137.90 ] D: findTrackIndexByPoint 0 QRect(0,0 3647x111) true QPointF(817,87)
[   137.90 ] D: mouseMove2
[   137.90 ] D: _automationChanging false
[   137.90 ] D: findTrackIndexByPoint 0 QRect(0,0 3647x111) true QPointF(808,85)
[   137.90 ] D: mouseMove2
[   137.90 ] D: createSelectedPoints 1 -1
[   137.90 ] D: createSelectedPoints 1 1 1 1
[   137.91 ] D: _automationChanging false
[   137.91 ] D: findTrackIndexByPoint 0 QRect(0,0 3647x111) true QPointF(802,83)
[   137.91 ] D: mouseMove2
[   137.91 ] D: _automationChanging false
[   137.91 ] D: findTrackIndexByPoint 0 QRect(0,0 3647x111) true QPointF(793,81)
[   137.91 ] D: mouseMove2
[   137.92 ] D: createSelectedPoints 1 -1
[   137.92 ] D: createSelectedPoints 1 1 1 1
[   137.92 ] D: _automationChanging false
[   137.92 ] D: findTrackIndexByPoint 0 QRect(0,0 3647x111) true QPointF(743,72)
[   137.92 ] D: mouseMove2
[   137.93 ] D: _automationChanging false
[   137.93 ] D: findTrackIndexByPoint 0 QRect(0,0 3647x111) true QPointF(738,71)
[   137.93 ] D: mouseMove2
[   137.93 ] D: _automationChanging false
[   137.93 ] D: findTrackIndexByPoint 0 QRect(0,0 3647x111) true QPointF(731,70)
[   137.93 ] D: mouseMove2
[   137.94 ] D: _automationChanging false
[   137.94 ] D: findTrackIndexByPoint 0 QRect(0,0 3647x111) true QPointF(697,63)
[   137.94 ] D: mouseMove2
[   137.94 ] D: createSelectedPoints 1 -1
[   137.94 ] D: _automationChanging false
[   137.94 ] D: createSelectedPoints 1 1 1 1
[   137.94 ] D: findTrackIndexByPoint 0 QRect(0,0 3647x111) true QPointF(692,63)
[   137.94 ] D: mouseMove2
[   137.94 ] D: _automationChanging false
[   137.94 ] D: findTrackIndexByPoint 0 QRect(0,0 3647x111) true QPointF(686,62)
[   137.94 ] D: mouseMove2
[   137.95 ] D: _automationChanging false
[   137.95 ] D: findTrackIndexByPoint 0 QRect(0,0 3647x111) true QPointF(681,61)
[   137.95 ] D: mouseMove2
[   137.96 ] D: createSelectedPoints 1 -1
[   137.96 ] D: createSelectedPoints 1 1 1 1
[   137.96 ] D: _automationChanging false
[   137.96 ] D: findTrackIndexByPoint 0 QRect(0,0 3647x111) true QPointF(652,57)
[   137.96 ] D: mouseMove2
[   137.96 ] D: _automationChanging false
[   137.96 ] D: findTrackIndexByPoint 0 QRect(0,0 3647x111) true QPointF(649,57)
[   137.96 ] D: mouseMove2
[   137.96 ] D: _automationChanging false
[   137.96 ] D: findTrackIndexByPoint 0 QRect(0,0 3647x111) true QPointF(648,57)
[   137.96 ] D: mouseMove2
[   137.97 ] D: _automationChanging false
[   137.97 ] D: findTrackIndexByPoint 0 QRect(0,0 3647x111) true QPointF(645,57)
[   137.97 ] D: mouseMove2
[   137.98 ] D: _automationChanging false
[   137.98 ] D: findTrackIndexByPoint 0 QRect(0,0 3647x111) true QPointF(632,54)
[   137.98 ] D: mouseMove2
[   137.98 ] D: _automationChanging false
[   137.98 ] D: findTrackIndexByPoint 0 QRect(0,0 3647x111) true QPointF(631,54)
[   137.98 ] D: mouseMove2
[   137.98 ] D: _automationChanging false
[   137.98 ] D: findTrackIndexByPoint 0 QRect(0,0 3647x111) true QPointF(629,54)
[   137.98 ] D: mouseMove2
[   137.99 ] D: _automationChanging false
[   137.99 ] D: findTrackIndexByPoint 0 QRect(0,0 3647x111) true QPointF(628,53)
[   137.99 ] D: mouseMove2
[   137.99 ] D: createSelectedPoints 1 -1
[   137.99 ] D: createSelectedPoints 1 1 1 1
[   138.01 ] D: _automationChanging false
[   138.01 ] D: findTrackIndexByPoint 0 QRect(0,0 3647x111) true QPointF(619,51)
[   138.01 ] D: mouseMove2
[   138.01 ] D: _automationChanging false
[   138.01 ] D: findTrackIndexByPoint 0 QRect(0,0 3647x111) true QPointF(618,51)
[   138.01 ] D: mouseMove2
[   138.02 ] D: createSelectedPoints 1 -1
[   138.02 ] D: createSelectedPoints 1 1 1 1
[   138.03 ] D: _automationChanging false
[   138.03 ] D: findTrackIndexByPoint 0 QRect(0,0 3647x111) true QPointF(617,51)
[   138.03 ] D: mouseMove2
[   138.15 ] D: _automationChanging false
[   138.15 ] D: findTrackIndexByPoint 0 QRect(0,0 3647x111) true QPointF(616,51)
[   138.15 ] D: mouseMove2
[   138.16 ] D: _automationChanging false
[   138.16 ] D: findTrackIndexByPoint 0 QRect(0,0 3647x111) true QPointF(615,51)
[   138.16 ] D: mouseMove2
[   138.17 ] D: _automationChanging false
[   138.17 ] D: findTrackIndexByPoint 0 QRect(0,0 3647x111) true QPointF(613,53)
[   138.17 ] D: mouseMove2
[   138.17 ] D: _automationChanging false
[   138.17 ] D: findTrackIndexByPoint 0 QRect(0,0 3647x111) true QPointF(612,54)
[   138.17 ] D: mouseMove2
[   138.18 ] D: _automationChanging false
[   138.18 ] D: findTrackIndexByPoint 0 QRect(0,0 3647x111) true QPointF(611,54)
[   138.18 ] D: mouseMove2
[   138.19 ] D: _automationChanging false
[   138.19 ] D: findTrackIndexByPoint 0 QRect(0,0 3647x111) true QPointF(608,58)
[   138.19 ] D: mouseMove2
[   138.19 ] D: _automationChanging false
[   138.19 ] D: findTrackIndexByPoint 0 QRect(0,0 3647x111) true QPointF(607,59)
[   138.19 ] D: mouseMove2
[   138.19 ] D: _automationChanging false
[   138.19 ] D: findTrackIndexByPoint 0 QRect(0,0 3647x111) true QPointF(607,60)
[   138.19 ] D: mouseMove2
[   138.21 ] D: _automationChanging false
[   138.21 ] D: findTrackIndexByPoint 0 QRect(0,0 3647x111) true QPointF(604,65)
[   138.21 ] D: mouseMove2
[   138.21 ] D: _automationChanging false
[   138.21 ] D: findTrackIndexByPoint 0 QRect(0,0 3647x111) true QPointF(604,66)
[   138.21 ] D: mouseMove2
[   138.21 ] D: _automationChanging false
[   138.21 ] D: findTrackIndexByPoint 0 QRect(0,0 3647x111) true QPointF(604,67)
[   138.21 ] D: mouseMove2
[   138.23 ] D: _automationChanging false
[   138.23 ] D: findTrackIndexByPoint 0 QRect(0,0 3647x111) true QPointF(602,72)
[   138.23 ] D: mouseMove2
[   138.23 ] D: createSelectedPoints 1 -1
[   138.23 ] D: createSelectedPoints 1 1 1 1
[   138.23 ] D: _automationChanging false
[   138.23 ] D: findTrackIndexByPoint 0 QRect(0,0 3647x111) true QPointF(602,73)
[   138.23 ] D: mouseMove2
[   138.25 ] D: _automationChanging false
[   138.25 ] D: findTrackIndexByPoint 0 QRect(0,0 3647x111) true QPointF(601,77)
[   138.25 ] D: mouseMove2
[   138.25 ] D: _automationChanging false
[   138.25 ] D: findTrackIndexByPoint 0 QRect(0,0 3647x111) true QPointF(601,78)
[   138.25 ] D: mouseMove2
[   138.27 ] D: _automationChanging false
[   138.27 ] D: findTrackIndexByPoint 0 QRect(0,0 3647x111) true QPointF(601,82)
[   138.27 ] D: mouseMove2
[   138.27 ] D: _automationChanging false
[   138.27 ] D: findTrackIndexByPoint 0 QRect(0,0 3647x111) true QPointF(600,82)
[   138.27 ] D: mouseMove2
[   138.29 ] D: _automationChanging false
[   138.29 ] D: findTrackIndexByPoint 0 QRect(0,0 3647x111) true QPointF(600,85)
[   138.29 ] D: mouseMove2
[   138.29 ] D: _automationChanging false
[   138.29 ] D: findTrackIndexByPoint 0 QRect(0,0 3647x111) true QPointF(600,86)
[   138.29 ] D: mouseMove2
[   138.30 ] D: _automationChanging false
[   138.30 ] D: findTrackIndexByPoint 0 QRect(0,0 3647x111) true QPointF(599,89)
[   138.30 ] D: mouseMove2
[   138.31 ] D: _automationChanging false
[   138.31 ] D: findTrackIndexByPoint 0 QRect(0,0 3647x111) true QPointF(599,90)
[   138.31 ] D: mouseMove2
[   138.32 ] D: _automationChanging false
[   138.32 ] D: findTrackIndexByPoint 0 QRect(0,0 3647x111) true QPointF(598,93)
[   138.32 ] D: mouseMove2
[   138.32 ] D: _automationChanging false
[   138.32 ] D: findTrackIndexByPoint 0 QRect(0,0 3647x111) true QPointF(597,93)
[   138.32 ] D: mouseMove2
[   138.33 ] D: _automationChanging false
[   138.33 ] D: findTrackIndexByPoint 0 QRect(0,0 3647x111) true QPointF(597,94)
[   138.33 ] D: mouseMove2
[   138.35 ] D: _automationChanging false
[   138.35 ] D: findTrackIndexByPoint 0 QRect(0,0 3647x111) true QPointF(596,97)
[   138.35 ] D: mouseMove2
[   138.35 ] D: _automationChanging false
[   138.35 ] D: findTrackIndexByPoint 0 QRect(0,0 3647x111) true QPointF(595,98)
[   138.35 ] D: mouseMove2
[   138.36 ] D: _automationChanging false
[   138.36 ] D: findTrackIndexByPoint 0 QRect(0,0 3647x111) true QPointF(594,100)
[   138.36 ] D: mouseMove2
[   138.37 ] D: _automationChanging false
[   138.37 ] D: findTrackIndexByPoint 0 QRect(0,0 3647x111) true QPointF(593,100)
[   138.37 ] D: mouseMove2
[   138.38 ] D: _automationChanging false
[   138.38 ] D: findTrackIndexByPoint 0 QRect(0,0 3647x111) true QPointF(592,101)
[   138.38 ] D: mouseMove2
[   138.40 ] D: _automationChanging false
[   138.40 ] D: findTrackIndexByPoint 0 QRect(0,0 3647x111) true QPointF(590,102)
[   138.40 ] D: mouseMove2
[   138.40 ] D: _automationChanging false
[   138.40 ] D: findTrackIndexByPoint 0 QRect(0,0 3647x111) true QPointF(589,102)
[   138.40 ] D: mouseMove2
[   138.40 ] D: _automationChanging false
[   138.40 ] D: findTrackIndexByPoint 0 QRect(0,0 3647x111) true QPointF(589,103)
[   138.40 ] D: mouseMove2
[   138.42 ] D: _automationChanging false
[   138.42 ] D: findTrackIndexByPoint 0 QRect(0,0 3647x111) true QPointF(587,104)
[   138.42 ] D: mouseMove2
[   138.42 ] D: _automationChanging false
[   138.42 ] D: findTrackIndexByPoint 0 QRect(0,0 3647x111) true QPointF(586,104)
[   138.42 ] D: mouseMove2
[   138.44 ] D: _automationChanging false
[   138.44 ] D: findTrackIndexByPoint 0 QRect(0,0 3647x111) true QPointF(581,106)
[   138.44 ] D: mouseMove2
[   138.44 ] D: createSelectedPoints 1 -1
[   138.44 ] D: createSelectedPoints 1 1 1 1
[   138.44 ] D: _automationChanging false
[   138.44 ] D: findTrackIndexByPoint 0 QRect(0,0 3647x111) true QPointF(579,106)
[   138.44 ] D: mouseMove2
[   138.44 ] D: _automationChanging false
[   138.44 ] D: findTrackIndexByPoint 0 QRect(0,0 3647x111) true QPointF(578,106)
[   138.44 ] D: mouseMove2
[   138.46 ] D: _automationChanging false
[   138.46 ] D: findTrackIndexByPoint 0 QRect(0,0 3647x111) true QPointF(572,108)
[   138.46 ] D: mouseMove2
[   138.46 ] D: _automationChanging false
[   138.46 ] D: findTrackIndexByPoint 0 QRect(0,0 3647x111) true QPointF(571,108)
[   138.46 ] D: mouseMove2
[   138.47 ] D: _automationChanging false
[   138.48 ] D: findTrackIndexByPoint 0 QRect(0,0 3647x111) true QPointF(567,108)
[   138.48 ] D: mouseMove2
[   138.48 ] D: _automationChanging false
[   138.48 ] D: findTrackIndexByPoint 0 QRect(0,0 3647x111) true QPointF(566,108)
[   138.48 ] D: mouseMove2
[   138.48 ] D: _automationChanging false
[   138.48 ] D: findTrackIndexByPoint 0 QRect(0,0 3647x111) true QPointF(565,108)
[   138.48 ] D: mouseMove2
[   138.50 ] D: createSelectedPoints 1 -1
[   138.50 ] D: createSelectedPoints 1 1 1 1
[   138.50 ] D: _automationChanging false
[   138.50 ] D: findTrackIndexByPoint 0 QRect(0,0 3647x111) true QPointF(560,109)
[   138.50 ] D: mouseMove2
[   138.50 ] D: _automationChanging false
[   138.50 ] D: findTrackIndexByPoint 0 QRect(0,0 3647x111) true QPointF(559,109)
[   138.50 ] D: mouseMove2
[   138.50 ] D: _automationChanging false
[   138.50 ] D: findTrackIndexByPoint 0 QRect(0,0 3647x111) true QPointF(558,109)
[   138.50 ] D: mouseMove2
[   138.51 ] D: _automationChanging false
[   138.51 ] D: findTrackIndexByPoint 0 QRect(0,0 3647x111) true QPointF(555,109)
[   138.51 ] D: mouseMove2
[   138.51 ] D: _automationChanging false
[   138.51 ] D: findTrackIndexByPoint 0 QRect(0,0 3647x111) true QPointF(554,109)
[   138.51 ] D: mouseMove2
[   138.55 ] D: _automationChanging false
[   138.55 ] D: findTrackIndexByPoint 0 QRect(0,0 3647x111) true QPointF(548,109)
[   138.55 ] D: mouseMove2
[   138.55 ] D: _automationChanging false
[   138.55 ] D: findTrackIndexByPoint 0 QRect(0,0 3647x111) true QPointF(547,109)
[   138.55 ] D: mouseMove2
[   138.57 ] D: _automationChanging false
[   138.57 ] D: findTrackIndexByPoint 0 QRect(0,0 3647x111) true QPointF(545,109)
[   138.57 ] D: mouseMove2
[   138.57 ] D: createSelectedPoints 1 -1
[   138.57 ] D: createSelectedPoints 1 1 1 1
[   138.57 ] D: _automationChanging false
[   138.57 ] D: findTrackIndexByPoint 0 QRect(0,0 3647x111) true QPointF(544,109)
[   138.57 ] D: mouseMove2
[   138.59 ] D: _automationChanging false
[   138.59 ] D: findTrackIndexByPoint 0 QRect(0,0 3647x111) true QPointF(542,109)
[   138.59 ] D: mouseMove2
[   138.59 ] D: _automationChanging false
[   138.59 ] D: findTrackIndexByPoint 0 QRect(0,0 3647x111) true QPointF(541,110)
[   138.59 ] D: mouseMove2
[   138.61 ] D: _automationChanging false
[   138.61 ] D: findTrackIndexByPoint 0 QRect(0,0 3647x111) true QPointF(539,110)
[   138.61 ] D: mouseMove2
[   138.61 ] D: _automationChanging false
[   138.61 ] D: findTrackIndexByPoint 0 QRect(0,0 3647x111) true QPointF(538,110)
[   138.61 ] D: mouseMove2
[   138.61 ] D: _automationChanging false
[   138.61 ] D: findTrackIndexByPoint 0 QRect(0,0 3647x111) true QPointF(537,110)
[   138.61 ] D: mouseMove2
[   138.62 ] D: _automationChanging false
[   138.62 ] D: findTrackIndexByPoint 0 QRect(0,0 3647x111) true QPointF(536,110)
[   138.62 ] D: mouseMove2
[   138.63 ] D: _automationChanging false
[   138.63 ] D: findTrackIndexByPoint 0 QRect(0,0 3647x111) true QPointF(535,110)
[   138.63 ] D: mouseMove2
[   138.65 ] D: _automationChanging false
[   138.65 ] D: findTrackIndexByPoint 0 QRect(0,0 3647x111) true QPointF(534,110)
[   138.65 ] D: mouseMove2
[   138.65 ] D: _automationChanging false
[   138.65 ] D: findTrackIndexByPoint 0 QRect(0,0 3647x111) true QPointF(533,110)
[   138.65 ] D: mouseMove2
[   138.69 ] D: _automationChanging false
[   138.70 ] D: findTrackIndexByPoint 0 QRect(0,0 3647x111) true QPointF(531,110)
[   138.70 ] D: mouseMove2
[   138.70 ] D: _automationChanging false
[   138.70 ] D: findTrackIndexByPoint 0 QRect(0,0 3647x111) true QPointF(530,110)
[   138.70 ] D: mouseMove2
[   138.72 ] D: createSelectedPoints 1 -1
[   138.72 ] D: createSelectedPoints 1 1 1 1
[   138.72 ] D: _automationChanging false
[   138.72 ] D: findTrackIndexByPoint 0 QRect(0,0 3647x111) true QPointF(527,110)
[   138.72 ] D: mouseMove2
[   138.72 ] D: _automationChanging false
[   138.72 ] D: findTrackIndexByPoint 0 QRect(0,0 3647x111) true QPointF(526,110)
[   138.72 ] D: mouseMove2
[   138.72 ] D: _automationChanging false
[   138.72 ] D: findTrackIndexByPoint 0 QRect(0,0 3647x111) true QPointF(525,110)
[   138.72 ] D: mouseMove2
[   138.73 ] D: _automationChanging false
[   138.73 ] D: findTrackIndexByPoint 0 QRect(0,0 3647x111) false QPointF(522,111)
[   138.73 ] D: findTrackIndexByPoint 1 QRect(0,111 3647x111) true QPointF(522,111)
[   138.74 ] D: mouseMove2
[   138.74 ] D: inSelectedLineRETURN2
[   138.74 ] D: _automationChanging false
[   138.74 ] D: findTrackIndexByPoint 0 QRect(0,0 3647x111) false QPointF(521,111)
[   138.74 ] D: findTrackIndexByPoint 1 QRect(0,111 3647x111) true QPointF(521,111)
[   138.74 ] D: mouseMove2
[   138.75 ] D: _automationChanging false
[   138.75 ] D: findTrackIndexByPoint 0 QRect(0,0 3647x111) false QPointF(518,112)
[   138.75 ] D: findTrackIndexByPoint 1 QRect(0,111 3647x111) true QPointF(518,112)
[   138.75 ] D: mouseMove2
[   138.75 ] D: inSelectedLineRETURN2
[   138.77 ] D: inSelectedLineRETURN2
[   138.77 ] D: _automationChanging false
[   138.77 ] D: findTrackIndexByPoint 0 QRect(0,0 3647x111) false QPointF(515,112)
[   138.77 ] D: findTrackIndexByPoint 1 QRect(0,111 3647x111) true QPointF(515,112)
[   138.77 ] D: mouseMove2
[   138.77 ] D: _automationChanging false
[   138.77 ] D: findTrackIndexByPoint 0 QRect(0,0 3647x111) false QPointF(514,112)
[   138.77 ] D: findTrackIndexByPoint 1 QRect(0,111 3647x111) true QPointF(514,112)
[   138.77 ] D: mouseMove2
[   138.80 ] D: inSelectedLineRETURN2
[   139.00 ] D: _automationChanging false
[   139.00 ] D: findTrackIndexByPoint 0 QRect(0,0 3647x111) false QPointF(517,113)
[   139.00 ] D: findTrackIndexByPoint 1 QRect(0,111 3647x111) true QPointF(517,113)
[   139.00 ] D: mouseMove2
[   139.00 ] D: _automationChanging false
[   139.00 ] D: findTrackIndexByPoint 0 QRect(0,0 3647x111) false QPointF(517,114)
[   139.00 ] D: findTrackIndexByPoint 1 QRect(0,111 3647x111) true QPointF(517,114)
[   139.00 ] D: mouseMove2
[   139.02 ] D: inSelectedLineRETURN2
[   139.02 ] D: _automationChanging false
[   139.02 ] D: findTrackIndexByPoint 0 QRect(0,0 3647x111) false QPointF(519,115)
[   139.02 ] D: findTrackIndexByPoint 1 QRect(0,111 3647x111) true QPointF(519,115)
[   139.02 ] D: mouseMove2
[   139.05 ] D: inSelectedLineRETURN2
[   139.33 ] D: _automationChanging false
[   139.33 ] D: findTrackIndexByPoint 0 QRect(0,0 3647x111) false QPointF(518,115)
[   139.33 ] D: findTrackIndexByPoint 1 QRect(0,111 3647x111) true QPointF(518,115)
[   139.33 ] D: mouseMove2
[   139.35 ] D: _automationChanging false
[   139.35 ] D: findTrackIndexByPoint 0 QRect(0,0 3647x111) false QPointF(515,115)
[   139.35 ] D: findTrackIndexByPoint 1 QRect(0,111 3647x111) true QPointF(515,115)
[   139.35 ] D: mouseMove2
[   139.35 ] D: inSelectedLineRETURN2
[   139.37 ] D: inSelectedLineRETURN2
[   139.37 ] D: _automationChanging false
[   139.37 ] D: findTrackIndexByPoint 0 QRect(0,0 3647x111) false QPointF(512,115)
[   139.37 ] D: findTrackIndexByPoint 1 QRect(0,111 3647x111) true QPointF(512,115)
[   139.37 ] D: mouseMove2
[   139.37 ] D: _automationChanging false
[   139.37 ] D: findTrackIndexByPoint 0 QRect(0,0 3647x111) false QPointF(511,115)
[   139.37 ] D: findTrackIndexByPoint 1 QRect(0,111 3647x111) true QPointF(511,115)
[   139.37 ] D: mouseMove2
[   139.37 ] D: _automationChanging false
[   139.37 ] D: findTrackIndexByPoint 0 QRect(0,0 3647x111) false QPointF(511,114)
[   139.37 ] D: findTrackIndexByPoint 1 QRect(0,111 3647x111) true QPointF(511,114)
[   139.37 ] D: mouseMove2
[   139.38 ] D: _automationChanging false
[   139.38 ] D: findTrackIndexByPoint 0 QRect(0,0 3647x111) false QPointF(507,111)
[   139.38 ] D: findTrackIndexByPoint 1 QRect(0,111 3647x111) true QPointF(507,111)
[   139.38 ] D: mouseMove2
[   139.39 ] D: createSelectedPoints 1 -1
[   139.39 ] D: inSelectedLineRETURN2
[   139.39 ] D: _automationChanging false
[   139.39 ] D: findTrackIndexByPoint 0 QRect(0,0 3647x111) false QPointF(506,111)
[   139.39 ] D: findTrackIndexByPoint 1 QRect(0,111 3647x111) true QPointF(506,111)
[   139.39 ] D: mouseMove2
[   139.40 ] D: _automationChanging false
[   139.41 ] D: findTrackIndexByPoint 0 QRect(0,0 3647x111) true QPointF(503,108)
[   139.41 ] D: mouseMove2
[   139.41 ] D: inSelectedLineRETURN3
[   139.41 ] D: _automationChanging false
[   139.41 ] D: findTrackIndexByPoint 0 QRect(0,0 3647x111) true QPointF(503,107)
[   139.41 ] D: mouseMove2
[   139.43 ] D: inSelectedLineRETURN3
[   139.43 ] D: _automationChanging false
[   139.43 ] D: findTrackIndexByPoint 0 QRect(0,0 3647x111) true QPointF(501,106)
[   139.43 ] D: mouseMove2
[   139.43 ] D: _automationChanging false
[   139.43 ] D: findTrackIndexByPoint 0 QRect(0,0 3647x111) true QPointF(500,106)
[   139.43 ] D: mouseMove2
[   139.45 ] D: _automationChanging false
[   139.45 ] D: findTrackIndexByPoint 0 QRect(0,0 3647x111) true QPointF(500,105)
[   139.45 ] D: mouseMove2
[   139.45 ] D: inSelectedLineRETURN3
[   139.47 ] D: _automationChanging false
[   139.47 ] D: findTrackIndexByPoint 0 QRect(0,0 3647x111) true QPointF(498,105)
[   139.47 ] D: mouseMove2
[   139.47 ] D: _automationChanging false
[   139.47 ] D: findTrackIndexByPoint 0 QRect(0,0 3647x111) true QPointF(497,105)
[   139.47 ] D: mouseMove2
[   139.47 ] D: inSelectedLineRETURN3
[   139.47 ] D: _automationChanging false
[   139.47 ] D: findTrackIndexByPoint 0 QRect(0,0 3647x111) true QPointF(496,105)
[   139.47 ] D: mouseMove2
[   139.49 ] D: inSelectedLineRETURN3
[   139.49 ] D: _automationChanging false
[   139.49 ] D: findTrackIndexByPoint 0 QRect(0,0 3647x111) true QPointF(493,103)
[   139.49 ] D: mouseMove2
[   139.49 ] D: _automationChanging false
[   139.49 ] D: findTrackIndexByPoint 0 QRect(0,0 3647x111) true QPointF(492,103)
[   139.49 ] D: mouseMove2
[   139.50 ] D: _automationChanging false
[   139.50 ] D: findTrackIndexByPoint 0 QRect(0,0 3647x111) true QPointF(487,103)
[   139.50 ] D: mouseMove2
[   139.51 ] D: createSelectedPoints 1 -1
[   139.51 ] D: _automationChanging false
[   139.51 ] D: createSelectedPoints 1 1 1 1
[   139.51 ] D: findTrackIndexByPoint 0 QRect(0,0 3647x111) true QPointF(487,102)
[   139.51 ] D: mouseMove2
[   139.51 ] D: _automationChanging false
[   139.51 ] D: findTrackIndexByPoint 0 QRect(0,0 3647x111) true QPointF(486,102)
[   139.51 ] D: mouseMove2
[   139.53 ] D: _automationChanging false
[   139.53 ] D: findTrackIndexByPoint 0 QRect(0,0 3647x111) true QPointF(481,101)
[   139.53 ] D: mouseMove2
[   139.53 ] D: _automationChanging false
[   139.53 ] D: findTrackIndexByPoint 0 QRect(0,0 3647x111) true QPointF(480,101)
[   139.53 ] D: mouseMove2
[   139.53 ] D: _automationChanging false
[   139.53 ] D: findTrackIndexByPoint 0 QRect(0,0 3647x111) true QPointF(479,101)
[   139.53 ] D: mouseMove2
[   139.55 ] D: _automationChanging false
[   139.55 ] D: findTrackIndexByPoint 0 QRect(0,0 3647x111) true QPointF(474,101)
[   139.55 ] D: mouseMove2
[   139.55 ] D: createSelectedPoints 1 -1
[   139.55 ] D: createSelectedPoints 1 1 1 1
[   139.55 ] D: _automationChanging false
[   139.55 ] D: findTrackIndexByPoint 0 QRect(0,0 3647x111) true QPointF(473,101)
[   139.55 ] D: mouseMove2
[   139.57 ] D: _automationChanging false
[   139.57 ] D: findTrackIndexByPoint 0 QRect(0,0 3647x111) true QPointF(469,101)
[   139.57 ] D: mouseMove2
[   139.57 ] D: _automationChanging false
[   139.57 ] D: findTrackIndexByPoint 0 QRect(0,0 3647x111) true QPointF(469,100)
[   139.57 ] D: mouseMove2
[   139.57 ] D: _automationChanging false
[   139.57 ] D: findTrackIndexByPoint 0 QRect(0,0 3647x111) true QPointF(468,100)
[   139.57 ] D: mouseMove2
[   139.60 ] D: _automationChanging false
[   139.60 ] D: findTrackIndexByPoint 0 QRect(0,0 3647x111) true QPointF(463,99)
[   139.60 ] D: mouseMove2
[   139.60 ] D: _automationChanging false
[   139.60 ] D: findTrackIndexByPoint 0 QRect(0,0 3647x111) true QPointF(462,98)
[   139.60 ] D: mouseMove2
[   139.62 ] D: _automationChanging false
[   139.62 ] D: findTrackIndexByPoint 0 QRect(0,0 3647x111) true QPointF(460,98)
[   139.62 ] D: mouseMove2
[   139.62 ] D: _automationChanging false
[   139.62 ] D: findTrackIndexByPoint 0 QRect(0,0 3647x111) true QPointF(459,97)
[   139.62 ] D: mouseMove2
[   139.64 ] D: _automationChanging false
[   139.64 ] D: findTrackIndexByPoint 0 QRect(0,0 3647x111) true QPointF(457,96)
[   139.64 ] D: mouseMove2
[   139.64 ] D: _automationChanging false
[   139.64 ] D: findTrackIndexByPoint 0 QRect(0,0 3647x111) true QPointF(457,95)
[   139.64 ] D: mouseMove2
[   139.64 ] D: createSelectedPoints 1 -1
[   139.64 ] D: createSelectedPoints 1 1 1 1
[   139.64 ] D: _automationChanging false
[   139.64 ] D: findTrackIndexByPoint 0 QRect(0,0 3647x111) true QPointF(456,94)
[   139.64 ] D: mouseMove2
[   139.66 ] D: _automationChanging false
[   139.66 ] D: findTrackIndexByPoint 0 QRect(0,0 3647x111) true QPointF(452,92)
[   139.66 ] D: mouseMove2
[   139.66 ] D: _automationChanging false
[   139.66 ] D: findTrackIndexByPoint 0 QRect(0,0 3647x111) true QPointF(451,91)
[   139.66 ] D: mouseMove2
[   139.66 ] D: _automationChanging false
[   139.66 ] D: findTrackIndexByPoint 0 QRect(0,0 3647x111) true QPointF(451,90)
[   139.66 ] D: mouseMove2
[   139.68 ] D: _automationChanging false
[   139.68 ] D: findTrackIndexByPoint 0 QRect(0,0 3647x111) true QPointF(447,87)
[   139.68 ] D: mouseMove2
[   139.68 ] D: _automationChanging false
[   139.68 ] D: findTrackIndexByPoint 0 QRect(0,0 3647x111) true QPointF(446,86)
[   139.68 ] D: mouseMove2
[   139.68 ] D: _automationChanging false
[   139.68 ] D: findTrackIndexByPoint 0 QRect(0,0 3647x111) true QPointF(446,85)
[   139.68 ] D: mouseMove2
[   139.71 ] D: _automationChanging false
[   139.71 ] D: findTrackIndexByPoint 0 QRect(0,0 3647x111) true QPointF(440,79)
[   139.71 ] D: mouseMove2
[   139.71 ] D: createSelectedPoints 1 -1
[   139.71 ] D: createSelectedPoints 1 1 1 1
[   139.71 ] D: _automationChanging false
[   139.71 ] D: findTrackIndexByPoint 0 QRect(0,0 3647x111) true QPointF(439,79)
[   139.71 ] D: mouseMove2
[   139.73 ] D: _automationChanging false
[   139.73 ] D: findTrackIndexByPoint 0 QRect(0,0 3647x111) true QPointF(437,76)
[   139.73 ] D: mouseMove2
[   139.73 ] D: _automationChanging false
[   139.73 ] D: findTrackIndexByPoint 0 QRect(0,0 3647x111) true QPointF(437,75)
[   139.73 ] D: mouseMove2
[   139.74 ] D: _automationChanging false
[   139.74 ] D: findTrackIndexByPoint 0 QRect(0,0 3647x111) true QPointF(436,75)
[   139.74 ] D: mouseMove2
[   139.75 ] D: _automationChanging false
[   139.75 ] D: findTrackIndexByPoint 0 QRect(0,0 3647x111) true QPointF(436,73)
[   139.75 ] D: mouseMove2
[   139.75 ] D: _automationChanging false
[   139.75 ] D: findTrackIndexByPoint 0 QRect(0,0 3647x111) true QPointF(435,73)
[   139.75 ] D: mouseMove2
[   139.77 ] D: _automationChanging false
[   139.77 ] D: findTrackIndexByPoint 0 QRect(0,0 3647x111) true QPointF(433,71)
[   139.77 ] D: mouseMove2
[   139.77 ] D: _automationChanging false
[   139.77 ] D: findTrackIndexByPoint 0 QRect(0,0 3647x111) true QPointF(433,70)
[   139.77 ] D: mouseMove2
[   139.79 ] D: _automationChanging false
[   139.79 ] D: findTrackIndexByPoint 0 QRect(0,0 3647x111) true QPointF(432,68)
[   139.79 ] D: mouseMove2
[   139.79 ] D: _automationChanging false
[   139.79 ] D: findTrackIndexByPoint 0 QRect(0,0 3647x111) true QPointF(431,67)
[   139.79 ] D: mouseMove2
[   139.82 ] D: _automationChanging false
[   139.82 ] D: findTrackIndexByPoint 0 QRect(0,0 3647x111) true QPointF(429,62)
[   139.82 ] D: mouseMove2
[   139.84 ] D: _automationChanging false
[   139.84 ] D: findTrackIndexByPoint 0 QRect(0,0 3647x111) true QPointF(427,58)
[   139.84 ] D: mouseMove2
[   139.85 ] D: _automationChanging false
[   139.85 ] D: findTrackIndexByPoint 0 QRect(0,0 3647x111) true QPointF(427,57)
[   139.85 ] D: mouseMove2
[   139.86 ] D: _automationChanging false
[   139.86 ] D: findTrackIndexByPoint 0 QRect(0,0 3647x111) true QPointF(425,55)
[   139.86 ] D: mouseMove2
[   139.87 ] D: _automationChanging false
[   139.87 ] D: findTrackIndexByPoint 0 QRect(0,0 3647x111) true QPointF(425,54)
[   139.87 ] D: mouseMove2
[   139.88 ] D: _automationChanging false
[   139.89 ] D: findTrackIndexByPoint 0 QRect(0,0 3647x111) true QPointF(424,54)
[   139.89 ] D: mouseMove2
[   139.89 ] D: _automationChanging false
[   139.89 ] D: findTrackIndexByPoint 0 QRect(0,0 3647x111) true QPointF(423,52)
[   139.89 ] D: mouseMove2
[   139.90 ] D: _automationChanging false
[   139.91 ] D: findTrackIndexByPoint 0 QRect(0,0 3647x111) true QPointF(422,51)
[   139.91 ] D: mouseMove2
[   139.91 ] D: createSelectedPoints 1 -1
[   139.91 ] D: createSelectedPoints 1 1 1 1
[   139.91 ] D: _automationChanging false
[   139.91 ] D: findTrackIndexByPoint 0 QRect(0,0 3647x111) true QPointF(421,50)
[   139.91 ] D: mouseMove2
[   139.92 ] D: _automationChanging false
[   139.92 ] D: findTrackIndexByPoint 0 QRect(0,0 3647x111) true QPointF(421,49)
[   139.92 ] D: mouseMove2
[   139.93 ] D: _automationChanging false
[   139.93 ] D: findTrackIndexByPoint 0 QRect(0,0 3647x111) true QPointF(420,49)
[   139.93 ] D: mouseMove2
[   139.95 ] D: _automationChanging false
[   139.95 ] D: findTrackIndexByPoint 0 QRect(0,0 3647x111) true QPointF(418,45)
[   139.95 ] D: mouseMove2
[   139.95 ] D: _automationChanging false
[   139.95 ] D: findTrackIndexByPoint 0 QRect(0,0 3647x111) true QPointF(417,44)
[   139.95 ] D: mouseMove2
[   139.95 ] D: _automationChanging false
[   139.95 ] D: findTrackIndexByPoint 0 QRect(0,0 3647x111) true QPointF(417,43)
[   139.95 ] D: mouseMove2
[   139.97 ] D: _automationChanging false
[   139.97 ] D: findTrackIndexByPoint 0 QRect(0,0 3647x111) true QPointF(414,39)
[   139.97 ] D: mouseMove2
[   139.97 ] D: _automationChanging false
[   139.97 ] D: findTrackIndexByPoint 0 QRect(0,0 3647x111) true QPointF(414,38)
[   139.97 ] D: mouseMove2
[   139.99 ] D: _automationChanging false
[   139.99 ] D: findTrackIndexByPoint 0 QRect(0,0 3647x111) true QPointF(412,35)
[   139.99 ] D: mouseMove2
[   139.99 ] D: _automationChanging false
[   139.99 ] D: findTrackIndexByPoint 0 QRect(0,0 3647x111) true QPointF(412,34)
[   139.99 ] D: mouseMove2
[   140.01 ] D: _automationChanging false
[   140.01 ] D: findTrackIndexByPoint 0 QRect(0,0 3647x111) true QPointF(411,34)
[   140.01 ] D: mouseMove2
[   140.01 ] D: _automationChanging false
[   140.01 ] D: findTrackIndexByPoint 0 QRect(0,0 3647x111) true QPointF(410,33)
[   140.01 ] D: mouseMove2
[   140.03 ] D: _automationChanging false
[   140.03 ] D: findTrackIndexByPoint 0 QRect(0,0 3647x111) true QPointF(410,32)
[   140.03 ] D: mouseMove2
[   140.03 ] D: _automationChanging false
[   140.03 ] D: findTrackIndexByPoint 0 QRect(0,0 3647x111) true QPointF(409,32)
[   140.03 ] D: mouseMove2
[   140.05 ] D: _automationChanging false
[   140.05 ] D: findTrackIndexByPoint 0 QRect(0,0 3647x111) true QPointF(408,30)
[   140.05 ] D: mouseMove2
[   140.08 ] D: _automationChanging false
[   140.08 ] D: findTrackIndexByPoint 0 QRect(0,0 3647x111) true QPointF(407,28)
[   140.08 ] D: mouseMove2
[   140.10 ] D: _automationChanging false
[   140.10 ] D: findTrackIndexByPoint 0 QRect(0,0 3647x111) true QPointF(407,27)
[   140.10 ] D: mouseMove2
[   140.12 ] D: inSelectedLineRETURN2
[   140.12 ] D: _automationChanging false
[   140.12 ] D: findTrackIndexByPoint 0 QRect(0,0 3647x111) true QPointF(406,27)
[   140.12 ] D: mouseMove2
[   140.12 ] D: _automationChanging false
[   140.12 ] D: findTrackIndexByPoint 0 QRect(0,0 3647x111) true QPointF(405,27)
[   140.12 ] D: mouseMove2
[   140.13 ] D: _automationChanging false
[   140.13 ] D: findTrackIndexByPoint 0 QRect(0,0 3647x111) true QPointF(405,25)
[   140.13 ] D: mouseMove2
[   140.14 ] D: inSelectedLineRETURN2
[   140.14 ] D: _automationChanging false
[   140.14 ] D: findTrackIndexByPoint 0 QRect(0,0 3647x111) true QPointF(404,24)
[   140.14 ] D: mouseMove2
[   140.14 ] D: _automationChanging false
[   140.14 ] D: findTrackIndexByPoint 0 QRect(0,0 3647x111) true QPointF(404,23)
[   140.14 ] D: mouseMove2
[   140.16 ] D: _automationChanging false
[   140.16 ] D: findTrackIndexByPoint 0 QRect(0,0 3647x111) true QPointF(403,21)
[   140.16 ] D: mouseMove2
[   140.16 ] D: createSelectedPoints 1 -1
[   140.16 ] D: inSelectedLineRETURN2
[   140.16 ] D: _automationChanging false
[   140.16 ] D: findTrackIndexByPoint 0 QRect(0,0 3647x111) true QPointF(402,21)
[   140.16 ] D: mouseMove2
[   140.17 ] D: inSelectedLineRETURN2
[   140.17 ] D: _automationChanging false
[   140.17 ] D: findTrackIndexByPoint 0 QRect(0,0 3647x111) true QPointF(401,19)
[   140.18 ] D: mouseMove2
[   140.18 ] D: _automationChanging false
[   140.18 ] D: findTrackIndexByPoint 0 QRect(0,0 3647x111) true QPointF(401,18)
[   140.18 ] D: mouseMove2
[   140.20 ] D: _automationChanging false
[   140.20 ] D: findTrackIndexByPoint 0 QRect(0,0 3647x111) true QPointF(400,16)
[   140.20 ] D: mouseMove2
[   140.20 ] D: inSelectedLineRETURN2
[   140.20 ] D: _automationChanging false
[   140.20 ] D: findTrackIndexByPoint 0 QRect(0,0 3647x111) true QPointF(400,15)
[   140.20 ] D: mouseMove2
[   140.22 ] D: _automationChanging false
[   140.22 ] D: findTrackIndexByPoint 0 QRect(0,0 3647x111) true QPointF(399,12)
[   140.22 ] D: mouseMove2
[   140.22 ] D: inSelectedLineRETURN2
[   140.23 ] D: inSelectedLineRETURN2
[   140.24 ] D: _automationChanging false
[   140.24 ] D: findTrackIndexByPoint 0 QRect(0,0 3647x111) true QPointF(399,10)
[   140.24 ] D: mouseMove2
[   140.24 ] D: _automationChanging false
[   140.24 ] D: findTrackIndexByPoint 0 QRect(0,0 3647x111) true QPointF(398,10)
[   140.24 ] D: mouseMove2
[   140.24 ] D: _automationChanging false
[   140.24 ] D: findTrackIndexByPoint 0 QRect(0,0 3647x111) true QPointF(398,9)
[   140.24 ] D: mouseMove2
[   140.25 ] D: _automationChanging false
[   140.25 ] D: findTrackIndexByPoint 0 QRect(0,0 3647x111) true QPointF(397,8)
[   140.25 ] D: mouseMove2
[   140.25 ] D: inSelectedLineRETURN2
[   140.27 ] D: inSelectedLineRETURN2
[   140.27 ] D: _automationChanging false
[   140.27 ] D: findTrackIndexByPoint 0 QRect(0,0 3647x111) true QPointF(397,6)
[   140.27 ] D: mouseMove2
[   140.29 ] D: _automationChanging false
[   140.29 ] D: findTrackIndexByPoint 0 QRect(0,0 3647x111) true QPointF(397,5)
[   140.29 ] D: mouseMove2
[   140.29 ] D: inSelectedLineRETURN2
[   140.29 ] D: _automationChanging false
[   140.29 ] D: findTrackIndexByPoint 0 QRect(0,0 3647x111) true QPointF(396,5)
[   140.29 ] D: mouseMove2
[   140.31 ] D: _automationChanging false
[   140.31 ] D: findTrackIndexByPoint 0 QRect(0,0 3647x111) true QPointF(396,4)
[   140.31 ] D: mouseMove2
[   140.31 ] D: inSelectedLineRETURN2
[   140.33 ] D: inSelectedLineRETURN2
[   140.33 ] D: _automationChanging false
[   140.33 ] D: findTrackIndexByPoint 0 QRect(0,0 3647x111) true QPointF(395,4)
[   140.33 ] D: mouseMove2
[   140.35 ] D: _automationChanging false
[   140.35 ] D: findTrackIndexByPoint 0 QRect(0,0 3647x111) true QPointF(395,3)
[   140.35 ] D: mouseMove2
[   140.35 ] D: inSelectedLineRETURN2
[   140.37 ] D: inSelectedLineRETURN2
[   140.86 ] D: _automationChanging false
[   140.86 ] D: findTrackIndexByPoint 0 QRect(0,0 3647x111) true QPointF(395,4)
[   140.86 ] D: mouseMove2
[   140.86 ] D: _automationChanging false
[   140.86 ] D: findTrackIndexByPoint 0 QRect(0,0 3647x111) true QPointF(400,16)
[   140.86 ] D: mouseMove2
[   140.86 ] D: _automationChanging false
[   140.86 ] D: findTrackIndexByPoint 0 QRect(0,0 3647x111) true QPointF(400,17)
[   140.86 ] D: mouseMove2
[   140.86 ] D: _automationChanging false
[   140.86 ] D: findTrackIndexByPoint 0 QRect(0,0 3647x111) true QPointF(401,18)
[   140.86 ] D: mouseMove2
[   140.87 ] D: _automationChanging false
[   140.87 ] D: findTrackIndexByPoint 0 QRect(0,0 3647x111) true QPointF(402,20)
[   140.87 ] D: mouseMove2
[   140.88 ] D: _automationChanging false
[   140.88 ] D: findTrackIndexByPoint 0 QRect(0,0 3647x111) true QPointF(405,28)
[   140.88 ] D: mouseMove2
[   140.88 ] D: createSelectedPoints 1 -1
[   140.88 ] D: createSelectedPoints 1 1 1 1
[   140.88 ] D: _automationChanging false
[   140.88 ] D: findTrackIndexByPoint 0 QRect(0,0 3647x111) true QPointF(405,29)
[   140.88 ] D: mouseMove2
[   140.88 ] D: _automationChanging false
[   140.88 ] D: findTrackIndexByPoint 0 QRect(0,0 3647x111) true QPointF(406,30)
[   140.88 ] D: mouseMove2
[   140.90 ] D: _automationChanging false
[   140.90 ] D: findTrackIndexByPoint 0 QRect(0,0 3647x111) true QPointF(410,38)
[   140.90 ] D: mouseMove2
[   140.90 ] D: _automationChanging false
[   140.90 ] D: findTrackIndexByPoint 0 QRect(0,0 3647x111) true QPointF(411,38)
[   140.90 ] D: mouseMove2
[   140.90 ] D: _automationChanging false
[   140.90 ] D: findTrackIndexByPoint 0 QRect(0,0 3647x111) true QPointF(411,39)
[   140.90 ] D: mouseMove2
[   140.90 ] D: _automationChanging false
[   140.90 ] D: findTrackIndexByPoint 0 QRect(0,0 3647x111) true QPointF(412,40)
[   140.90 ] D: mouseMove2
[   140.92 ] D: _automationChanging false
[   140.92 ] D: findTrackIndexByPoint 0 QRect(0,0 3647x111) true QPointF(414,45)
[   140.92 ] D: mouseMove2
[   140.92 ] D: _automationChanging false
[   140.92 ] D: findTrackIndexByPoint 0 QRect(0,0 3647x111) true QPointF(415,46)
[   140.92 ] D: mouseMove2
[   140.92 ] D: _automationChanging false
[   140.92 ] D: findTrackIndexByPoint 0 QRect(0,0 3647x111) true QPointF(415,47)
[   140.92 ] D: mouseMove2
[   140.92 ] D: _automationChanging false
[   140.92 ] D: findTrackIndexByPoint 0 QRect(0,0 3647x111) true QPointF(416,47)
[   140.92 ] D: mouseMove2
[   140.94 ] D: _automationChanging false
[   140.94 ] D: findTrackIndexByPoint 0 QRect(0,0 3647x111) true QPointF(420,53)
[   140.94 ] D: mouseMove2
[   140.94 ] D: _automationChanging false
[   140.94 ] D: findTrackIndexByPoint 0 QRect(0,0 3647x111) true QPointF(421,54)
[   140.94 ] D: mouseMove2
[   140.96 ] D: _automationChanging false
[   140.96 ] D: findTrackIndexByPoint 0 QRect(0,0 3647x111) true QPointF(424,58)
[   140.96 ] D: mouseMove2
[   140.96 ] D: _automationChanging false
[   140.96 ] D: findTrackIndexByPoint 0 QRect(0,0 3647x111) true QPointF(425,58)
[   140.96 ] D: mouseMove2
[   140.96 ] D: _automationChanging false
[   140.96 ] D: findTrackIndexByPoint 0 QRect(0,0 3647x111) true QPointF(425,59)
[   140.96 ] D: mouseMove2
[   140.98 ] D: _automationChanging false
[   140.98 ] D: findTrackIndexByPoint 0 QRect(0,0 3647x111) true QPointF(427,62)
[   140.98 ] D: mouseMove2
[   140.98 ] D: createSelectedPoints 1 -1
[   140.98 ] D: createSelectedPoints 1 1 1 1
[   140.98 ] D: _automationChanging false
[   140.98 ] D: findTrackIndexByPoint 0 QRect(0,0 3647x111) true QPointF(428,62)
[   140.98 ] D: mouseMove2
[   140.98 ] D: _automationChanging false
[   140.98 ] D: findTrackIndexByPoint 0 QRect(0,0 3647x111) true QPointF(429,62)
[   140.98 ] D: mouseMove2
[   141.00 ] D: _automationChanging false
[   141.00 ] D: findTrackIndexByPoint 0 QRect(0,0 3647x111) true QPointF(432,65)
[   141.00 ] D: mouseMove2
[   141.00 ] D: _automationChanging false
[   141.00 ] D: findTrackIndexByPoint 0 QRect(0,0 3647x111) true QPointF(433,66)
[   141.00 ] D: mouseMove2
[   141.01 ] D: _automationChanging false
[   141.01 ] D: findTrackIndexByPoint 0 QRect(0,0 3647x111) true QPointF(435,67)
[   141.01 ] D: mouseMove2
[   141.01 ] D: _automationChanging false
[   141.01 ] D: findTrackIndexByPoint 0 QRect(0,0 3647x111) true QPointF(435,68)
[   141.01 ] D: mouseMove2
[   141.02 ] D: _automationChanging false
[   141.02 ] D: findTrackIndexByPoint 0 QRect(0,0 3647x111) true QPointF(436,68)
[   141.02 ] D: mouseMove2
[   141.03 ] D: _automationChanging false
[   141.04 ] D: findTrackIndexByPoint 0 QRect(0,0 3647x111) true QPointF(440,71)
[   141.04 ] D: mouseMove2
[   141.04 ] D: _automationChanging false
[   141.04 ] D: findTrackIndexByPoint 0 QRect(0,0 3647x111) true QPointF(441,72)
[   141.04 ] D: mouseMove2
[   141.04 ] D: _automationChanging false
[   141.04 ] D: findTrackIndexByPoint 0 QRect(0,0 3647x111) true QPointF(443,73)
[   141.04 ] D: mouseMove2
[   141.05 ] D: createSelectedPoints 1 -1
[   141.05 ] D: createSelectedPoints 1 1 1 1
[   141.05 ] D: _automationChanging false
[   141.05 ] D: findTrackIndexByPoint 0 QRect(0,0 3647x111) true QPointF(447,76)
[   141.05 ] D: mouseMove2
[   141.05 ] D: _automationChanging false
[   141.05 ] D: findTrackIndexByPoint 0 QRect(0,0 3647x111) true QPointF(448,76)
[   141.05 ] D: mouseMove2
[   141.05 ] D: _automationChanging false
[   141.05 ] D: findTrackIndexByPoint 0 QRect(0,0 3647x111) true QPointF(449,77)
[   141.05 ] D: mouseMove2
[   141.06 ] D: _automationChanging false
[   141.06 ] D: findTrackIndexByPoint 0 QRect(0,0 3647x111) true QPointF(450,78)
[   141.06 ] D: mouseMove2
[   141.07 ] D: _automationChanging false
[   141.07 ] D: findTrackIndexByPoint 0 QRect(0,0 3647x111) true QPointF(455,80)
[   141.07 ] D: mouseMove2
[   141.07 ] D: _automationChanging false
[   141.07 ] D: findTrackIndexByPoint 0 QRect(0,0 3647x111) true QPointF(456,81)
[   141.07 ] D: mouseMove2
[   141.07 ] D: _automationChanging false
[   141.07 ] D: findTrackIndexByPoint 0 QRect(0,0 3647x111) true QPointF(457,82)
[   141.07 ] D: mouseMove2
[   141.09 ] D: _automationChanging false
[   141.09 ] D: findTrackIndexByPoint 0 QRect(0,0 3647x111) true QPointF(461,85)
[   141.09 ] D: mouseMove2
[   141.09 ] D: _automationChanging false
[   141.09 ] D: findTrackIndexByPoint 0 QRect(0,0 3647x111) true QPointF(462,85)
[   141.09 ] D: mouseMove2
[   141.10 ] D: _automationChanging false
[   141.10 ] D: findTrackIndexByPoint 0 QRect(0,0 3647x111) true QPointF(463,86)
[   141.10 ] D: mouseMove2
[   141.11 ] D: createSelectedPoints 1 -1
[   141.11 ] D: createSelectedPoints 1 1 1 1
[   141.13 ] D: _automationChanging false
[   141.13 ] D: findTrackIndexByPoint 0 QRect(0,0 3647x111) true QPointF(472,93)
[   141.13 ] D: mouseMove2
[   141.13 ] D: _automationChanging false
[   141.13 ] D: findTrackIndexByPoint 0 QRect(0,0 3647x111) true QPointF(473,93)
[   141.13 ] D: mouseMove2
[   141.15 ] D: _automationChanging false
[   141.15 ] D: findTrackIndexByPoint 0 QRect(0,0 3647x111) true QPointF(476,96)
[   141.15 ] D: mouseMove2
[   141.15 ] D: _automationChanging false
[   141.15 ] D: findTrackIndexByPoint 0 QRect(0,0 3647x111) true QPointF(477,97)
[   141.15 ] D: mouseMove2
[   141.15 ] D: createSelectedPoints 1 -1
[   141.15 ] D: createSelectedPoints 1 1 1 1
[   141.17 ] D: _automationChanging false
[   141.17 ] D: findTrackIndexByPoint 0 QRect(0,0 3647x111) true QPointF(480,99)
[   141.17 ] D: mouseMove2
[   141.17 ] D: _automationChanging false
[   141.17 ] D: findTrackIndexByPoint 0 QRect(0,0 3647x111) true QPointF(481,100)
[   141.17 ] D: mouseMove2
[   141.19 ] D: _automationChanging false
[   141.19 ] D: findTrackIndexByPoint 0 QRect(0,0 3647x111) true QPointF(482,100)
[   141.19 ] D: mouseMove2
[   141.19 ] D: _automationChanging false
[   141.19 ] D: findTrackIndexByPoint 0 QRect(0,0 3647x111) true QPointF(485,102)
[   141.19 ] D: mouseMove2
[   141.19 ] D: _automationChanging false
[   141.19 ] D: findTrackIndexByPoint 0 QRect(0,0 3647x111) true QPointF(485,103)
[   141.19 ] D: mouseMove2
[   141.19 ] D: _automationChanging false
[   141.19 ] D: findTrackIndexByPoint 0 QRect(0,0 3647x111) true QPointF(486,104)
[   141.19 ] D: mouseMove2
[   141.21 ] D: _automationChanging false
[   141.21 ] D: findTrackIndexByPoint 0 QRect(0,0 3647x111) true QPointF(491,107)
[   141.21 ] D: mouseMove2
[   141.21 ] D: _automationChanging false
[   141.21 ] D: findTrackIndexByPoint 0 QRect(0,0 3647x111) true QPointF(492,108)
[   141.21 ] D: mouseMove2
[   141.23 ] D: _automationChanging false
[   141.23 ] D: findTrackIndexByPoint 0 QRect(0,0 3647x111) false QPointF(497,111)
[   141.23 ] D: findTrackIndexByPoint 1 QRect(0,111 3647x111) true QPointF(497,111)
[   141.23 ] D: mouseMove2
[   141.23 ] D: createSelectedPoints 1 -1
[   141.23 ] D: inSelectedLineRETURN2
[   141.23 ] D: _automationChanging false
[   141.23 ] D: findTrackIndexByPoint 0 QRect(0,0 3647x111) false QPointF(498,112)
[   141.23 ] D: findTrackIndexByPoint 1 QRect(0,111 3647x111) true QPointF(498,112)
[   141.23 ] D: mouseMove2
[   141.25 ] D: inSelectedLineRETURN2
[   141.25 ] D: _automationChanging false
[   141.25 ] D: findTrackIndexByPoint 0 QRect(0,0 3647x111) false QPointF(505,116)
[   141.25 ] D: findTrackIndexByPoint 1 QRect(0,111 3647x111) true QPointF(505,116)
[   141.25 ] D: mouseMove2
[   141.25 ] D: _automationChanging false
[   141.25 ] D: findTrackIndexByPoint 0 QRect(0,0 3647x111) false QPointF(506,117)
[   141.25 ] D: findTrackIndexByPoint 1 QRect(0,111 3647x111) true QPointF(506,117)
[   141.25 ] D: mouseMove2
[   141.25 ] D: _automationChanging false
[   141.25 ] D: findTrackIndexByPoint 0 QRect(0,0 3647x111) false QPointF(507,117)
[   141.25 ] D: findTrackIndexByPoint 1 QRect(0,111 3647x111) true QPointF(507,117)
[   141.25 ] D: mouseMove2
[   141.25 ] D: _automationChanging false
[   141.25 ] D: findTrackIndexByPoint 0 QRect(0,0 3647x111) false QPointF(508,117)
[   141.25 ] D: findTrackIndexByPoint 1 QRect(0,111 3647x111) true QPointF(508,117)
[   141.25 ] D: mouseMove2
[   141.26 ] D: _automationChanging false
[   141.26 ] D: findTrackIndexByPoint 0 QRect(0,0 3647x111) false QPointF(513,121)
[   141.26 ] D: findTrackIndexByPoint 1 QRect(0,111 3647x111) true QPointF(513,121)
[   141.26 ] D: mouseMove2
[   141.26 ] D: _automationChanging false
[   141.26 ] D: findTrackIndexByPoint 0 QRect(0,0 3647x111) false QPointF(515,122)
[   141.26 ] D: findTrackIndexByPoint 1 QRect(0,111 3647x111) true QPointF(515,122)
[   141.26 ] D: mouseMove2
[   141.27 ] D: createSelectedPoints 1 -1
[   141.27 ] D: inSelectedLineRETURN2
[   141.27 ] D: _automationChanging false
[   141.27 ] D: findTrackIndexByPoint 0 QRect(0,0 3647x111) false QPointF(517,123)
[   141.27 ] D: findTrackIndexByPoint 1 QRect(0,111 3647x111) true QPointF(517,123)
[   141.27 ] D: mouseMove2
[   141.29 ] D: _automationChanging false
[   141.29 ] D: inSelectedLineRETURN2
[   141.29 ] D: findTrackIndexByPoint 0 QRect(0,0 3647x111) false QPointF(523,127)
[   141.29 ] D: findTrackIndexByPoint 1 QRect(0,111 3647x111) true QPointF(523,127)
[   141.29 ] D: mouseMove2
[   141.29 ] D: _automationChanging false
[   141.29 ] D: findTrackIndexByPoint 0 QRect(0,0 3647x111) false QPointF(524,127)
[   141.29 ] D: findTrackIndexByPoint 1 QRect(0,111 3647x111) true QPointF(524,127)
[   141.29 ] D: mouseMove2
[   141.29 ] D: _automationChanging false
[   141.29 ] D: findTrackIndexByPoint 0 QRect(0,0 3647x111) false QPointF(525,128)
[   141.29 ] D: findTrackIndexByPoint 1 QRect(0,111 3647x111) true QPointF(525,128)
[   141.29 ] D: mouseMove2
[   141.29 ] D: _automationChanging false
[   141.29 ] D: findTrackIndexByPoint 0 QRect(0,0 3647x111) false QPointF(526,128)
[   141.29 ] D: findTrackIndexByPoint 1 QRect(0,111 3647x111) true QPointF(526,128)
[   141.29 ] D: mouseMove2
[   141.30 ] D: inSelectedLineRETURN2
[   141.30 ] D: _automationChanging false
[   141.30 ] D: findTrackIndexByPoint 0 QRect(0,0 3647x111) false QPointF(529,130)
[   141.30 ] D: findTrackIndexByPoint 1 QRect(0,111 3647x111) true QPointF(529,130)
[   141.30 ] D: mouseMove2
[   141.30 ] D: _automationChanging false
[   141.30 ] D: findTrackIndexByPoint 0 QRect(0,0 3647x111) false QPointF(530,131)
[   141.30 ] D: findTrackIndexByPoint 1 QRect(0,111 3647x111) true QPointF(530,131)
[   141.30 ] D: mouseMove2
[   141.31 ] D: _automationChanging false
[   141.31 ] D: findTrackIndexByPoint 0 QRect(0,0 3647x111) false QPointF(531,131)
[   141.31 ] D: findTrackIndexByPoint 1 QRect(0,111 3647x111) true QPointF(531,131)
[   141.31 ] D: mouseMove2
[   141.31 ] D: _automationChanging false
[   141.31 ] D: findTrackIndexByPoint 0 QRect(0,0 3647x111) false QPointF(532,131)
[   141.31 ] D: findTrackIndexByPoint 1 QRect(0,111 3647x111) true QPointF(532,131)
[   141.31 ] D: mouseMove2
[   141.32 ] D: _automationChanging false
[   141.32 ] D: findTrackIndexByPoint 0 QRect(0,0 3647x111) false QPointF(535,134)
[   141.32 ] D: findTrackIndexByPoint 1 QRect(0,111 3647x111) true QPointF(535,134)
[   141.32 ] D: mouseMove2
[   141.32 ] D: createSelectedPoints 1 -1
[   141.32 ] D: _automationChanging false
[   141.32 ] D: findTrackIndexByPoint 0 QRect(0,0 3647x111) false QPointF(536,134)
[   141.32 ] D: findTrackIndexByPoint 1 QRect(0,111 3647x111) true QPointF(536,134)
[   141.32 ] D: inSelectedLineRETURN2
[   141.32 ] D: mouseMove2
[   141.32 ] D: _automationChanging false
[   141.32 ] D: findTrackIndexByPoint 0 QRect(0,0 3647x111) false QPointF(536,135)
[   141.33 ] D: findTrackIndexByPoint 1 QRect(0,111 3647x111) true QPointF(536,135)
[   141.33 ] D: mouseMove2
[   141.33 ] D: _automationChanging false
[   141.33 ] D: findTrackIndexByPoint 0 QRect(0,0 3647x111) false QPointF(537,135)
[   141.33 ] D: findTrackIndexByPoint 1 QRect(0,111 3647x111) true QPointF(537,135)
[   141.33 ] D: mouseMove2
[   141.34 ] D: _automationChanging false
[   141.34 ] D: findTrackIndexByPoint 0 QRect(0,0 3647x111) false QPointF(542,139)
[   141.34 ] D: findTrackIndexByPoint 1 QRect(0,111 3647x111) true QPointF(542,139)
[   141.34 ] D: mouseMove2
[   141.35 ] D: _automationChanging false
[   141.35 ] D: findTrackIndexByPoint 0 QRect(0,0 3647x111) false QPointF(542,140)
[   141.35 ] D: inSelectedLineRETURN3
[   141.35 ] D: findTrackIndexByPoint 1 QRect(0,111 3647x111) true QPointF(542,140)
[   141.35 ] D: mouseMove2
[   141.35 ] D: _automationChanging false
[   141.35 ] D: findTrackIndexByPoint 0 QRect(0,0 3647x111) false QPointF(543,140)
[   141.35 ] D: findTrackIndexByPoint 1 QRect(0,111 3647x111) true QPointF(543,140)
[   141.35 ] D: mouseMove2
[   141.36 ] D: inSelectedLineRETURN3
[   141.36 ] D: _automationChanging false
[   141.36 ] D: findTrackIndexByPoint 0 QRect(0,0 3647x111) false QPointF(549,143)
[   141.36 ] D: findTrackIndexByPoint 1 QRect(0,111 3647x111) true QPointF(549,143)
[   141.36 ] D: mouseMove2
[   141.37 ] D: _automationChanging false
[   141.37 ] D: findTrackIndexByPoint 0 QRect(0,0 3647x111) false QPointF(551,144)
[   141.37 ] D: findTrackIndexByPoint 1 QRect(0,111 3647x111) true QPointF(551,144)
[   141.37 ] D: mouseMove2
[   141.37 ] D: _automationChanging false
[   141.37 ] D: findTrackIndexByPoint 0 QRect(0,0 3647x111) false QPointF(552,144)
[   141.37 ] D: findTrackIndexByPoint 1 QRect(0,111 3647x111) true QPointF(552,144)
[   141.37 ] D: mouseMove2
[   141.37 ] D: _automationChanging false
[   141.37 ] D: findTrackIndexByPoint 0 QRect(0,0 3647x111) false QPointF(552,145)
[   141.37 ] D: findTrackIndexByPoint 1 QRect(0,111 3647x111) true QPointF(552,145)
[   141.37 ] D: mouseMove2
[   141.38 ] D: _automationChanging false
[   141.38 ] D: findTrackIndexByPoint 0 QRect(0,0 3647x111) false QPointF(559,147)
[   141.38 ] D: findTrackIndexByPoint 1 QRect(0,111 3647x111) true QPointF(559,147)
[   141.38 ] D: mouseMove2
[   141.38 ] D: createSelectedPoints 1 -1
[   141.38 ] D: createSelectedPoints 1 1 1 1
[   141.38 ] D: _automationChanging false
[   141.38 ] D: findTrackIndexByPoint 0 QRect(0,0 3647x111) false QPointF(560,147)
[   141.38 ] D: findTrackIndexByPoint 1 QRect(0,111 3647x111) true QPointF(560,147)
[   141.38 ] D: mouseMove2
[   141.38 ] D: _automationChanging false
[   141.38 ] D: findTrackIndexByPoint 0 QRect(0,0 3647x111) false QPointF(561,148)
[   141.38 ] D: findTrackIndexByPoint 1 QRect(0,111 3647x111) true QPointF(561,148)
[   141.38 ] D: mouseMove2
[   141.40 ] D: _automationChanging false
[   141.41 ] D: findTrackIndexByPoint 0 QRect(0,0 3647x111) false QPointF(572,152)
[   141.41 ] D: findTrackIndexByPoint 1 QRect(0,111 3647x111) true QPointF(572,152)
[   141.41 ] D: mouseMove2
[   141.41 ] D: _automationChanging false
[   141.41 ] D: findTrackIndexByPoint 0 QRect(0,0 3647x111) false QPointF(573,152)
[   141.41 ] D: findTrackIndexByPoint 1 QRect(0,111 3647x111) true QPointF(573,152)
[   141.41 ] D: mouseMove2
[   141.41 ] D: _automationChanging false
[   141.41 ] D: findTrackIndexByPoint 0 QRect(0,0 3647x111) false QPointF(574,153)
[   141.41 ] D: findTrackIndexByPoint 1 QRect(0,111 3647x111) true QPointF(574,153)
[   141.41 ] D: mouseMove2
[   141.41 ] D: _automationChanging false
[   141.41 ] D: findTrackIndexByPoint 0 QRect(0,0 3647x111) false QPointF(575,153)
[   141.41 ] D: findTrackIndexByPoint 1 QRect(0,111 3647x111) true QPointF(575,153)
[   141.41 ] D: mouseMove2
[   141.42 ] D: _automationChanging false
[   141.42 ] D: findTrackIndexByPoint 0 QRect(0,0 3647x111) false QPointF(581,155)
[   141.42 ] D: findTrackIndexByPoint 1 QRect(0,111 3647x111) true QPointF(581,155)
[   141.42 ] D: mouseMove2
[   141.42 ] D: createSelectedPoints 1 -1
[   141.42 ] D: createSelectedPoints 1 1 1 1
[   141.43 ] D: _automationChanging false
[   141.43 ] D: findTrackIndexByPoint 0 QRect(0,0 3647x111) false QPointF(582,156)
[   141.43 ] D: findTrackIndexByPoint 1 QRect(0,111 3647x111) true QPointF(582,156)
[   141.43 ] D: mouseMove2
[   141.43 ] D: _automationChanging false
[   141.43 ] D: findTrackIndexByPoint 0 QRect(0,0 3647x111) false QPointF(583,156)
[   141.43 ] D: findTrackIndexByPoint 1 QRect(0,111 3647x111) true QPointF(583,156)
[   141.43 ] D: mouseMove2
[   141.43 ] D: _automationChanging false
[   141.43 ] D: findTrackIndexByPoint 0 QRect(0,0 3647x111) false QPointF(584,156)
[   141.43 ] D: findTrackIndexByPoint 1 QRect(0,111 3647x111) true QPointF(584,156)
[   141.43 ] D: mouseMove2
[   141.44 ] D: _automationChanging false
[   141.44 ] D: findTrackIndexByPoint 0 QRect(0,0 3647x111) false QPointF(591,158)
[   141.44 ] D: findTrackIndexByPoint 1 QRect(0,111 3647x111) true QPointF(591,158)
[   141.44 ] D: mouseMove2
[   141.44 ] D: createSelectedPoints 1 -1
[   141.44 ] D: createSelectedPoints 1 1 1 1
[   141.45 ] D: _automationChanging false
[   141.45 ] D: findTrackIndexByPoint 0 QRect(0,0 3647x111) false QPointF(592,158)
[   141.45 ] D: findTrackIndexByPoint 1 QRect(0,111 3647x111) true QPointF(592,158)
[   141.45 ] D: mouseMove2
[   141.45 ] D: _automationChanging false
[   141.45 ] D: findTrackIndexByPoint 0 QRect(0,0 3647x111) false QPointF(594,158)
[   141.45 ] D: findTrackIndexByPoint 1 QRect(0,111 3647x111) true QPointF(594,158)
[   141.45 ] D: mouseMove2
[   141.47 ] D: _automationChanging false
[   141.47 ] D: findTrackIndexByPoint 0 QRect(0,0 3647x111) false QPointF(604,161)
[   141.47 ] D: findTrackIndexByPoint 1 QRect(0,111 3647x111) true QPointF(604,161)
[   141.47 ] D: mouseMove2
[   141.47 ] D: _automationChanging false
[   141.47 ] D: findTrackIndexByPoint 0 QRect(0,0 3647x111) false QPointF(606,161)
[   141.47 ] D: findTrackIndexByPoint 1 QRect(0,111 3647x111) true QPointF(606,161)
[   141.47 ] D: mouseMove2
[   141.47 ] D: _automationChanging false
[   141.47 ] D: findTrackIndexByPoint 0 QRect(0,0 3647x111) false QPointF(607,161)
[   141.47 ] D: findTrackIndexByPoint 1 QRect(0,111 3647x111) true QPointF(607,161)
[   141.47 ] D: mouseMove2
[   141.49 ] D: _automationChanging false
[   141.49 ] D: findTrackIndexByPoint 0 QRect(0,0 3647x111) false QPointF(619,165)
[   141.49 ] D: findTrackIndexByPoint 1 QRect(0,111 3647x111) true QPointF(619,165)
[   141.49 ] D: mouseMove2
[   141.49 ] D: _automationChanging false
[   141.49 ] D: findTrackIndexByPoint 0 QRect(0,0 3647x111) false QPointF(620,165)
[   141.49 ] D: findTrackIndexByPoint 1 QRect(0,111 3647x111) true QPointF(620,165)
[   141.49 ] D: mouseMove2
[   141.49 ] D: createSelectedPoints 1 -1
[   141.49 ] D: createSelectedPoints 1 1 1 1
[   141.49 ] D: _automationChanging false
[   141.49 ] D: findTrackIndexByPoint 0 QRect(0,0 3647x111) false QPointF(622,165)
[   141.49 ] D: findTrackIndexByPoint 1 QRect(0,111 3647x111) true QPointF(622,165)
[   141.49 ] D: mouseMove2
[   141.49 ] D: _automationChanging false
[   141.49 ] D: findTrackIndexByPoint 0 QRect(0,0 3647x111) false QPointF(624,166)
[   141.49 ] D: findTrackIndexByPoint 1 QRect(0,111 3647x111) true QPointF(624,166)
[   141.49 ] D: mouseMove2
[   141.51 ] D: _automationChanging false
[   141.51 ] D: findTrackIndexByPoint 0 QRect(0,0 3647x111) false QPointF(638,166)
[   141.51 ] D: findTrackIndexByPoint 1 QRect(0,111 3647x111) true QPointF(638,166)
[   141.51 ] D: mouseMove2
[   141.51 ] D: createSelectedPoints 1 -1
[   141.51 ] D: _automationChanging false
[   141.51 ] D: createSelectedPoints 1 1 1 1
[   141.51 ] D: findTrackIndexByPoint 0 QRect(0,0 3647x111) false QPointF(641,167)
[   141.51 ] D: findTrackIndexByPoint 1 QRect(0,111 3647x111) true QPointF(641,167)
[   141.51 ] D: mouseMove2
[   141.51 ] D: _automationChanging false
[   141.51 ] D: findTrackIndexByPoint 0 QRect(0,0 3647x111) false QPointF(643,167)
[   141.51 ] D: findTrackIndexByPoint 1 QRect(0,111 3647x111) true QPointF(643,167)
[   141.51 ] D: mouseMove2
[   141.51 ] D: _automationChanging false
[   141.51 ] D: findTrackIndexByPoint 0 QRect(0,0 3647x111) false QPointF(645,167)
[   141.51 ] D: findTrackIndexByPoint 1 QRect(0,111 3647x111) true QPointF(645,167)
[   141.51 ] D: mouseMove2
[   141.53 ] D: createSelectedPoints 1 -1
[   141.53 ] D: createSelectedPoints 1 1 1 1
[   141.53 ] D: _automationChanging false
[   141.53 ] D: findTrackIndexByPoint 0 QRect(0,0 3647x111) false QPointF(662,167)
[   141.53 ] D: findTrackIndexByPoint 1 QRect(0,111 3647x111) true QPointF(662,167)
[   141.53 ] D: mouseMove2
[   141.53 ] D: _automationChanging false
[   141.53 ] D: findTrackIndexByPoint 0 QRect(0,0 3647x111) false QPointF(663,167)
[   141.53 ] D: findTrackIndexByPoint 1 QRect(0,111 3647x111) true QPointF(663,167)
[   141.53 ] D: mouseMove2
[   141.53 ] D: _automationChanging false
[   141.53 ] D: findTrackIndexByPoint 0 QRect(0,0 3647x111) false QPointF(666,167)
[   141.53 ] D: findTrackIndexByPoint 1 QRect(0,111 3647x111) true QPointF(666,167)
[   141.53 ] D: mouseMove2
[   141.55 ] D: _automationChanging false
[   141.55 ] D: findTrackIndexByPoint 0 QRect(0,0 3647x111) false QPointF(680,167)
[   141.55 ] D: findTrackIndexByPoint 1 QRect(0,111 3647x111) true QPointF(680,167)
[   141.55 ] D: mouseMove2
[   141.55 ] D: createSelectedPoints 1 -1
[   141.55 ] D: createSelectedPoints 1 1 1 1
[   141.55 ] D: _automationChanging false
[   141.55 ] D: findTrackIndexByPoint 0 QRect(0,0 3647x111) false QPointF(683,167)
[   141.55 ] D: findTrackIndexByPoint 1 QRect(0,111 3647x111) true QPointF(683,167)
[   141.55 ] D: mouseMove2
[   141.55 ] D: _automationChanging false
[   141.55 ] D: findTrackIndexByPoint 0 QRect(0,0 3647x111) false QPointF(684,167)
[   141.55 ] D: findTrackIndexByPoint 1 QRect(0,111 3647x111) true QPointF(684,167)
[   141.55 ] D: mouseMove2
[   141.57 ] D: _automationChanging false
[   141.57 ] D: findTrackIndexByPoint 0 QRect(0,0 3647x111) false QPointF(695,168)
[   141.57 ] D: findTrackIndexByPoint 1 QRect(0,111 3647x111) true QPointF(695,168)
[   141.57 ] D: mouseMove2
[   141.57 ] D: createSelectedPoints 1 -1
[   141.57 ] D: createSelectedPoints 1 1 1 1
[   141.57 ] D: _automationChanging false
[   141.57 ] D: findTrackIndexByPoint 0 QRect(0,0 3647x111) false QPointF(696,168)
[   141.57 ] D: findTrackIndexByPoint 1 QRect(0,111 3647x111) true QPointF(696,168)
[   141.57 ] D: mouseMove2
[   141.57 ] D: _automationChanging false
[   141.57 ] D: findTrackIndexByPoint 0 QRect(0,0 3647x111) false QPointF(698,168)
[   141.57 ] D: findTrackIndexByPoint 1 QRect(0,111 3647x111) true QPointF(698,168)
[   141.57 ] D: mouseMove2
[   141.57 ] D: _automationChanging false
[   141.57 ] D: findTrackIndexByPoint 0 QRect(0,0 3647x111) false QPointF(700,168)
[   141.57 ] D: findTrackIndexByPoint 1 QRect(0,111 3647x111) true QPointF(700,168)
[   141.57 ] D: mouseMove2
[   141.59 ] D: _automationChanging false
[   141.59 ] D: findTrackIndexByPoint 0 QRect(0,0 3647x111) false QPointF(712,170)
[   141.59 ] D: findTrackIndexByPoint 1 QRect(0,111 3647x111) true QPointF(712,170)
[   141.59 ] D: mouseMove2
[   141.59 ] D: _automationChanging false
[   141.59 ] D: findTrackIndexByPoint 0 QRect(0,0 3647x111) false QPointF(714,170)
[   141.59 ] D: findTrackIndexByPoint 1 QRect(0,111 3647x111) true QPointF(714,170)
[   141.59 ] D: mouseMove2
[   141.59 ] D: _automationChanging false
[   141.59 ] D: findTrackIndexByPoint 0 QRect(0,0 3647x111) false QPointF(715,171)
[   141.59 ] D: findTrackIndexByPoint 1 QRect(0,111 3647x111) true QPointF(715,171)
[   141.59 ] D: mouseMove2
[   141.61 ] D: _automationChanging false
[   141.61 ] D: findTrackIndexByPoint 0 QRect(0,0 3647x111) false QPointF(729,171)
[   141.61 ] D: findTrackIndexByPoint 1 QRect(0,111 3647x111) true QPointF(729,171)
[   141.61 ] D: mouseMove2
[   141.61 ] D: _automationChanging false
[   141.61 ] D: createSelectedPoints 1 -1
[   141.61 ] D: findTrackIndexByPoint 0 QRect(0,0 3647x111) false QPointF(732,171)
[   141.61 ] D: findTrackIndexByPoint 1 QRect(0,111 3647x111) true QPointF(732,171)
[   141.61 ] D: createSelectedPoints 1 1 1 1
[   141.61 ] D: mouseMove2
[   141.61 ] D: _automationChanging false
[   141.61 ] D: findTrackIndexByPoint 0 QRect(0,0 3647x111) false QPointF(733,171)
[   141.61 ] D: findTrackIndexByPoint 1 QRect(0,111 3647x111) true QPointF(733,171)
[   141.61 ] D: mouseMove2
[   141.61 ] D: _automationChanging false
[   141.61 ] D: findTrackIndexByPoint 0 QRect(0,0 3647x111) false QPointF(736,171)
[   141.61 ] D: findTrackIndexByPoint 1 QRect(0,111 3647x111) true QPointF(736,171)
[   141.61 ] D: mouseMove2
[   141.62 ] D: _automationChanging false
[   141.63 ] D: findTrackIndexByPoint 0 QRect(0,0 3647x111) false QPointF(750,173)
[   141.63 ] D: findTrackIndexByPoint 1 QRect(0,111 3647x111) true QPointF(750,173)
[   141.63 ] D: mouseMove2
[   141.63 ] D: _automationChanging false
[   141.63 ] D: findTrackIndexByPoint 0 QRect(0,0 3647x111) false QPointF(752,173)
[   141.63 ] D: findTrackIndexByPoint 1 QRect(0,111 3647x111) true QPointF(752,173)
[   141.63 ] D: mouseMove2
[   141.63 ] D: _automationChanging false
[   141.63 ] D: findTrackIndexByPoint 0 QRect(0,0 3647x111) false QPointF(754,173)
[   141.63 ] D: findTrackIndexByPoint 1 QRect(0,111 3647x111) true QPointF(754,173)
[   141.63 ] D: mouseMove2
[   141.63 ] D: _automationChanging false
[   141.63 ] D: findTrackIndexByPoint 0 QRect(0,0 3647x111) false QPointF(755,174)
[   141.63 ] D: findTrackIndexByPoint 1 QRect(0,111 3647x111) true QPointF(755,174)
[   141.63 ] D: mouseMove2
[   141.64 ] D: createSelectedPoints 1 -1
[   141.64 ] D: createSelectedPoints 1 1 1 1
[   141.66 ] D: _automationChanging false
[   141.66 ] D: findTrackIndexByPoint 0 QRect(0,0 3647x111) false QPointF(777,176)
[   141.66 ] D: findTrackIndexByPoint 1 QRect(0,111 3647x111) true QPointF(777,176)
[   141.66 ] D: mouseMove2
[   141.66 ] D: _automationChanging false
[   141.66 ] D: findTrackIndexByPoint 0 QRect(0,0 3647x111) false QPointF(778,176)
[   141.66 ] D: findTrackIndexByPoint 1 QRect(0,111 3647x111) true QPointF(778,176)
[   141.66 ] D: mouseMove2
[   141.66 ] D: _automationChanging false
[   141.66 ] D: findTrackIndexByPoint 0 QRect(0,0 3647x111) false QPointF(779,176)
[   141.66 ] D: findTrackIndexByPoint 1 QRect(0,111 3647x111) true QPointF(779,176)
[   141.66 ] D: mouseMove2
[   141.66 ] D: _automationChanging false
[   141.66 ] D: findTrackIndexByPoint 0 QRect(0,0 3647x111) false QPointF(781,176)
[   141.66 ] D: findTrackIndexByPoint 1 QRect(0,111 3647x111) true QPointF(781,176)
[   141.66 ] D: mouseMove2
[   141.67 ] D: _automationChanging false
[   141.67 ] D: findTrackIndexByPoint 0 QRect(0,0 3647x111) false QPointF(788,176)
[   141.67 ] D: findTrackIndexByPoint 1 QRect(0,111 3647x111) true QPointF(788,176)
[   141.68 ] D: mouseMove2
[   141.68 ] D: _automationChanging false
[   141.68 ] D: findTrackIndexByPoint 0 QRect(0,0 3647x111) false QPointF(789,177)
[   141.68 ] D: findTrackIndexByPoint 1 QRect(0,111 3647x111) true QPointF(789,177)
[   141.68 ] D: mouseMove2
[   141.68 ] D: createSelectedPoints 1 -1
[   141.68 ] D: createSelectedPoints 1 1 1 1
[   141.68 ] D: _automationChanging false
[   141.68 ] D: findTrackIndexByPoint 0 QRect(0,0 3647x111) false QPointF(790,177)
[   141.68 ] D: findTrackIndexByPoint 1 QRect(0,111 3647x111) true QPointF(790,177)
[   141.68 ] D: mouseMove2
[   141.68 ] D: _automationChanging false
[   141.68 ] D: findTrackIndexByPoint 0 QRect(0,0 3647x111) false QPointF(791,177)
[   141.68 ] D: findTrackIndexByPoint 1 QRect(0,111 3647x111) true QPointF(791,177)
[   141.68 ] D: mouseMove2
[   141.70 ] D: _automationChanging false
[   141.70 ] D: findTrackIndexByPoint 0 QRect(0,0 3647x111) false QPointF(800,179)
[   141.70 ] D: findTrackIndexByPoint 1 QRect(0,111 3647x111) true QPointF(800,179)
[   141.70 ] D: mouseMove2
[   141.70 ] D: _automationChanging false
[   141.70 ] D: findTrackIndexByPoint 0 QRect(0,0 3647x111) false QPointF(801,179)
[   141.70 ] D: findTrackIndexByPoint 1 QRect(0,111 3647x111) true QPointF(801,179)
[   141.70 ] D: mouseMove2
[   141.70 ] D: _automationChanging false
[   141.70 ] D: findTrackIndexByPoint 0 QRect(0,0 3647x111) false QPointF(802,179)
[   141.70 ] D: findTrackIndexByPoint 1 QRect(0,111 3647x111) true QPointF(802,179)
[   141.70 ] D: mouseMove2
[   141.70 ] D: _automationChanging false
[   141.70 ] D: findTrackIndexByPoint 0 QRect(0,0 3647x111) false QPointF(803,179)
[   141.70 ] D: findTrackIndexByPoint 1 QRect(0,111 3647x111) true QPointF(803,179)
[   141.70 ] D: mouseMove2
[   141.72 ] D: _automationChanging false
[   141.72 ] D: findTrackIndexByPoint 0 QRect(0,0 3647x111) false QPointF(812,180)
[   141.72 ] D: findTrackIndexByPoint 1 QRect(0,111 3647x111) true QPointF(812,180)
[   141.72 ] D: mouseMove2
[   141.72 ] D: _automationChanging false
[   141.72 ] D: findTrackIndexByPoint 0 QRect(0,0 3647x111) false QPointF(813,180)
[   141.72 ] D: findTrackIndexByPoint 1 QRect(0,111 3647x111) true QPointF(813,180)
[   141.72 ] D: createSelectedPoints 1 -1
[   141.72 ] D: mouseMove2
[   141.72 ] D: createSelectedPoints 1 1 1 1
[   141.72 ] D: _automationChanging false
[   141.72 ] D: findTrackIndexByPoint 0 QRect(0,0 3647x111) false QPointF(815,180)
[   141.72 ] D: findTrackIndexByPoint 1 QRect(0,111 3647x111) true QPointF(815,180)
[   141.72 ] D: mouseMove2
[   141.72 ] D: _automationChanging false
[   141.72 ] D: findTrackIndexByPoint 0 QRect(0,0 3647x111) false QPointF(815,181)
[   141.72 ] D: findTrackIndexByPoint 1 QRect(0,111 3647x111) true QPointF(815,181)
[   141.72 ] D: mouseMove2
[   141.75 ] D: _automationChanging false
[   141.75 ] D: findTrackIndexByPoint 0 QRect(0,0 3647x111) false QPointF(827,182)
[   141.75 ] D: findTrackIndexByPoint 1 QRect(0,111 3647x111) true QPointF(827,182)
[   141.75 ] D: mouseMove2
[   141.75 ] D: _automationChanging false
[   141.75 ] D: findTrackIndexByPoint 0 QRect(0,0 3647x111) false QPointF(829,182)
[   141.75 ] D: findTrackIndexByPoint 1 QRect(0,111 3647x111) true QPointF(829,182)
[   141.75 ] D: mouseMove2
[   141.75 ] D: _automationChanging false
[   141.75 ] D: findTrackIndexByPoint 0 QRect(0,0 3647x111) false QPointF(830,182)
[   141.75 ] D: findTrackIndexByPoint 1 QRect(0,111 3647x111) true QPointF(830,182)
[   141.75 ] D: mouseMove2
[   141.76 ] D: _automationChanging false
[   141.76 ] D: findTrackIndexByPoint 0 QRect(0,0 3647x111) false QPointF(834,183)
[   141.76 ] D: findTrackIndexByPoint 1 QRect(0,111 3647x111) true QPointF(834,183)
[   141.76 ] D: mouseMove2
[   141.76 ] D: _automationChanging false
[   141.76 ] D: findTrackIndexByPoint 0 QRect(0,0 3647x111) false QPointF(835,183)
[   141.76 ] D: findTrackIndexByPoint 1 QRect(0,111 3647x111) true QPointF(835,183)
[   141.76 ] D: mouseMove2
[   141.77 ] D: _automationChanging false
[   141.77 ] D: findTrackIndexByPoint 0 QRect(0,0 3647x111) false QPointF(836,183)
[   141.77 ] D: findTrackIndexByPoint 1 QRect(0,111 3647x111) true QPointF(836,183)
[   141.77 ] D: mouseMove2
[   141.77 ] D: createSelectedPoints 1 -1
[   141.77 ] D: createSelectedPoints 1 1 1 1
[   141.79 ] D: _automationChanging false
[   141.79 ] D: findTrackIndexByPoint 0 QRect(0,0 3647x111) false QPointF(842,184)
[   141.79 ] D: findTrackIndexByPoint 1 QRect(0,111 3647x111) true QPointF(842,184)
[   141.79 ] D: mouseMove2
[   141.79 ] D: _automationChanging false
[   141.79 ] D: findTrackIndexByPoint 0 QRect(0,0 3647x111) false QPointF(843,184)
[   141.79 ] D: findTrackIndexByPoint 1 QRect(0,111 3647x111) true QPointF(843,184)
[   141.79 ] D: mouseMove2
[   141.79 ] D: _automationChanging false
[   141.79 ] D: findTrackIndexByPoint 0 QRect(0,0 3647x111) false QPointF(844,184)
[   141.79 ] D: findTrackIndexByPoint 1 QRect(0,111 3647x111) true QPointF(844,184)
[   141.79 ] D: mouseMove2
[   141.80 ] D: createSelectedPoints 1 -1
[   141.80 ] D: createSelectedPoints 1 1 1 1
[   141.80 ] D: _automationChanging false
[   141.80 ] D: findTrackIndexByPoint 0 QRect(0,0 3647x111) false QPointF(847,184)
[   141.80 ] D: findTrackIndexByPoint 1 QRect(0,111 3647x111) true QPointF(847,184)
[   141.80 ] D: mouseMove2
[   141.83 ] D: _automationChanging false
[   141.83 ] D: findTrackIndexByPoint 0 QRect(0,0 3647x111) false QPointF(849,184)
[   141.83 ] D: findTrackIndexByPoint 1 QRect(0,111 3647x111) true QPointF(849,184)
[   141.83 ] D: mouseMove2
[   141.88 ] D: _automationChanging false
[   141.88 ] D: findTrackIndexByPoint 0 QRect(0,0 3647x111) false QPointF(849,183)
[   141.88 ] D: findTrackIndexByPoint 1 QRect(0,111 3647x111) true QPointF(849,183)
[   141.88 ] D: mouseMove2
[   141.88 ] D: _automationChanging false
[   141.88 ] D: findTrackIndexByPoint 0 QRect(0,0 3647x111) false QPointF(849,182)
[   141.88 ] D: findTrackIndexByPoint 1 QRect(0,111 3647x111) true QPointF(849,182)
[   141.88 ] D: mouseMove2
[   141.88 ] D: _automationChanging false
[   141.88 ] D: findTrackIndexByPoint 0 QRect(0,0 3647x111) false QPointF(849,181)
[   141.88 ] D: findTrackIndexByPoint 1 QRect(0,111 3647x111) true QPointF(849,181)
[   141.88 ] D: mouseMove2
[   141.90 ] D: _automationChanging false
[   141.90 ] D: findTrackIndexByPoint 0 QRect(0,0 3647x111) false QPointF(849,176)
[   141.90 ] D: findTrackIndexByPoint 1 QRect(0,111 3647x111) true QPointF(849,176)
[   141.90 ] D: mouseMove2
[   141.91 ] D: _automationChanging false
[   141.91 ] D: findTrackIndexByPoint 0 QRect(0,0 3647x111) false QPointF(849,175)
[   141.91 ] D: findTrackIndexByPoint 1 QRect(0,111 3647x111) true QPointF(849,175)
[   141.91 ] D: mouseMove2
[   141.92 ] D: _automationChanging false
[   141.92 ] D: findTrackIndexByPoint 0 QRect(0,0 3647x111) false QPointF(849,170)
[   141.92 ] D: findTrackIndexByPoint 1 QRect(0,111 3647x111) true QPointF(849,170)
[   141.92 ] D: mouseMove2
[   141.93 ] D: _automationChanging false
[   141.93 ] D: findTrackIndexByPoint 0 QRect(0,0 3647x111) false QPointF(849,169)
[   141.93 ] D: findTrackIndexByPoint 1 QRect(0,111 3647x111) true QPointF(849,169)
[   141.93 ] D: mouseMove2
[   141.94 ] D: _automationChanging false
[   141.94 ] D: findTrackIndexByPoint 0 QRect(0,0 3647x111) false QPointF(848,164)
[   141.94 ] D: findTrackIndexByPoint 1 QRect(0,111 3647x111) true QPointF(848,164)
[   141.94 ] D: mouseMove2
[   141.94 ] D: _automationChanging false
[   141.94 ] D: findTrackIndexByPoint 0 QRect(0,0 3647x111) false QPointF(848,163)
[   141.94 ] D: findTrackIndexByPoint 1 QRect(0,111 3647x111) true QPointF(848,163)
[   141.94 ] D: mouseMove2
[   141.94 ] D: _automationChanging false
[   141.94 ] D: findTrackIndexByPoint 0 QRect(0,0 3647x111) false QPointF(847,163)
[   141.94 ] D: findTrackIndexByPoint 1 QRect(0,111 3647x111) true QPointF(847,163)
[   141.94 ] D: mouseMove2
[   141.96 ] D: _automationChanging false
[   141.96 ] D: findTrackIndexByPoint 0 QRect(0,0 3647x111) false QPointF(845,158)
[   141.96 ] D: findTrackIndexByPoint 1 QRect(0,111 3647x111) true QPointF(845,158)
[   141.96 ] D: mouseMove2
[   141.96 ] D: _automationChanging false
[   141.96 ] D: findTrackIndexByPoint 0 QRect(0,0 3647x111) false QPointF(844,157)
[   141.96 ] D: findTrackIndexByPoint 1 QRect(0,111 3647x111) true QPointF(844,157)
[   141.96 ] D: mouseMove2
[   141.96 ] D: _automationChanging false
[   141.96 ] D: findTrackIndexByPoint 0 QRect(0,0 3647x111) false QPointF(844,156)
[   141.96 ] D: findTrackIndexByPoint 1 QRect(0,111 3647x111) true QPointF(844,156)
[   141.96 ] D: mouseMove2
[   141.98 ] D: _automationChanging false
[   141.98 ] D: findTrackIndexByPoint 0 QRect(0,0 3647x111) false QPointF(842,151)
[   141.98 ] D: findTrackIndexByPoint 1 QRect(0,111 3647x111) true QPointF(842,151)
[   141.98 ] D: mouseMove2
[   141.98 ] D: _automationChanging false
[   141.98 ] D: findTrackIndexByPoint 0 QRect(0,0 3647x111) false QPointF(842,150)
[   141.98 ] D: findTrackIndexByPoint 1 QRect(0,111 3647x111) true QPointF(842,150)
[   141.98 ] D: mouseMove2
[   142.00 ] D: _automationChanging false
[   142.00 ] D: findTrackIndexByPoint 0 QRect(0,0 3647x111) false QPointF(840,146)
[   142.00 ] D: findTrackIndexByPoint 1 QRect(0,111 3647x111) true QPointF(840,146)
[   142.00 ] D: mouseMove2
[   142.00 ] D: _automationChanging false
[   142.00 ] D: findTrackIndexByPoint 0 QRect(0,0 3647x111) false QPointF(839,146)
[   142.00 ] D: findTrackIndexByPoint 1 QRect(0,111 3647x111) true QPointF(839,146)
[   142.00 ] D: mouseMove2
[   142.00 ] D: _automationChanging false
[   142.00 ] D: findTrackIndexByPoint 0 QRect(0,0 3647x111) false QPointF(839,145)
[   142.00 ] D: findTrackIndexByPoint 1 QRect(0,111 3647x111) true QPointF(839,145)
[   142.00 ] D: mouseMove2
[   142.00 ] D: _automationChanging false
[   142.00 ] D: findTrackIndexByPoint 0 QRect(0,0 3647x111) false QPointF(839,144)
[   142.00 ] D: findTrackIndexByPoint 1 QRect(0,111 3647x111) true QPointF(839,144)
[   142.00 ] D: mouseMove2
[   142.02 ] D: _automationChanging false
[   142.02 ] D: findTrackIndexByPoint 0 QRect(0,0 3647x111) false QPointF(838,140)
[   142.02 ] D: findTrackIndexByPoint 1 QRect(0,111 3647x111) true QPointF(838,140)
[   142.02 ] D: mouseMove2
[   142.02 ] D: _automationChanging false
[   142.02 ] D: findTrackIndexByPoint 0 QRect(0,0 3647x111) false QPointF(837,140)
[   142.02 ] D: findTrackIndexByPoint 1 QRect(0,111 3647x111) true QPointF(837,140)
[   142.02 ] D: mouseMove2
[   142.04 ] D: _automationChanging false
[   142.04 ] D: findTrackIndexByPoint 0 QRect(0,0 3647x111) false QPointF(835,137)
[   142.04 ] D: findTrackIndexByPoint 1 QRect(0,111 3647x111) true QPointF(835,137)
[   142.04 ] D: mouseMove2
[   142.04 ] D: createSelectedPoints 1 -1
[   142.04 ] D: inSelectedLineRETURN2
[   142.04 ] D: _automationChanging false
[   142.04 ] D: findTrackIndexByPoint 0 QRect(0,0 3647x111) false QPointF(835,136)
[   142.04 ] D: findTrackIndexByPoint 1 QRect(0,111 3647x111) true QPointF(835,136)
[   142.04 ] D: mouseMove2
[   142.06 ] D: inSelectedLineRETURN2
[   142.06 ] D: _automationChanging false
[   142.06 ] D: findTrackIndexByPoint 0 QRect(0,0 3647x111) false QPointF(835,134)
[   142.06 ] D: findTrackIndexByPoint 1 QRect(0,111 3647x111) true QPointF(835,134)
[   142.06 ] D: mouseMove2
[   142.06 ] D: _automationChanging false
[   142.06 ] D: findTrackIndexByPoint 0 QRect(0,0 3647x111) false QPointF(834,134)
[   142.06 ] D: findTrackIndexByPoint 1 QRect(0,111 3647x111) true QPointF(834,134)
[   142.06 ] D: mouseMove2
[   142.06 ] D: _automationChanging false
[   142.06 ] D: findTrackIndexByPoint 0 QRect(0,0 3647x111) false QPointF(834,133)
[   142.06 ] D: findTrackIndexByPoint 1 QRect(0,111 3647x111) true QPointF(834,133)
[   142.06 ] D: mouseMove2
[   142.07 ] D: _automationChanging false
[   142.07 ] D: findTrackIndexByPoint 0 QRect(0,0 3647x111) false QPointF(833,133)
[   142.07 ] D: findTrackIndexByPoint 1 QRect(0,111 3647x111) true QPointF(833,133)
[   142.07 ] D: mouseMove2
[   142.07 ] D: inSelectedLineRETURN2
[   142.08 ] D: _automationChanging false
[   142.08 ] D: findTrackIndexByPoint 0 QRect(0,0 3647x111) false QPointF(833,132)
[   142.08 ] D: findTrackIndexByPoint 1 QRect(0,111 3647x111) true QPointF(833,132)
[   142.08 ] D: mouseMove2
[   142.10 ] D: _automationChanging false
[   142.10 ] D: findTrackIndexByPoint 0 QRect(0,0 3647x111) false QPointF(833,131)
[   142.10 ] D: findTrackIndexByPoint 1 QRect(0,111 3647x111) true QPointF(833,131)
[   142.10 ] D: mouseMove2
[   142.11 ] D: inSelectedLineRETURN2
[   142.13 ] D: inSelectedLineRETURN2
[   142.13 ] D: _automationChanging false
[   142.13 ] D: findTrackIndexByPoint 0 QRect(0,0 3647x111) false QPointF(832,130)
[   142.13 ] D: findTrackIndexByPoint 1 QRect(0,111 3647x111) true QPointF(832,130)
[   142.13 ] D: mouseMove2
[   142.15 ] D: _automationChanging false
[   142.15 ] D: findTrackIndexByPoint 0 QRect(0,0 3647x111) false QPointF(831,130)
[   142.15 ] D: findTrackIndexByPoint 1 QRect(0,111 3647x111) true QPointF(831,130)
[   142.15 ] D: mouseMove2
[   142.15 ] D: inSelectedLineRETURN2
[   142.17 ] D: inSelectedLineRETURN2
[   142.47 ] D: _automationChanging false
[   142.47 ] D: findTrackIndexByPoint 0 QRect(0,0 3647x111) false QPointF(830,130)
[   142.47 ] D: findTrackIndexByPoint 1 QRect(0,111 3647x111) true QPointF(830,130)
[   142.47 ] D: mouseMove2
[   142.48 ] D: inSelectedLineRETURN2
[   142.48 ] D: _automationChanging false
[   142.48 ] D: findTrackIndexByPoint 0 QRect(0,0 3647x111) false QPointF(824,130)
[   142.48 ] D: findTrackIndexByPoint 1 QRect(0,111 3647x111) true QPointF(824,130)
[   142.48 ] D: mouseMove2
[   142.49 ] D: _automationChanging false
[   142.49 ] D: findTrackIndexByPoint 0 QRect(0,0 3647x111) false QPointF(823,130)
[   142.49 ] D: findTrackIndexByPoint 1 QRect(0,111 3647x111) true QPointF(823,130)
[   142.49 ] D: mouseMove2
[   142.49 ] D: _automationChanging false
[   142.49 ] D: findTrackIndexByPoint 0 QRect(0,0 3647x111) false QPointF(821,130)
[   142.49 ] D: findTrackIndexByPoint 1 QRect(0,111 3647x111) true QPointF(821,130)
[   142.49 ] D: mouseMove2
[   142.49 ] D: _automationChanging false
[   142.49 ] D: findTrackIndexByPoint 0 QRect(0,0 3647x111) false QPointF(820,130)
[   142.49 ] D: findTrackIndexByPoint 1 QRect(0,111 3647x111) true QPointF(820,130)
[   142.49 ] D: mouseMove2
[   142.50 ] D: _automationChanging false
[   142.50 ] D: findTrackIndexByPoint 0 QRect(0,0 3647x111) false QPointF(805,130)
[   142.50 ] D: findTrackIndexByPoint 1 QRect(0,111 3647x111) true QPointF(805,130)
[   142.50 ] D: mouseMove2
[   142.51 ] D: createSelectedPoints 1 -1
[   142.51 ] D: inSelectedLineRETURN2
[   142.51 ] D: _automationChanging false
[   142.51 ] D: findTrackIndexByPoint 0 QRect(0,0 3647x111) false QPointF(802,130)
[   142.51 ] D: findTrackIndexByPoint 1 QRect(0,111 3647x111) true QPointF(802,130)
[   142.51 ] D: mouseMove2
[   142.51 ] D: _automationChanging false
[   142.51 ] D: findTrackIndexByPoint 0 QRect(0,0 3647x111) false QPointF(801,130)
[   142.51 ] D: findTrackIndexByPoint 1 QRect(0,111 3647x111) true QPointF(801,130)
[   142.51 ] D: mouseMove2
[   142.51 ] D: _automationChanging false
[   142.51 ] D: findTrackIndexByPoint 0 QRect(0,0 3647x111) false QPointF(797,130)
[   142.51 ] D: findTrackIndexByPoint 1 QRect(0,111 3647x111) true QPointF(797,130)
[   142.51 ] D: mouseMove2
[   142.52 ] D: createSelectedPoints 1 -1
[   142.52 ] D: inSelectedLineRETURN2
[   142.52 ] D: _automationChanging false
[   142.52 ] D: findTrackIndexByPoint 0 QRect(0,0 3647x111) false QPointF(774,130)
[   142.52 ] D: findTrackIndexByPoint 1 QRect(0,111 3647x111) true QPointF(774,130)
[   142.52 ] D: mouseMove2
[   142.52 ] D: _automationChanging false
[   142.52 ] D: findTrackIndexByPoint 0 QRect(0,0 3647x111) false QPointF(770,130)
[   142.52 ] D: findTrackIndexByPoint 1 QRect(0,111 3647x111) true QPointF(770,130)
[   142.52 ] D: mouseMove2
[   142.53 ] D: _automationChanging false
[   142.53 ] D: findTrackIndexByPoint 0 QRect(0,0 3647x111) false QPointF(768,130)
[   142.53 ] D: findTrackIndexByPoint 1 QRect(0,111 3647x111) true QPointF(768,130)
[   142.53 ] D: mouseMove2
[   142.53 ] D: _automationChanging false
[   142.53 ] D: findTrackIndexByPoint 0 QRect(0,0 3647x111) false QPointF(763,130)
[   142.53 ] D: findTrackIndexByPoint 1 QRect(0,111 3647x111) true QPointF(763,130)
[   142.53 ] D: mouseMove2
[   142.55 ] D: _automationChanging false
[   142.55 ] D: findTrackIndexByPoint 0 QRect(0,0 3647x111) false QPointF(737,128)
[   142.55 ] D: findTrackIndexByPoint 1 QRect(0,111 3647x111) true QPointF(737,128)
[   142.55 ] D: mouseMove2
[   142.55 ] D: _automationChanging false
[   142.55 ] D: findTrackIndexByPoint 0 QRect(0,0 3647x111) false QPointF(735,128)
[   142.55 ] D: findTrackIndexByPoint 1 QRect(0,111 3647x111) true QPointF(735,128)
[   142.55 ] D: mouseMove2
[   142.55 ] D: createSelectedPoints 1 -1
[   142.55 ] D: inSelectedLineRETURN2
[   142.55 ] D: _automationChanging false
[   142.55 ] D: findTrackIndexByPoint 0 QRect(0,0 3647x111) false QPointF(731,128)
[   142.55 ] D: findTrackIndexByPoint 1 QRect(0,111 3647x111) true QPointF(731,128)
[   142.55 ] D: mouseMove2
[   142.55 ] D: _automationChanging false
[   142.55 ] D: findTrackIndexByPoint 0 QRect(0,0 3647x111) false QPointF(729,128)
[   142.55 ] D: findTrackIndexByPoint 1 QRect(0,111 3647x111) true QPointF(729,128)
[   142.55 ] D: mouseMove2
[   142.57 ] D: _automationChanging false
[   142.57 ] D: findTrackIndexByPoint 0 QRect(0,0 3647x111) false QPointF(710,127)
[   142.57 ] D: findTrackIndexByPoint 1 QRect(0,111 3647x111) true QPointF(710,127)
[   142.57 ] D: mouseMove2
[   142.57 ] D: createSelectedPoints 1 -1
[   142.57 ] D: inSelectedLineRETURN2
[   142.57 ] D: _automationChanging false
[   142.57 ] D: findTrackIndexByPoint 0 QRect(0,0 3647x111) false QPointF(707,127)
[   142.57 ] D: findTrackIndexByPoint 1 QRect(0,111 3647x111) true QPointF(707,127)
[   142.57 ] D: mouseMove2
[   142.57 ] D: _automationChanging false
[   142.57 ] D: findTrackIndexByPoint 0 QRect(0,0 3647x111) false QPointF(704,127)
[   142.57 ] D: findTrackIndexByPoint 1 QRect(0,111 3647x111) true QPointF(704,127)
[   142.57 ] D: mouseMove2
[   142.57 ] D: _automationChanging false
[   142.57 ] D: findTrackIndexByPoint 0 QRect(0,0 3647x111) false QPointF(702,127)
[   142.57 ] D: findTrackIndexByPoint 1 QRect(0,111 3647x111) true QPointF(702,127)
[   142.57 ] D: mouseMove2
[   142.59 ] D: inSelectedLineRETURN2
[   142.59 ] D: _automationChanging false
[   142.59 ] D: findTrackIndexByPoint 0 QRect(0,0 3647x111) false QPointF(688,126)
[   142.59 ] D: findTrackIndexByPoint 1 QRect(0,111 3647x111) true QPointF(688,126)
[   142.59 ] D: mouseMove2
[   142.59 ] D: _automationChanging false
[   142.59 ] D: findTrackIndexByPoint 0 QRect(0,0 3647x111) false QPointF(685,126)
[   142.59 ] D: findTrackIndexByPoint 1 QRect(0,111 3647x111) true QPointF(685,126)
[   142.59 ] D: mouseMove2
[   142.59 ] D: _automationChanging false
[   142.59 ] D: findTrackIndexByPoint 0 QRect(0,0 3647x111) false QPointF(684,126)
[   142.59 ] D: findTrackIndexByPoint 1 QRect(0,111 3647x111) true QPointF(684,126)
[   142.59 ] D: mouseMove2
[   142.59 ] D: _automationChanging false
[   142.59 ] D: findTrackIndexByPoint 0 QRect(0,0 3647x111) false QPointF(682,126)
[   142.59 ] D: findTrackIndexByPoint 1 QRect(0,111 3647x111) true QPointF(682,126)
[   142.59 ] D: mouseMove2
[   142.60 ] D: _automationChanging false
[   142.60 ] D: findTrackIndexByPoint 0 QRect(0,0 3647x111) false QPointF(677,126)
[   142.60 ] D: findTrackIndexByPoint 1 QRect(0,111 3647x111) true QPointF(677,126)
[   142.60 ] D: mouseMove2
[   142.60 ] D: createSelectedPoints 1 -1
[   142.60 ] D: inSelectedLineRETURN2
[   142.60 ] D: _automationChanging false
[   142.60 ] D: findTrackIndexByPoint 0 QRect(0,0 3647x111) false QPointF(676,125)
[   142.60 ] D: findTrackIndexByPoint 1 QRect(0,111 3647x111) true QPointF(676,125)
[   142.60 ] D: mouseMove2
[   142.61 ] D: _automationChanging false
[   142.61 ] D: findTrackIndexByPoint 0 QRect(0,0 3647x111) false QPointF(675,125)
[   142.61 ] D: findTrackIndexByPoint 1 QRect(0,111 3647x111) true QPointF(675,125)
[   142.61 ] D: mouseMove2
[   142.62 ] D: _automationChanging false
[   142.62 ] D: findTrackIndexByPoint 0 QRect(0,0 3647x111) false QPointF(674,125)
[   142.62 ] D: findTrackIndexByPoint 1 QRect(0,111 3647x111) true QPointF(674,125)
[   142.62 ] D: mouseMove2
[   142.62 ] D: createSelectedPoints 1 -1
[   142.62 ] D: inSelectedLineRETURN2
[   142.65 ] D: inSelectedLineRETURN2
[   142.78 ] D: inSelectedLineRETURN2
[   142.80 ] D: inSelectedLineRETURN2
[   142.87 ] D: inSelectedLineRETURN2
[   142.92 ] D: inSelectedLineRETURN2
[   142.93 ] D: inSelectedLineRETURN2
[   142.96 ] D: inSelectedLineRETURN2
[   142.97 ] D: inSelectedLineRETURN2
[   143.01 ] D: findTrackIndexByPoint 0 QRect(0,0 3647x111) false QPointF(708,166)
[   143.01 ] D: findTrackIndexByPoint 1 QRect(0,111 3647x111) true QPointF(708,166)
[   143.04 ] D: createSelectedPoints 1 -1
[   144.59 ] D: findTrackIndexByPoint 0 QRect(0,0 3647x111) false QPointF(518,214)
[   144.59 ] D: findTrackIndexByPoint 1 QRect(0,111 3647x111) true QPointF(518,214)
[   144.62 ] D: createSelectedPoints 1 -1
[   144.68 ] D: _automationChanging true
[   144.68 ] D: mouseMove2
[   144.68 ] D: _automationChanging true
[   144.68 ] D: mouseMove2
[   144.68 ] D: _automationChanging true
[   144.68 ] D: mouseMove2
[   144.70 ] D: _automationChanging true
[   144.70 ] D: mouseMove2
[   144.70 ] D: _automationChanging true
[   144.70 ] D: _currentMouseY 522 207 518 214 QSizeF(4, -7)
[   144.70 ] D: mouseMove2
[   144.72 ] D: _automationChanging true
[   144.72 ] D: _currentMouseY 525 201 518 214 QSizeF(3, -6)
[   144.72 ] D: _pointActive1 false true false
[   144.72 ] D: mouseMove2
[   144.72 ] D: isAutomated 0
[   144.72 ] D: isAutomated 0
[   144.72 ] D: isAutomated 0
[   144.72 ] D: _automationChanging true
[   144.72 ] D: _currentMouseY 526 200 518 214 QSizeF(1, -1)
[   144.72 ] D: mouseMove2
[   144.73 ] D: _automationChanging true
[   144.73 ] D: _currentMouseY 526 199 518 214 QSizeF(0, -1)
[   144.73 ] D: mouseMove2
[   144.74 ] D: _pointActive2 false 1
[   144.74 ] D: createSelectedPoints 1 -1
[   144.74 ] D: _automationChanging true
[   144.74 ] D: _currentMouseY 528 192 518 214 QSizeF(2, -7)
[   144.74 ] D: mouseMove2
[   144.75 ] D: _automationChanging true
[   144.75 ] D: _currentMouseY 528 191 518 214 QSizeF(0, -1)
[   144.75 ] D: mouseMove2
[   144.76 ] D: _automationChanging true
[   144.76 ] D: _currentMouseY 530 186 518 214 QSizeF(2, -5)
[   144.77 ] D: mouseMove2
[   144.77 ] D: _automationChanging true
[   144.77 ] D: _currentMouseY 532 180 518 214 QSizeF(2, -6)
[   144.77 ] D: mouseMove2
[   144.77 ] D: _automationChanging true
[   144.77 ] D: _currentMouseY 532 179 518 214 QSizeF(0, -1)
[   144.77 ] D: mouseMove2
[   144.78 ] D: _pointActive2 false 1
[   144.78 ] D: createSelectedPoints 1 -1
[   144.80 ] D: _pointActive2 false 1
[   144.80 ] D: createSelectedPoints 1 -1
[   144.80 ] D: _automationChanging true
[   144.81 ] D: _currentMouseY 533 168 518 214 QSizeF(1, -11)
[   144.81 ] D: mouseMove2
[   144.81 ] D: _automationChanging true
[   144.81 ] D: _currentMouseY 534 167 518 214 QSizeF(1, -1)
[   144.81 ] D: mouseMove2
[   144.81 ] D: _automationChanging true
[   144.81 ] D: _currentMouseY 534 167 518 214 QSizeF(0, 0)
[   144.81 ] D: mouseMove2
[   144.83 ] D: _automationChanging true
[   144.83 ] D: _currentMouseY 534 166 518 214 QSizeF(0, -1)
[   144.83 ] D: _pointActive2 false 1
[   144.83 ] D: createSelectedPoints 1 -1
[   144.83 ] D: mouseMove2
[   144.83 ] D: _automationChanging true
[   144.83 ] D: _currentMouseY 534 164 518 214 QSizeF(0, -2)
[   144.83 ] D: mouseMove2
[   144.86 ] D: _automationChanging true
[   144.86 ] D: _currentMouseY 535 155 518 214 QSizeF(1, -9)
[   144.86 ] D: _pointActive2 false 1
[   144.86 ] D: createSelectedPoints 1 -1
[   144.86 ] D: mouseMove2
[   144.87 ] D: _automationChanging true
[   144.87 ] D: _currentMouseY 536 145 518 214 QSizeF(1, -10)
[   144.87 ] D: mouseMove2
[   144.87 ] D: _automationChanging true
[   144.87 ] D: _currentMouseY 536 144 518 214 QSizeF(0, -1)
[   144.87 ] D: mouseMove2
[   144.90 ] D: _automationChanging true
[   144.90 ] D: _currentMouseY 536 140 518 214 QSizeF(0, -4)
[   144.90 ] D: mouseMove2
[   144.90 ] D: _automationChanging true
[   144.90 ] D: _currentMouseY 536 139 518 214 QSizeF(0, -1)
[   144.90 ] D: _pointActive2 false 1
[   144.90 ] D: createSelectedPoints 1 -1
[   144.90 ] D: mouseMove2
[   144.92 ] D: _pointActive2 false 1
[   144.92 ] D: createSelectedPoints 1 -1
[   145.37 ] D: createSelectedPoints 1 -1
[   145.37 ] D: isAutomated 0
[   145.37 ] D: isAutomated 0
[   145.37 ] D: isAutomated 0
[   145.74 ] D: findTrackIndexByPoint 0 QRect(0,0 3647x111) false QPointF(672,134)
[   145.74 ] D: findTrackIndexByPoint 1 QRect(0,111 3647x111) true QPointF(672,134)
[   145.76 ] D: createSelectedPoints 1 -1
[   145.81 ] D: _automationChanging false
[   145.81 ] D: findTrackIndexByPoint 0 QRect(0,0 3647x111) false QPointF(673,139)
[   145.81 ] D: findTrackIndexByPoint 1 QRect(0,111 3647x111) true QPointF(673,139)
[   145.81 ] D: mouseMove2
[   145.81 ] D: _automationChanging false
[   145.81 ] D: findTrackIndexByPoint 0 QRect(0,0 3647x111) false QPointF(673,140)
[   145.81 ] D: findTrackIndexByPoint 1 QRect(0,111 3647x111) true QPointF(673,140)
[   145.81 ] D: mouseMove2
[   145.82 ] D: _automationChanging false
[   145.82 ] D: findTrackIndexByPoint 0 QRect(0,0 3647x111) false QPointF(673,141)
[   145.82 ] D: findTrackIndexByPoint 1 QRect(0,111 3647x111) true QPointF(673,141)
[   145.82 ] D: mouseMove2
[   145.83 ] D: _automationChanging false
[   145.83 ] D: findTrackIndexByPoint 0 QRect(0,0 3647x111) false QPointF(673,146)
[   145.83 ] D: findTrackIndexByPoint 1 QRect(0,111 3647x111) true QPointF(673,146)
[   145.83 ] D: mouseMove2
[   145.83 ] D: _automationChanging false
[   145.83 ] D: findTrackIndexByPoint 0 QRect(0,0 3647x111) false QPointF(673,147)
[   145.83 ] D: findTrackIndexByPoint 1 QRect(0,111 3647x111) true QPointF(673,147)
[   145.83 ] D: mouseMove2
[   145.83 ] D: _automationChanging false
[   145.83 ] D: findTrackIndexByPoint 0 QRect(0,0 3647x111) false QPointF(673,148)
[   145.83 ] D: findTrackIndexByPoint 1 QRect(0,111 3647x111) true QPointF(673,148)
[   145.83 ] D: mouseMove2
[   145.87 ] D: _automationChanging false
[   145.87 ] D: findTrackIndexByPoint 0 QRect(0,0 3647x111) false QPointF(673,157)
[   145.87 ] D: findTrackIndexByPoint 1 QRect(0,111 3647x111) true QPointF(673,157)
[   145.87 ] D: mouseMove2
[   145.87 ] D: _automationChanging false
[   145.87 ] D: findTrackIndexByPoint 0 QRect(0,0 3647x111) false QPointF(673,158)
[   145.87 ] D: findTrackIndexByPoint 1 QRect(0,111 3647x111) true QPointF(673,158)
[   145.87 ] D: mouseMove2
[   145.88 ] D: _automationChanging false
[   145.88 ] D: findTrackIndexByPoint 0 QRect(0,0 3647x111) false QPointF(673,159)
[   145.88 ] D: findTrackIndexByPoint 1 QRect(0,111 3647x111) true QPointF(673,159)
[   145.88 ] D: mouseMove2
[   145.88 ] D: _automationChanging false
[   145.88 ] D: findTrackIndexByPoint 0 QRect(0,0 3647x111) false QPointF(673,160)
[   145.88 ] D: findTrackIndexByPoint 1 QRect(0,111 3647x111) true QPointF(673,160)
[   145.88 ] D: mouseMove2
[   145.91 ] D: _automationChanging false
[   145.91 ] D: findTrackIndexByPoint 0 QRect(0,0 3647x111) false QPointF(672,163)
[   145.91 ] D: findTrackIndexByPoint 1 QRect(0,111 3647x111) true QPointF(672,163)
[   145.91 ] D: mouseMove2
[   145.91 ] D: _automationChanging false
[   145.91 ] D: findTrackIndexByPoint 0 QRect(0,0 3647x111) false QPointF(672,164)
[   145.91 ] D: findTrackIndexByPoint 1 QRect(0,111 3647x111) true QPointF(672,164)
[   145.91 ] D: mouseMove2
[   145.92 ] D: _automationChanging false
[   145.92 ] D: findTrackIndexByPoint 0 QRect(0,0 3647x111) false QPointF(672,165)
[   145.92 ] D: findTrackIndexByPoint 1 QRect(0,111 3647x111) true QPointF(672,165)
[   145.92 ] D: mouseMove2
[   145.93 ] D: _automationChanging false
[   145.93 ] D: findTrackIndexByPoint 0 QRect(0,0 3647x111) false QPointF(672,167)
[   145.93 ] D: findTrackIndexByPoint 1 QRect(0,111 3647x111) true QPointF(672,167)
[   145.93 ] D: mouseMove2
[   145.94 ] D: _automationChanging false
[   145.94 ] D: findTrackIndexByPoint 0 QRect(0,0 3647x111) false QPointF(672,168)
[   145.94 ] D: findTrackIndexByPoint 1 QRect(0,111 3647x111) true QPointF(672,168)
[   145.94 ] D: mouseMove2
[   145.95 ] D: _automationChanging false
[   145.95 ] D: findTrackIndexByPoint 0 QRect(0,0 3647x111) false QPointF(671,171)
[   145.95 ] D: findTrackIndexByPoint 1 QRect(0,111 3647x111) true QPointF(671,171)
[   145.95 ] D: mouseMove2
[   145.95 ] D: _automationChanging false
[   145.95 ] D: findTrackIndexByPoint 0 QRect(0,0 3647x111) false QPointF(670,171)
[   145.95 ] D: findTrackIndexByPoint 1 QRect(0,111 3647x111) true QPointF(670,171)
[   145.95 ] D: mouseMove2
[   145.96 ] D: _automationChanging false
[   145.96 ] D: findTrackIndexByPoint 0 QRect(0,0 3647x111) false QPointF(670,172)
[   145.96 ] D: findTrackIndexByPoint 1 QRect(0,111 3647x111) true QPointF(670,172)
[   145.96 ] D: mouseMove2
[   145.96 ] D: _automationChanging false
[   145.96 ] D: findTrackIndexByPoint 0 QRect(0,0 3647x111) false QPointF(670,173)
[   145.96 ] D: findTrackIndexByPoint 1 QRect(0,111 3647x111) true QPointF(670,173)
[   145.96 ] D: mouseMove2
[   145.97 ] D: _automationChanging false
[   145.97 ] D: findTrackIndexByPoint 0 QRect(0,0 3647x111) false QPointF(669,177)
[   145.97 ] D: findTrackIndexByPoint 1 QRect(0,111 3647x111) true QPointF(669,177)
[   145.97 ] D: mouseMove2
[   145.98 ] D: _automationChanging false
[   145.98 ] D: findTrackIndexByPoint 0 QRect(0,0 3647x111) false QPointF(668,178)
[   145.98 ] D: findTrackIndexByPoint 1 QRect(0,111 3647x111) true QPointF(668,178)
[   145.98 ] D: mouseMove2
[   145.99 ] D: _automationChanging false
[   145.99 ] D: findTrackIndexByPoint 0 QRect(0,0 3647x111) false QPointF(667,182)
[   145.99 ] D: findTrackIndexByPoint 1 QRect(0,111 3647x111) true QPointF(667,182)
[   145.99 ] D: mouseMove2
[   146.00 ] D: _automationChanging false
[   146.00 ] D: findTrackIndexByPoint 0 QRect(0,0 3647x111) false QPointF(667,183)
[   146.00 ] D: findTrackIndexByPoint 1 QRect(0,111 3647x111) true QPointF(667,183)
[   146.00 ] D: mouseMove2
[   146.01 ] D: _automationChanging false
[   146.01 ] D: findTrackIndexByPoint 0 QRect(0,0 3647x111) false QPointF(666,184)
[   146.01 ] D: findTrackIndexByPoint 1 QRect(0,111 3647x111) true QPointF(666,184)
[   146.01 ] D: mouseMove2
[   146.01 ] D: _automationChanging false
[   146.01 ] D: findTrackIndexByPoint 0 QRect(0,0 3647x111) false QPointF(666,185)
[   146.01 ] D: findTrackIndexByPoint 1 QRect(0,111 3647x111) true QPointF(666,185)
[   146.01 ] D: mouseMove2
[   146.02 ] D: _automationChanging false
[   146.02 ] D: findTrackIndexByPoint 0 QRect(0,0 3647x111) false QPointF(665,185)
[   146.02 ] D: findTrackIndexByPoint 1 QRect(0,111 3647x111) true QPointF(665,185)
[   146.02 ] D: mouseMove2
[   146.03 ] D: _automationChanging false
[   146.03 ] D: findTrackIndexByPoint 0 QRect(0,0 3647x111) false QPointF(665,186)
[   146.04 ] D: findTrackIndexByPoint 1 QRect(0,111 3647x111) true QPointF(665,186)
[   146.04 ] D: mouseMove2
[   146.05 ] D: _automationChanging false
[   146.05 ] D: findTrackIndexByPoint 0 QRect(0,0 3647x111) false QPointF(665,187)
[   146.05 ] D: findTrackIndexByPoint 1 QRect(0,111 3647x111) true QPointF(665,187)
[   146.05 ] D: mouseMove2
[   146.84 ] D: findTrackIndexByPoint 0 QRect(0,0 3647x111) false QPointF(677,142)
[   146.84 ] D: findTrackIndexByPoint 1 QRect(0,111 3647x111) true QPointF(677,142)
[   146.88 ] D: createSelectedPoints 1 -1
[   146.93 ] D: _automationChanging true
[   146.93 ] D: mouseMove2
[   146.93 ] D: _automationChanging true
[   146.93 ] D: mouseMove2
[   146.93 ] D: _automationChanging true
[   146.93 ] D: _currentMouseY 676 150 677 142 QSizeF(-1, 8)
[   146.94 ] D: mouseMove2
[   146.94 ] D: _automationChanging true
[   146.94 ] D: _currentMouseY 675 152 677 142 QSizeF(-1, 2)
[   146.94 ] D: mouseMove2
[   146.95 ] D: _automationChanging true
[   146.95 ] D: _currentMouseY 672 161 677 142 QSizeF(-3, 9)
[   146.95 ] D: mouseMove2
[   146.95 ] D: _automationChanging true
[   146.95 ] D: _currentMouseY 671 162 677 142 QSizeF(-1, 1)
[   146.95 ] D: mouseMove2
[   146.95 ] D: _automationChanging true
[   146.95 ] D: _pointActive1 false true false
[   146.95 ] D: _currentMouseY 670 164 677 142 QSizeF(-1, 2)
[   146.96 ] D: mouseMove2
[   146.96 ] D: isAutomated 0
[   146.96 ] D: isAutomated 0
[   146.96 ] D: isAutomated 0
[   146.98 ] D: _pointActive2 false 1
[   146.98 ] D: _automationChanging true
[   146.98 ] D: createSelectedPoints 1 -1
[   146.98 ] D: _currentMouseY 665 175 677 142 QSizeF(-5, 11)
[   146.98 ] D: mouseMove2
[   146.98 ] D: _automationChanging true
[   146.98 ] D: _currentMouseY 660 187 677 142 QSizeF(-5, 12)
[   146.98 ] D: mouseMove2
[   146.98 ] D: _automationChanging true
[   146.98 ] D: _currentMouseY 659 189 677 142 QSizeF(-1, 2)
[   146.98 ] D: mouseMove2
[   147.00 ] D: _automationChanging true
[   147.00 ] D: _currentMouseY 657 194 677 142 QSizeF(-2, 5)
[   147.00 ] D: _pointActive2 false 1
[   147.00 ] D: createSelectedPoints 1 -1
[   147.00 ] D: mouseMove2
[   147.00 ] D: _automationChanging true
[   147.00 ] D: _currentMouseY 657 195 677 142 QSizeF(0, 1)
[   147.00 ] D: mouseMove2
[   147.00 ] D: _automationChanging true
[   147.00 ] D: _currentMouseY 656 195 677 142 QSizeF(-1, 0)
[   147.00 ] D: mouseMove2
[   147.02 ] D: _pointActive2 false 1
[   147.02 ] D: createSelectedPoints 1 -1
[   147.02 ] D: _automationChanging true
[   147.02 ] D: _currentMouseY 655 199 677 142 QSizeF(-1, 4)
[   147.02 ] D: mouseMove2
[   147.02 ] D: _automationChanging true
[   147.02 ] D: _currentMouseY 654 200 677 142 QSizeF(-1, 1)
[   147.02 ] D: mouseMove2
[   147.02 ] D: _automationChanging true
[   147.02 ] D: _currentMouseY 654 200 677 142 QSizeF(0, 0)
[   147.03 ] D: mouseMove2
[   147.04 ] D: _automationChanging true
[   147.04 ] D: _currentMouseY 653 203 677 142 QSizeF(-1, 3)
[   147.04 ] D: _pointActive2 false 1
[   147.04 ] D: createSelectedPoints 1 -1
[   147.04 ] D: mouseMove2
[   147.05 ] D: _automationChanging true
[   147.05 ] D: _currentMouseY 652 203 677 142 QSizeF(-1, 0)
[   147.05 ] D: mouseMove2
[   147.07 ] D: _automationChanging true
[   147.07 ] D: _currentMouseY 652 204 677 142 QSizeF(0, 1)
[   147.07 ] D: _pointActive2 false 1
[   147.07 ] D: createSelectedPoints 1 -1
[   147.07 ] D: mouseMove2
[   147.07 ] D: _automationChanging true
[   147.07 ] D: _currentMouseY 651 208 677 142 QSizeF(-1, 4)
[   147.07 ] D: mouseMove2
[   147.07 ] D: _automationChanging true
[   147.07 ] D: _currentMouseY 650 209 677 142 QSizeF(-1, 1)
[   147.07 ] D: mouseMove2
[   147.09 ] D: _pointActive2 false 1
[   147.09 ] D: createSelectedPoints 1 -1
[   147.09 ] D: _automationChanging true
[   147.09 ] D: _currentMouseY 648 212 677 142 QSizeF(-2, 3)
[   147.09 ] D: mouseMove2
[   147.09 ] D: _automationChanging true
[   147.09 ] D: _currentMouseY 648 213 677 142 QSizeF(0, 1)
[   147.09 ] D: mouseMove2
[   147.11 ] D: _automationChanging true
[   147.11 ] D: _currentMouseY 646 217 677 142 QSizeF(-2, 4)
[   147.11 ] D: _pointActive2 false 1
[   147.11 ] D: createSelectedPoints 1 -1
[   147.11 ] D: mouseMove2
[   147.11 ] D: _automationChanging true
[   147.11 ] D: _currentMouseY 645 217 677 142 QSizeF(-1, 0)
[   147.11 ] D: mouseMove2
[   147.13 ] D: _automationChanging true
[   147.13 ] D: _currentMouseY 643 218 677 142 QSizeF(-2, 5)
[   147.13 ] D: _pointActive2 false 1
[   147.13 ] D: createSelectedPoints 1 -1
[   147.13 ] D: mouseMove2
[   147.14 ] D: _automationChanging true
[   147.14 ] D: _currentMouseY 642 218 677 142 QSizeF(-1, 1)
[   147.14 ] D: mouseMove2
[   147.14 ] D: _automationChanging true
[   147.14 ] D: _currentMouseY 641 218 677 142 QSizeF(-1, 0)
[   147.14 ] D: mouseMove2
[   147.16 ] D: _automationChanging true
[   147.16 ] D: _currentMouseY 640 218 677 142 QSizeF(-1, 3)
[   147.16 ] D: _pointActive2 false 1
[   147.16 ] D: createSelectedPoints 1 -1
[   147.16 ] D: mouseMove2
[   147.16 ] D: _automationChanging true
[   147.16 ] D: _currentMouseY 638 218 677 142 QSizeF(-2, 4)
[   147.16 ] D: mouseMove2
[   147.16 ] D: _automationChanging true
[   147.16 ] D: _currentMouseY 638 218 677 142 QSizeF(0, 1)
[   147.16 ] D: mouseMove2
[   147.18 ] D: _pointActive2 false 1
[   147.18 ] D: createSelectedPoints 1 -1
[   147.18 ] D: _automationChanging true
[   147.18 ] D: _currentMouseY 637 218 677 142 QSizeF(-1, 2)
[   147.18 ] D: mouseMove2
[   147.23 ] D: _pointActive2 false 1
[   147.23 ] D: createSelectedPoints 1 -1
[   147.24 ] D: _automationChanging true
[   147.24 ] D: _currentMouseY 635 218 677 142 QSizeF(-2, 2)
[   147.25 ] D: mouseMove2
[   147.27 ] D: _automationChanging true
[   147.27 ] D: _currentMouseY 635 218 677 142 QSizeF(0, 0)
[   147.27 ] D: mouseMove2
[   147.27 ] D: _pointActive2 false 1
[   147.27 ] D: createSelectedPoints 1 -1
[   147.29 ] D: _pointActive2 false 1
[   147.29 ] D: createSelectedPoints 1 -1
[   147.44 ] D: _automationChanging true
[   147.44 ] D: _currentMouseY 636 217 677 142 QSizeF(1, -1)
[   147.44 ] D: mouseMove2
[   147.44 ] D: _automationChanging true
[   147.44 ] D: _currentMouseY 636 216 677 142 QSizeF(0, -1)
[   147.44 ] D: mouseMove2
[   147.46 ] D: _pointActive2 false 1
[   147.46 ] D: createSelectedPoints 1 -1
[   147.46 ] D: _automationChanging true
[   147.46 ] D: _currentMouseY 639 208 677 142 QSizeF(3, -8)
[   147.46 ] D: mouseMove2
[   147.46 ] D: _automationChanging true
[   147.46 ] D: _currentMouseY 640 207 677 142 QSizeF(1, -1)
[   147.46 ] D: mouseMove2
[   147.46 ] D: _automationChanging true
[   147.46 ] D: _currentMouseY 640 206 677 142 QSizeF(0, -1)
[   147.47 ] D: mouseMove2
[   147.49 ] D: _automationChanging true
[   147.49 ] D: _currentMouseY 644 201 677 142 QSizeF(4, -5)
[   147.49 ] D: _pointActive2 false 1
[   147.49 ] D: createSelectedPoints 1 -1
[   147.49 ] D: mouseMove2
[   147.49 ] D: _automationChanging true
[   147.49 ] D: _currentMouseY 645 199 677 142 QSizeF(1, -2)
[   147.49 ] D: mouseMove2
[   147.51 ] D: _automationChanging true
[   147.51 ] D: _currentMouseY 645 198 677 142 QSizeF(0, -1)
[   147.51 ] D: _pointActive2 false 1
[   147.51 ] D: createSelectedPoints 1 -1
[   147.51 ] D: mouseMove2
[   147.51 ] D: _automationChanging true
[   147.51 ] D: _currentMouseY 646 197 677 142 QSizeF(1, -1)
[   147.51 ] D: mouseMove2
[   147.53 ] D: _automationChanging true
[   147.53 ] D: _currentMouseY 650 191 677 142 QSizeF(4, -6)
[   147.53 ] D: _pointActive2 false 1
[   147.53 ] D: mouseMove2
[   147.53 ] D: createSelectedPoints 1 -1
[   147.54 ] D: _automationChanging true
[   147.54 ] D: _currentMouseY 651 191 677 142 QSizeF(1, 0)
[   147.54 ] D: mouseMove2
[   147.56 ] D: _pointActive2 false 1
[   147.56 ] D: createSelectedPoints 1 -1
[   147.56 ] D: _automationChanging true
[   147.56 ] D: _currentMouseY 654 187 677 142 QSizeF(3, -4)
[   147.56 ] D: mouseMove2
[   147.58 ] D: _automationChanging true
[   147.58 ] D: _currentMouseY 655 185 677 142 QSizeF(1, -2)
[   147.59 ] D: mouseMove2
[   147.59 ] D: _automationChanging true
[   147.59 ] D: _currentMouseY 656 185 677 142 QSizeF(1, 0)
[   147.59 ] D: mouseMove2
[   147.59 ] D: _pointActive2 false 1
[   147.59 ] D: createSelectedPoints 1 -1
[   147.61 ] D: _pointActive2 false 1
[   147.61 ] D: createSelectedPoints 1 -1
[   147.61 ] D: _automationChanging true
[   147.61 ] D: _currentMouseY 658 184 677 142 QSizeF(2, -1)
[   147.61 ] D: mouseMove2
[   147.61 ] D: _automationChanging true
[   147.61 ] D: _currentMouseY 658 183 677 142 QSizeF(0, -1)
[   147.61 ] D: mouseMove2
[   147.63 ] D: _automationChanging true
[   147.63 ] D: _currentMouseY 659 183 677 142 QSizeF(1, 0)
[   147.63 ] D: _pointActive2 false 1
[   147.63 ] D: createSelectedPoints 1 -1
[   147.63 ] D: mouseMove2
[   147.65 ] D: _pointActive2 false 1
[   147.65 ] D: createSelectedPoints 1 -1
[   147.65 ] D: _automationChanging true
[   147.65 ] D: _currentMouseY 660 182 677 142 QSizeF(1, -1)
[   147.66 ] D: mouseMove2
[   147.66 ] D: _automationChanging true
[   147.66 ] D: _currentMouseY 660 182 677 142 QSizeF(0, 0)
[   147.66 ] D: mouseMove2
[   147.68 ] D: _automationChanging true
[   147.68 ] D: _currentMouseY 661 182 677 142 QSizeF(1, 0)
[   147.68 ] D: _pointActive2 false 1
[   147.68 ] D: createSelectedPoints 1 -1
[   147.68 ] D: mouseMove2
[   147.70 ] D: _automationChanging true
[   147.70 ] D: _currentMouseY 661 182 677 142 QSizeF(0, 0)
[   147.70 ] D: _pointActive2 false 1
[   147.70 ] D: createSelectedPoints 1 -1
[   147.70 ] D: mouseMove2
[   147.72 ] D: _pointActive2 false 1
[   147.72 ] D: createSelectedPoints 1 -1
[   147.95 ] D: createSelectedPoints 1 -1
[   147.95 ] D: isAutomated 0
[   147.95 ] D: isAutomated 0
[   147.95 ] D: isAutomated 0
[   164.70 ] W: qrc:/main.qml:656: TypeError: Cannot read property 'contentY' of undefined
[   164.73 ] W: qrc:/main.qml:656: TypeError: Cannot read property 'contentY' of undefined
[   164.76 ] W: qrc:/main.qml:656: TypeError: Cannot read property 'contentY' of undefined
[   164.78 ] W: qrc:/main.qml:656: TypeError: Cannot read property 'contentY' of undefined
[   165.31 ] W: qrc:/main.qml:658: TypeError: Cannot read property 'contentY' of undefined
[   165.34 ] W: qrc:/main.qml:658: TypeError: Cannot read property 'contentY' of undefined
[   165.38 ] W: qrc:/main.qml:658: TypeError: Cannot read property 'contentY' of undefined
[   166.52 ] D: _requestForLoading false false
[   166.52 ] D: _requestForLoading2
[   166.52 ] D: _numberOfSampleBuffer 0
[   174.53 ] D: findTrackIndexByPoint 0 QRect(0,0 3647x111) false QPointF(1082,153)
[   174.53 ] D: findTrackIndexByPoint 1 QRect(0,111 3647x111) true QPointF(1082,153)
[   174.56 ] D: _automationChanging true
[   174.56 ] D: mouseMove2
[   174.56 ] D: createSelectedPoints 1 -1
[   174.58 ] D: _automationChanging true
[   174.58 ] D: mouseMove2
[   174.60 ] D: _automationChanging true
[   174.60 ] D: mouseMove2
[   174.64 ] D: _automationChanging true
[   174.64 ] D: _currentMouseY 1085 156 1082 153 QSizeF(3, 3)
[   174.64 ] D: mouseMove2
[   174.64 ] D: _automationChanging true
[   174.64 ] D: _currentMouseY 1088 161 1082 153 QSizeF(3, 5)
[   174.64 ] D: mouseMove2
[   174.64 ] D: _automationChanging true
[   174.64 ] D: _currentMouseY 1088 162 1082 153 QSizeF(0, 1)
[   174.64 ] D: mouseMove2
[   174.66 ] D: _pointActive1 false true false
[   174.66 ] D: _automationChanging true
[   174.66 ] D: _currentMouseY 1088 169 1082 153 QSizeF(0, 7)
[   174.66 ] D: mouseMove2
[   174.66 ] D: isAutomated 0
[   174.66 ] D: isAutomated 0
[   174.66 ] D: isAutomated 0
[   174.66 ] D: _automationChanging true
[   174.66 ] D: _currentMouseY 1089 177 1082 153 QSizeF(1, 8)
[   174.66 ] D: mouseMove2
[   174.66 ] D: _automationChanging true
[   174.66 ] D: _currentMouseY 1089 177 1082 153 QSizeF(0, 0)
[   174.66 ] D: mouseMove2
[   174.68 ] D: _automationChanging true
[   174.68 ] D: _currentMouseY 1089 178 1082 153 QSizeF(0, 1)
[   174.68 ] D: mouseMove2
[   174.68 ] D: _pointActive2 false 1
[   174.68 ] D: createSelectedPoints 1 -1
[   174.70 ] D: _pointActive2 false 1
[   174.70 ] D: _automationChanging true
[   174.71 ] D: createSelectedPoints 1 -1
[   174.71 ] D: _currentMouseY 1089 184 1082 153 QSizeF(0, 6)
[   174.71 ] D: mouseMove2
[   174.71 ] D: _automationChanging true
[   174.71 ] D: _currentMouseY 1089 185 1082 153 QSizeF(0, 1)
[   174.71 ] D: mouseMove2
[   174.73 ] D: _pointActive2 false 1
[   174.73 ] D: createSelectedPoints 1 -1
[   174.73 ] D: _automationChanging true
[   174.73 ] D: _currentMouseY 1089 187 1082 153 QSizeF(0, 2)
[   174.73 ] D: mouseMove2
[   174.75 ] D: _automationChanging true
[   174.75 ] D: _currentMouseY 1089 190 1082 153 QSizeF(0, 3)
[   174.75 ] D: mouseMove2
[   174.75 ] D: _pointActive2 false 1
[   174.75 ] D: createSelectedPoints 1 -1
[   174.77 ] D: _pointActive2 false 1
[   174.77 ] D: _automationChanging true
[   174.77 ] D: createSelectedPoints 1 -1
[   174.77 ] D: _currentMouseY 1090 196 1082 153 QSizeF(1, 6)
[   174.77 ] D: mouseMove2
[   174.77 ] D: _automationChanging true
[   174.77 ] D: _currentMouseY 1090 197 1082 153 QSizeF(0, 1)
[   174.78 ] D: mouseMove2
[   174.80 ] D: _pointActive2 false 1
[   174.80 ] D: createSelectedPoints 1 -1
[   174.80 ] D: _automationChanging true
[   174.80 ] D: _currentMouseY 1090 201 1082 153 QSizeF(0, 4)
[   174.80 ] D: mouseMove2
[   174.80 ] D: _automationChanging true
[   174.80 ] D: _currentMouseY 1091 201 1082 153 QSizeF(1, 0)
[   174.80 ] D: mouseMove2
[   174.80 ] D: _automationChanging true
[   174.80 ] D: _currentMouseY 1091 202 1082 153 QSizeF(0, 1)
[   174.80 ] D: mouseMove2
[   174.82 ] D: _pointActive2 false 1
[   174.82 ] D: createSelectedPoints 1 -1
[   174.82 ] D: _automationChanging true
[   174.82 ] D: _currentMouseY 1091 204 1082 153 QSizeF(0, 2)
[   174.82 ] D: mouseMove2
[   174.84 ] D: _pointActive2 false 1
[   174.84 ] D: createSelectedPoints 1 -1
[   174.85 ] D: _automationChanging true
[   174.85 ] D: _currentMouseY 1091 204 1082 153 QSizeF(0, 0)
[   174.85 ] D: mouseMove2
[   174.85 ] D: _automationChanging true
[   174.85 ] D: _currentMouseY 1091 205 1082 153 QSizeF(0, 1)
[   174.85 ] D: mouseMove2
[   174.87 ] D: _automationChanging true
[   174.87 ] D: _currentMouseY 1091 205 1082 153 QSizeF(0, 0)
[   174.87 ] D: mouseMove2
[   174.88 ] D: _pointActive2 false 1
[   174.88 ] D: createSelectedPoints 1 -1
[   174.90 ] D: _pointActive2 false 1
[   174.90 ] D: createSelectedPoints 1 -1
[   175.07 ] D: createSelectedPoints 1 -1
[   175.07 ] D: isAutomated 0
[   175.07 ] D: isAutomated 0
[   175.07 ] D: isAutomated 0
[   175.46 ] D: findTrackIndexByPoint 0 QRect(0,0 3647x111) false QPointF(1124,186)
[   175.46 ] D: findTrackIndexByPoint 1 QRect(0,111 3647x111) true QPointF(1124,186)
[   175.48 ] D: _automationChanging true
[   175.48 ] D: mouseMove2
[   175.48 ] D: createSelectedPoints 1 -1
[   175.52 ] D: _automationChanging true
[   175.52 ] D: mouseMove2
[   175.52 ] D: _automationChanging true
[   175.52 ] D: mouseMove2
[   175.53 ] D: _automationChanging true
[   175.53 ] D: mouseMove2
[   175.54 ] D: _automationChanging true
[   175.54 ] D: mouseMove2
[   175.54 ] D: _automationChanging true
[   175.54 ] D: mouseMove2
[   175.54 ] D: _automationChanging true
[   175.54 ] D: mouseMove2
[   175.56 ] D: _automationChanging true
[   175.56 ] D: mouseMove2
[   175.56 ] D: _pointActive1 false true false
[   175.56 ] D: isAutomated 0
[   175.56 ] D: isAutomated 0
[   175.56 ] D: isAutomated 0
[   175.56 ] D: _automationChanging true
[   175.56 ] D: _currentMouseY 1125 165 1124 186 QSizeF(1, -21)
[   175.56 ] D: mouseMove2
[   175.58 ] D: _pointActive2 false 1
[   175.58 ] D: _automationChanging true
[   175.58 ] D: createSelectedPoints 1 -1
[   175.59 ] D: _currentMouseY 1125 162 1124 186 QSizeF(0, -3)
[   175.59 ] D: mouseMove2
[   175.59 ] D: _automationChanging true
[   175.59 ] D: _currentMouseY 1124 158 1124 186 QSizeF(-1, -4)
[   175.59 ] D: mouseMove2
[   175.60 ] D: _pointActive2 false 1
[   175.61 ] D: createSelectedPoints 1 -1
[   175.61 ] D: _automationChanging true
[   175.61 ] D: _currentMouseY 1124 156 1124 186 QSizeF(0, -2)
[   175.61 ] D: mouseMove2
[   175.61 ] D: _automationChanging true
[   175.61 ] D: _currentMouseY 1124 156 1124 186 QSizeF(0, 0)
[   175.61 ] D: mouseMove2
[   175.63 ] D: _automationChanging true
[   175.63 ] D: _currentMouseY 1123 155 1124 186 QSizeF(-1, -1)
[   175.63 ] D: mouseMove2
[   175.63 ] D: _pointActive2 false 1
[   175.63 ] D: createSelectedPoints 1 -1
[   175.63 ] D: _automationChanging true
[   175.63 ] D: _currentMouseY 1123 154 1124 186 QSizeF(0, -1)
[   175.63 ] D: mouseMove2
[   175.65 ] D: _pointActive2 false 1
[   175.65 ] D: createSelectedPoints 1 -1
[   175.69 ] D: _automationChanging true
[   175.69 ] D: _currentMouseY 1122 152 1124 186 QSizeF(-1, -2)
[   175.69 ] D: mouseMove2
[   175.69 ] D: _automationChanging true
[   175.69 ] D: _currentMouseY 1122 152 1124 186 QSizeF(0, 0)
[   175.70 ] D: mouseMove2
[   175.71 ] D: _pointActive2 false 1
[   175.71 ] D: createSelectedPoints 1 -1
[   175.75 ] D: createSelectedPoints 1 -1
[   175.75 ] D: isAutomated 0
[   175.75 ] D: isAutomated 0
[   175.75 ] D: isAutomated 0
[   178.95 ] D: setTracksRect
[   178.95 ] D: sltStartContentYChanged1
[   178.95 ] D: sltStartContentYChanged2
[   178.95 ] D: sltStartContentYChanged3
[   178.95 ] D: _tracksModel->getItem(i)->rect()1 0 QRect(0,0 1392x111)
[   178.95 ] D: _tracksModel->getItem(i)->rect()1 1 QRect(0,111 1392x111)
[   178.95 ] D: _tracksModel->getItem(i)->rect()1 2 QRect(0,222 1392x111)
[   178.95 ] D: _tracksModel->getItem(i)->rect()1 3 QRect(0,333 1392x111)
[   178.95 ] D: setTracksRect
[   178.96 ] D: setTracksRect
[   178.96 ] D: sltStartContentYChanged4
[   178.96 ] D: setTracksRect
[   178.96 ] D: sltStartContentYChanged1
[   178.96 ] D: sltStartContentYChanged2
[   178.96 ] D: sltStartContentYChanged3
[   178.96 ] D: _tracksModel->getItem(i)->rect()1 0 QRect(0,0 1707x111)
[   178.96 ] D: _tracksModel->getItem(i)->rect()1 1 QRect(0,111 1707x111)
[   178.96 ] D: _tracksModel->getItem(i)->rect()1 2 QRect(0,222 1707x111)
[   178.96 ] D: _tracksModel->getItem(i)->rect()1 3 QRect(0,333 1707x111)
[   178.96 ] D: setTracksRect
[   178.96 ] D: setTracksRect
[   178.96 ] D: sltStartContentYChanged4
[   178.96 ] D: setTracksRect
[   178.96 ] D: sltStartContentYChanged1
[   178.96 ] D: sltStartContentYChanged2
[   178.96 ] D: sltStartContentYChanged3
[   178.96 ] D: _tracksModel->getItem(i)->rect()1 0 QRect(0,0 1707x111)
[   178.96 ] D: _tracksModel->getItem(i)->rect()1 1 QRect(0,111 1707x111)
[   178.96 ] D: _tracksModel->getItem(i)->rect()1 2 QRect(0,222 1707x111)
[   178.96 ] D: _tracksModel->getItem(i)->rect()1 3 QRect(0,333 1707x111)
[   178.96 ] D: setTracksRect
[   178.96 ] D: setTracksRect
[   178.96 ] D: sltStartContentYChanged4
[   181.41 ] D: setTracksRect
[   181.41 ] D: sltStartContentYChanged1
[   181.41 ] D: sltStartContentYChanged2
[   181.41 ] D: sltStartContentYChanged3
[   181.41 ] D: _tracksModel->getItem(i)->rect()1 0 QRect(0,0 1393x111)
[   181.41 ] D: _tracksModel->getItem(i)->rect()1 1 QRect(0,111 1393x111)
[   181.41 ] D: _tracksModel->getItem(i)->rect()1 2 QRect(0,222 1393x111)
[   181.41 ] D: _tracksModel->getItem(i)->rect()1 3 QRect(0,333 1393x111)
[   181.41 ] D: setTracksRect
[   181.41 ] D: setTracksRect
[   181.41 ] D: sltStartContentYChanged4
[   181.41 ] D: setTracksRect
[   181.41 ] D: sltStartContentYChanged1
[   181.41 ] D: sltStartContentYChanged2
[   181.41 ] D: sltStartContentYChanged3
[   181.41 ] D: _tracksModel->getItem(i)->rect()1 0 QRect(0,0 1708x111)
[   181.41 ] D: _tracksModel->getItem(i)->rect()1 1 QRect(0,111 1708x111)
[   181.41 ] D: _tracksModel->getItem(i)->rect()1 2 QRect(0,222 1708x111)
[   181.41 ] D: _tracksModel->getItem(i)->rect()1 3 QRect(0,333 1708x111)
[   181.41 ] D: setTracksRect
[   181.41 ] D: setTracksRect
[   181.41 ] D: sltStartContentYChanged4
[   181.47 ] D: setTracksRect
[   181.47 ] D: sltStartContentYChanged1
[   181.47 ] D: sltStartContentYChanged2
[   181.47 ] D: sltStartContentYChanged3
[   181.47 ] D: _tracksModel->getItem(i)->rect()1 0 QRect(0,0 1402x111)
[   181.47 ] D: _tracksModel->getItem(i)->rect()1 1 QRect(0,111 1402x111)
[   181.47 ] D: _tracksModel->getItem(i)->rect()1 2 QRect(0,222 1402x111)
[   181.47 ] D: _tracksModel->getItem(i)->rect()1 3 QRect(0,333 1402x111)
[   181.47 ] D: setTracksRect
[   181.47 ] D: setTracksRect
[   181.47 ] D: sltStartContentYChanged4
[   181.47 ] D: setTracksRect
[   181.47 ] D: sltStartContentYChanged1
[   181.47 ] D: sltStartContentYChanged2
[   181.47 ] D: sltStartContentYChanged3
[   181.47 ] D: _tracksModel->getItem(i)->rect()1 0 QRect(0,0 1717x111)
[   181.47 ] D: _tracksModel->getItem(i)->rect()1 1 QRect(0,111 1717x111)
[   181.47 ] D: _tracksModel->getItem(i)->rect()1 2 QRect(0,222 1717x111)
[   181.47 ] D: _tracksModel->getItem(i)->rect()1 3 QRect(0,333 1717x111)
[   181.47 ] D: setTracksRect
[   181.47 ] D: setTracksRect
[   181.47 ] D: sltStartContentYChanged4
[   181.62 ] D: setTracksRect
[   181.62 ] D: sltStartContentYChanged1
[   181.62 ] D: sltStartContentYChanged2
[   181.62 ] D: sltStartContentYChanged3
[   181.63 ] D: _tracksModel->getItem(i)->rect()1 0 QRect(0,0 1458x111)
[   181.63 ] D: _tracksModel->getItem(i)->rect()1 1 QRect(0,111 1458x111)
[   181.63 ] D: _tracksModel->getItem(i)->rect()1 2 QRect(0,222 1458x111)
[   181.63 ] D: _tracksModel->getItem(i)->rect()1 3 QRect(0,333 1458x111)
[   181.63 ] D: setTracksRect
[   181.63 ] D: setTracksRect
[   181.63 ] D: sltStartContentYChanged4
[   181.63 ] D: setTracksRect
[   181.63 ] D: sltStartContentYChanged1
[   181.63 ] D: sltStartContentYChanged2
[   181.63 ] D: sltStartContentYChanged3
[   181.63 ] D: _tracksModel->getItem(i)->rect()1 0 QRect(0,0 1773x111)
[   181.63 ] D: _tracksModel->getItem(i)->rect()1 1 QRect(0,111 1773x111)
[   181.63 ] D: _tracksModel->getItem(i)->rect()1 2 QRect(0,222 1773x111)
[   181.63 ] D: _tracksModel->getItem(i)->rect()1 3 QRect(0,333 1773x111)
[   181.63 ] D: setTracksRect
[   181.63 ] D: setTracksRect
[   181.63 ] D: sltStartContentYChanged4
[   181.73 ] D: setTracksRect
[   181.73 ] D: sltStartContentYChanged1
[   181.73 ] D: sltStartContentYChanged2
[   181.73 ] D: sltStartContentYChanged3
[   181.73 ] D: _tracksModel->getItem(i)->rect()1 0 QRect(0,0 1508x111)
[   181.73 ] D: _tracksModel->getItem(i)->rect()1 1 QRect(0,111 1508x111)
[   181.73 ] D: _tracksModel->getItem(i)->rect()1 2 QRect(0,222 1508x111)
[   181.73 ] D: _tracksModel->getItem(i)->rect()1 3 QRect(0,333 1508x111)
[   181.73 ] D: setTracksRect
[   181.73 ] D: setTracksRect
[   181.73 ] D: sltStartContentYChanged4
[   181.73 ] D: setTracksRect
[   181.74 ] D: sltStartContentYChanged1
[   181.74 ] D: sltStartContentYChanged2
[   181.74 ] D: sltStartContentYChanged3
[   181.74 ] D: _tracksModel->getItem(i)->rect()1 0 QRect(0,0 1823x111)
[   181.74 ] D: _tracksModel->getItem(i)->rect()1 1 QRect(0,111 1823x111)
[   181.74 ] D: _tracksModel->getItem(i)->rect()1 2 QRect(0,222 1823x111)
[   181.74 ] D: _tracksModel->getItem(i)->rect()1 3 QRect(0,333 1823x111)
[   181.74 ] D: setTracksRect
[   181.74 ] D: setTracksRect
[   181.74 ] D: sltStartContentYChanged4
[   181.80 ] D: setTracksRect
[   181.80 ] D: sltStartContentYChanged1
[   181.80 ] D: sltStartContentYChanged2
[   181.80 ] D: sltStartContentYChanged3
[   181.80 ] D: _tracksModel->getItem(i)->rect()1 0 QRect(0,0 1539x111)
[   181.80 ] D: _tracksModel->getItem(i)->rect()1 1 QRect(0,111 1539x111)
[   181.80 ] D: _tracksModel->getItem(i)->rect()1 2 QRect(0,222 1539x111)
[   181.80 ] D: _tracksModel->getItem(i)->rect()1 3 QRect(0,333 1539x111)
[   181.80 ] D: setTracksRect
[   181.80 ] D: setTracksRect
[   181.80 ] D: sltStartContentYChanged4
[   181.80 ] D: setTracksRect
[   181.80 ] D: sltStartContentYChanged1
[   181.80 ] D: sltStartContentYChanged2
[   181.80 ] D: sltStartContentYChanged3
[   181.80 ] D: _tracksModel->getItem(i)->rect()1 0 QRect(0,0 1854x111)
[   181.80 ] D: _tracksModel->getItem(i)->rect()1 1 QRect(0,111 1854x111)
[   181.80 ] D: _tracksModel->getItem(i)->rect()1 2 QRect(0,222 1854x111)
[   181.80 ] D: _tracksModel->getItem(i)->rect()1 3 QRect(0,333 1854x111)
[   181.80 ] D: setTracksRect
[   181.80 ] D: setTracksRect
[   181.80 ] D: sltStartContentYChanged4
[   181.89 ] D: setTracksRect
[   181.89 ] D: sltStartContentYChanged1
[   181.89 ] D: sltStartContentYChanged2
[   181.89 ] D: sltStartContentYChanged3
[   181.89 ] D: _tracksModel->getItem(i)->rect()1 0 QRect(0,0 1563x111)
[   181.89 ] D: _tracksModel->getItem(i)->rect()1 1 QRect(0,111 1563x111)
[   181.89 ] D: _tracksModel->getItem(i)->rect()1 2 QRect(0,222 1563x111)
[   181.89 ] D: _tracksModel->getItem(i)->rect()1 3 QRect(0,333 1563x111)
[   181.89 ] D: setTracksRect
[   181.89 ] D: setTracksRect
[   181.89 ] D: sltStartContentYChanged4
[   181.89 ] D: setTracksRect
[   181.90 ] D: sltStartContentYChanged1
[   181.90 ] D: sltStartContentYChanged2
[   181.90 ] D: sltStartContentYChanged3
[   181.90 ] D: _tracksModel->getItem(i)->rect()1 0 QRect(0,0 1878x111)
[   181.90 ] D: _tracksModel->getItem(i)->rect()1 1 QRect(0,111 1878x111)
[   181.90 ] D: _tracksModel->getItem(i)->rect()1 2 QRect(0,222 1878x111)
[   181.90 ] D: _tracksModel->getItem(i)->rect()1 3 QRect(0,333 1878x111)
[   181.90 ] D: setTracksRect
[   181.90 ] D: setTracksRect
[   181.90 ] D: sltStartContentYChanged4
[   182.00 ] D: setTracksRect
[   182.00 ] D: sltStartContentYChanged1
[   182.00 ] D: sltStartContentYChanged2
[   182.00 ] D: sltStartContentYChanged3
[   182.00 ] D: _tracksModel->getItem(i)->rect()1 0 QRect(0,0 1601x111)
[   182.00 ] D: _tracksModel->getItem(i)->rect()1 1 QRect(0,111 1601x111)
[   182.00 ] D: _tracksModel->getItem(i)->rect()1 2 QRect(0,222 1601x111)
[   182.00 ] D: _tracksModel->getItem(i)->rect()1 3 QRect(0,333 1601x111)
[   182.00 ] D: setTracksRect
[   182.00 ] D: setTracksRect
[   182.00 ] D: sltStartContentYChanged4
[   182.00 ] D: setTracksRect
[   182.00 ] D: sltStartContentYChanged1
[   182.00 ] D: sltStartContentYChanged2
[   182.00 ] D: sltStartContentYChanged3
[   182.00 ] D: _tracksModel->getItem(i)->rect()1 0 QRect(0,0 1916x111)
[   182.00 ] D: _tracksModel->getItem(i)->rect()1 1 QRect(0,111 1916x111)
[   182.00 ] D: _tracksModel->getItem(i)->rect()1 2 QRect(0,222 1916x111)
[   182.00 ] D: _tracksModel->getItem(i)->rect()1 3 QRect(0,333 1916x111)
[   182.00 ] D: setTracksRect
[   182.00 ] D: setTracksRect
[   182.00 ] D: sltStartContentYChanged4
[   182.06 ] D: setTracksRect
[   182.06 ] D: sltStartContentYChanged1
[   182.06 ] D: sltStartContentYChanged2
[   182.06 ] D: sltStartContentYChanged3
[   182.06 ] D: _tracksModel->getItem(i)->rect()1 0 QRect(0,0 1606x111)
[   182.06 ] D: _tracksModel->getItem(i)->rect()1 1 QRect(0,111 1606x111)
[   182.06 ] D: _tracksModel->getItem(i)->rect()1 2 QRect(0,222 1606x111)
[   182.06 ] D: _tracksModel->getItem(i)->rect()1 3 QRect(0,333 1606x111)
[   182.06 ] D: setTracksRect
[   182.06 ] D: setTracksRect
[   182.06 ] D: sltStartContentYChanged4
[   182.06 ] D: setTracksRect
[   182.06 ] D: sltStartContentYChanged1
[   182.06 ] D: sltStartContentYChanged2
[   182.06 ] D: sltStartContentYChanged3
[   182.06 ] D: _tracksModel->getItem(i)->rect()1 0 QRect(0,0 1921x111)
[   182.06 ] D: _tracksModel->getItem(i)->rect()1 1 QRect(0,111 1921x111)
[   182.06 ] D: _tracksModel->getItem(i)->rect()1 2 QRect(0,222 1921x111)
[   182.06 ] D: _tracksModel->getItem(i)->rect()1 3 QRect(0,333 1921x111)
[   182.06 ] D: setTracksRect
[   182.06 ] D: setTracksRect
[   182.07 ] D: sltStartContentYChanged4
[   182.24 ] D: setTracksRect
[   182.24 ] D: sltStartContentYChanged1
[   182.24 ] D: sltStartContentYChanged2
[   182.24 ] D: sltStartContentYChanged3
[   182.24 ] D: _tracksModel->getItem(i)->rect()1 0 QRect(0,0 1607x111)
[   182.24 ] D: _tracksModel->getItem(i)->rect()1 1 QRect(0,111 1607x111)
[   182.24 ] D: _tracksModel->getItem(i)->rect()1 2 QRect(0,222 1607x111)
[   182.24 ] D: _tracksModel->getItem(i)->rect()1 3 QRect(0,333 1607x111)
[   182.24 ] D: setTracksRect
[   182.24 ] D: setTracksRect
[   182.24 ] D: sltStartContentYChanged4
[   182.24 ] D: setTracksRect
[   182.24 ] D: sltStartContentYChanged1
[   182.24 ] D: sltStartContentYChanged2
[   182.24 ] D: sltStartContentYChanged3
[   182.24 ] D: _tracksModel->getItem(i)->rect()1 0 QRect(0,0 1922x111)
[   182.24 ] D: _tracksModel->getItem(i)->rect()1 1 QRect(0,111 1922x111)
[   182.24 ] D: _tracksModel->getItem(i)->rect()1 2 QRect(0,222 1922x111)
[   182.24 ] D: _tracksModel->getItem(i)->rect()1 3 QRect(0,333 1922x111)
[   182.24 ] D: setTracksRect
[   182.24 ] D: setTracksRect
[   182.24 ] D: sltStartContentYChanged4
[   184.70 ] D: setTracksRect
[   184.70 ] D: sltStartContentYChanged1
[   184.70 ] D: sltStartContentYChanged2
[   184.70 ] D: sltStartContentYChanged3
[   184.70 ] D: _tracksModel->getItem(i)->rect()1 0 QRect(0,0 1608x111)
[   184.70 ] D: _tracksModel->getItem(i)->rect()1 1 QRect(0,111 1608x111)
[   184.70 ] D: _tracksModel->getItem(i)->rect()1 2 QRect(0,222 1608x111)
[   184.70 ] D: _tracksModel->getItem(i)->rect()1 3 QRect(0,333 1608x111)
[   184.70 ] D: setTracksRect
[   184.70 ] D: setTracksRect
[   184.70 ] D: sltStartContentYChanged4
[   184.70 ] D: setTracksRect
[   184.70 ] D: sltStartContentYChanged1
[   184.70 ] D: sltStartContentYChanged2
[   184.70 ] D: sltStartContentYChanged3
[   184.70 ] D: _tracksModel->getItem(i)->rect()1 0 QRect(0,0 1923x111)
[   184.70 ] D: _tracksModel->getItem(i)->rect()1 1 QRect(0,111 1923x111)
[   184.70 ] D: _tracksModel->getItem(i)->rect()1 2 QRect(0,222 1923x111)
[   184.70 ] D: _tracksModel->getItem(i)->rect()1 3 QRect(0,333 1923x111)
[   184.70 ] D: setTracksRect
[   184.70 ] D: setTracksRect
[   184.70 ] D: sltStartContentYChanged4
[   184.74 ] D: setTracksRect
[   184.74 ] D: sltStartContentYChanged1
[   184.74 ] D: sltStartContentYChanged2
[   184.74 ] D: sltStartContentYChanged3
[   184.74 ] D: _tracksModel->getItem(i)->rect()1 0 QRect(0,0 1610x111)
[   184.74 ] D: _tracksModel->getItem(i)->rect()1 1 QRect(0,111 1610x111)
[   184.74 ] D: _tracksModel->getItem(i)->rect()1 2 QRect(0,222 1610x111)
[   184.74 ] D: _tracksModel->getItem(i)->rect()1 3 QRect(0,333 1610x111)
[   184.74 ] D: setTracksRect
[   184.74 ] D: setTracksRect
[   184.74 ] D: sltStartContentYChanged4
[   184.74 ] D: setTracksRect
[   184.74 ] D: sltStartContentYChanged1
[   184.74 ] D: sltStartContentYChanged2
[   184.75 ] D: sltStartContentYChanged3
[   184.75 ] D: _tracksModel->getItem(i)->rect()1 0 QRect(0,0 1925x111)
[   184.75 ] D: _tracksModel->getItem(i)->rect()1 1 QRect(0,111 1925x111)
[   184.75 ] D: _tracksModel->getItem(i)->rect()1 2 QRect(0,222 1925x111)
[   184.75 ] D: _tracksModel->getItem(i)->rect()1 3 QRect(0,333 1925x111)
[   184.75 ] D: setTracksRect
[   184.75 ] D: setTracksRect
[   184.75 ] D: sltStartContentYChanged4
[   184.75 ] D: setTracksRect
[   184.75 ] D: sltStartContentYChanged1
[   184.75 ] D: sltStartContentYChanged2
[   184.75 ] D: sltStartContentYChanged3
[   184.75 ] D: _tracksModel->getItem(i)->rect()1 0 QRect(0,0 1925x111)
[   184.75 ] D: _tracksModel->getItem(i)->rect()1 1 QRect(0,111 1925x111)
[   184.75 ] D: _tracksModel->getItem(i)->rect()1 2 QRect(0,222 1925x111)
[   184.75 ] D: _tracksModel->getItem(i)->rect()1 3 QRect(0,333 1925x111)
[   184.75 ] D: setTracksRect
[   184.75 ] D: setTracksRect
[   184.75 ] D: sltStartContentYChanged4
[   184.78 ] D: setTracksRect
[   184.78 ] D: sltStartContentYChanged1
[   184.78 ] D: sltStartContentYChanged2
[   184.78 ] D: sltStartContentYChanged3
[   184.78 ] D: _tracksModel->getItem(i)->rect()1 0 QRect(0,0 1614x111)
[   184.78 ] D: _tracksModel->getItem(i)->rect()1 1 QRect(0,111 1614x111)
[   184.78 ] D: _tracksModel->getItem(i)->rect()1 2 QRect(0,222 1614x111)
[   184.78 ] D: _tracksModel->getItem(i)->rect()1 3 QRect(0,333 1614x111)
[   184.78 ] D: setTracksRect
[   184.78 ] D: setTracksRect
[   184.78 ] D: sltStartContentYChanged4
[   184.78 ] D: setTracksRect
[   184.78 ] D: sltStartContentYChanged1
[   184.78 ] D: sltStartContentYChanged2
[   184.78 ] D: sltStartContentYChanged3
[   184.78 ] D: _tracksModel->getItem(i)->rect()1 0 QRect(0,0 1929x111)
[   184.78 ] D: _tracksModel->getItem(i)->rect()1 1 QRect(0,111 1929x111)
[   184.78 ] D: _tracksModel->getItem(i)->rect()1 2 QRect(0,222 1929x111)
[   184.78 ] D: _tracksModel->getItem(i)->rect()1 3 QRect(0,333 1929x111)
[   184.78 ] D: setTracksRect
[   184.78 ] D: setTracksRect
[   184.78 ] D: sltStartContentYChanged4
[   184.78 ] D: setTracksRect
[   184.78 ] D: sltStartContentYChanged1
[   184.78 ] D: sltStartContentYChanged2
[   184.78 ] D: sltStartContentYChanged3
[   184.78 ] D: _tracksModel->getItem(i)->rect()1 0 QRect(0,0 1929x111)
[   184.78 ] D: _tracksModel->getItem(i)->rect()1 1 QRect(0,111 1929x111)
[   184.78 ] D: _tracksModel->getItem(i)->rect()1 2 QRect(0,222 1929x111)
[   184.78 ] D: _tracksModel->getItem(i)->rect()1 3 QRect(0,333 1929x111)
[   184.78 ] D: setTracksRect
[   184.78 ] D: setTracksRect
[   184.78 ] D: sltStartContentYChanged4
[   184.82 ] D: setTracksRect
[   184.82 ] D: sltStartContentYChanged1
[   184.82 ] D: sltStartContentYChanged2
[   184.82 ] D: sltStartContentYChanged3
[   184.82 ] D: _tracksModel->getItem(i)->rect()1 0 QRect(0,0 1617x111)
[   184.82 ] D: _tracksModel->getItem(i)->rect()1 1 QRect(0,111 1617x111)
[   184.82 ] D: _tracksModel->getItem(i)->rect()1 2 QRect(0,222 1617x111)
[   184.82 ] D: _tracksModel->getItem(i)->rect()1 3 QRect(0,333 1617x111)
[   184.82 ] D: setTracksRect
[   184.82 ] D: setTracksRect
[   184.82 ] D: sltStartContentYChanged4
[   184.82 ] D: setTracksRect
[   184.82 ] D: sltStartContentYChanged1
[   184.82 ] D: sltStartContentYChanged2
[   184.82 ] D: sltStartContentYChanged3
[   184.82 ] D: _tracksModel->getItem(i)->rect()1 0 QRect(0,0 1932x111)
[   184.82 ] D: _tracksModel->getItem(i)->rect()1 1 QRect(0,111 1932x111)
[   184.82 ] D: _tracksModel->getItem(i)->rect()1 2 QRect(0,222 1932x111)
[   184.82 ] D: _tracksModel->getItem(i)->rect()1 3 QRect(0,333 1932x111)
[   184.82 ] D: setTracksRect
[   184.82 ] D: setTracksRect
[   184.82 ] D: sltStartContentYChanged4
[   184.82 ] D: setTracksRect
[   184.82 ] D: sltStartContentYChanged1
[   184.82 ] D: sltStartContentYChanged2
[   184.82 ] D: sltStartContentYChanged3
[   184.82 ] D: _tracksModel->getItem(i)->rect()1 0 QRect(0,0 1932x111)
[   184.82 ] D: _tracksModel->getItem(i)->rect()1 1 QRect(0,111 1932x111)
[   184.82 ] D: _tracksModel->getItem(i)->rect()1 2 QRect(0,222 1932x111)
[   184.82 ] D: _tracksModel->getItem(i)->rect()1 3 QRect(0,333 1932x111)
[   184.82 ] D: setTracksRect
[   184.82 ] D: setTracksRect
[   184.82 ] D: sltStartContentYChanged4
[   184.85 ] D: setTracksRect
[   184.85 ] D: sltStartContentYChanged1
[   184.85 ] D: sltStartContentYChanged2
[   184.85 ] D: sltStartContentYChanged3
[   184.85 ] D: _tracksModel->getItem(i)->rect()1 0 QRect(0,0 1621x111)
[   184.85 ] D: _tracksModel->getItem(i)->rect()1 1 QRect(0,111 1621x111)
[   184.85 ] D: _tracksModel->getItem(i)->rect()1 2 QRect(0,222 1621x111)
[   184.85 ] D: _tracksModel->getItem(i)->rect()1 3 QRect(0,333 1621x111)
[   184.85 ] D: setTracksRect
[   184.85 ] D: setTracksRect
[   184.85 ] D: sltStartContentYChanged4
[   184.85 ] D: setTracksRect
[   184.86 ] D: sltStartContentYChanged1
[   184.86 ] D: sltStartContentYChanged2
[   184.86 ] D: sltStartContentYChanged3
[   184.86 ] D: _tracksModel->getItem(i)->rect()1 0 QRect(0,0 1936x111)
[   184.86 ] D: _tracksModel->getItem(i)->rect()1 1 QRect(0,111 1936x111)
[   184.86 ] D: _tracksModel->getItem(i)->rect()1 2 QRect(0,222 1936x111)
[   184.86 ] D: _tracksModel->getItem(i)->rect()1 3 QRect(0,333 1936x111)
[   184.86 ] D: setTracksRect
[   184.86 ] D: setTracksRect
[   184.86 ] D: sltStartContentYChanged4
[   184.86 ] D: setTracksRect
[   184.86 ] D: sltStartContentYChanged1
[   184.86 ] D: sltStartContentYChanged2
[   184.86 ] D: sltStartContentYChanged3
[   184.86 ] D: _tracksModel->getItem(i)->rect()1 0 QRect(0,0 1936x111)
[   184.86 ] D: _tracksModel->getItem(i)->rect()1 1 QRect(0,111 1936x111)
[   184.86 ] D: _tracksModel->getItem(i)->rect()1 2 QRect(0,222 1936x111)
[   184.86 ] D: _tracksModel->getItem(i)->rect()1 3 QRect(0,333 1936x111)
[   184.86 ] D: setTracksRect
[   184.86 ] D: setTracksRect
[   184.86 ] D: sltStartContentYChanged4
[   184.90 ] D: setTracksRect
[   184.90 ] D: sltStartContentYChanged1
[   184.90 ] D: sltStartContentYChanged2
[   184.90 ] D: sltStartContentYChanged3
[   184.90 ] D: _tracksModel->getItem(i)->rect()1 0 QRect(0,0 1634x111)
[   184.90 ] D: _tracksModel->getItem(i)->rect()1 1 QRect(0,111 1634x111)
[   184.90 ] D: _tracksModel->getItem(i)->rect()1 2 QRect(0,222 1634x111)
[   184.90 ] D: _tracksModel->getItem(i)->rect()1 3 QRect(0,333 1634x111)
[   184.90 ] D: setTracksRect
[   184.91 ] D: setTracksRect
[   184.91 ] D: sltStartContentYChanged4
[   184.91 ] D: setTracksRect
[   184.91 ] D: sltStartContentYChanged1
[   184.91 ] D: sltStartContentYChanged2
[   184.91 ] D: sltStartContentYChanged3
[   184.91 ] D: _tracksModel->getItem(i)->rect()1 0 QRect(0,0 1949x111)
[   184.91 ] D: _tracksModel->getItem(i)->rect()1 1 QRect(0,111 1949x111)
[   184.91 ] D: _tracksModel->getItem(i)->rect()1 2 QRect(0,222 1949x111)
[   184.91 ] D: _tracksModel->getItem(i)->rect()1 3 QRect(0,333 1949x111)
[   184.91 ] D: setTracksRect
[   184.91 ] D: setTracksRect
[   184.91 ] D: sltStartContentYChanged4
[   184.91 ] D: setTracksRect
[   184.91 ] D: sltStartContentYChanged1
[   184.91 ] D: sltStartContentYChanged2
[   184.91 ] D: sltStartContentYChanged3
[   184.91 ] D: _tracksModel->getItem(i)->rect()1 0 QRect(0,0 1949x111)
[   184.91 ] D: _tracksModel->getItem(i)->rect()1 1 QRect(0,111 1949x111)
[   184.91 ] D: _tracksModel->getItem(i)->rect()1 2 QRect(0,222 1949x111)
[   184.91 ] D: _tracksModel->getItem(i)->rect()1 3 QRect(0,333 1949x111)
[   184.91 ] D: setTracksRect
[   184.91 ] D: setTracksRect
[   184.91 ] D: sltStartContentYChanged4
[   184.96 ] D: setTracksRect
[   184.96 ] D: sltStartContentYChanged1
[   184.96 ] D: sltStartContentYChanged2
[   184.96 ] D: sltStartContentYChanged3
[   184.96 ] D: _tracksModel->getItem(i)->rect()1 0 QRect(0,0 1651x111)
[   184.96 ] D: _tracksModel->getItem(i)->rect()1 1 QRect(0,111 1651x111)
[   184.96 ] D: _tracksModel->getItem(i)->rect()1 2 QRect(0,222 1651x111)
[   184.96 ] D: _tracksModel->getItem(i)->rect()1 3 QRect(0,333 1651x111)
[   184.96 ] D: setTracksRect
[   184.96 ] D: setTracksRect
[   184.96 ] D: sltStartContentYChanged4
[   184.96 ] D: setTracksRect
[   184.96 ] D: sltStartContentYChanged1
[   184.96 ] D: sltStartContentYChanged2
[   184.96 ] D: sltStartContentYChanged3
[   184.96 ] D: _tracksModel->getItem(i)->rect()1 0 QRect(0,0 1966x111)
[   184.96 ] D: _tracksModel->getItem(i)->rect()1 1 QRect(0,111 1966x111)
[   184.96 ] D: _tracksModel->getItem(i)->rect()1 2 QRect(0,222 1966x111)
[   184.96 ] D: _tracksModel->getItem(i)->rect()1 3 QRect(0,333 1966x111)
[   184.96 ] D: setTracksRect
[   184.96 ] D: setTracksRect
[   184.96 ] D: sltStartContentYChanged4
[   184.96 ] D: setTracksRect
[   184.96 ] D: sltStartContentYChanged1
[   184.96 ] D: sltStartContentYChanged2
[   184.96 ] D: sltStartContentYChanged3
[   184.96 ] D: _tracksModel->getItem(i)->rect()1 0 QRect(0,0 1966x111)
[   184.96 ] D: _tracksModel->getItem(i)->rect()1 1 QRect(0,111 1966x111)
[   184.96 ] D: _tracksModel->getItem(i)->rect()1 2 QRect(0,222 1966x111)
[   184.96 ] D: _tracksModel->getItem(i)->rect()1 3 QRect(0,333 1966x111)
[   184.96 ] D: setTracksRect
[   184.96 ] D: setTracksRect
[   184.96 ] D: sltStartContentYChanged4
[   185.00 ] D: setTracksRect
[   185.00 ] D: sltStartContentYChanged1
[   185.00 ] D: sltStartContentYChanged2
[   185.00 ] D: sltStartContentYChanged3
[   185.00 ] D: _tracksModel->getItem(i)->rect()1 0 QRect(0,0 1655x111)
[   185.00 ] D: _tracksModel->getItem(i)->rect()1 1 QRect(0,111 1655x111)
[   185.00 ] D: _tracksModel->getItem(i)->rect()1 2 QRect(0,222 1655x111)
[   185.00 ] D: _tracksModel->getItem(i)->rect()1 3 QRect(0,333 1655x111)
[   185.00 ] D: setTracksRect
[   185.00 ] D: setTracksRect
[   185.00 ] D: sltStartContentYChanged4
[   185.00 ] D: setTracksRect
[   185.00 ] D: sltStartContentYChanged1
[   185.00 ] D: sltStartContentYChanged2
[   185.00 ] D: sltStartContentYChanged3
[   185.00 ] D: _tracksModel->getItem(i)->rect()1 0 QRect(0,0 1970x111)
[   185.00 ] D: _tracksModel->getItem(i)->rect()1 1 QRect(0,111 1970x111)
[   185.00 ] D: _tracksModel->getItem(i)->rect()1 2 QRect(0,222 1970x111)
[   185.00 ] D: _tracksModel->getItem(i)->rect()1 3 QRect(0,333 1970x111)
[   185.00 ] D: setTracksRect
[   185.00 ] D: setTracksRect
[   185.00 ] D: sltStartContentYChanged4
[   185.00 ] D: setTracksRect
[   185.00 ] D: sltStartContentYChanged1
[   185.00 ] D: sltStartContentYChanged2
[   185.00 ] D: sltStartContentYChanged3
[   185.00 ] D: _tracksModel->getItem(i)->rect()1 0 QRect(0,0 1970x111)
[   185.00 ] D: _tracksModel->getItem(i)->rect()1 1 QRect(0,111 1970x111)
[   185.00 ] D: _tracksModel->getItem(i)->rect()1 2 QRect(0,222 1970x111)
[   185.00 ] D: _tracksModel->getItem(i)->rect()1 3 QRect(0,333 1970x111)
[   185.00 ] D: setTracksRect
[   185.00 ] D: setTracksRect
[   185.00 ] D: sltStartContentYChanged4
[   185.03 ] D: setTracksRect
[   185.04 ] D: sltStartContentYChanged1
[   185.04 ] D: sltStartContentYChanged2
[   185.04 ] D: sltStartContentYChanged3
[   185.04 ] D: _tracksModel->getItem(i)->rect()1 0 QRect(0,0 1657x111)
[   185.04 ] D: _tracksModel->getItem(i)->rect()1 1 QRect(0,111 1657x111)
[   185.04 ] D: _tracksModel->getItem(i)->rect()1 2 QRect(0,222 1657x111)
[   185.04 ] D: _tracksModel->getItem(i)->rect()1 3 QRect(0,333 1657x111)
[   185.04 ] D: setTracksRect
[   185.04 ] D: setTracksRect
[   185.04 ] D: sltStartContentYChanged4
[   185.04 ] D: setTracksRect
[   185.04 ] D: sltStartContentYChanged1
[   185.04 ] D: sltStartContentYChanged2
[   185.04 ] D: sltStartContentYChanged3
[   185.04 ] D: _tracksModel->getItem(i)->rect()1 0 QRect(0,0 1972x111)
[   185.04 ] D: _tracksModel->getItem(i)->rect()1 1 QRect(0,111 1972x111)
[   185.04 ] D: _tracksModel->getItem(i)->rect()1 2 QRect(0,222 1972x111)
[   185.04 ] D: _tracksModel->getItem(i)->rect()1 3 QRect(0,333 1972x111)
[   185.04 ] D: setTracksRect
[   185.04 ] D: setTracksRect
[   185.04 ] D: sltStartContentYChanged4
[   185.04 ] D: setTracksRect
[   185.04 ] D: sltStartContentYChanged1
[   185.04 ] D: sltStartContentYChanged2
[   185.04 ] D: sltStartContentYChanged3
[   185.04 ] D: _tracksModel->getItem(i)->rect()1 0 QRect(0,0 1972x111)
[   185.04 ] D: _tracksModel->getItem(i)->rect()1 1 QRect(0,111 1972x111)
[   185.04 ] D: _tracksModel->getItem(i)->rect()1 2 QRect(0,222 1972x111)
[   185.04 ] D: _tracksModel->getItem(i)->rect()1 3 QRect(0,333 1972x111)
[   185.04 ] D: setTracksRect
[   185.04 ] D: setTracksRect
[   185.04 ] D: sltStartContentYChanged4
[   185.08 ] D: setTracksRect
[   185.08 ] D: sltStartContentYChanged1
[   185.08 ] D: sltStartContentYChanged2
[   185.08 ] D: sltStartContentYChanged3
[   185.08 ] D: _tracksModel->getItem(i)->rect()1 0 QRect(0,0 1658x111)
[   185.08 ] D: _tracksModel->getItem(i)->rect()1 1 QRect(0,111 1658x111)
[   185.08 ] D: _tracksModel->getItem(i)->rect()1 2 QRect(0,222 1658x111)
[   185.08 ] D: _tracksModel->getItem(i)->rect()1 3 QRect(0,333 1658x111)
[   185.08 ] D: setTracksRect
[   185.08 ] D: setTracksRect
[   185.08 ] D: sltStartContentYChanged4
[   185.08 ] D: setTracksRect
[   185.08 ] D: sltStartContentYChanged1
[   185.08 ] D: sltStartContentYChanged2
[   185.08 ] D: sltStartContentYChanged3
[   185.08 ] D: _tracksModel->getItem(i)->rect()1 0 QRect(0,0 1973x111)
[   185.08 ] D: _tracksModel->getItem(i)->rect()1 1 QRect(0,111 1973x111)
[   185.08 ] D: _tracksModel->getItem(i)->rect()1 2 QRect(0,222 1973x111)
[   185.08 ] D: _tracksModel->getItem(i)->rect()1 3 QRect(0,333 1973x111)
[   185.08 ] D: setTracksRect
[   185.08 ] D: setTracksRect
[   185.08 ] D: sltStartContentYChanged4
[   185.08 ] D: setTracksRect
[   185.08 ] D: sltStartContentYChanged1
[   185.08 ] D: sltStartContentYChanged2
[   185.08 ] D: sltStartContentYChanged3
[   185.08 ] D: _tracksModel->getItem(i)->rect()1 0 QRect(0,0 1973x111)
[   185.08 ] D: _tracksModel->getItem(i)->rect()1 1 QRect(0,111 1973x111)
[   185.08 ] D: _tracksModel->getItem(i)->rect()1 2 QRect(0,222 1973x111)
[   185.08 ] D: _tracksModel->getItem(i)->rect()1 3 QRect(0,333 1973x111)
[   185.08 ] D: setTracksRect
[   185.08 ] D: setTracksRect
[   185.08 ] D: sltStartContentYChanged4
[   185.11 ] D: setTracksRect
[   185.11 ] D: sltStartContentYChanged1
[   185.12 ] D: sltStartContentYChanged2
[   185.12 ] D: sltStartContentYChanged3
[   185.12 ] D: _tracksModel->getItem(i)->rect()1 0 QRect(0,0 1664x111)
[   185.12 ] D: _tracksModel->getItem(i)->rect()1 1 QRect(0,111 1664x111)
[   185.12 ] D: _tracksModel->getItem(i)->rect()1 2 QRect(0,222 1664x111)
[   185.12 ] D: _tracksModel->getItem(i)->rect()1 3 QRect(0,333 1664x111)
[   185.12 ] D: setTracksRect
[   185.12 ] D: setTracksRect
[   185.12 ] D: sltStartContentYChanged4
[   185.12 ] D: setTracksRect
[   185.12 ] D: sltStartContentYChanged1
[   185.12 ] D: sltStartContentYChanged2
[   185.12 ] D: sltStartContentYChanged3
[   185.12 ] D: _tracksModel->getItem(i)->rect()1 0 QRect(0,0 1979x111)
[   185.12 ] D: _tracksModel->getItem(i)->rect()1 1 QRect(0,111 1979x111)
[   185.12 ] D: _tracksModel->getItem(i)->rect()1 2 QRect(0,222 1979x111)
[   185.12 ] D: _tracksModel->getItem(i)->rect()1 3 QRect(0,333 1979x111)
[   185.12 ] D: setTracksRect
[   185.12 ] D: setTracksRect
[   185.12 ] D: sltStartContentYChanged4
[   185.12 ] D: setTracksRect
[   185.12 ] D: sltStartContentYChanged1
[   185.12 ] D: sltStartContentYChanged2
[   185.12 ] D: sltStartContentYChanged3
[   185.12 ] D: _tracksModel->getItem(i)->rect()1 0 QRect(0,0 1979x111)
[   185.12 ] D: _tracksModel->getItem(i)->rect()1 1 QRect(0,111 1979x111)
[   185.12 ] D: _tracksModel->getItem(i)->rect()1 2 QRect(0,222 1979x111)
[   185.12 ] D: _tracksModel->getItem(i)->rect()1 3 QRect(0,333 1979x111)
[   185.12 ] D: setTracksRect
[   185.12 ] D: setTracksRect
[   185.12 ] D: sltStartContentYChanged4
[   185.15 ] D: setTracksRect
[   185.15 ] D: sltStartContentYChanged1
[   185.15 ] D: sltStartContentYChanged2
[   185.15 ] D: sltStartContentYChanged3
[   185.15 ] D: _tracksModel->getItem(i)->rect()1 0 QRect(0,0 1666x111)
[   185.15 ] D: _tracksModel->getItem(i)->rect()1 1 QRect(0,111 1666x111)
[   185.15 ] D: _tracksModel->getItem(i)->rect()1 2 QRect(0,222 1666x111)
[   185.15 ] D: _tracksModel->getItem(i)->rect()1 3 QRect(0,333 1666x111)
[   185.15 ] D: setTracksRect
[   185.15 ] D: setTracksRect
[   185.15 ] D: sltStartContentYChanged4
[   185.15 ] D: setTracksRect
[   185.15 ] D: sltStartContentYChanged1
[   185.15 ] D: sltStartContentYChanged2
[   185.15 ] D: sltStartContentYChanged3
[   185.15 ] D: _tracksModel->getItem(i)->rect()1 0 QRect(0,0 1981x111)
[   185.15 ] D: _tracksModel->getItem(i)->rect()1 1 QRect(0,111 1981x111)
[   185.15 ] D: _tracksModel->getItem(i)->rect()1 2 QRect(0,222 1981x111)
[   185.15 ] D: _tracksModel->getItem(i)->rect()1 3 QRect(0,333 1981x111)
[   185.15 ] D: setTracksRect
[   185.15 ] D: setTracksRect
[   185.15 ] D: sltStartContentYChanged4
[   185.15 ] D: setTracksRect
[   185.15 ] D: sltStartContentYChanged1
[   185.15 ] D: sltStartContentYChanged2
[   185.15 ] D: sltStartContentYChanged3
[   185.15 ] D: _tracksModel->getItem(i)->rect()1 0 QRect(0,0 1981x111)
[   185.15 ] D: _tracksModel->getItem(i)->rect()1 1 QRect(0,111 1981x111)
[   185.15 ] D: _tracksModel->getItem(i)->rect()1 2 QRect(0,222 1981x111)
[   185.15 ] D: _tracksModel->getItem(i)->rect()1 3 QRect(0,333 1981x111)
[   185.15 ] D: setTracksRect
[   185.15 ] D: setTracksRect
[   185.15 ] D: sltStartContentYChanged4
[   185.19 ] D: setTracksRect
[   185.19 ] D: sltStartContentYChanged1
[   185.19 ] D: sltStartContentYChanged2
[   185.19 ] D: sltStartContentYChanged3
[   185.19 ] D: _tracksModel->getItem(i)->rect()1 0 QRect(0,0 1669x111)
[   185.19 ] D: _tracksModel->getItem(i)->rect()1 1 QRect(0,111 1669x111)
[   185.19 ] D: _tracksModel->getItem(i)->rect()1 2 QRect(0,222 1669x111)
[   185.19 ] D: _tracksModel->getItem(i)->rect()1 3 QRect(0,333 1669x111)
[   185.19 ] D: setTracksRect
[   185.19 ] D: setTracksRect
[   185.19 ] D: sltStartContentYChanged4
[   185.19 ] D: setTracksRect
[   185.19 ] D: sltStartContentYChanged1
[   185.19 ] D: sltStartContentYChanged2
[   185.19 ] D: sltStartContentYChanged3
[   185.19 ] D: _tracksModel->getItem(i)->rect()1 0 QRect(0,0 1984x111)
[   185.19 ] D: _tracksModel->getItem(i)->rect()1 1 QRect(0,111 1984x111)
[   185.19 ] D: _tracksModel->getItem(i)->rect()1 2 QRect(0,222 1984x111)
[   185.19 ] D: _tracksModel->getItem(i)->rect()1 3 QRect(0,333 1984x111)
[   185.19 ] D: setTracksRect
[   185.19 ] D: setTracksRect
[   185.19 ] D: sltStartContentYChanged4
[   185.19 ] D: setTracksRect
[   185.19 ] D: sltStartContentYChanged1
[   185.19 ] D: sltStartContentYChanged2
[   185.19 ] D: sltStartContentYChanged3
[   185.19 ] D: _tracksModel->getItem(i)->rect()1 0 QRect(0,0 1984x111)
[   185.19 ] D: _tracksModel->getItem(i)->rect()1 1 QRect(0,111 1984x111)
[   185.19 ] D: _tracksModel->getItem(i)->rect()1 2 QRect(0,222 1984x111)
[   185.19 ] D: _tracksModel->getItem(i)->rect()1 3 QRect(0,333 1984x111)
[   185.19 ] D: setTracksRect
[   185.19 ] D: setTracksRect
[   185.19 ] D: sltStartContentYChanged4
[   185.23 ] D: setTracksRect
[   185.23 ] D: sltStartContentYChanged1
[   185.23 ] D: sltStartContentYChanged2
[   185.23 ] D: sltStartContentYChanged3
[   185.23 ] D: _tracksModel->getItem(i)->rect()1 0 QRect(0,0 1673x111)
[   185.23 ] D: _tracksModel->getItem(i)->rect()1 1 QRect(0,111 1673x111)
[   185.23 ] D: _tracksModel->getItem(i)->rect()1 2 QRect(0,222 1673x111)
[   185.23 ] D: _tracksModel->getItem(i)->rect()1 3 QRect(0,333 1673x111)
[   185.23 ] D: setTracksRect
[   185.23 ] D: setTracksRect
[   185.23 ] D: sltStartContentYChanged4
[   185.23 ] D: setTracksRect
[   185.23 ] D: sltStartContentYChanged1
[   185.23 ] D: sltStartContentYChanged2
[   185.23 ] D: sltStartContentYChanged3
[   185.23 ] D: _tracksModel->getItem(i)->rect()1 0 QRect(0,0 1988x111)
[   185.23 ] D: _tracksModel->getItem(i)->rect()1 1 QRect(0,111 1988x111)
[   185.23 ] D: _tracksModel->getItem(i)->rect()1 2 QRect(0,222 1988x111)
[   185.23 ] D: _tracksModel->getItem(i)->rect()1 3 QRect(0,333 1988x111)
[   185.23 ] D: setTracksRect
[   185.23 ] D: setTracksRect
[   185.23 ] D: sltStartContentYChanged4
[   185.23 ] D: setTracksRect
[   185.23 ] D: sltStartContentYChanged1
[   185.23 ] D: sltStartContentYChanged2
[   185.23 ] D: sltStartContentYChanged3
[   185.23 ] D: _tracksModel->getItem(i)->rect()1 0 QRect(0,0 1988x111)
[   185.23 ] D: _tracksModel->getItem(i)->rect()1 1 QRect(0,111 1988x111)
[   185.23 ] D: _tracksModel->getItem(i)->rect()1 2 QRect(0,222 1988x111)
[   185.23 ] D: _tracksModel->getItem(i)->rect()1 3 QRect(0,333 1988x111)
[   185.23 ] D: setTracksRect
[   185.23 ] D: setTracksRect
[   185.23 ] D: sltStartContentYChanged4
[   185.27 ] D: setTracksRect
[   185.27 ] D: sltStartContentYChanged1
[   185.27 ] D: sltStartContentYChanged2
[   185.27 ] D: sltStartContentYChanged3
[   185.27 ] D: _tracksModel->getItem(i)->rect()1 0 QRect(0,0 1678x111)
[   185.27 ] D: _tracksModel->getItem(i)->rect()1 1 QRect(0,111 1678x111)
[   185.27 ] D: _tracksModel->getItem(i)->rect()1 2 QRect(0,222 1678x111)
[   185.27 ] D: _tracksModel->getItem(i)->rect()1 3 QRect(0,333 1678x111)
[   185.27 ] D: setTracksRect
[   185.27 ] D: setTracksRect
[   185.27 ] D: sltStartContentYChanged4
[   185.27 ] D: setTracksRect
[   185.27 ] D: sltStartContentYChanged1
[   185.27 ] D: sltStartContentYChanged2
[   185.27 ] D: sltStartContentYChanged3
[   185.27 ] D: _tracksModel->getItem(i)->rect()1 0 QRect(0,0 1993x111)
[   185.27 ] D: _tracksModel->getItem(i)->rect()1 1 QRect(0,111 1993x111)
[   185.27 ] D: _tracksModel->getItem(i)->rect()1 2 QRect(0,222 1993x111)
[   185.27 ] D: _tracksModel->getItem(i)->rect()1 3 QRect(0,333 1993x111)
[   185.27 ] D: setTracksRect
[   185.27 ] D: setTracksRect
[   185.27 ] D: sltStartContentYChanged4
[   185.27 ] D: setTracksRect
[   185.27 ] D: sltStartContentYChanged1
[   185.27 ] D: sltStartContentYChanged2
[   185.27 ] D: sltStartContentYChanged3
[   185.27 ] D: _tracksModel->getItem(i)->rect()1 0 QRect(0,0 1993x111)
[   185.27 ] D: _tracksModel->getItem(i)->rect()1 1 QRect(0,111 1993x111)
[   185.27 ] D: _tracksModel->getItem(i)->rect()1 2 QRect(0,222 1993x111)
[   185.27 ] D: _tracksModel->getItem(i)->rect()1 3 QRect(0,333 1993x111)
[   185.27 ] D: setTracksRect
[   185.27 ] D: setTracksRect
[   185.27 ] D: sltStartContentYChanged4
[   185.30 ] D: setTracksRect
[   185.30 ] D: sltStartContentYChanged1
[   185.30 ] D: sltStartContentYChanged2
[   185.30 ] D: sltStartContentYChanged3
[   185.30 ] D: _tracksModel->getItem(i)->rect()1 0 QRect(0,0 1680x111)
[   185.30 ] D: _tracksModel->getItem(i)->rect()1 1 QRect(0,111 1680x111)
[   185.30 ] D: _tracksModel->getItem(i)->rect()1 2 QRect(0,222 1680x111)
[   185.30 ] D: _tracksModel->getItem(i)->rect()1 3 QRect(0,333 1680x111)
[   185.30 ] D: setTracksRect
[   185.30 ] D: setTracksRect
[   185.30 ] D: sltStartContentYChanged4
[   185.30 ] D: setTracksRect
[   185.30 ] D: sltStartContentYChanged1
[   185.30 ] D: sltStartContentYChanged2
[   185.30 ] D: sltStartContentYChanged3
[   185.30 ] D: _tracksModel->getItem(i)->rect()1 0 QRect(0,0 1995x111)
[   185.30 ] D: _tracksModel->getItem(i)->rect()1 1 QRect(0,111 1995x111)
[   185.30 ] D: _tracksModel->getItem(i)->rect()1 2 QRect(0,222 1995x111)
[   185.30 ] D: _tracksModel->getItem(i)->rect()1 3 QRect(0,333 1995x111)
[   185.30 ] D: setTracksRect
[   185.30 ] D: setTracksRect
[   185.30 ] D: sltStartContentYChanged4
[   185.30 ] D: setTracksRect
[   185.30 ] D: sltStartContentYChanged1
[   185.30 ] D: sltStartContentYChanged2
[   185.30 ] D: sltStartContentYChanged3
[   185.30 ] D: _tracksModel->getItem(i)->rect()1 0 QRect(0,0 1995x111)
[   185.30 ] D: _tracksModel->getItem(i)->rect()1 1 QRect(0,111 1995x111)
[   185.30 ] D: _tracksModel->getItem(i)->rect()1 2 QRect(0,222 1995x111)
[   185.30 ] D: _tracksModel->getItem(i)->rect()1 3 QRect(0,333 1995x111)
[   185.30 ] D: setTracksRect
[   185.31 ] D: setTracksRect
[   185.31 ] D: sltStartContentYChanged4
[   185.35 ] D: setTracksRect
[   185.35 ] D: sltStartContentYChanged1
[   185.35 ] D: sltStartContentYChanged2
[   185.35 ] D: sltStartContentYChanged3
[   185.35 ] D: _tracksModel->getItem(i)->rect()1 0 QRect(0,0 1688x111)
[   185.35 ] D: _tracksModel->getItem(i)->rect()1 1 QRect(0,111 1688x111)
[   185.35 ] D: _tracksModel->getItem(i)->rect()1 2 QRect(0,222 1688x111)
[   185.35 ] D: _tracksModel->getItem(i)->rect()1 3 QRect(0,333 1688x111)
[   185.35 ] D: setTracksRect
[   185.35 ] D: setTracksRect
[   185.35 ] D: sltStartContentYChanged4
[   185.35 ] D: setTracksRect
[   185.35 ] D: sltStartContentYChanged1
[   185.35 ] D: sltStartContentYChanged2
[   185.35 ] D: sltStartContentYChanged3
[   185.35 ] D: _tracksModel->getItem(i)->rect()1 0 QRect(0,0 2003x111)
[   185.35 ] D: _tracksModel->getItem(i)->rect()1 1 QRect(0,111 2003x111)
[   185.35 ] D: _tracksModel->getItem(i)->rect()1 2 QRect(0,222 2003x111)
[   185.35 ] D: _tracksModel->getItem(i)->rect()1 3 QRect(0,333 2003x111)
[   185.35 ] D: setTracksRect
[   185.35 ] D: setTracksRect
[   185.35 ] D: sltStartContentYChanged4
[   185.35 ] D: setTracksRect
[   185.35 ] D: sltStartContentYChanged1
[   185.35 ] D: sltStartContentYChanged2
[   185.35 ] D: sltStartContentYChanged3
[   185.35 ] D: _tracksModel->getItem(i)->rect()1 0 QRect(0,0 2003x111)
[   185.35 ] D: _tracksModel->getItem(i)->rect()1 1 QRect(0,111 2003x111)
[   185.35 ] D: _tracksModel->getItem(i)->rect()1 2 QRect(0,222 2003x111)
[   185.35 ] D: _tracksModel->getItem(i)->rect()1 3 QRect(0,333 2003x111)
[   185.35 ] D: setTracksRect
[   185.35 ] D: setTracksRect
[   185.35 ] D: sltStartContentYChanged4
[   185.38 ] D: setTracksRect
[   185.38 ] D: sltStartContentYChanged1
[   185.38 ] D: sltStartContentYChanged2
[   185.38 ] D: sltStartContentYChanged3
[   185.38 ] D: _tracksModel->getItem(i)->rect()1 0 QRect(0,0 1712x111)
[   185.38 ] D: _tracksModel->getItem(i)->rect()1 1 QRect(0,111 1712x111)
[   185.38 ] D: _tracksModel->getItem(i)->rect()1 2 QRect(0,222 1712x111)
[   185.38 ] D: _tracksModel->getItem(i)->rect()1 3 QRect(0,333 1712x111)
[   185.38 ] D: setTracksRect
[   185.38 ] D: setTracksRect
[   185.38 ] D: sltStartContentYChanged4
[   185.38 ] D: setTracksRect
[   185.38 ] D: sltStartContentYChanged1
[   185.38 ] D: sltStartContentYChanged2
[   185.39 ] D: sltStartContentYChanged3
[   185.39 ] D: _tracksModel->getItem(i)->rect()1 0 QRect(0,0 2027x111)
[   185.39 ] D: _tracksModel->getItem(i)->rect()1 1 QRect(0,111 2027x111)
[   185.39 ] D: _tracksModel->getItem(i)->rect()1 2 QRect(0,222 2027x111)
[   185.39 ] D: _tracksModel->getItem(i)->rect()1 3 QRect(0,333 2027x111)
[   185.39 ] D: setTracksRect
[   185.39 ] D: setTracksRect
[   185.39 ] D: sltStartContentYChanged4
[   185.39 ] D: setTracksRect
[   185.39 ] D: sltStartContentYChanged1
[   185.39 ] D: sltStartContentYChanged2
[   185.39 ] D: sltStartContentYChanged3
[   185.39 ] D: _tracksModel->getItem(i)->rect()1 0 QRect(0,0 2027x111)
[   185.39 ] D: _tracksModel->getItem(i)->rect()1 1 QRect(0,111 2027x111)
[   185.39 ] D: _tracksModel->getItem(i)->rect()1 2 QRect(0,222 2027x111)
[   185.39 ] D: _tracksModel->getItem(i)->rect()1 3 QRect(0,333 2027x111)
[   185.39 ] D: setTracksRect
[   185.39 ] D: setTracksRect
[   185.39 ] D: sltStartContentYChanged4
[   185.43 ] D: setTracksRect
[   185.43 ] D: sltStartContentYChanged1
[   185.43 ] D: sltStartContentYChanged2
[   185.43 ] D: sltStartContentYChanged3
[   185.43 ] D: _tracksModel->getItem(i)->rect()1 0 QRect(0,0 1735x111)
[   185.43 ] D: _tracksModel->getItem(i)->rect()1 1 QRect(0,111 1735x111)
[   185.43 ] D: _tracksModel->getItem(i)->rect()1 2 QRect(0,222 1735x111)
[   185.43 ] D: _tracksModel->getItem(i)->rect()1 3 QRect(0,333 1735x111)
[   185.43 ] D: setTracksRect
[   185.43 ] D: setTracksRect
[   185.43 ] D: sltStartContentYChanged4
[   185.43 ] D: setTracksRect
[   185.43 ] D: sltStartContentYChanged1
[   185.43 ] D: sltStartContentYChanged2
[   185.43 ] D: sltStartContentYChanged3
[   185.43 ] D: _tracksModel->getItem(i)->rect()1 0 QRect(0,0 2050x111)
[   185.43 ] D: _tracksModel->getItem(i)->rect()1 1 QRect(0,111 2050x111)
[   185.43 ] D: _tracksModel->getItem(i)->rect()1 2 QRect(0,222 2050x111)
[   185.43 ] D: _tracksModel->getItem(i)->rect()1 3 QRect(0,333 2050x111)
[   185.43 ] D: setTracksRect
[   185.43 ] D: setTracksRect
[   185.43 ] D: sltStartContentYChanged4
[   185.43 ] D: setTracksRect
[   185.43 ] D: sltStartContentYChanged1
[   185.43 ] D: sltStartContentYChanged2
[   185.43 ] D: sltStartContentYChanged3
[   185.43 ] D: _tracksModel->getItem(i)->rect()1 0 QRect(0,0 2050x111)
[   185.43 ] D: _tracksModel->getItem(i)->rect()1 1 QRect(0,111 2050x111)
[   185.43 ] D: _tracksModel->getItem(i)->rect()1 2 QRect(0,222 2050x111)
[   185.43 ] D: _tracksModel->getItem(i)->rect()1 3 QRect(0,333 2050x111)
[   185.43 ] D: setTracksRect
[   185.43 ] D: setTracksRect
[   185.43 ] D: sltStartContentYChanged4
[   185.47 ] D: setTracksRect
[   185.47 ] D: sltStartContentYChanged1
[   185.47 ] D: sltStartContentYChanged2
[   185.47 ] D: sltStartContentYChanged3
[   185.47 ] D: _tracksModel->getItem(i)->rect()1 0 QRect(0,0 1749x111)
[   185.47 ] D: _tracksModel->getItem(i)->rect()1 1 QRect(0,111 1749x111)
[   185.47 ] D: _tracksModel->getItem(i)->rect()1 2 QRect(0,222 1749x111)
[   185.47 ] D: _tracksModel->getItem(i)->rect()1 3 QRect(0,333 1749x111)
[   185.47 ] D: setTracksRect
[   185.47 ] D: setTracksRect
[   185.47 ] D: sltStartContentYChanged4
[   185.47 ] D: setTracksRect
[   185.47 ] D: sltStartContentYChanged1
[   185.47 ] D: sltStartContentYChanged2
[   185.47 ] D: sltStartContentYChanged3
[   185.47 ] D: _tracksModel->getItem(i)->rect()1 0 QRect(0,0 2064x111)
[   185.47 ] D: _tracksModel->getItem(i)->rect()1 1 QRect(0,111 2064x111)
[   185.47 ] D: _tracksModel->getItem(i)->rect()1 2 QRect(0,222 2064x111)
[   185.47 ] D: _tracksModel->getItem(i)->rect()1 3 QRect(0,333 2064x111)
[   185.47 ] D: setTracksRect
[   185.47 ] D: setTracksRect
[   185.47 ] D: sltStartContentYChanged4
[   185.47 ] D: setTracksRect
[   185.47 ] D: sltStartContentYChanged1
[   185.47 ] D: sltStartContentYChanged2
[   185.47 ] D: sltStartContentYChanged3
[   185.47 ] D: _tracksModel->getItem(i)->rect()1 0 QRect(0,0 2064x111)
[   185.47 ] D: _tracksModel->getItem(i)->rect()1 1 QRect(0,111 2064x111)
[   185.47 ] D: _tracksModel->getItem(i)->rect()1 2 QRect(0,222 2064x111)
[   185.47 ] D: _tracksModel->getItem(i)->rect()1 3 QRect(0,333 2064x111)
[   185.47 ] D: setTracksRect
[   185.47 ] D: setTracksRect
[   185.47 ] D: sltStartContentYChanged4
[   185.50 ] D: setTracksRect
[   185.51 ] D: sltStartContentYChanged1
[   185.51 ] D: sltStartContentYChanged2
[   185.51 ] D: sltStartContentYChanged3
[   185.51 ] D: _tracksModel->getItem(i)->rect()1 0 QRect(0,0 1774x111)
[   185.51 ] D: _tracksModel->getItem(i)->rect()1 1 QRect(0,111 1774x111)
[   185.51 ] D: _tracksModel->getItem(i)->rect()1 2 QRect(0,222 1774x111)
[   185.51 ] D: _tracksModel->getItem(i)->rect()1 3 QRect(0,333 1774x111)
[   185.51 ] D: setTracksRect
[   185.51 ] D: setTracksRect
[   185.51 ] D: sltStartContentYChanged4
[   185.51 ] D: setTracksRect
[   185.51 ] D: sltStartContentYChanged1
[   185.51 ] D: sltStartContentYChanged2
[   185.51 ] D: sltStartContentYChanged3
[   185.51 ] D: _tracksModel->getItem(i)->rect()1 0 QRect(0,0 2089x111)
[   185.51 ] D: _tracksModel->getItem(i)->rect()1 1 QRect(0,111 2089x111)
[   185.51 ] D: _tracksModel->getItem(i)->rect()1 2 QRect(0,222 2089x111)
[   185.51 ] D: _tracksModel->getItem(i)->rect()1 3 QRect(0,333 2089x111)
[   185.51 ] D: setTracksRect
[   185.51 ] D: setTracksRect
[   185.51 ] D: sltStartContentYChanged4
[   185.51 ] D: setTracksRect
[   185.51 ] D: sltStartContentYChanged1
[   185.51 ] D: sltStartContentYChanged2
[   185.51 ] D: sltStartContentYChanged3
[   185.51 ] D: _tracksModel->getItem(i)->rect()1 0 QRect(0,0 2089x111)
[   185.51 ] D: _tracksModel->getItem(i)->rect()1 1 QRect(0,111 2089x111)
[   185.51 ] D: _tracksModel->getItem(i)->rect()1 2 QRect(0,222 2089x111)
[   185.51 ] D: _tracksModel->getItem(i)->rect()1 3 QRect(0,333 2089x111)
[   185.51 ] D: setTracksRect
[   185.51 ] D: setTracksRect
[   185.51 ] D: sltStartContentYChanged4
[   185.55 ] D: setTracksRect
[   185.55 ] D: sltStartContentYChanged1
[   185.55 ] D: sltStartContentYChanged2
[   185.55 ] D: sltStartContentYChanged3
[   185.55 ] D: _tracksModel->getItem(i)->rect()1 0 QRect(0,0 1804x111)
[   185.55 ] D: _tracksModel->getItem(i)->rect()1 1 QRect(0,111 1804x111)
[   185.55 ] D: _tracksModel->getItem(i)->rect()1 2 QRect(0,222 1804x111)
[   185.55 ] D: _tracksModel->getItem(i)->rect()1 3 QRect(0,333 1804x111)
[   185.55 ] D: setTracksRect
[   185.55 ] D: setTracksRect
[   185.55 ] D: sltStartContentYChanged4
[   185.55 ] D: setTracksRect
[   185.55 ] D: sltStartContentYChanged1
[   185.55 ] D: sltStartContentYChanged2
[   185.55 ] D: sltStartContentYChanged3
[   185.55 ] D: _tracksModel->getItem(i)->rect()1 0 QRect(0,0 2119x111)
[   185.55 ] D: _tracksModel->getItem(i)->rect()1 1 QRect(0,111 2119x111)
[   185.55 ] D: _tracksModel->getItem(i)->rect()1 2 QRect(0,222 2119x111)
[   185.55 ] D: _tracksModel->getItem(i)->rect()1 3 QRect(0,333 2119x111)
[   185.55 ] D: setTracksRect
[   185.55 ] D: setTracksRect
[   185.55 ] D: sltStartContentYChanged4
[   185.55 ] D: setTracksRect
[   185.55 ] D: sltStartContentYChanged1
[   185.55 ] D: sltStartContentYChanged2
[   185.55 ] D: sltStartContentYChanged3
[   185.55 ] D: _tracksModel->getItem(i)->rect()1 0 QRect(0,0 2119x111)
[   185.55 ] D: _tracksModel->getItem(i)->rect()1 1 QRect(0,111 2119x111)
[   185.55 ] D: _tracksModel->getItem(i)->rect()1 2 QRect(0,222 2119x111)
[   185.55 ] D: _tracksModel->getItem(i)->rect()1 3 QRect(0,333 2119x111)
[   185.55 ] D: setTracksRect
[   185.55 ] D: setTracksRect
[   185.55 ] D: sltStartContentYChanged4
[   185.59 ] D: setTracksRect
[   185.59 ] D: sltStartContentYChanged1
[   185.59 ] D: sltStartContentYChanged2
[   185.59 ] D: sltStartContentYChanged3
[   185.59 ] D: _tracksModel->getItem(i)->rect()1 0 QRect(0,0 1807x111)
[   185.59 ] D: _tracksModel->getItem(i)->rect()1 1 QRect(0,111 1807x111)
[   185.59 ] D: _tracksModel->getItem(i)->rect()1 2 QRect(0,222 1807x111)
[   185.59 ] D: _tracksModel->getItem(i)->rect()1 3 QRect(0,333 1807x111)
[   185.59 ] D: setTracksRect
[   185.59 ] D: setTracksRect
[   185.59 ] D: sltStartContentYChanged4
[   185.59 ] D: setTracksRect
[   185.59 ] D: sltStartContentYChanged1
[   185.59 ] D: sltStartContentYChanged2
[   185.59 ] D: sltStartContentYChanged3
[   185.59 ] D: _tracksModel->getItem(i)->rect()1 0 QRect(0,0 2122x111)
[   185.59 ] D: _tracksModel->getItem(i)->rect()1 1 QRect(0,111 2122x111)
[   185.59 ] D: _tracksModel->getItem(i)->rect()1 2 QRect(0,222 2122x111)
[   185.59 ] D: _tracksModel->getItem(i)->rect()1 3 QRect(0,333 2122x111)
[   185.59 ] D: setTracksRect
[   185.59 ] D: setTracksRect
[   185.59 ] D: sltStartContentYChanged4
[   185.59 ] D: setTracksRect
[   185.59 ] D: sltStartContentYChanged1
[   185.59 ] D: sltStartContentYChanged2
[   185.59 ] D: sltStartContentYChanged3
[   185.59 ] D: _tracksModel->getItem(i)->rect()1 0 QRect(0,0 2122x111)
[   185.59 ] D: _tracksModel->getItem(i)->rect()1 1 QRect(0,111 2122x111)
[   185.59 ] D: _tracksModel->getItem(i)->rect()1 2 QRect(0,222 2122x111)
[   185.59 ] D: _tracksModel->getItem(i)->rect()1 3 QRect(0,333 2122x111)
[   185.59 ] D: setTracksRect
[   185.59 ] D: setTracksRect
[   185.59 ] D: sltStartContentYChanged4
[   185.95 ] D: setTracksRect
[   185.95 ] D: sltStartContentYChanged1
[   185.95 ] D: sltStartContentYChanged2
[   185.95 ] D: sltStartContentYChanged3
[   185.95 ] D: _tracksModel->getItem(i)->rect()1 0 QRect(0,0 1808x111)
[   185.95 ] D: _tracksModel->getItem(i)->rect()1 1 QRect(0,111 1808x111)
[   185.95 ] D: _tracksModel->getItem(i)->rect()1 2 QRect(0,222 1808x111)
[   185.95 ] D: _tracksModel->getItem(i)->rect()1 3 QRect(0,333 1808x111)
[   185.95 ] D: setTracksRect
[   185.95 ] D: setTracksRect
[   185.95 ] D: sltStartContentYChanged4
[   185.95 ] D: setTracksRect
[   185.95 ] D: sltStartContentYChanged1
[   185.95 ] D: sltStartContentYChanged2
[   185.95 ] D: sltStartContentYChanged3
[   185.95 ] D: _tracksModel->getItem(i)->rect()1 0 QRect(0,0 2123x111)
[   185.95 ] D: _tracksModel->getItem(i)->rect()1 1 QRect(0,111 2123x111)
[   185.95 ] D: _tracksModel->getItem(i)->rect()1 2 QRect(0,222 2123x111)
[   185.95 ] D: _tracksModel->getItem(i)->rect()1 3 QRect(0,333 2123x111)
[   185.95 ] D: setTracksRect
[   185.95 ] D: setTracksRect
[   185.95 ] D: sltStartContentYChanged4
[   205.75 ] D: P1 -216
[   205.75 ] D: P1 -218
[   205.76 ] D: P1 -218
[   205.76 ] D: P1 -219
[   205.77 ] D: P1 -219
[   205.77 ] D: P1 -219
[   205.77 ] D: P1 -219
[   205.77 ] D: P1 -219
[   205.77 ] D: P1 -219
[   205.79 ] D: P1 -219
[   205.79 ] D: P1 -217
[   205.80 ] D: P1 -217
[   205.80 ] D: P1 -216
[   205.82 ] D: P1 -215
[   206.01 ] D: P1 -214
[   206.01 ] D: P1 -208
[   206.01 ] D: P1 -207
[   206.01 ] D: P1 -206
[   206.01 ] D: P1 -204
[   206.02 ] D: P1 -198
[   206.02 ] D: P1 -197
[   206.03 ] D: P1 -196
[   206.05 ] D: P1 -196
[   206.05 ] D: P1 -190
[   206.05 ] D: P1 -190
[   206.05 ] D: P1 -190
[   206.05 ] D: P1 -190
[   206.08 ] D: P1 -190
[   206.08 ] D: P1 -187
[   206.08 ] D: P1 -187
[   206.08 ] D: P1 -187
[   206.10 ] D: P1 -187
[   206.10 ] D: P1 -186
[   206.10 ] D: P1 -186
[   206.12 ] D: P1 -186
[   206.12 ] D: P1 -185
[   206.13 ] D: P1 -185
[   206.15 ] D: P1 -185
[   206.15 ] D: P1 -185
[   206.15 ] D: P1 -185
[   206.18 ] D: P1 -185
[   206.18 ] D: P1 -185
[   206.18 ] D: P1 -185
[   206.18 ] D: P1 -185
[   206.18 ] D: P1 -185
[   206.20 ] D: P1 -185
[   206.20 ] D: P1 -185
[   206.21 ] D: P1 -185
[   206.21 ] D: P1 -185
[   206.23 ] D: P1 -185
[   206.23 ] D: P1 -185
[   206.23 ] D: P1 -185
[   206.23 ] D: P1 -185
[   206.23 ] D: P1 -185
[   206.25 ] D: P1 -185
[   206.25 ] D: P1 -185
[   206.25 ] D: P1 -185
[   206.26 ] D: P1 -185
[   206.28 ] D: P1 -185
[   206.28 ] D: P1 -187
[   206.28 ] D: P1 -188
[   206.28 ] D: P1 -188
[   206.30 ] D: P1 -188
[   206.30 ] D: P1 -190
[   206.30 ] D: P1 -190
[   206.31 ] D: P1 -191
[   206.33 ] D: P1 -191
[   206.33 ] D: P1 -194
[   206.33 ] D: P1 -194
[   206.36 ] D: P1 -194
[   206.36 ] D: P1 -195
[   206.36 ] D: P1 -195
[   206.58 ] D: sltPositionChanged 837900
[   206.58 ] D: frame_offset 0 0 217
[   206.58 ] D: frame_offset 0 1 217
[   206.58 ] D: frame_offset 0 2 217
[   206.59 ] D: findOverlayItems 1 1
[   206.59 ] D: "{79d74a7e-6b35-4b1e-b3f3-67db4300498f}" i.value()->sampleClip()->startTime()  19000 341833 341833 19000
[   206.59 ] D: findOverlayItems
[   206.59 ] D: frame_offset 0 3 217
[   206.59 ] D: frame_offset 0 4 217
[   212.11 ] D: findTrackIndexByPoint 0 QRect(0,0 2123x111) true QPointF(302,74)
[   212.11 ] D: createSelectedPoints 1 -1
[   214.60 ] D: P1 -377
[   214.60 ] D: P1 -369
[   214.60 ] D: P1 -368
[   214.61 ] D: P1 -368
[   214.61 ] D: P1 -366
[   214.61 ] D: P1 -365
[   214.61 ] D: P1 -365
[   214.65 ] D: P1 -352
[   214.66 ] D: P1 -352
[   214.66 ] D: P1 -351
[   214.68 ] D: P1 -351
[   214.68 ] D: P1 -349
[   214.68 ] D: P1 -349
[   214.71 ] D: P1 -348
[   214.71 ] D: P1 -348
[   214.93 ] D: sltPositionChanged 705600
[   214.93 ] D: frame_offset 0 0 10
[   214.93 ] D: findOverlayItems 1 0
[   214.93 ] D: "{b77b8644-4a7c-4586-8225-b23bcb556d42}" i.value()->sampleClip()->startTime()  16000 31483.9 31483.9 16000
[   214.93 ] D: findOverlayItems
[   214.93 ] D: sltPositionChanged 705600
[   214.93 ] D: frame_offset 0 0 10
[   214.93 ] D: frame_offset 0 1 10
[   214.93 ] D: frame_offset 0 2 10
[   214.93 ] D: frame_offset 0 3 10
[   214.94 ] D: frame_offset 0 4 10
[   219.99 ] D: findTrackIndexByPoint 0 QRect(0,0 2123x111) true QPointF(210,61)
[   220.01 ] D: createSelectedPoints 1 -1
[   220.57 ] D: findTrackIndexByPoint 0 QRect(0,0 2123x111) true QPointF(683,63)
[   220.57 ] D: createSelectedPoints 1 -1
[   222.35 ] D: setTracksRect
[   222.35 ] D: sltStartContentYChanged1
[   222.35 ] D: sltStartContentYChanged2
[   222.35 ] D: sltStartContentYChanged3
[   222.35 ] D: _tracksMode