[     4.79 ] I: Log: Log file open in follow path at 1403/3/6 21:44:58 : C:\Users\AmirPasha\Desktop\Rpos\DAW-3\build2019\debug\Logs\Launch.log
[     4.79 ] I: The subsystem "class DGE::Core::IO::LogSystem::Logger" is registered successfully.
[     4.79 ] I: The subsystem "class DGE::Core::Windows::QtWindow" is registered successfully.
[     4.79 ] D: API version is: 4.60 ,shader version is: 4.60
[     4.79 ] I: The subsystem "class DGE::GFX::GCore::QtWrapper::QtRenderer" is registered successfully.
[     4.79 ] I: Current Render API is: 4.60
[     4.79 ] I: The subsystem "Renderer" is registered successfully.
[     4.79 ] I: The subsystem "class DGE::Core::Platforms::QtPlatform" is registered successfully.
[     4.79 ] I: The subsystem "Platform" is registered successfully.
[     4.79 ] I: The subsystem "class DGE::Core::IO::FileSystem::FileManager" is registered successfully.
[     4.79 ] I: The subsystem "class DGE::Core::CoreModule" is registered successfully.
[     4.79 ] I: The subsystem "class DGE::Core::Profiling::Profiler" is registered successfully.
[     4.79 ] I: The subsystem "class DGE::GFX::DrawablesManager" is registered successfully.
[     4.79 ] I: #version 460 core
#define GLES_Ver 460

[     4.79 ] I: The subsystem "class DGE::GFX::GraphicsManager" is registered successfully.
[     4.79 ] I: The subsystem "class DGE::GFX::GFXModule" is registered successfully.
[     4.87 ] D: Shader Compile successfully.
[     4.87 ] I: The subsystem "class DGE::Scene::ViewportManager" is registered successfully.
[     4.87 ] I: The subsystem "class DGE::Scene::SceneModule" is registered successfully.
[     4.87 ] I: The subsystem "class DGE::Managers::RenderManager" is registered successfully.
[     4.87 ] D: Engine Enabled
[     4.87 ] I: The subsystem "class DGE::Engine" is registered successfully.
[     4.87 ] D: Node with id 1 is added to Qt layer
[     4.87 ] D: Node with id 2460 is added to Qt layer
[     4.87 ] D: Node with id 2462 is added to Qt layer
[     4.87 ] D: Node with id 2464 is added to Qt layer
[     4.87 ] D: Node with id 2466 is added to Qt layer
[     4.87 ] D: Node with id 2468 is added to Qt layer
[     4.87 ] D: Node with id 2470 is added to Qt layer
[     4.87 ] D: Node with id 2472 is added to Qt layer
[     4.87 ] D: Node with id 2474 is added to Qt layer
[     4.88 ] D: Node with id 2476 is added to Qt layer
[     4.88 ] D: Node with id 2478 is added to Qt layer
[     4.88 ] D: Node with id 2480 is added to Qt layer
[     4.88 ] D: Node with id 2482 is added to Qt layer
[     4.88 ] D: Node with id 2484 is added to Qt layer
[     4.88 ] D: Node with id 2486 is added to Qt layer
[     4.88 ] D: Node with id 2487 is added to Qt layer
[     4.88 ] D: Node with id 2489 is added to Qt layer
[     4.88 ] D: Node with id 2491 is added to Qt layer
[     4.88 ] D: Node with id 3 is added to Qt layer
[     4.88 ] D: Node with id 2493 is added to Qt layer
[     4.88 ] S: New view-port registered with id: 1
[     4.88 ] S: New view-port registered with id: 2
[     4.88 ] S: New view-port registered with id: 3
[     4.88 ] S: New view-port registered with id: 4
[     4.88 ] S: New view-port registered with id: 5
[     4.88 ] S: New view-port registered with id: 6
[     4.98 ] D: Creating suitable QNanoBackend for OpenGL 4.6 context
[     4.98 ] D: Using backend: "OpenGL 3"
[     5.01 ] W: Floating point comparison needs context sanity check
[     5.01 ] D: QT onScaleChanged=  144
[     5.11 ] D: Engine Started.
[    98.86 ] D: setTracksRect
[    98.90 ] D: setTracksRect
[    98.94 ] D: setTracksRect
[    98.97 ] D: setTracksRect
[    99.00 ] D: setTracksRect
[    99.02 ] D: setTracksRect
[    99.06 ] D: setTracksRect
[    99.19 ] D: setTracksRect
[    99.26 ] D: setTracksRect
[    99.32 ] D: setTracksRect
[    99.34 ] D: setTracksRect
[    99.36 ] D: setTracksRect
[    99.40 ] D: setTracksRect
[    99.42 ] D: setTracksRect
[    99.46 ] D: setTracksRect
[    99.50 ] D: setTracksRect
[    99.54 ] D: setTracksRect
[   108.74 ] D: setTracksRect
[   109.47 ] D: setTracksRect
[   110.11 ] D: setTracksRect
[   110.74 ] D: setTracksRect
[   111.40 ] D: setTracksRect
[   112.22 ] D: sltStartContentYChanged1
[   112.22 ] D: sltStartContentYChanged2
[   112.22 ] D: sltStartContentYChanged3
[   112.22 ] D: _tracksModel->getItem(i)->rect()1 0 QRect(0,-4 1957x111)
[   112.22 ] D: _tracksModel->getItem(i)->rect()1 1 QRect(0,107 1957x111)
[   112.22 ] D: _tracksModel->getItem(i)->rect()1 2 QRect(0,218 1957x111)
[   112.22 ] D: _tracksModel->getItem(i)->rect()1 3 QRect(0,329 1957x111)
[   112.22 ] D: _tracksModel->getItem(i)->rect()1 4 QRect(0,440 1957x111)
[   112.22 ] D: _tracksModel->getItem(i)->rect()1 5 QRect(0,551 1957x111)
[   112.22 ] D: _tracksModel->getItem(i)->rect()1 6 QRect(0,662 1957x111)
[   112.22 ] D: _tracksModel->getItem(i)->rect()1 7 QRect(0,773 1957x111)
[   112.22 ] D: _tracksModel->getItem(i)->rect()1 8 QRect(0,884 1957x111)
[   112.22 ] D: setTracksRect
[   112.22 ] D: setTracksRect
[   112.22 ] D: sltStartContentYChanged4
[   112.25 ] D: sltStartContentYChanged1
[   112.25 ] D: sltStartContentYChanged2
[   112.25 ] D: sltStartContentYChanged3
[   112.25 ] D: _tracksModel->getItem(i)->rect()1 0 QRect(0,-9 1957x111)
[   112.25 ] D: _tracksModel->getItem(i)->rect()1 1 QRect(0,102 1957x111)
[   112.25 ] D: _tracksModel->getItem(i)->rect()1 2 QRect(0,213 1957x111)
[   112.25 ] D: _tracksModel->getItem(i)->rect()1 3 QRect(0,324 1957x111)
[   112.25 ] D: _tracksModel->getItem(i)->rect()1 4 QRect(0,435 1957x111)
[   112.25 ] D: _tracksModel->getItem(i)->rect()1 5 QRect(0,546 1957x111)
[   112.25 ] D: _tracksModel->getItem(i)->rect()1 6 QRect(0,657 1957x111)
[   112.25 ] D: _tracksModel->getItem(i)->rect()1 7 QRect(0,768 1957x111)
[   112.25 ] D: _tracksModel->getItem(i)->rect()1 8 QRect(0,879 1957x111)
[   112.25 ] D: setTracksRect
[   112.25 ] D: setTracksRect
[   112.25 ] D: sltStartContentYChanged4
[   112.26 ] D: sltStartContentYChanged1
[   112.26 ] D: sltStartContentYChanged2
[   112.26 ] D: sltStartContentYChanged3
[   112.26 ] D: _tracksModel->getItem(i)->rect()1 0 QRect(0,-13 1957x111)
[   112.26 ] D: _tracksModel->getItem(i)->rect()1 1 QRect(0,98 1957x111)
[   112.26 ] D: _tracksModel->getItem(i)->rect()1 2 QRect(0,209 1957x111)
[   112.26 ] D: _tracksModel->getItem(i)->rect()1 3 QRect(0,320 1957x111)
[   112.26 ] D: _tracksModel->getItem(i)->rect()1 4 QRect(0,431 1957x111)
[   112.26 ] D: _tracksModel->getItem(i)->rect()1 5 QRect(0,542 1957x111)
[   112.26 ] D: _tracksModel->getItem(i)->rect()1 6 QRect(0,653 1957x111)
[   112.26 ] D: _tracksModel->getItem(i)->rect()1 7 QRect(0,764 1957x111)
[   112.26 ] D: _tracksModel->getItem(i)->rect()1 8 QRect(0,875 1957x111)
[   112.26 ] D: setTracksRect
[   112.26 ] D: setTracksRect
[   112.26 ] D: sltStartContentYChanged4
[   112.29 ] D: sltStartContentYChanged1
[   112.29 ] D: sltStartContentYChanged2
[   112.29 ] D: sltStartContentYChanged3
[   112.29 ] D: _tracksModel->getItem(i)->rect()1 0 QRect(0,-18 1957x111)
[   112.29 ] D: _tracksModel->getItem(i)->rect()1 1 QRect(0,93 1957x111)
[   112.29 ] D: _tracksModel->getItem(i)->rect()1 2 QRect(0,204 1957x111)
[   112.29 ] D: _tracksModel->getItem(i)->rect()1 3 QRect(0,315 1957x111)
[   112.29 ] D: _tracksModel->getItem(i)->rect()1 4 QRect(0,426 1957x111)
[   112.29 ] D: _tracksModel->getItem(i)->rect()1 5 QRect(0,537 1957x111)
[   112.29 ] D: _tracksModel->getItem(i)->rect()1 6 QRect(0,648 1957x111)
[   112.29 ] D: _tracksModel->getItem(i)->rect()1 7 QRect(0,759 1957x111)
[   112.29 ] D: _tracksModel->getItem(i)->rect()1 8 QRect(0,870 1957x111)
[   112.29 ] D: setTracksRect
[   112.29 ] D: setTracksRect
[   112.29 ] D: sltStartContentYChanged4
[   112.30 ] D: sltStartContentYChanged1
[   112.30 ] D: sltStartContentYChanged2
[   112.30 ] D: sltStartContentYChanged3
[   112.30 ] D: _tracksModel->getItem(i)->rect()1 0 QRect(0,-23 1957x111)
[   112.30 ] D: _tracksModel->getItem(i)->rect()1 1 QRect(0,88 1957x111)
[   112.30 ] D: _tracksModel->getItem(i)->rect()1 2 QRect(0,199 1957x111)
[   112.30 ] D: _tracksModel->getItem(i)->rect()1 3 QRect(0,310 1957x111)
[   112.30 ] D: _tracksModel->getItem(i)->rect()1 4 QRect(0,421 1957x111)
[   112.30 ] D: _tracksModel->getItem(i)->rect()1 5 QRect(0,532 1957x111)
[   112.30 ] D: _tracksModel->getItem(i)->rect()1 6 QRect(0,643 1957x111)
[   112.30 ] D: _tracksModel->getItem(i)->rect()1 7 QRect(0,754 1957x111)
[   112.30 ] D: _tracksModel->getItem(i)->rect()1 8 QRect(0,865 1957x111)
[   112.30 ] D: setTracksRect
[   112.30 ] D: setTracksRect
[   112.30 ] D: sltStartContentYChanged4
[   112.32 ] D: sltStartContentYChanged1
[   112.32 ] D: sltStartContentYChanged2
[   112.32 ] D: sltStartContentYChanged3
[   112.32 ] D: _tracksModel->getItem(i)->rect()1 0 QRect(0,-27 1957x111)
[   112.32 ] D: _tracksModel->getItem(i)->rect()1 1 QRect(0,84 1957x111)
[   112.32 ] D: _tracksModel->getItem(i)->rect()1 2 QRect(0,195 1957x111)
[   112.32 ] D: _tracksModel->getItem(i)->rect()1 3 QRect(0,306 1957x111)
[   112.32 ] D: _tracksModel->getItem(i)->rect()1 4 QRect(0,417 1957x111)
[   112.32 ] D: _tracksModel->getItem(i)->rect()1 5 QRect(0,528 1957x111)
[   112.32 ] D: _tracksModel->getItem(i)->rect()1 6 QRect(0,639 1957x111)
[   112.32 ] D: _tracksModel->getItem(i)->rect()1 7 QRect(0,750 1957x111)
[   112.32 ] D: _tracksModel->getItem(i)->rect()1 8 QRect(0,861 1957x111)
[   112.32 ] D: setTracksRect
[   112.32 ] D: setTracksRect
[   112.32 ] D: sltStartContentYChanged4
[   112.34 ] D: sltStartContentYChanged1
[   112.34 ] D: sltStartContentYChanged2
[   112.34 ] D: sltStartContentYChanged3
[   112.34 ] D: _tracksModel->getItem(i)->rect()1 0 QRect(0,-30 1957x111)
[   112.34 ] D: _tracksModel->getItem(i)->rect()1 1 QRect(0,81 1957x111)
[   112.34 ] D: _tracksModel->getItem(i)->rect()1 2 QRect(0,192 1957x111)
[   112.34 ] D: _tracksModel->getItem(i)->rect()1 3 QRect(0,303 1957x111)
[   112.34 ] D: _tracksModel->getItem(i)->rect()1 4 QRect(0,414 1957x111)
[   112.34 ] D: _tracksModel->getItem(i)->rect()1 5 QRect(0,525 1957x111)
[   112.34 ] D: _tracksModel->getItem(i)->rect()1 6 QRect(0,636 1957x111)
[   112.34 ] D: _tracksModel->getItem(i)->rect()1 7 QRect(0,747 1957x111)
[   112.34 ] D: _tracksModel->getItem(i)->rect()1 8 QRect(0,858 1957x111)
[   112.34 ] D: setTracksRect
[   112.34 ] D: setTracksRect
[   112.34 ] D: sltStartContentYChanged4
[   112.36 ] D: sltStartContentYChanged1
[   112.36 ] D: sltStartContentYChanged2
[   112.36 ] D: sltStartContentYChanged3
[   112.36 ] D: _tracksModel->getItem(i)->rect()1 0 QRect(0,-34 1957x111)
[   112.36 ] D: _tracksModel->getItem(i)->rect()1 1 QRect(0,77 1957x111)
[   112.36 ] D: _tracksModel->getItem(i)->rect()1 2 QRect(0,188 1957x111)
[   112.36 ] D: _tracksModel->getItem(i)->rect()1 3 QRect(0,299 1957x111)
[   112.36 ] D: _tracksModel->getItem(i)->rect()1 4 QRect(0,410 1957x111)
[   112.36 ] D: _tracksModel->getItem(i)->rect()1 5 QRect(0,521 1957x111)
[   112.36 ] D: _tracksModel->getItem(i)->rect()1 6 QRect(0,632 1957x111)
[   112.36 ] D: _tracksModel->getItem(i)->rect()1 7 QRect(0,743 1957x111)
[   112.36 ] D: _tracksModel->getItem(i)->rect()1 8 QRect(0,854 1957x111)
[   112.36 ] D: setTracksRect
[   112.36 ] D: setTracksRect
[   112.36 ] D: sltStartContentYChanged4
[   112.37 ] D: sltStartContentYChanged1
[   112.37 ] D: sltStartContentYChanged2
[   112.37 ] D: sltStartContentYChanged3
[   112.37 ] D: _tracksModel->getItem(i)->rect()1 0 QRect(0,-36 1957x111)
[   112.37 ] D: _tracksModel->getItem(i)->rect()1 1 QRect(0,75 1957x111)
[   112.37 ] D: _tracksModel->getItem(i)->rect()1 2 QRect(0,186 1957x111)
[   112.37 ] D: _tracksModel->getItem(i)->rect()1 3 QRect(0,297 1957x111)
[   112.37 ] D: _tracksModel->getItem(i)->rect()1 4 QRect(0,408 1957x111)
[   112.37 ] D: _tracksModel->getItem(i)->rect()1 5 QRect(0,519 1957x111)
[   112.37 ] D: _tracksModel->getItem(i)->rect()1 6 QRect(0,630 1957x111)
[   112.37 ] D: _tracksModel->getItem(i)->rect()1 7 QRect(0,741 1957x111)
[   112.37 ] D: _tracksModel->getItem(i)->rect()1 8 QRect(0,852 1957x111)
[   112.37 ] D: setTracksRect
[   112.37 ] D: setTracksRect
[   112.37 ] D: sltStartContentYChanged4
[   112.39 ] D: sltStartContentYChanged1
[   112.40 ] D: sltStartContentYChanged2
[   112.40 ] D: sltStartContentYChanged3
[   112.40 ] D: _tracksModel->getItem(i)->rect()1 0 QRect(0,-39 1957x111)
[   112.40 ] D: _tracksModel->getItem(i)->rect()1 1 QRect(0,72 1957x111)
[   112.40 ] D: _tracksModel->getItem(i)->rect()1 2 QRect(0,183 1957x111)
[   112.40 ] D: _tracksModel->getItem(i)->rect()1 3 QRect(0,294 1957x111)
[   112.40 ] D: _tracksModel->getItem(i)->rect()1 4 QRect(0,405 1957x111)
[   112.40 ] D: _tracksModel->getItem(i)->rect()1 5 QRect(0,516 1957x111)
[   112.40 ] D: _tracksModel->getItem(i)->rect()1 6 QRect(0,627 1957x111)
[   112.40 ] D: _tracksModel->getItem(i)->rect()1 7 QRect(0,738 1957x111)
[   112.40 ] D: _tracksModel->getItem(i)->rect()1 8 QRect(0,849 1957x111)
[   112.40 ] D: setTracksRect
[   112.40 ] D: setTracksRect
[   112.40 ] D: sltStartContentYChanged4
[   112.41 ] D: sltStartContentYChanged1
[   112.41 ] D: sltStartContentYChanged2
[   112.41 ] D: sltStartContentYChanged3
[   112.41 ] D: _tracksModel->getItem(i)->rect()1 0 QRect(0,-40 1957x111)
[   112.41 ] D: _tracksModel->getItem(i)->rect()1 1 QRect(0,71 1957x111)
[   112.41 ] D: _tracksModel->getItem(i)->rect()1 2 QRect(0,182 1957x111)
[   112.41 ] D: _tracksModel->getItem(i)->rect()1 3 QRect(0,293 1957x111)
[   112.41 ] D: _tracksModel->getItem(i)->rect()1 4 QRect(0,404 1957x111)
[   112.41 ] D: _tracksModel->getItem(i)->rect()1 5 QRect(0,515 1957x111)
[   112.41 ] D: _tracksModel->getItem(i)->rect()1 6 QRect(0,626 1957x111)
[   112.41 ] D: _tracksModel->getItem(i)->rect()1 7 QRect(0,737 1957x111)
[   112.41 ] D: _tracksModel->getItem(i)->rect()1 8 QRect(0,848 1957x111)
[   112.41 ] D: setTracksRect
[   112.41 ] D: setTracksRect
[   112.41 ] D: sltStartContentYChanged4
[   112.42 ] D: sltStartContentYChanged1
[   112.42 ] D: sltStartContentYChanged2
[   112.42 ] D: sltStartContentYChanged3
[   112.42 ] D: _tracksModel->getItem(i)->rect()1 0 QRect(0,-42 1957x111)
[   112.42 ] D: _tracksModel->getItem(i)->rect()1 1 QRect(0,69 1957x111)
[   112.42 ] D: _tracksModel->getItem(i)->rect()1 2 QRect(0,180 1957x111)
[   112.42 ] D: _tracksModel->getItem(i)->rect()1 3 QRect(0,291 1957x111)
[   112.42 ] D: _tracksModel->getItem(i)->rect()1 4 QRect(0,402 1957x111)
[   112.42 ] D: _tracksModel->getItem(i)->rect()1 5 QRect(0,513 1957x111)
[   112.42 ] D: _tracksModel->getItem(i)->rect()1 6 QRect(0,624 1957x111)
[   112.42 ] D: _tracksModel->getItem(i)->rect()1 7 QRect(0,735 1957x111)
[   112.42 ] D: _tracksModel->getItem(i)->rect()1 8 QRect(0,846 1957x111)
[   112.42 ] D: setTracksRect
[   112.42 ] D: setTracksRect
[   112.42 ] D: sltStartContentYChanged4
[   112.45 ] D: sltStartContentYChanged1
[   112.45 ] D: sltStartContentYChanged2
[   112.45 ] D: sltStartContentYChanged3
[   112.45 ] D: _tracksModel->getItem(i)->rect()1 0 QRect(0,-43 1957x111)
[   112.45 ] D: _tracksModel->getItem(i)->rect()1 1 QRect(0,68 1957x111)
[   112.45 ] D: _tracksModel->getItem(i)->rect()1 2 QRect(0,179 1957x111)
[   112.45 ] D: _tracksModel->getItem(i)->rect()1 3 QRect(0,290 1957x111)
[   112.45 ] D: _tracksModel->getItem(i)->rect()1 4 QRect(0,401 1957x111)
[   112.45 ] D: _tracksModel->getItem(i)->rect()1 5 QRect(0,512 1957x111)
[   112.45 ] D: _tracksModel->getItem(i)->rect()1 6 QRect(0,623 1957x111)
[   112.45 ] D: _tracksModel->getItem(i)->rect()1 7 QRect(0,734 1957x111)
[   112.45 ] D: _tracksModel->getItem(i)->rect()1 8 QRect(0,845 1957x111)
[   112.45 ] D: setTracksRect
[   112.45 ] D: setTracksRect
[   112.45 ] D: sltStartContentYChanged4
[   112.46 ] D: sltStartContentYChanged1
[   112.46 ] D: sltStartContentYChanged2
[   112.46 ] D: sltStartContentYChanged3
[   112.46 ] D: _tracksModel->getItem(i)->rect()1 0 QRect(0,-44 1957x111)
[   112.46 ] D: _tracksModel->getItem(i)->rect()1 1 QRect(0,67 1957x111)
[   112.46 ] D: _tracksModel->getItem(i)->rect()1 2 QRect(0,178 1957x111)
[   112.46 ] D: _tracksModel->getItem(i)->rect()1 3 QRect(0,289 1957x111)
[   112.46 ] D: _tracksModel->getItem(i)->rect()1 4 QRect(0,400 1957x111)
[   112.46 ] D: _tracksModel->getItem(i)->rect()1 5 QRect(0,511 1957x111)
[   112.46 ] D: _tracksModel->getItem(i)->rect()1 6 QRect(0,622 1957x111)
[   112.46 ] D: _tracksModel->getItem(i)->rect()1 7 QRect(0,733 1957x111)
[   112.46 ] D: _tracksModel->getItem(i)->rect()1 8 QRect(0,844 1957x111)
[   112.46 ] D: setTracksRect
[   112.46 ] D: setTracksRect
[   112.46 ] D: sltStartContentYChanged4
[   112.51 ] D: sltStartContentYChanged1
[   112.51 ] D: sltStartContentYChanged2
[   112.51 ] D: sltStartContentYChanged3
[   112.51 ] D: _tracksModel->getItem(i)->rect()1 0 QRect(0,-48 1957x111)
[   112.51 ] D: _tracksModel->getItem(i)->rect()1 1 QRect(0,63 1957x111)
[   112.51 ] D: _tracksModel->getItem(i)->rect()1 2 QRect(0,174 1957x111)
[   112.51 ] D: _tracksModel->getItem(i)->rect()1 3 QRect(0,285 1957x111)
[   112.51 ] D: _tracksModel->getItem(i)->rect()1 4 QRect(0,396 1957x111)
[   112.51 ] D: _tracksModel->getItem(i)->rect()1 5 QRect(0,507 1957x111)
[   112.52 ] D: _tracksModel->getItem(i)->rect()1 6 QRect(0,618 1957x111)
[   112.52 ] D: _tracksModel->getItem(i)->rect()1 7 QRect(0,729 1957x111)
[   112.52 ] D: _tracksModel->getItem(i)->rect()1 8 QRect(0,840 1957x111)
[   112.52 ] D: setTracksRect
[   112.52 ] D: setTracksRect
[   112.52 ] D: sltStartContentYChanged4
[   112.54 ] D: sltStartContentYChanged1
[   112.54 ] D: sltStartContentYChanged2
[   112.55 ] D: sltStartContentYChanged3
[   112.55 ] D: _tracksModel->getItem(i)->rect()1 0 QRect(0,-53 1957x111)
[   112.55 ] D: _tracksModel->getItem(i)->rect()1 1 QRect(0,58 1957x111)
[   112.55 ] D: _tracksModel->getItem(i)->rect()1 2 QRect(0,169 1957x111)
[   112.55 ] D: _tracksModel->getItem(i)->rect()1 3 QRect(0,280 1957x111)
[   112.55 ] D: _tracksModel->getItem(i)->rect()1 4 QRect(0,391 1957x111)
[   112.55 ] D: _tracksModel->getItem(i)->rect()1 5 QRect(0,502 1957x111)
[   112.55 ] D: _tracksModel->getItem(i)->rect()1 6 QRect(0,613 1957x111)
[   112.55 ] D: _tracksModel->getItem(i)->rect()1 7 QRect(0,724 1957x111)
[   112.55 ] D: _tracksModel->getItem(i)->rect()1 8 QRect(0,835 1957x111)
[   112.55 ] D: setTracksRect
[   112.55 ] D: setTracksRect
[   112.55 ] D: sltStartContentYChanged4
[   112.56 ] D: sltStartContentYChanged1
[   112.56 ] D: sltStartContentYChanged2
[   112.56 ] D: sltStartContentYChanged3
[   112.56 ] D: _tracksModel->getItem(i)->rect()1 0 QRect(0,-58 1957x111)
[   112.56 ] D: _tracksModel->getItem(i)->rect()1 1 QRect(0,53 1957x111)
[   112.56 ] D: _tracksModel->getItem(i)->rect()1 2 QRect(0,164 1957x111)
[   112.56 ] D: _tracksModel->getItem(i)->rect()1 3 QRect(0,275 1957x111)
[   112.56 ] D: _tracksModel->getItem(i)->rect()1 4 QRect(0,386 1957x111)
[   112.56 ] D: _tracksModel->getItem(i)->rect()1 5 QRect(0,497 1957x111)
[   112.56 ] D: _tracksModel->getItem(i)->rect()1 6 QRect(0,608 1957x111)
[   112.56 ] D: _tracksModel->getItem(i)->rect()1 7 QRect(0,719 1957x111)
[   112.56 ] D: _tracksModel->getItem(i)->rect()1 8 QRect(0,830 1957x111)
[   112.56 ] D: setTracksRect
[   112.57 ] D: setTracksRect
[   112.57 ] D: sltStartContentYChanged4
[   112.57 ] D: sltStartContentYChanged1
[   112.57 ] D: sltStartContentYChanged2
[   112.57 ] D: sltStartContentYChanged3
[   112.57 ] D: _tracksModel->getItem(i)->rect()1 0 QRect(0,-63 1957x111)
[   112.57 ] D: _tracksModel->getItem(i)->rect()1 1 QRect(0,48 1957x111)
[   112.57 ] D: _tracksModel->getItem(i)->rect()1 2 QRect(0,159 1957x111)
[   112.57 ] D: _tracksModel->getItem(i)->rect()1 3 QRect(0,270 1957x111)
[   112.57 ] D: _tracksModel->getItem(i)->rect()1 4 QRect(0,381 1957x111)
[   112.57 ] D: _tracksModel->getItem(i)->rect()1 5 QRect(0,492 1957x111)
[   112.57 ] D: _tracksModel->getItem(i)->rect()1 6 QRect(0,603 1957x111)
[   112.57 ] D: _tracksModel->getItem(i)->rect()1 7 QRect(0,714 1957x111)
[   112.57 ] D: _tracksModel->getItem(i)->rect()1 8 QRect(0,825 1957x111)
[   112.57 ] D: setTracksRect
[   112.57 ] D: setTracksRect
[   112.57 ] D: sltStartContentYChanged4
[   112.60 ] D: sltStartContentYChanged1
[   112.60 ] D: sltStartContentYChanged2
[   112.60 ] D: sltStartContentYChanged3
[   112.60 ] D: _tracksModel->getItem(i)->rect()1 0 QRect(0,-68 1957x111)
[   112.60 ] D: _tracksModel->getItem(i)->rect()1 1 QRect(0,43 1957x111)
[   112.60 ] D: _tracksModel->getItem(i)->rect()1 2 QRect(0,154 1957x111)
[   112.60 ] D: _tracksModel->getItem(i)->rect()1 3 QRect(0,265 1957x111)
[   112.60 ] D: _tracksModel->getItem(i)->rect()1 4 QRect(0,376 1957x111)
[   112.60 ] D: _tracksModel->getItem(i)->rect()1 5 QRect(0,487 1957x111)
[   112.60 ] D: _tracksModel->getItem(i)->rect()1 6 QRect(0,598 1957x111)
[   112.60 ] D: _tracksModel->getItem(i)->rect()1 7 QRect(0,709 1957x111)
[   112.60 ] D: _tracksModel->getItem(i)->rect()1 8 QRect(0,820 1957x111)
[   112.60 ] D: setTracksRect
[   112.60 ] D: setTracksRect
[   112.60 ] D: sltStartContentYChanged4
[   112.61 ] D: sltStartContentYChanged1
[   112.61 ] D: sltStartContentYChanged2
[   112.61 ] D: sltStartContentYChanged3
[   112.61 ] D: _tracksModel->getItem(i)->rect()1 0 QRect(0,-72 1957x111)
[   112.61 ] D: _tracksModel->getItem(i)->rect()1 1 QRect(0,39 1957x111)
[   112.61 ] D: _tracksModel->getItem(i)->rect()1 2 QRect(0,150 1957x111)
[   112.61 ] D: _tracksModel->getItem(i)->rect()1 3 QRect(0,261 1957x111)
[   112.61 ] D: _tracksModel->getItem(i)->rect()1 4 QRect(0,372 1957x111)
[   112.61 ] D: _tracksModel->getItem(i)->rect()1 5 QRect(0,483 1957x111)
[   112.62 ] D: _tracksModel->getItem(i)->rect()1 6 QRect(0,594 1957x111)
[   112.62 ] D: _tracksModel->getItem(i)->rect()1 7 QRect(0,705 1957x111)
[   112.62 ] D: _tracksModel->getItem(i)->rect()1 8 QRect(0,816 1957x111)
[   112.62 ] D: setTracksRect
[   112.62 ] D: setTracksRect
[   112.62 ] D: sltStartContentYChanged4
[   112.63 ] D: sltStartContentYChanged1
[   112.63 ] D: sltStartContentYChanged2
[   112.63 ] D: sltStartContentYChanged3
[   112.63 ] D: _tracksModel->getItem(i)->rect()1 0 QRect(0,-76 1957x111)
[   112.63 ] D: _tracksModel->getItem(i)->rect()1 1 QRect(0,35 1957x111)
[   112.63 ] D: _tracksModel->getItem(i)->rect()1 2 QRect(0,146 1957x111)
[   112.63 ] D: _tracksModel->getItem(i)->rect()1 3 QRect(0,257 1957x111)
[   112.63 ] D: _tracksModel->getItem(i)->rect()1 4 QRect(0,368 1957x111)
[   112.63 ] D: _tracksModel->getItem(i)->rect()1 5 QRect(0,479 1957x111)
[   112.63 ] D: _tracksModel->getItem(i)->rect()1 6 QRect(0,590 1957x111)
[   112.63 ] D: _tracksModel->getItem(i)->rect()1 7 QRect(0,701 1957x111)
[   112.63 ] D: _tracksModel->getItem(i)->rect()1 8 QRect(0,812 1957x111)
[   112.63 ] D: setTracksRect
[   112.63 ] D: setTracksRect
[   112.63 ] D: sltStartContentYChanged4
[   112.64 ] D: sltStartContentYChanged1
[   112.64 ] D: sltStartContentYChanged2
[   112.64 ] D: sltStartContentYChanged3
[   112.64 ] D: _tracksModel->getItem(i)->rect()1 0 QRect(0,-80 1957x111)
[   112.64 ] D: _tracksModel->getItem(i)->rect()1 1 QRect(0,31 1957x111)
[   112.64 ] D: _tracksModel->getItem(i)->rect()1 2 QRect(0,142 1957x111)
[   112.64 ] D: _tracksModel->getItem(i)->rect()1 3 QRect(0,253 1957x111)
[   112.64 ] D: _tracksModel->getItem(i)->rect()1 4 QRect(0,364 1957x111)
[   112.64 ] D: _tracksModel->getItem(i)->rect()1 5 QRect(0,475 1957x111)
[   112.64 ] D: _tracksModel->getItem(i)->rect()1 6 QRect(0,586 1957x111)
[   112.64 ] D: _tracksModel->getItem(i)->rect()1 7 QRect(0,697 1957x111)
[   112.64 ] D: _tracksModel->getItem(i)->rect()1 8 QRect(0,808 1957x111)
[   112.64 ] D: setTracksRect
[   112.64 ] D: setTracksRect
[   112.64 ] D: sltStartContentYChanged4
[   112.64 ] D: sltStartContentYChanged1
[   112.64 ] D: sltStartContentYChanged2
[   112.64 ] D: sltStartContentYChanged3
[   112.64 ] D: _tracksModel->getItem(i)->rect()1 0 QRect(0,-83 1957x111)
[   112.64 ] D: _tracksModel->getItem(i)->rect()1 1 QRect(0,28 1957x111)
[   112.65 ] D: _tracksModel->getItem(i)->rect()1 2 QRect(0,139 1957x111)
[   112.65 ] D: _tracksModel->getItem(i)->rect()1 3 QRect(0,250 1957x111)
[   112.65 ] D: _tracksModel->getItem(i)->rect()1 4 QRect(0,361 1957x111)
[   112.65 ] D: _tracksModel->getItem(i)->rect()1 5 QRect(0,472 1957x111)
[   112.65 ] D: _tracksModel->getItem(i)->rect()1 6 QRect(0,583 1957x111)
[   112.65 ] D: _tracksModel->getItem(i)->rect()1 7 QRect(0,694 1957x111)
[   112.65 ] D: _tracksModel->getItem(i)->rect()1 8 QRect(0,805 1957x111)
[   112.65 ] D: setTracksRect
[   112.65 ] D: setTracksRect
[   112.65 ] D: sltStartContentYChanged4
[   112.66 ] D: sltStartContentYChanged1
[   112.67 ] D: sltStartContentYChanged2
[   112.67 ] D: sltStartContentYChanged3
[   112.67 ] D: _tracksModel->getItem(i)->rect()1 0 QRect(0,-85 1957x111)
[   112.67 ] D: _tracksModel->getItem(i)->rect()1 1 QRect(0,26 1957x111)
[   112.67 ] D: _tracksModel->getItem(i)->rect()1 2 QRect(0,137 1957x111)
[   112.67 ] D: _tracksModel->getItem(i)->rect()1 3 QRect(0,248 1957x111)
[   112.67 ] D: _tracksModel->getItem(i)->rect()1 4 QRect(0,359 1957x111)
[   112.67 ] D: _tracksModel->getItem(i)->rect()1 5 QRect(0,470 1957x111)
[   112.67 ] D: _tracksModel->getItem(i)->rect()1 6 QRect(0,581 1957x111)
[   112.67 ] D: _tracksModel->getItem(i)->rect()1 7 QRect(0,692 1957x111)
[   112.67 ] D: _tracksModel->getItem(i)->rect()1 8 QRect(0,803 1957x111)
[   112.67 ] D: setTracksRect
[   112.67 ] D: setTracksRect
[   112.67 ] D: sltStartContentYChanged4
[   112.70 ] D: sltStartContentYChanged1
[   112.70 ] D: sltStartContentYChanged2
[   112.70 ] D: sltStartContentYChanged3
[   112.70 ] D: _tracksModel->getItem(i)->rect()1 0 QRect(0,-88 1957x111)
[   112.70 ] D: _tracksModel->getItem(i)->rect()1 1 QRect(0,23 1957x111)
[   112.70 ] D: _tracksModel->getItem(i)->rect()1 2 QRect(0,134 1957x111)
[   112.70 ] D: _tracksModel->getItem(i)->rect()1 3 QRect(0,245 1957x111)
[   112.70 ] D: _tracksModel->getItem(i)->rect()1 4 QRect(0,356 1957x111)
[   112.70 ] D: _tracksModel->getItem(i)->rect()1 5 QRect(0,467 1957x111)
[   112.70 ] D: _tracksModel->getItem(i)->rect()1 6 QRect(0,578 1957x111)
[   112.70 ] D: _tracksModel->getItem(i)->rect()1 7 QRect(0,689 1957x111)
[   112.70 ] D: _tracksModel->getItem(i)->rect()1 8 QRect(0,800 1957x111)
[   112.70 ] D: setTracksRect
[   112.70 ] D: setTracksRect
[   112.70 ] D: sltStartContentYChanged4
[   112.71 ] D: sltStartContentYChanged1
[   112.71 ] D: sltStartContentYChanged2
[   112.71 ] D: sltStartContentYChanged3
[   112.71 ] D: _tracksModel->getItem(i)->rect()1 0 QRect(0,-90 1957x111)
[   112.71 ] D: _tracksModel->getItem(i)->rect()1 1 QRect(0,21 1957x111)
[   112.71 ] D: _tracksModel->getItem(i)->rect()1 2 QRect(0,132 1957x111)
[   112.71 ] D: _tracksModel->getItem(i)->rect()1 3 QRect(0,243 1957x111)
[   112.71 ] D: _tracksModel->getItem(i)->rect()1 4 QRect(0,354 1957x111)
[   112.71 ] D: _tracksModel->getItem(i)->rect()1 5 QRect(0,465 1957x111)
[   112.71 ] D: _tracksModel->getItem(i)->rect()1 6 QRect(0,576 1957x111)
[   112.71 ] D: _tracksModel->getItem(i)->rect()1 7 QRect(0,687 1957x111)
[   112.71 ] D: _tracksModel->getItem(i)->rect()1 8 QRect(0,798 1957x111)
[   112.71 ] D: setTracksRect
[   112.71 ] D: setTracksRect
[   112.71 ] D: sltStartContentYChanged4
[   112.72 ] D: sltStartContentYChanged1
[   112.72 ] D: sltStartContentYChanged2
[   112.72 ] D: sltStartContentYChanged3
[   112.72 ] D: _tracksModel->getItem(i)->rect()1 0 QRect(0,-91 1957x111)
[   112.72 ] D: _tracksModel->getItem(i)->rect()1 1 QRect(0,20 1957x111)
[   112.72 ] D: _tracksModel->getItem(i)->rect()1 2 QRect(0,131 1957x111)
[   112.72 ] D: _tracksModel->getItem(i)->rect()1 3 QRect(0,242 1957x111)
[   112.72 ] D: _tracksModel->getItem(i)->rect()1 4 QRect(0,353 1957x111)
[   112.72 ] D: _tracksModel->getItem(i)->rect()1 5 QRect(0,464 1957x111)
[   112.72 ] D: _tracksModel->getItem(i)->rect()1 6 QRect(0,575 1957x111)
[   112.72 ] D: _tracksModel->getItem(i)->rect()1 7 QRect(0,686 1957x111)
[   112.72 ] D: _tracksModel->getItem(i)->rect()1 8 QRect(0,797 1957x111)
[   112.72 ] D: setTracksRect
[   112.72 ] D: setTracksRect
[   112.72 ] D: sltStartContentYChanged4
[   112.75 ] D: sltStartContentYChanged1
[   112.75 ] D: sltStartContentYChanged2
[   112.75 ] D: sltStartContentYChanged3
[   112.75 ] D: _tracksModel->getItem(i)->rect()1 0 QRect(0,-92 1957x111)
[   112.75 ] D: _tracksModel->getItem(i)->rect()1 1 QRect(0,19 1957x111)
[   112.75 ] D: _tracksModel->getItem(i)->rect()1 2 QRect(0,130 1957x111)
[   112.75 ] D: _tracksModel->getItem(i)->rect()1 3 QRect(0,241 1957x111)
[   112.75 ] D: _tracksModel->getItem(i)->rect()1 4 QRect(0,352 1957x111)
[   112.75 ] D: _tracksModel->getItem(i)->rect()1 5 QRect(0,463 1957x111)
[   112.75 ] D: _tracksModel->getItem(i)->rect()1 6 QRect(0,574 1957x111)
[   112.75 ] D: _tracksModel->getItem(i)->rect()1 7 QRect(0,685 1957x111)
[   112.75 ] D: _tracksModel->getItem(i)->rect()1 8 QRect(0,796 1957x111)
[   112.75 ] D: setTracksRect
[   112.75 ] D: setTracksRect
[   112.75 ] D: sltStartContentYChanged4
[   112.76 ] D: sltStartContentYChanged1
[   112.76 ] D: sltStartContentYChanged2
[   112.76 ] D: sltStartContentYChanged3
[   112.76 ] D: _tracksModel->getItem(i)->rect()1 0 QRect(0,-93 1957x111)
[   112.76 ] D: _tracksModel->getItem(i)->rect()1 1 QRect(0,18 1957x111)
[   112.76 ] D: _tracksModel->getItem(i)->rect()1 2 QRect(0,129 1957x111)
[   112.76 ] D: _tracksModel->getItem(i)->rect()1 3 QRect(0,240 1957x111)
[   112.76 ] D: _tracksModel->getItem(i)->rect()1 4 QRect(0,351 1957x111)
[   112.76 ] D: _tracksModel->getItem(i)->rect()1 5 QRect(0,462 1957x111)
[   112.76 ] D: _tracksModel->getItem(i)->rect()1 6 QRect(0,573 1957x111)
[   112.76 ] D: _tracksModel->getItem(i)->rect()1 7 QRect(0,684 1957x111)
[   112.76 ] D: _tracksModel->getItem(i)->rect()1 8 QRect(0,795 1957x111)
[   112.76 ] D: setTracksRect
[   112.76 ] D: setTracksRect
[   112.76 ] D: sltStartContentYChanged4
[   112.80 ] D: sltStartContentYChanged1
[   112.80 ] D: sltStartContentYChanged2
[   112.80 ] D: sltStartContentYChanged3
[   112.80 ] D: _tracksModel->getItem(i)->rect()1 0 QRect(0,-97 1957x111)
[   112.80 ] D: _tracksModel->getItem(i)->rect()1 1 QRect(0,14 1957x111)
[   112.80 ] D: _tracksModel->getItem(i)->rect()1 2 QRect(0,125 1957x111)
[   112.80 ] D: _tracksModel->getItem(i)->rect()1 3 QRect(0,236 1957x111)
[   112.80 ] D: _tracksModel->getItem(i)->rect()1 4 QRect(0,347 1957x111)
[   112.80 ] D: _tracksModel->getItem(i)->rect()1 5 QRect(0,458 1957x111)
[   112.80 ] D: _tracksModel->getItem(i)->rect()1 6 QRect(0,569 1957x111)
[   112.80 ] D: _tracksModel->getItem(i)->rect()1 7 QRect(0,680 1957x111)
[   112.80 ] D: _tracksModel->getItem(i)->rect()1 8 QRect(0,791 1957x111)
[   112.80 ] D: setTracksRect
[   112.80 ] D: setTracksRect
[   112.80 ] D: sltStartContentYChanged4
[   112.81 ] D: sltStartContentYChanged1
[   112.81 ] D: sltStartContentYChanged2
[   112.81 ] D: sltStartContentYChanged3
[   112.81 ] D: _tracksModel->getItem(i)->rect()1 0 QRect(0,-102 1957x111)
[   112.81 ] D: _tracksModel->getItem(i)->rect()1 1 QRect(0,9 1957x111)
[   112.82 ] D: _tracksModel->getItem(i)->rect()1 2 QRect(0,120 1957x111)
[   112.82 ] D: _tracksModel->getItem(i)->rect()1 3 QRect(0,231 1957x111)
[   112.82 ] D: _tracksModel->getItem(i)->rect()1 4 QRect(0,342 1957x111)
[   112.82 ] D: _tracksModel->getItem(i)->rect()1 5 QRect(0,453 1957x111)
[   112.82 ] D: _tracksModel->getItem(i)->rect()1 6 QRect(0,564 1957x111)
[   112.82 ] D: _tracksModel->getItem(i)->rect()1 7 QRect(0,675 1957x111)
[   112.82 ] D: _tracksModel->getItem(i)->rect()1 8 QRect(0,786 1957x111)
[   112.82 ] D: setTracksRect
[   112.82 ] D: setTracksRect
[   112.82 ] D: sltStartContentYChanged4
[   112.82 ] D: sltStartContentYChanged1
[   112.82 ] D: sltStartContentYChanged2
[   112.82 ] D: sltStartContentYChanged3
[   112.82 ] D: _tracksModel->getItem(i)->rect()1 0 QRect(0,-107 1957x111)
[   112.82 ] D: _tracksModel->getItem(i)->rect()1 1 QRect(0,4 1957x111)
[   112.82 ] D: _tracksModel->getItem(i)->rect()1 2 QRect(0,115 1957x111)
[   112.82 ] D: _tracksModel->getItem(i)->rect()1 3 QRect(0,226 1957x111)
[   112.82 ] D: _tracksModel->getItem(i)->rect()1 4 QRect(0,337 1957x111)
[   112.82 ] D: _tracksModel->getItem(i)->rect()1 5 QRect(0,448 1957x111)
[   112.82 ] D: _tracksModel->getItem(i)->rect()1 6 QRect(0,559 1957x111)
[   112.82 ] D: _tracksModel->getItem(i)->rect()1 7 QRect(0,670 1957x111)
[   112.82 ] D: _tracksModel->getItem(i)->rect()1 8 QRect(0,781 1957x111)
[   112.82 ] D: setTracksRect
[   112.82 ] D: setTracksRect
[   112.82 ] D: sltStartContentYChanged4
[   112.83 ] D: sltStartContentYChanged1
[   112.84 ] D: sltStartContentYChanged2
[   112.84 ] D: sltStartContentYChanged3
[   112.84 ] D: _tracksModel->getItem(i)->rect()1 0 QRect(0,-112 1957x111)
[   112.84 ] D: _tracksModel->getItem(i)->rect()1 1 QRect(0,-1 1957x111)
[   112.84 ] D: _tracksModel->getItem(i)->rect()1 2 QRect(0,110 1957x111)
[   112.84 ] D: _tracksModel->getItem(i)->rect()1 3 QRect(0,221 1957x111)
[   112.84 ] D: _tracksModel->getItem(i)->rect()1 4 QRect(0,332 1957x111)
[   112.84 ] D: _tracksModel->getItem(i)->rect()1 5 QRect(0,443 1957x111)
[   112.84 ] D: _tracksModel->getItem(i)->rect()1 6 QRect(0,554 1957x111)
[   112.84 ] D: _tracksModel->getItem(i)->rect()1 7 QRect(0,665 1957x111)
[   112.84 ] D: _tracksModel->getItem(i)->rect()1 8 QRect(0,776 1957x111)
[   112.84 ] D: setTracksRect
[   112.84 ] D: setTracksRect
[   112.84 ] D: sltStartContentYChanged4
[   112.86 ] D: sltStartContentYChanged1
[   112.86 ] D: sltStartContentYChanged2
[   112.86 ] D: sltStartContentYChanged3
[   112.86 ] D: _tracksModel->getItem(i)->rect()1 0 QRect(0,-116 1957x111)
[   112.86 ] D: _tracksModel->getItem(i)->rect()1 1 QRect(0,-5 1957x111)
[   112.86 ] D: _tracksModel->getItem(i)->rect()1 2 QRect(0,106 1957x111)
[   112.86 ] D: _tracksModel->getItem(i)->rect()1 3 QRect(0,217 1957x111)
[   112.86 ] D: _tracksModel->getItem(i)->rect()1 4 QRect(0,328 1957x111)
[   112.86 ] D: _tracksModel->getItem(i)->rect()1 5 QRect(0,439 1957x111)
[   112.86 ] D: _tracksModel->getItem(i)->rect()1 6 QRect(0,550 1957x111)
[   112.86 ] D: _tracksModel->getItem(i)->rect()1 7 QRect(0,661 1957x111)
[   112.86 ] D: _tracksModel->getItem(i)->rect()1 8 QRect(0,772 1957x111)
[   112.86 ] D: setTracksRect
[   112.86 ] D: setTracksRect
[   112.86 ] D: sltStartContentYChanged4
[   112.87 ] D: sltStartContentYChanged1
[   112.87 ] D: sltStartContentYChanged2
[   112.87 ] D: sltStartContentYChanged3
[   112.87 ] D: _tracksModel->getItem(i)->rect()1 0 QRect(0,-120 1957x111)
[   112.87 ] D: _tracksModel->getItem(i)->rect()1 1 QRect(0,-9 1957x111)
[   112.87 ] D: _tracksModel->getItem(i)->rect()1 2 QRect(0,102 1957x111)
[   112.87 ] D: _tracksModel->getItem(i)->rect()1 3 QRect(0,213 1957x111)
[   112.87 ] D: _tracksModel->getItem(i)->rect()1 4 QRect(0,324 1957x111)
[   112.87 ] D: _tracksModel->getItem(i)->rect()1 5 QRect(0,435 1957x111)
[   112.87 ] D: _tracksModel->getItem(i)->rect()1 6 QRect(0,546 1957x111)
[   112.87 ] D: _tracksModel->getItem(i)->rect()1 7 QRect(0,657 1957x111)
[   112.87 ] D: _tracksModel->getItem(i)->rect()1 8 QRect(0,768 1957x111)
[   112.87 ] D: setTracksRect
[   112.87 ] D: setTracksRect
[   112.87 ] D: sltStartContentYChanged4
[   112.90 ] D: sltStartContentYChanged1
[   112.90 ] D: sltStartContentYChanged2
[   112.90 ] D: sltStartContentYChanged3
[   112.90 ] D: _tracksModel->getItem(i)->rect()1 0 QRect(0,-124 1957x111)
[   112.90 ] D: _tracksModel->getItem(i)->rect()1 1 QRect(0,-13 1957x111)
[   112.90 ] D: _tracksModel->getItem(i)->rect()1 2 QRect(0,98 1957x111)
[   112.90 ] D: _tracksModel->getItem(i)->rect()1 3 QRect(0,209 1957x111)
[   112.90 ] D: _tracksModel->getItem(i)->rect()1 4 QRect(0,320 1957x111)
[   112.90 ] D: _tracksModel->getItem(i)->rect()1 5 QRect(0,431 1957x111)
[   112.90 ] D: _tracksModel->getItem(i)->rect()1 6 QRect(0,542 1957x111)
[   112.90 ] D: _tracksModel->getItem(i)->rect()1 7 QRect(0,653 1957x111)
[   112.90 ] D: _tracksModel->getItem(i)->rect()1 8 QRect(0,764 1957x111)
[   112.90 ] D: setTracksRect
[   112.90 ] D: setTracksRect
[   112.90 ] D: sltStartContentYChanged4
[   112.91 ] D: sltStartContentYChanged1
[   112.91 ] D: sltStartContentYChanged2
[   112.91 ] D: sltStartContentYChanged3
[   112.91 ] D: _tracksModel->getItem(i)->rect()1 0 QRect(0,-127 1957x111)
[   112.91 ] D: _tracksModel->getItem(i)->rect()1 1 QRect(0,-16 1957x111)
[   112.91 ] D: _tracksModel->getItem(i)->rect()1 2 QRect(0,95 1957x111)
[   112.91 ] D: _tracksModel->getItem(i)->rect()1 3 QRect(0,206 1957x111)
[   112.91 ] D: _tracksModel->getItem(i)->rect()1 4 QRect(0,317 1957x111)
[   112.91 ] D: _tracksModel->getItem(i)->rect()1 5 QRect(0,428 1957x111)
[   112.91 ] D: _tracksModel->getItem(i)->rect()1 6 QRect(0,539 1957x111)
[   112.91 ] D: _tracksModel->getItem(i)->rect()1 7 QRect(0,650 1957x111)
[   112.91 ] D: _tracksModel->getItem(i)->rect()1 8 QRect(0,761 1957x111)
[   112.91 ] D: setTracksRect
[   112.91 ] D: setTracksRect
[   112.91 ] D: sltStartContentYChanged4
[   112.92 ] D: sltStartContentYChanged1
[   112.92 ] D: sltStartContentYChanged2
[   112.92 ] D: sltStartContentYChanged3
[   112.92 ] D: _tracksModel->getItem(i)->rect()1 0 QRect(0,-130 1957x111)
[   112.92 ] D: _tracksModel->getItem(i)->rect()1 1 QRect(0,-19 1957x111)
[   112.92 ] D: _tracksModel->getItem(i)->rect()1 2 QRect(0,92 1957x111)
[   112.92 ] D: _tracksModel->getItem(i)->rect()1 3 QRect(0,203 1957x111)
[   112.92 ] D: _tracksModel->getItem(i)->rect()1 4 QRect(0,314 1957x111)
[   112.92 ] D: _tracksModel->getItem(i)->rect()1 5 QRect(0,425 1957x111)
[   112.92 ] D: _tracksModel->getItem(i)->rect()1 6 QRect(0,536 1957x111)
[   112.92 ] D: _tracksModel->getItem(i)->rect()1 7 QRect(0,647 1957x111)
[   112.92 ] D: _tracksModel->getItem(i)->rect()1 8 QRect(0,758 1957x111)
[   112.92 ] D: setTracksRect
[   112.92 ] D: setTracksRect
[   112.92 ] D: sltStartContentYChanged4
[   112.93 ] D: sltStartContentYChanged1
[   112.93 ] D: sltStartContentYChanged2
[   112.94 ] D: sltStartContentYChanged3
[   112.94 ] D: _tracksModel->getItem(i)->rect()1 0 QRect(0,-132 1957x111)
[   112.94 ] D: _tracksModel->getItem(i)->rect()1 1 QRect(0,-21 1957x111)
[   112.94 ] D: _tracksModel->getItem(i)->rect()1 2 QRect(0,90 1957x111)
[   112.94 ] D: _tracksModel->getItem(i)->rect()1 3 QRect(0,201 1957x111)
[   112.94 ] D: _tracksModel->getItem(i)->rect()1 4 QRect(0,312 1957x111)
[   112.94 ] D: _tracksModel->getItem(i)->rect()1 5 QRect(0,423 1957x111)
[   112.94 ] D: _tracksModel->getItem(i)->rect()1 6 QRect(0,534 1957x111)
[   112.94 ] D: _tracksModel->getItem(i)->rect()1 7 QRect(0,645 1957x111)
[   112.94 ] D: _tracksModel->getItem(i)->rect()1 8 QRect(0,756 1957x111)
[   112.94 ] D: setTracksRect
[   112.94 ] D: setTracksRect
[   112.94 ] D: sltStartContentYChanged4
[   112.96 ] D: sltStartContentYChanged1
[   112.96 ] D: sltStartContentYChanged2
[   112.96 ] D: sltStartContentYChanged3
[   112.96 ] D: _tracksModel->getItem(i)->rect()1 0 QRect(0,-134 1957x111)
[   112.96 ] D: _tracksModel->getItem(i)->rect()1 1 QRect(0,-23 1957x111)
[   112.96 ] D: _tracksModel->getItem(i)->rect()1 2 QRect(0,88 1957x111)
[   112.96 ] D: _tracksModel->getItem(i)->rect()1 3 QRect(0,199 1957x111)
[   112.96 ] D: _tracksModel->getItem(i)->rect()1 4 QRect(0,310 1957x111)
[   112.96 ] D: _tracksModel->getItem(i)->rect()1 5 QRect(0,421 1957x111)
[   112.96 ] D: _tracksModel->getItem(i)->rect()1 6 QRect(0,532 1957x111)
[   112.96 ] D: _tracksModel->getItem(i)->rect()1 7 QRect(0,643 1957x111)
[   112.96 ] D: _tracksModel->getItem(i)->rect()1 8 QRect(0,754 1957x111)
[   112.96 ] D: setTracksRect
[   112.96 ] D: setTracksRect
[   112.96 ] D: sltStartContentYChanged4
[   112.97 ] D: sltStartContentYChanged1
[   112.97 ] D: sltStartContentYChanged2
[   112.97 ] D: sltStartContentYChanged3
[   112.97 ] D: _tracksModel->getItem(i)->rect()1 0 QRect(0,-135 1957x111)
[   112.97 ] D: _tracksModel->getItem(i)->rect()1 1 QRect(0,-24 1957x111)
[   112.97 ] D: _tracksModel->getItem(i)->rect()1 2 QRect(0,87 1957x111)
[   112.97 ] D: _tracksModel->getItem(i)->rect()1 3 QRect(0,198 1957x111)
[   112.97 ] D: _tracksModel->getItem(i)->rect()1 4 QRect(0,309 1957x111)
[   112.97 ] D: _tracksModel->getItem(i)->rect()1 5 QRect(0,420 1957x111)
[   112.97 ] D: _tracksModel->getItem(i)->rect()1 6 QRect(0,531 1957x111)
[   112.97 ] D: _tracksModel->getItem(i)->rect()1 7 QRect(0,642 1957x111)
[   112.97 ] D: _tracksModel->getItem(i)->rect()1 8 QRect(0,753 1957x111)
[   112.97 ] D: setTracksRect
[   112.97 ] D: setTracksRect
[   112.97 ] D: sltStartContentYChanged4
[   112.99 ] D: sltStartContentYChanged1
[   112.99 ] D: sltStartContentYChanged2
[   112.99 ] D: sltStartContentYChanged3
[   112.99 ] D: _tracksModel->getItem(i)->rect()1 0 QRect(0,-136 1957x111)
[   112.99 ] D: _tracksModel->getItem(i)->rect()1 1 QRect(0,-25 1957x111)
[   112.99 ] D: _tracksModel->getItem(i)->rect()1 2 QRect(0,86 1957x111)
[   112.99 ] D: _tracksModel->getItem(i)->rect()1 3 QRect(0,197 1957x111)
[   112.99 ] D: _tracksModel->getItem(i)->rect()1 4 QRect(0,308 1957x111)
[   112.99 ] D: _tracksModel->getItem(i)->rect()1 5 QRect(0,419 1957x111)
[   112.99 ] D: _tracksModel->getItem(i)->rect()1 6 QRect(0,530 1957x111)
[   112.99 ] D: _tracksModel->getItem(i)->rect()1 7 QRect(0,641 1957x111)
[   112.99 ] D: _tracksModel->getItem(i)->rect()1 8 QRect(0,752 1957x111)
[   112.99 ] D: setTracksRect
[   112.99 ] D: setTracksRect
[   112.99 ] D: sltStartContentYChanged4
[   113.03 ] D: sltStartContentYChanged1
[   113.03 ] D: sltStartContentYChanged2
[   113.03 ] D: sltStartContentYChanged3
[   113.03 ] D: _tracksModel->getItem(i)->rect()1 0 QRect(0,-141 1957x111)
[   113.03 ] D: _tracksModel->getItem(i)->rect()1 1 QRect(0,-30 1957x111)
[   113.03 ] D: _tracksModel->getItem(i)->rect()1 2 QRect(0,81 1957x111)
[   113.03 ] D: _tracksModel->getItem(i)->rect()1 3 QRect(0,192 1957x111)
[   113.03 ] D: _tracksModel->getItem(i)->rect()1 4 QRect(0,303 1957x111)
[   113.03 ] D: _tracksModel->getItem(i)->rect()1 5 QRect(0,414 1957x111)
[   113.03 ] D: _tracksModel->getItem(i)->rect()1 6 QRect(0,525 1957x111)
[   113.03 ] D: _tracksModel->getItem(i)->rect()1 7 QRect(0,636 1957x111)
[   113.03 ] D: _tracksModel->getItem(i)->rect()1 8 QRect(0,747 1957x111)
[   113.03 ] D: setTracksRect
[   113.03 ] D: setTracksRect
[   113.03 ] D: sltStartContentYChanged4
[   113.04 ] D: sltStartContentYChanged1
[   113.04 ] D: sltStartContentYChanged2
[   113.04 ] D: sltStartContentYChanged3
[   113.04 ] D: _tracksModel->getItem(i)->rect()1 0 QRect(0,-146 1957x111)
[   113.04 ] D: _tracksModel->getItem(i)->rect()1 1 QRect(0,-35 1957x111)
[   113.04 ] D: _tracksModel->getItem(i)->rect()1 2 QRect(0,76 1957x111)
[   113.04 ] D: _tracksModel->getItem(i)->rect()1 3 QRect(0,187 1957x111)
[   113.04 ] D: _tracksModel->getItem(i)->rect()1 4 QRect(0,298 1957x111)
[   113.04 ] D: _tracksModel->getItem(i)->rect()1 5 QRect(0,409 1957x111)
[   113.04 ] D: _tracksModel->getItem(i)->rect()1 6 QRect(0,520 1957x111)
[   113.05 ] D: _tracksModel->getItem(i)->rect()1 7 QRect(0,631 1957x111)
[   113.05 ] D: _tracksModel->getItem(i)->rect()1 8 QRect(0,742 1957x111)
[   113.05 ] D: setTracksRect
[   113.05 ] D: setTracksRect
[   113.05 ] D: sltStartContentYChanged4
[   113.05 ] D: sltStartContentYChanged1
[   113.05 ] D: sltStartContentYChanged2
[   113.05 ] D: sltStartContentYChanged3
[   113.05 ] D: _tracksModel->getItem(i)->rect()1 0 QRect(0,-151 1957x111)
[   113.05 ] D: _tracksModel->getItem(i)->rect()1 1 QRect(0,-40 1957x111)
[   113.05 ] D: _tracksModel->getItem(i)->rect()1 2 QRect(0,71 1957x111)
[   113.05 ] D: _tracksModel->getItem(i)->rect()1 3 QRect(0,182 1957x111)
[   113.05 ] D: _tracksModel->getItem(i)->rect()1 4 QRect(0,293 1957x111)
[   113.05 ] D: _tracksModel->getItem(i)->rect()1 5 QRect(0,404 1957x111)
[   113.05 ] D: _tracksModel->getItem(i)->rect()1 6 QRect(0,515 1957x111)
[   113.05 ] D: _tracksModel->getItem(i)->rect()1 7 QRect(0,626 1957x111)
[   113.05 ] D: _tracksModel->getItem(i)->rect()1 8 QRect(0,737 1957x111)
[   113.05 ] D: setTracksRect
[   113.05 ] D: setTracksRect
[   113.05 ] D: sltStartContentYChanged4
[   113.06 ] D: sltStartContentYChanged1
[   113.07 ] D: sltStartContentYChanged2
[   113.07 ] D: sltStartContentYChanged3
[   113.07 ] D: _tracksModel->getItem(i)->rect()1 0 QRect(0,-156 1957x111)
[   113.07 ] D: _tracksModel->getItem(i)->rect()1 1 QRect(0,-45 1957x111)
[   113.07 ] D: _tracksModel->getItem(i)->rect()1 2 QRect(0,66 1957x111)
[   113.07 ] D: _tracksModel->getItem(i)->rect()1 3 QRect(0,177 1957x111)
[   113.07 ] D: _tracksModel->getItem(i)->rect()1 4 QRect(0,288 1957x111)
[   113.07 ] D: _tracksModel->getItem(i)->rect()1 5 QRect(0,399 1957x111)
[   113.07 ] D: _tracksModel->getItem(i)->rect()1 6 QRect(0,510 1957x111)
[   113.07 ] D: _tracksModel->getItem(i)->rect()1 7 QRect(0,621 1957x111)
[   113.07 ] D: _tracksModel->getItem(i)->rect()1 8 QRect(0,732 1957x111)
[   113.07 ] D: setTracksRect
[   113.07 ] D: setTracksRect
[   113.07 ] D: sltStartContentYChanged4
[   113.08 ] D: sltStartContentYChanged1
[   113.08 ] D: sltStartContentYChanged2
[   113.08 ] D: sltStartContentYChanged3
[   113.08 ] D: _tracksModel->getItem(i)->rect()1 0 QRect(0,-160 1957x111)
[   113.08 ] D: _tracksModel->getItem(i)->rect()1 1 QRect(0,-49 1957x111)
[   113.08 ] D: _tracksModel->getItem(i)->rect()1 2 QRect(0,62 1957x111)
[   113.08 ] D: _tracksModel->getItem(i)->rect()1 3 QRect(0,173 1957x111)
[   113.09 ] D: _tracksModel->getItem(i)->rect()1 4 QRect(0,284 1957x111)
[   113.09 ] D: _tracksModel->getItem(i)->rect()1 5 QRect(0,395 1957x111)
[   113.09 ] D: _tracksModel->getItem(i)->rect()1 6 QRect(0,506 1957x111)
[   113.09 ] D: _tracksModel->getItem(i)->rect()1 7 QRect(0,617 1957x111)
[   113.09 ] D: _tracksModel->getItem(i)->rect()1 8 QRect(0,728 1957x111)
[   113.09 ] D: setTracksRect
[   113.09 ] D: setTracksRect
[   113.09 ] D: sltStartContentYChanged4
[   113.11 ] D: sltStartContentYChanged1
[   113.11 ] D: sltStartContentYChanged2
[   113.12 ] D: sltStartContentYChanged3
[   113.12 ] D: _tracksModel->getItem(i)->rect()1 0 QRect(0,-163 1957x111)
[   113.12 ] D: _tracksModel->getItem(i)->rect()1 1 QRect(0,-52 1957x111)
[   113.12 ] D: _tracksModel->getItem(i)->rect()1 2 QRect(0,59 1957x111)
[   113.12 ] D: _tracksModel->getItem(i)->rect()1 3 QRect(0,170 1957x111)
[   113.12 ] D: _tracksModel->getItem(i)->rect()1 4 QRect(0,281 1957x111)
[   113.12 ] D: _tracksModel->getItem(i)->rect()1 5 QRect(0,392 1957x111)
[   113.12 ] D: _tracksModel->getItem(i)->rect()1 6 QRect(0,503 1957x111)
[   113.12 ] D: _tracksModel->getItem(i)->rect()1 7 QRect(0,614 1957x111)
[   113.12 ] D: _tracksModel->getItem(i)->rect()1 8 QRect(0,725 1957x111)
[   113.12 ] D: setTracksRect
[   113.12 ] D: setTracksRect
[   113.12 ] D: sltStartContentYChanged4
[   113.13 ] D: sltStartContentYChanged1
[   113.13 ] D: sltStartContentYChanged2
[   113.13 ] D: sltStartContentYChanged3
[   113.13 ] D: _tracksModel->getItem(i)->rect()1 0 QRect(0,-166 1957x111)
[   113.13 ] D: _tracksModel->getItem(i)->rect()1 1 QRect(0,-55 1957x111)
[   113.13 ] D: _tracksModel->getItem(i)->rect()1 2 QRect(0,56 1957x111)
[   113.13 ] D: _tracksModel->getItem(i)->rect()1 3 QRect(0,167 1957x111)
[   113.13 ] D: _tracksModel->getItem(i)->rect()1 4 QRect(0,278 1957x111)
[   113.13 ] D: _tracksModel->getItem(i)->rect()1 5 QRect(0,389 1957x111)
[   113.13 ] D: _tracksModel->getItem(i)->rect()1 6 QRect(0,500 1957x111)
[   113.13 ] D: _tracksModel->getItem(i)->rect()1 7 QRect(0,611 1957x111)
[   113.13 ] D: _tracksModel->getItem(i)->rect()1 8 QRect(0,722 1957x111)
[   113.13 ] D: setTracksRect
[   113.13 ] D: setTracksRect
[   113.13 ] D: sltStartContentYChanged4
[   113.13 ] D: sltStartContentYChanged1
[   113.14 ] D: sltStartContentYChanged2
[   113.14 ] D: sltStartContentYChanged3
[   113.14 ] D: _tracksModel->getItem(i)->rect()1 0 QRect(0,-169 1957x111)
[   113.14 ] D: _tracksModel->getItem(i)->rect()1 1 QRect(0,-58 1957x111)
[   113.14 ] D: _tracksModel->getItem(i)->rect()1 2 QRect(0,53 1957x111)
[   113.14 ] D: _tracksModel->getItem(i)->rect()1 3 QRect(0,164 1957x111)
[   113.14 ] D: _tracksModel->getItem(i)->rect()1 4 QRect(0,275 1957x111)
[   113.14 ] D: _tracksModel->getItem(i)->rect()1 5 QRect(0,386 1957x111)
[   113.14 ] D: _tracksModel->getItem(i)->rect()1 6 QRect(0,497 1957x111)
[   113.14 ] D: _tracksModel->getItem(i)->rect()1 7 QRect(0,608 1957x111)
[   113.14 ] D: _tracksModel->getItem(i)->rect()1 8 QRect(0,719 1957x111)
[   113.14 ] D: setTracksRect
[   113.14 ] D: setTracksRect
[   113.14 ] D: sltStartContentYChanged4
[   113.16 ] D: sltStartContentYChanged1
[   113.16 ] D: sltStartContentYChanged2
[   113.16 ] D: sltStartContentYChanged3
[   113.16 ] D: _tracksModel->getItem(i)->rect()1 0 QRect(0,-171 1957x111)
[   113.16 ] D: _tracksModel->getItem(i)->rect()1 1 QRect(0,-60 1957x111)
[   113.16 ] D: _tracksModel->getItem(i)->rect()1 2 QRect(0,51 1957x111)
[   113.16 ] D: _tracksModel->getItem(i)->rect()1 3 QRect(0,162 1957x111)
[   113.17 ] D: _tracksModel->getItem(i)->rect()1 4 QRect(0,273 1957x111)
[   113.17 ] D: _tracksModel->getItem(i)->rect()1 5 QRect(0,384 1957x111)
[   113.17 ] D: _tracksModel->getItem(i)->rect()1 6 QRect(0,495 1957x111)
[   113.17 ] D: _tracksModel->getItem(i)->rect()1 7 QRect(0,606 1957x111)
[   113.17 ] D: _tracksModel->getItem(i)->rect()1 8 QRect(0,717 1957x111)
[   113.17 ] D: setTracksRect
[   113.17 ] D: setTracksRect
[   113.17 ] D: sltStartContentYChanged4
[   113.17 ] D: sltStartContentYChanged1
[   113.17 ] D: sltStartContentYChanged2
[   113.17 ] D: sltStartContentYChanged3
[   113.17 ] D: _tracksModel->getItem(i)->rect()1 0 QRect(0,-173 1957x111)
[   113.17 ] D: _tracksModel->getItem(i)->rect()1 1 QRect(0,-62 1957x111)
[   113.17 ] D: _tracksModel->getItem(i)->rect()1 2 QRect(0,49 1957x111)
[   113.17 ] D: _tracksModel->getItem(i)->rect()1 3 QRect(0,160 1957x111)
[   113.17 ] D: _tracksModel->getItem(i)->rect()1 4 QRect(0,271 1957x111)
[   113.17 ] D: _tracksModel->getItem(i)->rect()1 5 QRect(0,382 1957x111)
[   113.17 ] D: _tracksModel->getItem(i)->rect()1 6 QRect(0,493 1957x111)
[   113.17 ] D: _tracksModel->getItem(i)->rect()1 7 QRect(0,604 1957x111)
[   113.17 ] D: _tracksModel->getItem(i)->rect()1 8 QRect(0,715 1957x111)
[   113.17 ] D: setTracksRect
[   113.17 ] D: setTracksRect
[   113.17 ] D: sltStartContentYChanged4
[   113.18 ] D: sltStartContentYChanged1
[   113.18 ] D: sltStartContentYChanged2
[   113.19 ] D: sltStartContentYChanged3
[   113.19 ] D: _tracksModel->getItem(i)->rect()1 0 QRect(0,-175 1957x111)
[   113.19 ] D: _tracksModel->getItem(i)->rect()1 1 QRect(0,-64 1957x111)
[   113.19 ] D: _tracksModel->getItem(i)->rect()1 2 QRect(0,47 1957x111)
[   113.19 ] D: _tracksModel->getItem(i)->rect()1 3 QRect(0,158 1957x111)
[   113.19 ] D: _tracksModel->getItem(i)->rect()1 4 QRect(0,269 1957x111)
[   113.19 ] D: _tracksModel->getItem(i)->rect()1 5 QRect(0,380 1957x111)
[   113.19 ] D: _tracksModel->getItem(i)->rect()1 6 QRect(0,491 1957x111)
[   113.19 ] D: _tracksModel->getItem(i)->rect()1 7 QRect(0,602 1957x111)
[   113.19 ] D: _tracksModel->getItem(i)->rect()1 8 QRect(0,713 1957x111)
[   113.19 ] D: setTracksRect
[   113.19 ] D: setTracksRect
[   113.19 ] D: sltStartContentYChanged4
[   113.21 ] D: sltStartContentYChanged1
[   113.21 ] D: sltStartContentYChanged2
[   113.21 ] D: sltStartContentYChanged3
[   113.21 ] D: _tracksModel->getItem(i)->rect()1 0 QRect(0,-176 1957x111)
[   113.21 ] D: _tracksModel->getItem(i)->rect()1 1 QRect(0,-65 1957x111)
[   113.21 ] D: _tracksModel->getItem(i)->rect()1 2 QRect(0,46 1957x111)
[   113.22 ] D: _tracksModel->getItem(i)->rect()1 3 QRect(0,157 1957x111)
[   113.22 ] D: _tracksModel->getItem(i)->rect()1 4 QRect(0,268 1957x111)
[   113.22 ] D: _tracksModel->getItem(i)->rect()1 5 QRect(0,379 1957x111)
[   113.22 ] D: _tracksModel->getItem(i)->rect()1 6 QRect(0,490 1957x111)
[   113.22 ] D: _tracksModel->getItem(i)->rect()1 7 QRect(0,601 1957x111)
[   113.22 ] D: _tracksModel->getItem(i)->rect()1 8 QRect(0,712 1957x111)
[   113.22 ] D: setTracksRect
[   113.22 ] D: setTracksRect
[   113.22 ] D: sltStartContentYChanged4
[   113.23 ] D: sltStartContentYChanged1
[   113.23 ] D: sltStartContentYChanged2
[   113.24 ] D: sltStartContentYChanged3
[   113.24 ] D: _tracksModel->getItem(i)->rect()1 0 QRect(0,-177 1957x111)
[   113.24 ] D: _tracksModel->getItem(i)->rect()1 1 QRect(0,-66 1957x111)
[   113.24 ] D: _tracksModel->getItem(i)->rect()1 2 QRect(0,45 1957x111)
[   113.24 ] D: _tracksModel->getItem(i)->rect()1 3 QRect(0,156 1957x111)
[   113.24 ] D: _tracksModel->getItem(i)->rect()1 4 QRect(0,267 1957x111)
[   113.24 ] D: _tracksModel->getItem(i)->rect()1 5 QRect(0,378 1957x111)
[   113.24 ] D: _tracksModel->getItem(i)->rect()1 6 QRect(0,489 1957x111)
[   113.24 ] D: _tracksModel->getItem(i)->rect()1 7 QRect(0,600 1957x111)
[   113.24 ] D: _tracksModel->getItem(i)->rect()1 8 QRect(0,711 1957x111)
[   113.24 ] D: setTracksRect
[   113.24 ] D: setTracksRect
[   113.24 ] D: sltStartContentYChanged4
[   113.27 ] D: sltStartContentYChanged1
[   113.27 ] D: sltStartContentYChanged2
[   113.27 ] D: sltStartContentYChanged3
[   113.27 ] D: _tracksModel->getItem(i)->rect()1 0 QRect(0,-181 1957x111)
[   113.27 ] D: _tracksModel->getItem(i)->rect()1 1 QRect(0,-70 1957x111)
[   113.27 ] D: _tracksModel->getItem(i)->rect()1 2 QRect(0,41 1957x111)
[   113.27 ] D: _tracksModel->getItem(i)->rect()1 3 QRect(0,152 1957x111)
[   113.27 ] D: _tracksModel->getItem(i)->rect()1 4 QRect(0,263 1957x111)
[   113.27 ] D: _tracksModel->getItem(i)->rect()1 5 QRect(0,374 1957x111)
[   113.27 ] D: _tracksModel->getItem(i)->rect()1 6 QRect(0,485 1957x111)
[   113.27 ] D: _tracksModel->getItem(i)->rect()1 7 QRect(0,596 1957x111)
[   113.27 ] D: _tracksModel->getItem(i)->rect()1 8 QRect(0,707 1957x111)
[   113.27 ] D: setTracksRect
[   113.27 ] D: setTracksRect
[   113.27 ] D: sltStartContentYChanged4
[   113.29 ] D: sltStartContentYChanged1
[   113.29 ] D: sltStartContentYChanged2
[   113.29 ] D: sltStartContentYChanged3
[   113.29 ] D: _tracksModel->getItem(i)->rect()1 0 QRect(0,-186 1957x111)
[   113.29 ] D: _tracksModel->getItem(i)->rect()1 1 QRect(0,-75 1957x111)
[   113.29 ] D: _tracksModel->getItem(i)->rect()1 2 QRect(0,36 1957x111)
[   113.29 ] D: _tracksModel->getItem(i)->rect()1 3 QRect(0,147 1957x111)
[   113.29 ] D: _tracksModel->getItem(i)->rect()1 4 QRect(0,258 1957x111)
[   113.29 ] D: _tracksModel->getItem(i)->rect()1 5 QRect(0,369 1957x111)
[   113.29 ] D: _tracksModel->getItem(i)->rect()1 6 QRect(0,480 1957x111)
[   113.29 ] D: _tracksModel->getItem(i)->rect()1 7 QRect(0,591 1957x111)
[   113.29 ] D: _tracksModel->getItem(i)->rect()1 8 QRect(0,702 1957x111)
[   113.29 ] D: setTracksRect
[   113.29 ] D: setTracksRect
[   113.29 ] D: sltStartContentYChanged4
[   113.31 ] D: sltStartContentYChanged1
[   113.31 ] D: sltStartContentYChanged2
[   113.31 ] D: sltStartContentYChanged3
[   113.31 ] D: _tracksModel->getItem(i)->rect()1 0 QRect(0,-191 1957x111)
[   113.31 ] D: _tracksModel->getItem(i)->rect()1 1 QRect(0,-80 1957x111)
[   113.31 ] D: _tracksModel->getItem(i)->rect()1 2 QRect(0,31 1957x111)
[   113.31 ] D: _tracksModel->getItem(i)->rect()1 3 QRect(0,142 1957x111)
[   113.31 ] D: _tracksModel->getItem(i)->rect()1 4 QRect(0,253 1957x111)
[   113.31 ] D: _tracksModel->getItem(i)->rect()1 5 QRect(0,364 1957x111)
[   113.31 ] D: _tracksModel->getItem(i)->rect()1 6 QRect(0,475 1957x111)
[   113.31 ] D: _tracksModel->getItem(i)->rect()1 7 QRect(0,586 1957x111)
[   113.31 ] D: _tracksModel->getItem(i)->rect()1 8 QRect(0,697 1957x111)
[   113.31 ] D: setTracksRect
[   113.31 ] D: setTracksRect
[   113.31 ] D: sltStartContentYChanged4
[   113.32 ] D: sltStartContentYChanged1
[   113.32 ] D: sltStartContentYChanged2
[   113.32 ] D: sltStartContentYChanged3
[   113.32 ] D: _tracksModel->getItem(i)->rect()1 0 QRect(0,-195 1957x111)
[   113.32 ] D: _tracksModel->getItem(i)->rect()1 1 QRect(0,-84 1957x111)
[   113.32 ] D: _tracksModel->getItem(i)->rect()1 2 QRect(0,27 1957x111)
[   113.32 ] D: _tracksModel->getItem(i)->rect()1 3 QRect(0,138 1957x111)
[   113.32 ] D: _tracksModel->getItem(i)->rect()1 4 QRect(0,249 1957x111)
[   113.32 ] D: _tracksModel->getItem(i)->rect()1 5 QRect(0,360 1957x111)
[   113.32 ] D: _tracksModel->getItem(i)->rect()1 6 QRect(0,471 1957x111)
[   113.32 ] D: _tracksModel->getItem(i)->rect()1 7 QRect(0,582 1957x111)
[   113.32 ] D: _tracksModel->getItem(i)->rect()1 8 QRect(0,693 1957x111)
[   113.32 ] D: setTracksRect
[   113.32 ] D: setTracksRect
[   113.32 ] D: sltStartContentYChanged4
[   113.33 ] D: sltStartContentYChanged1
[   113.33 ] D: sltStartContentYChanged2
[   113.33 ] D: sltStartContentYChanged3
[   113.33 ] D: _tracksModel->getItem(i)->rect()1 0 QRect(0,-199 1957x111)
[   113.34 ] D: _tracksModel->getItem(i)->rect()1 1 QRect(0,-88 1957x111)
[   113.34 ] D: _tracksModel->getItem(i)->rect()1 2 QRect(0,23 1957x111)
[   113.34 ] D: _tracksModel->getItem(i)->rect()1 3 QRect(0,134 1957x111)
[   113.34 ] D: _tracksModel->getItem(i)->rect()1 4 QRect(0,245 1957x111)
[   113.34 ] D: _tracksModel->getItem(i)->rect()1 5 QRect(0,356 1957x111)
[   113.34 ] D: _tracksModel->getItem(i)->rect()1 6 QRect(0,467 1957x111)
[   113.34 ] D: _tracksModel->getItem(i)->rect()1 7 QRect(0,578 1957x111)
[   113.34 ] D: _tracksModel->getItem(i)->rect()1 8 QRect(0,689 1957x111)
[   113.34 ] D: setTracksRect
[   113.34 ] D: setTracksRect
[   113.34 ] D: sltStartContentYChanged4
[   113.36 ] D: sltStartContentYChanged1
[   113.36 ] D: sltStartContentYChanged2
[   113.36 ] D: sltStartContentYChanged3
[   113.36 ] D: _tracksModel->getItem(i)->rect()1 0 QRect(0,-203 1957x111)
[   113.36 ] D: _tracksModel->getItem(i)->rect()1 1 QRect(0,-92 1957x111)
[   113.36 ] D: _tracksModel->getItem(i)->rect()1 2 QRect(0,19 1957x111)
[   113.36 ] D: _tracksModel->getItem(i)->rect()1 3 QRect(0,130 1957x111)
[   113.36 ] D: _tracksModel->getItem(i)->rect()1 4 QRect(0,241 1957x111)
[   113.36 ] D: _tracksModel->getItem(i)->rect()1 5 QRect(0,352 1957x111)
[   113.36 ] D: _tracksModel->getItem(i)->rect()1 6 QRect(0,463 1957x111)
[   113.36 ] D: _tracksModel->getItem(i)->rect()1 7 QRect(0,574 1957x111)
[   113.36 ] D: _tracksModel->getItem(i)->rect()1 8 QRect(0,685 1957x111)
[   113.36 ] D: setTracksRect
[   113.36 ] D: setTracksRect
[   113.36 ] D: sltStartContentYChanged4
[   113.37 ] D: sltStartContentYChanged1
[   113.37 ] D: sltStartContentYChanged2
[   113.37 ] D: sltStartContentYChanged3
[   113.37 ] D: _tracksModel->getItem(i)->rect()1 0 QRect(0,-206 1957x111)
[   113.37 ] D: _tracksModel->getItem(i)->rect()1 1 QRect(0,-95 1957x111)
[   113.37 ] D: _tracksModel->getItem(i)->rect()1 2 QRect(0,16 1957x111)
[   113.37 ] D: _tracksModel->getItem(i)->rect()1 3 QRect(0,127 1957x111)
[   113.37 ] D: _tracksModel->getItem(i)->rect()1 4 QRect(0,238 1957x111)
[   113.37 ] D: _tracksModel->getItem(i)->rect()1 5 QRect(0,349 1957x111)
[   113.37 ] D: _tracksModel->getItem(i)->rect()1 6 QRect(0,460 1957x111)
[   113.37 ] D: _tracksModel->getItem(i)->rect()1 7 QRect(0,571 1957x111)
[   113.37 ] D: _tracksModel->getItem(i)->rect()1 8 QRect(0,682 1957x111)
[   113.37 ] D: setTracksRect
[   113.37 ] D: setTracksRect
[   113.37 ] D: sltStartContentYChanged4
[   113.39 ] D: sltStartContentYChanged1
[   113.39 ] D: sltStartContentYChanged2
[   113.39 ] D: sltStartContentYChanged3
[   113.39 ] D: _tracksModel->getItem(i)->rect()1 0 QRect(0,-209 1957x111)
[   113.39 ] D: _tracksModel->getItem(i)->rect()1 1 QRect(0,-98 1957x111)
[   113.39 ] D: _tracksModel->getItem(i)->rect()1 2 QRect(0,13 1957x111)
[   113.39 ] D: _tracksModel->getItem(i)->rect()1 3 QRect(0,124 1957x111)
[   113.39 ] D: _tracksModel->getItem(i)->rect()1 4 QRect(0,235 1957x111)
[   113.39 ] D: _tracksModel->getItem(i)->rect()1 5 QRect(0,346 1957x111)
[   113.39 ] D: _tracksModel->getItem(i)->rect()1 6 QRect(0,457 1957x111)
[   113.39 ] D: _tracksModel->getItem(i)->rect()1 7 QRect(0,568 1957x111)
[   113.39 ] D: _tracksModel->getItem(i)->rect()1 8 QRect(0,679 1957x111)
[   113.39 ] D: setTracksRect
[   113.39 ] D: setTracksRect
[   113.39 ] D: sltStartContentYChanged4
[   113.41 ] D: sltStartContentYChanged1
[   113.41 ] D: sltStartContentYChanged2
[   113.41 ] D: sltStartContentYChanged3
[   113.41 ] D: _tracksModel->getItem(i)->rect()1 0 QRect(0,-211 1957x111)
[   113.42 ] D: _tracksModel->getItem(i)->rect()1 1 QRect(0,-100 1957x111)
[   113.42 ] D: _tracksModel->getItem(i)->rect()1 2 QRect(0,11 1957x111)
[   113.42 ] D: _tracksModel->getItem(i)->rect()1 3 QRect(0,122 1957x111)
[   113.42 ] D: _tracksModel->getItem(i)->rect()1 4 QRect(0,233 1957x111)
[   113.42 ] D: _tracksModel->getItem(i)->rect()1 5 QRect(0,344 1957x111)
[   113.42 ] D: _tracksModel->getItem(i)->rect()1 6 QRect(0,455 1957x111)
[   113.42 ] D: _tracksModel->getItem(i)->rect()1 7 QRect(0,566 1957x111)
[   113.42 ] D: _tracksModel->getItem(i)->rect()1 8 QRect(0,677 1957x111)
[   113.42 ] D: setTracksRect
[   113.42 ] D: setTracksRect
[   113.42 ] D: sltStartContentYChanged4
[   113.42 ] D: sltStartContentYChanged1
[   113.42 ] D: sltStartContentYChanged2
[   113.42 ] D: sltStartContentYChanged3
[   113.42 ] D: _tracksModel->getItem(i)->rect()1 0 QRect(0,-213 1957x111)
[   113.42 ] D: _tracksModel->getItem(i)->rect()1 1 QRect(0,-102 1957x111)
[   113.42 ] D: _tracksModel->getItem(i)->rect()1 2 QRect(0,9 1957x111)
[   113.42 ] D: _tracksModel->getItem(i)->rect()1 3 QRect(0,120 1957x111)
[   113.42 ] D: _tracksModel->getItem(i)->rect()1 4 QRect(0,231 1957x111)
[   113.42 ] D: _tracksModel->getItem(i)->rect()1 5 QRect(0,342 1957x111)
[   113.42 ] D: _tracksModel->getItem(i)->rect()1 6 QRect(0,453 1957x111)
[   113.42 ] D: _tracksModel->getItem(i)->rect()1 7 QRect(0,564 1957x111)
[   113.42 ] D: _tracksModel->getItem(i)->rect()1 8 QRect(0,675 1957x111)
[   113.42 ] D: setTracksRect
[   113.42 ] D: setTracksRect
[   113.42 ] D: sltStartContentYChanged4
[   113.43 ] D: sltStartContentYChanged1
[   113.43 ] D: sltStartContentYChanged2
[   113.44 ] D: sltStartContentYChanged3
[   113.44 ] D: _tracksModel->getItem(i)->rect()1 0 QRect(0,-214 1957x111)
[   113.44 ] D: _tracksModel->getItem(i)->rect()1 1 QRect(0,-103 1957x111)
[   113.44 ] D: _tracksModel->getItem(i)->rect()1 2 QRect(0,8 1957x111)
[   113.44 ] D: _tracksModel->getItem(i)->rect()1 3 QRect(0,119 1957x111)
[   113.44 ] D: _tracksModel->getItem(i)->rect()1 4 QRect(0,230 1957x111)
[   113.44 ] D: _tracksModel->getItem(i)->rect()1 5 QRect(0,341 1957x111)
[   113.44 ] D: _tracksModel->getItem(i)->rect()1 6 QRect(0,452 1957x111)
[   113.44 ] D: _tracksModel->getItem(i)->rect()1 7 QRect(0,563 1957x111)
[   113.44 ] D: _tracksModel->getItem(i)->rect()1 8 QRect(0,674 1957x111)
[   113.44 ] D: setTracksRect
[   113.44 ] D: setTracksRect
[   113.44 ] D: sltStartContentYChanged4
[   113.46 ] D: sltStartContentYChanged1
[   113.46 ] D: sltStartContentYChanged2
[   113.46 ] D: sltStartContentYChanged3
[   113.47 ] D: _tracksModel->getItem(i)->rect()1 0 QRect(0,-215 1957x111)
[   113.47 ] D: _tracksModel->getItem(i)->rect()1 1 QRect(0,-104 1957x111)
[   113.47 ] D: _tracksModel->getItem(i)->rect()1 2 QRect(0,7 1957x111)
[   113.47 ] D: _tracksModel->getItem(i)->rect()1 3 QRect(0,118 1957x111)
[   113.47 ] D: _tracksModel->getItem(i)->rect()1 4 QRect(0,229 1957x111)
[   113.47 ] D: _tracksModel->getItem(i)->rect()1 5 QRect(0,340 1957x111)
[   113.47 ] D: _tracksModel->getItem(i)->rect()1 6 QRect(0,451 1957x111)
[   113.47 ] D: _tracksModel->getItem(i)->rect()1 7 QRect(0,562 1957x111)
[   113.47 ] D: _tracksModel->getItem(i)->rect()1 8 QRect(0,673 1957x111)
[   113.47 ] D: setTracksRect
[   113.47 ] D: setTracksRect
[   113.47 ] D: sltStartContentYChanged4
[   113.49 ] D: sltStartContentYChanged1
[   113.49 ] D: sltStartContentYChanged2
[   113.49 ] D: sltStartContentYChanged3
[   113.49 ] D: _tracksModel->getItem(i)->rect()1 0 QRect(0,-220 1957x111)
[   113.49 ] D: _tracksModel->getItem(i)->rect()1 1 QRect(0,-109 1957x111)
[   113.49 ] D: _tracksModel->getItem(i)->rect()1 2 QRect(0,2 1957x111)
[   113.49 ] D: _tracksModel->getItem(i)->rect()1 3 QRect(0,113 1957x111)
[   113.49 ] D: _tracksModel->getItem(i)->rect()1 4 QRect(0,224 1957x111)
[   113.49 ] D: _tracksModel->getItem(i)->rect()1 5 QRect(0,335 1957x111)
[   113.49 ] D: _tracksModel->getItem(i)->rect()1 6 QRect(0,446 1957x111)
[   113.49 ] D: _tracksModel->getItem(i)->rect()1 7 QRect(0,557 1957x111)
[   113.49 ] D: _tracksModel->getItem(i)->rect()1 8 QRect(0,668 1957x111)
[   113.49 ] D: setTracksRect
[   113.49 ] D: setTracksRect
[   113.49 ] D: sltStartContentYChanged4
[   113.51 ] D: sltStartContentYChanged1
[   113.51 ] D: sltStartContentYChanged2
[   113.51 ] D: sltStartContentYChanged3
[   113.51 ] D: _tracksModel->getItem(i)->rect()1 0 QRect(0,-225 1957x111)
[   113.51 ] D: _tracksModel->getItem(i)->rect()1 1 QRect(0,-114 1957x111)
[   113.51 ] D: _tracksModel->getItem(i)->rect()1 2 QRect(0,-3 1957x111)
[   113.51 ] D: _tracksModel->getItem(i)->rect()1 3 QRect(0,108 1957x111)
[   113.51 ] D: _tracksModel->getItem(i)->rect()1 4 QRect(0,219 1957x111)
[   113.51 ] D: _tracksModel->getItem(i)->rect()1 5 QRect(0,330 1957x111)
[   113.51 ] D: _tracksModel->getItem(i)->rect()1 6 QRect(0,441 1957x111)
[   113.51 ] D: _tracksModel->getItem(i)->rect()1 7 QRect(0,552 1957x111)
[   113.51 ] D: _tracksModel->getItem(i)->rect()1 8 QRect(0,663 1957x111)
[   113.51 ] D: setTracksRect
[   113.51 ] D: setTracksRect
[   113.51 ] D: sltStartContentYChanged4
[   113.51 ] D: sltStartContentYChanged1
[   113.52 ] D: sltStartContentYChanged2
[   113.52 ] D: sltStartContentYChanged3
[   113.52 ] D: _tracksModel->getItem(i)->rect()1 0 QRect(0,-230 1957x111)
[   113.52 ] D: _tracksModel->getItem(i)->rect()1 1 QRect(0,-119 1957x111)
[   113.52 ] D: _tracksModel->getItem(i)->rect()1 2 QRect(0,-8 1957x111)
[   113.52 ] D: _tracksModel->getItem(i)->rect()1 3 QRect(0,103 1957x111)
[   113.52 ] D: _tracksModel->getItem(i)->rect()1 4 QRect(0,214 1957x111)
[   113.52 ] D: _tracksModel->getItem(i)->rect()1 5 QRect(0,325 1957x111)
[   113.52 ] D: _tracksModel->getItem(i)->rect()1 6 QRect(0,436 1957x111)
[   113.52 ] D: _tracksModel->getItem(i)->rect()1 7 QRect(0,547 1957x111)
[   113.52 ] D: _tracksModel->getItem(i)->rect()1 8 QRect(0,658 1957x111)
[   113.52 ] D: setTracksRect
[   113.52 ] D: setTracksRect
[   113.52 ] D: sltStartContentYChanged4
[   113.55 ] D: sltStartContentYChanged1
[   113.55 ] D: sltStartContentYChanged2
[   113.55 ] D: sltStartContentYChanged3
[   113.55 ] D: _tracksModel->getItem(i)->rect()1 0 QRect(0,-235 1957x111)
[   113.55 ] D: _tracksModel->getItem(i)->rect()1 1 QRect(0,-124 1957x111)
[   113.55 ] D: _tracksModel->getItem(i)->rect()1 2 QRect(0,-13 1957x111)
[   113.55 ] D: _tracksModel->getItem(i)->rect()1 3 QRect(0,98 1957x111)
[   113.55 ] D: _tracksModel->getItem(i)->rect()1 4 QRect(0,209 1957x111)
[   113.55 ] D: _tracksModel->getItem(i)->rect()1 5 QRect(0,320 1957x111)
[   113.55 ] D: _tracksModel->getItem(i)->rect()1 6 QRect(0,431 1957x111)
[   113.55 ] D: _tracksModel->getItem(i)->rect()1 7 QRect(0,542 1957x111)
[   113.55 ] D: _tracksModel->getItem(i)->rect()1 8 QRect(0,653 1957x111)
[   113.55 ] D: setTracksRect
[   113.55 ] D: setTracksRect
[   113.55 ] D: sltStartContentYChanged4
[   113.56 ] D: sltStartContentYChanged1
[   113.56 ] D: sltStartContentYChanged2
[   113.57 ] D: sltStartContentYChanged3
[   113.57 ] D: _tracksModel->getItem(i)->rect()1 0 QRect(0,-239 1957x111)
[   113.57 ] D: _tracksModel->getItem(i)->rect()1 1 QRect(0,-128 1957x111)
[   113.57 ] D: _tracksModel->getItem(i)->rect()1 2 QRect(0,-17 1957x111)
[   113.57 ] D: _tracksModel->getItem(i)->rect()1 3 QRect(0,94 1957x111)
[   113.57 ] D: _tracksModel->getItem(i)->rect()1 4 QRect(0,205 1957x111)
[   113.57 ] D: _tracksModel->getItem(i)->rect()1 5 QRect(0,316 1957x111)
[   113.57 ] D: _tracksModel->getItem(i)->rect()1 6 QRect(0,427 1957x111)
[   113.57 ] D: _tracksModel->getItem(i)->rect()1 7 QRect(0,538 1957x111)
[   113.57 ] D: _tracksModel->getItem(i)->rect()1 8 QRect(0,649 1957x111)
[   113.57 ] D: setTracksRect
[   113.57 ] D: setTracksRect
[   113.57 ] D: sltStartContentYChanged4
[   113.57 ] D: sltStartContentYChanged1
[   113.57 ] D: sltStartContentYChanged2
[   113.57 ] D: sltStartContentYChanged3
[   113.57 ] D: _tracksModel->getItem(i)->rect()1 0 QRect(0,-243 1957x111)
[   113.57 ] D: _tracksModel->getItem(i)->rect()1 1 QRect(0,-132 1957x111)
[   113.57 ] D: _tracksModel->getItem(i)->rect()1 2 QRect(0,-21 1957x111)
[   113.57 ] D: _tracksModel->getItem(i)->rect()1 3 QRect(0,90 1957x111)
[   113.57 ] D: _tracksModel->getItem(i)->rect()1 4 QRect(0,201 1957x111)
[   113.57 ] D: _tracksModel->getItem(i)->rect()1 5 QRect(0,312 1957x111)
[   113.57 ] D: _tracksModel->getItem(i)->rect()1 6 QRect(0,423 1957x111)
[   113.57 ] D: _tracksModel->getItem(i)->rect()1 7 QRect(0,534 1957x111)
[   113.57 ] D: _tracksModel->getItem(i)->rect()1 8 QRect(0,645 1957x111)
[   113.57 ] D: setTracksRect
[   113.57 ] D: setTracksRect
[   113.57 ] D: sltStartContentYChanged4
[   113.58 ] D: sltStartContentYChanged1
[   113.58 ] D: sltStartContentYChanged2
[   113.59 ] D: sltStartContentYChanged3
[   113.59 ] D: _tracksModel->getItem(i)->rect()1 0 QRect(0,-247 1957x111)
[   113.59 ] D: _tracksModel->getItem(i)->rect()1 1 QRect(0,-136 1957x111)
[   113.59 ] D: _tracksModel->getItem(i)->rect()1 2 QRect(0,-25 1957x111)
[   113.59 ] D: _tracksModel->getItem(i)->rect()1 3 QRect(0,86 1957x111)
[   113.59 ] D: _tracksModel->getItem(i)->rect()1 4 QRect(0,197 1957x111)
[   113.59 ] D: _tracksModel->getItem(i)->rect()1 5 QRect(0,308 1957x111)
[   113.59 ] D: _tracksModel->getItem(i)->rect()1 6 QRect(0,419 1957x111)
[   113.59 ] D: _tracksModel->getItem(i)->rect()1 7 QRect(0,530 1957x111)
[   113.59 ] D: _tracksModel->getItem(i)->rect()1 8 QRect(0,641 1957x111)
[   113.59 ] D: setTracksRect
[   113.59 ] D: setTracksRect
[   113.59 ] D: sltStartContentYChanged4
[   113.61 ] D: sltStartContentYChanged1
[   113.61 ] D: sltStartContentYChanged2
[   113.61 ] D: sltStartContentYChanged3
[   113.61 ] D: _tracksModel->getItem(i)->rect()1 0 QRect(0,-250 1957x111)
[   113.61 ] D: _tracksModel->getItem(i)->rect()1 1 QRect(0,-139 1957x111)
[   113.61 ] D: _tracksModel->getItem(i)->rect()1 2 QRect(0,-28 1957x111)
[   113.61 ] D: _tracksModel->getItem(i)->rect()1 3 QRect(0,83 1957x111)
[   113.61 ] D: _tracksModel->getItem(i)->rect()1 4 QRect(0,194 1957x111)
[   113.61 ] D: _tracksModel->getItem(i)->rect()1 5 QRect(0,305 1957x111)
[   113.61 ] D: _tracksModel->getItem(i)->rect()1 6 QRect(0,416 1957x111)
[   113.61 ] D: _tracksModel->getItem(i)->rect()1 7 QRect(0,527 1957x111)
[   113.61 ] D: _tracksModel->getItem(i)->rect()1 8 QRect(0,638 1957x111)
[   113.61 ] D: setTracksRect
[   113.61 ] D: setTracksRect
[   113.62 ] D: sltStartContentYChanged4
[   113.62 ] D: sltStartContentYChanged1
[   113.62 ] D: sltStartContentYChanged2
[   113.62 ] D: sltStartContentYChanged3
[   113.62 ] D: _tracksModel->getItem(i)->rect()1 0 QRect(0,-253 1957x111)
[   113.62 ] D: _tracksModel->getItem(i)->rect()1 1 QRect(0,-142 1957x111)
[   113.62 ] D: _tracksModel->getItem(i)->rect()1 2 QRect(0,-31 1957x111)
[   113.62 ] D: _tracksModel->getItem(i)->rect()1 3 QRect(0,80 1957x111)
[   113.62 ] D: _tracksModel->getItem(i)->rect()1 4 QRect(0,191 1957x111)
[   113.62 ] D: _tracksModel->getItem(i)->rect()1 5 QRect(0,302 1957x111)
[   113.62 ] D: _tracksModel->getItem(i)->rect()1 6 QRect(0,413 1957x111)
[   113.62 ] D: _tracksModel->getItem(i)->rect()1 7 QRect(0,524 1957x111)
[   113.62 ] D: _tracksModel->getItem(i)->rect()1 8 QRect(0,635 1957x111)
[   113.62 ] D: setTracksRect
[   113.62 ] D: setTracksRect
[   113.62 ] D: sltStartContentYChanged4
[   113.64 ] D: sltStartContentYChanged1
[   113.64 ] D: sltStartContentYChanged2
[   113.64 ] D: sltStartContentYChanged3
[   113.64 ] D: _tracksModel->getItem(i)->rect()1 0 QRect(0,-255 1957x111)
[   113.64 ] D: _tracksModel->getItem(i)->rect()1 1 QRect(0,-144 1957x111)
[   113.64 ] D: _tracksModel->getItem(i)->rect()1 2 QRect(0,-33 1957x111)
[   113.64 ] D: _tracksModel->getItem(i)->rect()1 3 QRect(0,78 1957x111)
[   113.64 ] D: _tracksModel->getItem(i)->rect()1 4 QRect(0,189 1957x111)
[   113.64 ] D: _tracksModel->getItem(i)->rect()1 5 QRect(0,300 1957x111)
[   113.64 ] D: _tracksModel->getItem(i)->rect()1 6 QRect(0,411 1957x111)
[   113.64 ] D: _tracksModel->getItem(i)->rect()1 7 QRect(0,522 1957x111)
[   113.64 ] D: _tracksModel->getItem(i)->rect()1 8 QRect(0,633 1957x111)
[   113.64 ] D: setTracksRect
[   113.64 ] D: setTracksRect
[   113.64 ] D: sltStartContentYChanged4
[   113.66 ] D: sltStartContentYChanged1
[   113.66 ] D: sltStartContentYChanged2
[   113.67 ] D: sltStartContentYChanged3
[   113.67 ] D: _tracksModel->getItem(i)->rect()1 0 QRect(0,-257 1957x111)
[   113.67 ] D: _tracksModel->getItem(i)->rect()1 1 QRect(0,-146 1957x111)
[   113.67 ] D: _tracksModel->getItem(i)->rect()1 2 QRect(0,-35 1957x111)
[   113.67 ] D: _tracksModel->getItem(i)->rect()1 3 QRect(0,76 1957x111)
[   113.67 ] D: _tracksModel->getItem(i)->rect()1 4 QRect(0,187 1957x111)
[   113.67 ] D: _tracksModel->getItem(i)->rect()1 5 QRect(0,298 1957x111)
[   113.67 ] D: _tracksModel->getItem(i)->rect()1 6 QRect(0,409 1957x111)
[   113.67 ] D: _tracksModel->getItem(i)->rect()1 7 QRect(0,520 1957x111)
[   113.67 ] D: _tracksModel->getItem(i)->rect()1 8 QRect(0,631 1957x111)
[   113.67 ] D: setTracksRect
[   113.67 ] D: setTracksRect
[   113.67 ] D: sltStartContentYChanged4
[   113.67 ] D: sltStartContentYChanged1
[   113.67 ] D: sltStartContentYChanged2
[   113.67 ] D: sltStartContentYChanged3
[   113.67 ] D: _tracksModel->getItem(i)->rect()1 0 QRect(0,-259 1957x111)
[   113.67 ] D: _tracksModel->getItem(i)->rect()1 1 QRect(0,-148 1957x111)
[   113.67 ] D: _tracksModel->getItem(i)->rect()1 2 QRect(0,-37 1957x111)
[   113.67 ] D: _tracksModel->getItem(i)->rect()1 3 QRect(0,74 1957x111)
[   113.67 ] D: _tracksModel->getItem(i)->rect()1 4 QRect(0,185 1957x111)
[   113.67 ] D: _tracksModel->getItem(i)->rect()1 5 QRect(0,296 1957x111)
[   113.67 ] D: _tracksModel->getItem(i)->rect()1 6 QRect(0,407 1957x111)
[   113.67 ] D: _tracksModel->getItem(i)->rect()1 7 QRect(0,518 1957x111)
[   113.67 ] D: _tracksModel->getItem(i)->rect()1 8 QRect(0,629 1957x111)
[   113.67 ] D: setTracksRect
[   113.67 ] D: setTracksRect
[   113.67 ] D: sltStartContentYChanged4
[   113.70 ] D: sltStartContentYChanged1
[   113.70 ] D: sltStartContentYChanged2
[   113.70 ] D: sltStartContentYChanged3
[   113.70 ] D: _tracksModel->getItem(i)->rect()1 0 QRect(0,-260 1957x111)
[   113.70 ] D: _tracksModel->getItem(i)->rect()1 1 QRect(0,-149 1957x111)
[   113.70 ] D: _tracksModel->getItem(i)->rect()1 2 QRect(0,-38 1957x111)
[   113.70 ] D: _tracksModel->getItem(i)->rect()1 3 QRect(0,73 1957x111)
[   113.70 ] D: _tracksModel->getItem(i)->rect()1 4 QRect(0,184 1957x111)
[   113.70 ] D: _tracksModel->getItem(i)->rect()1 5 QRect(0,295 1957x111)
[   113.70 ] D: _tracksModel->getItem(i)->rect()1 6 QRect(0,406 1957x111)
[   113.70 ] D: _tracksModel->getItem(i)->rect()1 7 QRect(0,517 1957x111)
[   113.70 ] D: _tracksModel->getItem(i)->rect()1 8 QRect(0,628 1957x111)
[   113.70 ] D: setTracksRect
[   113.70 ] D: setTracksRect
[   113.70 ] D: sltStartContentYChanged4
[   113.72 ] D: sltStartContentYChanged1
[   113.72 ] D: sltStartContentYChanged2
[   113.72 ] D: sltStartContentYChanged3
[   113.72 ] D: _tracksModel->getItem(i)->rect()1 0 QRect(0,-265 1957x111)
[   113.72 ] D: _tracksModel->getItem(i)->rect()1 1 QRect(0,-154 1957x111)
[   113.72 ] D: _tracksModel->getItem(i)->rect()1 2 QRect(0,-43 1957x111)
[   113.72 ] D: _tracksModel->getItem(i)->rect()1 3 QRect(0,68 1957x111)
[   113.72 ] D: _tracksModel->getItem(i)->rect()1 4 QRect(0,179 1957x111)
[   113.72 ] D: _tracksModel->getItem(i)->rect()1 5 QRect(0,290 1957x111)
[   113.72 ] D: _tracksModel->getItem(i)->rect()1 6 QRect(0,401 1957x111)
[   113.72 ] D: _tracksModel->getItem(i)->rect()1 7 QRect(0,512 1957x111)
[   113.72 ] D: _tracksModel->getItem(i)->rect()1 8 QRect(0,623 1957x111)
[   113.72 ] D: setTracksRect
[   113.72 ] D: setTracksRect
[   113.72 ] D: sltStartContentYChanged4
[   113.75 ] D: sltStartContentYChanged1
[   113.75 ] D: sltStartContentYChanged2
[   113.75 ] D: sltStartContentYChanged3
[   113.75 ] D: _tracksModel->getItem(i)->rect()1 0 QRect(0,-270 1957x111)
[   113.75 ] D: _tracksModel->getItem(i)->rect()1 1 QRect(0,-159 1957x111)
[   113.75 ] D: _tracksModel->getItem(i)->rect()1 2 QRect(0,-48 1957x111)
[   113.75 ] D: _tracksModel->getItem(i)->rect()1 3 QRect(0,63 1957x111)
[   113.75 ] D: _tracksModel->getItem(i)->rect()1 4 QRect(0,174 1957x111)
[   113.75 ] D: _tracksModel->getItem(i)->rect()1 5 QRect(0,285 1957x111)
[   113.75 ] D: _tracksModel->getItem(i)->rect()1 6 QRect(0,396 1957x111)
[   113.75 ] D: _tracksModel->getItem(i)->rect()1 7 QRect(0,507 1957x111)
[   113.75 ] D: _tracksModel->getItem(i)->rect()1 8 QRect(0,618 1957x111)
[   113.75 ] D: setTracksRect
[   113.75 ] D: setTracksRect
[   113.75 ] D: sltStartContentYChanged4
[   113.76 ] D: sltStartContentYChanged1
[   113.76 ] D: sltStartContentYChanged2
[   113.76 ] D: sltStartContentYChanged3
[   113.76 ] D: _tracksModel->getItem(i)->rect()1 0 QRect(0,-275 1957x111)
[   113.76 ] D: _tracksModel->getItem(i)->rect()1 1 QRect(0,-164 1957x111)
[   113.76 ] D: _tracksModel->getItem(i)->rect()1 2 QRect(0,-53 1957x111)
[   113.76 ] D: _tracksModel->getItem(i)->rect()1 3 QRect(0,58 1957x111)
[   113.76 ] D: _tracksModel->getItem(i)->rect()1 4 QRect(0,169 1957x111)
[   113.76 ] D: _tracksModel->getItem(i)->rect()1 5 QRect(0,280 1957x111)
[   113.76 ] D: _tracksModel->getItem(i)->rect()1 6 QRect(0,391 1957x111)
[   113.76 ] D: _tracksModel->getItem(i)->rect()1 7 QRect(0,502 1957x111)
[   113.76 ] D: _tracksModel->getItem(i)->rect()1 8 QRect(0,613 1957x111)
[   113.76 ] D: setTracksRect
[   113.76 ] D: setTracksRect
[   113.76 ] D: sltStartContentYChanged4
[   113.76 ] D: sltStartContentYChanged1
[   113.76 ] D: sltStartContentYChanged2
[   113.77 ] D: sltStartContentYChanged3
[   113.77 ] D: _tracksModel->getItem(i)->rect()1 0 QRect(0,-279 1957x111)
[   113.77 ] D: _tracksModel->getItem(i)->rect()1 1 QRect(0,-168 1957x111)
[   113.77 ] D: _tracksModel->getItem(i)->rect()1 2 QRect(0,-57 1957x111)
[   113.77 ] D: _tracksModel->getItem(i)->rect()1 3 QRect(0,54 1957x111)
[   113.77 ] D: _tracksModel->getItem(i)->rect()1 4 QRect(0,165 1957x111)
[   113.77 ] D: _tracksModel->getItem(i)->rect()1 5 QRect(0,276 1957x111)
[   113.77 ] D: _tracksModel->getItem(i)->rect()1 6 QRect(0,387 1957x111)
[   113.77 ] D: _tracksModel->getItem(i)->rect()1 7 QRect(0,498 1957x111)
[   113.77 ] D: _tracksModel->getItem(i)->rect()1 8 QRect(0,609 1957x111)
[   113.77 ] D: setTracksRect
[   113.77 ] D: setTracksRect
[   113.77 ] D: sltStartContentYChanged4
[   113.79 ] D: sltStartContentYChanged1
[   113.79 ] D: sltStartContentYChanged2
[   113.79 ] D: sltStartContentYChanged3
[   113.79 ] D: _tracksModel->getItem(i)->rect()1 0 QRect(0,-284 1957x111)
[   113.79 ] D: _tracksModel->getItem(i)->rect()1 1 QRect(0,-173 1957x111)
[   113.79 ] D: _tracksModel->getItem(i)->rect()1 2 QRect(0,-62 1957x111)
[   113.79 ] D: _tracksModel->getItem(i)->rect()1 3 QRect(0,49 1957x111)
[   113.79 ] D: _tracksModel->getItem(i)->rect()1 4 QRect(0,160 1957x111)
[   113.79 ] D: _tracksModel->getItem(i)->rect()1 5 QRect(0,271 1957x111)
[   113.79 ] D: _tracksModel->getItem(i)->rect()1 6 QRect(0,382 1957x111)
[   113.79 ] D: _tracksModel->getItem(i)->rect()1 7 QRect(0,493 1957x111)
[   113.79 ] D: _tracksModel->getItem(i)->rect()1 8 QRect(0,604 1957x111)
[   113.79 ] D: setTracksRect
[   113.79 ] D: setTracksRect
[   113.79 ] D: sltStartContentYChanged4
[   113.81 ] D: sltStartContentYChanged1
[   113.81 ] D: sltStartContentYChanged2
[   113.82 ] D: sltStartContentYChanged3
[   113.82 ] D: _tracksModel->getItem(i)->rect()1 0 QRect(0,-288 1957x111)
[   113.82 ] D: _tracksModel->getItem(i)->rect()1 1 QRect(0,-177 1957x111)
[   113.82 ] D: _tracksModel->getItem(i)->rect()1 2 QRect(0,-66 1957x111)
[   113.82 ] D: _tracksModel->getItem(i)->rect()1 3 QRect(0,45 1957x111)
[   113.82 ] D: _tracksModel->getItem(i)->rect()1 4 QRect(0,156 1957x111)
[   113.82 ] D: _tracksModel->getItem(i)->rect()1 5 QRect(0,267 1957x111)
[   113.82 ] D: _tracksModel->getItem(i)->rect()1 6 QRect(0,378 1957x111)
[   113.82 ] D: _tracksModel->getItem(i)->rect()1 7 QRect(0,489 1957x111)
[   113.82 ] D: _tracksModel->getItem(i)->rect()1 8 QRect(0,600 1957x111)
[   113.82 ] D: setTracksRect
[   113.82 ] D: setTracksRect
[   113.82 ] D: sltStartContentYChanged4
[   113.82 ] D: sltStartContentYChanged1
[   113.82 ] D: sltStartContentYChanged2
[   113.82 ] D: sltStartContentYChanged3
[   113.82 ] D: _tracksModel->getItem(i)->rect()1 0 QRect(0,-291 1957x111)
[   113.82 ] D: _tracksModel->getItem(i)->rect()1 1 QRect(0,-180 1957x111)
[   113.82 ] D: _tracksModel->getItem(i)->rect()1 2 QRect(0,-69 1957x111)
[   113.82 ] D: _tracksModel->getItem(i)->rect()1 3 QRect(0,42 1957x111)
[   113.82 ] D: _tracksModel->getItem(i)->rect()1 4 QRect(0,153 1957x111)
[   113.82 ] D: _tracksModel->getItem(i)->rect()1 5 QRect(0,264 1957x111)
[   113.82 ] D: _tracksModel->getItem(i)->rect()1 6 QRect(0,375 1957x111)
[   113.82 ] D: _tracksModel->getItem(i)->rect()1 7 QRect(0,486 1957x111)
[   113.82 ] D: _tracksModel->getItem(i)->rect()1 8 QRect(0,597 1957x111)
[   113.82 ] D: setTracksRect
[   113.82 ] D: setTracksRect
[   113.82 ] D: sltStartContentYChanged4
[   113.83 ] D: sltStartContentYChanged1
[   113.83 ] D: sltStartContentYChanged2
[   113.84 ] D: sltStartContentYChanged3
[   113.84 ] D: _tracksModel->getItem(i)->rect()1 0 QRect(0,-295 1957x111)
[   113.84 ] D: _tracksModel->getItem(i)->rect()1 1 QRect(0,-184 1957x111)
[   113.84 ] D: _tracksModel->getItem(i)->rect()1 2 QRect(0,-73 1957x111)
[   113.84 ] D: _tracksModel->getItem(i)->rect()1 3 QRect(0,38 1957x111)
[   113.84 ] D: _tracksModel->getItem(i)->rect()1 4 QRect(0,149 1957x111)
[   113.84 ] D: _tracksModel->getItem(i)->rect()1 5 QRect(0,260 1957x111)
[   113.84 ] D: _tracksModel->getItem(i)->rect()1 6 QRect(0,371 1957x111)
[   113.84 ] D: _tracksModel->getItem(i)->rect()1 7 QRect(0,482 1957x111)
[   113.84 ] D: _tracksModel->getItem(i)->rect()1 8 QRect(0,593 1957x111)
[   113.84 ] D: setTracksRect
[   113.84 ] D: setTracksRect
[   113.84 ] D: sltStartContentYChanged4
[   113.86 ] D: sltStartContentYChanged1
[   113.86 ] D: sltStartContentYChanged2
[   113.86 ] D: sltStartContentYChanged3
[   113.86 ] D: _tracksModel->getItem(i)->rect()1 0 QRect(0,-297 1957x111)
[   113.86 ] D: _tracksModel->getItem(i)->rect()1 1 QRect(0,-186 1957x111)
[   113.86 ] D: _tracksModel->getItem(i)->rect()1 2 QRect(0,-75 1957x111)
[   113.86 ] D: _tracksModel->getItem(i)->rect()1 3 QRect(0,36 1957x111)
[   113.86 ] D: _tracksModel->getItem(i)->rect()1 4 QRect(0,147 1957x111)
[   113.86 ] D: _tracksModel->getItem(i)->rect()1 5 QRect(0,258 1957x111)
[   113.86 ] D: _tracksModel->getItem(i)->rect()1 6 QRect(0,369 1957x111)
[   113.87 ] D: _tracksModel->getItem(i)->rect()1 7 QRect(0,480 1957x111)
[   113.87 ] D: _tracksModel->getItem(i)->rect()1 8 QRect(0,591 1957x111)
[   113.87 ] D: setTracksRect
[   113.87 ] D: setTracksRect
[   113.87 ] D: sltStartContentYChanged4
[   113.87 ] D: sltStartContentYChanged1
[   113.87 ] D: sltStartContentYChanged2
[   113.87 ] D: sltStartContentYChanged3
[   113.87 ] D: _tracksModel->getItem(i)->rect()1 0 QRect(0,-300 1957x111)
[   113.87 ] D: _tracksModel->getItem(i)->rect()1 1 QRect(0,-189 1957x111)
[   113.87 ] D: _tracksModel->getItem(i)->rect()1 2 QRect(0,-78 1957x111)
[   113.87 ] D: _tracksModel->getItem(i)->rect()1 3 QRect(0,33 1957x111)
[   113.87 ] D: _tracksModel->getItem(i)->rect()1 4 QRect(0,144 1957x111)
[   113.87 ] D: _tracksModel->getItem(i)->rect()1 5 QRect(0,255 1957x111)
[   113.87 ] D: _tracksModel->getItem(i)->rect()1 6 QRect(0,366 1957x111)
[   113.87 ] D: _tracksModel->getItem(i)->rect()1 7 QRect(0,477 1957x111)
[   113.87 ] D: _tracksModel->getItem(i)->rect()1 8 QRect(0,588 1957x111)
[   113.87 ] D: setTracksRect
[   113.87 ] D: setTracksRect
[   113.87 ] D: sltStartContentYChanged4
[   113.89 ] D: sltStartContentYChanged1
[   113.89 ] D: sltStartContentYChanged2
[   113.89 ] D: sltStartContentYChanged3
[   113.89 ] D: _tracksModel->getItem(i)->rect()1 0 QRect(0,-301 1957x111)
[   113.89 ] D: _tracksModel->getItem(i)->rect()1 1 QRect(0,-190 1957x111)
[   113.89 ] D: _tracksModel->getItem(i)->rect()1 2 QRect(0,-79 1957x111)
[   113.89 ] D: _tracksModel->getItem(i)->rect()1 3 QRect(0,32 1957x111)
[   113.89 ] D: _tracksModel->getItem(i)->rect()1 4 QRect(0,143 1957x111)
[   113.89 ] D: _tracksModel->getItem(i)->rect()1 5 QRect(0,254 1957x111)
[   113.89 ] D: _tracksModel->getItem(i)->rect()1 6 QRect(0,365 1957x111)
[   113.89 ] D: _tracksModel->getItem(i)->rect()1 7 QRect(0,476 1957x111)
[   113.89 ] D: _tracksModel->getItem(i)->rect()1 8 QRect(0,587 1957x111)
[   113.89 ] D: setTracksRect
[   113.89 ] D: setTracksRect
[   113.89 ] D: sltStartContentYChanged4
[   113.91 ] D: sltStartContentYChanged1
[   113.91 ] D: sltStartContentYChanged2
[   113.92 ] D: sltStartContentYChanged3
[   113.92 ] D: _tracksModel->getItem(i)->rect()1 0 QRect(0,-303 1957x111)
[   113.92 ] D: _tracksModel->getItem(i)->rect()1 1 QRect(0,-192 1957x111)
[   113.92 ] D: _tracksModel->getItem(i)->rect()1 2 QRect(0,-81 1957x111)
[   113.92 ] D: _tracksModel->getItem(i)->rect()1 3 QRect(0,30 1957x111)
[   113.92 ] D: _tracksModel->getItem(i)->rect()1 4 QRect(0,141 1957x111)
[   113.92 ] D: _tracksModel->getItem(i)->rect()1 5 QRect(0,252 1957x111)
[   113.92 ] D: _tracksModel->getItem(i)->rect()1 6 QRect(0,363 1957x111)
[   113.92 ] D: _tracksModel->getItem(i)->rect()1 7 QRect(0,474 1957x111)
[   113.92 ] D: _tracksModel->getItem(i)->rect()1 8 QRect(0,585 1957x111)
[   113.92 ] D: setTracksRect
[   113.92 ] D: setTracksRect
[   113.92 ] D: sltStartContentYChanged4
[   113.92 ] D: sltStartContentYChanged1
[   113.92 ] D: sltStartContentYChanged2
[   113.92 ] D: sltStartContentYChanged3
[   113.92 ] D: _tracksModel->getItem(i)->rect()1 0 QRect(0,-304 1957x111)
[   113.92 ] D: _tracksModel->getItem(i)->rect()1 1 QRect(0,-193 1957x111)
[   113.92 ] D: _tracksModel->getItem(i)->rect()1 2 QRect(0,-82 1957x111)
[   113.92 ] D: _tracksModel->getItem(i)->rect()1 3 QRect(0,29 1957x111)
[   113.92 ] D: _tracksModel->getItem(i)->rect()1 4 QRect(0,140 1957x111)
[   113.92 ] D: _tracksModel->getItem(i)->rect()1 5 QRect(0,251 1957x111)
[   113.92 ] D: _tracksModel->getItem(i)->rect()1 6 QRect(0,362 1957x111)
[   113.92 ] D: _tracksModel->getItem(i)->rect()1 7 QRect(0,473 1957x111)
[   113.92 ] D: _tracksModel->getItem(i)->rect()1 8 QRect(0,584 1957x111)
[   113.92 ] D: setTracksRect
[   113.92 ] D: setTracksRect
[   113.92 ] D: sltStartContentYChanged4
[   113.95 ] D: sltStartContentYChanged1
[   113.95 ] D: sltStartContentYChanged2
[   113.95 ] D: sltStartContentYChanged3
[   113.95 ] D: _tracksModel->getItem(i)->rect()1 0 QRect(0,-305 1957x111)
[   113.95 ] D: _tracksModel->getItem(i)->rect()1 1 QRect(0,-194 1957x111)
[   113.95 ] D: _tracksModel->getItem(i)->rect()1 2 QRect(0,-83 1957x111)
[   113.95 ] D: _tracksModel->getItem(i)->rect()1 3 QRect(0,28 1957x111)
[   113.95 ] D: _tracksModel->getItem(i)->rect()1 4 QRect(0,139 1957x111)
[   113.95 ] D: _tracksModel->getItem(i)->rect()1 5 QRect(0,250 1957x111)
[   113.95 ] D: _tracksModel->getItem(i)->rect()1 6 QRect(0,361 1957x111)
[   113.95 ] D: _tracksModel->getItem(i)->rect()1 7 QRect(0,472 1957x111)
[   113.95 ] D: _tracksModel->getItem(i)->rect()1 8 QRect(0,583 1957x111)
[   113.95 ] D: setTracksRect
[   113.95 ] D: setTracksRect
[   113.95 ] D: sltStartContentYChanged4
[   113.96 ] D: sltStartContentYChanged1
[   113.97 ] D: sltStartContentYChanged2
[   113.97 ] D: sltStartContentYChanged3
[   113.97 ] D: _tracksModel->getItem(i)->rect()1 0 QRect(0,-309 1957x111)
[   113.97 ] D: _tracksModel->getItem(i)->rect()1 1 QRect(0,-198 1957x111)
[   113.97 ] D: _tracksModel->getItem(i)->rect()1 2 QRect(0,-87 1957x111)
[   113.97 ] D: _tracksModel->getItem(i)->rect()1 3 QRect(0,24 1957x111)
[   113.97 ] D: _tracksModel->getItem(i)->rect()1 4 QRect(0,135 1957x111)
[   113.97 ] D: _tracksModel->getItem(i)->rect()1 5 QRect(0,246 1957x111)
[   113.97 ] D: _tracksModel->getItem(i)->rect()1 6 QRect(0,357 1957x111)
[   113.97 ] D: _tracksModel->getItem(i)->rect()1 7 QRect(0,468 1957x111)
[   113.97 ] D: _tracksModel->getItem(i)->rect()1 8 QRect(0,579 1957x111)
[   113.97 ] D: setTracksRect
[   113.97 ] D: setTracksRect
[   113.97 ] D: sltStartContentYChanged4
[   113.99 ] D: sltStartContentYChanged1
[   113.99 ] D: sltStartContentYChanged2
[   113.99 ] D: sltStartContentYChanged3
[   113.99 ] D: _tracksModel->getItem(i)->rect()1 0 QRect(0,-314 1957x111)
[   113.99 ] D: _tracksModel->getItem(i)->rect()1 1 QRect(0,-203 1957x111)
[   113.99 ] D: _tracksModel->getItem(i)->rect()1 2 QRect(0,-92 1957x111)
[   113.99 ] D: _tracksModel->getItem(i)->rect()1 3 QRect(0,19 1957x111)
[   113.99 ] D: _tracksModel->getItem(i)->rect()1 4 QRect(0,130 1957x111)
[   113.99 ] D: _tracksModel->getItem(i)->rect()1 5 QRect(0,241 1957x111)
[   113.99 ] D: _tracksModel->getItem(i)->rect()1 6 QRect(0,352 1957x111)
[   113.99 ] D: _tracksModel->getItem(i)->rect()1 7 QRect(0,463 1957x111)
[   113.99 ] D: _tracksModel->getItem(i)->rect()1 8 QRect(0,574 1957x111)
[   113.99 ] D: setTracksRect
[   113.99 ] D: setTracksRect
[   113.99 ] D: sltStartContentYChanged4
[   114.01 ] D: sltStartContentYChanged1
[   114.01 ] D: sltStartContentYChanged2
[   114.01 ] D: sltStartContentYChanged3
[   114.01 ] D: _tracksModel->getItem(i)->rect()1 0 QRect(0,-319 1957x111)
[   114.01 ] D: _tracksModel->getItem(i)->rect()1 1 QRect(0,-208 1957x111)
[   114.01 ] D: _tracksModel->getItem(i)->rect()1 2 QRect(0,-97 1957x111)
[   114.01 ] D: _tracksModel->getItem(i)->rect()1 3 QRect(0,14 1957x111)
[   114.01 ] D: _tracksModel->getItem(i)->rect()1 4 QRect(0,125 1957x111)
[   114.01 ] D: _tracksModel->getItem(i)->rect()1 5 QRect(0,236 1957x111)
[   114.01 ] D: _tracksModel->getItem(i)->rect()1 6 QRect(0,347 1957x111)
[   114.01 ] D: _tracksModel->getItem(i)->rect()1 7 QRect(0,458 1957x111)
[   114.01 ] D: _tracksModel->getItem(i)->rect()1 8 QRect(0,569 1957x111)
[   114.02 ] D: setTracksRect
[   114.02 ] D: setTracksRect
[   114.02 ] D: sltStartContentYChanged4
[   114.02 ] D: sltStartContentYChanged1
[   114.02 ] D: sltStartContentYChanged2
[   114.02 ] D: sltStartContentYChanged3
[   114.02 ] D: _tracksModel->getItem(i)->rect()1 0 QRect(0,-323 1957x111)
[   114.02 ] D: _tracksModel->getItem(i)->rect()1 1 QRect(0,-212 1957x111)
[   114.02 ] D: _tracksModel->getItem(i)->rect()1 2 QRect(0,-101 1957x111)
[   114.02 ] D: _tracksModel->getItem(i)->rect()1 3 QRect(0,10 1957x111)
[   114.02 ] D: _tracksModel->getItem(i)->rect()1 4 QRect(0,121 1957x111)
[   114.02 ] D: _tracksModel->getItem(i)->rect()1 5 QRect(0,232 1957x111)
[   114.02 ] D: _tracksModel->getItem(i)->rect()1 6 QRect(0,343 1957x111)
[   114.02 ] D: _tracksModel->getItem(i)->rect()1 7 QRect(0,454 1957x111)
[   114.02 ] D: _tracksModel->getItem(i)->rect()1 8 QRect(0,565 1957x111)
[   114.02 ] D: setTracksRect
[   114.02 ] D: setTracksRect
[   114.02 ] D: sltStartContentYChanged4
[   114.04 ] D: sltStartContentYChanged1
[   114.04 ] D: sltStartContentYChanged2
[   114.04 ] D: sltStartContentYChanged3
[   114.04 ] D: _tracksModel->getItem(i)->rect()1 0 QRect(0,-327 1957x111)
[   114.04 ] D: _tracksModel->getItem(i)->rect()1 1 QRect(0,-216 1957x111)
[   114.04 ] D: _tracksModel->getItem(i)->rect()1 2 QRect(0,-105 1957x111)
[   114.04 ] D: _tracksModel->getItem(i)->rect()1 3 QRect(0,6 1957x111)
[   114.04 ] D: _tracksModel->getItem(i)->rect()1 4 QRect(0,117 1957x111)
[   114.04 ] D: _tracksModel->getItem(i)->rect()1 5 QRect(0,228 1957x111)
[   114.04 ] D: _tracksModel->getItem(i)->rect()1 6 QRect(0,339 1957x111)
[   114.04 ] D: _tracksModel->getItem(i)->rect()1 7 QRect(0,450 1957x111)
[   114.04 ] D: _tracksModel->getItem(i)->rect()1 8 QRect(0,561 1957x111)
[   114.04 ] D: setTracksRect
[   114.04 ] D: setTracksRect
[   114.04 ] D: sltStartContentYChanged4
[   114.06 ] D: sltStartContentYChanged1
[   114.06 ] D: sltStartContentYChanged2
[   114.07 ] D: sltStartContentYChanged3
[   114.07 ] D: _tracksModel->getItem(i)->rect()1 0 QRect(0,-331 1957x111)
[   114.07 ] D: _tracksModel->getItem(i)->rect()1 1 QRect(0,-220 1957x111)
[   114.07 ] D: _tracksModel->getItem(i)->rect()1 2 QRect(0,-109 1957x111)
[   114.07 ] D: _tracksModel->getItem(i)->rect()1 3 QRect(0,2 1957x111)
[   114.07 ] D: _tracksModel->getItem(i)->rect()1 4 QRect(0,113 1957x111)
[   114.07 ] D: _tracksModel->getItem(i)->rect()1 5 QRect(0,224 1957x111)
[   114.07 ] D: _tracksModel->getItem(i)->rect()1 6 QRect(0,335 1957x111)
[   114.07 ] D: _tracksModel->getItem(i)->rect()1 7 QRect(0,446 1957x111)
[   114.07 ] D: _tracksModel->getItem(i)->rect()1 8 QRect(0,557 1957x111)
[   114.07 ] D: setTracksRect
[   114.07 ] D: setTracksRect
[   114.07 ] D: sltStartContentYChanged4
[   114.07 ] D: sltStartContentYChanged1
[   114.07 ] D: sltStartContentYChanged2
[   114.07 ] D: sltStartContentYChanged3
[   114.07 ] D: _tracksModel->getItem(i)->rect()1 0 QRect(0,-334 1957x111)
[   114.07 ] D: _tracksModel->getItem(i)->rect()1 1 QRect(0,-223 1957x111)
[   114.07 ] D: _tracksModel->getItem(i)->rect()1 2 QRect(0,-112 1957x111)
[   114.07 ] D: _tracksModel->getItem(i)->rect()1 3 QRect(0,-1 1957x111)
[   114.07 ] D: _tracksModel->getItem(i)->rect()1 4 QRect(0,110 1957x111)
[   114.07 ] D: _tracksModel->getItem(i)->rect()1 5 QRect(0,221 1957x111)
[   114.07 ] D: _tracksModel->getItem(i)->rect()1 6 QRect(0,332 1957x111)
[   114.07 ] D: _tracksModel->getItem(i)->rect()1 7 QRect(0,443 1957x111)
[   114.07 ] D: _tracksModel->getItem(i)->rect()1 8 QRect(0,554 1957x111)
[   114.07 ] D: setTracksRect
[   114.07 ] D: setTracksRect
[   114.07 ] D: sltStartContentYChanged4
[   114.08 ] D: sltStartContentYChanged1
[   114.08 ] D: sltStartContentYChanged2
[   114.09 ] D: sltStartContentYChanged3
[   114.09 ] D: _tracksModel->getItem(i)->rect()1 0 QRect(0,-337 1957x111)
[   114.09 ] D: _tracksModel->getItem(i)->rect()1 1 QRect(0,-226 1957x111)
[   114.09 ] D: _tracksModel->getItem(i)->rect()1 2 QRect(0,-115 1957x111)
[   114.09 ] D: _tracksModel->getItem(i)->rect()1 3 QRect(0,-4 1957x111)
[   114.09 ] D: _tracksModel->getItem(i)->rect()1 4 QRect(0,107 1957x111)
[   114.09 ] D: _tracksModel->getItem(i)->rect()1 5 QRect(0,218 1957x111)
[   114.09 ] D: _tracksModel->getItem(i)->rect()1 6 QRect(0,329 1957x111)
[   114.09 ] D: _tracksModel->getItem(i)->rect()1 7 QRect(0,440 1957x111)
[   114.09 ] D: _tracksModel->getItem(i)->rect()1 8 QRect(0,551 1957x111)
[   114.09 ] D: setTracksRect
[   114.09 ] D: setTracksRect
[   114.09 ] D: sltStartContentYChanged4
[   114.11 ] D: sltStartContentYChanged1
[   114.11 ] D: sltStartContentYChanged2
[   114.12 ] D: sltStartContentYChanged3
[   114.12 ] D: _tracksModel->getItem(i)->rect()1 0 QRect(0,-339 1957x111)
[   114.12 ] D: _tracksModel->getItem(i)->rect()1 1 QRect(0,-228 1957x111)
[   114.12 ] D: _tracksModel->getItem(i)->rect()1 2 QRect(0,-117 1957x111)
[   114.12 ] D: _tracksModel->getItem(i)->rect()1 3 QRect(0,-6 1957x111)
[   114.12 ] D: _tracksModel->getItem(i)->rect()1 4 QRect(0,105 1957x111)
[   114.12 ] D: _tracksModel->getItem(i)->rect()1 5 QRect(0,216 1957x111)
[   114.12 ] D: _tracksModel->getItem(i)->rect()1 6 QRect(0,327 1957x111)
[   114.12 ] D: _tracksModel->getItem(i)->rect()1 7 QRect(0,438 1957x111)
[   114.12 ] D: _tracksModel->getItem(i)->rect()1 8 QRect(0,549 1957x111)
[   114.12 ] D: setTracksRect
[   114.12 ] D: setTracksRect
[   114.12 ] D: sltStartContentYChanged4
[   114.12 ] D: sltStartContentYChanged1
[   114.12 ] D: sltStartContentYChanged2
[   114.12 ] D: sltStartContentYChanged3
[   114.12 ] D: _tracksModel->getItem(i)->rect()1 0 QRect(0,-341 1957x111)
[   114.12 ] D: _tracksModel->getItem(i)->rect()1 1 QRect(0,-230 1957x111)
[   114.12 ] D: _tracksModel->getItem(i)->rect()1 2 QRect(0,-119 1957x111)
[   114.12 ] D: _tracksModel->getItem(i)->rect()1 3 QRect(0,-8 1957x111)
[   114.12 ] D: _tracksModel->getItem(i)->rect()1 4 QRect(0,103 1957x111)
[   114.12 ] D: _tracksModel->getItem(i)->rect()1 5 QRect(0,214 1957x111)
[   114.12 ] D: _tracksModel->getItem(i)->rect()1 6 QRect(0,325 1957x111)
[   114.12 ] D: _tracksModel->getItem(i)->rect()1 7 QRect(0,436 1957x111)
[   114.12 ] D: _tracksModel->getItem(i)->rect()1 8 QRect(0,547 1957x111)
[   114.12 ] D: setTracksRect
[   114.12 ] D: setTracksRect
[   114.12 ] D: sltStartContentYChanged4
[   114.15 ] D: sltStartContentYChanged1
[   114.15 ] D: sltStartContentYChanged2
[   114.15 ] D: sltStartContentYChanged3
[   114.15 ] D: _tracksModel->getItem(i)->rect()1 0 QRect(0,-342 1957x111)
[   114.15 ] D: _tracksModel->getItem(i)->rect()1 1 QRect(0,-231 1957x111)
[   114.15 ] D: _tracksModel->getItem(i)->rect()1 2 QRect(0,-120 1957x111)
[   114.15 ] D: _tracksModel->getItem(i)->rect()1 3 QRect(0,-9 1957x111)
[   114.15 ] D: _tracksModel->getItem(i)->rect()1 4 QRect(0,102 1957x111)
[   114.15 ] D: _tracksModel->getItem(i)->rect()1 5 QRect(0,213 1957x111)
[   114.15 ] D: _tracksModel->getItem(i)->rect()1 6 QRect(0,324 1957x111)
[   114.15 ] D: _tracksModel->getItem(i)->rect()1 7 QRect(0,435 1957x111)
[   114.15 ] D: _tracksModel->getItem(i)->rect()1 8 QRect(0,546 1957x111)
[   114.15 ] D: setTracksRect
[   114.15 ] D: setTracksRect
[   114.15 ] D: sltStartContentYChanged4
[   114.16 ] D: sltStartContentYChanged1
[   114.17 ] D: sltStartContentYChanged2
[   114.17 ] D: sltStartContentYChanged3
[   114.17 ] D: _tracksModel->getItem(i)->rect()1 0 QRect(0,-343 1957x111)
[   114.17 ] D: _tracksModel->getItem(i)->rect()1 1 QRect(0,-232 1957x111)
[   114.17 ] D: _tracksModel->getItem(i)->rect()1 2 QRect(0,-121 1957x111)
[   114.17 ] D: _tracksModel->getItem(i)->rect()1 3 QRect(0,-10 1957x111)
[   114.17 ] D: _tracksModel->getItem(i)->rect()1 4 QRect(0,101 1957x111)
[   114.17 ] D: _tracksModel->getItem(i)->rect()1 5 QRect(0,212 1957x111)
[   114.17 ] D: _tracksModel->getItem(i)->rect()1 6 QRect(0,323 1957x111)
[   114.17 ] D: _tracksModel->getItem(i)->rect()1 7 QRect(0,434 1957x111)
[   114.17 ] D: _tracksModel->getItem(i)->rect()1 8 QRect(0,545 1957x111)
[   114.17 ] D: setTracksRect
[   114.17 ] D: setTracksRect
[   114.17 ] D: sltStartContentYChanged4
[   114.19 ] D: sltStartContentYChanged1
[   114.19 ] D: sltStartContentYChanged2
[   114.19 ] D: sltStartContentYChanged3
[   114.19 ] D: _tracksModel->getItem(i)->rect()1 0 QRect(0,-344 1957x111)
[   114.19 ] D: _tracksModel->getItem(i)->rect()1 1 QRect(0,-233 1957x111)
[   114.19 ] D: _tracksModel->getItem(i)->rect()1 2 QRect(0,-122 1957x111)
[   114.19 ] D: _tracksModel->getItem(i)->rect()1 3 QRect(0,-11 1957x111)
[   114.19 ] D: _tracksModel->getItem(i)->rect()1 4 QRect(0,100 1957x111)
[   114.19 ] D: _tracksModel->getItem(i)->rect()1 5 QRect(0,211 1957x111)
[   114.19 ] D: _tracksModel->getItem(i)->rect()1 6 QRect(0,322 1957x111)
[   114.19 ] D: _tracksModel->getItem(i)->rect()1 7 QRect(0,433 1957x111)
[   114.19 ] D: _tracksModel->getItem(i)->rect()1 8 QRect(0,544 1957x111)
[   114.19 ] D: setTracksRect
[   114.19 ] D: setTracksRect
[   114.19 ] D: sltStartContentYChanged4
[   114.22 ] D: sltStartContentYChanged1
[   114.22 ] D: sltStartContentYChanged2
[   114.22 ] D: sltStartContentYChanged3
[   114.22 ] D: _tracksModel->getItem(i)->rect()1 0 QRect(0,-348 1957x111)
[   114.22 ] D: _tracksModel->getItem(i)->rect()1 1 QRect(0,-237 1957x111)
[   114.22 ] D: _tracksModel->getItem(i)->rect()1 2 QRect(0,-126 1957x111)
[   114.22 ] D: _tracksModel->getItem(i)->rect()1 3 QRect(0,-15 1957x111)
[   114.22 ] D: _tracksModel->getItem(i)->rect()1 4 QRect(0,96 1957x111)
[   114.22 ] D: _tracksModel->getItem(i)->rect()1 5 QRect(0,207 1957x111)
[   114.22 ] D: _tracksModel->getItem(i)->rect()1 6 QRect(0,318 1957x111)
[   114.22 ] D: _tracksModel->getItem(i)->rect()1 7 QRect(0,429 1957x111)
[   114.22 ] D: _tracksModel->getItem(i)->rect()1 8 QRect(0,540 1957x111)
[   114.22 ] D: setTracksRect
[   114.22 ] D: setTracksRect
[   114.22 ] D: sltStartContentYChanged4
[   114.23 ] D: sltStartContentYChanged1
[   114.23 ] D: sltStartContentYChanged2
[   114.24 ] D: sltStartContentYChanged3
[   114.24 ] D: _tracksModel->getItem(i)->rect()1 0 QRect(0,-353 1957x111)
[   114.24 ] D: _tracksModel->getItem(i)->rect()1 1 QRect(0,-242 1957x111)
[   114.24 ] D: _tracksModel->getItem(i)->rect()1 2 QRect(0,-131 1957x111)
[   114.24 ] D: _tracksModel->getItem(i)->rect()1 3 QRect(0,-20 1957x111)
[   114.24 ] D: _tracksModel->getItem(i)->rect()1 4 QRect(0,91 1957x111)
[   114.24 ] D: _tracksModel->getItem(i)->rect()1 5 QRect(0,202 1957x111)
[   114.24 ] D: _tracksModel->getItem(i)->rect()1 6 QRect(0,313 1957x111)
[   114.24 ] D: _tracksModel->getItem(i)->rect()1 7 QRect(0,424 1957x111)
[   114.24 ] D: _tracksModel->getItem(i)->rect()1 8 QRect(0,535 1957x111)
[   114.24 ] D: setTracksRect
[   114.24 ] D: setTracksRect
[   114.24 ] D: sltStartContentYChanged4
[   114.26 ] D: sltStartContentYChanged1
[   114.26 ] D: sltStartContentYChanged2
[   114.26 ] D: sltStartContentYChanged3
[   114.26 ] D: _tracksModel->getItem(i)->rect()1 0 QRect(0,-358 1957x111)
[   114.26 ] D: _tracksModel->getItem(i)->rect()1 1 QRect(0,-247 1957x111)
[   114.26 ] D: _tracksModel->getItem(i)->rect()1 2 QRect(0,-136 1957x111)
[   114.26 ] D: _tracksModel->getItem(i)->rect()1 3 QRect(0,-25 1957x111)
[   114.26 ] D: _tracksModel->getItem(i)->rect()1 4 QRect(0,86 1957x111)
[   114.26 ] D: _tracksModel->getItem(i)->rect()1 5 QRect(0,197 1957x111)
[   114.26 ] D: _tracksModel->getItem(i)->rect()1 6 QRect(0,308 1957x111)
[   114.26 ] D: _tracksModel->getItem(i)->rect()1 7 QRect(0,419 1957x111)
[   114.27 ] D: _tracksModel->getItem(i)->rect()1 8 QRect(0,530 1957x111)
[   114.27 ] D: setTracksRect
[   114.27 ] D: setTracksRect
[   114.27 ] D: sltStartContentYChanged4
[   114.27 ] D: sltStartContentYChanged1
[   114.27 ] D: sltStartContentYChanged2
[   114.27 ] D: sltStartContentYChanged3
[   114.27 ] D: _tracksModel->getItem(i)->rect()1 0 QRect(0,-363 1957x111)
[   114.27 ] D: _tracksModel->getItem(i)->rect()1 1 QRect(0,-252 1957x111)
[   114.27 ] D: _tracksModel->getItem(i)->rect()1 2 QRect(0,-141 1957x111)
[   114.27 ] D: _tracksModel->getItem(i)->rect()1 3 QRect(0,-30 1957x111)
[   114.27 ] D: _tracksModel->getItem(i)->rect()1 4 QRect(0,81 1957x111)
[   114.27 ] D: _tracksModel->getItem(i)->rect()1 5 QRect(0,192 1957x111)
[   114.27 ] D: _tracksModel->getItem(i)->rect()1 6 QRect(0,303 1957x111)
[   114.27 ] D: _tracksModel->getItem(i)->rect()1 7 QRect(0,414 1957x111)
[   114.27 ] D: _tracksModel->getItem(i)->rect()1 8 QRect(0,525 1957x111)
[   114.27 ] D: setTracksRect
[   114.27 ] D: setTracksRect
[   114.27 ] D: sltStartContentYChanged4
[   114.28 ] D: sltStartContentYChanged1
[   114.29 ] D: sltStartContentYChanged2
[   114.29 ] D: sltStartContentYChanged3
[   114.29 ] D: _tracksModel->getItem(i)->rect()1 0 QRect(0,-366 1957x111)
[   114.29 ] D: _tracksModel->getItem(i)->rect()1 1 QRect(0,-255 1957x111)
[   114.29 ] D: _tracksModel->getItem(i)->rect()1 2 QRect(0,-144 1957x111)
[   114.29 ] D: _tracksModel->getItem(i)->rect()1 3 QRect(0,-33 1957x111)
[   114.29 ] D: _tracksModel->getItem(i)->rect()1 4 QRect(0,78 1957x111)
[   114.29 ] D: _tracksModel->getItem(i)->rect()1 5 QRect(0,189 1957x111)
[   114.29 ] D: _tracksModel->getItem(i)->rect()1 6 QRect(0,300 1957x111)
[   114.29 ] D: _tracksModel->getItem(i)->rect()1 7 QRect(0,411 1957x111)
[   114.29 ] D: _tracksModel->getItem(i)->rect()1 8 QRect(0,522 1957x111)
[   114.29 ] D: setTracksRect
[   114.29 ] D: setTracksRect
[   114.29 ] D: sltStartContentYChanged4
[   114.31 ] D: sltStartContentYChanged1
[   114.31 ] D: sltStartContentYChanged2
[   114.32 ] D: sltStartContentYChanged3
[   114.32 ] D: _tracksModel->getItem(i)->rect()1 0 QRect(0,-370 1957x111)
[   114.32 ] D: _tracksModel->getItem(i)->rect()1 1 QRect(0,-259 1957x111)
[   114.32 ] D: _tracksModel->getItem(i)->rect()1 2 QRect(0,-148 1957x111)
[   114.32 ] D: _tracksModel->getItem(i)->rect()1 3 QRect(0,-37 1957x111)
[   114.32 ] D: _tracksModel->getItem(i)->rect()1 4 QRect(0,74 1957x111)
[   114.32 ] D: _tracksModel->getItem(i)->rect()1 5 QRect(0,185 1957x111)
[   114.32 ] D: _tracksModel->getItem(i)->rect()1 6 QRect(0,296 1957x111)
[   114.32 ] D: _tracksModel->getItem(i)->rect()1 7 QRect(0,407 1957x111)
[   114.32 ] D: _tracksModel->getItem(i)->rect()1 8 QRect(0,518 1957x111)
[   114.32 ] D: setTracksRect
[   114.32 ] D: setTracksRect
[   114.32 ] D: sltStartContentYChanged4
[   114.33 ] D: sltStartContentYChanged1
[   114.33 ] D: sltStartContentYChanged2
[   114.33 ] D: sltStartContentYChanged3
[   114.33 ] D: _tracksModel->getItem(i)->rect()1 0 QRect(0,-373 1957x111)
[   114.33 ] D: _tracksModel->getItem(i)->rect()1 1 QRect(0,-262 1957x111)
[   114.33 ] D: _tracksModel->getItem(i)->rect()1 2 QRect(0,-151 1957x111)
[   114.33 ] D: _tracksModel->getItem(i)->rect()1 3 QRect(0,-40 1957x111)
[   114.33 ] D: _tracksModel->getItem(i)->rect()1 4 QRect(0,71 1957x111)
[   114.33 ] D: _tracksModel->getItem(i)->rect()1 5 QRect(0,182 1957x111)
[   114.33 ] D: _tracksModel->getItem(i)->rect()1 6 QRect(0,293 1957x111)
[   114.33 ] D: _tracksModel->getItem(i)->rect()1 7 QRect(0,404 1957x111)
[   114.33 ] D: _tracksModel->getItem(i)->rect()1 8 QRect(0,515 1957x111)
[   114.33 ] D: setTracksRect
[   114.33 ] D: setTracksRect
[   114.33 ] D: sltStartContentYChanged4
[   114.33 ] D: sltStartContentYChanged1
[   114.33 ] D: sltStartContentYChanged2
[   114.33 ] D: sltStartContentYChanged3
[   114.33 ] D: _tracksModel->getItem(i)->rect()1 0 QRect(0,-376 1957x111)
[   114.34 ] D: _tracksModel->getItem(i)->rect()1 1 QRect(0,-265 1957x111)
[   114.34 ] D: _tracksModel->getItem(i)->rect()1 2 QRect(0,-154 1957x111)
[   114.34 ] D: _tracksModel->getItem(i)->rect()1 3 QRect(0,-43 1957x111)
[   114.34 ] D: _tracksModel->getItem(i)->rect()1 4 QRect(0,68 1957x111)
[   114.34 ] D: _tracksModel->getItem(i)->rect()1 5 QRect(0,179 1957x111)
[   114.34 ] D: _tracksModel->getItem(i)->rect()1 6 QRect(0,290 1957x111)
[   114.34 ] D: _tracksModel->getItem(i)->rect()1 7 QRect(0,401 1957x111)
[   114.34 ] D: _tracksModel->getItem(i)->rect()1 8 QRect(0,512 1957x111)
[   114.34 ] D: setTracksRect
[   114.34 ] D: setTracksRect
[   114.34 ] D: sltStartContentYChanged4
[   114.36 ] D: sltStartContentYChanged1
[   114.36 ] D: sltStartContentYChanged2
[   114.36 ] D: sltStartContentYChanged3
[   114.36 ] D: _tracksModel->getItem(i)->rect()1 0 QRect(0,-378 1957x111)
[   114.36 ] D: _tracksModel->getItem(i)->rect()1 1 QRect(0,-267 1957x111)
[   114.36 ] D: _tracksModel->getItem(i)->rect()1 2 QRect(0,-156 1957x111)
[   114.36 ] D: _tracksModel->getItem(i)->rect()1 3 QRect(0,-45 1957x111)
[   114.36 ] D: _tracksModel->getItem(i)->rect()1 4 QRect(0,66 1957x111)
[   114.36 ] D: _tracksModel->getItem(i)->rect()1 5 QRect(0,177 1957x111)
[   114.36 ] D: _tracksModel->getItem(i)->rect()1 6 QRect(0,288 1957x111)
[   114.36 ] D: _tracksModel->getItem(i)->rect()1 7 QRect(0,399 1957x111)
[   114.36 ] D: _tracksModel->getItem(i)->rect()1 8 QRect(0,510 1957x111)
[   114.36 ] D: setTracksRect
[   114.36 ] D: setTracksRect
[   114.36 ] D: sltStartContentYChanged4
[   114.36 ] D: sltStartContentYChanged1
[   114.36 ] D: sltStartContentYChanged2
[   114.36 ] D: sltStartContentYChanged3
[   114.36 ] D: _tracksModel->getItem(i)->rect()1 0 QRect(0,-380 1957x111)
[   114.36 ] D: _tracksModel->getItem(i)->rect()1 1 QRect(0,-269 1957x111)
[   114.36 ] D: _tracksModel->getItem(i)->rect()1 2 QRect(0,-158 1957x111)
[   114.37 ] D: _tracksModel->getItem(i)->rect()1 3 QRect(0,-47 1957x111)
[   114.37 ] D: _tracksModel->getItem(i)->rect()1 4 QRect(0,64 1957x111)
[   114.37 ] D: _tracksModel->getItem(i)->rect()1 5 QRect(0,175 1957x111)
[   114.37 ] D: _tracksModel->getItem(i)->rect()1 6 QRect(0,286 1957x111)
[   114.37 ] D: _tracksModel->getItem(i)->rect()1 7 QRect(0,397 1957x111)
[   114.37 ] D: _tracksModel->getItem(i)->rect()1 8 QRect(0,508 1957x111)
[   114.37 ] D: setTracksRect
[   114.37 ] D: setTracksRect
[   114.37 ] D: sltStartContentYChanged4
[   114.39 ] D: sltStartContentYChanged1
[   114.39 ] D: sltStartContentYChanged2
[   114.39 ] D: sltStartContentYChanged3
[   114.39 ] D: _tracksModel->getItem(i)->rect()1 0 QRect(0,-382 1957x111)
[   114.39 ] D: _tracksModel->getItem(i)->rect()1 1 QRect(0,-271 1957x111)
[   114.39 ] D: _tracksModel->getItem(i)->rect()1 2 QRect(0,-160 1957x111)
[   114.39 ] D: _tracksModel->getItem(i)->rect()1 3 QRect(0,-49 1957x111)
[   114.39 ] D: _tracksModel->getItem(i)->rect()1 4 QRect(0,62 1957x111)
[   114.39 ] D: _tracksModel->getItem(i)->rect()1 5 QRect(0,173 1957x111)
[   114.39 ] D: _tracksModel->getItem(i)->rect()1 6 QRect(0,284 1957x111)
[   114.39 ] D: _tracksModel->getItem(i)->rect()1 7 QRect(0,395 1957x111)
[   114.39 ] D: _tracksModel->getItem(i)->rect()1 8 QRect(0,506 1957x111)
[   114.39 ] D: setTracksRect
[   114.39 ] D: setTracksRect
[   114.39 ] D: sltStartContentYChanged4
[   114.41 ] D: sltStartContentYChanged1
[   114.41 ] D: sltStartContentYChanged2
[   114.42 ] D: sltStartContentYChanged3
[   114.42 ] D: _tracksModel->getItem(i)->rect()1 0 QRect(0,-383 1957x111)
[   114.42 ] D: _tracksModel->getItem(i)->rect()1 1 QRect(0,-272 1957x111)
[   114.42 ] D: _tracksModel->getItem(i)->rect()1 2 QRect(0,-161 1957x111)
[   114.42 ] D: _tracksModel->getItem(i)->rect()1 3 QRect(0,-50 1957x111)
[   114.42 ] D: _tracksModel->getItem(i)->rect()1 4 QRect(0,61 1957x111)
[   114.42 ] D: _tracksModel->getItem(i)->rect()1 5 QRect(0,172 1957x111)
[   114.42 ] D: _tracksModel->getItem(i)->rect()1 6 QRect(0,283 1957x111)
[   114.42 ] D: _tracksModel->getItem(i)->rect()1 7 QRect(0,394 1957x111)
[   114.42 ] D: _tracksModel->getItem(i)->rect()1 8 QRect(0,505 1957x111)
[   114.42 ] D: setTracksRect
[   114.42 ] D: setTracksRect
[   114.42 ] D: sltStartContentYChanged4
[   114.43 ] D: sltStartContentYChanged1
[   114.43 ] D: sltStartContentYChanged2
[   114.43 ] D: sltStartContentYChanged3
[   114.43 ] D: _tracksModel->getItem(i)->rect()1 0 QRect(0,-384 1957x111)
[   114.43 ] D: _tracksModel->getItem(i)->rect()1 1 QRect(0,-273 1957x111)
[   114.43 ] D: _tracksModel->getItem(i)->rect()1 2 QRect(0,-162 1957x111)
[   114.43 ] D: _tracksModel->getItem(i)->rect()1 3 QRect(0,-51 1957x111)
[   114.43 ] D: _tracksModel->getItem(i)->rect()1 4 QRect(0,60 1957x111)
[   114.43 ] D: _tracksModel->getItem(i)->rect()1 5 QRect(0,171 1957x111)
[   114.43 ] D: _tracksModel->getItem(i)->rect()1 6 QRect(0,282 1957x111)
[   114.43 ] D: _tracksModel->getItem(i)->rect()1 7 QRect(0,393 1957x111)
[   114.43 ] D: _tracksModel->getItem(i)->rect()1 8 QRect(0,504 1957x111)
[   114.43 ] D: setTracksRect
[   114.44 ] D: setTracksRect
[   114.44 ] D: sltStartContentYChanged4
[   114.47 ] D: sltStartContentYChanged1
[   114.47 ] D: sltStartContentYChanged2
[   114.47 ] D: sltStartContentYChanged3
[   114.47 ] D: _tracksModel->getItem(i)->rect()1 0 QRect(0,-393 1957x111)
[   114.47 ] D: _tracksModel->getItem(i)->rect()1 1 QRect(0,-282 1957x111)
[   114.47 ] D: _tracksModel->getItem(i)->rect()1 2 QRect(0,-171 1957x111)
[   114.47 ] D: _tracksModel->getItem(i)->rect()1 3 QRect(0,-60 1957x111)
[   114.47 ] D: _tracksModel->getItem(i)->rect()1 4 QRect(0,51 1957x111)
[   114.47 ] D: _tracksModel->getItem(i)->rect()1 5 QRect(0,162 1957x111)
[   114.47 ] D: _tracksModel->getItem(i)->rect()1 6 QRect(0,273 1957x111)
[   114.47 ] D: _tracksModel->getItem(i)->rect()1 7 QRect(0,384 1957x111)
[   114.47 ] D: _tracksModel->getItem(i)->rect()1 8 QRect(0,495 1957x111)
[   114.47 ] D: setTracksRect
[   114.47 ] D: setTracksRect
[   114.47 ] D: sltStartContentYChanged4
[   114.49 ] D: sltStartContentYChanged1
[   114.49 ] D: sltStartContentYChanged2
[   114.49 ] D: sltStartContentYChanged3
[   114.49 ] D: _tracksModel->getItem(i)->rect()1 0 QRect(0,-398 1957x111)
[   114.49 ] D: _tracksModel->getItem(i)->rect()1 1 QRect(0,-287 1957x111)
[   114.49 ] D: _tracksModel->getItem(i)->rect()1 2 QRect(0,-176 1957x111)
[   114.49 ] D: _tracksModel->getItem(i)->rect()1 3 QRect(0,-65 1957x111)
[   114.49 ] D: _tracksModel->getItem(i)->rect()1 4 QRect(0,46 1957x111)
[   114.49 ] D: _tracksModel->getItem(i)->rect()1 5 QRect(0,157 1957x111)
[   114.49 ] D: _tracksModel->getItem(i)->rect()1 6 QRect(0,268 1957x111)
[   114.49 ] D: _tracksModel->getItem(i)->rect()1 7 QRect(0,379 1957x111)
[   114.49 ] D: _tracksModel->getItem(i)->rect()1 8 QRect(0,490 1957x111)
[   114.49 ] D: setTracksRect
[   114.49 ] D: setTracksRect
[   114.49 ] D: sltStartContentYChanged4
[   114.51 ] D: sltStartContentYChanged1
[   114.51 ] D: sltStartContentYChanged2
[   114.52 ] D: sltStartContentYChanged3
[   114.52 ] D: _tracksModel->getItem(i)->rect()1 0 QRect(0,-403 1957x111)
[   114.52 ] D: _tracksModel->getItem(i)->rect()1 1 QRect(0,-292 1957x111)
[   114.52 ] D: _tracksModel->getItem(i)->rect()1 2 QRect(0,-181 1957x111)
[   114.52 ] D: _tracksModel->getItem(i)->rect()1 3 QRect(0,-70 1957x111)
[   114.52 ] D: _tracksModel->getItem(i)->rect()1 4 QRect(0,41 1957x111)
[   114.52 ] D: _tracksModel->getItem(i)->rect()1 5 QRect(0,152 1957x111)
[   114.52 ] D: _tracksModel->getItem(i)->rect()1 6 QRect(0,263 1957x111)
[   114.52 ] D: _tracksModel->getItem(i)->rect()1 7 QRect(0,374 1957x111)
[   114.52 ] D: _tracksModel->getItem(i)->rect()1 8 QRect(0,485 1957x111)
[   114.52 ] D: setTracksRect
[   114.52 ] D: setTracksRect
[   114.52 ] D: sltStartContentYChanged4
[   114.52 ] D: sltStartContentYChanged1
[   114.52 ] D: sltStartContentYChanged2
[   114.52 ] D: sltStartContentYChanged3
[   114.52 ] D: _tracksModel->getItem(i)->rect()1 0 QRect(0,-407 1957x111)
[   114.52 ] D: _tracksModel->getItem(i)->rect()1 1 QRect(0,-296 1957x111)
[   114.52 ] D: _tracksModel->getItem(i)->rect()1 2 QRect(0,-185 1957x111)
[   114.52 ] D: _tracksModel->getItem(i)->rect()1 3 QRect(0,-74 1957x111)
[   114.52 ] D: _tracksModel->getItem(i)->rect()1 4 QRect(0,37 1957x111)
[   114.52 ] D: _tracksModel->getItem(i)->rect()1 5 QRect(0,148 1957x111)
[   114.52 ] D: _tracksModel->getItem(i)->rect()1 6 QRect(0,259 1957x111)
[   114.52 ] D: _tracksModel->getItem(i)->rect()1 7 QRect(0,370 1957x111)
[   114.52 ] D: _tracksModel->getItem(i)->rect()1 8 QRect(0,481 1957x111)
[   114.52 ] D: setTracksRect
[   114.52 ] D: setTracksRect
[   114.52 ] D: sltStartContentYChanged4
[   114.54 ] D: sltStartContentYChanged1
[   114.54 ] D: sltStartContentYChanged2
[   114.54 ] D: sltStartContentYChanged3
[   114.54 ] D: _tracksModel->getItem(i)->rect()1 0 QRect(0,-412 1957x111)
[   114.54 ] D: _tracksModel->getItem(i)->rect()1 1 QRect(0,-301 1957x111)
[   114.54 ] D: _tracksModel->getItem(i)->rect()1 2 QRect(0,-190 1957x111)
[   114.54 ] D: _tracksModel->getItem(i)->rect()1 3 QRect(0,-79 1957x111)
[   114.54 ] D: _tracksModel->getItem(i)->rect()1 4 QRect(0,32 1957x111)
[   114.54 ] D: _tracksModel->getItem(i)->rect()1 5 QRect(0,143 1957x111)
[   114.54 ] D: _tracksModel->getItem(i)->rect()1 6 QRect(0,254 1957x111)
[   114.54 ] D: _tracksModel->getItem(i)->rect()1 7 QRect(0,365 1957x111)
[   114.54 ] D: _tracksModel->getItem(i)->rect()1 8 QRect(0,476 1957x111)
[   114.54 ] D: setTracksRect
[   114.54 ] D: setTracksRect
[   114.54 ] D: sltStartContentYChanged4
[   114.57 ] D: sltStartContentYChanged1
[   114.57 ] D: sltStartContentYChanged2
[   114.57 ] D: sltStartContentYChanged3
[   114.57 ] D: _tracksModel->getItem(i)->rect()1 0 QRect(0,-415 1957x111)
[   114.57 ] D: _tracksModel->getItem(i)->rect()1 1 QRect(0,-304 1957x111)
[   114.57 ] D: _tracksModel->getItem(i)->rect()1 2 QRect(0,-193 1957x111)
[   114.57 ] D: _tracksModel->getItem(i)->rect()1 3 QRect(0,-82 1957x111)
[   114.57 ] D: _tracksModel->getItem(i)->rect()1 4 QRect(0,29 1957x111)
[   114.57 ] D: _tracksModel->getItem(i)->rect()1 5 QRect(0,140 1957x111)
[   114.57 ] D: _tracksModel->getItem(i)->rect()1 6 QRect(0,251 1957x111)
[   114.57 ] D: _tracksModel->getItem(i)->rect()1 7 QRect(0,362 1957x111)
[   114.57 ] D: _tracksModel->getItem(i)->rect()1 8 QRect(0,473 1957x111)
[   114.57 ] D: setTracksRect
[   114.57 ] D: setTracksRect
[   114.57 ] D: sltStartContentYChanged4
[   114.58 ] D: sltStartContentYChanged1
[   114.58 ] D: sltStartContentYChanged2
[   114.58 ] D: sltStartContentYChanged3
[   114.58 ] D: _tracksModel->getItem(i)->rect()1 0 QRect(0,-418 1957x111)
[   114.58 ] D: _tracksModel->getItem(i)->rect()1 1 QRect(0,-307 1957x111)
[   114.58 ] D: _tracksModel->getItem(i)->rect()1 2 QRect(0,-196 1957x111)
[   114.58 ] D: _tracksModel->getItem(i)->rect()1 3 QRect(0,-85 1957x111)
[   114.58 ] D: _tracksModel->getItem(i)->rect()1 4 QRect(0,26 1957x111)
[   114.58 ] D: _tracksModel->getItem(i)->rect()1 5 QRect(0,137 1957x111)
[   114.58 ] D: _tracksModel->getItem(i)->rect()1 6 QRect(0,248 1957x111)
[   114.58 ] D: _tracksModel->getItem(i)->rect()1 7 QRect(0,359 1957x111)
[   114.58 ] D: _tracksModel->getItem(i)->rect()1 8 QRect(0,470 1957x111)
[   114.58 ] D: setTracksRect
[   114.58 ] D: setTracksRect
[   114.58 ] D: sltStartContentYChanged4
[   114.58 ] D: sltStartContentYChanged1
[   114.59 ] D: sltStartContentYChanged2
[   114.59 ] D: sltStartContentYChanged3
[   114.59 ] D: _tracksModel->getItem(i)->rect()1 0 QRect(0,-421 1957x111)
[   114.59 ] D: _tracksModel->getItem(i)->rect()1 1 QRect(0,-310 1957x111)
[   114.59 ] D: _tracksModel->getItem(i)->rect()1 2 QRect(0,-199 1957x111)
[   114.59 ] D: _tracksModel->getItem(i)->rect()1 3 QRect(0,-88 1957x111)
[   114.59 ] D: _tracksModel->getItem(i)->rect()1 4 QRect(0,23 1957x111)
[   114.59 ] D: _tracksModel->getItem(i)->rect()1 5 QRect(0,134 1957x111)
[   114.59 ] D: _tracksModel->getItem(i)->rect()1 6 QRect(0,245 1957x111)
[   114.59 ] D: _tracksModel->getItem(i)->rect()1 7 QRect(0,356 1957x111)
[   114.59 ] D: _tracksModel->getItem(i)->rect()1 8 QRect(0,467 1957x111)
[   114.59 ] D: setTracksRect
[   114.59 ] D: setTracksRect
[   114.59 ] D: sltStartContentYChanged4
[   114.61 ] D: sltStartContentYChanged1
[   114.61 ] D: sltStartContentYChanged2
[   114.62 ] D: sltStartContentYChanged3
[   114.62 ] D: _tracksModel->getItem(i)->rect()1 0 QRect(0,-423 1957x111)
[   114.62 ] D: _tracksModel->getItem(i)->rect()1 1 QRect(0,-312 1957x111)
[   114.62 ] D: _tracksModel->getItem(i)->rect()1 2 QRect(0,-201 1957x111)
[   114.62 ] D: _tracksModel->getItem(i)->rect()1 3 QRect(0,-90 1957x111)
[   114.62 ] D: _tracksModel->getItem(i)->rect()1 4 QRect(0,21 1957x111)
[   114.62 ] D: _tracksModel->getItem(i)->rect()1 5 QRect(0,132 1957x111)
[   114.62 ] D: _tracksModel->getItem(i)->rect()1 6 QRect(0,243 1957x111)
[   114.62 ] D: _tracksModel->getItem(i)->rect()1 7 QRect(0,354 1957x111)
[   114.62 ] D: _tracksModel->getItem(i)->rect()1 8 QRect(0,465 1957x111)
[   114.62 ] D: setTracksRect
[   114.62 ] D: setTracksRect
[   114.62 ] D: sltStartContentYChanged4
[   114.64 ] D: sltStartContentYChanged1
[   114.64 ] D: sltStartContentYChanged2
[   114.64 ] D: sltStartContentYChanged3
[   114.64 ] D: _tracksModel->getItem(i)->rect()1 0 QRect(0,-425 1957x111)
[   114.64 ] D: _tracksModel->getItem(i)->rect()1 1 QRect(0,-314 1957x111)
[   114.64 ] D: _tracksModel->getItem(i)->rect()1 2 QRect(0,-203 1957x111)
[   114.64 ] D: _tracksModel->getItem(i)->rect()1 3 QRect(0,-92 1957x111)
[   114.64 ] D: _tracksModel->getItem(i)->rect()1 4 QRect(0,19 1957x111)
[   114.64 ] D: _tracksModel->getItem(i)->rect()1 5 QRect(0,130 1957x111)
[   114.64 ] D: _tracksModel->getItem(i)->rect()1 6 QRect(0,241 1957x111)
[   114.64 ] D: _tracksModel->getItem(i)->rect()1 7 QRect(0,352 1957x111)
[   114.64 ] D: _tracksModel->getItem(i)->rect()1 8 QRect(0,463 1957x111)
[   114.64 ] D: setTracksRect
[   114.64 ] D: setTracksRect
[   114.64 ] D: sltStartContentYChanged4
[   114.65 ] D: sltStartContentYChanged1
[   114.65 ] D: sltStartContentYChanged2
[   114.65 ] D: sltStartContentYChanged3
[   114.65 ] D: _tracksModel->getItem(i)->rect()1 0 QRect(0,-427 1957x111)
[   114.65 ] D: _tracksModel->getItem(i)->rect()1 1 QRect(0,-316 1957x111)
[   114.65 ] D: _tracksModel->getItem(i)->rect()1 2 QRect(0,-205 1957x111)
[   114.65 ] D: _tracksModel->getItem(i)->rect()1 3 QRect(0,-94 1957x111)
[   114.65 ] D: _tracksModel->getItem(i)->rect()1 4 QRect(0,17 1957x111)
[   114.65 ] D: _tracksModel->getItem(i)->rect()1 5 QRect(0,128 1957x111)
[   114.65 ] D: _tracksModel->getItem(i)->rect()1 6 QRect(0,239 1957x111)
[   114.65 ] D: _tracksModel->getItem(i)->rect()1 7 QRect(0,350 1957x111)
[   114.65 ] D: _tracksModel->getItem(i)->rect()1 8 QRect(0,461 1957x111)
[   114.65 ] D: setTracksRect
[   114.65 ] D: setTracksRect
[   114.65 ] D: sltStartContentYChanged4
[   114.65 ] D: sltStartContentYChanged1
[   114.66 ] D: sltStartContentYChanged2
[   114.66 ] D: sltStartContentYChanged3
[   114.66 ] D: _tracksModel->getItem(i)->rect()1 0 QRect(0,-428 1957x111)
[   114.66 ] D: _tracksModel->getItem(i)->rect()1 1 QRect(0,-317 1957x111)
[   114.66 ] D: _tracksModel->getItem(i)->rect()1 2 QRect(0,-206 1957x111)
[   114.66 ] D: _tracksModel->getItem(i)->rect()1 3 QRect(0,-95 1957x111)
[   114.66 ] D: _tracksModel->getItem(i)->rect()1 4 QRect(0,16 1957x111)
[   114.66 ] D: _tracksModel->getItem(i)->rect()1 5 QRect(0,127 1957x111)
[   114.66 ] D: _tracksModel->getItem(i)->rect()1 6 QRect(0,238 1957x111)
[   114.66 ] D: _tracksModel->getItem(i)->rect()1 7 QRect(0,349 1957x111)
[   114.66 ] D: _tracksModel->getItem(i)->rect()1 8 QRect(0,460 1957x111)
[   114.66 ] D: setTracksRect
[   114.66 ] D: setTracksRect
[   114.66 ] D: sltStartContentYChanged4
[   114.68 ] D: sltStartContentYChanged1
[   114.68 ] D: sltStartContentYChanged2
[   114.68 ] D: sltStartContentYChanged3
[   114.68 ] D: _tracksModel->getItem(i)->rect()1 0 QRect(0,-429 1957x111)
[   114.68 ] D: _tracksModel->getItem(i)->rect()1 1 QRect(0,-318 1957x111)
[   114.68 ] D: _tracksModel->getItem(i)->rect()1 2 QRect(0,-207 1957x111)
[   114.68 ] D: _tracksModel->getItem(i)->rect()1 3 QRect(0,-96 1957x111)
[   114.68 ] D: _tracksModel->getItem(i)->rect()1 4 QRect(0,15 1957x111)
[   114.68 ] D: _tracksModel->getItem(i)->rect()1 5 QRect(0,126 1957x111)
[   114.68 ] D: _tracksModel->getItem(i)->rect()1 6 QRect(0,237 1957x111)
[   114.68 ] D: _tracksModel->getItem(i)->rect()1 7 QRect(0,348 1957x111)
[   114.68 ] D: _tracksModel->getItem(i)->rect()1 8 QRect(0,459 1957x111)
[   114.68 ] D: setTracksRect
[   114.68 ] D: setTracksRect
[   114.68 ] D: sltStartContentYChanged4
[   114.76 ] D: sltStartContentYChanged1
[   114.76 ] D: sltStartContentYChanged2
[   114.77 ] D: sltStartContentYChanged3
[   114.77 ] D: _tracksModel->getItem(i)->rect()1 0 QRect(0,-433 1957x111)
[   114.77 ] D: _tracksModel->getItem(i)->rect()1 1 QRect(0,-322 1957x111)
[   114.77 ] D: _tracksModel->getItem(i)->rect()1 2 QRect(0,-211 1957x111)
[   114.77 ] D: _tracksModel->getItem(i)->rect()1 3 QRect(0,-100 1957x111)
[   114.77 ] D: _tracksModel->getItem(i)->rect()1 4 QRect(0,11 1957x111)
[   114.77 ] D: _tracksModel->getItem(i)->rect()1 5 QRect(0,122 1957x111)
[   114.77 ] D: _tracksModel->getItem(i)->rect()1 6 QRect(0,233 1957x111)
[   114.77 ] D: _tracksModel->getItem(i)->rect()1 7 QRect(0,344 1957x111)
[   114.77 ] D: _tracksModel->getItem(i)->rect()1 8 QRect(0,455 1957x111)
[   114.77 ] D: setTracksRect
[   114.77 ] D: setTracksRect
[   114.77 ] D: sltStartContentYChanged4
[   114.78 ] D: sltStartContentYChanged1
[   114.79 ] D: sltStartContentYChanged2
[   114.79 ] D: sltStartContentYChanged3
[   114.79 ] D: _tracksModel->getItem(i)->rect()1 0 QRect(0,-438 1957x111)
[   114.79 ] D: _tracksModel->getItem(i)->rect()1 1 QRect(0,-327 1957x111)
[   114.79 ] D: _tracksModel->getItem(i)->rect()1 2 QRect(0,-216 1957x111)
[   114.79 ] D: _tracksModel->getItem(i)->rect()1 3 QRect(0,-105 1957x111)
[   114.79 ] D: _tracksModel->getItem(i)->rect()1 4 QRect(0,6 1957x111)
[   114.79 ] D: _tracksModel->getItem(i)->rect()1 5 QRect(0,117 1957x111)
[   114.79 ] D: _tracksModel->getItem(i)->rect()1 6 QRect(0,228 1957x111)
[   114.79 ] D: _tracksModel->getItem(i)->rect()1 7 QRect(0,339 1957x111)
[   114.79 ] D: _tracksModel->getItem(i)->rect()1 8 QRect(0,450 1957x111)
[   114.79 ] D: setTracksRect
[   114.79 ] D: setTracksRect
[   114.79 ] D: sltStartContentYChanged4
[   114.82 ] D: sltStartContentYChanged1
[   114.82 ] D: sltStartContentYChanged2
[   114.82 ] D: sltStartContentYChanged3
[   114.82 ] D: _tracksModel->getItem(i)->rect()1 0 QRect(0,-443 1957x111)
[   114.82 ] D: _tracksModel->getItem(i)->rect()1 1 QRect(0,-332 1957x111)
[   114.82 ] D: _tracksModel->getItem(i)->rect()1 2 QRect(0,-221 1957x111)
[   114.82 ] D: _tracksModel->getItem(i)->rect()1 3 QRect(0,-110 1957x111)
[   114.82 ] D: _tracksModel->getItem(i)->rect()1 4 QRect(0,1 1957x111)
[   114.82 ] D: _tracksModel->getItem(i)->rect()1 5 QRect(0,112 1957x111)
[   114.82 ] D: _tracksModel->getItem(i)->rect()1 6 QRect(0,223 1957x111)
[   114.82 ] D: _tracksModel->getItem(i)->rect()1 7 QRect(0,334 1957x111)
[   114.82 ] D: _tracksModel->getItem(i)->rect()1 8 QRect(0,445 1957x111)
[   114.82 ] D: setTracksRect
[   114.82 ] D: setTracksRect
[   114.82 ] D: sltStartContentYChanged4
[   114.83 ] D: sltStartContentYChanged1
[   114.83 ] D: sltStartContentYChanged2
[   114.83 ] D: sltStartContentYChanged3
[   114.83 ] D: _tracksModel->getItem(i)->rect()1 0 QRect(0,-448 1957x111)
[   114.83 ] D: _tracksModel->getItem(i)->rect()1 1 QRect(0,-337 1957x111)
[   114.83 ] D: _tracksModel->getItem(i)->rect()1 2 QRect(0,-226 1957x111)
[   114.83 ] D: _tracksModel->getItem(i)->rect()1 3 QRect(0,-115 1957x111)
[   114.83 ] D: _tracksModel->getItem(i)->rect()1 4 QRect(0,-4 1957x111)
[   114.83 ] D: _tracksModel->getItem(i)->rect()1 5 QRect(0,107 1957x111)
[   114.83 ] D: _tracksModel->getItem(i)->rect()1 6 QRect(0,218 1957x111)
[   114.83 ] D: _tracksModel->getItem(i)->rect()1 7 QRect(0,329 1957x111)
[   114.83 ] D: _tracksModel->getItem(i)->rect()1 8 QRect(0,440 1957x111)
[   114.83 ] D: setTracksRect
[   114.83 ] D: setTracksRect
[   114.83 ] D: sltStartContentYChanged4
[   114.83 ] D: sltStartContentYChanged1
[   114.83 ] D: sltStartContentYChanged2
[   114.84 ] D: sltStartContentYChanged3
[   114.84 ] D: _tracksModel->getItem(i)->rect()1 0 QRect(0,-452 1957x111)
[   114.84 ] D: _tracksModel->getItem(i)->rect()1 1 QRect(0,-341 1957x111)
[   114.84 ] D: _tracksModel->getItem(i)->rect()1 2 QRect(0,-230 1957x111)
[   114.84 ] D: _tracksModel->getItem(i)->rect()1 3 QRect(0,-119 1957x111)
[   114.84 ] D: _tracksModel->getItem(i)->rect()1 4 QRect(0,-8 1957x111)
[   114.84 ] D: _tracksModel->getItem(i)->rect()1 5 QRect(0,103 1957x111)
[   114.84 ] D: _tracksModel->getItem(i)->rect()1 6 QRect(0,214 1957x111)
[   114.84 ] D: _tracksModel->getItem(i)->rect()1 7 QRect(0,325 1957x111)
[   114.84 ] D: _tracksModel->getItem(i)->rect()1 8 QRect(0,436 1957x111)
[   114.84 ] D: setTracksRect
[   114.84 ] D: setTracksRect
[   114.84 ] D: sltStartContentYChanged4
[   114.86 ] D: sltStartContentYChanged1
[   114.87 ] D: sltStartContentYChanged2
[   114.87 ] D: sltStartContentYChanged3
[   114.87 ] D: _tracksModel->getItem(i)->rect()1 0 QRect(0,-456 1957x111)
[   114.87 ] D: _tracksModel->getItem(i)->rect()1 1 QRect(0,-345 1957x111)
[   114.87 ] D: _tracksModel->getItem(i)->rect()1 2 QRect(0,-234 1957x111)
[   114.87 ] D: _tracksModel->getItem(i)->rect()1 3 QRect(0,-123 1957x111)
[   114.87 ] D: _tracksModel->getItem(i)->rect()1 4 QRect(0,-12 1957x111)
[   114.87 ] D: _tracksModel->getItem(i)->rect()1 5 QRect(0,99 1957x111)
[   114.87 ] D: _tracksModel->getItem(i)->rect()1 6 QRect(0,210 1957x111)
[   114.87 ] D: _tracksModel->getItem(i)->rect()1 7 QRect(0,321 1957x111)
[   114.87 ] D: _tracksModel->getItem(i)->rect()1 8 QRect(0,432 1957x111)
[   114.87 ] D: setTracksRect
[   114.87 ] D: setTracksRect
[   114.87 ] D: sltStartContentYChanged4
[   114.88 ] D: sltStartContentYChanged1
[   114.88 ] D: sltStartContentYChanged2
[   114.88 ] D: sltStartContentYChanged3
[   114.88 ] D: _tracksModel->getItem(i)->rect()1 0 QRect(0,-460 1957x111)
[   114.88 ] D: _tracksModel->getItem(i)->rect()1 1 QRect(0,-349 1957x111)
[   114.88 ] D: _tracksModel->getItem(i)->rect()1 2 QRect(0,-238 1957x111)
[   114.88 ] D: _tracksModel->getItem(i)->rect()1 3 QRect(0,-127 1957x111)
[   114.88 ] D: _tracksModel->getItem(i)->rect()1 4 QRect(0,-16 1957x111)
[   114.88 ] D: _tracksModel->getItem(i)->rect()1 5 QRect(0,95 1957x111)
[   114.88 ] D: _tracksModel->getItem(i)->rect()1 6 QRect(0,206 1957x111)
[   114.88 ] D: _tracksModel->getItem(i)->rect()1 7 QRect(0,317 1957x111)
[   114.88 ] D: _tracksModel->getItem(i)->rect()1 8 QRect(0,428 1957x111)
[   114.88 ] D: setTracksRect
[   114.88 ] D: setTracksRect
[   114.88 ] D: sltStartContentYChanged4
[   114.89 ] D: sltStartContentYChanged1
[   114.89 ] D: sltStartContentYChanged2
[   114.89 ] D: sltStartContentYChanged3
[   114.89 ] D: _tracksModel->getItem(i)->rect()1 0 QRect(0,-463 1957x111)
[   114.89 ] D: _tracksModel->getItem(i)->rect()1 1 QRect(0,-352 1957x111)
[   114.89 ] D: _tracksModel->getItem(i)->rect()1 2 QRect(0,-241 1957x111)
[   114.89 ] D: _tracksModel->getItem(i)->rect()1 3 QRect(0,-130 1957x111)
[   114.89 ] D: _tracksModel->getItem(i)->rect()1 4 QRect(0,-19 1957x111)
[   114.89 ] D: _tracksModel->getItem(i)->rect()1 5 QRect(0,92 1957x111)
[   114.89 ] D: _tracksModel->getItem(i)->rect()1 6 QRect(0,203 1957x111)
[   114.89 ] D: _tracksModel->getItem(i)->rect()1 7 QRect(0,314 1957x111)
[   114.89 ] D: _tracksModel->getItem(i)->rect()1 8 QRect(0,425 1957x111)
[   114.89 ] D: setTracksRect
[   114.89 ] D: setTracksRect
[   114.89 ] D: sltStartContentYChanged4
[   116.59 ] D: setTracksRect
[   117.06 ] D: sltStartContentYChanged1
[   117.06 ] D: sltStartContentYChanged2
[   117.06 ] D: sltStartContentYChanged3
[   117.06 ] D: _tracksModel->getItem(i)->rect()1 0 QRect(0,-467 1957x111)
[   117.06 ] D: _tracksModel->getItem(i)->rect()1 1 QRect(0,-356 1957x111)
[   117.06 ] D: _tracksModel->getItem(i)->rect()1 2 QRect(0,-245 1957x111)
[   117.06 ] D: _tracksModel->getItem(i)->rect()1 3 QRect(0,-134 1957x111)
[   117.06 ] D: _tracksModel->getItem(i)->rect()1 4 QRect(0,-23 1957x111)
[   117.06 ] D: _tracksModel->getItem(i)->rect()1 5 QRect(0,88 1957x111)
[   117.06 ] D: _tracksModel->getItem(i)->rect()1 6 QRect(0,199 1957x111)
[   117.06 ] D: _tracksModel->getItem(i)->rect()1 7 QRect(0,310 1957x111)
[   117.06 ] D: _tracksModel->getItem(i)->rect()1 8 QRect(0,421 1957x111)
[   117.06 ] D: _tracksModel->getItem(i)->rect()1 9 QRect(0,532 1957x111)
[   117.06 ] D: setTracksRect
[   117.06 ] D: setTracksRect
[   117.06 ] D: sltStartContentYChanged4
[   117.08 ] D: sltStartContentYChanged1
[   117.08 ] D: sltStartContentYChanged2
[   117.09 ] D: sltStartContentYChanged3
[   117.09 ] D: _tracksModel->getItem(i)->rect()1 0 QRect(0,-472 1957x111)
[   117.09 ] D: _tracksModel->getItem(i)->rect()1 1 QRect(0,-361 1957x111)
[   117.09 ] D: _tracksModel->getItem(i)->rect()1 2 QRect(0,-250 1957x111)
[   117.09 ] D: _tracksModel->getItem(i)->rect()1 3 QRect(0,-139 1957x111)
[   117.09 ] D: _tracksModel->getItem(i)->rect()1 4 QRect(0,-28 1957x111)
[   117.09 ] D: _tracksModel->getItem(i)->rect()1 5 QRect(0,83 1957x111)
[   117.09 ] D: _tracksModel->getItem(i)->rect()1 6 QRect(0,194 1957x111)
[   117.09 ] D: _tracksModel->getItem(i)->rect()1 7 QRect(0,305 1957x111)
[   117.09 ] D: _tracksModel->getItem(i)->rect()1 8 QRect(0,416 1957x111)
[   117.09 ] D: _tracksModel->getItem(i)->rect()1 9 QRect(0,527 1957x111)
[   117.09 ] D: setTracksRect
[   117.09 ] D: setTracksRect
[   117.09 ] D: sltStartContentYChanged4
[   117.10 ] D: sltStartContentYChanged1
[   117.10 ] D: sltStartContentYChanged2
[   117.10 ] D: sltStartContentYChanged3
[   117.10 ] D: _tracksModel->getItem(i)->rect()1 0 QRect(0,-477 1957x111)
[   117.10 ] D: _tracksModel->getItem(i)->rect()1 1 QRect(0,-366 1957x111)
[   117.10 ] D: _tracksModel->getItem(i)->rect()1 2 QRect(0,-255 1957x111)
[   117.10 ] D: _tracksModel->getItem(i)->rect()1 3 QRect(0,-144 1957x111)
[   117.10 ] D: _tracksModel->getItem(i)->rect()1 4 QRect(0,-33 1957x111)
[   117.10 ] D: _tracksModel->getItem(i)->rect()1 5 QRect(0,78 1957x111)
[   117.10 ] D: _tracksModel->getItem(i)->rect()1 6 QRect(0,189 1957x111)
[   117.10 ] D: _tracksModel->getItem(i)->rect()1 7 QRect(0,300 1957x111)
[   117.11 ] D: _tracksModel->getItem(i)->rect()1 8 QRect(0,411 1957x111)
[   117.11 ] D: _tracksModel->getItem(i)->rect()1 9 QRect(0,522 1957x111)
[   117.11 ] D: setTracksRect
[   117.11 ] D: setTracksRect
[   117.11 ] D: sltStartContentYChanged4
[   117.11 ] D: sltStartContentYChanged1
[   117.11 ] D: sltStartContentYChanged2
[   117.11 ] D: sltStartContentYChanged3
[   117.11 ] D: _tracksModel->getItem(i)->rect()1 0 QRect(0,-482 1957x111)
[   117.11 ] D: _tracksModel->getItem(i)->rect()1 1 QRect(0,-371 1957x111)
[   117.11 ] D: _tracksModel->getItem(i)->rect()1 2 QRect(0,-260 1957x111)
[   117.11 ] D: _tracksModel->getItem(i)->rect()1 3 QRect(0,-149 1957x111)
[   117.11 ] D: _tracksModel->getItem(i)->rect()1 4 QRect(0,-38 1957x111)
[   117.11 ] D: _tracksModel->getItem(i)->rect()1 5 QRect(0,73 1957x111)
[   117.11 ] D: _tracksModel->getItem(i)->rect()1 6 QRect(0,184 1957x111)
[   117.11 ] D: _tracksModel->getItem(i)->rect()1 7 QRect(0,295 1957x111)
[   117.11 ] D: _tracksModel->getItem(i)->rect()1 8 QRect(0,406 1957x111)
[   117.11 ] D: _tracksModel->getItem(i)->rect()1 9 QRect(0,517 1957x111)
[   117.11 ] D: setTracksRect
[   117.11 ] D: setTracksRect
[   117.11 ] D: sltStartContentYChanged4
[   117.14 ] D: sltStartContentYChanged1
[   117.14 ] D: sltStartContentYChanged2
[   117.14 ] D: sltStartContentYChanged3
[   117.14 ] D: _tracksModel->getItem(i)->rect()1 0 QRect(0,-487 1957x111)
[   117.14 ] D: _tracksModel->getItem(i)->rect()1 1 QRect(0,-376 1957x111)
[   117.14 ] D: _tracksModel->getItem(i)->rect()1 2 QRect(0,-265 1957x111)
[   117.14 ] D: _tracksModel->getItem(i)->rect()1 3 QRect(0,-154 1957x111)
[   117.14 ] D: _tracksModel->getItem(i)->rect()1 4 QRect(0,-43 1957x111)
[   117.14 ] D: _tracksModel->getItem(i)->rect()1 5 QRect(0,68 1957x111)
[   117.14 ] D: _tracksModel->getItem(i)->rect()1 6 QRect(0,179 1957x111)
[   117.14 ] D: _tracksModel->getItem(i)->rect()1 7 QRect(0,290 1957x111)
[   117.14 ] D: _tracksModel->getItem(i)->rect()1 8 QRect(0,401 1957x111)
[   117.14 ] D: _tracksModel->getItem(i)->rect()1 9 QRect(0,512 1957x111)
[   117.14 ] D: setTracksRect
[   117.14 ] D: setTracksRect
[   117.14 ] D: sltStartContentYChanged4
[   117.15 ] D: sltStartContentYChanged1
[   117.15 ] D: sltStartContentYChanged2
[   117.16 ] D: sltStartContentYChanged3
[   117.16 ] D: _tracksModel->getItem(i)->rect()1 0 QRect(0,-491 1957x111)
[   117.16 ] D: _tracksModel->getItem(i)->rect()1 1 QRect(0,-380 1957x111)
[   117.16 ] D: _tracksModel->getItem(i)->rect()1 2 QRect(0,-269 1957x111)
[   117.16 ] D: _tracksModel->getItem(i)->rect()1 3 QRect(0,-158 1957x111)
[   117.16 ] D: _tracksModel->getItem(i)->rect()1 4 QRect(0,-47 1957x111)
[   117.16 ] D: _tracksModel->getItem(i)->rect()1 5 QRect(0,64 1957x111)
[   117.16 ] D: _tracksModel->getItem(i)->rect()1 6 QRect(0,175 1957x111)
[   117.16 ] D: _tracksModel->getItem(i)->rect()1 7 QRect(0,286 1957x111)
[   117.16 ] D: _tracksModel->getItem(i)->rect()1 8 QRect(0,397 1957x111)
[   117.16 ] D: _tracksModel->getItem(i)->rect()1 9 QRect(0,508 1957x111)
[   117.16 ] D: setTracksRect
[   117.16 ] D: setTracksRect
[   117.16 ] D: sltStartContentYChanged4
[   117.18 ] D: sltStartContentYChanged1
[   117.18 ] D: sltStartContentYChanged2
[   117.18 ] D: sltStartContentYChanged3
[   117.18 ] D: _tracksModel->getItem(i)->rect()1 0 QRect(0,-495 1957x111)
[   117.18 ] D: _tracksModel->getItem(i)->rect()1 1 QRect(0,-384 1957x111)
[   117.18 ] D: _tracksModel->getItem(i)->rect()1 2 QRect(0,-273 1957x111)
[   117.18 ] D: _tracksModel->getItem(i)->rect()1 3 QRect(0,-162 1957x111)
[   117.18 ] D: _tracksModel->getItem(i)->rect()1 4 QRect(0,-51 1957x111)
[   117.18 ] D: _tracksModel->getItem(i)->rect()1 5 QRect(0,60 1957x111)
[   117.18 ] D: _tracksModel->getItem(i)->rect()1 6 QRect(0,171 1957x111)
[   117.18 ] D: _tracksModel->getItem(i)->rect()1 7 QRect(0,282 1957x111)
[   117.18 ] D: _tracksModel->getItem(i)->rect()1 8 QRect(0,393 1957x111)
[   117.18 ] D: _tracksModel->getItem(i)->rect()1 9 QRect(0,504 1957x111)
[   117.19 ] D: setTracksRect
[   117.19 ] D: setTracksRect
[   117.19 ] D: sltStartContentYChanged4
[   117.19 ] D: sltStartContentYChanged1
[   117.19 ] D: sltStartContentYChanged2
[   117.19 ] D: sltStartContentYChanged3
[   117.19 ] D: _tracksModel->getItem(i)->rect()1 0 QRect(0,-499 1957x111)
[   117.19 ] D: _tracksModel->getItem(i)->rect()1 1 QRect(0,-388 1957x111)
[   117.19 ] D: _tracksModel->getItem(i)->rect()1 2 QRect(0,-277 1957x111)
[   117.19 ] D: _tracksModel->getItem(i)->rect()1 3 QRect(0,-166 1957x111)
[   117.19 ] D: _tracksModel->getItem(i)->rect()1 4 QRect(0,-55 1957x111)
[   117.19 ] D: _tracksModel->getItem(i)->rect()1 5 QRect(0,56 1957x111)
[   117.19 ] D: _tracksModel->getItem(i)->rect()1 6 QRect(0,167 1957x111)
[   117.19 ] D: _tracksModel->getItem(i)->rect()1 7 QRect(0,278 1957x111)
[   117.19 ] D: _tracksModel->getItem(i)->rect()1 8 QRect(0,389 1957x111)
[   117.19 ] D: _tracksModel->getItem(i)->rect()1 9 QRect(0,500 1957x111)
[   117.19 ] D: setTracksRect
[   117.19 ] D: setTracksRect
[   117.19 ] D: sltStartContentYChanged4
[   117.20 ] D: sltStartContentYChanged1
[   117.20 ] D: sltStartContentYChanged2
[   117.21 ] D: sltStartContentYChanged3
[   117.21 ] D: _tracksModel->getItem(i)->rect()1 0 QRect(0,-502 1957x111)
[   117.21 ] D: _tracksModel->getItem(i)->rect()1 1 QRect(0,-391 1957x111)
[   117.21 ] D: _tracksModel->getItem(i)->rect()1 2 QRect(0,-280 1957x111)
[   117.21 ] D: _tracksModel->getItem(i)->rect()1 3 QRect(0,-169 1957x111)
[   117.21 ] D: _tracksModel->getItem(i)->rect()1 4 QRect(0,-58 1957x111)
[   117.21 ] D: _tracksModel->getItem(i)->rect()1 5 QRect(0,53 1957x111)
[   117.21 ] D: _tracksModel->getItem(i)->rect()1 6 QRect(0,164 1957x111)
[   117.21 ] D: _tracksModel->getItem(i)->rect()1 7 QRect(0,275 1957x111)
[   117.21 ] D: _tracksModel->getItem(i)->rect()1 8 QRect(0,386 1957x111)
[   117.21 ] D: _tracksModel->getItem(i)->rect()1 9 QRect(0,497 1957x111)
[   117.21 ] D: setTracksRect
[   117.21 ] D: setTracksRect
[   117.21 ] D: sltStartContentYChanged4
[   117.23 ] D: sltStartContentYChanged1
[   117.23 ] D: sltStartContentYChanged2
[   117.23 ] D: sltStartContentYChanged3
[   117.23 ] D: _tracksModel->getItem(i)->rect()1 0 QRect(0,-504 1957x111)
[   117.23 ] D: _tracksModel->getItem(i)->rect()1 1 QRect(0,-393 1957x111)
[   117.23 ] D: _tracksModel->getItem(i)->rect()1 2 QRect(0,-282 1957x111)
[   117.23 ] D: _tracksModel->getItem(i)->rect()1 3 QRect(0,-171 1957x111)
[   117.23 ] D: _tracksModel->getItem(i)->rect()1 4 QRect(0,-60 1957x111)
[   117.23 ] D: _tracksModel->getItem(i)->rect()1 5 QRect(0,51 1957x111)
[   117.23 ] D: _tracksModel->getItem(i)->rect()1 6 QRect(0,162 1957x111)
[   117.23 ] D: _tracksModel->getItem(i)->rect()1 7 QRect(0,273 1957x111)
[   117.23 ] D: _tracksModel->getItem(i)->rect()1 8 QRect(0,384 1957x111)
[   117.23 ] D: _tracksModel->getItem(i)->rect()1 9 QRect(0,495 1957x111)
[   117.23 ] D: setTracksRect
[   117.23 ] D: setTracksRect
[   117.23 ] D: sltStartContentYChanged4
[   117.24 ] D: sltStartContentYChanged1
[   117.24 ] D: sltStartContentYChanged2
[   117.24 ] D: sltStartContentYChanged3
[   117.24 ] D: _tracksModel->getItem(i)->rect()1 0 QRect(0,-507 1957x111)
[   117.24 ] D: _tracksModel->getItem(i)->rect()1 1 QRect(0,-396 1957x111)
[   117.24 ] D: _tracksModel->getItem(i)->rect()1 2 QRect(0,-285 1957x111)
[   117.24 ] D: _tracksModel->getItem(i)->rect()1 3 QRect(0,-174 1957x111)
[   117.24 ] D: _tracksModel->getItem(i)->rect()1 4 QRect(0,-63 1957x111)
[   117.24 ] D: _tracksModel->getItem(i)->rect()1 5 QRect(0,48 1957x111)
[   117.24 ] D: _tracksModel->getItem(i)->rect()1 6 QRect(0,159 1957x111)
[   117.24 ] D: _tracksModel->getItem(i)->rect()1 7 QRect(0,270 1957x111)
[   117.24 ] D: _tracksModel->getItem(i)->rect()1 8 QRect(0,381 1957x111)
[   117.24 ] D: _tracksModel->getItem(i)->rect()1 9 QRect(0,492 1957x111)
[   117.24 ] D: setTracksRect
[   117.24 ] D: setTracksRect
[   117.24 ] D: sltStartContentYChanged4
[   117.25 ] D: sltStartContentYChanged1
[   117.25 ] D: sltStartContentYChanged2
[   117.26 ] D: sltStartContentYChanged3
[   117.26 ] D: _tracksModel->getItem(i)->rect()1 0 QRect(0,-509 1957x111)
[   117.26 ] D: _tracksModel->getItem(i)->rect()1 1 QRect(0,-398 1957x111)
[   117.26 ] D: _tracksModel->getItem(i)->rect()1 2 QRect(0,-287 1957x111)
[   117.26 ] D: _tracksModel->getItem(i)->rect()1 3 QRect(0,-176 1957x111)
[   117.26 ] D: _tracksModel->getItem(i)->rect()1 4 QRect(0,-65 1957x111)
[   117.26 ] D: _tracksModel->getItem(i)->rect()1 5 QRect(0,46 1957x111)
[   117.26 ] D: _tracksModel->getItem(i)->rect()1 6 QRect(0,157 1957x111)
[   117.26 ] D: _tracksModel->getItem(i)->rect()1 7 QRect(0,268 1957x111)
[   117.26 ] D: _tracksModel->getItem(i)->rect()1 8 QRect(0,379 1957x111)
[   117.26 ] D: _tracksModel->getItem(i)->rect()1 9 QRect(0,490 1957x111)
[   117.26 ] D: setTracksRect
[   117.26 ] D: setTracksRect
[   117.26 ] D: sltStartContentYChanged4
[   117.28 ] D: sltStartContentYChanged1
[   117.28 ] D: sltStartContentYChanged2
[   117.29 ] D: sltStartContentYChanged3
[   117.29 ] D: _tracksModel->getItem(i)->rect()1 0 QRect(0,-510 1957x111)
[   117.29 ] D: _tracksModel->getItem(i)->rect()1 1 QRect(0,-399 1957x111)
[   117.29 ] D: _tracksModel->getItem(i)->rect()1 2 QRect(0,-288 1957x111)
[   117.29 ] D: _tracksModel->getItem(i)->rect()1 3 QRect(0,-177 1957x111)
[   117.29 ] D: _tracksModel->getItem(i)->rect()1 4 QRect(0,-66 1957x111)
[   117.29 ] D: _tracksModel->getItem(i)->rect()1 5 QRect(0,45 1957x111)
[   117.29 ] D: _tracksModel->getItem(i)->rect()1 6 QRect(0,156 1957x111)
[   117.29 ] D: _tracksModel->getItem(i)->rect()1 7 QRect(0,267 1957x111)
[   117.29 ] D: _tracksModel->getItem(i)->rect()1 8 QRect(0,378 1957x111)
[   117.29 ] D: _tracksModel->getItem(i)->rect()1 9 QRect(0,489 1957x111)
[   117.29 ] D: setTracksRect
[   117.29 ] D: setTracksRect
[   117.29 ] D: sltStartContentYChanged4
[   117.29 ] D: sltStartContentYChanged1
[   117.29 ] D: sltStartContentYChanged2
[   117.29 ] D: sltStartContentYChanged3
[   117.29 ] D: _tracksModel->getItem(i)->rect()1 0 QRect(0,-511 1957x111)
[   117.29 ] D: _tracksModel->getItem(i)->rect()1 1 QRect(0,-400 1957x111)
[   117.29 ] D: _tracksModel->getItem(i)->rect()1 2 QRect(0,-289 1957x111)
[   117.29 ] D: _tracksModel->getItem(i)->rect()1 3 QRect(0,-178 1957x111)
[   117.29 ] D: _tracksModel->getItem(i)->rect()1 4 QRect(0,-67 1957x111)
[   117.29 ] D: _tracksModel->getItem(i)->rect()1 5 QRect(0,44 1957x111)
[   117.29 ] D: _tracksModel->getItem(i)->rect()1 6 QRect(0,155 1957x111)
[   117.29 ] D: _tracksModel->getItem(i)->rect()1 7 QRect(0,266 1957x111)
[   117.29 ] D: _tracksModel->getItem(i)->rect()1 8 QRect(0,377 1957x111)
[   117.29 ] D: _tracksModel->getItem(i)->rect()1 9 QRect(0,488 1957x111)
[   117.29 ] D: setTracksRect
[   117.29 ] D: setTracksRect
[   117.29 ] D: sltStartContentYChanged4
[   117.32 ] D: sltStartContentYChanged1
[   117.32 ] D: sltStartContentYChanged2
[   117.32 ] D: sltStartContentYChanged3
[   117.32 ] D: _tracksModel->getItem(i)->rect()1 0 QRect(0,-512 1957x111)
[   117.32 ] D: _tracksModel->getItem(i)->rect()1 1 QRect(0,-401 1957x111)
[   117.32 ] D: _tracksModel->getItem(i)->rect()1 2 QRect(0,-290 1957x111)
[   117.32 ] D: _tracksModel->getItem(i)->rect()1 3 QRect(0,-179 1957x111)
[   117.32 ] D: _tracksModel->getItem(i)->rect()1 4 QRect(0,-68 1957x111)
[   117.32 ] D: _tracksModel->getItem(i)->rect()1 5 QRect(0,43 1957x111)
[   117.32 ] D: _tracksModel->getItem(i)->rect()1 6 QRect(0,154 1957x111)
[   117.32 ] D: _tracksModel->getItem(i)->rect()1 7 QRect(0,265 1957x111)
[   117.32 ] D: _tracksModel->getItem(i)->rect()1 8 QRect(0,376 1957x111)
[   117.32 ] D: _tracksModel->getItem(i)->rect()1 9 QRect(0,487 1957x111)
[   117.32 ] D: setTracksRect
[   117.32 ] D: setTracksRect
[   117.32 ] D: sltStartContentYChanged4
[   117.34 ] D: sltStartContentYChanged1
[   117.34 ] D: sltStartContentYChanged2
[   117.34 ] D: sltStartContentYChanged3
[   117.34 ] D: _tracksModel->getItem(i)->rect()1 0 QRect(0,-516 1957x111)
[   117.34 ] D: _tracksModel->getItem(i)->rect()1 1 QRect(0,-405 1957x111)
[   117.34 ] D: _tracksModel->getItem(i)->rect()1 2 QRect(0,-294 1957x111)
[   117.34 ] D: _tracksModel->getItem(i)->rect()1 3 QRect(0,-183 1957x111)
[   117.34 ] D: _tracksModel->getItem(i)->rect()1 4 QRect(0,-72 1957x111)
[   117.34 ] D: _tracksModel->getItem(i)->rect()1 5 QRect(0,39 1957x111)
[   117.34 ] D: _tracksModel->getItem(i)->rect()1 6 QRect(0,150 1957x111)
[   117.34 ] D: _tracksModel->getItem(i)->rect()1 7 QRect(0,261 1957x111)
[   117.34 ] D: _tracksModel->getItem(i)->rect()1 8 QRect(0,372 1957x111)
[   117.34 ] D: _tracksModel->getItem(i)->rect()1 9 QRect(0,483 1957x111)
[   117.34 ] D: setTracksRect
[   117.34 ] D: setTracksRect
[   117.34 ] D: sltStartContentYChanged4
[   117.36 ] D: sltStartContentYChanged1
[   117.36 ] D: sltStartContentYChanged2
[   117.36 ] D: sltStartContentYChanged3
[   117.36 ] D: _tracksModel->getItem(i)->rect()1 0 QRect(0,-521 1957x111)
[   117.36 ] D: _tracksModel->getItem(i)->rect()1 1 QRect(0,-410 1957x111)
[   117.36 ] D: _tracksModel->getItem(i)->rect()1 2 QRect(0,-299 1957x111)
[   117.36 ] D: _tracksModel->getItem(i)->rect()1 3 QRect(0,-188 1957x111)
[   117.36 ] D: _tracksModel->getItem(i)->rect()1 4 QRect(0,-77 1957x111)
[   117.36 ] D: _tracksModel->getItem(i)->rect()1 5 QRect(0,34 1957x111)
[   117.36 ] D: _tracksModel->getItem(i)->rect()1 6 QRect(0,145 1957x111)
[   117.36 ] D: _tracksModel->getItem(i)->rect()1 7 QRect(0,256 1957x111)
[   117.36 ] D: _tracksModel->getItem(i)->rect()1 8 QRect(0,367 1957x111)
[   117.36 ] D: _tracksModel->getItem(i)->rect()1 9 QRect(0,478 1957x111)
[   117.36 ] D: setTracksRect
[   117.36 ] D: setTracksRect
[   117.36 ] D: sltStartContentYChanged4
[   117.39 ] D: sltStartContentYChanged1
[   117.39 ] D: sltStartContentYChanged2
[   117.39 ] D: sltStartContentYChanged3
[   117.39 ] D: _tracksModel->getItem(i)->rect()1 0 QRect(0,-525 1957x111)
[   117.39 ] D: _tracksModel->getItem(i)->rect()1 1 QRect(0,-414 1957x111)
[   117.39 ] D: _tracksModel->getItem(i)->rect()1 2 QRect(0,-303 1957x111)
[   117.39 ] D: _tracksModel->getItem(i)->rect()1 3 QRect(0,-192 1957x111)
[   117.39 ] D: _tracksModel->getItem(i)->rect()1 4 QRect(0,-81 1957x111)
[   117.39 ] D: _tracksModel->getItem(i)->rect()1 5 QRect(0,30 1957x111)
[   117.39 ] D: _tracksModel->getItem(i)->rect()1 6 QRect(0,141 1957x111)
[   117.39 ] D: _tracksModel->getItem(i)->rect()1 7 QRect(0,252 1957x111)
[   117.39 ] D: _tracksModel->getItem(i)->rect()1 8 QRect(0,363 1957x111)
[   117.39 ] D: _tracksModel->getItem(i)->rect()1 9 QRect(0,474 1957x111)
[   117.39 ] D: setTracksRect
[   117.39 ] D: setTracksRect
[   117.39 ] D: sltStartContentYChanged4
[   117.40 ] D: sltStartContentYChanged1
[   117.40 ] D: sltStartContentYChanged2
[   117.40 ] D: sltStartContentYChanged3
[   117.40 ] D: _tracksModel->getItem(i)->rect()1 0 QRect(0,-530 1957x111)
[   117.40 ] D: _tracksModel->getItem(i)->rect()1 1 QRect(0,-419 1957x111)
[   117.40 ] D: _tracksModel->getItem(i)->rect()1 2 QRect(0,-308 1957x111)
[   117.40 ] D: _tracksModel->getItem(i)->rect()1 3 QRect(0,-197 1957x111)
[   117.40 ] D: _tracksModel->getItem(i)->rect()1 4 QRect(0,-86 1957x111)
[   117.40 ] D: _tracksModel->getItem(i)->rect()1 5 QRect(0,25 1957x111)
[   117.40 ] D: _tracksModel->getItem(i)->rect()1 6 QRect(0,136 1957x111)
[   117.40 ] D: _tracksModel->getItem(i)->rect()1 7 QRect(0,247 1957x111)
[   117.40 ] D: _tracksModel->getItem(i)->rect()1 8 QRect(0,358 1957x111)
[   117.40 ] D: _tracksModel->getItem(i)->rect()1 9 QRect(0,469 1957x111)
[   117.40 ] D: setTracksRect
[   117.40 ] D: setTracksRect
[   117.40 ] D: sltStartContentYChanged4
[   117.43 ] D: sltStartContentYChanged1
[   117.43 ] D: sltStartContentYChanged2
[   117.44 ] D: sltStartContentYChanged3
[   117.44 ] D: _tracksModel->getItem(i)->rect()1 0 QRect(0,-535 1957x111)
[   117.44 ] D: _tracksModel->getItem(i)->rect()1 1 QRect(0,-424 1957x111)
[   117.44 ] D: _tracksModel->getItem(i)->rect()1 2 QRect(0,-313 1957x111)
[   117.44 ] D: _tracksModel->getItem(i)->rect()1 3 QRect(0,-202 1957x111)
[   117.44 ] D: _tracksModel->getItem(i)->rect()1 4 QRect(0,-91 1957x111)
[   117.44 ] D: _tracksModel->getItem(i)->rect()1 5 QRect(0,20 1957x111)
[   117.44 ] D: _tracksModel->getItem(i)->rect()1 6 QRect(0,131 1957x111)
[   117.44 ] D: _tracksModel->getItem(i)->rect()1 7 QRect(0,242 1957x111)
[   117.44 ] D: _tracksModel->getItem(i)->rect()1 8 QRect(0,353 1957x111)
[   117.44 ] D: _tracksModel->getItem(i)->rect()1 9 QRect(0,464 1957x111)
[   117.44 ] D: setTracksRect
[   117.44 ] D: setTracksRect
[   117.44 ] D: sltStartContentYChanged4
[   117.45 ] D: sltStartContentYChanged1
[   117.45 ] D: sltStartContentYChanged2
[   117.45 ] D: sltStartContentYChanged3
[   117.45 ] D: _tracksModel->getItem(i)->rect()1 0 QRect(0,-540 1957x111)
[   117.45 ] D: _tracksModel->getItem(i)->rect()1 1 QRect(0,-429 1957x111)
[   117.45 ] D: _tracksModel->getItem(i)->rect()1 2 QRect(0,-318 1957x111)
[   117.45 ] D: _tracksModel->getItem(i)->rect()1 3 QRect(0,-207 1957x111)
[   117.45 ] D: _tracksModel->getItem(i)->rect()1 4 QRect(0,-96 1957x111)
[   117.45 ] D: _tracksModel->getItem(i)->rect()1 5 QRect(0,15 1957x111)
[   117.45 ] D: _tracksModel->getItem(i)->rect()1 6 QRect(0,126 1957x111)
[   117.45 ] D: _tracksModel->getItem(i)->rect()1 7 QRect(0,237 1957x111)
[   117.45 ] D: _tracksModel->getItem(i)->rect()1 8 QRect(0,348 1957x111)
[   117.45 ] D: _tracksModel->getItem(i)->rect()1 9 QRect(0,459 1957x111)
[   117.45 ] D: setTracksRect
[   117.45 ] D: setTracksRect
[   117.45 ] D: sltStartContentYChanged4
[   117.46 ] D: sltStartContentYChanged1
[   117.46 ] D: sltStartContentYChanged2
[   117.46 ] D: sltStartContentYChanged3
[   117.46 ] D: _tracksModel->getItem(i)->rect()1 0 QRect(0,-544 1957x111)
[   117.46 ] D: _tracksModel->getItem(i)->rect()1 1 QRect(0,-433 1957x111)
[   117.46 ] D: _tracksModel->getItem(i)->rect()1 2 QRect(0,-322 1957x111)
[   117.46 ] D: _tracksModel->getItem(i)->rect()1 3 QRect(0,-211 1957x111)
[   117.46 ] D: _tracksModel->getItem(i)->rect()1 4 QRect(0,-100 1957x111)
[   117.46 ] D: _tracksModel->getItem(i)->rect()1 5 QRect(0,11 1957x111)
[   117.46 ] D: _tracksModel->getItem(i)->rect()1 6 QRect(0,122 1957x111)
[   117.46 ] D: _tracksModel->getItem(i)->rect()1 7 QRect(0,233 1957x111)
[   117.46 ] D: _tracksModel->getItem(i)->rect()1 8 QRect(0,344 1957x111)
[   117.46 ] D: _tracksModel->getItem(i)->rect()1 9 QRect(0,455 1957x111)
[   117.46 ] D: setTracksRect
[   117.46 ] D: setTracksRect
[   117.46 ] D: sltStartContentYChanged4
[   117.48 ] D: sltStartContentYChanged1
[   117.48 ] D: sltStartContentYChanged2
[   117.49 ] D: sltStartContentYChanged3
[   117.49 ] D: _tracksModel->getItem(i)->rect()1 0 QRect(0,-547 1957x111)
[   117.49 ] D: _tracksModel->getItem(i)->rect()1 1 QRect(0,-436 1957x111)
[   117.49 ] D: _tracksModel->getItem(i)->rect()1 2 QRect(0,-325 1957x111)
[   117.49 ] D: _tracksModel->getItem(i)->rect()1 3 QRect(0,-214 1957x111)
[   117.49 ] D: _tracksModel->getItem(i)->rect()1 4 QRect(0,-103 1957x111)
[   117.49 ] D: _tracksModel->getItem(i)->rect()1 5 QRect(0,8 1957x111)
[   117.49 ] D: _tracksModel->getItem(i)->rect()1 6 QRect(0,119 1957x111)
[   117.49 ] D: _tracksModel->getItem(i)->rect()1 7 QRect(0,230 1957x111)
[   117.49 ] D: _tracksModel->getItem(i)->rect()1 8 QRect(0,341 1957x111)
[   117.49 ] D: _tracksModel->getItem(i)->rect()1 9 QRect(0,452 1957x111)
[   117.49 ] D: setTracksRect
[   117.49 ] D: setTracksRect
[   117.49 ] D: sltStartContentYChanged4
[   117.49 ] D: sltStartContentYChanged1
[   117.49 ] D: sltStartContentYChanged2
[   117.49 ] D: sltStartContentYChanged3
[   117.49 ] D: _tracksModel->getItem(i)->rect()1 0 QRect(0,-550 1957x111)
[   117.49 ] D: _tracksModel->getItem(i)->rect()1 1 QRect(0,-439 1957x111)
[   117.49 ] D: _tracksModel->getItem(i)->rect()1 2 QRect(0,-328 1957x111)
[   117.49 ] D: _tracksModel->getItem(i)->rect()1 3 QRect(0,-217 1957x111)
[   117.49 ] D: _tracksModel->getItem(i)->rect()1 4 QRect(0,-106 1957x111)
[   117.49 ] D: _tracksModel->getItem(i)->rect()1 5 QRect(0,5 1957x111)
[   117.49 ] D: _tracksModel->getItem(i)->rect()1 6 QRect(0,116 1957x111)
[   117.49 ] D: _tracksModel->getItem(i)->rect()1 7 QRect(0,227 1957x111)
[   117.49 ] D: _tracksModel->getItem(i)->rect()1 8 QRect(0,338 1957x111)
[   117.49 ] D: _tracksModel->getItem(i)->rect()1 9 QRect(0,449 1957x111)
[   117.49 ] D: setTracksRect
[   117.49 ] D: setTracksRect
[   117.49 ] D: sltStartContentYChanged4
[   117.50 ] D: sltStartContentYChanged1
[   117.50 ] D: sltStartContentYChanged2
[   117.51 ] D: sltStartContentYChanged3
[   117.51 ] D: _tracksModel->getItem(i)->rect()1 0 QRect(0,-553 1957x111)
[   117.51 ] D: _tracksModel->getItem(i)->rect()1 1 QRect(0,-442 1957x111)
[   117.51 ] D: _tracksModel->getItem(i)->rect()1 2 QRect(0,-331 1957x111)
[   117.51 ] D: _tracksModel->getItem(i)->rect()1 3 QRect(0,-220 1957x111)
[   117.51 ] D: _tracksModel->getItem(i)->rect()1 4 QRect(0,-109 1957x111)
[   117.51 ] D: _tracksModel->getItem(i)->rect()1 5 QRect(0,2 1957x111)
[   117.51 ] D: _tracksModel->getItem(i)->rect()1 6 QRect(0,113 1957x111)
[   117.51 ] D: _tracksModel->getItem(i)->rect()1 7 QRect(0,224 1957x111)
[   117.51 ] D: _tracksModel->getItem(i)->rect()1 8 QRect(0,335 1957x111)
[   117.51 ] D: _tracksModel->getItem(i)->rect()1 9 QRect(0,446 1957x111)
[   117.51 ] D: setTracksRect
[   117.51 ] D: setTracksRect
[   117.51 ] D: sltStartContentYChanged4
[   117.54 ] D: sltStartContentYChanged1
[   117.54 ] D: sltStartContentYChanged2
[   117.54 ] D: sltStartContentYChanged3
[   117.54 ] D: _tracksModel->getItem(i)->rect()1 0 QRect(0,-555 1957x111)
[   117.54 ] D: _tracksModel->getItem(i)->rect()1 1 QRect(0,-444 1957x111)
[   117.54 ] D: _tracksModel->getItem(i)->rect()1 2 QRect(0,-333 1957x111)
[   117.54 ] D: _tracksModel->getItem(i)->rect()1 3 QRect(0,-222 1957x111)
[   117.54 ] D: _tracksModel->getItem(i)->rect()1 4 QRect(0,-111 1957x111)
[   117.54 ] D: _tracksModel->getItem(i)->rect()1 5 QRect(0,0 1957x111)
[   117.54 ] D: _tracksModel->getItem(i)->rect()1 6 QRect(0,111 1957x111)
[   117.54 ] D: _tracksModel->getItem(i)->rect()1 7 QRect(0,222 1957x111)
[   117.54 ] D: _tracksModel->getItem(i)->rect()1 8 QRect(0,333 1957x111)
[   117.54 ] D: _tracksModel->getItem(i)->rect()1 9 QRect(0,444 1957x111)
[   117.54 ] D: setTracksRect
[   117.54 ] D: setTracksRect
[   117.54 ] D: sltStartContentYChanged4
[   117.55 ] D: sltStartContentYChanged1
[   117.55 ] D: sltStartContentYChanged2
[   117.55 ] D: sltStartContentYChanged3
[   117.55 ] D: _tracksModel->getItem(i)->rect()1 0 QRect(0,-557 1957x111)
[   117.55 ] D: _tracksModel->getItem(i)->rect()1 1 QRect(0,-446 1957x111)
[   117.55 ] D: _tracksModel->getItem(i)->rect()1 2 QRect(0,-335 1957x111)
[   117.55 ] D: _tracksModel->getItem(i)->rect()1 3 QRect(0,-224 1957x111)
[   117.55 ] D: _tracksModel->getItem(i)->rect()1 4 QRect(0,-113 1957x111)
[   117.55 ] D: _tracksModel->getItem(i)->rect()1 5 QRect(0,-2 1957x111)
[   117.55 ] D: _tracksModel->getItem(i)->rect()1 6 QRect(0,109 1957x111)
[   117.55 ] D: _tracksModel->getItem(i)->rect()1 7 QRect(0,220 1957x111)
[   117.55 ] D: _tracksModel->getItem(i)->rect()1 8 QRect(0,331 1957x111)
[   117.55 ] D: _tracksModel->getItem(i)->rect()1 9 QRect(0,442 1957x111)
[   117.55 ] D: setTracksRect
[   117.55 ] D: setTracksRect
[   117.55 ] D: sltStartContentYChanged4
[   117.56 ] D: sltStartContentYChanged1
[   117.56 ] D: sltStartContentYChanged2
[   117.56 ] D: sltStartContentYChanged3
[   117.56 ] D: _tracksModel->getItem(i)->rect()1 0 QRect(0,-559 1957x111)
[   117.56 ] D: _tracksModel->getItem(i)->rect()1 1 QRect(0,-448 1957x111)
[   117.56 ] D: _tracksModel->getItem(i)->rect()1 2 QRect(0,-337 1957x111)
[   117.56 ] D: _tracksModel->getItem(i)->rect()1 3 QRect(0,-226 1957x111)
[   117.56 ] D: _tracksModel->getItem(i)->rect()1 4 QRect(0,-115 1957x111)
[   117.56 ] D: _tracksModel->getItem(i)->rect()1 5 QRect(0,-4 1957x111)
[   117.56 ] D: _tracksModel->getItem(i)->rect()1 6 QRect(0,107 1957x111)
[   117.56 ] D: _tracksModel->getItem(i)->rect()1 7 QRect(0,218 1957x111)
[   117.56 ] D: _tracksModel->getItem(i)->rect()1 8 QRect(0,329 1957x111)
[   117.56 ] D: _tracksModel->getItem(i)->rect()1 9 QRect(0,440 1957x111)
[   117.56 ] D: setTracksRect
[   117.56 ] D: setTracksRect
[   117.56 ] D: sltStartContentYChanged4
[   117.58 ] D: sltStartContentYChanged1
[   117.58 ] D: sltStartContentYChanged2
[   117.58 ] D: sltStartContentYChanged3
[   117.58 ] D: _tracksModel->getItem(i)->rect()1 0 QRect(0,-560 1957x111)
[   117.58 ] D: _tracksModel->getItem(i)->rect()1 1 QRect(0,-449 1957x111)
[   117.58 ] D: _tracksModel->getItem(i)->rect()1 2 QRect(0,-338 1957x111)
[   117.58 ] D: _tracksModel->getItem(i)->rect()1 3 QRect(0,-227 1957x111)
[   117.58 ] D: _tracksModel->getItem(i)->rect()1 4 QRect(0,-116 1957x111)
[   117.58 ] D: _tracksModel->getItem(i)->rect()1 5 QRect(0,-5 1957x111)
[   117.58 ] D: _tracksModel->getItem(i)->rect()1 6 QRect(0,106 1957x111)
[   117.58 ] D: _tracksModel->getItem(i)->rect()1 7 QRect(0,217 1957x111)
[   117.58 ] D: _tracksModel->getItem(i)->rect()1 8 QRect(0,328 1957x111)
[   117.58 ] D: _tracksModel->getItem(i)->rect()1 9 QRect(0,439 1957x111)
[   117.58 ] D: setTracksRect
[   117.58 ] D: setTracksRect
[   117.58 ] D: sltStartContentYChanged4
[   117.60 ] D: sltStartContentYChanged1
[   117.60 ] D: sltStartContentYChanged2
[   117.60 ] D: sltStartContentYChanged3
[   117.60 ] D: _tracksModel->getItem(i)->rect()1 0 QRect(0,-561 1957x111)
[   117.60 ] D: _tracksModel->getItem(i)->rect()1 1 QRect(0,-450 1957x111)
[   117.60 ] D: _tracksModel->getItem(i)->rect()1 2 QRect(0,-339 1957x111)
[   117.60 ] D: _tracksModel->getItem(i)->rect()1 3 QRect(0,-228 1957x111)
[   117.60 ] D: _tracksModel->getItem(i)->rect()1 4 QRect(0,-117 1957x111)
[   117.60 ] D: _tracksModel->getItem(i)->rect()1 5 QRect(0,-6 1957x111)
[   117.60 ] D: _tracksModel->getItem(i)->rect()1 6 QRect(0,105 1957x111)
[   117.60 ] D: _tracksModel->getItem(i)->rect()1 7 QRect(0,216 1957x111)
[   117.60 ] D: _tracksModel->getItem(i)->rect()1 8 QRect(0,327 1957x111)
[   117.60 ] D: _tracksModel->getItem(i)->rect()1 9 QRect(0,438 1957x111)
[   117.60 ] D: setTracksRect
[   117.60 ] D: setTracksRect
[   117.60 ] D: sltStartContentYChanged4
[   117.65 ] D: sltStartContentYChanged1
[   117.65 ] D: sltStartContentYChanged2
[   117.65 ] D: sltStartContentYChanged3
[   117.65 ] D: _tracksModel->getItem(i)->rect()1 0 QRect(0,-565 1957x111)
[   117.65 ] D: _tracksModel->getItem(i)->rect()1 1 QRect(0,-454 1957x111)
[   117.65 ] D: _tracksModel->getItem(i)->rect()1 2 QRect(0,-343 1957x111)
[   117.65 ] D: _tracksModel->getItem(i)->rect()1 3 QRect(0,-232 1957x111)
[   117.65 ] D: _tracksModel->getItem(i)->rect()1 4 QRect(0,-121 1957x111)
[   117.65 ] D: _tracksModel->getItem(i)->rect()1 5 QRect(0,-10 1957x111)
[   117.65 ] D: _tracksModel->getItem(i)->rect()1 6 QRect(0,101 1957x111)
[   117.65 ] D: _tracksModel->getItem(i)->rect()1 7 QRect(0,212 1957x111)
[   117.65 ] D: _tracksModel->getItem(i)->rect()1 8 QRect(0,323 1957x111)
[   117.65 ] D: _tracksModel->getItem(i)->rect()1 9 QRect(0,434 1957x111)
[   117.65 ] D: setTracksRect
[   117.65 ] D: setTracksRect
[   117.65 ] D: sltStartContentYChanged4
[   117.66 ] D: sltStartContentYChanged1
[   117.66 ] D: sltStartContentYChanged2
[   117.66 ] D: sltStartContentYChanged3
[   117.66 ] D: _tracksModel->getItem(i)->rect()1 0 QRect(0,-570 1957x111)
[   117.66 ] D: _tracksModel->getItem(i)->rect()1 1 QRect(0,-459 1957x111)
[   117.66 ] D: _tracksModel->getItem(i)->rect()1 2 QRect(0,-348 1957x111)
[   117.66 ] D: _tracksModel->getItem(i)->rect()1 3 QRect(0,-237 1957x111)
[   117.66 ] D: _tracksModel->getItem(i)->rect()1 4 QRect(0,-126 1957x111)
[   117.66 ] D: _tracksModel->getItem(i)->rect()1 5 QRect(0,-15 1957x111)
[   117.66 ] D: _tracksModel->getItem(i)->rect()1 6 QRect(0,96 1957x111)
[   117.66 ] D: _tracksModel->getItem(i)->rect()1 7 QRect(0,207 1957x111)
[   117.66 ] D: _tracksModel->getItem(i)->rect()1 8 QRect(0,318 1957x111)
[   117.66 ] D: _tracksModel->getItem(i)->rect()1 9 QRect(0,429 1957x111)
[   117.66 ] D: setTracksRect
[   117.66 ] D: setTracksRect
[   117.66 ] D: sltStartContentYChanged4
[   117.69 ] D: sltStartContentYChanged1
[   117.69 ] D: sltStartContentYChanged2
[   117.69 ] D: sltStartContentYChanged3
[   117.69 ] D: _tracksModel->getItem(i)->rect()1 0 QRect(0,-574 1957x111)
[   117.69 ] D: _tracksModel->getItem(i)->rect()1 1 QRect(0,-463 1957x111)
[   117.69 ] D: _tracksModel->getItem(i)->rect()1 2 QRect(0,-352 1957x111)
[   117.69 ] D: _tracksModel->getItem(i)->rect()1 3 QRect(0,-241 1957x111)
[   117.69 ] D: _tracksModel->getItem(i)->rect()1 4 QRect(0,-130 1957x111)
[   117.69 ] D: _tracksModel->getItem(i)->rect()1 5 QRect(0,-19 1957x111)
[   117.69 ] D: _tracksModel->getItem(i)->rect()1 6 QRect(0,92 1957x111)
[   117.69 ] D: _tracksModel->getItem(i)->rect()1 7 QRect(0,203 1957x111)
[   117.69 ] D: _tracksModel->getItem(i)->rect()1 8 QRect(0,314 1957x111)
[   117.69 ] D: _tracksModel->getItem(i)->rect()1 9 QRect(0,425 1957x111)
[   117.69 ] D: setTracksRect
[   117.69 ] D: setTracksRect
[   117.69 ] D: sltStartContentYChanged4
[   118.85 ] D: sltStartContentYChanged1
[   118.85 ] D: sltStartContentYChanged2
[   118.86 ] D: sltStartContentYChanged3
[   118.86 ] D: _tracksModel->getItem(i)->rect()1 0 QRect(0,-569 1957x111)
[   118.86 ] D: _tracksModel->getItem(i)->rect()1 1 QRect(0,-458 1957x111)
[   118.86 ] D: _tracksModel->getItem(i)->rect()1 2 QRect(0,-347 1957x111)
[   118.86 ] D: _tracksModel->getItem(i)->rect()1 3 QRect(0,-236 1957x111)
[   118.86 ] D: _tracksModel->getItem(i)->rect()1 4 QRect(0,-125 1957x111)
[   118.86 ] D: _tracksModel->getItem(i)->rect()1 5 QRect(0,-14 1957x111)
[   118.86 ] D: _tracksModel->getItem(i)->rect()1 6 QRect(0,97 1957x111)
[   118.86 ] D: _tracksModel->getItem(i)->rect()1 7 QRect(0,208 1957x111)
[   118.86 ] D: _tracksModel->getItem(i)->rect()1 8 QRect(0,319 1957x111)
[   118.86 ] D: _tracksModel->getItem(i)->rect()1 9 QRect(0,430 1957x111)
[   118.86 ] D: setTracksRect
[   118.86 ] D: setTracksRect
[   118.86 ] D: sltStartContentYChanged4
[   118.86 ] D: sltStartContentYChanged1
[   118.86 ] D: sltStartContentYChanged2
[   118.86 ] D: sltStartContentYChanged3
[   118.86 ] D: _tracksModel->getItem(i)->rect()1 0 QRect(0,-564 1957x111)
[   118.86 ] D: _tracksModel->getItem(i)->rect()1 1 QRect(0,-453 1957x111)
[   118.86 ] D: _tracksModel->getItem(i)->rect()1 2 QRect(0,-342 1957x111)
[   118.86 ] D: _tracksModel->getItem(i)->rect()1 3 QRect(0,-231 1957x111)
[   118.86 ] D: _tracksModel->getItem(i)->rect()1 4 QRect(0,-120 1957x111)
[   118.86 ] D: _tracksModel->getItem(i)->rect()1 5 QRect(0,-9 1957x111)
[   118.86 ] D: _tracksModel->getItem(i)->rect()1 6 QRect(0,102 1957x111)
[   118.86 ] D: _tracksModel->getItem(i)->rect()1 7 QRect(0,213 1957x111)
[   118.86 ] D: _tracksModel->getItem(i)->rect()1 8 QRect(0,324 1957x111)
[   118.86 ] D: _tracksModel->getItem(i)->rect()1 9 QRect(0,435 1957x111)
[   118.86 ] D: setTracksRect
[   118.86 ] D: setTracksRect
[   118.86 ] D: sltStartContentYChanged4
[   118.89 ] D: sltStartContentYChanged1
[   118.89 ] D: sltStartContentYChanged2
[   118.89 ] D: sltStartContentYChanged3
[   118.89 ] D: _tracksModel->getItem(i)->rect()1 0 QRect(0,-559 1957x111)
[   118.89 ] D: _tracksModel->getItem(i)->rect()1 1 QRect(0,-448 1957x111)
[   118.89 ] D: _tracksModel->getItem(i)->rect()1 2 QRect(0,-337 1957x111)
[   118.89 ] D: _tracksModel->getItem(i)->rect()1 3 QRect(0,-226 1957x111)
[   118.89 ] D: _tracksModel->getItem(i)->rect()1 4 QRect(0,-115 1957x111)
[   118.89 ] D: _tracksModel->getItem(i)->rect()1 5 QRect(0,-4 1957x111)
[   118.89 ] D: _tracksModel->getItem(i)->rect()1 6 QRect(0,107 1957x111)
[   118.89 ] D: _tracksModel->getItem(i)->rect()1 7 QRect(0,218 1957x111)
[   118.89 ] D: _tracksModel->getItem(i)->rect()1 8 QRect(0,329 1957x111)
[   118.89 ] D: _tracksModel->getItem(i)->rect()1 9 QRect(0,440 1957x111)
[   118.89 ] D: setTracksRect
[   118.89 ] D: setTracksRect
[   118.89 ] D: sltStartContentYChanged4
[   118.91 ] D: sltStartContentYChanged1
[   118.91 ] D: sltStartContentYChanged2
[   118.91 ] D: sltStartContentYChanged3
[   118.91 ] D: _tracksModel->getItem(i)->rect()1 0 QRect(0,-555 1957x111)
[   118.91 ] D: _tracksModel->getItem(i)->rect()1 1 QRect(0,-444 1957x111)
[   118.91 ] D: _tracksModel->getItem(i)->rect()1 2 QRect(0,-333 1957x111)
[   118.91 ] D: _tracksModel->getItem(i)->rect()1 3 QRect(0,-222 1957x111)
[   118.91 ] D: _tracksModel->getItem(i)->rect()1 4 QRect(0,-111 1957x111)
[   118.91 ] D: _tracksModel->getItem(i)->rect()1 5 QRect(0,0 1957x111)
[   118.91 ] D: _tracksModel->getItem(i)->rect()1 6 QRect(0,111 1957x111)
[   118.91 ] D: _tracksModel->getItem(i)->rect()1 7 QRect(0,222 1957x111)
[   118.91 ] D: _tracksModel->getItem(i)->rect()1 8 QRect(0,333 1957x111)
[   118.91 ] D: _tracksModel->getItem(i)->rect()1 9 QRect(0,444 1957x111)
[   118.91 ] D: setTracksRect
[   118.91 ] D: setTracksRect
[   118.91 ] D: sltStartContentYChanged4
[   118.92 ] D: sltStartContentYChanged1
[   118.92 ] D: sltStartContentYChanged2
[   118.92 ] D: sltStartContentYChanged3
[   118.92 ] D: _tracksModel->getItem(i)->rect()1 0 QRect(0,-550 1957x111)
[   118.92 ] D: _tracksModel->getItem(i)->rect()1 1 QRect(0,-439 1957x111)
[   118.92 ] D: _tracksModel->getItem(i)->rect()1 2 QRect(0,-328 1957x111)
[   118.92 ] D: _tracksModel->getItem(i)->rect()1 3 QRect(0,-217 1957x111)
[   118.92 ] D: _tracksModel->getItem(i)->rect()1 4 QRect(0,-106 1957x111)
[   118.92 ] D: _tracksModel->getItem(i)->rect()1 5 QRect(0,5 1957x111)
[   118.92 ] D: _tracksModel->getItem(i)->rect()1 6 QRect(0,116 1957x111)
[   118.92 ] D: _tracksModel->getItem(i)->rect()1 7 QRect(0,227 1957x111)
[   118.92 ] D: _tracksModel->getItem(i)->rect()1 8 QRect(0,338 1957x111)
[   118.92 ] D: _tracksModel->getItem(i)->rect()1 9 QRect(0,449 1957x111)
[   118.92 ] D: setTracksRect
[   118.92 ] D: setTracksRect
[   118.92 ] D: sltStartContentYChanged4
[   118.93 ] D: sltStartContentYChanged1
[   118.93 ] D: sltStartContentYChanged2
[   118.93 ] D: sltStartContentYChanged3
[   118.93 ] D: _tracksModel->getItem(i)->rect()1 0 QRect(0,-545 1957x111)
[   118.93 ] D: _tracksModel->getItem(i)->rect()1 1 QRect(0,-434 1957x111)
[   118.93 ] D: _tracksModel->getItem(i)->rect()1 2 QRect(0,-323 1957x111)
[   118.93 ] D: _tracksModel->getItem(i)->rect()1 3 QRect(0,-212 1957x111)
[   118.93 ] D: _tracksModel->getItem(i)->rect()1 4 QRect(0,-101 1957x111)
[   118.93 ] D: _tracksModel->getItem(i)->rect()1 5 QRect(0,10 1957x111)
[   118.93 ] D: _tracksModel->getItem(i)->rect()1 6 QRect(0,121 1957x111)
[   118.93 ] D: _tracksModel->getItem(i)->rect()1 7 QRect(0,232 1957x111)
[   118.93 ] D: _tracksModel->getItem(i)->rect()1 8 QRect(0,343 1957x111)
[   118.93 ] D: _tracksModel->getItem(i)->rect()1 9 QRect(0,454 1957x111)
[   118.93 ] D: setTracksRect
[   118.93 ] D: setTracksRect
[   118.93 ] D: sltStartContentYChanged4
[   118.95 ] D: sltStartContentYChanged1
[   118.95 ] D: sltStartContentYChanged2
[   118.95 ] D: sltStartContentYChanged3
[   118.95 ] D: _tracksModel->getItem(i)->rect()1 0 QRect(0,-540 1957x111)
[   118.95 ] D: _tracksModel->getItem(i)->rect()1 1 QRect(0,-429 1957x111)
[   118.95 ] D: _tracksModel->getItem(i)->rect()1 2 QRect(0,-318 1957x111)
[   118.95 ] D: _tracksModel->getItem(i)->rect()1 3 QRect(0,-207 1957x111)
[   118.95 ] D: _tracksModel->getItem(i)->rect()1 4 QRect(0,-96 1957x111)
[   118.95 ] D: _tracksModel->getItem(i)->rect()1 5 QRect(0,15 1957x111)
[   118.95 ] D: _tracksModel->getItem(i)->rect()1 6 QRect(0,126 1957x111)
[   118.95 ] D: _tracksModel->getItem(i)->rect()1 7 QRect(0,237 1957x111)
[   118.95 ] D: _tracksModel->getItem(i)->rect()1 8 QRect(0,348 1957x111)
[   118.95 ] D: _tracksModel->getItem(i)->rect()1 9 QRect(0,459 1957x111)
[   118.95 ] D: setTracksRect
[   118.95 ] D: setTracksRect
[   118.95 ] D: sltStartContentYChanged4
[   118.96 ] D: sltStartContentYChanged1
[   118.96 ] D: sltStartContentYChanged2
[   118.96 ] D: sltStartContentYChanged3
[   118.96 ] D: _tracksModel->getItem(i)->rect()1 0 QRect(0,-536 1957x111)
[   118.96 ] D: _tracksModel->getItem(i)->rect()1 1 QRect(0,-425 1957x111)
[   118.96 ] D: _tracksModel->getItem(i)->rect()1 2 QRect(0,-314 1957x111)
[   118.96 ] D: _tracksModel->getItem(i)->rect()1 3 QRect(0,-203 1957x111)
[   118.96 ] D: _tracksModel->getItem(i)->rect()1 4 QRect(0,-92 1957x111)
[   118.96 ] D: _tracksModel->getItem(i)->rect()1 5 QRect(0,19 1957x111)
[   118.96 ] D: _tracksModel->getItem(i)->rect()1 6 QRect(0,130 1957x111)
[   118.96 ] D: _tracksModel->getItem(i)->rect()1 7 QRect(0,241 1957x111)
[   118.96 ] D: _tracksModel->getItem(i)->rect()1 8 QRect(0,352 1957x111)
[   118.96 ] D: _tracksModel->getItem(i)->rect()1 9 QRect(0,463 1957x111)
[   118.96 ] D: setTracksRect
[   118.96 ] D: setTracksRect
[   118.96 ] D: sltStartContentYChanged4
[   118.99 ] D: sltStartContentYChanged1
[   118.99 ] D: sltStartContentYChanged2
[   118.99 ] D: sltStartContentYChanged3
[   118.99 ] D: _tracksModel->getItem(i)->rect()1 0 QRect(0,-533 1957x111)
[   118.99 ] D: _tracksModel->getItem(i)->rect()1 1 QRect(0,-422 1957x111)
[   118.99 ] D: _tracksModel->getItem(i)->rect()1 2 QRect(0,-311 1957x111)
[   118.99 ] D: _tracksModel->getItem(i)->rect()1 3 QRect(0,-200 1957x111)
[   118.99 ] D: _tracksModel->getItem(i)->rect()1 4 QRect(0,-89 1957x111)
[   118.99 ] D: _tracksModel->getItem(i)->rect()1 5 QRect(0,22 1957x111)
[   118.99 ] D: _tracksModel->getItem(i)->rect()1 6 QRect(0,133 1957x111)
[   118.99 ] D: _tracksModel->getItem(i)->rect()1 7 QRect(0,244 1957x111)
[   118.99 ] D: _tracksModel->getItem(i)->rect()1 8 QRect(0,355 1957x111)
[   118.99 ] D: _tracksModel->getItem(i)->rect()1 9 QRect(0,466 1957x111)
[   118.99 ] D: setTracksRect
[   118.99 ] D: setTracksRect
[   118.99 ] D: sltStartContentYChanged4
[   119.00 ] D: sltStartContentYChanged1
[   119.00 ] D: sltStartContentYChanged2
[   119.00 ] D: sltStartContentYChanged3
[   119.00 ] D: _tracksModel->getItem(i)->rect()1 0 QRect(0,-530 1957x111)
[   119.00 ] D: _tracksModel->getItem(i)->rect()1 1 QRect(0,-419 1957x111)
[   119.00 ] D: _tracksModel->getItem(i)->rect()1 2 QRect(0,-308 1957x111)
[   119.00 ] D: _tracksModel->getItem(i)->rect()1 3 QRect(0,-197 1957x111)
[   119.00 ] D: _tracksModel->getItem(i)->rect()1 4 QRect(0,-86 1957x111)
[   119.00 ] D: _tracksModel->getItem(i)->rect()1 5 QRect(0,25 1957x111)
[   119.00 ] D: _tracksModel->getItem(i)->rect()1 6 QRect(0,136 1957x111)
[   119.00 ] D: _tracksModel->getItem(i)->rect()1 7 QRect(0,247 1957x111)
[   119.00 ] D: _tracksModel->getItem(i)->rect()1 8 QRect(0,358 1957x111)
[   119.00 ] D: _tracksModel->getItem(i)->rect()1 9 QRect(0,469 1957x111)
[   119.00 ] D: setTracksRect
[   119.00 ] D: setTracksRect
[   119.00 ] D: sltStartContentYChanged4
[   119.01 ] D: sltStartContentYChanged1
[   119.01 ] D: sltStartContentYChanged2
[   119.01 ] D: sltStartContentYChanged3
[   119.01 ] D: _tracksModel->getItem(i)->rect()1 0 QRect(0,-527 1957x111)
[   119.01 ] D: _tracksModel->getItem(i)->rect()1 1 QRect(0,-416 1957x111)
[   119.01 ] D: _tracksModel->getItem(i)->rect()1 2 QRect(0,-305 1957x111)
[   119.01 ] D: _tracksModel->getItem(i)->rect()1 3 QRect(0,-194 1957x111)
[   119.01 ] D: _tracksModel->getItem(i)->rect()1 4 QRect(0,-83 1957x111)
[   119.01 ] D: _tracksModel->getItem(i)->rect()1 5 QRect(0,28 1957x111)
[   119.01 ] D: _tracksModel->getItem(i)->rect()1 6 QRect(0,139 1957x111)
[   119.01 ] D: _tracksModel->getItem(i)->rect()1 7 QRect(0,250 1957x111)
[   119.01 ] D: _tracksModel->getItem(i)->rect()1 8 QRect(0,361 1957x111)
[   119.01 ] D: _tracksModel->getItem(i)->rect()1 9 QRect(0,472 1957x111)
[   119.01 ] D: setTracksRect
[   119.01 ] D: setTracksRect
[   119.01 ] D: sltStartContentYChanged4
[   119.04 ] D: sltStartContentYChanged1
[   119.04 ] D: sltStartContentYChanged2
[   119.04 ] D: sltStartContentYChanged3
[   119.04 ] D: _tracksModel->getItem(i)->rect()1 0 QRect(0,-525 1957x111)
[   119.04 ] D: _tracksModel->getItem(i)->rect()1 1 QRect(0,-414 1957x111)
[   119.04 ] D: _tracksModel->getItem(i)->rect()1 2 QRect(0,-303 1957x111)
[   119.04 ] D: _tracksModel->getItem(i)->rect()1 3 QRect(0,-192 1957x111)
[   119.04 ] D: _tracksModel->getItem(i)->rect()1 4 QRect(0,-81 1957x111)
[   119.04 ] D: _tracksModel->getItem(i)->rect()1 5 QRect(0,30 1957x111)
[   119.04 ] D: _tracksModel->getItem(i)->rect()1 6 QRect(0,141 1957x111)
[   119.04 ] D: _tracksModel->getItem(i)->rect()1 7 QRect(0,252 1957x111)
[   119.04 ] D: _tracksModel->getItem(i)->rect()1 8 QRect(0,363 1957x111)
[   119.04 ] D: _tracksModel->getItem(i)->rect()1 9 QRect(0,474 1957x111)
[   119.04 ] D: setTracksRect
[   119.04 ] D: setTracksRect
[   119.04 ] D: sltStartContentYChanged4
[   119.05 ] D: sltStartContentYChanged1
[   119.05 ] D: sltStartContentYChanged2
[   119.05 ] D: sltStartContentYChanged3
[   119.05 ] D: _tracksModel->getItem(i)->rect()1 0 QRect(0,-523 1957x111)
[   119.05 ] D: _tracksModel->getItem(i)->rect()1 1 QRect(0,-412 1957x111)
[   119.05 ] D: _tracksModel->getItem(i)->rect()1 2 QRect(0,-301 1957x111)
[   119.05 ] D: _tracksModel->getItem(i)->rect()1 3 QRect(0,-190 1957x111)
[   119.05 ] D: _tracksModel->getItem(i)->rect()1 4 QRect(0,-79 1957x111)
[   119.05 ] D: _tracksModel->getItem(i)->rect()1 5 QRect(0,32 1957x111)
[   119.05 ] D: _tracksModel->getItem(i)->rect()1 6 QRect(0,143 1957x111)
[   119.05 ] D: _tracksModel->getItem(i)->rect()1 7 QRect(0,254 1957x111)
[   119.05 ] D: _tracksModel->getItem(i)->rect()1 8 QRect(0,365 1957x111)
[   119.05 ] D: _tracksModel->getItem(i)->rect()1 9 QRect(0,476 1957x111)
[   119.05 ] D: setTracksRect
[   119.05 ] D: setTracksRect
[   119.05 ] D: sltStartContentYChanged4
[   119.05 ] D: sltStartContentYChanged1
[   119.05 ] D: sltStartContentYChanged2
[   119.06 ] D: sltStartContentYChanged3
[   119.06 ] D: _tracksModel->getItem(i)->rect()1 0 QRect(0,-521 1957x111)
[   119.06 ] D: _tracksModel->getItem(i)->rect()1 1 QRect(0,-410 1957x111)
[   119.06 ] D: _tracksModel->getItem(i)->rect()1 2 QRect(0,-299 1957x111)
[   119.06 ] D: _tracksModel->getItem(i)->rect()1 3 QRect(0,-188 1957x111)
[   119.06 ] D: _tracksModel->getItem(i)->rect()1 4 QRect(0,-77 1957x111)
[   119.06 ] D: _tracksModel->getItem(i)->rect()1 5 QRect(0,34 1957x111)
[   119.06 ] D: _tracksModel->getItem(i)->rect()1 6 QRect(0,145 1957x111)
[   119.06 ] D: _tracksModel->getItem(i)->rect()1 7 QRect(0,256 1957x111)
[   119.06 ] D: _tracksModel->getItem(i)->rect()1 8 QRect(0,367 1957x111)
[   119.06 ] D: _tracksModel->getItem(i)->rect()1 9 QRect(0,478 1957x111)
[   119.06 ] D: setTracksRect
[   119.06 ] D: setTracksRect
[   119.06 ] D: sltStartContentYChanged4
[   119.08 ] D: sltStartContentYChanged1
[   119.08 ] D: sltStartContentYChanged2
[   119.08 ] D: sltStartContentYChanged3
[   119.08 ] D: _tracksModel->getItem(i)->rect()1 0 QRect(0,-520 1957x111)
[   119.08 ] D: _tracksModel->getItem(i)->rect()1 1 QRect(0,-409 1957x111)
[   119.08 ] D: _tracksModel->getItem(i)->rect()1 2 QRect(0,-298 1957x111)
[   119.08 ] D: _tracksModel->getItem(i)->rect()1 3 QRect(0,-187 1957x111)
[   119.08 ] D: _tracksModel->getItem(i)->rect()1 4 QRect(0,-76 1957x111)
[   119.08 ] D: _tracksModel->getItem(i)->rect()1 5 QRect(0,35 1957x111)
[   119.08 ] D: _tracksModel->getItem(i)->rect()1 6 QRect(0,146 1957x111)
[   119.08 ] D: _tracksModel->getItem(i)->rect()1 7 QRect(0,257 1957x111)
[   119.08 ] D: _tracksModel->getItem(i)->rect()1 8 QRect(0,368 1957x111)
[   119.08 ] D: _tracksModel->getItem(i)->rect()1 9 QRect(0,479 1957x111)
[   119.08 ] D: setTracksRect
[   119.08 ] D: setTracksRect
[   119.08 ] D: sltStartContentYChanged4
[   119.15 ] D: sltStartContentYChanged1
[   119.15 ] D: sltStartContentYChanged2
[   119.16 ] D: sltStartContentYChanged3
[   119.16 ] D: _tracksModel->getItem(i)->rect()1 0 QRect(0,-515 1957x111)
[   119.16 ] D: _tracksModel->getItem(i)->rect()1 1 QRect(0,-404 1957x111)
[   119.16 ] D: _tracksModel->getItem(i)->rect()1 2 QRect(0,-293 1957x111)
[   119.16 ] D: _tracksModel->getItem(i)->rect()1 3 QRect(0,-182 1957x111)
[   119.16 ] D: _tracksModel->getItem(i)->rect()1 4 QRect(0,-71 1957x111)
[   119.16 ] D: _tracksModel->getItem(i)->rect()1 5 QRect(0,40 1957x111)
[   119.16 ] D: _tracksModel->getItem(i)->rect()1 6 QRect(0,151 1957x111)
[   119.16 ] D: _tracksModel->getItem(i)->rect()1 7 QRect(0,262 1957x111)
[   119.16 ] D: _tracksModel->getItem(i)->rect()1 8 QRect(0,373 1957x111)
[   119.16 ] D: _tracksModel->getItem(i)->rect()1 9 QRect(0,484 1957x111)
[   119.16 ] D: setTracksRect
[   119.16 ] D: setTracksRect
[   119.16 ] D: sltStartContentYChanged4
[   119.19 ] D: sltStartContentYChanged1
[   119.19 ] D: sltStartContentYChanged2
[   119.19 ] D: sltStartContentYChanged3
[   119.19 ] D: _tracksModel->getItem(i)->rect()1 0 QRect(0,-510 1957x111)
[   119.19 ] D: _tracksModel->getItem(i)->rect()1 1 QRect(0,-399 1957x111)
[   119.19 ] D: _tracksModel->getItem(i)->rect()1 2 QRect(0,-288 1957x111)
[   119.19 ] D: _tracksModel->getItem(i)->rect()1 3 QRect(0,-177 1957x111)
[   119.19 ] D: _tracksModel->getItem(i)->rect()1 4 QRect(0,-66 1957x111)
[   119.19 ] D: _tracksModel->getItem(i)->rect()1 5 QRect(0,45 1957x111)
[   119.19 ] D: _tracksModel->getItem(i)->rect()1 6 QRect(0,156 1957x111)
[   119.19 ] D: _tracksModel->getItem(i)->rect()1 7 QRect(0,267 1957x111)
[   119.19 ] D: _tracksModel->getItem(i)->rect()1 8 QRect(0,378 1957x111)
[   119.19 ] D: _tracksModel->getItem(i)->rect()1 9 QRect(0,489 1957x111)
[   119.19 ] D: setTracksRect
[   119.19 ] D: setTracksRect
[   119.19 ] D: sltStartContentYChanged4
[   119.20 ] D: sltStartContentYChanged1
[   119.20 ] D: sltStartContentYChanged2
[   119.21 ] D: sltStartContentYChanged3
[   119.21 ] D: _tracksModel->getItem(i)->rect()1 0 QRect(0,-506 1957x111)
[   119.21 ] D: _tracksModel->getItem(i)->rect()1 1 QRect(0,-395 1957x111)
[   119.21 ] D: _tracksModel->getItem(i)->rect()1 2 QRect(0,-284 1957x111)
[   119.21 ] D: _tracksModel->getItem(i)->rect()1 3 QRect(0,-173 1957x111)
[   119.21 ] D: _tracksModel->getItem(i)->rect()1 4 QRect(0,-62 1957x111)
[   119.21 ] D: _tracksModel->getItem(i)->rect()1 5 QRect(0,49 1957x111)
[   119.21 ] D: _tracksModel->getItem(i)->rect()1 6 QRect(0,160 1957x111)
[   119.21 ] D: _tracksModel->getItem(i)->rect()1 7 QRect(0,271 1957x111)
[   119.21 ] D: _tracksModel->getItem(i)->rect()1 8 QRect(0,382 1957x111)
[   119.21 ] D: _tracksModel->getItem(i)->rect()1 9 QRect(0,493 1957x111)
[   119.21 ] D: setTracksRect
[   119.21 ] D: setTracksRect
[   119.21 ] D: sltStartContentYChanged4
[   119.21 ] D: sltStartContentYChanged1
[   119.21 ] D: sltStartContentYChanged2
[   119.21 ] D: sltStartContentYChanged3
[   119.21 ] D: _tracksModel->getItem(i)->rect()1 0 QRect(0,-502 1957x111)
[   119.21 ] D: _tracksModel->getItem(i)->rect()1 1 QRect(0,-391 1957x111)
[   119.21 ] D: _tracksModel->getItem(i)->rect()1 2 QRect(0,-280 1957x111)
[   119.21 ] D: _tracksModel->getItem(i)->rect()1 3 QRect(0,-169 1957x111)
[   119.21 ] D: _tracksModel->getItem(i)->rect()1 4 QRect(0,-58 1957x111)
[   119.21 ] D: _tracksModel->getItem(i)->rect()1 5 QRect(0,53 1957x111)
[   119.21 ] D: _tracksModel->getItem(i)->rect()1 6 QRect(0,164 1957x111)
[   119.21 ] D: _tracksModel->getItem(i)->rect()1 7 QRect(0,275 1957x111)
[   119.21 ] D: _tracksModel->getItem(i)->rect()1 8 QRect(0,386 1957x111)
[   119.21 ] D: _tracksModel->getItem(i)->rect()1 9 QRect(0,497 1957x111)
[   119.21 ] D: setTracksRect
[   119.21 ] D: setTracksRect
[   119.21 ] D: sltStartContentYChanged4
[   119.22 ] D: sltStartContentYChanged1
[   119.22 ] D: sltStartContentYChanged2
[   119.23 ] D: sltStartContentYChanged3
[   119.23 ] D: _tracksModel->getItem(i)->rect()1 0 QRect(0,-498 1957x111)
[   119.23 ] D: _tracksModel->getItem(i)->rect()1 1 QRect(0,-387 1957x111)
[   119.23 ] D: _tracksModel->getItem(i)->rect()1 2 QRect(0,-276 1957x111)
[   119.23 ] D: _tracksModel->getItem(i)->rect()1 3 QRect(0,-165 1957x111)
[   119.23 ] D: _tracksModel->getItem(i)->rect()1 4 QRect(0,-54 1957x111)
[   119.23 ] D: _tracksModel->getItem(i)->rect()1 5 QRect(0,57 1957x111)
[   119.23 ] D: _tracksModel->getItem(i)->rect()1 6 QRect(0,168 1957x111)
[   119.23 ] D: _tracksModel->getItem(i)->rect()1 7 QRect(0,279 1957x111)
[   119.23 ] D: _tracksModel->getItem(i)->rect()1 8 QRect(0,390 1957x111)
[   119.23 ] D: _tracksModel->getItem(i)->rect()1 9 QRect(0,501 1957x111)
[   119.23 ] D: setTracksRect
[   119.23 ] D: setTracksRect
[   119.23 ] D: sltStartContentYChanged4
[   119.25 ] D: sltStartContentYChanged1
[   119.25 ] D: sltStartContentYChanged2
[   119.25 ] D: sltStartContentYChanged3
[   119.25 ] D: _tracksModel->getItem(i)->rect()1 0 QRect(0,-495 1957x111)
[   119.25 ] D: _tracksModel->getItem(i)->rect()1 1 QRect(0,-384 1957x111)
[   119.25 ] D: _tracksModel->getItem(i)->rect()1 2 QRect(0,-273 1957x111)
[   119.25 ] D: _tracksModel->getItem(i)->rect()1 3 QRect(0,-162 1957x111)
[   119.25 ] D: _tracksModel->getItem(i)->rect()1 4 QRect(0,-51 1957x111)
[   119.25 ] D: _tracksModel->getItem(i)->rect()1 5 QRect(0,60 1957x111)
[   119.25 ] D: _tracksModel->getItem(i)->rect()1 6 QRect(0,171 1957x111)
[   119.25 ] D: _tracksModel->getItem(i)->rect()1 7 QRect(0,282 1957x111)
[   119.25 ] D: _tracksModel->getItem(i)->rect()1 8 QRect(0,393 1957x111)
[   119.25 ] D: _tracksModel->getItem(i)->rect()1 9 QRect(0,504 1957x111)
[   119.25 ] D: setTracksRect
[   119.25 ] D: setTracksRect
[   119.25 ] D: sltStartContentYChanged4
[   119.25 ] D: sltStartContentYChanged1
[   119.25 ] D: sltStartContentYChanged2
[   119.26 ] D: sltStartContentYChanged3
[   119.26 ] D: _tracksModel->getItem(i)->rect()1 0 QRect(0,-492 1957x111)
[   119.26 ] D: _tracksModel->getItem(i)->rect()1 1 QRect(0,-381 1957x111)
[   119.26 ] D: _tracksModel->getItem(i)->rect()1 2 QRect(0,-270 1957x111)
[   119.26 ] D: _tracksModel->getItem(i)->rect()1 3 QRect(0,-159 1957x111)
[   119.26 ] D: _tracksModel->getItem(i)->rect()1 4 QRect(0,-48 1957x111)
[   119.26 ] D: _tracksModel->getItem(i)->rect()1 5 QRect(0,63 1957x111)
[   119.26 ] D: _tracksModel->getItem(i)->rect()1 6 QRect(0,174 1957x111)
[   119.26 ] D: _tracksModel->getItem(i)->rect()1 7 QRect(0,285 1957x111)
[   119.26 ] D: _tracksModel->getItem(i)->rect()1 8 QRect(0,396 1957x111)
[   119.26 ] D: _tracksModel->getItem(i)->rect()1 9 QRect(0,507 1957x111)
[   119.26 ] D: setTracksRect
[   119.26 ] D: setTracksRect
[   119.26 ] D: sltStartContentYChanged4
[   119.29 ] D: sltStartContentYChanged1
[   119.29 ] D: sltStartContentYChanged2
[   119.29 ] D: sltStartContentYChanged3
[   119.29 ] D: _tracksModel->getItem(i)->rect()1 0 QRect(0,-490 1957x111)
[   119.29 ] D: _tracksModel->getItem(i)->rect()1 1 QRect(0,-379 1957x111)
[   119.29 ] D: _tracksModel->getItem(i)->rect()1 2 QRect(0,-268 1957x111)
[   119.29 ] D: _tracksModel->getItem(i)->rect()1 3 QRect(0,-157 1957x111)
[   119.29 ] D: _tracksModel->getItem(i)->rect()1 4 QRect(0,-46 1957x111)
[   119.29 ] D: _tracksModel->getItem(i)->rect()1 5 QRect(0,65 1957x111)
[   119.29 ] D: _tracksModel->getItem(i)->rect()1 6 QRect(0,176 1957x111)
[   119.29 ] D: _tracksModel->getItem(i)->rect()1 7 QRect(0,287 1957x111)
[   119.29 ] D: _tracksModel->getItem(i)->rect()1 8 QRect(0,398 1957x111)
[   119.29 ] D: _tracksModel->getItem(i)->rect()1 9 QRect(0,509 1957x111)
[   119.29 ] D: setTracksRect
[   119.29 ] D: setTracksRect
[   119.29 ] D: sltStartContentYChanged4
[   119.30 ] D: sltStartContentYChanged1
[   119.30 ] D: sltStartContentYChanged2
[   119.31 ] D: sltStartContentYChanged3
[   119.31 ] D: _tracksModel->getItem(i)->rect()1 0 QRect(0,-488 1957x111)
[   119.31 ] D: _tracksModel->getItem(i)->rect()1 1 QRect(0,-377 1957x111)
[   119.31 ] D: _tracksModel->getItem(i)->rect()1 2 QRect(0,-266 1957x111)
[   119.31 ] D: _tracksModel->getItem(i)->rect()1 3 QRect(0,-155 1957x111)
[   119.31 ] D: _tracksModel->getItem(i)->rect()1 4 QRect(0,-44 1957x111)
[   119.31 ] D: _tracksModel->getItem(i)->rect()1 5 QRect(0,67 1957x111)
[   119.31 ] D: _tracksModel->getItem(i)->rect()1 6 QRect(0,178 1957x111)
[   119.31 ] D: _tracksModel->getItem(i)->rect()1 7 QRect(0,289 1957x111)
[   119.31 ] D: _tracksModel->getItem(i)->rect()1 8 QRect(0,400 1957x111)
[   119.31 ] D: _tracksModel->getItem(i)->rect()1 9 QRect(0,511 1957x111)
[   119.31 ] D: setTracksRect
[   119.31 ] D: setTracksRect
[   119.31 ] D: sltStartContentYChanged4
[   119.31 ] D: sltStartContentYChanged1
[   119.31 ] D: sltStartContentYChanged2
[   119.31 ] D: sltStartContentYChanged3
[   119.31 ] D: _tracksModel->getItem(i)->rect()1 0 QRect(0,-486 1957x111)
[   119.31 ] D: _tracksModel->getItem(i)->rect()1 1 QRect(0,-375 1957x111)
[   119.31 ] D: _tracksModel->getItem(i)->rect()1 2 QRect(0,-264 1957x111)
[   119.31 ] D: _tracksModel->getItem(i)->rect()1 3 QRect(0,-153 1957x111)
[   119.31 ] D: _tracksModel->getItem(i)->rect()1 4 QRect(0,-42 1957x111)
[   119.31 ] D: _tracksModel->getItem(i)->rect()1 5 QRect(0,69 1957x111)
[   119.31 ] D: _tracksModel->getItem(i)->rect()1 6 QRect(0,180 1957x111)
[   119.31 ] D: _tracksModel->getItem(i)->rect()1 7 QRect(0,291 1957x111)
[   119.31 ] D: _tracksModel->getItem(i)->rect()1 8 QRect(0,402 1957x111)
[   119.31 ] D: _tracksModel->getItem(i)->rect()1 9 QRect(0,513 1957x111)
[   119.31 ] D: setTracksRect
[   119.31 ] D: setTracksRect
[   119.31 ] D: sltStartContentYChanged4
[   119.32 ] D: sltStartContentYChanged1
[   119.33 ] D: sltStartContentYChanged2
[   119.33 ] D: sltStartContentYChanged3
[   119.33 ] D: _tracksModel->getItem(i)->rect()1 0 QRect(0,-485 1957x111)
[   119.33 ] D: _tracksModel->getItem(i)->rect()1 1 QRect(0,-374 1957x111)
[   119.33 ] D: _tracksModel->getItem(i)->rect()1 2 QRect(0,-263 1957x111)
[   119.33 ] D: _tracksModel->getItem(i)->rect()1 3 QRect(0,-152 1957x111)
[   119.33 ] D: _tracksModel->getItem(i)->rect()1 4 QRect(0,-41 1957x111)
[   119.33 ] D: _tracksModel->getItem(i)->rect()1 5 QRect(0,70 1957x111)
[   119.33 ] D: _tracksModel->getItem(i)->rect()1 6 QRect(0,181 1957x111)
[   119.33 ] D: _tracksModel->getItem(i)->rect()1 7 QRect(0,292 1957x111)
[   119.33 ] D: _tracksModel->getItem(i)->rect()1 8 QRect(0,403 1957x111)
[   119.33 ] D: _tracksModel->getItem(i)->rect()1 9 QRect(0,514 1957x111)
[   119.33 ] D: setTracksRect
[   119.33 ] D: setTracksRect
[   119.33 ] D: sltStartContentYChanged4
[   119.35 ] D: sltStartContentYChanged1
[   119.35 ] D: sltStartContentYChanged2
[   119.36 ] D: sltStartContentYChanged3
[   119.36 ] D: _tracksModel->getItem(i)->rect()1 0 QRect(0,-480 1957x111)
[   119.36 ] D: _tracksModel->getItem(i)->rect()1 1 QRect(0,-369 1957x111)
[   119.36 ] D: _tracksModel->getItem(i)->rect()1 2 QRect(0,-258 1957x111)
[   119.36 ] D: _tracksModel->getItem(i)->rect()1 3 QRect(0,-147 1957x111)
[   119.36 ] D: _tracksModel->getItem(i)->rect()1 4 QRect(0,-36 1957x111)
[   119.36 ] D: _tracksModel->getItem(i)->rect()1 5 QRect(0,75 1957x111)
[   119.36 ] D: _tracksModel->getItem(i)->rect()1 6 QRect(0,186 1957x111)
[   119.36 ] D: _tracksModel->getItem(i)->rect()1 7 QRect(0,297 1957x111)
[   119.36 ] D: _tracksModel->getItem(i)->rect()1 8 QRect(0,408 1957x111)
[   119.36 ] D: _tracksModel->getItem(i)->rect()1 9 QRect(0,519 1957x111)
[   119.36 ] D: setTracksRect
[   119.36 ] D: setTracksRect
[   119.36 ] D: sltStartContentYChanged4
[   119.39 ] D: sltStartContentYChanged1
[   119.39 ] D: sltStartContentYChanged2
[   119.39 ] D: sltStartContentYChanged3
[   119.39 ] D: _tracksModel->getItem(i)->rect()1 0 QRect(0,-475 1957x111)
[   119.39 ] D: _tracksModel->getItem(i)->rect()1 1 QRect(0,-364 1957x111)
[   119.39 ] D: _tracksModel->getItem(i)->rect()1 2 QRect(0,-253 1957x111)
[   119.39 ] D: _tracksModel->getItem(i)->rect()1 3 QRect(0,-142 1957x111)
[   119.39 ] D: _tracksModel->getItem(i)->rect()1 4 QRect(0,-31 1957x111)
[   119.39 ] D: _tracksModel->getItem(i)->rect()1 5 QRect(0,80 1957x111)
[   119.39 ] D: _tracksModel->getItem(i)->rect()1 6 QRect(0,191 1957x111)
[   119.39 ] D: _tracksModel->getItem(i)->rect()1 7 QRect(0,302 1957x111)
[   119.39 ] D: _tracksModel->getItem(i)->rect()1 8 QRect(0,413 1957x111)
[   119.39 ] D: _tracksModel->getItem(i)->rect()1 9 QRect(0,524 1957x111)
[   119.39 ] D: setTracksRect
[   119.39 ] D: setTracksRect
[   119.39 ] D: sltStartContentYChanged4
[   119.40 ] D: sltStartContentYChanged1
[   119.40 ] D: sltStartContentYChanged2
[   119.40 ] D: sltStartContentYChanged3
[   119.40 ] D: _tracksModel->getItem(i)->rect()1 0 QRect(0,-470 1957x111)
[   119.40 ] D: _tracksModel->getItem(i)->rect()1 1 QRect(0,-359 1957x111)
[   119.40 ] D: _tracksModel->getItem(i)->rect()1 2 QRect(0,-248 1957x111)
[   119.40 ] D: _tracksModel->getItem(i)->rect()1 3 QRect(0,-137 1957x111)
[   119.40 ] D: _tracksModel->getItem(i)->rect()1 4 QRect(0,-26 1957x111)
[   119.40 ] D: _tracksModel->getItem(i)->rect()1 5 QRect(0,85 1957x111)
[   119.40 ] D: _tracksModel->getItem(i)->rect()1 6 QRect(0,196 1957x111)
[   119.40 ] D: _tracksModel->getItem(i)->rect()1 7 QRect(0,307 1957x111)
[   119.40 ] D: _tracksModel->getItem(i)->rect()1 8 QRect(0,418 1957x111)
[   119.40 ] D: _tracksModel->getItem(i)->rect()1 9 QRect(0,529 1957x111)
[   119.40 ] D: setTracksRect
[   119.40 ] D: setTracksRect
[   119.40 ] D: sltStartContentYChanged4
[   119.41 ] D: sltStartContentYChanged1
[   119.41 ] D: sltStartContentYChanged2
[   119.41 ] D: sltStartContentYChanged3
[   119.41 ] D: _tracksModel->getItem(i)->rect()1 0 QRect(0,-465 1957x111)
[   119.41 ] D: _tracksModel->getItem(i)->rect()1 1 QRect(0,-354 1957x111)
[   119.41 ] D: _tracksModel->getItem(i)->rect()1 2 QRect(0,-243 1957x111)
[   119.41 ] D: _tracksModel->getItem(i)->rect()1 3 QRect(0,-132 1957x111)
[   119.41 ] D: _tracksModel->getItem(i)->rect()1 4 QRect(0,-21 1957x111)
[   119.41 ] D: _tracksModel->getItem(i)->rect()1 5 QRect(0,90 1957x111)
[   119.41 ] D: _tracksModel->getItem(i)->rect()1 6 QRect(0,201 1957x111)
[   119.41 ] D: _tracksModel->getItem(i)->rect()1 7 QRect(0,312 1957x111)
[   119.41 ] D: _tracksModel->getItem(i)->rect()1 8 QRect(0,423 1957x111)
[   119.41 ] D: _tracksModel->getItem(i)->rect()1 9 QRect(0,534 1957x111)
[   119.41 ] D: setTracksRect
[   119.41 ] D: setTracksRect
[   119.41 ] D: sltStartContentYChanged4
[   119.44 ] D: sltStartContentYChanged1
[   119.44 ] D: sltStartContentYChanged2
[   119.44 ] D: sltStartContentYChanged3
[   119.44 ] D: _tracksModel->getItem(i)->rect()1 0 QRect(0,-460 1957x111)
[   119.44 ] D: _tracksModel->getItem(i)->rect()1 1 QRect(0,-349 1957x111)
[   119.44 ] D: _tracksModel->getItem(i)->rect()1 2 QRect(0,-238 1957x111)
[   119.44 ] D: _tracksModel->getItem(i)->rect()1 3 QRect(0,-127 1957x111)
[   119.44 ] D: _tracksModel->getItem(i)->rect()1 4 QRect(0,-16 1957x111)
[   119.44 ] D: _tracksModel->getItem(i)->rect()1 5 QRect(0,95 1957x111)
[   119.44 ] D: _tracksModel->getItem(i)->rect()1 6 QRect(0,206 1957x111)
[   119.44 ] D: _tracksModel->getItem(i)->rect()1 7 QRect(0,317 1957x111)
[   119.44 ] D: _tracksModel->getItem(i)->rect()1 8 QRect(0,428 1957x111)
[   119.44 ] D: _tracksModel->getItem(i)->rect()1 9 QRect(0,539 1957x111)
[   119.44 ] D: setTracksRect
[   119.44 ] D: setTracksRect
[   119.44 ] D: sltStartContentYChanged4
[   119.45 ] D: sltStartContentYChanged1
[   119.45 ] D: sltStartContentYChanged2
[   119.45 ] D: sltStartContentYChanged3
[   119.45 ] D: _tracksModel->getItem(i)->rect()1 0 QRect(0,-455 1957x111)
[   119.46 ] D: _tracksModel->getItem(i)->rect()1 1 QRect(0,-344 1957x111)
[   119.46 ] D: _tracksModel->getItem(i)->rect()1 2 QRect(0,-233 1957x111)
[   119.46 ] D: _tracksModel->getItem(i)->rect()1 3 QRect(0,-122 1957x111)
[   119.46 ] D: _tracksModel->getItem(i)->rect()1 4 QRect(0,-11 1957x111)
[   119.46 ] D: _tracksModel->getItem(i)->rect()1 5 QRect(0,100 1957x111)
[   119.46 ] D: _tracksModel->getItem(i)->rect()1 6 QRect(0,211 1957x111)
[   119.46 ] D: _tracksModel->getItem(i)->rect()1 7 QRect(0,322 1957x111)
[   119.46 ] D: _tracksModel->getItem(i)->rect()1 8 QRect(0,433 1957x111)
[   119.46 ] D: _tracksModel->getItem(i)->rect()1 9 QRect(0,544 1957x111)
[   119.46 ] D: setTracksRect
[   119.46 ] D: setTracksRect
[   119.46 ] D: sltStartContentYChanged4
[   119.46 ] D: sltStartContentYChanged1
[   119.46 ] D: sltStartContentYChanged2
[   119.46 ] D: sltStartContentYChanged3
[   119.46 ] D: _tracksModel->getItem(i)->rect()1 0 QRect(0,-451 1957x111)
[   119.46 ] D: _tracksModel->getItem(i)->rect()1 1 QRect(0,-340 1957x111)
[   119.46 ] D: _tracksModel->getItem(i)->rect()1 2 QRect(0,-229 1957x111)
[   119.46 ] D: _tracksModel->getItem(i)->rect()1 3 QRect(0,-118 1957x111)
[   119.46 ] D: _tracksModel->getItem(i)->rect()1 4 QRect(0,-7 1957x111)
[   119.46 ] D: _tracksModel->getItem(i)->rect()1 5 QRect(0,104 1957x111)
[   119.46 ] D: _tracksModel->getItem(i)->rect()1 6 QRect(0,215 1957x111)
[   119.46 ] D: _tracksModel->getItem(i)->rect()1 7 QRect(0,326 1957x111)
[   119.46 ] D: _tracksModel->getItem(i)->rect()1 8 QRect(0,437 1957x111)
[   119.46 ] D: _tracksModel->getItem(i)->rect()1 9 QRect(0,548 1957x111)
[   119.46 ] D: setTracksRect
[   119.46 ] D: setTracksRect
[   119.46 ] D: sltStartContentYChanged4
[   119.49 ] D: sltStartContentYChanged1
[   119.49 ] D: sltStartContentYChanged2
[   119.49 ] D: sltStartContentYChanged3
[   119.49 ] D: _tracksModel->getItem(i)->rect()1 0 QRect(0,-447 1957x111)
[   119.49 ] D: _tracksModel->getItem(i)->rect()1 1 QRect(0,-336 1957x111)
[   119.49 ] D: _tracksModel->getItem(i)->rect()1 2 QRect(0,-225 1957x111)
[   119.49 ] D: _tracksModel->getItem(i)->rect()1 3 QRect(0,-114 1957x111)
[   119.49 ] D: _tracksModel->getItem(i)->rect()1 4 QRect(0,-3 1957x111)
[   119.49 ] D: _tracksModel->getItem(i)->rect()1 5 QRect(0,108 1957x111)
[   119.49 ] D: _tracksModel->getItem(i)->rect()1 6 QRect(0,219 1957x111)
[   119.49 ] D: _tracksModel->getItem(i)->rect()1 7 QRect(0,330 1957x111)
[   119.49 ] D: _tracksModel->getItem(i)->rect()1 8 QRect(0,441 1957x111)
[   119.49 ] D: _tracksModel->getItem(i)->rect()1 9 QRect(0,552 1957x111)
[   119.49 ] D: setTracksRect
[   119.49 ] D: setTracksRect
[   119.49 ] D: sltStartContentYChanged4
[   119.50 ] D: sltStartContentYChanged1
[   119.50 ] D: sltStartContentYChanged2
[   119.50 ] D: sltStartContentYChanged3
[   119.50 ] D: _tracksModel->getItem(i)->rect()1 0 QRect(0,-444 1957x111)
[   119.50 ] D: _tracksModel->getItem(i)->rect()1 1 QRect(0,-333 1957x111)
[   119.50 ] D: _tracksModel->getItem(i)->rect()1 2 QRect(0,-222 1957x111)
[   119.50 ] D: _tracksModel->getItem(i)->rect()1 3 QRect(0,-111 1957x111)
[   119.50 ] D: _tracksModel->getItem(i)->rect()1 4 QRect(0,0 1957x111)
[   119.50 ] D: _tracksModel->getItem(i)->rect()1 5 QRect(0,111 1957x111)
[   119.50 ] D: _tracksModel->getItem(i)->rect()1 6 QRect(0,222 1957x111)
[   119.50 ] D: _tracksModel->getItem(i)->rect()1 7 QRect(0,333 1957x111)
[   119.50 ] D: _tracksModel->getItem(i)->rect()1 8 QRect(0,444 1957x111)
[   119.50 ] D: _tracksModel->getItem(i)->rect()1 9 QRect(0,555 1957x111)
[   119.50 ] D: setTracksRect
[   119.51 ] D: setTracksRect
[   119.51 ] D: sltStartContentYChanged4
[   119.51 ] D: sltStartContentYChanged1
[   119.51 ] D: sltStartContentYChanged2
[   119.51 ] D: sltStartContentYChanged3
[   119.51 ] D: _tracksModel->getItem(i)->rect()1 0 QRect(0,-440 1957x111)
[   119.51 ] D: _tracksModel->getItem(i)->rect()1 1 QRect(0,-329 1957x111)
[   119.51 ] D: _tracksModel->getItem(i)->rect()1 2 QRect(0,-218 1957x111)
[   119.51 ] D: _tracksModel->getItem(i)->rect()1 3 QRect(0,-107 1957x111)
[   119.51 ] D: _tracksModel->getItem(i)->rect()1 4 QRect(0,4 1957x111)
[   119.51 ] D: _tracksModel->getItem(i)->rect()1 5 QRect(0,115 1957x111)
[   119.51 ] D: _tracksModel->getItem(i)->rect()1 6 QRect(0,226 1957x111)
[   119.51 ] D: _tracksModel->getItem(i)->rect()1 7 QRect(0,337 1957x111)
[   119.51 ] D: _tracksModel->getItem(i)->rect()1 8 QRect(0,448 1957x111)
[   119.51 ] D: _tracksModel->getItem(i)->rect()1 9 QRect(0,559 1957x111)
[   119.51 ] D: setTracksRect
[   119.51 ] D: setTracksRect
[   119.51 ] D: sltStartContentYChanged4
[   119.53 ] D: sltStartContentYChanged1
[   119.53 ] D: sltStartContentYChanged2
[   119.53 ] D: sltStartContentYChanged3
[   119.53 ] D: _tracksModel->getItem(i)->rect()1 0 QRect(0,-438 1957x111)
[   119.53 ] D: _tracksModel->getItem(i)->rect()1 1 QRect(0,-327 1957x111)
[   119.53 ] D: _tracksModel->getItem(i)->rect()1 2 QRect(0,-216 1957x111)
[   119.53 ] D: _tracksModel->getItem(i)->rect()1 3 QRect(0,-105 1957x111)
[   119.53 ] D: _tracksModel->getItem(i)->rect()1 4 QRect(0,6 1957x111)
[   119.53 ] D: _tracksModel->getItem(i)->rect()1 5 QRect(0,117 1957x111)
[   119.53 ] D: _tracksModel->getItem(i)->rect()1 6 QRect(0,228 1957x111)
[   119.53 ] D: _tracksModel->getItem(i)->rect()1 7 QRect(0,339 1957x111)
[   119.53 ] D: _tracksModel->getItem(i)->rect()1 8 QRect(0,450 1957x111)
[   119.53 ] D: _tracksModel->getItem(i)->rect()1 9 QRect(0,561 1957x111)
[   119.53 ] D: setTracksRect
[   119.53 ] D: setTracksRect
[   119.53 ] D: sltStartContentYChanged4
[   119.55 ] D: sltStartContentYChanged1
[   119.55 ] D: sltStartContentYChanged2
[   119.56 ] D: sltStartContentYChanged3
[   119.56 ] D: _tracksModel->getItem(i)->rect()1 0 QRect(0,-435 1957x111)
[   119.56 ] D: _tracksModel->getItem(i)->rect()1 1 QRect(0,-324 1957x111)
[   119.56 ] D: _tracksModel->getItem(i)->rect()1 2 QRect(0,-213 1957x111)
[   119.56 ] D: _tracksModel->getItem(i)->rect()1 3 QRect(0,-102 1957x111)
[   119.56 ] D: _tracksModel->getItem(i)->rect()1 4 QRect(0,9 1957x111)
[   119.56 ] D: _tracksModel->getItem(i)->rect()1 5 QRect(0,120 1957x111)
[   119.56 ] D: _tracksModel->getItem(i)->rect()1 6 QRect(0,231 1957x111)
[   119.56 ] D: _tracksModel->getItem(i)->rect()1 7 QRect(0,342 1957x111)
[   119.56 ] D: _tracksModel->getItem(i)->rect()1 8 QRect(0,453 1957x111)
[   119.56 ] D: _tracksModel->getItem(i)->rect()1 9 QRect(0,564 1957x111)
[   119.56 ] D: setTracksRect
[   119.56 ] D: setTracksRect
[   119.56 ] D: sltStartContentYChanged4
[   119.56 ] D: sltStartContentYChanged1
[   119.56 ] D: sltStartContentYChanged2
[   119.56 ] D: sltStartContentYChanged3
[   119.56 ] D: _tracksModel->getItem(i)->rect()1 0 QRect(0,-434 1957x111)
[   119.56 ] D: _tracksModel->getItem(i)->rect()1 1 QRect(0,-323 1957x111)
[   119.56 ] D: _tracksModel->getItem(i)->rect()1 2 QRect(0,-212 1957x111)
[   119.56 ] D: _tracksModel->getItem(i)->rect()1 3 QRect(0,-101 1957x111)
[   119.56 ] D: _tracksModel->getItem(i)->rect()1 4 QRect(0,10 1957x111)
[   119.56 ] D: _tracksModel->getItem(i)->rect()1 5 QRect(0,121 1957x111)
[   119.56 ] D: _tracksModel->getItem(i)->rect()1 6 QRect(0,232 1957x111)
[   119.56 ] D: _tracksModel->getItem(i)->rect()1 7 QRect(0,343 1957x111)
[   119.56 ] D: _tracksModel->getItem(i)->rect()1 8 QRect(0,454 1957x111)
[   119.56 ] D: _tracksModel->getItem(i)->rect()1 9 QRect(0,565 1957x111)
[   119.56 ] D: setTracksRect
[   119.56 ] D: setTracksRect
[   119.56 ] D: sltStartContentYChanged4
[   119.58 ] D: sltStartContentYChanged1
[   119.58 ] D: sltStartContentYChanged2
[   119.58 ] D: sltStartContentYChanged3
[   119.58 ] D: _tracksModel->getItem(i)->rect()1 0 QRect(0,-432 1957x111)
[   119.58 ] D: _tracksModel->getItem(i)->rect()1 1 QRect(0,-321 1957x111)
[   119.58 ] D: _tracksModel->getItem(i)->rect()1 2 QRect(0,-210 1957x111)
[   119.58 ] D: _tracksModel->getItem(i)->rect()1 3 QRect(0,-99 1957x111)
[   119.58 ] D: _tracksModel->getItem(i)->rect()1 4 QRect(0,12 1957x111)
[   119.58 ] D: _tracksModel->getItem(i)->rect()1 5 QRect(0,123 1957x111)
[   119.58 ] D: _tracksModel->getItem(i)->rect()1 6 QRect(0,234 1957x111)
[   119.58 ] D: _tracksModel->getItem(i)->rect()1 7 QRect(0,345 1957x111)
[   119.58 ] D: _tracksModel->getItem(i)->rect()1 8 QRect(0,456 1957x111)
[   119.59 ] D: _tracksModel->getItem(i)->rect()1 9 QRect(0,567 1957x111)
[   119.59 ] D: setTracksRect
[   119.59 ] D: setTracksRect
[   119.59 ] D: sltStartContentYChanged4
[   119.59 ] D: sltStartContentYChanged1
[   119.59 ] D: sltStartContentYChanged2
[   119.59 ] D: sltStartContentYChanged3
[   119.59 ] D: _tracksModel->getItem(i)->rect()1 0 QRect(0,-431 1957x111)
[   119.59 ] D: _tracksModel->getItem(i)->rect()1 1 QRect(0,-320 1957x111)
[   119.59 ] D: _tracksModel->getItem(i)->rect()1 2 QRect(0,-209 1957x111)
[   119.59 ] D: _tracksModel->getItem(i)->rect()1 3 QRect(0,-98 1957x111)
[   119.59 ] D: _tracksModel->getItem(i)->rect()1 4 QRect(0,13 1957x111)
[   119.59 ] D: _tracksModel->getItem(i)->rect()1 5 QRect(0,124 1957x111)
[   119.59 ] D: _tracksModel->getItem(i)->rect()1 6 QRect(0,235 1957x111)
[   119.59 ] D: _tracksModel->getItem(i)->rect()1 7 QRect(0,346 1957x111)
[   119.59 ] D: _tracksModel->getItem(i)->rect()1 8 QRect(0,457 1957x111)
[   119.59 ] D: _tracksModel->getItem(i)->rect()1 9 QRect(0,568 1957x111)
[   119.59 ] D: setTracksRect
[   119.59 ] D: setTracksRect
[   119.59 ] D: sltStartContentYChanged4
[   119.65 ] D: sltStartContentYChanged1
[   119.65 ] D: sltStartContentYChanged2
[   119.66 ] D: sltStartContentYChanged3
[   119.66 ] D: _tracksModel->getItem(i)->rect()1 0 QRect(0,-421 1957x111)
[   119.66 ] D: _tracksModel->getItem(i)->rect()1 1 QRect(0,-310 1957x111)
[   119.66 ] D: _tracksModel->getItem(i)->rect()1 2 QRect(0,-199 1957x111)
[   119.66 ] D: _tracksModel->getItem(i)->rect()1 3 QRect(0,-88 1957x111)
[   119.66 ] D: _tracksModel->getItem(i)->rect()1 4 QRect(0,23 1957x111)
[   119.66 ] D: _tracksModel->getItem(i)->rect()1 5 QRect(0,134 1957x111)
[   119.66 ] D: _tracksModel->getItem(i)->rect()1 6 QRect(0,245 1957x111)
[   119.66 ] D: _tracksModel->getItem(i)->rect()1 7 QRect(0,356 1957x111)
[   119.66 ] D: _tracksModel->getItem(i)->rect()1 8 QRect(0,467 1957x111)
[   119.66 ] D: _tracksModel->getItem(i)->rect()1 9 QRect(0,578 1957x111)
[   119.66 ] D: setTracksRect
[   119.66 ] D: setTracksRect
[   119.66 ] D: sltStartContentYChanged4
[   119.69 ] D: sltStartContentYChanged1
[   119.69 ] D: sltStartContentYChanged2
[   119.70 ] D: sltStartContentYChanged3
[   119.70 ] D: _tracksModel->getItem(i)->rect()1 0 QRect(0,-416 1957x111)
[   119.70 ] D: _tracksModel->getItem(i)->rect()1 1 QRect(0,-305 1957x111)
[   119.70 ] D: _tracksModel->getItem(i)->rect()1 2 QRect(0,-194 1957x111)
[   119.70 ] D: _tracksModel->getItem(i)->rect()1 3 QRect(0,-83 1957x111)
[   119.70 ] D: _tracksModel->getItem(i)->rect()1 4 QRect(0,28 1957x111)
[   119.70 ] D: _tracksModel->getItem(i)->rect()1 5 QRect(0,139 1957x111)
[   119.70 ] D: _tracksModel->getItem(i)->rect()1 6 QRect(0,250 1957x111)
[   119.70 ] D: _tracksModel->getItem(i)->rect()1 7 QRect(0,361 1957x111)
[   119.70 ] D: _tracksModel->getItem(i)->rect()1 8 QRect(0,472 1957x111)
[   119.70 ] D: _tracksModel->getItem(i)->rect()1 9 QRect(0,583 1957x111)
[   119.70 ] D: setTracksRect
[   119.70 ] D: setTracksRect
[   119.70 ] D: sltStartContentYChanged4
[   119.71 ] D: sltStartContentYChanged1
[   119.71 ] D: sltStartContentYChanged2
[   119.71 ] D: sltStartContentYChanged3
[   119.71 ] D: _tracksModel->getItem(i)->rect()1 0 QRect(0,-408 1957x111)
[   119.71 ] D: _tracksModel->getItem(i)->rect()1 1 QRect(0,-297 1957x111)
[   119.71 ] D: _tracksModel->getItem(i)->rect()1 2 QRect(0,-186 1957x111)
[   119.71 ] D: _tracksModel->getItem(i)->rect()1 3 QRect(0,-75 1957x111)
[   119.71 ] D: _tracksModel->getItem(i)->rect()1 4 QRect(0,36 1957x111)
[   119.71 ] D: _tracksModel->getItem(i)->rect()1 5 QRect(0,147 1957x111)
[   119.71 ] D: _tracksModel->getItem(i)->rect()1 6 QRect(0,258 1957x111)
[   119.71 ] D: _tracksModel->getItem(i)->rect()1 7 QRect(0,369 1957x111)
[   119.71 ] D: _tracksModel->getItem(i)->rect()1 8 QRect(0,480 1957x111)
[   119.71 ] D: _tracksModel->getItem(i)->rect()1 9 QRect(0,591 1957x111)
[   119.71 ] D: setTracksRect
[   119.71 ] D: setTracksRect
[   119.71 ] D: sltStartContentYChanged4
[   119.72 ] D: sltStartContentYChanged1
[   119.72 ] D: sltStartContentYChanged2
[   119.73 ] D: sltStartContentYChanged3
[   119.73 ] D: _tracksModel->getItem(i)->rect()1 0 QRect(0,-403 1957x111)
[   119.73 ] D: _tracksModel->getItem(i)->rect()1 1 QRect(0,-292 1957x111)
[   119.73 ] D: _tracksModel->getItem(i)->rect()1 2 QRect(0,-181 1957x111)
[   119.73 ] D: _tracksModel->getItem(i)->rect()1 3 QRect(0,-70 1957x111)
[   119.73 ] D: _tracksModel->getItem(i)->rect()1 4 QRect(0,41 1957x111)
[   119.73 ] D: _tracksModel->getItem(i)->rect()1 5 QRect(0,152 1957x111)
[   119.73 ] D: _tracksModel->getItem(i)->rect()1 6 QRect(0,263 1957x111)
[   119.73 ] D: _tracksModel->getItem(i)->rect()1 7 QRect(0,374 1957x111)
[   119.73 ] D: _tracksModel->getItem(i)->rect()1 8 QRect(0,485 1957x111)
[   119.73 ] D: _tracksModel->getItem(i)->rect()1 9 QRect(0,596 1957x111)
[   119.73 ] D: setTracksRect
[   119.73 ] D: setTracksRect
[   119.73 ] D: sltStartContentYChanged4
[   119.73 ] D: sltStartContentYChanged1
[   119.74 ] D: sltStartContentYChanged2
[   119.74 ] D: sltStartContentYChanged3
[   119.74 ] D: _tracksModel->getItem(i)->rect()1 0 QRect(0,-399 1957x111)
[   119.74 ] D: _tracksModel->getItem(i)->rect()1 1 QRect(0,-288 1957x111)
[   119.74 ] D: _tracksModel->getItem(i)->rect()1 2 QRect(0,-177 1957x111)
[   119.74 ] D: _tracksModel->getItem(i)->rect()1 3 QRect(0,-66 1957x111)
[   119.74 ] D: _tracksModel->getItem(i)->rect()1 4 QRect(0,45 1957x111)
[   119.74 ] D: _tracksModel->getItem(i)->rect()1 5 QRect(0,156 1957x111)
[   119.74 ] D: _tracksModel->getItem(i)->rect()1 6 QRect(0,267 1957x111)
[   119.74 ] D: _tracksModel->getItem(i)->rect()1 7 QRect(0,378 1957x111)
[   119.74 ] D: _tracksModel->getItem(i)->rect()1 8 QRect(0,489 1957x111)
[   119.74 ] D: _tracksModel->getItem(i)->rect()1 9 QRect(0,600 1957x111)
[   119.74 ] D: setTracksRect
[   119.74 ] D: setTracksRect
[   119.74 ] D: sltStartContentYChanged4
[   119.75 ] D: sltStartContentYChanged1
[   119.75 ] D: sltStartContentYChanged2
[   119.75 ] D: sltStartContentYChanged3
[   119.76 ] D: _tracksModel->getItem(i)->rect()1 0 QRect(0,-395 1957x111)
[   119.76 ] D: _tracksModel->getItem(i)->rect()1 1 QRect(0,-284 1957x111)
[   119.76 ] D: _tracksModel->getItem(i)->rect()1 2 QRect(0,-173 1957x111)
[   119.76 ] D: _tracksModel->getItem(i)->rect()1 3 QRect(0,-62 1957x111)
[   119.76 ] D: _tracksModel->getItem(i)->rect()1 4 QRect(0,49 1957x111)
[   119.76 ] D: _tracksModel->getItem(i)->rect()1 5 QRect(0,160 1957x111)
[   119.76 ] D: _tracksModel->getItem(i)->rect()1 6 QRect(0,271 1957x111)
[   119.76 ] D: _tracksModel->getItem(i)->rect()1 7 QRect(0,382 1957x111)
[   119.76 ] D: _tracksModel->getItem(i)->rect()1 8 QRect(0,493 1957x111)
[   119.76 ] D: _tracksModel->getItem(i)->rect()1 9 QRect(0,604 1957x111)
[   119.76 ] D: setTracksRect
[   119.76 ] D: setTracksRect
[   119.76 ] D: sltStartContentYChanged4
[   119.78 ] D: sltStartContentYChanged1
[   119.78 ] D: sltStartContentYChanged2
[   119.78 ] D: sltStartContentYChanged3
[   119.78 ] D: _tracksModel->getItem(i)->rect()1 0 QRect(0,-391 1957x111)
[   119.78 ] D: _tracksModel->getItem(i)->rect()1 1 QRect(0,-280 1957x111)
[   119.78 ] D: _tracksModel->getItem(i)->rect()1 2 QRect(0,-169 1957x111)
[   119.78 ] D: _tracksModel->getItem(i)->rect()1 3 QRect(0,-58 1957x111)
[   119.78 ] D: _tracksModel->getItem(i)->rect()1 4 QRect(0,53 1957x111)
[   119.78 ] D: _tracksModel->getItem(i)->rect()1 5 QRect(0,164 1957x111)
[   119.78 ] D: _tracksModel->getItem(i)->rect()1 6 QRect(0,275 1957x111)
[   119.78 ] D: _tracksModel->getItem(i)->rect()1 7 QRect(0,386 1957x111)
[   119.78 ] D: _tracksModel->getItem(i)->rect()1 8 QRect(0,497 1957x111)
[   119.78 ] D: _tracksModel->getItem(i)->rect()1 9 QRect(0,608 1957x111)
[   119.78 ] D: setTracksRect
[   119.78 ] D: setTracksRect
[   119.78 ] D: sltStartContentYChanged4
[   119.80 ] D: sltStartContentYChanged1
[   119.80 ] D: sltStartContentYChanged2
[   119.80 ] D: sltStartContentYChanged3
[   119.80 ] D: _tracksModel->getItem(i)->rect()1 0 QRect(0,-388 1957x111)
[   119.80 ] D: _tracksModel->getItem(i)->rect()1 1 QRect(0,-277 1957x111)
[   119.80 ] D: _tracksModel->getItem(i)->rect()1 2 QRect(0,-166 1957x111)
[   119.80 ] D: _tracksModel->getItem(i)->rect()1 3 QRect(0,-55 1957x111)
[   119.80 ] D: _tracksModel->getItem(i)->rect()1 4 QRect(0,56 1957x111)
[   119.81 ] D: _tracksModel->getItem(i)->rect()1 5 QRect(0,167 1957x111)
[   119.81 ] D: _tracksModel->getItem(i)->rect()1 6 QRect(0,278 1957x111)
[   119.81 ] D: _tracksModel->getItem(i)->rect()1 7 QRect(0,389 1957x111)
[   119.81 ] D: _tracksModel->getItem(i)->rect()1 8 QRect(0,500 1957x111)
[   119.81 ] D: _tracksModel->getItem(i)->rect()1 9 QRect(0,611 1957x111)
[   119.81 ] D: setTracksRect
[   119.81 ] D: setTracksRect
[   119.81 ] D: sltStartContentYChanged4
[   119.81 ] D: sltStartContentYChanged1
[   119.81 ] D: sltStartContentYChanged2
[   119.81 ] D: sltStartContentYChanged3
[   119.81 ] D: _tracksModel->getItem(i)->rect()1 0 QRect(0,-385 1957x111)
[   119.81 ] D: _tracksModel->getItem(i)->rect()1 1 QRect(0,-274 1957x111)
[   119.81 ] D: _tracksModel->getItem(i)->rect()1 2 QRect(0,-163 1957x111)
[   119.81 ] D: _tracksModel->getItem(i)->rect()1 3 QRect(0,-52 1957x111)
[   119.81 ] D: _tracksModel->getItem(i)->rect()1 4 QRect(0,59 1957x111)
[   119.81 ] D: _tracksModel->getItem(i)->rect()1 5 QRect(0,170 1957x111)
[   119.81 ] D: _tracksModel->getItem(i)->rect()1 6 QRect(0,281 1957x111)
[   119.81 ] D: _tracksModel->getItem(i)->rect()1 7 QRect(0,392 1957x111)
[   119.81 ] D: _tracksModel->getItem(i)->rect()1 8 QRect(0,503 1957x111)
[   119.81 ] D: _tracksModel->getItem(i)->rect()1 9 QRect(0,614 1957x111)
[   119.81 ] D: setTracksRect
[   119.81 ] D: setTracksRect
[   119.81 ] D: sltStartContentYChanged4
[   119.83 ] D: sltStartContentYChanged1
[   119.83 ] D: sltStartContentYChanged2
[   119.83 ] D: sltStartContentYChanged3
[   119.83 ] D: _tracksModel->getItem(i)->rect()1 0 QRect(0,-383 1957x111)
[   119.83 ] D: _tracksModel->getItem(i)->rect()1 1 QRect(0,-272 1957x111)
[   119.83 ] D: _tracksModel->getItem(i)->rect()1 2 QRect(0,-161 1957x111)
[   119.83 ] D: _tracksModel->getItem(i)->rect()1 3 QRect(0,-50 1957x111)
[   119.83 ] D: _tracksModel->getItem(i)->rect()1 4 QRect(0,61 1957x111)
[   119.83 ] D: _tracksModel->getItem(i)->rect()1 5 QRect(0,172 1957x111)
[   119.83 ] D: _tracksModel->getItem(i)->rect()1 6 QRect(0,283 1957x111)
[   119.83 ] D: _tracksModel->getItem(i)->rect()1 7 QRect(0,394 1957x111)
[   119.83 ] D: _tracksModel->getItem(i)->rect()1 8 QRect(0,505 1957x111)
[   119.83 ] D: _tracksModel->getItem(i)->rect()1 9 QRect(0,616 1957x111)
[   119.83 ] D: setTracksRect
[   119.83 ] D: setTracksRect
[   119.83 ] D: sltStartContentYChanged4
[   119.86 ] D: sltStartContentYChanged1
[   119.86 ] D: sltStartContentYChanged2
[   119.86 ] D: sltStartContentYChanged3
[   119.86 ] D: _tracksModel->getItem(i)->rect()1 0 QRect(0,-381 1957x111)
[   119.86 ] D: _tracksModel->getItem(i)->rect()1 1 QRect(0,-270 1957x111)
[   119.86 ] D: _tracksModel->getItem(i)->rect()1 2 QRect(0,-159 1957x111)
[   119.86 ] D: _tracksModel->getItem(i)->rect()1 3 QRect(0,-48 1957x111)
[   119.86 ] D: _tracksModel->getItem(i)->rect()1 4 QRect(0,63 1957x111)
[   119.86 ] D: _tracksModel->getItem(i)->rect()1 5 QRect(0,174 1957x111)
[   119.86 ] D: _tracksModel->getItem(i)->rect()1 6 QRect(0,285 1957x111)
[   119.86 ] D: _tracksModel->getItem(i)->rect()1 7 QRect(0,396 1957x111)
[   119.86 ] D: _tracksModel->getItem(i)->rect()1 8 QRect(0,507 1957x111)
[   119.86 ] D: _tracksModel->getItem(i)->rect()1 9 QRect(0,618 1957x111)
[   119.86 ] D: setTracksRect
[   119.86 ] D: setTracksRect
[   119.86 ] D: sltStartContentYChanged4
[   119.87 ] D: sltStartContentYChanged1
[   119.87 ] D: sltStartContentYChanged2
[   119.87 ] D: sltStartContentYChanged3
[   119.87 ] D: _tracksModel->getItem(i)->rect()1 0 QRect(0,-379 1957x111)
[   119.87 ] D: _tracksModel->getItem(i)->rect()1 1 QRect(0,-268 1957x111)
[   119.87 ] D: _tracksModel->getItem(i)->rect()1 2 QRect(0,-157 1957x111)
[   119.87 ] D: _tracksModel->getItem(i)->rect()1 3 QRect(0,-46 1957x111)
[   119.87 ] D: _tracksModel->getItem(i)->rect()1 4 QRect(0,65 1957x111)
[   119.87 ] D: _tracksModel->getItem(i)->rect()1 5 QRect(0,176 1957x111)
[   119.87 ] D: _tracksModel->getItem(i)->rect()1 6 QRect(0,287 1957x111)
[   119.87 ] D: _tracksModel->getItem(i)->rect()1 7 QRect(0,398 1957x111)
[   119.87 ] D: _tracksModel->getItem(i)->rect()1 8 QRect(0,509 1957x111)
[   119.87 ] D: _tracksModel->getItem(i)->rect()1 9 QRect(0,620 1957x111)
[   119.87 ] D: setTracksRect
[   119.87 ] D: setTracksRect
[   119.87 ] D: sltStartContentYChanged4
[   119.88 ] D: sltStartContentYChanged1
[   119.88 ] D: sltStartContentYChanged2
[   119.88 ] D: sltStartContentYChanged3
[   119.88 ] D: _tracksModel->getItem(i)->rect()1 0 QRect(0,-375 1957x111)
[   119.88 ] D: _tracksModel->getItem(i)->rect()1 1 QRect(0,-264 1957x111)
[   119.88 ] D: _tracksModel->getItem(i)->rect()1 2 QRect(0,-153 1957x111)
[   119.88 ] D: _tracksModel->getItem(i)->rect()1 3 QRect(0,-42 1957x111)
[   119.88 ] D: _tracksModel->getItem(i)->rect()1 4 QRect(0,69 1957x111)
[   119.88 ] D: _tracksModel->getItem(i)->rect()1 5 QRect(0,180 1957x111)
[   119.88 ] D: _tracksModel->getItem(i)->rect()1 6 QRect(0,291 1957x111)
[   119.88 ] D: _tracksModel->getItem(i)->rect()1 7 QRect(0,402 1957x111)
[   119.88 ] D: _tracksModel->getItem(i)->rect()1 8 QRect(0,513 1957x111)
[   119.88 ] D: _tracksModel->getItem(i)->rect()1 9 QRect(0,624 1957x111)
[   119.88 ] D: setTracksRect
[   119.88 ] D: setTracksRect
[   119.88 ] D: sltStartContentYChanged4
[   119.91 ] D: sltStartContentYChanged1
[   119.91 ] D: sltStartContentYChanged2
[   119.91 ] D: sltStartContentYChanged3
[   119.91 ] D: _tracksModel->getItem(i)->rect()1 0 QRect(0,-370 1957x111)
[   119.91 ] D: _tracksModel->getItem(i)->rect()1 1 QRect(0,-259 1957x111)
[   119.91 ] D: _tracksModel->getItem(i)->rect()1 2 QRect(0,-148 1957x111)
[   119.91 ] D: _tracksModel->getItem(i)->rect()1 3 QRect(0,-37 1957x111)
[   119.91 ] D: _tracksModel->getItem(i)->rect()1 4 QRect(0,74 1957x111)
[   119.91 ] D: _tracksModel->getItem(i)->rect()1 5 QRect(0,185 1957x111)
[   119.91 ] D: _tracksModel->getItem(i)->rect()1 6 QRect(0,296 1957x111)
[   119.91 ] D: _tracksModel->getItem(i)->rect()1 7 QRect(0,407 1957x111)
[   119.91 ] D: _tracksModel->getItem(i)->rect()1 8 QRect(0,518 1957x111)
[   119.91 ] D: _tracksModel->getItem(i)->rect()1 9 QRect(0,629 1957x111)
[   119.91 ] D: setTracksRect
[   119.91 ] D: setTracksRect
[   119.91 ] D: sltStartContentYChanged4
[   119.92 ] D: sltStartContentYChanged1
[   119.92 ] D: sltStartContentYChanged2
[   119.92 ] D: sltStartContentYChanged3
[   119.92 ] D: _tracksModel->getItem(i)->rect()1 0 QRect(0,-365 1957x111)
[   119.92 ] D: _tracksModel->getItem(i)->rect()1 1 QRect(0,-254 1957x111)
[   119.92 ] D: _tracksModel->getItem(i)->rect()1 2 QRect(0,-143 1957x111)
[   119.92 ] D: _tracksModel->getItem(i)->rect()1 3 QRect(0,-32 1957x111)
[   119.92 ] D: _tracksModel->getItem(i)->rect()1 4 QRect(0,79 1957x111)
[   119.92 ] D: _tracksModel->getItem(i)->rect()1 5 QRect(0,190 1957x111)
[   119.92 ] D: _tracksModel->getItem(i)->rect()1 6 QRect(0,301 1957x111)
[   119.92 ] D: _tracksModel->getItem(i)->rect()1 7 QRect(0,412 1957x111)
[   119.92 ] D: _tracksModel->getItem(i)->rect()1 8 QRect(0,523 1957x111)
[   119.92 ] D: _tracksModel->getItem(i)->rect()1 9 QRect(0,634 1957x111)
[   119.92 ] D: setTracksRect
[   119.92 ] D: setTracksRect
[   119.92 ] D: sltStartContentYChanged4
[   119.93 ] D: sltStartContentYChanged1
[   119.93 ] D: sltStartContentYChanged2
[   119.93 ] D: sltStartContentYChanged3
[   119.93 ] D: _tracksModel->getItem(i)->rect()1 0 QRect(0,-360 1957x111)
[   119.93 ] D: _tracksModel->getItem(i)->rect()1 1 QRect(0,-249 1957x111)
[   119.93 ] D: _tracksModel->getItem(i)->rect()1 2 QRect(0,-138 1957x111)
[   119.93 ] D: _tracksModel->getItem(i)->rect()1 3 QRect(0,-27 1957x111)
[   119.93 ] D: _tracksModel->getItem(i)->rect()1 4 QRect(0,84 1957x111)
[   119.93 ] D: _tracksModel->getItem(i)->rect()1 5 QRect(0,195 1957x111)
[   119.93 ] D: _tracksModel->getItem(i)->rect()1 6 QRect(0,306 1957x111)
[   119.93 ] D: _tracksModel->getItem(i)->rect()1 7 QRect(0,417 1957x111)
[   119.93 ] D: _tracksModel->getItem(i)->rect()1 8 QRect(0,528 1957x111)
[   119.93 ] D: _tracksModel->getItem(i)->rect()1 9 QRect(0,639 1957x111)
[   119.93 ] D: setTracksRect
[   119.93 ] D: setTracksRect
[   119.93 ] D: sltStartContentYChanged4
[   119.95 ] D: sltStartContentYChanged1
[   119.95 ] D: sltStartContentYChanged2
[   119.96 ] D: sltStartContentYChanged3
[   119.96 ] D: _tracksModel->getItem(i)->rect()1 0 QRect(0,-355 1957x111)
[   119.96 ] D: _tracksModel->getItem(i)->rect()1 1 QRect(0,-244 1957x111)
[   119.96 ] D: _tracksModel->getItem(i)->rect()1 2 QRect(0,-133 1957x111)
[   119.96 ] D: _tracksModel->getItem(i)->rect()1 3 QRect(0,-22 1957x111)
[   119.96 ] D: _tracksModel->getItem(i)->rect()1 4 QRect(0,89 1957x111)
[   119.96 ] D: _tracksModel->getItem(i)->rect()1 5 QRect(0,200 1957x111)
[   119.96 ] D: _tracksModel->getItem(i)->rect()1 6 QRect(0,311 1957x111)
[   119.96 ] D: _tracksModel->getItem(i)->rect()1 7 QRect(0,422 1957x111)
[   119.96 ] D: _tracksModel->getItem(i)->rect()1 8 QRect(0,533 1957x111)
[   119.96 ] D: _tracksModel->getItem(i)->rect()1 9 QRect(0,644 1957x111)
[   119.96 ] D: setTracksRect
[   119.96 ] D: setTracksRect
[   119.96 ] D: sltStartContentYChanged4
[   119.96 ] D: sltStartContentYChanged1
[   119.96 ] D: sltStartContentYChanged2
[   119.96 ] D: sltStartContentYChanged3
[   119.96 ] D: _tracksModel->getItem(i)->rect()1 0 QRect(0,-351 1957x111)
[   119.96 ] D: _tracksModel->getItem(i)->rect()1 1 QRect(0,-240 1957x111)
[   119.96 ] D: _tracksModel->getItem(i)->rect()1 2 QRect(0,-129 1957x111)
[   119.96 ] D: _tracksModel->getItem(i)->rect()1 3 QRect(0,-18 1957x111)
[   119.96 ] D: _tracksModel->getItem(i)->rect()1 4 QRect(0,93 1957x111)
[   119.96 ] D: _tracksModel->getItem(i)->rect()1 5 QRect(0,204 1957x111)
[   119.96 ] D: _tracksModel->getItem(i)->rect()1 6 QRect(0,315 1957x111)
[   119.96 ] D: _tracksModel->getItem(i)->rect()1 7 QRect(0,426 1957x111)
[   119.96 ] D: _tracksModel->getItem(i)->rect()1 8 QRect(0,537 1957x111)
[   119.96 ] D: _tracksModel->getItem(i)->rect()1 9 QRect(0,648 1957x111)
[   119.96 ] D: setTracksRect
[   119.96 ] D: setTracksRect
[   119.96 ] D: sltStartContentYChanged4
[   119.98 ] D: sltStartContentYChanged1
[   119.98 ] D: sltStartContentYChanged2
[   119.98 ] D: sltStartContentYChanged3
[   119.98 ] D: _tracksModel->getItem(i)->rect()1 0 QRect(0,-347 1957x111)
[   119.98 ] D: _tracksModel->getItem(i)->rect()1 1 QRect(0,-236 1957x111)
[   119.98 ] D: _tracksModel->getItem(i)->rect()1 2 QRect(0,-125 1957x111)
[   119.98 ] D: _tracksModel->getItem(i)->rect()1 3 QRect(0,-14 1957x111)
[   119.98 ] D: _tracksModel->getItem(i)->rect()1 4 QRect(0,97 1957x111)
[   119.98 ] D: _tracksModel->getItem(i)->rect()1 5 QRect(0,208 1957x111)
[   119.98 ] D: _tracksModel->getItem(i)->rect()1 6 QRect(0,319 1957x111)
[   119.98 ] D: _tracksModel->getItem(i)->rect()1 7 QRect(0,430 1957x111)
[   119.98 ] D: _tracksModel->getItem(i)->rect()1 8 QRect(0,541 1957x111)
[   119.98 ] D: _tracksModel->getItem(i)->rect()1 9 QRect(0,652 1957x111)
[   119.98 ] D: setTracksRect
[   119.98 ] D: setTracksRect
[   119.98 ] D: sltStartContentYChanged4
[   120.00 ] D: sltStartContentYChanged1
[   120.00 ] D: sltStartContentYChanged2
[   120.01 ] D: sltStartContentYChanged3
[   120.01 ] D: _tracksModel->getItem(i)->rect()1 0 QRect(0,-343 1957x111)
[   120.01 ] D: _tracksModel->getItem(i)->rect()1 1 QRect(0,-232 1957x111)
[   120.01 ] D: _tracksModel->getItem(i)->rect()1 2 QRect(0,-121 1957x111)
[   120.01 ] D: _tracksModel->getItem(i)->rect()1 3 QRect(0,-10 1957x111)
[   120.01 ] D: _tracksModel->getItem(i)->rect()1 4 QRect(0,101 1957x111)
[   120.01 ] D: _tracksModel->getItem(i)->rect()1 5 QRect(0,212 1957x111)
[   120.01 ] D: _tracksModel->getItem(i)->rect()1 6 QRect(0,323 1957x111)
[   120.01 ] D: _tracksModel->getItem(i)->rect()1 7 QRect(0,434 1957x111)
[   120.01 ] D: _tracksModel->getItem(i)->rect()1 8 QRect(0,545 1957x111)
[   120.01 ] D: _tracksModel->getItem(i)->rect()1 9 QRect(0,656 1957x111)
[   120.01 ] D: setTracksRect
[   120.01 ] D: setTracksRect
[   120.01 ] D: sltStartContentYChanged4
[   120.02 ] D: sltStartContentYChanged1
[   120.02 ] D: sltStartContentYChanged2
[   120.02 ] D: sltStartContentYChanged3
[   120.02 ] D: _tracksModel->getItem(i)->rect()1 0 QRect(0,-340 1957x111)
[   120.02 ] D: _tracksModel->getItem(i)->rect()1 1 QRect(0,-229 1957x111)
[   120.02 ] D: _tracksModel->getItem(i)->rect()1 2 QRect(0,-118 1957x111)
[   120.02 ] D: _tracksModel->getItem(i)->rect()1 3 QRect(0,-7 1957x111)
[   120.02 ] D: _tracksModel->getItem(i)->rect()1 4 QRect(0,104 1957x111)
[   120.02 ] D: _tracksModel->getItem(i)->rect()1 5 QRect(0,215 1957x111)
[   120.02 ] D: _tracksModel->getItem(i)->rect()1 6 QRect(0,326 1957x111)
[   120.02 ] D: _tracksModel->getItem(i)->rect()1 7 QRect(0,437 1957x111)
[   120.02 ] D: _tracksModel->getItem(i)->rect()1 8 QRect(0,548 1957x111)
[   120.02 ] D: _tracksModel->getItem(i)->rect()1 9 QRect(0,659 1957x111)
[   120.02 ] D: setTracksRect
[   120.02 ] D: setTracksRect
[   120.02 ] D: sltStartContentYChanged4
[   120.03 ] D: sltStartContentYChanged1
[   120.03 ] D: sltStartContentYChanged2
[   120.03 ] D: sltStartContentYChanged3
[   120.03 ] D: _tracksModel->getItem(i)->rect()1 0 QRect(0,-338 1957x111)
[   120.03 ] D: _tracksModel->getItem(i)->rect()1 1 QRect(0,-227 1957x111)
[   120.03 ] D: _tracksModel->getItem(i)->rect()1 2 QRect(0,-116 1957x111)
[   120.03 ] D: _tracksModel->getItem(i)->rect()1 3 QRect(0,-5 1957x111)
[   120.03 ] D: _tracksModel->getItem(i)->rect()1 4 QRect(0,106 1957x111)
[   120.03 ] D: _tracksModel->getItem(i)->rect()1 5 QRect(0,217 1957x111)
[   120.03 ] D: _tracksModel->getItem(i)->rect()1 6 QRect(0,328 1957x111)
[   120.03 ] D: _tracksModel->getItem(i)->rect()1 7 QRect(0,439 1957x111)
[   120.03 ] D: _tracksModel->getItem(i)->rect()1 8 QRect(0,550 1957x111)
[   120.03 ] D: _tracksModel->getItem(i)->rect()1 9 QRect(0,661 1957x111)
[   120.03 ] D: setTracksRect
[   120.03 ] D: setTracksRect
[   120.03 ] D: sltStartContentYChanged4
[   120.06 ] D: sltStartContentYChanged1
[   120.06 ] D: sltStartContentYChanged2
[   120.06 ] D: sltStartContentYChanged3
[   120.06 ] D: _tracksModel->getItem(i)->rect()1 0 QRect(0,-335 1957x111)
[   120.06 ] D: _tracksModel->getItem(i)->rect()1 1 QRect(0,-224 1957x111)
[   120.06 ] D: _tracksModel->getItem(i)->rect()1 2 QRect(0,-113 1957x111)
[   120.06 ] D: _tracksModel->getItem(i)->rect()1 3 QRect(0,-2 1957x111)
[   120.06 ] D: _tracksModel->getItem(i)->rect()1 4 QRect(0,109 1957x111)
[   120.06 ] D: _tracksModel->getItem(i)->rect()1 5 QRect(0,220 1957x111)
[   120.06 ] D: _tracksModel->getItem(i)->rect()1 6 QRect(0,331 1957x111)
[   120.06 ] D: _tracksModel->getItem(i)->rect()1 7 QRect(0,442 1957x111)
[   120.06 ] D: _tracksModel->getItem(i)->rect()1 8 QRect(0,553 1957x111)
[   120.06 ] D: _tracksModel->getItem(i)->rect()1 9 QRect(0,664 1957x111)
[   120.06 ] D: setTracksRect
[   120.06 ] D: setTracksRect
[   120.06 ] D: sltStartContentYChanged4
[   120.07 ] D: sltStartContentYChanged1
[   120.07 ] D: sltStartContentYChanged2
[   120.07 ] D: sltStartContentYChanged3
[   120.07 ] D: _tracksModel->getItem(i)->rect()1 0 QRect(0,-333 1957x111)
[   120.07 ] D: _tracksModel->getItem(i)->rect()1 1 QRect(0,-222 1957x111)
[   120.07 ] D: _tracksModel->getItem(i)->rect()1 2 QRect(0,-111 1957x111)
[   120.07 ] D: _tracksModel->getItem(i)->rect()1 3 QRect(0,0 1957x111)
[   120.07 ] D: _tracksModel->getItem(i)->rect()1 4 QRect(0,111 1957x111)
[   120.07 ] D: _tracksModel->getItem(i)->rect()1 5 QRect(0,222 1957x111)
[   120.07 ] D: _tracksModel->getItem(i)->rect()1 6 QRect(0,333 1957x111)
[   120.07 ] D: _tracksModel->getItem(i)->rect()1 7 QRect(0,444 1957x111)
[   120.07 ] D: _tracksModel->getItem(i)->rect()1 8 QRect(0,555 1957x111)
[   120.07 ] D: _tracksModel->getItem(i)->rect()1 9 QRect(0,666 1957x111)
[   120.07 ] D: setTracksRect
[   120.07 ] D: setTracksRect
[   120.07 ] D: sltStartContentYChanged4
[   120.07 ] D: sltStartContentYChanged1
[   120.07 ] D: sltStartContentYChanged2
[   120.08 ] D: sltStartContentYChanged3
[   120.08 ] D: _tracksModel->getItem(i)->rect()1 0 QRect(0,-332 1957x111)
[   120.08 ] D: _tracksModel->getItem(i)->rect()1 1 QRect(0,-221 1957x111)
[   120.08 ] D: _tracksModel->getItem(i)->rect()1 2 QRect(0,-110 1957x111)
[   120.08 ] D: _tracksModel->getItem(i)->rect()1 3 QRect(0,1 1957x111)
[   120.08 ] D: _tracksModel->getItem(i)->rect()1 4 QRect(0,112 1957x111)
[   120.08 ] D: _tracksModel->getItem(i)->rect()1 5 QRect(0,223 1957x111)
[   120.08 ] D: _tracksModel->getItem(i)->rect()1 6 QRect(0,334 1957x111)
[   120.08 ] D: _tracksModel->getItem(i)->rect()1 7 QRect(0,445 1957x111)
[   120.08 ] D: _tracksModel->getItem(i)->rect()1 8 QRect(0,556 1957x111)
[   120.08 ] D: _tracksModel->getItem(i)->rect()1 9 QRect(0,667 1957x111)
[   120.08 ] D: setTracksRect
[   120.08 ] D: setTracksRect
[   120.08 ] D: sltStartContentYChanged4
[   120.10 ] D: sltStartContentYChanged1
[   120.10 ] D: sltStartContentYChanged2
[   120.10 ] D: sltStartContentYChanged3
[   120.10 ] D: _tracksModel->getItem(i)->rect()1 0 QRect(0,-331 1957x111)
[   120.10 ] D: _tracksModel->getItem(i)->rect()1 1 QRect(0,-220 1957x111)
[   120.10 ] D: _tracksModel->getItem(i)->rect()1 2 QRect(0,-109 1957x111)
[   120.10 ] D: _tracksModel->getItem(i)->rect()1 3 QRect(0,2 1957x111)
[   120.10 ] D: _tracksModel->getItem(i)->rect()1 4 QRect(0,113 1957x111)
[   120.10 ] D: _tracksModel->getItem(i)->rect()1 5 QRect(0,224 1957x111)
[   120.10 ] D: _tracksModel->getItem(i)->rect()1 6 QRect(0,335 1957x111)
[   120.10 ] D: _tracksModel->getItem(i)->rect()1 7 QRect(0,446 1957x111)
[   120.10 ] D: _tracksModel->getItem(i)->rect()1 8 QRect(0,557 1957x111)
[   120.10 ] D: _tracksModel->getItem(i)->rect()1 9 QRect(0,668 1957x111)
[   120.10 ] D: setTracksRect
[   120.10 ] D: setTracksRect
[   120.10 ] D: sltStartContentYChanged4
[   120.11 ] D: sltStartContentYChanged1
[   120.11 ] D: sltStartContentYChanged2
[   120.11 ] D: sltStartContentYChanged3
[   120.11 ] D: _tracksModel->getItem(i)->rect()1 0 QRect(0,-326 1957x111)
[   120.11 ] D: _tracksModel->getItem(i)->rect()1 1 QRect(0,-215 1957x111)
[   120.11 ] D: _tracksModel->getItem(i)->rect()1 2 QRect(0,-104 1957x111)
[   120.11 ] D: _tracksModel->getItem(i)->rect()1 3 QRect(0,7 1957x111)
[   120.11 ] D: _tracksModel->getItem(i)->rect()1 4 QRect(0,118 1957x111)
[   120.11 ] D: _tracksModel->getItem(i)->rect()1 5 QRect(0,229 1957x111)
[   120.11 ] D: _tracksModel->getItem(i)->rect()1 6 QRect(0,340 1957x111)
[   120.11 ] D: _tracksModel->getItem(i)->rect()1 7 QRect(0,451 1957x111)
[   120.11 ] D: _tracksModel->getItem(i)->rect()1 8 QRect(0,562 1957x111)
[   120.11 ] D: _tracksModel->getItem(i)->rect()1 9 QRect(0,673 1957x111)
[   120.11 ] D: setTracksRect
[   120.11 ] D: setTracksRect
[   120.11 ] D: sltStartContentYChanged4
[   120.16 ] D: sltStartContentYChanged1
[   120.16 ] D: sltStartContentYChanged2
[   120.16 ] D: sltStartContentYChanged3
[   120.16 ] D: _tracksModel->getItem(i)->rect()1 0 QRect(0,-321 1957x111)
[   120.16 ] D: _tracksModel->getItem(i)->rect()1 1 QRect(0,-210 1957x111)
[   120.16 ] D: _tracksModel->getItem(i)->rect()1 2 QRect(0,-99 1957x111)
[   120.16 ] D: _tracksModel->getItem(i)->rect()1 3 QRect(0,12 1957x111)
[   120.16 ] D: _tracksModel->getItem(i)->rect()1 4 QRect(0,123 1957x111)
[   120.16 ] D: _tracksModel->getItem(i)->rect()1 5 QRect(0,234 1957x111)
[   120.16 ] D: _tracksModel->getItem(i)->rect()1 6 QRect(0,345 1957x111)
[   120.16 ] D: _tracksModel->getItem(i)->rect()1 7 QRect(0,456 1957x111)
[   120.16 ] D: _tracksModel->getItem(i)->rect()1 8 QRect(0,567 1957x111)
[   120.16 ] D: _tracksModel->getItem(i)->rect()1 9 QRect(0,678 1957x111)
[   120.16 ] D: setTracksRect
[   120.16 ] D: setTracksRect
[   120.16 ] D: sltStartContentYChanged4
[   120.17 ] D: sltStartContentYChanged1
[   120.17 ] D: sltStartContentYChanged2
[   120.17 ] D: sltStartContentYChanged3
[   120.17 ] D: _tracksModel->getItem(i)->rect()1 0 QRect(0,-316 1957x111)
[   120.17 ] D: _tracksModel->getItem(i)->rect()1 1 QRect(0,-205 1957x111)
[   120.17 ] D: _tracksModel->getItem(i)->rect()1 2 QRect(0,-94 1957x111)
[   120.17 ] D: _tracksModel->getItem(i)->rect()1 3 QRect(0,17 1957x111)
[   120.17 ] D: _tracksModel->getItem(i)->rect()1 4 QRect(0,128 1957x111)
[   120.17 ] D: _tracksModel->getItem(i)->rect()1 5 QRect(0,239 1957x111)
[   120.17 ] D: _tracksModel->getItem(i)->rect()1 6 QRect(0,350 1957x111)
[   120.17 ] D: _tracksModel->getItem(i)->rect()1 7 QRect(0,461 1957x111)
[   120.17 ] D: _tracksModel->getItem(i)->rect()1 8 QRect(0,572 1957x111)
[   120.17 ] D: _tracksModel->getItem(i)->rect()1 9 QRect(0,683 1957x111)
[   120.17 ] D: setTracksRect
[   120.17 ] D: setTracksRect
[   120.17 ] D: sltStartContentYChanged4
[   120.19 ] D: sltStartContentYChanged1
[   120.19 ] D: sltStartContentYChanged2
[   120.19 ] D: sltStartContentYChanged3
[   120.19 ] D: _tracksModel->getItem(i)->rect()1 0 QRect(0,-312 1957x111)
[   120.19 ] D: _tracksModel->getItem(i)->rect()1 1 QRect(0,-201 1957x111)
[   120.19 ] D: _tracksModel->getItem(i)->rect()1 2 QRect(0,-90 1957x111)
[   120.19 ] D: _tracksModel->getItem(i)->rect()1 3 QRect(0,21 1957x111)
[   120.19 ] D: _tracksModel->getItem(i)->rect()1 4 QRect(0,132 1957x111)
[   120.19 ] D: _tracksModel->getItem(i)->rect()1 5 QRect(0,243 1957x111)
[   120.19 ] D: _tracksModel->getItem(i)->rect()1 6 QRect(0,354 1957x111)
[   120.19 ] D: _tracksModel->getItem(i)->rect()1 7 QRect(0,465 1957x111)
[   120.19 ] D: _tracksModel->getItem(i)->rect()1 8 QRect(0,576 1957x111)
[   120.19 ] D: _tracksModel->getItem(i)->rect()1 9 QRect(0,687 1957x111)
[   120.19 ] D: setTracksRect
[   120.19 ] D: setTracksRect
[   120.19 ] D: sltStartContentYChanged4
[   120.20 ] D: sltStartContentYChanged1
[   120.20 ] D: sltStartContentYChanged2
[   120.21 ] D: sltStartContentYChanged3
[   120.21 ] D: _tracksModel->getItem(i)->rect()1 0 QRect(0,-307 1957x111)
[   120.21 ] D: _tracksModel->getItem(i)->rect()1 1 QRect(0,-196 1957x111)
[   120.21 ] D: _tracksModel->getItem(i)->rect()1 2 QRect(0,-85 1957x111)
[   120.21 ] D: _tracksModel->getItem(i)->rect()1 3 QRect(0,26 1957x111)
[   120.21 ] D: _tracksModel->getItem(i)->rect()1 4 QRect(0,137 1957x111)
[   120.21 ] D: _tracksModel->getItem(i)->rect()1 5 QRect(0,248 1957x111)
[   120.21 ] D: _tracksModel->getItem(i)->rect()1 6 QRect(0,359 1957x111)
[   120.21 ] D: _tracksModel->getItem(i)->rect()1 7 QRect(0,470 1957x111)
[   120.21 ] D: _tracksModel->getItem(i)->rect()1 8 QRect(0,581 1957x111)
[   120.21 ] D: _tracksModel->getItem(i)->rect()1 9 QRect(0,692 1957x111)
[   120.21 ] D: setTracksRect
[   120.21 ] D: setTracksRect
[   120.21 ] D: sltStartContentYChanged4
[   120.21 ] D: sltStartContentYChanged1
[   120.21 ] D: sltStartContentYChanged2
[   120.21 ] D: sltStartContentYChanged3
[   120.21 ] D: _tracksModel->getItem(i)->rect()1 0 QRect(0,-303 1957x111)
[   120.21 ] D: _tracksModel->getItem(i)->rect()1 1 QRect(0,-192 1957x111)
[   120.21 ] D: _tracksModel->getItem(i)->rect()1 2 QRect(0,-81 1957x111)
[   120.21 ] D: _tracksModel->getItem(i)->rect()1 3 QRect(0,30 1957x111)
[   120.21 ] D: _tracksModel->getItem(i)->rect()1 4 QRect(0,141 1957x111)
[   120.21 ] D: _tracksModel->getItem(i)->rect()1 5 QRect(0,252 1957x111)
[   120.21 ] D: _tracksModel->getItem(i)->rect()1 6 QRect(0,363 1957x111)
[   120.21 ] D: _tracksModel->getItem(i)->rect()1 7 QRect(0,474 1957x111)
[   120.21 ] D: _tracksModel->getItem(i)->rect()1 8 QRect(0,585 1957x111)
[   120.21 ] D: _tracksModel->getItem(i)->rect()1 9 QRect(0,696 1957x111)
[   120.21 ] D: setTracksRect
[   120.21 ] D: setTracksRect
[   120.21 ] D: sltStartContentYChanged4
[   120.22 ] D: sltStartContentYChanged1
[   120.22 ] D: sltStartContentYChanged2
[   120.23 ] D: sltStartContentYChanged3
[   120.23 ] D: _tracksModel->getItem(i)->rect()1 0 QRect(0,-300 1957x111)
[   120.23 ] D: _tracksModel->getItem(i)->rect()1 1 QRect(0,-189 1957x111)
[   120.23 ] D: _tracksModel->getItem(i)->rect()1 2 QRect(0,-78 1957x111)
[   120.23 ] D: _tracksModel->getItem(i)->rect()1 3 QRect(0,33 1957x111)
[   120.23 ] D: _tracksModel->getItem(i)->rect()1 4 QRect(0,144 1957x111)
[   120.23 ] D: _tracksModel->getItem(i)->rect()1 5 QRect(0,255 1957x111)
[   120.23 ] D: _tracksModel->getItem(i)->rect()1 6 QRect(0,366 1957x111)
[   120.23 ] D: _tracksModel->getItem(i)->rect()1 7 QRect(0,477 1957x111)
[   120.23 ] D: _tracksModel->getItem(i)->rect()1 8 QRect(0,588 1957x111)
[   120.23 ] D: _tracksModel->getItem(i)->rect()1 9 QRect(0,699 1957x111)
[   120.23 ] D: setTracksRect
[   120.23 ] D: setTracksRect
[   120.23 ] D: sltStartContentYChanged4
[   120.25 ] D: sltStartContentYChanged1
[   120.25 ] D: sltStartContentYChanged2
[   120.25 ] D: sltStartContentYChanged3
[   120.25 ] D: _tracksModel->getItem(i)->rect()1 0 QRect(0,-296 1957x111)
[   120.25 ] D: _tracksModel->getItem(i)->rect()1 1 QRect(0,-185 1957x111)
[   120.25 ] D: _tracksModel->getItem(i)->rect()1 2 QRect(0,-74 1957x111)
[   120.25 ] D: _tracksModel->getItem(i)->rect()1 3 QRect(0,37 1957x111)
[   120.25 ] D: _tracksModel->getItem(i)->rect()1 4 QRect(0,148 1957x111)
[   120.25 ] D: _tracksModel->getItem(i)->rect()1 5 QRect(0,259 1957x111)
[   120.25 ] D: _tracksModel->getItem(i)->rect()1 6 QRect(0,370 1957x111)
[   120.26 ] D: _tracksModel->getItem(i)->rect()1 7 QRect(0,481 1957x111)
[   120.26 ] D: _tracksModel->getItem(i)->rect()1 8 QRect(0,592 1957x111)
[   120.26 ] D: _tracksModel->getItem(i)->rect()1 9 QRect(0,703 1957x111)
[   120.26 ] D: setTracksRect
[   120.26 ] D: setTracksRect
[   120.26 ] D: sltStartContentYChanged4
[   120.26 ] D: sltStartContentYChanged1
[   120.26 ] D: sltStartContentYChanged2
[   120.26 ] D: sltStartContentYChanged3
[   120.26 ] D: _tracksModel->getItem(i)->rect()1 0 QRect(0,-294 1957x111)
[   120.26 ] D: _tracksModel->getItem(i)->rect()1 1 QRect(0,-183 1957x111)
[   120.26 ] D: _tracksModel->getItem(i)->rect()1 2 QRect(0,-72 1957x111)
[   120.26 ] D: _tracksModel->getItem(i)->rect()1 3 QRect(0,39 1957x111)
[   120.26 ] D: _tracksModel->getItem(i)->rect()1 4 QRect(0,150 1957x111)
[   120.26 ] D: _tracksModel->getItem(i)->rect()1 5 QRect(0,261 1957x111)
[   120.26 ] D: _tracksModel->getItem(i)->rect()1 6 QRect(0,372 1957x111)
[   120.26 ] D: _tracksModel->getItem(i)->rect()1 7 QRect(0,483 1957x111)
[   120.26 ] D: _tracksModel->getItem(i)->rect()1 8 QRect(0,594 1957x111)
[   120.26 ] D: _tracksModel->getItem(i)->rect()1 9 QRect(0,705 1957x111)
[   120.26 ] D: setTracksRect
[   120.26 ] D: setTracksRect
[   120.26 ] D: sltStartContentYChanged4
[   120.28 ] D: sltStartContentYChanged1
[   120.28 ] D: sltStartContentYChanged2
[   120.28 ] D: sltStartContentYChanged3
[   120.28 ] D: _tracksModel->getItem(i)->rect()1 0 QRect(0,-291 1957x111)
[   120.28 ] D: _tracksModel->getItem(i)->rect()1 1 QRect(0,-180 1957x111)
[   120.28 ] D: _tracksModel->getItem(i)->rect()1 2 QRect(0,-69 1957x111)
[   120.28 ] D: _tracksModel->getItem(i)->rect()1 3 QRect(0,42 1957x111)
[   120.28 ] D: _tracksModel->getItem(i)->rect()1 4 QRect(0,153 1957x111)
[   120.28 ] D: _tracksModel->getItem(i)->rect()1 5 QRect(0,264 1957x111)
[   120.28 ] D: _tracksModel->getItem(i)->rect()1 6 QRect(0,375 1957x111)
[   120.28 ] D: _tracksModel->getItem(i)->rect()1 7 QRect(0,486 1957x111)
[   120.28 ] D: _tracksModel->getItem(i)->rect()1 8 QRect(0,597 1957x111)
[   120.28 ] D: _tracksModel->getItem(i)->rect()1 9 QRect(0,708 1957x111)
[   120.28 ] D: setTracksRect
[   120.28 ] D: setTracksRect
[   120.28 ] D: sltStartContentYChanged4
[   120.30 ] D: sltStartContentYChanged1
[   120.30 ] D: sltStartContentYChanged2
[   120.30 ] D: sltStartContentYChanged3
[   120.31 ] D: _tracksModel->getItem(i)->rect()1 0 QRect(0,-290 1957x111)
[   120.31 ] D: _tracksModel->getItem(i)->rect()1 1 QRect(0,-179 1957x111)
[   120.31 ] D: _tracksModel->getItem(i)->rect()1 2 QRect(0,-68 1957x111)
[   120.31 ] D: _tracksModel->getItem(i)->rect()1 3 QRect(0,43 1957x111)
[   120.31 ] D: _tracksModel->getItem(i)->rect()1 4 QRect(0,154 1957x111)
[   120.31 ] D: _tracksModel->getItem(i)->rect()1 5 QRect(0,265 1957x111)
[   120.31 ] D: _tracksModel->getItem(i)->rect()1 6 QRect(0,376 1957x111)
[   120.31 ] D: _tracksModel->getItem(i)->rect()1 7 QRect(0,487 1957x111)
[   120.31 ] D: _tracksModel->getItem(i)->rect()1 8 QRect(0,598 1957x111)
[   120.31 ] D: _tracksModel->getItem(i)->rect()1 9 QRect(0,709 1957x111)
[   120.31 ] D: setTracksRect
[   120.31 ] D: setTracksRect
[   120.31 ] D: sltStartContentYChanged4
[   120.31 ] D: sltStartContentYChanged1
[   120.31 ] D: sltStartContentYChanged2
[   120.31 ] D: sltStartContentYChanged3
[   120.31 ] D: _tracksModel->getItem(i)->rect()1 0 QRect(0,-288 1957x111)
[   120.31 ] D: _tracksModel->getItem(i)->rect()1 1 QRect(0,-177 1957x111)
[   120.31 ] D: _tracksModel->getItem(i)->rect()1 2 QRect(0,-66 1957x111)
[   120.31 ] D: _tracksModel->getItem(i)->rect()1 3 QRect(0,45 1957x111)
[   120.31 ] D: _tracksModel->getItem(i)->rect()1 4 QRect(0,156 1957x111)
[   120.31 ] D: _tracksModel->getItem(i)->rect()1 5 QRect(0,267 1957x111)
[   120.31 ] D: _tracksModel->getItem(i)->rect()1 6 QRect(0,378 1957x111)
[   120.31 ] D: _tracksModel->getItem(i)->rect()1 7 QRect(0,489 1957x111)
[   120.31 ] D: _tracksModel->getItem(i)->rect()1 8 QRect(0,600 1957x111)
[   120.31 ] D: _tracksModel->getItem(i)->rect()1 9 QRect(0,711 1957x111)
[   120.31 ] D: setTracksRect
[   120.31 ] D: setTracksRect
[   120.31 ] D: sltStartContentYChanged4
[   120.32 ] D: sltStartContentYChanged1
[   120.32 ] D: sltStartContentYChanged2
[   120.32 ] D: sltStartContentYChanged3
[   120.32 ] D: _tracksModel->getItem(i)->rect()1 0 QRect(0,-287 1957x111)
[   120.32 ] D: _tracksModel->getItem(i)->rect()1 1 QRect(0,-176 1957x111)
[   120.32 ] D: _tracksModel->getItem(i)->rect()1 2 QRect(0,-65 1957x111)
[   120.32 ] D: _tracksModel->getItem(i)->rect()1 3 QRect(0,46 1957x111)
[   120.32 ] D: _tracksModel->getItem(i)->rect()1 4 QRect(0,157 1957x111)
[   120.33 ] D: _tracksModel->getItem(i)->rect()1 5 QRect(0,268 1957x111)
[   120.33 ] D: _tracksModel->getItem(i)->rect()1 6 QRect(0,379 1957x111)
[   120.33 ] D: _tracksModel->getItem(i)->rect()1 7 QRect(0,490 1957x111)
[   120.33 ] D: _tracksModel->getItem(i)->rect()1 8 QRect(0,601 1957x111)
[   120.33 ] D: _tracksModel->getItem(i)->rect()1 9 QRect(0,712 1957x111)
[   120.33 ] D: setTracksRect
[   120.33 ] D: setTracksRect
[   120.33 ] D: sltStartContentYChanged4
[   120.37 ] D: sltStartContentYChanged1
[   120.37 ] D: sltStartContentYChanged2
[   120.38 ] D: sltStartContentYChanged3
[   120.38 ] D: _tracksModel->getItem(i)->rect()1 0 QRect(0,-282 1957x111)
[   120.38 ] D: _tracksModel->getItem(i)->rect()1 1 QRect(0,-171 1957x111)
[   120.38 ] D: _tracksModel->getItem(i)->rect()1 2 QRect(0,-60 1957x111)
[   120.38 ] D: _tracksModel->getItem(i)->rect()1 3 QRect(0,51 1957x111)
[   120.38 ] D: _tracksModel->getItem(i)->rect()1 4 QRect(0,162 1957x111)
[   120.38 ] D: _tracksModel->getItem(i)->rect()1 5 QRect(0,273 1957x111)
[   120.38 ] D: _tracksModel->getItem(i)->rect()1 6 QRect(0,384 1957x111)
[   120.38 ] D: _tracksModel->getItem(i)->rect()1 7 QRect(0,495 1957x111)
[   120.38 ] D: _tracksModel->getItem(i)->rect()1 8 QRect(0,606 1957x111)
[   120.38 ] D: _tracksModel->getItem(i)->rect()1 9 QRect(0,717 1957x111)
[   120.38 ] D: setTracksRect
[   120.38 ] D: setTracksRect
[   120.38 ] D: sltStartContentYChanged4
[   120.40 ] D: sltStartContentYChanged1
[   120.40 ] D: sltStartContentYChanged2
[   120.40 ] D: sltStartContentYChanged3
[   120.40 ] D: _tracksModel->getItem(i)->rect()1 0 QRect(0,-277 1957x111)
[   120.40 ] D: _tracksModel->getItem(i)->rect()1 1 QRect(0,-166 1957x111)
[   120.41 ] D: _tracksModel->getItem(i)->rect()1 2 QRect(0,-55 1957x111)
[   120.41 ] D: _tracksModel->getItem(i)->rect()1 3 QRect(0,56 1957x111)
[   120.41 ] D: _tracksModel->getItem(i)->rect()1 4 QRect(0,167 1957x111)
[   120.41 ] D: _tracksModel->getItem(i)->rect()1 5 QRect(0,278 1957x111)
[   120.41 ] D: _tracksModel->getItem(i)->rect()1 6 QRect(0,389 1957x111)
[   120.41 ] D: _tracksModel->getItem(i)->rect()1 7 QRect(0,500 1957x111)
[   120.41 ] D: _tracksModel->getItem(i)->rect()1 8 QRect(0,611 1957x111)
[   120.41 ] D: _tracksModel->getItem(i)->rect()1 9 QRect(0,722 1957x111)
[   120.41 ] D: setTracksRect
[   120.41 ] D: setTracksRect
[   120.41 ] D: sltStartContentYChanged4
[   120.42 ] D: sltStartContentYChanged1
[   120.42 ] D: sltStartContentYChanged2
[   120.43 ] D: sltStartContentYChanged3
[   120.43 ] D: _tracksModel->getItem(i)->rect()1 0 QRect(0,-272 1957x111)
[   120.43 ] D: _tracksModel->getItem(i)->rect()1 1 QRect(0,-161 1957x111)
[   120.43 ] D: _tracksModel->getItem(i)->rect()1 2 QRect(0,-50 1957x111)
[   120.43 ] D: _tracksModel->getItem(i)->rect()1 3 QRect(0,61 1957x111)
[   120.43 ] D: _tracksModel->getItem(i)->rect()1 4 QRect(0,172 1957x111)
[   120.43 ] D: _tracksModel->getItem(i)->rect()1 5 QRect(0,283 1957x111)
[   120.43 ] D: _tracksModel->getItem(i)->rect()1 6 QRect(0,394 1957x111)
[   120.43 ] D: _tracksModel->getItem(i)->rect()1 7 QRect(0,505 1957x111)
[   120.43 ] D: _tracksModel->getItem(i)->rect()1 8 QRect(0,616 1957x111)
[   120.43 ] D: _tracksModel->getItem(i)->rect()1 9 QRect(0,727 1957x111)
[   120.43 ] D: setTracksRect
[   120.43 ] D: setTracksRect
[   120.43 ] D: sltStartContentYChanged4
[   120.45 ] D: sltStartContentYChanged1
[   120.45 ] D: sltStartContentYChanged2
[   120.46 ] D: sltStartContentYChanged3
[   120.46 ] D: _tracksModel->getItem(i)->rect()1 0 QRect(0,-268 1957x111)
[   120.46 ] D: _tracksModel->getItem(i)->rect()1 1 QRect(0,-157 1957x111)
[   120.46 ] D: _tracksModel->getItem(i)->rect()1 2 QRect(0,-46 1957x111)
[   120.46 ] D: _tracksModel->getItem(i)->rect()1 3 QRect(0,65 1957x111)
[   120.46 ] D: _tracksModel->getItem(i)->rect()1 4 QRect(0,176 1957x111)
[   120.46 ] D: _tracksModel->getItem(i)->rect()1 5 QRect(0,287 1957x111)
[   120.46 ] D: _tracksModel->getItem(i)->rect()1 6 QRect(0,398 1957x111)
[   120.46 ] D: _tracksModel->getItem(i)->rect()1 7 QRect(0,509 1957x111)
[   120.46 ] D: _tracksModel->getItem(i)->rect()1 8 QRect(0,620 1957x111)
[   120.46 ] D: _tracksModel->getItem(i)->rect()1 9 QRect(0,731 1957x111)
[   120.46 ] D: setTracksRect
[   120.46 ] D: setTracksRect
[   120.46 ] D: sltStartContentYChanged4
[   120.46 ] D: sltStartContentYChanged1
[   120.46 ] D: sltStartContentYChanged2
[   120.46 ] D: sltStartContentYChanged3
[   120.46 ] D: _tracksModel->getItem(i)->rect()1 0 QRect(0,-265 1957x111)
[   120.46 ] D: _tracksModel->getItem(i)->rect()1 1 QRect(0,-154 1957x111)
[   120.46 ] D: _tracksModel->getItem(i)->rect()1 2 QRect(0,-43 1957x111)
[   120.46 ] D: _tracksModel->getItem(i)->rect()1 3 QRect(0,68 1957x111)
[   120.46 ] D: _tracksModel->getItem(i)->rect()1 4 QRect(0,179 1957x111)
[   120.46 ] D: _tracksModel->getItem(i)->rect()1 5 QRect(0,290 1957x111)
[   120.46 ] D: _tracksModel->getItem(i)->rect()1 6 QRect(0,401 1957x111)
[   120.46 ] D: _tracksModel->getItem(i)->rect()1 7 QRect(0,512 1957x111)
[   120.46 ] D: _tracksModel->getItem(i)->rect()1 8 QRect(0,623 1957x111)
[   120.46 ] D: _tracksModel->getItem(i)->rect()1 9 QRect(0,734 1957x111)
[   120.46 ] D: setTracksRect
[   120.46 ] D: setTracksRect
[   120.46 ] D: sltStartContentYChanged4
[   120.47 ] D: sltStartContentYChanged1
[   120.47 ] D: sltStartContentYChanged2
[   120.48 ] D: sltStartContentYChanged3
[   120.48 ] D: _tracksModel->getItem(i)->rect()1 0 QRect(0,-262 1957x111)
[   120.48 ] D: _tracksModel->getItem(i)->rect()1 1 QRect(0,-151 1957x111)
[   120.48 ] D: _tracksModel->getItem(i)->rect()1 2 QRect(0,-40 1957x111)
[   120.48 ] D: _tracksModel->getItem(i)->rect()1 3 QRect(0,71 1957x111)
[   120.48 ] D: _tracksModel->getItem(i)->rect()1 4 QRect(0,182 1957x111)
[   120.48 ] D: _tracksModel->getItem(i)->rect()1 5 QRect(0,293 1957x111)
[   120.48 ] D: _tracksModel->getItem(i)->rect()1 6 QRect(0,404 1957x111)
[   120.48 ] D: _tracksModel->getItem(i)->rect()1 7 QRect(0,515 1957x111)
[   120.48 ] D: _tracksModel->getItem(i)->rect()1 8 QRect(0,626 1957x111)
[   120.48 ] D: _tracksModel->getItem(i)->rect()1 9 QRect(0,737 1957x111)
[   120.48 ] D: setTracksRect
[   120.48 ] D: setTracksRect
[   120.48 ] D: sltStartContentYChanged4
[   120.50 ] D: sltStartContentYChanged1
[   120.50 ] D: sltStartContentYChanged2
[   120.50 ] D: sltStartContentYChanged3
[   120.51 ] D: _tracksModel->getItem(i)->rect()1 0 QRect(0,-259 1957x111)
[   120.51 ] D: _tracksModel->getItem(i)->rect()1 1 QRect(0,-148 1957x111)
[   120.51 ] D: _tracksModel->getItem(i)->rect()1 2 QRect(0,-37 1957x111)
[   120.51 ] D: _tracksModel->getItem(i)->rect()1 3 QRect(0,74 1957x111)
[   120.51 ] D: _tracksModel->getItem(i)->rect()1 4 QRect(0,185 1957x111)
[   120.51 ] D: _tracksModel->getItem(i)->rect()1 5 QRect(0,296 1957x111)
[   120.51 ] D: _tracksModel->getItem(i)->rect()1 6 QRect(0,407 1957x111)
[   120.51 ] D: _tracksModel->getItem(i)->rect()1 7 QRect(0,518 1957x111)
[   120.51 ] D: _tracksModel->getItem(i)->rect()1 8 QRect(0,629 1957x111)
[   120.51 ] D: _tracksModel->getItem(i)->rect()1 9 QRect(0,740 1957x111)
[   120.51 ] D: setTracksRect
[   120.51 ] D: setTracksRect
[   120.51 ] D: sltStartContentYChanged4
[   120.51 ] D: sltStartContentYChanged1
[   120.51 ] D: sltStartContentYChanged2
[   120.51 ] D: sltStartContentYChanged3
[   120.51 ] D: _tracksModel->getItem(i)->rect()1 0 QRect(0,-257 1957x111)
[   120.51 ] D: _tracksModel->getItem(i)->rect()1 1 QRect(0,-146 1957x111)
[   120.51 ] D: _tracksModel->getItem(i)->rect()1 2 QRect(0,-35 1957x111)
[   120.51 ] D: _tracksModel->getItem(i)->rect()1 3 QRect(0,76 1957x111)
[   120.51 ] D: _tracksModel->getItem(i)->rect()1 4 QRect(0,187 1957x111)
[   120.51 ] D: _tracksModel->getItem(i)->rect()1 5 QRect(0,298 1957x111)
[   120.51 ] D: _tracksModel->getItem(i)->rect()1 6 QRect(0,409 1957x111)
[   120.51 ] D: _tracksModel->getItem(i)->rect()1 7 QRect(0,520 1957x111)
[   120.51 ] D: _tracksModel->getItem(i)->rect()1 8 QRect(0,631 1957x111)
[   120.51 ] D: _tracksModel->getItem(i)->rect()1 9 QRect(0,742 1957x111)
[   120.51 ] D: setTracksRect
[   120.51 ] D: setTracksRect
[   120.51 ] D: sltStartContentYChanged4
[   120.53 ] D: sltStartContentYChanged1
[   120.53 ] D: sltStartContentYChanged2
[   120.53 ] D: sltStartContentYChanged3
[   120.53 ] D: _tracksModel->getItem(i)->rect()1 0 QRect(0,-255 1957x111)
[   120.53 ] D: _tracksModel->getItem(i)->rect()1 1 QRect(0,-144 1957x111)
[   120.53 ] D: _tracksModel->getItem(i)->rect()1 2 QRect(0,-33 1957x111)
[   120.53 ] D: _tracksModel->getItem(i)->rect()1 3 QRect(0,78 1957x111)
[   120.53 ] D: _tracksModel->getItem(i)->rect()1 4 QRect(0,189 1957x111)
[   120.53 ] D: _tracksModel->getItem(i)->rect()1 5 QRect(0,300 1957x111)
[   120.53 ] D: _tracksModel->getItem(i)->rect()1 6 QRect(0,411 1957x111)
[   120.53 ] D: _tracksModel->getItem(i)->rect()1 7 QRect(0,522 1957x111)
[   120.53 ] D: _tracksModel->getItem(i)->rect()1 8 QRect(0,633 1957x111)
[   120.53 ] D: _tracksModel->getItem(i)->rect()1 9 QRect(0,744 1957x111)
[   120.53 ] D: setTracksRect
[   120.53 ] D: setTracksRect
[   120.53 ] D: sltStartContentYChanged4
[   120.55 ] D: sltStartContentYChanged1
[   120.55 ] D: sltStartContentYChanged2
[   120.56 ] D: sltStartContentYChanged3
[   120.56 ] D: _tracksModel->getItem(i)->rect()1 0 QRect(0,-253 1957x111)
[   120.56 ] D: _tracksModel->getItem(i)->rect()1 1 QRect(0,-142 1957x111)
[   120.56 ] D: _tracksModel->getItem(i)->rect()1 2 QRect(0,-31 1957x111)
[   120.56 ] D: _tracksModel->getItem(i)->rect()1 3 QRect(0,80 1957x111)
[   120.56 ] D: _tracksModel->getItem(i)->rect()1 4 QRect(0,191 1957x111)
[   120.56 ] D: _tracksModel->getItem(i)->rect()1 5 QRect(0,302 1957x111)
[   120.56 ] D: _tracksModel->getItem(i)->rect()1 6 QRect(0,413 1957x111)
[   120.56 ] D: _tracksModel->getItem(i)->rect()1 7 QRect(0,524 1957x111)
[   120.56 ] D: _tracksModel->getItem(i)->rect()1 8 QRect(0,635 1957x111)
[   120.56 ] D: _tracksModel->getItem(i)->rect()1 9 QRect(0,746 1957x111)
[   120.56 ] D: setTracksRect
[   120.56 ] D: setTracksRect
[   120.56 ] D: sltStartContentYChanged4
[   120.56 ] D: sltStartContentYChanged1
[   120.56 ] D: sltStartContentYChanged2
[   120.56 ] D: sltStartContentYChanged3
[   120.56 ] D: _tracksModel->getItem(i)->rect()1 0 QRect(0,-252 1957x111)
[   120.56 ] D: _tracksModel->getItem(i)->rect()1 1 QRect(0,-141 1957x111)
[   120.56 ] D: _tracksModel->getItem(i)->rect()1 2 QRect(0,-30 1957x111)
[   120.56 ] D: _tracksModel->getItem(i)->rect()1 3 QRect(0,81 1957x111)
[   120.56 ] D: _tracksModel->getItem(i)->rect()1 4 QRect(0,192 1957x111)
[   120.56 ] D: _tracksModel->getItem(i)->rect()1 5 QRect(0,303 1957x111)
[   120.56 ] D: _tracksModel->getItem(i)->rect()1 6 QRect(0,414 1957x111)
[   120.56 ] D: _tracksModel->getItem(i)->rect()1 7 QRect(0,525 1957x111)
[   120.56 ] D: _tracksModel->getItem(i)->rect()1 8 QRect(0,636 1957x111)
[   120.56 ] D: _tracksModel->getItem(i)->rect()1 9 QRect(0,747 1957x111)
[   120.56 ] D: setTracksRect
[   120.56 ] D: setTracksRect
[   120.56 ] D: sltStartContentYChanged4
[   120.64 ] D: sltStartContentYChanged1
[   120.64 ] D: sltStartContentYChanged2
[   120.64 ] D: sltStartContentYChanged3
[   120.64 ] D: _tracksModel->getItem(i)->rect()1 0 QRect(0,-247 1957x111)
[   120.64 ] D: _tracksModel->getItem(i)->rect()1 1 QRect(0,-136 1957x111)
[   120.64 ] D: _tracksModel->getItem(i)->rect()1 2 QRect(0,-25 1957x111)
[   120.64 ] D: _tracksModel->getItem(i)->rect()1 3 QRect(0,86 1957x111)
[   120.64 ] D: _tracksModel->getItem(i)->rect()1 4 QRect(0,197 1957x111)
[   120.64 ] D: _tracksModel->getItem(i)->rect()1 5 QRect(0,308 1957x111)
[   120.64 ] D: _tracksModel->getItem(i)->rect()1 6 QRect(0,419 1957x111)
[   120.64 ] D: _tracksModel->getItem(i)->rect()1 7 QRect(0,530 1957x111)
[   120.64 ] D: _tracksModel->getItem(i)->rect()1 8 QRect(0,641 1957x111)
[   120.64 ] D: _tracksModel->getItem(i)->rect()1 9 QRect(0,752 1957x111)
[   120.64 ] D: setTracksRect
[   120.64 ] D: setTracksRect
[   120.64 ] D: sltStartContentYChanged4
[   120.65 ] D: sltStartContentYChanged1
[   120.65 ] D: sltStartContentYChanged2
[   120.66 ] D: sltStartContentYChanged3
[   120.66 ] D: _tracksModel->getItem(i)->rect()1 0 QRect(0,-242 1957x111)
[   120.66 ] D: _tracksModel->getItem(i)->rect()1 1 QRect(0,-131 1957x111)
[   120.66 ] D: _tracksModel->getItem(i)->rect()1 2 QRect(0,-20 1957x111)
[   120.66 ] D: _tracksModel->getItem(i)->rect()1 3 QRect(0,91 1957x111)
[   120.66 ] D: _tracksModel->getItem(i)->rect()1 4 QRect(0,202 1957x111)
[   120.66 ] D: _tracksModel->getItem(i)->rect()1 5 QRect(0,313 1957x111)
[   120.66 ] D: _tracksModel->getItem(i)->rect()1 6 QRect(0,424 1957x111)
[   120.66 ] D: _tracksModel->getItem(i)->rect()1 7 QRect(0,535 1957x111)
[   120.66 ] D: _tracksModel->getItem(i)->rect()1 8 QRect(0,646 1957x111)
[   120.66 ] D: _tracksModel->getItem(i)->rect()1 9 QRect(0,757 1957x111)
[   120.66 ] D: setTracksRect
[   120.66 ] D: setTracksRect
[   120.66 ] D: sltStartContentYChanged4
[   120.68 ] D: sltStartContentYChanged1
[   120.68 ] D: sltStartContentYChanged2
[   120.68 ] D: sltStartContentYChanged3
[   120.68 ] D: _tracksModel->getItem(i)->rect()1 0 QRect(0,-237 1957x111)
[   120.68 ] D: _tracksModel->getItem(i)->rect()1 1 QRect(0,-126 1957x111)
[   120.68 ] D: _tracksModel->getItem(i)->rect()1 2 QRect(0,-15 1957x111)
[   120.68 ] D: _tracksModel->getItem(i)->rect()1 3 QRect(0,96 1957x111)
[   120.68 ] D: _tracksModel->getItem(i)->rect()1 4 QRect(0,207 1957x111)
[   120.68 ] D: _tracksModel->getItem(i)->rect()1 5 QRect(0,318 1957x111)
[   120.68 ] D: _tracksModel->getItem(i)->rect()1 6 QRect(0,429 1957x111)
[   120.68 ] D: _tracksModel->getItem(i)->rect()1 7 QRect(0,540 1957x111)
[   120.68 ] D: _tracksModel->getItem(i)->rect()1 8 QRect(0,651 1957x111)
[   120.68 ] D: _tracksModel->getItem(i)->rect()1 9 QRect(0,762 1957x111)
[   120.68 ] D: setTracksRect
[   120.68 ] D: setTracksRect
[   120.68 ] D: sltStartContentYChanged4
[   120.71 ] D: sltStartContentYChanged1
[   120.71 ] D: sltStartContentYChanged2
[   120.71 ] D: sltStartContentYChanged3
[   120.71 ] D: _tracksModel->getItem(i)->rect()1 0 QRect(0,-233 1957x111)
[   120.71 ] D: _tracksModel->getItem(i)->rect()1 1 QRect(0,-122 1957x111)
[   120.71 ] D: _tracksModel->getItem(i)->rect()1 2 QRect(0,-11 1957x111)
[   120.71 ] D: _tracksModel->getItem(i)->rect()1 3 QRect(0,100 1957x111)
[   120.71 ] D: _tracksModel->getItem(i)->rect()1 4 QRect(0,211 1957x111)
[   120.71 ] D: _tracksModel->getItem(i)->rect()1 5 QRect(0,322 1957x111)
[   120.71 ] D: _tracksModel->getItem(i)->rect()1 6 QRect(0,433 1957x111)
[   120.71 ] D: _tracksModel->getItem(i)->rect()1 7 QRect(0,544 1957x111)
[   120.71 ] D: _tracksModel->getItem(i)->rect()1 8 QRect(0,655 1957x111)
[   120.71 ] D: _tracksModel->getItem(i)->rect()1 9 QRect(0,766 1957x111)
[   120.71 ] D: setTracksRect
[   120.71 ] D: setTracksRect
[   120.71 ] D: sltStartContentYChanged4
[   120.71 ] D: sltStartContentYChanged1
[   120.71 ] D: sltStartContentYChanged2
[   120.71 ] D: sltStartContentYChanged3
[   120.71 ] D: _tracksModel->getItem(i)->rect()1 0 QRect(0,-230 1957x111)
[   120.71 ] D: _tracksModel->getItem(i)->rect()1 1 QRect(0,-119 1957x111)
[   120.71 ] D: _tracksModel->getItem(i)->rect()1 2 QRect(0,-8 1957x111)
[   120.71 ] D: _tracksModel->getItem(i)->rect()1 3 QRect(0,103 1957x111)
[   120.71 ] D: _tracksModel->getItem(i)->rect()1 4 QRect(0,214 1957x111)
[   120.71 ] D: _tracksModel->getItem(i)->rect()1 5 QRect(0,325 1957x111)
[   120.71 ] D: _tracksModel->getItem(i)->rect()1 6 QRect(0,436 1957x111)
[   120.71 ] D: _tracksModel->getItem(i)->rect()1 7 QRect(0,547 1957x111)
[   120.71 ] D: _tracksModel->getItem(i)->rect()1 8 QRect(0,658 1957x111)
[   120.71 ] D: _tracksModel->getItem(i)->rect()1 9 QRect(0,769 1957x111)
[   120.71 ] D: setTracksRect
[   120.71 ] D: setTracksRect
[   120.71 ] D: sltStartContentYChanged4
[   120.73 ] D: sltStartContentYChanged1
[   120.73 ] D: sltStartContentYChanged2
[   120.73 ] D: sltStartContentYChanged3
[   120.73 ] D: _tracksModel->getItem(i)->rect()1 0 QRect(0,-227 1957x111)
[   120.73 ] D: _tracksModel->getItem(i)->rect()1 1 QRect(0,-116 1957x111)
[   120.73 ] D: _tracksModel->getItem(i)->rect()1 2 QRect(0,-5 1957x111)
[   120.73 ] D: _tracksModel->getItem(i)->rect()1 3 QRect(0,106 1957x111)
[   120.73 ] D: _tracksModel->getItem(i)->rect()1 4 QRect(0,217 1957x111)
[   120.73 ] D: _tracksModel->getItem(i)->rect()1 5 QRect(0,328 1957x111)
[   120.73 ] D: _tracksModel->getItem(i)->rect()1 6 QRect(0,439 1957x111)
[   120.73 ] D: _tracksModel->getItem(i)->rect()1 7 QRect(0,550 1957x111)
[   120.73 ] D: _tracksModel->getItem(i)->rect()1 8 QRect(0,661 1957x111)
[   120.73 ] D: _tracksModel->getItem(i)->rect()1 9 QRect(0,772 1957x111)
[   120.73 ] D: setTracksRect
[   120.73 ] D: setTracksRect
[   120.73 ] D: sltStartContentYChanged4
[   120.75 ] D: sltStartContentYChanged1
[   120.75 ] D: sltStartContentYChanged2
[   120.75 ] D: sltStartContentYChanged3
[   120.75 ] D: _tracksModel->getItem(i)->rect()1 0 QRect(0,-224 1957x111)
[   120.75 ] D: _tracksModel->getItem(i)->rect()1 1 QRect(0,-113 1957x111)
[   120.75 ] D: _tracksModel->getItem(i)->rect()1 2 QRect(0,-2 1957x111)
[   120.75 ] D: _tracksModel->getItem(i)->rect()1 3 QRect(0,109 1957x111)
[   120.76 ] D: _tracksModel->getItem(i)->rect()1 4 QRect(0,220 1957x111)
[   120.76 ] D: _tracksModel->getItem(i)->rect()1 5 QRect(0,331 1957x111)
[   120.76 ] D: _tracksModel->getItem(i)->rect()1 6 QRect(0,442 1957x111)
[   120.76 ] D: _tracksModel->getItem(i)->rect()1 7 QRect(0,553 1957x111)
[   120.76 ] D: _tracksModel->getItem(i)->rect()1 8 QRect(0,664 1957x111)
[   120.76 ] D: _tracksModel->getItem(i)->rect()1 9 QRect(0,775 1957x111)
[   120.76 ] D: setTracksRect
[   120.76 ] D: setTracksRect
[   120.76 ] D: sltStartContentYChanged4
[   120.76 ] D: sltStartContentYChanged1
[   120.76 ] D: sltStartContentYChanged2
[   120.76 ] D: sltStartContentYChanged3
[   120.76 ] D: _tracksModel->getItem(i)->rect()1 0 QRect(0,-221 1957x111)
[   120.76 ] D: _tracksModel->getItem(i)->rect()1 1 QRect(0,-110 1957x111)
[   120.76 ] D: _tracksModel->getItem(i)->rect()1 2 QRect(0,1 1957x111)
[   120.76 ] D: _tracksModel->getItem(i)->rect()1 3 QRect(0,112 1957x111)
[   120.76 ] D: _tracksModel->getItem(i)->rect()1 4 QRect(0,223 1957x111)
[   120.76 ] D: _tracksModel->getItem(i)->rect()1 5 QRect(0,334 1957x111)
[   120.76 ] D: _tracksModel->getItem(i)->rect()1 6 QRect(0,445 1957x111)
[   120.76 ] D: _tracksModel->getItem(i)->rect()1 7 QRect(0,556 1957x111)
[   120.76 ] D: _tracksModel->getItem(i)->rect()1 8 QRect(0,667 1957x111)
[   120.76 ] D: _tracksModel->getItem(i)->rect()1 9 QRect(0,778 1957x111)
[   120.76 ] D: setTracksRect
[   120.76 ] D: setTracksRect
[   120.76 ] D: sltStartContentYChanged4
[   120.78 ] D: sltStartContentYChanged1
[   120.78 ] D: sltStartContentYChanged2
[   120.78 ] D: sltStartContentYChanged3
[   120.78 ] D: _tracksModel->getItem(i)->rect()1 0 QRect(0,-220 1957x111)
[   120.78 ] D: _tracksModel->getItem(i)->rect()1 1 QRect(0,-109 1957x111)
[   120.78 ] D: _tracksModel->getItem(i)->rect()1 2 QRect(0,2 1957x111)
[   120.78 ] D: _tracksModel->getItem(i)->rect()1 3 QRect(0,113 1957x111)
[   120.78 ] D: _tracksModel->getItem(i)->rect()1 4 QRect(0,224 1957x111)
[   120.78 ] D: _tracksModel->getItem(i)->rect()1 5 QRect(0,335 1957x111)
[   120.78 ] D: _tracksModel->getItem(i)->rect()1 6 QRect(0,446 1957x111)
[   120.78 ] D: _tracksModel->getItem(i)->rect()1 7 QRect(0,557 1957x111)
[   120.78 ] D: _tracksModel->getItem(i)->rect()1 8 QRect(0,668 1957x111)
[   120.78 ] D: _tracksModel->getItem(i)->rect()1 9 QRect(0,779 1957x111)
[   120.78 ] D: setTracksRect
[   120.78 ] D: setTracksRect
[   120.78 ] D: sltStartContentYChanged4
[   120.80 ] D: sltStartContentYChanged1
[   120.80 ] D: sltStartContentYChanged2
[   120.81 ] D: sltStartContentYChanged3
[   120.81 ] D: _tracksModel->getItem(i)->rect()1 0 QRect(0,-218 1957x111)
[   120.81 ] D: _tracksModel->getItem(i)->rect()1 1 QRect(0,-107 1957x111)
[   120.81 ] D: _tracksModel->getItem(i)->rect()1 2 QRect(0,4 1957x111)
[   120.81 ] D: _tracksModel->getItem(i)->rect()1 3 QRect(0,115 1957x111)
[   120.81 ] D: _tracksModel->getItem(i)->rect()1 4 QRect(0,226 1957x111)
[   120.81 ] D: _tracksModel->getItem(i)->rect()1 5 QRect(0,337 1957x111)
[   120.81 ] D: _tracksModel->getItem(i)->rect()1 6 QRect(0,448 1957x111)
[   120.81 ] D: _tracksModel->getItem(i)->rect()1 7 QRect(0,559 1957x111)
[   120.81 ] D: _tracksModel->getItem(i)->rect()1 8 QRect(0,670 1957x111)
[   120.81 ] D: _tracksModel->getItem(i)->rect()1 9 QRect(0,781 1957x111)
[   120.81 ] D: setTracksRect
[   120.81 ] D: setTracksRect
[   120.81 ] D: sltStartContentYChanged4
[   120.81 ] D: sltStartContentYChanged1
[   120.81 ] D: sltStartContentYChanged2
[   120.81 ] D: sltStartContentYChanged3
[   120.81 ] D: _tracksModel->getItem(i)->rect()1 0 QRect(0,-217 1957x111)
[   120.81 ] D: _tracksModel->getItem(i)->rect()1 1 QRect(0,-106 1957x111)
[   120.81 ] D: _tracksModel->getItem(i)->rect()1 2 QRect(0,5 1957x111)
[   120.81 ] D: _tracksModel->getItem(i)->rect()1 3 QRect(0,116 1957x111)
[   120.81 ] D: _tracksModel->getItem(i)->rect()1 4 QRect(0,227 1957x111)
[   120.81 ] D: _tracksModel->getItem(i)->rect()1 5 QRect(0,338 1957x111)
[   120.81 ] D: _tracksModel->getItem(i)->rect()1 6 QRect(0,449 1957x111)
[   120.81 ] D: _tracksModel->getItem(i)->rect()1 7 QRect(0,560 1957x111)
[   120.81 ] D: _tracksModel->getItem(i)->rect()1 8 QRect(0,671 1957x111)
[   120.81 ] D: _tracksModel->getItem(i)->rect()1 9 QRect(0,782 1957x111)
[   120.81 ] D: setTracksRect
[   120.81 ] D: setTracksRect
[   120.81 ] D: sltStartContentYChanged4
[   120.89 ] D: sltStartContentYChanged1
[   120.89 ] D: sltStartContentYChanged2
[   120.89 ] D: sltStartContentYChanged3
[   120.89 ] D: _tracksModel->getItem(i)->rect()1 0 QRect(0,-212 1957x111)
[   120.89 ] D: _tracksModel->getItem(i)->rect()1 1 QRect(0,-101 1957x111)
[   120.89 ] D: _tracksModel->getItem(i)->rect()1 2 QRect(0,10 1957x111)
[   120.89 ] D: _tracksModel->getItem(i)->rect()1 3 QRect(0,121 1957x111)
[   120.89 ] D: _tracksModel->getItem(i)->rect()1 4 QRect(0,232 1957x111)
[   120.89 ] D: _tracksModel->getItem(i)->rect()1 5 QRect(0,343 1957x111)
[   120.89 ] D: _tracksModel->getItem(i)->rect()1 6 QRect(0,454 1957x111)
[   120.89 ] D: _tracksModel->getItem(i)->rect()1 7 QRect(0,565 1957x111)
[   120.89 ] D: _tracksModel->getItem(i)->rect()1 8 QRect(0,676 1957x111)
[   120.89 ] D: _tracksModel->getItem(i)->rect()1 9 QRect(0,787 1957x111)
[   120.89 ] D: setTracksRect
[   120.89 ] D: setTracksRect
[   120.89 ] D: sltStartContentYChanged4
[   120.93 ] D: sltStartContentYChanged1
[   120.93 ] D: sltStartContentYChanged2
[   120.93 ] D: sltStartContentYChanged3
[   120.93 ] D: _tracksModel->getItem(i)->rect()1 0 QRect(0,-207 1957x111)
[   120.93 ] D: _tracksModel->getItem(i)->rect()1 1 QRect(0,-96 1957x111)
[   120.93 ] D: _tracksModel->getItem(i)->rect()1 2 QRect(0,15 1957x111)
[   120.93 ] D: _tracksModel->getItem(i)->rect()1 3 QRect(0,126 1957x111)
[   120.93 ] D: _tracksModel->getItem(i)->rect()1 4 QRect(0,237 1957x111)
[   120.93 ] D: _tracksModel->getItem(i)->rect()1 5 QRect(0,348 1957x111)
[   120.93 ] D: _tracksModel->getItem(i)->rect()1 6 QRect(0,459 1957x111)
[   120.93 ] D: _tracksModel->getItem(i)->rect()1 7 QRect(0,570 1957x111)
[   120.93 ] D: _tracksModel->getItem(i)->rect()1 8 QRect(0,681 1957x111)
[   120.93 ] D: _tracksModel->getItem(i)->rect()1 9 QRect(0,792 1957x111)
[   120.93 ] D: setTracksRect
[   120.93 ] D: setTracksRect
[   120.93 ] D: sltStartContentYChanged4
[   120.96 ] D: sltStartContentYChanged1
[   120.96 ] D: sltStartContentYChanged2
[   120.96 ] D: sltStartContentYChanged3
[   120.96 ] D: _tracksModel->getItem(i)->rect()1 0 QRect(0,-203 1957x111)
[   120.96 ] D: _tracksModel->getItem(i)->rect()1 1 QRect(0,-92 1957x111)
[   120.96 ] D: _tracksModel->getItem(i)->rect()1 2 QRect(0,19 1957x111)
[   120.96 ] D: _tracksModel->getItem(i)->rect()1 3 QRect(0,130 1957x111)
[   120.96 ] D: _tracksModel->getItem(i)->rect()1 4 QRect(0,241 1957x111)
[   120.96 ] D: _tracksModel->getItem(i)->rect()1 5 QRect(0,352 1957x111)
[   120.96 ] D: _tracksModel->getItem(i)->rect()1 6 QRect(0,463 1957x111)
[   120.96 ] D: _tracksModel->getItem(i)->rect()1 7 QRect(0,574 1957x111)
[   120.96 ] D: _tracksModel->getItem(i)->rect()1 8 QRect(0,685 1957x111)
[   120.96 ] D: _tracksModel->getItem(i)->rect()1 9 QRect(0,796 1957x111)
[   120.96 ] D: setTracksRect
[   120.96 ] D: setTracksRect
[   120.96 ] D: sltStartContentYChanged4
[   120.96 ] D: sltStartContentYChanged1
[   120.96 ] D: sltStartContentYChanged2
[   120.96 ] D: sltStartContentYChanged3
[   120.96 ] D: _tracksModel->getItem(i)->rect()1 0 QRect(0,-199 1957x111)
[   120.96 ] D: _tracksModel->getItem(i)->rect()1 1 QRect(0,-88 1957x111)
[   120.96 ] D: _tracksModel->getItem(i)->rect()1 2 QRect(0,23 1957x111)
[   120.96 ] D: _tracksModel->getItem(i)->rect()1 3 QRect(0,134 1957x111)
[   120.96 ] D: _tracksModel->getItem(i)->rect()1 4 QRect(0,245 1957x111)
[   120.96 ] D: _tracksModel->getItem(i)->rect()1 5 QRect(0,356 1957x111)
[   120.96 ] D: _tracksModel->getItem(i)->rect()1 6 QRect(0,467 1957x111)
[   120.96 ] D: _tracksModel->getItem(i)->rect()1 7 QRect(0,578 1957x111)
[   120.96 ] D: _tracksModel->getItem(i)->rect()1 8 QRect(0,689 1957x111)
[   120.96 ] D: _tracksModel->getItem(i)->rect()1 9 QRect(0,800 1957x111)
[   120.96 ] D: setTracksRect
[   120.96 ] D: setTracksRect
[   120.96 ] D: sltStartContentYChanged4
[   120.97 ] D: sltStartContentYChanged1
[   120.97 ] D: sltStartContentYChanged2
[   120.98 ] D: sltStartContentYChanged3
[   120.98 ] D: _tracksModel->getItem(i)->rect()1 0 QRect(0,-195 1957x111)
[   120.98 ] D: _tracksModel->getItem(i)->rect()1 1 QRect(0,-84 1957x111)
[   120.98 ] D: _tracksModel->getItem(i)->rect()1 2 QRect(0,27 1957x111)
[   120.98 ] D: _tracksModel->getItem(i)->rect()1 3 QRect(0,138 1957x111)
[   120.98 ] D: _tracksModel->getItem(i)->rect()1 4 QRect(0,249 1957x111)
[   120.98 ] D: _tracksModel->getItem(i)->rect()1 5 QRect(0,360 1957x111)
[   120.98 ] D: _tracksModel->getItem(i)->rect()1 6 QRect(0,471 1957x111)
[   120.98 ] D: _tracksModel->getItem(i)->rect()1 7 QRect(0,582 1957x111)
[   120.98 ] D: _tracksModel->getItem(i)->rect()1 8 QRect(0,693 1957x111)
[   120.98 ] D: _tracksModel->getItem(i)->rect()1 9 QRect(0,804 1957x111)
[   120.98 ] D: setTracksRect
[   120.98 ] D: setTracksRect
[   120.98 ] D: sltStartContentYChanged4
[   121.00 ] D: sltStartContentYChanged1
[   121.00 ] D: sltStartContentYChanged2
[   121.01 ] D: sltStartContentYChanged3
[   121.01 ] D: _tracksModel->getItem(i)->rect()1 0 QRect(0,-192 1957x111)
[   121.01 ] D: _tracksModel->getItem(i)->rect()1 1 QRect(0,-81 1957x111)
[   121.01 ] D: _tracksModel->getItem(i)->rect()1 2 QRect(0,30 1957x111)
[   121.01 ] D: _tracksModel->getItem(i)->rect()1 3 QRect(0,141 1957x111)
[   121.01 ] D: _tracksModel->getItem(i)->rect()1 4 QRect(0,252 1957x111)
[   121.01 ] D: _tracksModel->getItem(i)->rect()1 5 QRect(0,363 1957x111)
[   121.01 ] D: _tracksModel->getItem(i)->rect()1 6 QRect(0,474 1957x111)
[   121.01 ] D: _tracksModel->getItem(i)->rect()1 7 QRect(0,585 1957x111)
[   121.01 ] D: _tracksModel->getItem(i)->rect()1 8 QRect(0,696 1957x111)
[   121.01 ] D: _tracksModel->getItem(i)->rect()1 9 QRect(0,807 1957x111)
[   121.01 ] D: setTracksRect
[   121.01 ] D: setTracksRect
[   121.01 ] D: sltStartContentYChanged4
[   121.01 ] D: sltStartContentYChanged1
[   121.01 ] D: sltStartContentYChanged2
[   121.01 ] D: sltStartContentYChanged3
[   121.01 ] D: _tracksModel->getItem(i)->rect()1 0 QRect(0,-189 1957x111)
[   121.01 ] D: _tracksModel->getItem(i)->rect()1 1 QRect(0,-78 1957x111)
[   121.01 ] D: _tracksModel->getItem(i)->rect()1 2 QRect(0,33 1957x111)
[   121.01 ] D: _tracksModel->getItem(i)->rect()1 3 QRect(0,144 1957x111)
[   121.01 ] D: _tracksModel->getItem(i)->rect()1 4 QRect(0,255 1957x111)
[   121.01 ] D: _tracksModel->getItem(i)->rect()1 5 QRect(0,366 1957x111)
[   121.01 ] D: _tracksModel->getItem(i)->rect()1 6 QRect(0,477 1957x111)
[   121.01 ] D: _tracksModel->getItem(i)->rect()1 7 QRect(0,588 1957x111)
[   121.01 ] D: _tracksModel->getItem(i)->rect()1 8 QRect(0,699 1957x111)
[   121.01 ] D: _tracksModel->getItem(i)->rect()1 9 QRect(0,810 1957x111)
[   121.01 ] D: setTracksRect
[   121.01 ] D: setTracksRect
[   121.01 ] D: sltStartContentYChanged4
[   121.03 ] D: sltStartContentYChanged1
[   121.03 ] D: sltStartContentYChanged2
[   121.03 ] D: sltStartContentYChanged3
[   121.03 ] D: _tracksModel->getItem(i)->rect()1 0 QRect(0,-187 1957x111)
[   121.03 ] D: _tracksModel->getItem(i)->rect()1 1 QRect(0,-76 1957x111)
[   121.03 ] D: _tracksModel->getItem(i)->rect()1 2 QRect(0,35 1957x111)
[   121.03 ] D: _tracksModel->getItem(i)->rect()1 3 QRect(0,146 1957x111)
[   121.03 ] D: _tracksModel->getItem(i)->rect()1 4 QRect(0,257 1957x111)
[   121.03 ] D: _tracksModel->getItem(i)->rect()1 5 QRect(0,368 1957x111)
[   121.03 ] D: _tracksModel->getItem(i)->rect()1 6 QRect(0,479 1957x111)
[   121.03 ] D: _tracksModel->getItem(i)->rect()1 7 QRect(0,590 1957x111)
[   121.03 ] D: _tracksModel->getItem(i)->rect()1 8 QRect(0,701 1957x111)
[   121.03 ] D: _tracksModel->getItem(i)->rect()1 9 QRect(0,812 1957x111)
[   121.03 ] D: setTracksRect
[   121.03 ] D: setTracksRect
[   121.03 ] D: sltStartContentYChanged4
[   121.06 ] D: sltStartContentYChanged1
[   121.06 ] D: sltStartContentYChanged2
[   121.06 ] D: sltStartContentYChanged3
[   121.06 ] D: _tracksModel->getItem(i)->rect()1 0 QRect(0,-185 1957x111)
[   121.06 ] D: _tracksModel->getItem(i)->rect()1 1 QRect(0,-74 1957x111)
[   121.06 ] D: _tracksModel->getItem(i)->rect()1 2 QRect(0,37 1957x111)
[   121.06 ] D: _tracksModel->getItem(i)->rect()1 3 QRect(0,148 1957x111)
[   121.06 ] D: _tracksModel->getItem(i)->rect()1 4 QRect(0,259 1957x111)
[   121.06 ] D: _tracksModel->getItem(i)->rect()1 5 QRect(0,370 1957x111)
[   121.06 ] D: _tracksModel->getItem(i)->rect()1 6 QRect(0,481 1957x111)
[   121.06 ] D: _tracksModel->getItem(i)->rect()1 7 QRect(0,592 1957x111)
[   121.06 ] D: _tracksModel->getItem(i)->rect()1 8 QRect(0,703 1957x111)
[   121.06 ] D: _tracksModel->getItem(i)->rect()1 9 QRect(0,814 1957x111)
[   121.06 ] D: setTracksRect
[   121.06 ] D: setTracksRect
[   121.06 ] D: sltStartContentYChanged4
[   121.07 ] D: sltStartContentYChanged1
[   121.07 ] D: sltStartContentYChanged2
[   121.07 ] D: sltStartContentYChanged3
[   121.07 ] D: _tracksModel->getItem(i)->rect()1 0 QRect(0,-183 1957x111)
[   121.07 ] D: _tracksModel->getItem(i)->rect()1 1 QRect(0,-72 1957x111)
[   121.07 ] D: _tracksModel->getItem(i)->rect()1 2 QRect(0,39 1957x111)
[   121.07 ] D: _tracksModel->getItem(i)->rect()1 3 QRect(0,150 1957x111)
[   121.07 ] D: _tracksModel->getItem(i)->rect()1 4 QRect(0,261 1957x111)
[   121.07 ] D: _tracksModel->getItem(i)->rect()1 5 QRect(0,372 1957x111)
[   121.07 ] D: _tracksModel->getItem(i)->rect()1 6 QRect(0,483 1957x111)
[   121.07 ] D: _tracksModel->getItem(i)->rect()1 7 QRect(0,594 1957x111)
[   121.07 ] D: _tracksModel->getItem(i)->rect()1 8 QRect(0,705 1957x111)
[   121.07 ] D: _tracksModel->getItem(i)->rect()1 9 QRect(0,816 1957x111)
[   121.07 ] D: setTracksRect
[   121.07 ] D: setTracksRect
[   121.07 ] D: sltStartContentYChanged4
[   121.08 ] D: sltStartContentYChanged1
[   121.08 ] D: sltStartContentYChanged2
[   121.08 ] D: sltStartContentYChanged3
[   121.08 ] D: _tracksModel->getItem(i)->rect()1 0 QRect(0,-182 1957x111)
[   121.08 ] D: _tracksModel->getItem(i)->rect()1 1 QRect(0,-71 1957x111)
[   121.08 ] D: _tracksModel->getItem(i)->rect()1 2 QRect(0,40 1957x111)
[   121.08 ] D: _tracksModel->getItem(i)->rect()1 3 QRect(0,151 1957x111)
[   121.08 ] D: _tracksModel->getItem(i)->rect()1 4 QRect(0,262 1957x111)
[   121.08 ] D: _tracksModel->getItem(i)->rect()1 5 QRect(0,373 1957x111)
[   121.08 ] D: _tracksModel->getItem(i)->rect()1 6 QRect(0,484 1957x111)
[   121.08 ] D: _tracksModel->getItem(i)->rect()1 7 QRect(0,595 1957x111)
[   121.08 ] D: _tracksModel->getItem(i)->rect()1 8 QRect(0,706 1957x111)
[   121.08 ] D: _tracksModel->getItem(i)->rect()1 9 QRect(0,817 1957x111)
[   121.08 ] D: setTracksRect
[   121.08 ] D: setTracksRect
[   121.08 ] D: sltStartContentYChanged4
[   121.15 ] D: sltStartContentYChanged1
[   121.15 ] D: sltStartContentYChanged2
[   121.16 ] D: sltStartContentYChanged3
[   121.16 ] D: _tracksModel->getItem(i)->rect()1 0 QRect(0,-177 1957x111)
[   121.16 ] D: _tracksModel->getItem(i)->rect()1 1 QRect(0,-66 1957x111)
[   121.16 ] D: _tracksModel->getItem(i)->rect()1 2 QRect(0,45 1957x111)
[   121.16 ] D: _tracksModel->getItem(i)->rect()1 3 QRect(0,156 1957x111)
[   121.16 ] D: _tracksModel->getItem(i)->rect()1 4 QRect(0,267 1957x111)
[   121.16 ] D: _tracksModel->getItem(i)->rect()1 5 QRect(0,378 1957x111)
[   121.16 ] D: _tracksModel->getItem(i)->rect()1 6 QRect(0,489 1957x111)
[   121.16 ] D: _tracksModel->getItem(i)->rect()1 7 QRect(0,600 1957x111)
[   121.16 ] D: _tracksModel->getItem(i)->rect()1 8 QRect(0,711 1957x111)
[   121.16 ] D: _tracksModel->getItem(i)->rect()1 9 QRect(0,822 1957x111)
[   121.16 ] D: setTracksRect
[   121.16 ] D: setTracksRect
[   121.16 ] D: sltStartContentYChanged4
[   121.18 ] D: sltStartContentYChanged1
[   121.18 ] D: sltStartContentYChanged2
[   121.18 ] D: sltStartContentYChanged3
[   121.18 ] D: _tracksModel->getItem(i)->rect()1 0 QRect(0,-172 1957x111)
[   121.18 ] D: _tracksModel->getItem(i)->rect()1 1 QRect(0,-61 1957x111)
[   121.18 ] D: _tracksModel->getItem(i)->rect()1 2 QRect(0,50 1957x111)
[   121.18 ] D: _tracksModel->getItem(i)->rect()1 3 QRect(0,161 1957x111)
[   121.18 ] D: _tracksModel->getItem(i)->rect()1 4 QRect(0,272 1957x111)
[   121.18 ] D: _tracksModel->getItem(i)->rect()1 5 QRect(0,383 1957x111)
[   121.18 ] D: _tracksModel->getItem(i)->rect()1 6 QRect(0,494 1957x111)
[   121.18 ] D: _tracksModel->getItem(i)->rect()1 7 QRect(0,605 1957x111)
[   121.18 ] D: _tracksModel->getItem(i)->rect()1 8 QRect(0,716 1957x111)
[   121.18 ] D: _tracksModel->getItem(i)->rect()1 9 QRect(0,827 1957x111)
[   121.18 ] D: setTracksRect
[   121.18 ] D: setTracksRect
[   121.18 ] D: sltStartContentYChanged4
[   121.20 ] D: sltStartContentYChanged1
[   121.20 ] D: sltStartContentYChanged2
[   121.20 ] D: sltStartContentYChanged3
[   121.20 ] D: _tracksModel->getItem(i)->rect()1 0 QRect(0,-167 1957x111)
[   121.20 ] D: _tracksModel->getItem(i)->rect()1 1 QRect(0,-56 1957x111)
[   121.20 ] D: _tracksModel->getItem(i)->rect()1 2 QRect(0,55 1957x111)
[   121.20 ] D: _tracksModel->getItem(i)->rect()1 3 QRect(0,166 1957x111)
[   121.20 ] D: _tracksModel->getItem(i)->rect()1 4 QRect(0,277 1957x111)
[   121.20 ] D: _tracksModel->getItem(i)->rect()1 5 QRect(0,388 1957x111)
[   121.20 ] D: _tracksModel->getItem(i)->rect()1 6 QRect(0,499 1957x111)
[   121.20 ] D: _tracksModel->getItem(i)->rect()1 7 QRect(0,610 1957x111)
[   121.20 ] D: _tracksModel->getItem(i)->rect()1 8 QRect(0,721 1957x111)
[   121.21 ] D: _tracksModel->getItem(i)->rect()1 9 QRect(0,832 1957x111)
[   121.21 ] D: setTracksRect
[   121.21 ] D: setTracksRect
[   121.21 ] D: sltStartContentYChanged4
[   121.22 ] D: sltStartContentYChanged1
[   121.22 ] D: sltStartContentYChanged2
[   121.23 ] D: sltStartContentYChanged3
[   121.23 ] D: _tracksModel->getItem(i)->rect()1 0 QRect(0,-162 1957x111)
[   121.23 ] D: _tracksModel->getItem(i)->rect()1 1 QRect(0,-51 1957x111)
[   121.23 ] D: _tracksModel->getItem(i)->rect()1 2 QRect(0,60 1957x111)
[   121.23 ] D: _tracksModel->getItem(i)->rect()1 3 QRect(0,171 1957x111)
[   121.23 ] D: _tracksModel->getItem(i)->rect()1 4 QRect(0,282 1957x111)
[   121.23 ] D: _tracksModel->getItem(i)->rect()1 5 QRect(0,393 1957x111)
[   121.23 ] D: _tracksModel->getItem(i)->rect()1 6 QRect(0,504 1957x111)
[   121.23 ] D: _tracksModel->getItem(i)->rect()1 7 QRect(0,615 1957x111)
[   121.23 ] D: _tracksModel->getItem(i)->rect()1 8 QRect(0,726 1957x111)
[   121.23 ] D: _tracksModel->getItem(i)->rect()1 9 QRect(0,837 1957x111)
[   121.23 ] D: setTracksRect
[   121.23 ] D: setTracksRect
[   121.23 ] D: sltStartContentYChanged4
[   121.25 ] D: sltStartContentYChanged1
[   121.25 ] D: sltStartContentYChanged2
[   121.26 ] D: sltStartContentYChanged3
[   121.26 ] D: _tracksModel->getItem(i)->rect()1 0 QRect(0,-158 1957x111)
[   121.26 ] D: _tracksModel->getItem(i)->rect()1 1 QRect(0,-47 1957x111)
[   121.26 ] D: _tracksModel->getItem(i)->rect()1 2 QRect(0,64 1957x111)
[   121.26 ] D: _tracksModel->getItem(i)->rect()1 3 QRect(0,175 1957x111)
[   121.26 ] D: _tracksModel->getItem(i)->rect()1 4 QRect(0,286 1957x111)
[   121.26 ] D: _tracksModel->getItem(i)->rect()1 5 QRect(0,397 1957x111)
[   121.26 ] D: _tracksModel->getItem(i)->rect()1 6 QRect(0,508 1957x111)
[   121.26 ] D: _tracksModel->getItem(i)->rect()1 7 QRect(0,619 1957x111)
[   121.26 ] D: _tracksModel->getItem(i)->rect()1 8 QRect(0,730 1957x111)
[   121.26 ] D: _tracksModel->getItem(i)->rect()1 9 QRect(0,841 1957x111)
[   121.26 ] D: setTracksRect
[   121.26 ] D: setTracksRect
[   121.26 ] D: sltStartContentYChanged4
[   121.27 ] D: sltStartContentYChanged1
[   121.27 ] D: sltStartContentYChanged2
[   121.27 ] D: sltStartContentYChanged3
[   121.27 ] D: _tracksModel->getItem(i)->rect()1 0 QRect(0,-154 1957x111)
[   121.27 ] D: _tracksModel->getItem(i)->rect()1 1 QRect(0,-43 1957x111)
[   121.27 ] D: _tracksModel->getItem(i)->rect()1 2 QRect(0,68 1957x111)
[   121.27 ] D: _tracksModel->getItem(i)->rect()1 3 QRect(0,179 1957x111)
[   121.27 ] D: _tracksModel->getItem(i)->rect()1 4 QRect(0,290 1957x111)
[   121.27 ] D: _tracksModel->getItem(i)->rect()1 5 QRect(0,401 1957x111)
[   121.27 ] D: _tracksModel->getItem(i)->rect()1 6 QRect(0,512 1957x111)
[   121.27 ] D: _tracksModel->getItem(i)->rect()1 7 QRect(0,623 1957x111)
[   121.27 ] D: _tracksModel->getItem(i)->rect()1 8 QRect(0,734 1957x111)
[   121.27 ] D: _tracksModel->getItem(i)->rect()1 9 QRect(0,845 1957x111)
[   121.27 ] D: setTracksRect
[   121.27 ] D: setTracksRect
[   121.27 ] D: sltStartContentYChanged4
[   121.29 ] D: sltStartContentYChanged1
[   121.29 ] D: sltStartContentYChanged2
[   121.29 ] D: sltStartContentYChanged3
[   121.29 ] D: _tracksModel->getItem(i)->rect()1 0 QRect(0,-150 1957x111)
[   121.29 ] D: _tracksModel->getItem(i)->rect()1 1 QRect(0,-39 1957x111)
[   121.29 ] D: _tracksModel->getItem(i)->rect()1 2 QRect(0,72 1957x111)
[   121.29 ] D: _tracksModel->getItem(i)->rect()1 3 QRect(0,183 1957x111)
[   121.29 ] D: _tracksModel->getItem(i)->rect()1 4 QRect(0,294 1957x111)
[   121.29 ] D: _tracksModel->getItem(i)->rect()1 5 QRect(0,405 1957x111)
[   121.29 ] D: _tracksModel->getItem(i)->rect()1 6 QRect(0,516 1957x111)
[   121.29 ] D: _tracksModel->getItem(i)->rect()1 7 QRect(0,627 1957x111)
[   121.29 ] D: _tracksModel->getItem(i)->rect()1 8 QRect(0,738 1957x111)
[   121.29 ] D: _tracksModel->getItem(i)->rect()1 9 QRect(0,849 1957x111)
[   121.29 ] D: setTracksRect
[   121.29 ] D: setTracksRect
[   121.29 ] D: sltStartContentYChanged4
[   121.31 ] D: sltStartContentYChanged1
[   121.31 ] D: sltStartContentYChanged2
[   121.31 ] D: sltStartContentYChanged3
[   121.31 ] D: _tracksModel->getItem(i)->rect()1 0 QRect(0,-147 1957x111)
[   121.31 ] D: _tracksModel->getItem(i)->rect()1 1 QRect(0,-36 1957x111)
[   121.31 ] D: _tracksModel->getItem(i)->rect()1 2 QRect(0,75 1957x111)
[   121.31 ] D: _tracksModel->getItem(i)->rect()1 3 QRect(0,186 1957x111)
[   121.31 ] D: _tracksModel->getItem(i)->rect()1 4 QRect(0,297 1957x111)
[   121.31 ] D: _tracksModel->getItem(i)->rect()1 5 QRect(0,408 1957x111)
[   121.31 ] D: _tracksModel->getItem(i)->rect()1 6 QRect(0,519 1957x111)
[   121.31 ] D: _tracksModel->getItem(i)->rect()1 7 QRect(0,630 1957x111)
[   121.31 ] D: _tracksModel->getItem(i)->rect()1 8 QRect(0,741 1957x111)
[   121.31 ] D: _tracksModel->getItem(i)->rect()1 9 QRect(0,852 1957x111)
[   121.31 ] D: setTracksRect
[   121.31 ] D: setTracksRect
[   121.31 ] D: sltStartContentYChanged4
[   121.32 ] D: sltStartContentYChanged1
[   121.32 ] D: sltStartContentYChanged2
[   121.32 ] D: sltStartContentYChanged3
[   121.32 ] D: _tracksModel->getItem(i)->rect()1 0 QRect(0,-144 1957x111)
[   121.32 ] D: _tracksModel->getItem(i)->rect()1 1 QRect(0,-33 1957x111)
[   121.32 ] D: _tracksModel->getItem(i)->rect()1 2 QRect(0,78 1957x111)
[   121.32 ] D: _tracksModel->getItem(i)->rect()1 3 QRect(0,189 1957x111)
[   121.32 ] D: _tracksModel->getItem(i)->rect()1 4 QRect(0,300 1957x111)
[   121.32 ] D: _tracksModel->getItem(i)->rect()1 5 QRect(0,411 1957x111)
[   121.32 ] D: _tracksModel->getItem(i)->rect()1 6 QRect(0,522 1957x111)
[   121.32 ] D: _tracksModel->getItem(i)->rect()1 7 QRect(0,633 1957x111)
[   121.32 ] D: _tracksModel->getItem(i)->rect()1 8 QRect(0,744 1957x111)
[   121.32 ] D: _tracksModel->getItem(i)->rect()1 9 QRect(0,855 1957x111)
[   121.32 ] D: setTracksRect
[   121.32 ] D: setTracksRect
[   121.32 ] D: sltStartContentYChanged4
[   121.32 ] D: sltStartContentYChanged1
[   121.32 ] D: sltStartContentYChanged2
[   121.33 ] D: sltStartContentYChanged3
[   121.33 ] D: _tracksModel->getItem(i)->rect()1 0 QRect(0,-142 1957x111)
[   121.33 ] D: _tracksModel->getItem(i)->rect()1 1 QRect(0,-31 1957x111)
[   121.33 ] D: _tracksModel->getItem(i)->rect()1 2 QRect(0,80 1957x111)
[   121.33 ] D: _tracksModel->getItem(i)->rect()1 3 QRect(0,191 1957x111)
[   121.33 ] D: _tracksModel->getItem(i)->rect()1 4 QRect(0,302 1957x111)
[   121.33 ] D: _tracksModel->getItem(i)->rect()1 5 QRect(0,413 1957x111)
[   121.33 ] D: _tracksModel->getItem(i)->rect()1 6 QRect(0,524 1957x111)
[   121.33 ] D: _tracksModel->getItem(i)->rect()1 7 QRect(0,635 1957x111)
[   121.33 ] D: _tracksModel->getItem(i)->rect()1 8 QRect(0,746 1957x111)
[   121.33 ] D: _tracksModel->getItem(i)->rect()1 9 QRect(0,857 1957x111)
[   121.33 ] D: setTracksRect
[   121.33 ] D: setTracksRect
[   121.33 ] D: sltStartContentYChanged4
[   121.36 ] D: sltStartContentYChanged1
[   121.36 ] D: sltStartContentYChanged2
[   121.36 ] D: sltStartContentYChanged3
[   121.36 ] D: _tracksModel->getItem(i)->rect()1 0 QRect(0,-140 1957x111)
[   121.36 ] D: _tracksModel->getItem(i)->rect()1 1 QRect(0,-29 1957x111)
[   121.36 ] D: _tracksModel->getItem(i)->rect()1 2 QRect(0,82 1957x111)
[   121.36 ] D: _tracksModel->getItem(i)->rect()1 3 QRect(0,193 1957x111)
[   121.36 ] D: _tracksModel->getItem(i)->rect()1 4 QRect(0,304 1957x111)
[   121.36 ] D: _tracksModel->getItem(i)->rect()1 5 QRect(0,415 1957x111)
[   121.36 ] D: _tracksModel->getItem(i)->rect()1 6 QRect(0,526 1957x111)
[   121.36 ] D: _tracksModel->getItem(i)->rect()1 7 QRect(0,637 1957x111)
[   121.36 ] D: _tracksModel->getItem(i)->rect()1 8 QRect(0,748 1957x111)
[   121.36 ] D: _tracksModel->getItem(i)->rect()1 9 QRect(0,859 1957x111)
[   121.36 ] D: setTracksRect
[   121.36 ] D: setTracksRect
[   121.36 ] D: sltStartContentYChanged4
[   121.37 ] D: sltStartContentYChanged1
[   121.37 ] D: sltStartContentYChanged2
[   121.37 ] D: sltStartContentYChanged3
[   121.37 ] D: _tracksModel->getItem(i)->rect()1 0 QRect(0,-139 1957x111)
[   121.37 ] D: _tracksModel->getItem(i)->rect()1 1 QRect(0,-28 1957x111)
[   121.38 ] D: _tracksModel->getItem(i)->rect()1 2 QRect(0,83 1957x111)
[   121.38 ] D: _tracksModel->getItem(i)->rect()1 3 QRect(0,194 1957x111)
[   121.38 ] D: _tracksModel->getItem(i)->rect()1 4 QRect(0,305 1957x111)
[   121.38 ] D: _tracksModel->getItem(i)->rect()1 5 QRect(0,416 1957x111)
[   121.38 ] D: _tracksModel->getItem(i)->rect()1 6 QRect(0,527 1957x111)
[   121.38 ] D: _tracksModel->getItem(i)->rect()1 7 QRect(0,638 1957x111)
[   121.38 ] D: _tracksModel->getItem(i)->rect()1 8 QRect(0,749 1957x111)
[   121.38 ] D: _tracksModel->getItem(i)->rect()1 9 QRect(0,860 1957x111)
[   121.38 ] D: setTracksRect
[   121.38 ] D: setTracksRect
[   121.38 ] D: sltStartContentYChanged4
[   121.38 ] D: sltStartContentYChanged1
[   121.38 ] D: sltStartContentYChanged2
[   121.38 ] D: sltStartContentYChanged3
[   121.38 ] D: _tracksModel->getItem(i)->rect()1 0 QRect(0,-138 1957x111)
[   121.38 ] D: _tracksModel->getItem(i)->rect()1 1 QRect(0,-27 1957x111)
[   121.38 ] D: _tracksModel->getItem(i)->rect()1 2 QRect(0,84 1957x111)
[   121.38 ] D: _tracksModel->getItem(i)->rect()1 3 QRect(0,195 1957x111)
[   121.38 ] D: _tracksModel->getItem(i)->rect()1 4 QRect(0,306 1957x111)
[   121.38 ] D: _tracksModel->getItem(i)->rect()1 5 QRect(0,417 1957x111)
[   121.38 ] D: _tracksModel->getItem(i)->rect()1 6 QRect(0,528 1957x111)
[   121.38 ] D: _tracksModel->getItem(i)->rect()1 7 QRect(0,639 1957x111)
[   121.38 ] D: _tracksModel->getItem(i)->rect()1 8 QRect(0,750 1957x111)
[   121.38 ] D: _tracksModel->getItem(i)->rect()1 9 QRect(0,861 1957x111)
[   121.38 ] D: setTracksRect
[   121.38 ] D: setTracksRect
[   121.38 ] D: sltStartContentYChanged4
[   121.44 ] D: sltStartContentYChanged1
[   121.44 ] D: sltStartContentYChanged2
[   121.45 ] D: sltStartContentYChanged3
[   121.45 ] D: _tracksModel->getItem(i)->rect()1 0 QRect(0,-128 1957x111)
[   121.45 ] D: _tracksModel->getItem(i)->rect()1 1 QRect(0,-17 1957x111)
[   121.45 ] D: _tracksModel->getItem(i)->rect()1 2 QRect(0,94 1957x111)
[   121.45 ] D: _tracksModel->getItem(i)->rect()1 3 QRect(0,205 1957x111)
[   121.45 ] D: _tracksModel->getItem(i)->rect()1 4 QRect(0,316 1957x111)
[   121.45 ] D: _tracksModel->getItem(i)->rect()1 5 QRect(0,427 1957x111)
[   121.45 ] D: _tracksModel->getItem(i)->rect()1 6 QRect(0,538 1957x111)
[   121.45 ] D: _tracksModel->getItem(i)->rect()1 7 QRect(0,649 1957x111)
[   121.45 ] D: _tracksModel->getItem(i)->rect()1 8 QRect(0,760 1957x111)
[   121.45 ] D: _tracksModel->getItem(i)->rect()1 9 QRect(0,871 1957x111)
[   121.45 ] D: setTracksRect
[   121.45 ] D: setTracksRect
[   121.45 ] D: sltStartContentYChanged4
[   121.47 ] D: sltStartContentYChanged1
[   121.47 ] D: sltStartContentYChanged2
[   121.48 ] D: sltStartContentYChanged3
[   121.48 ] D: _tracksModel->getItem(i)->rect()1 0 QRect(0,-124 1957x111)
[   121.48 ] D: _tracksModel->getItem(i)->rect()1 1 QRect(0,-13 1957x111)
[   121.48 ] D: _tracksModel->getItem(i)->rect()1 2 QRect(0,98 1957x111)
[   121.48 ] D: _tracksModel->getItem(i)->rect()1 3 QRect(0,209 1957x111)
[   121.48 ] D: _tracksModel->getItem(i)->rect()1 4 QRect(0,320 1957x111)
[   121.48 ] D: _tracksModel->getItem(i)->rect()1 5 QRect(0,431 1957x111)
[   121.48 ] D: _tracksModel->getItem(i)->rect()1 6 QRect(0,542 1957x111)
[   121.48 ] D: _tracksModel->getItem(i)->rect()1 7 QRect(0,653 1957x111)
[   121.48 ] D: _tracksModel->getItem(i)->rect()1 8 QRect(0,764 1957x111)
[   121.48 ] D: _tracksModel->getItem(i)->rect()1 9 QRect(0,875 1957x111)
[   121.48 ] D: setTracksRect
[   121.48 ] D: setTracksRect
[   121.48 ] D: sltStartContentYChanged4
[   121.50 ] D: sltStartContentYChanged1
[   121.51 ] D: sltStartContentYChanged2
[   121.51 ] D: sltStartContentYChanged3
[   121.51 ] D: _tracksModel->getItem(i)->rect()1 0 QRect(0,-119 1957x111)
[   121.51 ] D: _tracksModel->getItem(i)->rect()1 1 QRect(0,-8 1957x111)
[   121.51 ] D: _tracksModel->getItem(i)->rect()1 2 QRect(0,103 1957x111)
[   121.51 ] D: _tracksModel->getItem(i)->rect()1 3 QRect(0,214 1957x111)
[   121.51 ] D: _tracksModel->getItem(i)->rect()1 4 QRect(0,325 1957x111)
[   121.51 ] D: _tracksModel->getItem(i)->rect()1 5 QRect(0,436 1957x111)
[   121.51 ] D: _tracksModel->getItem(i)->rect()1 6 QRect(0,547 1957x111)
[   121.51 ] D: _tracksModel->getItem(i)->rect()1 7 QRect(0,658 1957x111)
[   121.51 ] D: _tracksModel->getItem(i)->rect()1 8 QRect(0,769 1957x111)
[   121.51 ] D: _tracksModel->getItem(i)->rect()1 9 QRect(0,880 1957x111)
[   121.51 ] D: setTracksRect
[   121.51 ] D: setTracksRect
[   121.51 ] D: sltStartContentYChanged4
[   121.52 ] D: sltStartContentYChanged1
[   121.52 ] D: sltStartContentYChanged2
[   121.52 ] D: sltStartContentYChanged3
[   121.52 ] D: _tracksModel->getItem(i)->rect()1 0 QRect(0,-115 1957x111)
[   121.52 ] D: _tracksModel->getItem(i)->rect()1 1 QRect(0,-4 1957x111)
[   121.52 ] D: _tracksModel->getItem(i)->rect()1 2 QRect(0,107 1957x111)
[   121.52 ] D: _tracksModel->getItem(i)->rect()1 3 QRect(0,218 1957x111)
[   121.52 ] D: _tracksModel->getItem(i)->rect()1 4 QRect(0,329 1957x111)
[   121.52 ] D: _tracksModel->getItem(i)->rect()1 5 QRect(0,440 1957x111)
[   121.52 ] D: _tracksModel->getItem(i)->rect()1 6 QRect(0,551 1957x111)
[   121.52 ] D: _tracksModel->getItem(i)->rect()1 7 QRect(0,662 1957x111)
[   121.52 ] D: _tracksModel->getItem(i)->rect()1 8 QRect(0,773 1957x111)
[   121.52 ] D: _tracksModel->getItem(i)->rect()1 9 QRect(0,884 1957x111)
[   121.52 ] D: setTracksRect
[   121.52 ] D: setTracksRect
[   121.52 ] D: sltStartContentYChanged4
[   121.53 ] D: sltStartContentYChanged1
[   121.53 ] D: sltStartContentYChanged2
[   121.53 ] D: sltStartContentYChanged3
[   121.53 ] D: _tracksModel->getItem(i)->rect()1 0 QRect(0,-111 1957x111)
[   121.53 ] D: _tracksModel->getItem(i)->rect()1 1 QRect(0,0 1957x111)
[   121.53 ] D: _tracksModel->getItem(i)->rect()1 2 QRect(0,111 1957x111)
[   121.53 ] D: _tracksModel->getItem(i)->rect()1 3 QRect(0,222 1957x111)
[   121.53 ] D: _tracksModel->getItem(i)->rect()1 4 QRect(0,333 1957x111)
[   121.53 ] D: _tracksModel->getItem(i)->rect()1 5 QRect(0,444 1957x111)
[   121.53 ] D: _tracksModel->getItem(i)->rect()1 6 QRect(0,555 1957x111)
[   121.53 ] D: _tracksModel->getItem(i)->rect()1 7 QRect(0,666 1957x111)
[   121.53 ] D: _tracksModel->getItem(i)->rect()1 8 QRect(0,777 1957x111)
[   121.53 ] D: _tracksModel->getItem(i)->rect()1 9 QRect(0,888 1957x111)
[   121.53 ] D: setTracksRect
[   121.53 ] D: setTracksRect
[   121.53 ] D: sltStartContentYChanged4
[   121.56 ] D: sltStartContentYChanged1
[   121.56 ] D: sltStartContentYChanged2
[   121.56 ] D: sltStartContentYChanged3
[   121.56 ] D: _tracksModel->getItem(i)->rect()1 0 QRect(0,-108 1957x111)
[   121.56 ] D: _tracksModel->getItem(i)->rect()1 1 QRect(0,3 1957x111)
[   121.56 ] D: _tracksModel->getItem(i)->rect()1 2 QRect(0,114 1957x111)
[   121.56 ] D: _tracksModel->getItem(i)->rect()1 3 QRect(0,225 1957x111)
[   121.56 ] D: _tracksModel->getItem(i)->rect()1 4 QRect(0,336 1957x111)
[   121.56 ] D: _tracksModel->getItem(i)->rect()1 5 QRect(0,447 1957x111)
[   121.56 ] D: _tracksModel->getItem(i)->rect()1 6 QRect(0,558 1957x111)
[   121.56 ] D: _tracksModel->getItem(i)->rect()1 7 QRect(0,669 1957x111)
[   121.56 ] D: _tracksModel->getItem(i)->rect()1 8 QRect(0,780 1957x111)
[   121.56 ] D: _tracksModel->getItem(i)->rect()1 9 QRect(0,891 1957x111)
[   121.56 ] D: setTracksRect
[   121.56 ] D: setTracksRect
[   121.56 ] D: sltStartContentYChanged4
[   121.57 ] D: sltStartContentYChanged1
[   121.57 ] D: sltStartContentYChanged2
[   121.57 ] D: sltStartContentYChanged3
[   121.57 ] D: _tracksModel->getItem(i)->rect()1 0 QRect(0,-106 1957x111)
[   121.57 ] D: _tracksModel->getItem(i)->rect()1 1 QRect(0,5 1957x111)
[   121.57 ] D: _tracksModel->getItem(i)->rect()1 2 QRect(0,116 1957x111)
[   121.57 ] D: _tracksModel->getItem(i)->rect()1 3 QRect(0,227 1957x111)
[   121.57 ] D: _tracksModel->getItem(i)->rect()1 4 QRect(0,338 1957x111)
[   121.57 ] D: _tracksModel->getItem(i)->rect()1 5 QRect(0,449 1957x111)
[   121.57 ] D: _tracksModel->getItem(i)->rect()1 6 QRect(0,560 1957x111)
[   121.57 ] D: _tracksModel->getItem(i)->rect()1 7 QRect(0,671 1957x111)
[   121.57 ] D: _tracksModel->getItem(i)->rect()1 8 QRect(0,782 1957x111)
[   121.57 ] D: _tracksModel->getItem(i)->rect()1 9 QRect(0,893 1957x111)
[   121.57 ] D: setTracksRect
[   121.57 ] D: setTracksRect
[   121.57 ] D: sltStartContentYChanged4
[   121.58 ] D: sltStartContentYChanged1
[   121.58 ] D: sltStartContentYChanged2
[   121.58 ] D: sltStartContentYChanged3
[   121.58 ] D: _tracksModel->getItem(i)->rect()1 0 QRect(0,-103 1957x111)
[   121.58 ] D: _tracksModel->getItem(i)->rect()1 1 QRect(0,8 1957x111)
[   121.58 ] D: _tracksModel->getItem(i)->rect()1 2 QRect(0,119 1957x111)
[   121.58 ] D: _tracksModel->getItem(i)->rect()1 3 QRect(0,230 1957x111)
[   121.58 ] D: _tracksModel->getItem(i)->rect()1 4 QRect(0,341 1957x111)
[   121.58 ] D: _tracksModel->getItem(i)->rect()1 5 QRect(0,452 1957x111)
[   121.58 ] D: _tracksModel->getItem(i)->rect()1 6 QRect(0,563 1957x111)
[   121.58 ] D: _tracksModel->getItem(i)->rect()1 7 QRect(0,674 1957x111)
[   121.58 ] D: _tracksModel->getItem(i)->rect()1 8 QRect(0,785 1957x111)
[   121.58 ] D: _tracksModel->getItem(i)->rect()1 9 QRect(0,896 1957x111)
[   121.58 ] D: setTracksRect
[   121.58 ] D: setTracksRect
[   121.58 ] D: sltStartContentYChanged4
[   121.60 ] D: sltStartContentYChanged1
[   121.60 ] D: sltStartContentYChanged2
[   121.60 ] D: sltStartContentYChanged3
[   121.60 ] D: _tracksModel->getItem(i)->rect()1 0 QRect(0,-102 1957x111)
[   121.60 ] D: _tracksModel->getItem(i)->rect()1 1 QRect(0,9 1957x111)
[   121.60 ] D: _tracksModel->getItem(i)->rect()1 2 QRect(0,120 1957x111)
[   121.60 ] D: _tracksModel->getItem(i)->rect()1 3 QRect(0,231 1957x111)
[   121.60 ] D: _tracksModel->getItem(i)->rect()1 4 QRect(0,342 1957x111)
[   121.60 ] D: _tracksModel->getItem(i)->rect()1 5 QRect(0,453 1957x111)
[   121.60 ] D: _tracksModel->getItem(i)->rect()1 6 QRect(0,564 1957x111)
[   121.60 ] D: _tracksModel->getItem(i)->rect()1 7 QRect(0,675 1957x111)
[   121.60 ] D: _tracksModel->getItem(i)->rect()1 8 QRect(0,786 1957x111)
[   121.60 ] D: _tracksModel->getItem(i)->rect()1 9 QRect(0,897 1957x111)
[   121.61 ] D: setTracksRect
[   121.61 ] D: setTracksRect
[   121.61 ] D: sltStartContentYChanged4
[   121.61 ] D: sltStartContentYChanged1
[   121.61 ] D: sltStartContentYChanged2
[   121.61 ] D: sltStartContentYChanged3
[   121.61 ] D: _tracksModel->getItem(i)->rect()1 0 QRect(0,-100 1957x111)
[   121.61 ] D: _tracksModel->getItem(i)->rect()1 1 QRect(0,11 1957x111)
[   121.61 ] D: _tracksModel->getItem(i)->rect()1 2 QRect(0,122 1957x111)
[   121.61 ] D: _tracksModel->getItem(i)->rect()1 3 QRect(0,233 1957x111)
[   121.61 ] D: _tracksModel->getItem(i)->rect()1 4 QRect(0,344 1957x111)
[   121.61 ] D: _tracksModel->getItem(i)->rect()1 5 QRect(0,455 1957x111)
[   121.61 ] D: _tracksModel->getItem(i)->rect()1 6 QRect(0,566 1957x111)
[   121.61 ] D: _tracksModel->getItem(i)->rect()1 7 QRect(0,677 1957x111)
[   121.61 ] D: _tracksModel->getItem(i)->rect()1 8 QRect(0,788 1957x111)
[   121.61 ] D: _tracksModel->getItem(i)->rect()1 9 QRect(0,899 1957x111)
[   121.61 ] D: setTracksRect
[   121.61 ] D: setTracksRect
[   121.61 ] D: sltStartContentYChanged4
[   121.63 ] D: sltStartContentYChanged1
[   121.63 ] D: sltStartContentYChanged2
[   121.63 ] D: sltStartContentYChanged3
[   121.63 ] D: _tracksModel->getItem(i)->rect()1 0 QRect(0,-99 1957x111)
[   121.63 ] D: _tracksModel->getItem(i)->rect()1 1 QRect(0,12 1957x111)
[   121.63 ] D: _tracksModel->getItem(i)->rect()1 2 QRect(0,123 1957x111)
[   121.63 ] D: _tracksModel->getItem(i)->rect()1 3 QRect(0,234 1957x111)
[   121.63 ] D: _tracksModel->getItem(i)->rect()1 4 QRect(0,345 1957x111)
[   121.63 ] D: _tracksModel->getItem(i)->rect()1 5 QRect(0,456 1957x111)
[   121.63 ] D: _tracksModel->getItem(i)->rect()1 6 QRect(0,567 1957x111)
[   121.63 ] D: _tracksModel->getItem(i)->rect()1 7 QRect(0,678 1957x111)
[   121.63 ] D: _tracksModel->getItem(i)->rect()1 8 QRect(0,789 1957x111)
[   121.63 ] D: _tracksModel->getItem(i)->rect()1 9 QRect(0,900 1957x111)
[   121.63 ] D: setTracksRect
[   121.63 ] D: setTracksRect
[   121.63 ] D: sltStartContentYChanged4
[   121.70 ] D: sltStartContentYChanged1
[   121.70 ] D: sltStartContentYChanged2
[   121.70 ] D: sltStartContentYChanged3
[   121.70 ] D: _tracksModel->getItem(i)->rect()1 0 QRect(0,-94 1957x111)
[   121.70 ] D: _tracksModel->getItem(i)->rect()1 1 QRect(0,17 1957x111)
[   121.70 ] D: _tracksModel->getItem(i)->rect()1 2 QRect(0,128 1957x111)
[   121.70 ] D: _tracksModel->getItem(i)->rect()1 3 QRect(0,239 1957x111)
[   121.70 ] D: _tracksModel->getItem(i)->rect()1 4 QRect(0,350 1957x111)
[   121.70 ] D: _tracksModel->getItem(i)->rect()1 5 QRect(0,461 1957x111)
[   121.71 ] D: _tracksModel->getItem(i)->rect()1 6 QRect(0,572 1957x111)
[   121.71 ] D: _tracksModel->getItem(i)->rect()1 7 QRect(0,683 1957x111)
[   121.71 ] D: _tracksModel->getItem(i)->rect()1 8 QRect(0,794 1957x111)
[   121.71 ] D: _tracksModel->getItem(i)->rect()1 9 QRect(0,905 1957x111)
[   121.71 ] D: setTracksRect
[   121.71 ] D: setTracksRect
[   121.71 ] D: sltStartContentYChanged4
[   121.71 ] D: sltStartContentYChanged1
[   121.71 ] D: sltStartContentYChanged2
[   121.71 ] D: sltStartContentYChanged3
[   121.71 ] D: _tracksModel->getItem(i)->rect()1 0 QRect(0,-89 1957x111)
[   121.71 ] D: _tracksModel->getItem(i)->rect()1 1 QRect(0,22 1957x111)
[   121.71 ] D: _tracksModel->getItem(i)->rect()1 2 QRect(0,133 1957x111)
[   121.71 ] D: _tracksModel->getItem(i)->rect()1 3 QRect(0,244 1957x111)
[   121.71 ] D: _tracksModel->getItem(i)->rect()1 4 QRect(0,355 1957x111)
[   121.71 ] D: _tracksModel->getItem(i)->rect()1 5 QRect(0,466 1957x111)
[   121.71 ] D: _tracksModel->getItem(i)->rect()1 6 QRect(0,577 1957x111)
[   121.71 ] D: _tracksModel->getItem(i)->rect()1 7 QRect(0,688 1957x111)
[   121.71 ] D: _tracksModel->getItem(i)->rect()1 8 QRect(0,799 1957x111)
[   121.71 ] D: _tracksModel->getItem(i)->rect()1 9 QRect(0,910 1957x111)
[   121.71 ] D: setTracksRect
[   121.71 ] D: setTracksRect
[   121.71 ] D: sltStartContentYChanged4
[   121.73 ] D: sltStartContentYChanged1
[   121.73 ] D: sltStartContentYChanged2
[   121.73 ] D: sltStartContentYChanged3
[   121.73 ] D: _tracksModel->getItem(i)->rect()1 0 QRect(0,-84 1957x111)
[   121.73 ] D: _tracksModel->getItem(i)->rect()1 1 QRect(0,27 1957x111)
[   121.73 ] D: _tracksModel->getItem(i)->rect()1 2 QRect(0,138 1957x111)
[   121.73 ] D: _tracksModel->getItem(i)->rect()1 3 QRect(0,249 1957x111)
[   121.73 ] D: _tracksModel->getItem(i)->rect()1 4 QRect(0,360 1957x111)
[   121.73 ] D: _tracksModel->getItem(i)->rect()1 5 QRect(0,471 1957x111)
[   121.73 ] D: _tracksModel->getItem(i)->rect()1 6 QRect(0,582 1957x111)
[   121.73 ] D: _tracksModel->getItem(i)->rect()1 7 QRect(0,693 1957x111)
[   121.73 ] D: _tracksModel->getItem(i)->rect()1 8 QRect(0,804 1957x111)
[   121.73 ] D: _tracksModel->getItem(i)->rect()1 9 QRect(0,915 1957x111)
[   121.73 ] D: setTracksRect
[   121.73 ] D: setTracksRect
[   121.73 ] D: sltStartContentYChanged4
[   121.75 ] D: sltStartContentYChanged1
[   121.76 ] D: sltStartContentYChanged2
[   121.76 ] D: sltStartContentYChanged3
[   121.76 ] D: _tracksModel->getItem(i)->rect()1 0 QRect(0,-79 1957x111)
[   121.76 ] D: _tracksModel->getItem(i)->rect()1 1 QRect(0,32 1957x111)
[   121.76 ] D: _tracksModel->getItem(i)->rect()1 2 QRect(0,143 1957x111)
[   121.76 ] D: _tracksModel->getItem(i)->rect()1 3 QRect(0,254 1957x111)
[   121.76 ] D: _tracksModel->getItem(i)->rect()1 4 QRect(0,365 1957x111)
[   121.76 ] D: _tracksModel->getItem(i)->rect()1 5 QRect(0,476 1957x111)
[   121.76 ] D: _tracksModel->getItem(i)->rect()1 6 QRect(0,587 1957x111)
[   121.76 ] D: _tracksModel->getItem(i)->rect()1 7 QRect(0,698 1957x111)
[   121.76 ] D: _tracksModel->getItem(i)->rect()1 8 QRect(0,809 1957x111)
[   121.76 ] D: _tracksModel->getItem(i)->rect()1 9 QRect(0,920 1957x111)
[   121.76 ] D: setTracksRect
[   121.76 ] D: setTracksRect
[   121.76 ] D: sltStartContentYChanged4
[   121.77 ] D: sltStartContentYChanged1
[   121.77 ] D: sltStartContentYChanged2
[   121.77 ] D: sltStartContentYChanged3
[   121.77 ] D: _tracksModel->getItem(i)->rect()1 0 QRect(0,-75 1957x111)
[   121.77 ] D: _tracksModel->getItem(i)->rect()1 1 QRect(0,36 1957x111)
[   121.77 ] D: _tracksModel->getItem(i)->rect()1 2 QRect(0,147 1957x111)
[   121.77 ] D: _tracksModel->getItem(i)->rect()1 3 QRect(0,258 1957x111)
[   121.77 ] D: _tracksModel->getItem(i)->rect()1 4 QRect(0,369 1957x111)
[   121.77 ] D: _tracksModel->getItem(i)->rect()1 5 QRect(0,480 1957x111)
[   121.77 ] D: _tracksModel->getItem(i)->rect()1 6 QRect(0,591 1957x111)
[   121.77 ] D: _tracksModel->getItem(i)->rect()1 7 QRect(0,702 1957x111)
[   121.77 ] D: _tracksModel->getItem(i)->rect()1 8 QRect(0,813 1957x111)
[   121.77 ] D: _tracksModel->getItem(i)->rect()1 9 QRect(0,924 1957x111)
[   121.77 ] D: setTracksRect
[   121.77 ] D: setTracksRect
[   121.77 ] D: sltStartContentYChanged4
[   121.78 ] D: sltStartContentYChanged1
[   121.78 ] D: sltStartContentYChanged2
[   121.78 ] D: sltStartContentYChanged3
[   121.78 ] D: _tracksModel->getItem(i)->rect()1 0 QRect(0,-71 1957x111)
[   121.78 ] D: _tracksModel->getItem(i)->rect()1 1 QRect(0,40 1957x111)
[   121.78 ] D: _tracksModel->getItem(i)->rect()1 2 QRect(0,151 1957x111)
[   121.78 ] D: _tracksModel->getItem(i)->rect()1 3 QRect(0,262 1957x111)
[   121.78 ] D: _tracksModel->getItem(i)->rect()1 4 QRect(0,373 1957x111)
[   121.78 ] D: _tracksModel->getItem(i)->rect()1 5 QRect(0,484 1957x111)
[   121.78 ] D: _tracksModel->getItem(i)->rect()1 6 QRect(0,595 1957x111)
[   121.78 ] D: _tracksModel->getItem(i)->rect()1 7 QRect(0,706 1957x111)
[   121.78 ] D: _tracksModel->getItem(i)->rect()1 8 QRect(0,817 1957x111)
[   121.78 ] D: _tracksModel->getItem(i)->rect()1 9 QRect(0,928 1957x111)
[   121.78 ] D: setTracksRect
[   121.78 ] D: setTracksRect
[   121.78 ] D: sltStartContentYChanged4
[   121.81 ] D: sltStartContentYChanged1
[   121.81 ] D: sltStartContentYChanged2
[   121.81 ] D: sltStartContentYChanged3
[   121.81 ] D: _tracksModel->getItem(i)->rect()1 0 QRect(0,-67 1957x111)
[   121.81 ] D: _tracksModel->getItem(i)->rect()1 1 QRect(0,44 1957x111)
[   121.81 ] D: _tracksModel->getItem(i)->rect()1 2 QRect(0,155 1957x111)
[   121.81 ] D: _tracksModel->getItem(i)->rect()1 3 QRect(0,266 1957x111)
[   121.81 ] D: _tracksModel->getItem(i)->rect()1 4 QRect(0,377 1957x111)
[   121.81 ] D: _tracksModel->getItem(i)->rect()1 5 QRect(0,488 1957x111)
[   121.81 ] D: _tracksModel->getItem(i)->rect()1 6 QRect(0,599 1957x111)
[   121.81 ] D: _tracksModel->getItem(i)->rect()1 7 QRect(0,710 1957x111)
[   121.81 ] D: _tracksModel->getItem(i)->rect()1 8 QRect(0,821 1957x111)
[   121.81 ] D: _tracksModel->getItem(i)->rect()1 9 QRect(0,932 1957x111)
[   121.81 ] D: setTracksRect
[   121.81 ] D: setTracksRect
[   121.81 ] D: sltStartContentYChanged4
[   121.82 ] D: sltStartContentYChanged1
[   121.82 ] D: sltStartContentYChanged2
[   121.82 ] D: sltStartContentYChanged3
[   121.82 ] D: _tracksModel->getItem(i)->rect()1 0 QRect(0,-64 1957x111)
[   121.82 ] D: _tracksModel->getItem(i)->rect()1 1 QRect(0,47 1957x111)
[   121.82 ] D: _tracksModel->getItem(i)->rect()1 2 QRect(0,158 1957x111)
[   121.82 ] D: _tracksModel->getItem(i)->rect()1 3 QRect(0,269 1957x111)
[   121.82 ] D: _tracksModel->getItem(i)->rect()1 4 QRect(0,380 1957x111)
[   121.82 ] D: _tracksModel->getItem(i)->rect()1 5 QRect(0,491 1957x111)
[   121.82 ] D: _tracksModel->getItem(i)->rect()1 6 QRect(0,602 1957x111)
[   121.82 ] D: _tracksModel->getItem(i)->rect()1 7 QRect(0,713 1957x111)
[   121.82 ] D: _tracksModel->getItem(i)->rect()1 8 QRect(0,824 1957x111)
[   121.82 ] D: _tracksModel->getItem(i)->rect()1 9 QRect(0,935 1957x111)
[   121.82 ] D: setTracksRect
[   121.82 ] D: setTracksRect
[   121.83 ] D: sltStartContentYChanged4
[   121.83 ] D: sltStartContentYChanged1
[   121.83 ] D: sltStartContentYChanged2
[   121.83 ] D: sltStartContentYChanged3
[   121.83 ] D: _tracksModel->getItem(i)->rect()1 0 QRect(0,-61 1957x111)
[   121.83 ] D: _tracksModel->getItem(i)->rect()1 1 QRect(0,50 1957x111)
[   121.83 ] D: _tracksModel->getItem(i)->rect()1 2 QRect(0,161 1957x111)
[   121.83 ] D: _tracksModel->getItem(i)->rect()1 3 QRect(0,272 1957x111)
[   121.83 ] D: _tracksModel->getItem(i)->rect()1 4 QRect(0,383 1957x111)
[   121.83 ] D: _tracksModel->getItem(i)->rect()1 5 QRect(0,494 1957x111)
[   121.83 ] D: _tracksModel->getItem(i)->rect()1 6 QRect(0,605 1957x111)
[   121.83 ] D: _tracksModel->getItem(i)->rect()1 7 QRect(0,716 1957x111)
[   121.83 ] D: _tracksModel->getItem(i)->rect()1 8 QRect(0,827 1957x111)
[   121.83 ] D: _tracksModel->getItem(i)->rect()1 9 QRect(0,938 1957x111)
[   121.83 ] D: setTracksRect
[   121.83 ] D: setTracksRect
[   121.83 ] D: sltStartContentYChanged4
[   121.86 ] D: sltStartContentYChanged1
[   121.86 ] D: sltStartContentYChanged2
[   121.86 ] D: sltStartContentYChanged3
[   121.86 ] D: _tracksModel->getItem(i)->rect()1 0 QRect(0,-59 1957x111)
[   121.86 ] D: _tracksModel->getItem(i)->rect()1 1 QRect(0,52 1957x111)
[   121.86 ] D: _tracksModel->getItem(i)->rect()1 2 QRect(0,163 1957x111)
[   121.86 ] D: _tracksModel->getItem(i)->rect()1 3 QRect(0,274 1957x111)
[   121.86 ] D: _tracksModel->getItem(i)->rect()1 4 QRect(0,385 1957x111)
[   121.86 ] D: _tracksModel->getItem(i)->rect()1 5 QRect(0,496 1957x111)
[   121.86 ] D: _tracksModel->getItem(i)->rect()1 6 QRect(0,607 1957x111)
[   121.86 ] D: _tracksModel->getItem(i)->rect()1 7 QRect(0,718 1957x111)
[   121.86 ] D: _tracksModel->getItem(i)->rect()1 8 QRect(0,829 1957x111)
[   121.86 ] D: _tracksModel->getItem(i)->rect()1 9 QRect(0,940 1957x111)
[   121.86 ] D: setTracksRect
[   121.86 ] D: setTracksRect
[   121.86 ] D: sltStartContentYChanged4
[   121.87 ] D: sltStartContentYChanged1
[   121.87 ] D: sltStartContentYChanged2
[   121.87 ] D: sltStartContentYChanged3
[   121.87 ] D: _tracksModel->getItem(i)->rect()1 0 QRect(0,-57 1957x111)
[   121.87 ] D: _tracksModel->getItem(i)->rect()1 1 QRect(0,54 1957x111)
[   121.87 ] D: _tracksModel->getItem(i)->rect()1 2 QRect(0,165 1957x111)
[   121.87 ] D: _tracksModel->getItem(i)->rect()1 3 QRect(0,276 1957x111)
[   121.87 ] D: _tracksModel->getItem(i)->rect()1 4 QRect(0,387 1957x111)
[   121.88 ] D: _tracksModel->getItem(i)->rect()1 5 QRect(0,498 1957x111)
[   121.88 ] D: _tracksModel->getItem(i)->rect()1 6 QRect(0,609 1957x111)
[   121.88 ] D: _tracksModel->getItem(i)->rect()1 7 QRect(0,720 1957x111)
[   121.88 ] D: _tracksModel->getItem(i)->rect()1 8 QRect(0,831 1957x111)
[   121.88 ] D: _tracksModel->getItem(i)->rect()1 9 QRect(0,942 1957x111)
[   121.88 ] D: setTracksRect
[   121.88 ] D: setTracksRect
[   121.88 ] D: sltStartContentYChanged4
[   121.88 ] D: sltStartContentYChanged1
[   121.88 ] D: sltStartContentYChanged2
[   121.88 ] D: sltStartContentYChanged3
[   121.88 ] D: _tracksModel->getItem(i)->rect()1 0 QRect(0,-56 1957x111)
[   121.88 ] D: _tracksModel->getItem(i)->rect()1 1 QRect(0,55 1957x111)
[   121.88 ] D: _tracksModel->getItem(i)->rect()1 2 QRect(0,166 1957x111)
[   121.88 ] D: _tracksModel->getItem(i)->rect()1 3 QRect(0,277 1957x111)
[   121.88 ] D: _tracksModel->getItem(i)->rect()1 4 QRect(0,388 1957x111)
[   121.88 ] D: _tracksModel->getItem(i)->rect()1 5 QRect(0,499 1957x111)
[   121.88 ] D: _tracksModel->getItem(i)->rect()1 6 QRect(0,610 1957x111)
[   121.88 ] D: _tracksModel->getItem(i)->rect()1 7 QRect(0,721 1957x111)
[   121.88 ] D: _tracksModel->getItem(i)->rect()1 8 QRect(0,832 1957x111)
[   121.88 ] D: _tracksModel->getItem(i)->rect()1 9 QRect(0,943 1957x111)
[   121.88 ] D: setTracksRect
[   121.88 ] D: setTracksRect
[   121.88 ] D: sltStartContentYChanged4
[   121.90 ] D: sltStartContentYChanged1
[   121.90 ] D: sltStartContentYChanged2
[   121.91 ] D: sltStartContentYChanged3
[   121.91 ] D: _tracksModel->getItem(i)->rect()1 0 QRect(0,-55 1957x111)
[   121.91 ] D: _tracksModel->getItem(i)->rect()1 1 QRect(0,56 1957x111)
[   121.91 ] D: _tracksModel->getItem(i)->rect()1 2 QRect(0,167 1957x111)
[   121.91 ] D: _tracksModel->getItem(i)->rect()1 3 QRect(0,278 1957x111)
[   121.91 ] D: _tracksModel->getItem(i)->rect()1 4 QRect(0,389 1957x111)
[   121.91 ] D: _tracksModel->getItem(i)->rect()1 5 QRect(0,500 1957x111)
[   121.91 ] D: _tracksModel->getItem(i)->rect()1 6 QRect(0,611 1957x111)
[   121.91 ] D: _tracksModel->getItem(i)->rect()1 7 QRect(0,722 1957x111)
[   121.91 ] D: _tracksModel->getItem(i)->rect()1 8 QRect(0,833 1957x111)
[   121.91 ] D: _tracksModel->getItem(i)->rect()1 9 QRect(0,944 1957x111)
[   121.91 ] D: setTracksRect
[   121.91 ] D: setTracksRect
[   121.91 ] D: sltStartContentYChanged4
[   121.97 ] D: sltStartContentYChanged1
[   121.97 ] D: sltStartContentYChanged2
[   121.97 ] D: sltStartContentYChanged3
[   121.97 ] D: _tracksModel->getItem(i)->rect()1 0 QRect(0,-50 1957x111)
[   121.97 ] D: _tracksModel->getItem(i)->rect()1 1 QRect(0,61 1957x111)
[   121.97 ] D: _tracksModel->getItem(i)->rect()1 2 QRect(0,172 1957x111)
[   121.97 ] D: _tracksModel->getItem(i)->rect()1 3 QRect(0,283 1957x111)
[   121.97 ] D: _tracksModel->getItem(i)->rect()1 4 QRect(0,394 1957x111)
[   121.97 ] D: _tracksModel->getItem(i)->rect()1 5 QRect(0,505 1957x111)
[   121.97 ] D: _tracksModel->getItem(i)->rect()1 6 QRect(0,616 1957x111)
[   121.97 ] D: _tracksModel->getItem(i)->rect()1 7 QRect(0,727 1957x111)
[   121.97 ] D: _tracksModel->getItem(i)->rect()1 8 QRect(0,838 1957x111)
[   121.97 ] D: _tracksModel->getItem(i)->rect()1 9 QRect(0,949 1957x111)
[   121.97 ] D: setTracksRect
[   121.97 ] D: setTracksRect
[   121.97 ] D: sltStartContentYChanged4
[   121.97 ] D: sltStartContentYChanged1
[   121.97 ] D: sltStartContentYChanged2
[   121.98 ] D: sltStartContentYChanged3
[   121.98 ] D: _tracksModel->getItem(i)->rect()1 0 QRect(0,-45 1957x111)
[   121.98 ] D: _tracksModel->getItem(i)->rect()1 1 QRect(0,66 1957x111)
[   121.98 ] D: _tracksModel->getItem(i)->rect()1 2 QRect(0,177 1957x111)
[   121.98 ] D: _tracksModel->getItem(i)->rect()1 3 QRect(0,288 1957x111)
[   121.98 ] D: _tracksModel->getItem(i)->rect()1 4 QRect(0,399 1957x111)
[   121.98 ] D: _tracksModel->getItem(i)->rect()1 5 QRect(0,510 1957x111)
[   121.98 ] D: _tracksModel->getItem(i)->rect()1 6 QRect(0,621 1957x111)
[   121.98 ] D: _tracksModel->getItem(i)->rect()1 7 QRect(0,732 1957x111)
[   121.98 ] D: _tracksModel->getItem(i)->rect()1 8 QRect(0,843 1957x111)
[   121.98 ] D: _tracksModel->getItem(i)->rect()1 9 QRect(0,954 1957x111)
[   121.98 ] D: setTracksRect
[   121.98 ] D: setTracksRect
[   121.98 ] D: sltStartContentYChanged4
[   122.01 ] D: sltStartContentYChanged1
[   122.01 ] D: sltStartContentYChanged2
[   122.01 ] D: sltStartContentYChanged3
[   122.01 ] D: _tracksModel->getItem(i)->rect()1 0 QRect(0,-40 1957x111)
[   122.01 ] D: _tracksModel->getItem(i)->rect()1 1 QRect(0,71 1957x111)
[   122.01 ] D: _tracksModel->getItem(i)->rect()1 2 QRect(0,182 1957x111)
[   122.01 ] D: _tracksModel->getItem(i)->rect()1 3 QRect(0,293 1957x111)
[   122.01 ] D: _tracksModel->getItem(i)->rect()1 4 QRect(0,404 1957x111)
[   122.01 ] D: _tracksModel->getItem(i)->rect()1 5 QRect(0,515 1957x111)
[   122.01 ] D: _tracksModel->getItem(i)->rect()1 6 QRect(0,626 1957x111)
[   122.01 ] D: _tracksModel->getItem(i)->rect()1 7 QRect(0,737 1957x111)
[   122.01 ] D: _tracksModel->getItem(i)->rect()1 8 QRect(0,848 1957x111)
[   122.01 ] D: _tracksModel->getItem(i)->rect()1 9 QRect(0,959 1957x111)
[   122.01 ] D: setTracksRect
[   122.01 ] D: setTracksRect
[   122.01 ] D: sltStartContentYChanged4
[   122.02 ] D: sltStartContentYChanged1
[   122.02 ] D: sltStartContentYChanged2
[   122.03 ] D: sltStartContentYChanged3
[   122.03 ] D: _tracksModel->getItem(i)->rect()1 0 QRect(0,-36 1957x111)
[   122.03 ] D: _tracksModel->getItem(i)->rect()1 1 QRect(0,75 1957x111)
[   122.03 ] D: _tracksModel->getItem(i)->rect()1 2 QRect(0,186 1957x111)
[   122.03 ] D: _tracksModel->getItem(i)->rect()1 3 QRect(0,297 1957x111)
[   122.03 ] D: _tracksModel->getItem(i)->rect()1 4 QRect(0,408 1957x111)
[   122.03 ] D: _tracksModel->getItem(i)->rect()1 5 QRect(0,519 1957x111)
[   122.03 ] D: _tracksModel->getItem(i)->rect()1 6 QRect(0,630 1957x111)
[   122.03 ] D: _tracksModel->getItem(i)->rect()1 7 QRect(0,741 1957x111)
[   122.03 ] D: _tracksModel->getItem(i)->rect()1 8 QRect(0,852 1957x111)
[   122.03 ] D: _tracksModel->getItem(i)->rect()1 9 QRect(0,963 1957x111)
[   122.03 ] D: setTracksRect
[   122.03 ] D: setTracksRect
[   122.03 ] D: sltStartContentYChanged4
[   122.03 ] D: sltStartContentYChanged1
[   122.03 ] D: sltStartContentYChanged2
[   122.03 ] D: sltStartContentYChanged3
[   122.03 ] D: _tracksModel->getItem(i)->rect()1 0 QRect(0,-31 1957x111)
[   122.03 ] D: _tracksModel->getItem(i)->rect()1 1 QRect(0,80 1957x111)
[   122.03 ] D: _tracksModel->getItem(i)->rect()1 2 QRect(0,191 1957x111)
[   122.03 ] D: _tracksModel->getItem(i)->rect()1 3 QRect(0,302 1957x111)
[   122.03 ] D: _tracksModel->getItem(i)->rect()1 4 QRect(0,413 1957x111)
[   122.03 ] D: _tracksModel->getItem(i)->rect()1 5 QRect(0,524 1957x111)
[   122.03 ] D: _tracksModel->getItem(i)->rect()1 6 QRect(0,635 1957x111)
[   122.03 ] D: _tracksModel->getItem(i)->rect()1 7 QRect(0,746 1957x111)
[   122.03 ] D: _tracksModel->getItem(i)->rect()1 8 QRect(0,857 1957x111)
[   122.03 ] D: _tracksModel->getItem(i)->rect()1 9 QRect(0,968 1957x111)
[   122.03 ] D: setTracksRect
[   122.03 ] D: setTracksRect
[   122.03 ] D: sltStartContentYChanged4
[   122.05 ] D: sltStartContentYChanged1
[   122.05 ] D: sltStartContentYChanged2
[   122.05 ] D: sltStartContentYChanged3
[   122.05 ] D: _tracksModel->getItem(i)->rect()1 0 QRect(0,-26 1957x111)
[   122.05 ] D: _tracksModel->getItem(i)->rect()1 1 QRect(0,85 1957x111)
[   122.05 ] D: _tracksModel->getItem(i)->rect()1 2 QRect(0,196 1957x111)
[   122.05 ] D: _tracksModel->getItem(i)->rect()1 3 QRect(0,307 1957x111)
[   122.06 ] D: _tracksModel->getItem(i)->rect()1 4 QRect(0,418 1957x111)
[   122.06 ] D: _tracksModel->getItem(i)->rect()1 5 QRect(0,529 1957x111)
[   122.06 ] D: _tracksModel->getItem(i)->rect()1 6 QRect(0,640 1957x111)
[   122.06 ] D: _tracksModel->getItem(i)->rect()1 7 QRect(0,751 1957x111)
[   122.06 ] D: _tracksModel->getItem(i)->rect()1 8 QRect(0,862 1957x111)
[   122.06 ] D: _tracksModel->getItem(i)->rect()1 9 QRect(0,973 1957x111)
[   122.06 ] D: setTracksRect
[   122.06 ] D: setTracksRect
[   122.06 ] D: sltStartContentYChanged4
[   122.06 ] D: sltStartContentYChanged1
[   122.06 ] D: sltStartContentYChanged2
[   122.06 ] D: sltStartContentYChanged3
[   122.06 ] D: _tracksModel->getItem(i)->rect()1 0 QRect(0,-22 1957x111)
[   122.06 ] D: _tracksModel->getItem(i)->rect()1 1 QRect(0,89 1957x111)
[   122.06 ] D: _tracksModel->getItem(i)->rect()1 2 QRect(0,200 1957x111)
[   122.06 ] D: _tracksModel->getItem(i)->rect()1 3 QRect(0,311 1957x111)
[   122.06 ] D: _tracksModel->getItem(i)->rect()1 4 QRect(0,422 1957x111)
[   122.06 ] D: _tracksModel->getItem(i)->rect()1 5 QRect(0,533 1957x111)
[   122.06 ] D: _tracksModel->getItem(i)->rect()1 6 QRect(0,644 1957x111)
[   122.06 ] D: _tracksModel->getItem(i)->rect()1 7 QRect(0,755 1957x111)
[   122.06 ] D: _tracksModel->getItem(i)->rect()1 8 QRect(0,866 1957x111)
[   122.06 ] D: _tracksModel->getItem(i)->rect()1 9 QRect(0,977 1957x111)
[   122.06 ] D: setTracksRect
[   122.06 ] D: setTracksRect
[   122.06 ] D: sltStartContentYChanged4
[   122.07 ] D: sltStartContentYChanged1
[   122.07 ] D: sltStartContentYChanged2
[   122.08 ] D: sltStartContentYChanged3
[   122.08 ] D: _tracksModel->getItem(i)->rect()1 0 QRect(0,-19 1957x111)
[   122.08 ] D: _tracksModel->getItem(i)->rect()1 1 QRect(0,92 1957x111)
[   122.08 ] D: _tracksModel->getItem(i)->rect()1 2 QRect(0,203 1957x111)
[   122.08 ] D: _tracksModel->getItem(i)->rect()1 3 QRect(0,314 1957x111)
[   122.08 ] D: _tracksModel->getItem(i)->rect()1 4 QRect(0,425 1957x111)
[   122.08 ] D: _tracksModel->getItem(i)->rect()1 5 QRect(0,536 1957x111)
[   122.08 ] D: _tracksModel->getItem(i)->rect()1 6 QRect(0,647 1957x111)
[   122.08 ] D: _tracksModel->getItem(i)->rect()1 7 QRect(0,758 1957x111)
[   122.08 ] D: _tracksModel->getItem(i)->rect()1 8 QRect(0,869 1957x111)
[   122.08 ] D: _tracksModel->getItem(i)->rect()1 9 QRect(0,980 1957x111)
[   122.08 ] D: setTracksRect
[   122.08 ] D: setTracksRect
[   122.08 ] D: sltStartContentYChanged4
[   122.11 ] D: sltStartContentYChanged1
[   122.11 ] D: sltStartContentYChanged2
[   122.11 ] D: sltStartContentYChanged3
[   122.11 ] D: _tracksModel->getItem(i)->rect()1 0 QRect(0,-16 1957x111)
[   122.11 ] D: _tracksModel->getItem(i)->rect()1 1 QRect(0,95 1957x111)
[   122.11 ] D: _tracksModel->getItem(i)->rect()1 2 QRect(0,206 1957x111)
[   122.11 ] D: _tracksModel->getItem(i)->rect()1 3 QRect(0,317 1957x111)
[   122.11 ] D: _tracksModel->getItem(i)->rect()1 4 QRect(0,428 1957x111)
[   122.11 ] D: _tracksModel->getItem(i)->rect()1 5 QRect(0,539 1957x111)
[   122.11 ] D: _tracksModel->getItem(i)->rect()1 6 QRect(0,650 1957x111)
[   122.11 ] D: _tracksModel->getItem(i)->rect()1 7 QRect(0,761 1957x111)
[   122.11 ] D: _tracksModel->getItem(i)->rect()1 8 QRect(0,872 1957x111)
[   122.11 ] D: _tracksModel->getItem(i)->rect()1 9 QRect(0,983 1957x111)
[   122.11 ] D: setTracksRect
[   122.11 ] D: setTracksRect
[   122.11 ] D: sltStartContentYChanged4
[   122.12 ] D: sltStartContentYChanged1
[   122.12 ] D: sltStartContentYChanged2
[   122.12 ] D: sltStartContentYChanged3
[   122.12 ] D: _tracksModel->getItem(i)->rect()1 0 QRect(0,-13 1957x111)
[   122.12 ] D: _tracksModel->getItem(i)->rect()1 1 QRect(0,98 1957x111)
[   122.12 ] D: _tracksModel->getItem(i)->rect()1 2 QRect(0,209 1957x111)
[   122.12 ] D: _tracksModel->getItem(i)->rect()1 3 QRect(0,320 1957x111)
[   122.12 ] D: _tracksModel->getItem(i)->rect()1 4 QRect(0,431 1957x111)
[   122.12 ] D: _tracksModel->getItem(i)->rect()1 5 QRect(0,542 1957x111)
[   122.12 ] D: _tracksModel->getItem(i)->rect()1 6 QRect(0,653 1957x111)
[   122.12 ] D: _tracksModel->getItem(i)->rect()1 7 QRect(0,764 1957x111)
[   122.12 ] D: _tracksModel->getItem(i)->rect()1 8 QRect(0,875 1957x111)
[   122.12 ] D: _tracksModel->getItem(i)->rect()1 9 QRect(0,986 1957x111)
[   122.12 ] D: setTracksRect
[   122.12 ] D: setTracksRect
[   122.12 ] D: sltStartContentYChanged4
[   122.13 ] D: sltStartContentYChanged1
[   122.13 ] D: sltStartContentYChanged2
[   122.13 ] D: sltStartContentYChanged3
[   122.13 ] D: _tracksModel->getItem(i)->rect()1 0 QRect(0,-11 1957x111)
[   122.13 ] D: _tracksModel->getItem(i)->rect()1 1 QRect(0,100 1957x111)
[   122.13 ] D: _tracksModel->getItem(i)->rect()1 2 QRect(0,211 1957x111)
[   122.13 ] D: _tracksModel->getItem(i)->rect()1 3 QRect(0,322 1957x111)
[   122.13 ] D: _tracksModel->getItem(i)->rect()1 4 QRect(0,433 1957x111)
[   122.13 ] D: _tracksModel->getItem(i)->rect()1 5 QRect(0,544 1957x111)
[   122.13 ] D: _tracksModel->getItem(i)->rect()1 6 QRect(0,655 1957x111)
[   122.13 ] D: _tracksModel->getItem(i)->rect()1 7 QRect(0,766 1957x111)
[   122.13 ] D: _tracksModel->getItem(i)->rect()1 8 QRect(0,877 1957x111)
[   122.13 ] D: _tracksModel->getItem(i)->rect()1 9 QRect(0,988 1957x111)
[   122.13 ] D: setTracksRect
[   122.13 ] D: setTracksRect
[   122.13 ] D: sltStartContentYChanged4
[   122.16 ] D: sltStartContentYChanged1
[   122.16 ] D: sltStartContentYChanged2
[   122.16 ] D: sltStartContentYChanged3
[   122.16 ] D: _tracksModel->getItem(i)->rect()1 0 QRect(0,-9 1957x111)
[   122.16 ] D: _tracksModel->getItem(i)->rect()1 1 QRect(0,102 1957x111)
[   122.16 ] D: _tracksModel->getItem(i)->rect()1 2 QRect(0,213 1957x111)
[   122.16 ] D: _tracksModel->getItem(i)->rect()1 3 QRect(0,324 1957x111)
[   122.16 ] D: _tracksModel->getItem(i)->rect()1 4 QRect(0,435 1957x111)
[   122.16 ] D: _tracksModel->getItem(i)->rect()1 5 QRect(0,546 1957x111)
[   122.16 ] D: _tracksModel->getItem(i)->rect()1 6 QRect(0,657 1957x111)
[   122.16 ] D: _tracksModel->getItem(i)->rect()1 7 QRect(0,768 1957x111)
[   122.16 ] D: _tracksModel->getItem(i)->rect()1 8 QRect(0,879 1957x111)
[   122.16 ] D: _tracksModel->getItem(i)->rect()1 9 QRect(0,990 1957x111)
[   122.16 ] D: setTracksRect
[   122.16 ] D: setTracksRect
[   122.16 ] D: sltStartContentYChanged4
[   122.17 ] D: sltStartContentYChanged1
[   122.17 ] D: sltStartContentYChanged2
[   122.17 ] D: sltStartContentYChanged3
[   122.17 ] D: _tracksModel->getItem(i)->rect()1 0 QRect(0,-7 1957x111)
[   122.17 ] D: _tracksModel->getItem(i)->rect()1 1 QRect(0,104 1957x111)
[   122.17 ] D: _tracksModel->getItem(i)->rect()1 2 QRect(0,215 1957x111)
[   122.17 ] D: _tracksModel->getItem(i)->rect()1 3 QRect(0,326 1957x111)
[   122.17 ] D: _tracksModel->getItem(i)->rect()1 4 QRect(0,437 1957x111)
[   122.17 ] D: _tracksModel->getItem(i)->rect()1 5 QRect(0,548 1957x111)
[   122.18 ] D: _tracksModel->getItem(i)->rect()1 6 QRect(0,659 1957x111)
[   122.18 ] D: _tracksModel->getItem(i)->rect()1 7 QRect(0,770 1957x111)
[   122.18 ] D: _tracksModel->getItem(i)->rect()1 8 QRect(0,881 1957x111)
[   122.18 ] D: _tracksModel->getItem(i)->rect()1 9 QRect(0,992 1957x111)
[   122.18 ] D: setTracksRect
[   122.18 ] D: setTracksRect
[   122.18 ] D: sltStartContentYChanged4
[   122.18 ] D: sltStartContentYChanged1
[   122.18 ] D: sltStartContentYChanged2
[   122.18 ] D: sltStartContentYChanged3
[   122.18 ] D: _tracksModel->getItem(i)->rect()1 0 QRect(0,-6 1957x111)
[   122.18 ] D: _tracksModel->getItem(i)->rect()1 1 QRect(0,105 1957x111)
[   122.18 ] D: _tracksModel->getItem(i)->rect()1 2 QRect(0,216 1957x111)
[   122.18 ] D: _tracksModel->getItem(i)->rect()1 3 QRect(0,327 1957x111)
[   122.18 ] D: _tracksModel->getItem(i)->rect()1 4 QRect(0,438 1957x111)
[   122.18 ] D: _tracksModel->getItem(i)->rect()1 5 QRect(0,549 1957x111)
[   122.18 ] D: _tracksModel->getItem(i)->rect()1 6 QRect(0,660 1957x111)
[   122.18 ] D: _tracksModel->getItem(i)->rect()1 7 QRect(0,771 1957x111)
[   122.18 ] D: _tracksModel->getItem(i)->rect()1 8 QRect(0,882 1957x111)
[   122.18 ] D: _tracksModel->getItem(i)->rect()1 9 QRect(0,993 1957x111)
[   122.18 ] D: setTracksRect
[   122.18 ] D: setTracksRect
[   122.18 ] D: sltStartContentYChanged4
[   122.22 ] D: sltStartContentYChanged1
[   122.22 ] D: sltStartContentYChanged2
[   122.22 ] D: sltStartContentYChanged3
[   122.22 ] D: _tracksModel->getItem(i)->rect()1 0 QRect(0,0 1957x111)
[   122.22 ] D: _tracksModel->getItem(i)->rect()1 1 QRect(0,111 1957x111)
[   122.22 ] D: _tracksModel->getItem(i)->rect()1 2 QRect(0,222 1957x111)
[   122.22 ] D: _tracksModel->getItem(i)->rect()1 3 QRect(0,333 1957x111)
[   122.22 ] D: _tracksModel->getItem(i)->rect()1 4 QRect(0,444 1957x111)
[   122.22 ] D: _tracksModel->getItem(i)->rect()1 5 QRect(0,555 1957x111)
[   122.22 ] D: _tracksModel->getItem(i)->rect()1 6 QRect(0,666 1957x111)
[   122.22 ] D: _tracksModel->getItem(i)->rect()1 7 QRect(0,777 1957x111)
[   122.22 ] D: _tracksModel->getItem(i)->rect()1 8 QRect(0,888 1957x111)
[   122.22 ] D: _tracksModel->getItem(i)->rect()1 9 QRect(0,999 1957x111)
[   122.22 ] D: setTracksRect
[   122.22 ] D: setTracksRect
[   122.22 ] D: sltStartContentYChanged4
[   133.76 ] D: findOverlayItems 1 0
[   133.76 ] D: "{af4333c0-6c55-44f2-a580-2a766ea34347}" i.value()->sampleClip()->startTime()  23000 345833 345833 23000
[   133.76 ] D: findOverlayItems
[   135.90 ] D: findTrackIndexByPoint 0 QRect(0,0 1957x111) false QPointF(143,137)
[   135.90 ] D: findTrackIndexByPoint 1 QRect(0,111 1957x111) true QPointF(143,137)
[   135.95 ] D: mouseReleaseEvent
[   138.06 ] D: setTracksRect
[   138.08 ] D: Shader Compile successfully.
[   138.08 ] D: Shader Compile successfully.
[   138.08 ] D: Shader Compile successfully.
[   138.08 ] D: Shader Compile successfully.
[   138.08 ] D: Shader Compile successfully.
[   138.09 ] D: Shader Compile successfully.
[   138.09 ] D: Shader Compile successfully.
[   138.09 ] D: Shader Compile successfully.
[   138.09 ] D: Shader Compile successfully.
[   138.09 ] D: Shader Compile successfully.
[   138.09 ] D: Shader Compile successfully.
[   138.09 ] D: Shader Compile successfully.
[   138.09 ] D: Shader Compile successfully.
[   138.09 ] D: Shader Compile successfully.
[   138.10 ] D: Shader Compile successfully.
[   138.10 ] D: Shader Compile successfully.
[   138.10 ] D: Shader Compile successfully.
[   143.71 ] D: findOverlayItems 1 2
[   143.71 ] D: "{a9853d48-4b73-49de-83a3-149bab3a9e2a}" i.value()->sampleClip()->startTime()  27000 42483.9 42483.9 27000
[   143.71 ] D: findOverlayItems
[   144.07 ] D: sltStartContentYChanged1
[   144.07 ] D: sltStartContentYChanged2
[   144.07 ] D: sltStartContentYChanged3
[   144.07 ] D: _tracksModel->getItem(i)->rect()1 0 QRect(0,-4 1957x111)
[   144.07 ] D: _tracksModel->getItem(i)->rect()1 1 QRect(0,107 1957x111)
[   144.07 ] D: _tracksModel->getItem(i)->rect()1 2 QRect(0,218 1957x111)
[   144.07 ] D: _tracksModel->getItem(i)->rect()1 3 QRect(0,329 1957x111)
[   144.07 ] D: _tracksModel->getItem(i)->rect()1 4 QRect(0,440 1957x111)
[   144.07 ] D: _tracksModel->getItem(i)->rect()1 5 QRect(0,551 1957x111)
[   144.07 ] D: _tracksModel->getItem(i)->rect()1 6 QRect(0,662 1957x111)
[   144.07 ] D: _tracksModel->getItem(i)->rect()1 7 QRect(0,773 1957x111)
[   144.07 ] D: _tracksModel->getItem(i)->rect()1 8 QRect(0,884 1957x111)
[   144.07 ] D: _tracksModel->getItem(i)->rect()1 9 QRect(0,995 1957x111)
[   144.07 ] D: setTracksRect
[   144.08 ] D: setTracksRect
[   144.08 ] D: sltStartContentYChanged4
[   144.08 ] D: sltStartContentYChanged1
[   144.08 ] D: sltStartContentYChanged2
[   144.08 ] D: sltStartContentYChanged3
[   144.08 ] D: _tracksModel->getItem(i)->rect()1 0 QRect(0,-9 1957x111)
[   144.08 ] D: _tracksModel->getItem(i)->rect()1 1 QRect(0,102 1957x111)
[   144.08 ] D: _tracksModel->getItem(i)->rect()1 2 QRect(0,213 1957x111)
[   144.08 ] D: _tracksModel->getItem(i)->rect()1 3 QRect(0,324 1957x111)
[   144.08 ] D: _tracksModel->getItem(i)->rect()1 4 QRect(0,435 1957x111)
[   144.08 ] D: _tracksModel->getItem(i)->rect()1 5 QRect(0,546 1957x111)
[   144.08 ] D: _tracksModel->getItem(i)->rect()1 6 QRect(0,657 1957x111)
[   144.08 ] D: _tracksModel->getItem(i)->rect()1 7 QRect(0,768 1957x111)
[   144.08 ] D: _tracksModel->getItem(i)->rect()1 8 QRect(0,879 1957x111)
[   144.08 ] D: _tracksModel->getItem(i)->rect()1 9 QRect(0,990 1957x111)
[   144.08 ] D: setTracksRect
[   144.08 ] D: setTracksRect
[   144.08 ] D: sltStartContentYChanged4
[   144.14 ] D: sltStartContentYChanged1
[   144.14 ] D: sltStartContentYChanged2
[   144.14 ] D: sltStartContentYChanged3
[   144.14 ] D: _tracksModel->getItem(i)->rect()1 0 QRect(0,-14 1957x111)
[   144.14 ] D: _tracksModel->getItem(i)->rect()1 1 QRect(0,97 1957x111)
[   144.14 ] D: _tracksModel->getItem(i)->rect()1 2 QRect(0,208 1957x111)
[   144.14 ] D: _tracksModel->getItem(i)->rect()1 3 QRect(0,319 1957x111)
[   144.14 ] D: _tracksModel->getItem(i)->rect()1 4 QRect(0,430 1957x111)
[   144.14 ] D: _tracksModel->getItem(i)->rect()1 5 QRect(0,541 1957x111)
[   144.14 ] D: _tracksModel->getItem(i)->rect()1 6 QRect(0,652 1957x111)
[   144.14 ] D: _tracksModel->getItem(i)->rect()1 7 QRect(0,763 1957x111)
[   144.14 ] D: _tracksModel->getItem(i)->rect()1 8 QRect(0,874 1957x111)
[   144.14 ] D: _tracksModel->getItem(i)->rect()1 9 QRect(0,985 1957x111)
[   144.14 ] D: setTracksRect
[   144.14 ] D: setTracksRect
[   144.14 ] D: sltStartContentYChanged4
[   144.17 ] D: sltStartContentYChanged1
[   144.17 ] D: sltStartContentYChanged2
[   144.18 ] D: sltStartContentYChanged3
[   144.18 ] D: _tracksModel->getItem(i)->rect()1 0 QRect(0,-19 1957x111)
[   144.18 ] D: _tracksModel->getItem(i)->rect()1 1 QRect(0,92 1957x111)
[   144.18 ] D: _tracksModel->getItem(i)->rect()1 2 QRect(0,203 1957x111)
[   144.18 ] D: _tracksModel->getItem(i)->rect()1 3 QRect(0,314 1957x111)
[   144.18 ] D: _tracksModel->getItem(i)->rect()1 4 QRect(0,425 1957x111)
[   144.18 ] D: _tracksModel->getItem(i)->rect()1 5 QRect(0,536 1957x111)
[   144.18 ] D: _tracksModel->getItem(i)->rect()1 6 QRect(0,647 1957x111)
[   144.18 ] D: _tracksModel->getItem(i)->rect()1 7 QRect(0,758 1957x111)
[   144.18 ] D: _tracksModel->getItem(i)->rect()1 8 QRect(0,869 1957x111)
[   144.18 ] D: _tracksModel->getItem(i)->rect()1 9 QRect(0,980 1957x111)
[   144.18 ] D: setTracksRect
[   144.18 ] D: setTracksRect
[   144.18 ] D: sltStartContentYChanged4
[   144.18 ] D: sltStartContentYChanged1
[   144.18 ] D: sltStartContentYChanged2
[   144.18 ] D: sltStartContentYChanged3
[   144.18 ] D: _tracksModel->getItem(i)->rect()1 0 QRect(0,-23 1957x111)
[   144.18 ] D: _tracksModel->getItem(i)->rect()1 1 QRect(0,88 1957x111)
[   144.18 ] D: _tracksModel->getItem(i)->rect()1 2 QRect(0,199 1957x111)
[   144.18 ] D: _tracksModel->getItem(i)->rect()1 3 QRect(0,310 1957x111)
[   144.18 ] D: _tracksModel->getItem(i)->rect()1 4 QRect(0,421 1957x111)
[   144.18 ] D: _tracksModel->getItem(i)->rect()1 5 QRect(0,532 1957x111)
[   144.18 ] D: _tracksModel->getItem(i)->rect()1 6 QRect(0,643 1957x111)
[   144.18 ] D: _tracksModel->getItem(i)->rect()1 7 QRect(0,754 1957x111)
[   144.18 ] D: _tracksModel->getItem(i)->rect()1 8 QRect(0,865 1957x111)
[   144.18 ] D: _tracksModel->getItem(i)->rect()1 9 QRect(0,976 1957x111)
[   144.18 ] D: setTracksRect
[   144.18 ] D: setTracksRect
[   144.18 ] D: sltStartContentYChanged4
[   144.20 ] D: sltStartContentYChanged1
[   144.20 ] D: sltStartContentYChanged2
[   144.21 ] D: sltStartContentYChanged3
[   144.21 ] D: _tracksModel->getItem(i)->rect()1 0 QRect(0,-27 1957x111)
[   144.21 ] D: _tracksModel->getItem(i)->rect()1 1 QRect(0,84 1957x111)
[   144.21 ] D: _tracksModel->getItem(i)->rect()1 2 QRect(0,195 1957x111)
[   144.21 ] D: _tracksModel->getItem(i)->rect()1 3 QRect(0,306 1957x111)
[   144.21 ] D: _tracksModel->getItem(i)->rect()1 4 QRect(0,417 1957x111)
[   144.21 ] D: _tracksModel->getItem(i)->rect()1 5 QRect(0,528 1957x111)
[   144.21 ] D: _tracksModel->getItem(i)->rect()1 6 QRect(0,639 1957x111)
[   144.21 ] D: _tracksModel->getItem(i)->rect()1 7 QRect(0,750 1957x111)
[   144.21 ] D: _tracksModel->getItem(i)->rect()1 8 QRect(0,861 1957x111)
[   144.21 ] D: _tracksModel->getItem(i)->rect()1 9 QRect(0,972 1957x111)
[   144.21 ] D: setTracksRect
[   144.21 ] D: setTracksRect
[   144.21 ] D: sltStartContentYChanged4
[   144.32 ] D: sltStartContentYChanged1
[   144.32 ] D: sltStartContentYChanged2
[   144.32 ] D: sltStartContentYChanged3
[   144.32 ] D: _tracksModel->getItem(i)->rect()1 0 QRect(0,-31 1957x111)
[   144.32 ] D: _tracksModel->getItem(i)->rect()1 1 QRect(0,80 1957x111)
[   144.32 ] D: _tracksModel->getItem(i)->rect()1 2 QRect(0,191 1957x111)
[   144.32 ] D: _tracksModel->getItem(i)->rect()1 3 QRect(0,302 1957x111)
[   144.32 ] D: _tracksModel->getItem(i)->rect()1 4 QRect(0,413 1957x111)
[   144.32 ] D: _tracksModel->getItem(i)->rect()1 5 QRect(0,524 1957x111)
[   144.32 ] D: _tracksModel->getItem(i)->rect()1 6 QRect(0,635 1957x111)
[   144.32 ] D: _tracksModel->getItem(i)->rect()1 7 QRect(0,746 1957x111)
[   144.32 ] D: _tracksModel->getItem(i)->rect()1 8 QRect(0,857 1957x111)
[   144.32 ] D: _tracksModel->getItem(i)->rect()1 9 QRect(0,968 1957x111)
[   144.32 ] D: setTracksRect
[   144.32 ] D: setTracksRect
[   144.32 ] D: sltStartContentYChanged4
[   144.35 ] D: sltStartContentYChanged1
[   144.35 ] D: sltStartContentYChanged2
[   144.36 ] D: sltStartContentYChanged3
[   144.36 ] D: _tracksModel->getItem(i)->rect()1 0 QRect(0,-39 1957x111)
[   144.36 ] D: _tracksModel->getItem(i)->rect()1 1 QRect(0,72 1957x111)
[   144.36 ] D: _tracksModel->getItem(i)->rect()1 2 QRect(0,183 1957x111)
[   144.36 ] D: _tracksModel->getItem(i)->rect()1 3 QRect(0,294 1957x111)
[   144.36 ] D: _tracksModel->getItem(i)->rect()1 4 QRect(0,405 1957x111)
[   144.36 ] D: _tracksModel->getItem(i)->rect()1 5 QRect(0,516 1957x111)
[   144.36 ] D: _tracksModel->getItem(i)->rect()1 6 QRect(0,627 1957x111)
[   144.36 ] D: _tracksModel->getItem(i)->rect()1 7 QRect(0,738 1957x111)
[   144.36 ] D: _tracksModel->getItem(i)->rect()1 8 QRect(0,849 1957x111)
[   144.36 ] D: _tracksModel->getItem(i)->rect()1 9 QRect(0,960 1957x111)
[   144.36 ] D: setTracksRect
[   144.36 ] D: setTracksRect
[   144.36 ] D: sltStartContentYChanged4
[   144.36 ] D: sltStartContentYChanged1
[   144.36 ] D: sltStartContentYChanged2
[   144.36 ] D: sltStartContentYChanged3
[   144.36 ] D: _tracksModel->getItem(i)->rect()1 0 QRect(0,-42 1957x111)
[   144.36 ] D: _tracksModel->getItem(i)->rect()1 1 QRect(0,69 1957x111)
[   144.36 ] D: _tracksModel->getItem(i)->rect()1 2 QRect(0,180 1957x111)
[   144.36 ] D: _tracksModel->getItem(i)->rect()1 3 QRect(0,291 1957x111)
[   144.36 ] D: _tracksModel->getItem(i)->rect()1 4 QRect(0,402 1957x111)
[   144.36 ] D: _tracksModel->getItem(i)->rect()1 5 QRect(0,513 1957x111)
[   144.36 ] D: _tracksModel->getItem(i)->rect()1 6 QRect(0,624 1957x111)
[   144.36 ] D: _tracksModel->getItem(i)->rect()1 7 QRect(0,735 1957x111)
[   144.36 ] D: _tracksModel->getItem(i)->rect()1 8 QRect(0,846 1957x111)
[   144.36 ] D: _tracksModel->getItem(i)->rect()1 9 QRect(0,957 1957x111)
[   144.36 ] D: setTracksRect
[   144.36 ] D: setTracksRect
[   144.36 ] D: sltStartContentYChanged4
[   144.40 ] D: sltStartContentYChanged1
[   144.40 ] D: sltStartContentYChanged2
[   144.40 ] D: sltStartContentYChanged3
[   144.40 ] D: _tracksModel->getItem(i)->rect()1 0 QRect(0,-43 1957x111)
[   144.40 ] D: _tracksModel->getItem(i)->rect()1 1 QRect(0,68 1957x111)
[   144.40 ] D: _tracksModel->getItem(i)->rect()1 2 QRect(0,179 1957x111)
[   144.40 ] D: _tracksModel->getItem(i)->rect()1 3 QRect(0,290 1957x111)
[   144.40 ] D: _tracksModel->getItem(i)->rect()1 4 QRect(0,401 1957x111)
[   144.40 ] D: _tracksModel->getItem(i)->rect()1 5 QRect(0,512 1957x111)
[   144.40 ] D: _tracksModel->getItem(i)->rect()1 6 QRect(0,623 1957x111)
[   144.40 ] D: _tracksModel->getItem(i)->rect()1 7 QRect(0,734 1957x111)
[   144.40 ] D: _tracksModel->getItem(i)->rect()1 8 QRect(0,845 1957x111)
[   144.40 ] D: _tracksModel->getItem(i)->rect()1 9 QRect(0,956 1957x111)
[   144.40 ] D: setTracksRect
[   144.40 ] D: setTracksRect
[   144.40 ] D: sltStartContentYChanged4
[   144.43 ] D: sltStartContentYChanged1
[   144.43 ] D: sltStartContentYChanged2
[   144.43 ] D: sltStartContentYChanged3
[   144.43 ] D: _tracksModel->getItem(i)->rect()1 0 QRect(0,-52 1957x111)
[   144.43 ] D: _tracksModel->getItem(i)->rect()1 1 QRect(0,59 1957x111)
[   144.43 ] D: _tracksModel->getItem(i)->rect()1 2 QRect(0,170 1957x111)
[   144.43 ] D: _tracksModel->getItem(i)->rect()1 3 QRect(0,281 1957x111)
[   144.43 ] D: _tracksModel->getItem(i)->rect()1 4 QRect(0,392 1957x111)
[   144.43 ] D: _tracksModel->getItem(i)->rect()1 5 QRect(0,503 1957x111)
[   144.43 ] D: _tracksModel->getItem(i)->rect()1 6 QRect(0,614 1957x111)
[   144.43 ] D: _tracksModel->getItem(i)->rect()1 7 QRect(0,725 1957x111)
[   144.43 ] D: _tracksModel->getItem(i)->rect()1 8 QRect(0,836 1957x111)
[   144.43 ] D: _tracksModel->getItem(i)->rect()1 9 QRect(0,947 1957x111)
[   144.43 ] D: setTracksRect
[   144.43 ] D: setTracksRect
[   144.43 ] D: sltStartContentYChanged4
[   144.49 ] D: sltStartContentYChanged1
[   144.49 ] D: sltStartContentYChanged2
[   144.49 ] D: sltStartContentYChanged3
[   144.49 ] D: _tracksModel->getItem(i)->rect()1 0 QRect(0,-61 1957x111)
[   144.49 ] D: _tracksModel->getItem(i)->rect()1 1 QRect(0,50 1957x111)
[   144.49 ] D: _tracksModel->getItem(i)->rect()1 2 QRect(0,161 1957x111)
[   144.49 ] D: _tracksModel->getItem(i)->rect()1 3 QRect(0,272 1957x111)
[   144.49 ] D: _tracksModel->getItem(i)->rect()1 4 QRect(0,383 1957x111)
[   144.49 ] D: _tracksModel->getItem(i)->rect()1 5 QRect(0,494 1957x111)
[   144.49 ] D: _tracksModel->getItem(i)->rect()1 6 QRect(0,605 1957x111)
[   144.49 ] D: _tracksModel->getItem(i)->rect()1 7 QRect(0,716 1957x111)
[   144.49 ] D: _tracksModel->getItem(i)->rect()1 8 QRect(0,827 1957x111)
[   144.49 ] D: _tracksModel->getItem(i)->rect()1 9 QRect(0,938 1957x111)
[   144.49 ] D: setTracksRect
[   144.49 ] D: setTracksRect
[   144.49 ] D: sltStartContentYChanged4
[   144.52 ] D: sltStartContentYChanged1
[   144.52 ] D: sltStartContentYChanged2
[   144.52 ] D: sltStartContentYChanged3
[   144.52 ] D: _tracksModel->getItem(i)->rect()1 0 QRect(0,-69 1957x111)
[   144.52 ] D: _tracksModel->getItem(i)->rect()1 1 QRect(0,42 1957x111)
[   144.52 ] D: _tracksModel->getItem(i)->rect()1 2 QRect(0,153 1957x111)
[   144.52 ] D: _tracksModel->getItem(i)->rect()1 3 QRect(0,264 1957x111)
[   144.52 ] D: _tracksModel->getItem(i)->rect()1 4 QRect(0,375 1957x111)
[   144.52 ] D: _tracksModel->getItem(i)->rect()1 5 QRect(0,486 1957x111)
[   144.52 ] D: _tracksModel->getItem(i)->rect()1 6 QRect(0,597 1957x111)
[   144.52 ] D: _tracksModel->getItem(i)->rect()1 7 QRect(0,708 1957x111)
[   144.52 ] D: _tracksModel->getItem(i)->rect()1 8 QRect(0,819 1957x111)
[   144.52 ] D: _tracksModel->getItem(i)->rect()1 9 QRect(0,930 1957x111)
[   144.52 ] D: setTracksRect
[   144.52 ] D: setTracksRect
[   144.52 ] D: sltStartContentYChanged4
[   144.55 ] D: sltStartContentYChanged1
[   144.55 ] D: sltStartContentYChanged2
[   144.55 ] D: sltStartContentYChanged3
[   144.55 ] D: _tracksModel->getItem(i)->rect()1 0 QRect(0,-74 1957x111)
[   144.55 ] D: _tracksModel->getItem(i)->rect()1 1 QRect(0,37 1957x111)
[   144.55 ] D: _tracksModel->getItem(i)->rect()1 2 QRect(0,148 1957x111)
[   144.55 ] D: _tracksModel->getItem(i)->rect()1 3 QRect(0,259 1957x111)
[   144.55 ] D: _tracksModel->getItem(i)->rect()1 4 QRect(0,370 1957x111)
[   144.55 ] D: _tracksModel->getItem(i)->rect()1 5 QRect(0,481 1957x111)
[   144.55 ] D: _tracksModel->getItem(i)->rect()1 6 QRect(0,592 1957x111)
[   144.55 ] D: _tracksModel->getItem(i)->rect()1 7 QRect(0,703 1957x111)
[   144.55 ] D: _tracksModel->getItem(i)->rect()1 8 QRect(0,814 1957x111)
[   144.55 ] D: _tracksModel->getItem(i)->rect()1 9 QRect(0,925 1957x111)
[   144.55 ] D: setTracksRect
[   144.55 ] D: setTracksRect
[   144.55 ] D: sltStartContentYChanged4
[   144.58 ] D: sltStartContentYChanged1
[   144.58 ] D: sltStartContentYChanged2
[   144.58 ] D: sltStartContentYChanged3
[   144.58 ] D: _tracksModel->getItem(i)->rect()1 0 QRect(0,-78 1957x111)
[   144.58 ] D: _tracksModel->getItem(i)->rect()1 1 QRect(0,33 1957x111)
[   144.58 ] D: _tracksModel->getItem(i)->rect()1 2 QRect(0,144 1957x111)
[   144.58 ] D: _tracksModel->getItem(i)->rect()1 3 QRect(0,255 1957x111)
[   144.58 ] D: _tracksModel->getItem(i)->rect()1 4 QRect(0,366 1957x111)
[   144.58 ] D: _tracksModel->getItem(i)->rect()1 5 QRect(0,477 1957x111)
[   144.59 ] D: _tracksModel->getItem(i)->rect()1 6 QRect(0,588 1957x111)
[   144.59 ] D: _tracksModel->getItem(i)->rect()1 7 QRect(0,699 1957x111)
[   144.59 ] D: _tracksModel->getItem(i)->rect()1 8 QRect(0,810 1957x111)
[   144.59 ] D: _tracksModel->getItem(i)->rect()1 9 QRect(0,921 1957x111)
[   144.59 ] D: setTracksRect
[   144.59 ] D: setTracksRect
[   144.59 ] D: sltStartContentYChanged4
[   144.59 ] D: sltStartContentYChanged1
[   144.59 ] D: sltStartContentYChanged2
[   144.59 ] D: sltStartContentYChanged3
[   144.59 ] D: _tracksModel->getItem(i)->rect()1 0 QRect(0,-81 1957x111)
[   144.59 ] D: _tracksModel->getItem(i)->rect()1 1 QRect(0,30 1957x111)
[   144.59 ] D: _tracksModel->getItem(i)->rect()1 2 QRect(0,141 1957x111)
[   144.59 ] D: _tracksModel->getItem(i)->rect()1 3 QRect(0,252 1957x111)
[   144.59 ] D: _tracksModel->getItem(i)->rect()1 4 QRect(0,363 1957x111)
[   144.59 ] D: _tracksModel->getItem(i)->rect()1 5 QRect(0,474 1957x111)
[   144.59 ] D: _tracksModel->getItem(i)->rect()1 6 QRect(0,585 1957x111)
[   144.59 ] D: _tracksModel->getItem(i)->rect()1 7 QRect(0,696 1957x111)
[   144.59 ] D: _tracksModel->getItem(i)->rect()1 8 QRect(0,807 1957x111)
[   144.59 ] D: _tracksModel->getItem(i)->rect()1 9 QRect(0,918 1957x111)
[   144.59 ] D: setTracksRect
[   144.59 ] D: setTracksRect
[   144.59 ] D: sltStartContentYChanged4
[   144.62 ] D: sltStartContentYChanged1
[   144.62 ] D: sltStartContentYChanged2
[   144.62 ] D: sltStartContentYChanged3
[   144.62 ] D: _tracksModel->getItem(i)->rect()1 0 QRect(0,-82 1957x111)
[   144.62 ] D: _tracksModel->getItem(i)->rect()1 1 QRect(0,29 1957x111)
[   144.62 ] D: _tracksModel->getItem(i)->rect()1 2 QRect(0,140 1957x111)
[   144.62 ] D: _tracksModel->getItem(i)->rect()1 3 QRect(0,251 1957x111)
[   144.62 ] D: _tracksModel->getItem(i)->rect()1 4 QRect(0,362 1957x111)
[   144.62 ] D: _tracksModel->getItem(i)->rect()1 5 QRect(0,473 1957x111)
[   144.62 ] D: _tracksModel->getItem(i)->rect()1 6 QRect(0,584 1957x111)
[   144.62 ] D: _tracksModel->getItem(i)->rect()1 7 QRect(0,695 1957x111)
[   144.62 ] D: _tracksModel->getItem(i)->rect()1 8 QRect(0,806 1957x111)
[   144.62 ] D: _tracksModel->getItem(i)->rect()1 9 QRect(0,917 1957x111)
[   144.62 ] D: setTracksRect
[   144.62 ] D: setTracksRect
[   144.62 ] D: sltStartContentYChanged4
[   144.69 ] D: sltStartContentYChanged1
[   144.69 ] D: sltStartContentYChanged2
[   144.69 ] D: sltStartContentYChanged3
[   144.69 ] D: _tracksModel->getItem(i)->rect()1 0 QRect(0,-92 1957x111)
[   144.69 ] D: _tracksModel->getItem(i)->rect()1 1 QRect(0,19 1957x111)
[   144.69 ] D: _tracksModel->getItem(i)->rect()1 2 QRect(0,130 1957x111)
[   144.69 ] D: _tracksModel->getItem(i)->rect()1 3 QRect(0,241 1957x111)
[   144.69 ] D: _tracksModel->getItem(i)->rect()1 4 QRect(0,352 1957x111)
[   144.69 ] D: _tracksModel->getItem(i)->rect()1 5 QRect(0,463 1957x111)
[   144.69 ] D: _tracksModel->getItem(i)->rect()1 6 QRect(0,574 1957x111)
[   144.69 ] D: _tracksModel->getItem(i)->rect()1 7 QRect(0,685 1957x111)
[   144.69 ] D: _tracksModel->getItem(i)->rect()1 8 QRect(0,796 1957x111)
[   144.69 ] D: _tracksModel->getItem(i)->rect()1 9 QRect(0,907 1957x111)
[   144.69 ] D: setTracksRect
[   144.69 ] D: setTracksRect
[   144.69 ] D: sltStartContentYChanged4
[   144.71 ] D: sltStartContentYChanged1
[   144.71 ] D: sltStartContentYChanged2
[   144.71 ] D: sltStartContentYChanged3
[   144.71 ] D: _tracksModel->getItem(i)->rect()1 0 QRect(0,-101 1957x111)
[   144.71 ] D: _tracksModel->getItem(i)->rect()1 1 QRect(0,10 1957x111)
[   144.71 ] D: _tracksModel->getItem(i)->rect()1 2 QRect(0,121 1957x111)
[   144.71 ] D: _tracksModel->getItem(i)->rect()1 3 QRect(0,232 1957x111)
[   144.71 ] D: _tracksModel->getItem(i)->rect()1 4 QRect(0,343 1957x111)
[   144.71 ] D: _tracksModel->getItem(i)->rect()1 5 QRect(0,454 1957x111)
[   144.71 ] D: _tracksModel->getItem(i)->rect()1 6 QRect(0,565 1957x111)
[   144.71 ] D: _tracksModel->getItem(i)->rect()1 7 QRect(0,676 1957x111)
[   144.71 ] D: _tracksModel->getItem(i)->rect()1 8 QRect(0,787 1957x111)
[   144.71 ] D: _tracksModel->getItem(i)->rect()1 9 QRect(0,898 1957x111)
[   144.71 ] D: setTracksRect
[   144.71 ] D: setTracksRect
[   144.71 ] D: sltStartContentYChanged4
[   144.71 ] D: sltStartContentYChanged1
[   144.71 ] D: sltStartContentYChanged2
[   144.72 ] D: sltStartContentYChanged3
[   144.72 ] D: _tracksModel->getItem(i)->rect()1 0 QRect(0,-108 1957x111)
[   144.72 ] D: _tracksModel->getItem(i)->rect()1 1 QRect(0,3 1957x111)
[   144.72 ] D: _tracksModel->getItem(i)->rect()1 2 QRect(0,114 1957x111)
[   144.72 ] D: _tracksModel->getItem(i)->rect()1 3 QRect(0,225 1957x111)
[   144.72 ] D: _tracksModel->getItem(i)->rect()1 4 QRect(0,336 1957x111)
[   144.72 ] D: _tracksModel->getItem(i)->rect()1 5 QRect(0,447 1957x111)
[   144.72 ] D: _tracksModel->getItem(i)->rect()1 6 QRect(0,558 1957x111)
[   144.72 ] D: _tracksModel->getItem(i)->rect()1 7 QRect(0,669 1957x111)
[   144.72 ] D: _tracksModel->getItem(i)->rect()1 8 QRect(0,780 1957x111)
[   144.72 ] D: _tracksModel->getItem(i)->rect()1 9 QRect(0,891 1957x111)
[   144.72 ] D: setTracksRect
[   144.72 ] D: setTracksRect
[   144.72 ] D: sltStartContentYChanged4
[   144.77 ] D: sltStartContentYChanged1
[   144.77 ] D: sltStartContentYChanged2
[   144.77 ] D: sltStartContentYChanged3
[   144.77 ] D: _tracksModel->getItem(i)->rect()1 0 QRect(0,-117 1957x111)
[   144.77 ] D: _tracksModel->getItem(i)->rect()1 1 QRect(0,-6 1957x111)
[   144.77 ] D: _tracksModel->getItem(i)->rect()1 2 QRect(0,105 1957x111)
[   144.77 ] D: _tracksModel->getItem(i)->rect()1 3 QRect(0,216 1957x111)
[   144.77 ] D: _tracksModel->getItem(i)->rect()1 4 QRect(0,327 1957x111)
[   144.77 ] D: _tracksModel->getItem(i)->rect()1 5 QRect(0,438 1957x111)
[   144.77 ] D: _tracksModel->getItem(i)->rect()1 6 QRect(0,549 1957x111)
[   144.77 ] D: _tracksModel->getItem(i)->rect()1 7 QRect(0,660 1957x111)
[   144.77 ] D: _tracksModel->getItem(i)->rect()1 8 QRect(0,771 1957x111)
[   144.77 ] D: _tracksModel->getItem(i)->rect()1 9 QRect(0,882 1957x111)
[   144.77 ] D: setTracksRect
[   144.77 ] D: setTracksRect
[   144.78 ] D: sltStartContentYChanged4
[   144.78 ] D: sltStartContentYChanged1
[   144.78 ] D: sltStartContentYChanged2
[   144.78 ] D: sltStartContentYChanged3
[   144.78 ] D: _tracksModel->getItem(i)->rect()1 0 QRect(0,-123 1957x111)
[   144.78 ] D: _tracksModel->getItem(i)->rect()1 1 QRect(0,-12 1957x111)
[   144.78 ] D: _tracksModel->getItem(i)->rect()1 2 QRect(0,99 1957x111)
[   144.78 ] D: _tracksModel->getItem(i)->rect()1 3 QRect(0,210 1957x111)
[   144.78 ] D: _tracksModel->getItem(i)->rect()1 4 QRect(0,321 1957x111)
[   144.78 ] D: _tracksModel->getItem(i)->rect()1 5 QRect(0,432 1957x111)
[   144.78 ] D: _tracksModel->getItem(i)->rect()1 6 QRect(0,543 1957x111)
[   144.78 ] D: _tracksModel->getItem(i)->rect()1 7 QRect(0,654 1957x111)
[   144.78 ] D: _tracksModel->getItem(i)->rect()1 8 QRect(0,765 1957x111)
[   144.78 ] D: _tracksModel->getItem(i)->rect()1 9 QRect(0,876 1957x111)
[   144.78 ] D: setTracksRect
[   144.78 ] D: setTracksRect
[   144.78 ] D: sltStartContentYChanged4
[   144.84 ] D: sltStartContentYChanged1
[   144.84 ] D: sltStartContentYChanged2
[   144.84 ] D: sltStartContentYChanged3
[   144.84 ] D: _tracksModel->getItem(i)->rect()1 0 QRect(0,-129 1957x111)
[   144.84 ] D: _tracksModel->getItem(i)->rect()1 1 QRect(0,-18 1957x111)
[   144.84 ] D: _tracksModel->getItem(i)->rect()1 2 QRect(0,93 1957x111)
[   144.84 ] D: _tracksModel->getItem(i)->rect()1 3 QRect(0,204 1957x111)
[   144.84 ] D: _tracksModel->getItem(i)->rect()1 4 QRect(0,315 1957x111)
[   144.84 ] D: _tracksModel->getItem(i)->rect()1 5 QRect(0,426 1957x111)
[   144.84 ] D: _tracksModel->getItem(i)->rect()1 6 QRect(0,537 1957x111)
[   144.84 ] D: _tracksModel->getItem(i)->rect()1 7 QRect(0,648 1957x111)
[   144.84 ] D: _tracksModel->getItem(i)->rect()1 8 QRect(0,759 1957x111)
[   144.84 ] D: _tracksModel->getItem(i)->rect()1 9 QRect(0,870 1957x111)
[   144.84 ] D: setTracksRect
[   144.84 ] D: setTracksRect
[   144.84 ] D: sltStartContentYChanged4
[   144.87 ] D: sltStartContentYChanged1
[   144.87 ] D: sltStartContentYChanged2
[   144.87 ] D: sltStartContentYChanged3
[   144.87 ] D: _tracksModel->getItem(i)->rect()1 0 QRect(0,-134 1957x111)
[   144.87 ] D: _tracksModel->getItem(i)->rect()1 1 QRect(0,-23 1957x111)
[   144.87 ] D: _tracksModel->getItem(i)->rect()1 2 QRect(0,88 1957x111)
[   144.87 ] D: _tracksModel->getItem(i)->rect()1 3 QRect(0,199 1957x111)
[   144.87 ] D: _tracksModel->getItem(i)->rect()1 4 QRect(0,310 1957x111)
[   144.87 ] D: _tracksModel->getItem(i)->rect()1 5 QRect(0,421 1957x111)
[   144.87 ] D: _tracksModel->getItem(i)->rect()1 6 QRect(0,532 1957x111)
[   144.87 ] D: _tracksModel->getItem(i)->rect()1 7 QRect(0,643 1957x111)
[   144.87 ] D: _tracksModel->getItem(i)->rect()1 8 QRect(0,754 1957x111)
[   144.87 ] D: _tracksModel->getItem(i)->rect()1 9 QRect(0,865 1957x111)
[   144.87 ] D: setTracksRect
[   144.87 ] D: setTracksRect
[   144.87 ] D: sltStartContentYChanged4
[   144.90 ] D: sltStartContentYChanged1
[   144.90 ] D: sltStartContentYChanged2
[   144.90 ] D: sltStartContentYChanged3
[   144.90 ] D: _tracksModel->getItem(i)->rect()1 0 QRect(0,-136 1957x111)
[   144.90 ] D: _tracksModel->getItem(i)->rect()1 1 QRect(0,-25 1957x111)
[   144.90 ] D: _tracksModel->getItem(i)->rect()1 2 QRect(0,86 1957x111)
[   144.90 ] D: _tracksModel->getItem(i)->rect()1 3 QRect(0,197 1957x111)
[   144.90 ] D: _tracksModel->getItem(i)->rect()1 4 QRect(0,308 1957x111)
[   144.90 ] D: _tracksModel->getItem(i)->rect()1 5 QRect(0,419 1957x111)
[   144.90 ] D: _tracksModel->getItem(i)->rect()1 6 QRect(0,530 1957x111)
[   144.90 ] D: _tracksModel->getItem(i)->rect()1 7 QRect(0,641 1957x111)
[   144.90 ] D: _tracksModel->getItem(i)->rect()1 8 QRect(0,752 1957x111)
[   144.90 ] D: _tracksModel->getItem(i)->rect()1 9 QRect(0,863 1957x111)
[   144.90 ] D: setTracksRect
[   144.90 ] D: setTracksRect
[   144.90 ] D: sltStartContentYChanged4
[   144.97 ] D: sltStartContentYChanged1
[   144.97 ] D: sltStartContentYChanged2
[   144.97 ] D: sltStartContentYChanged3
[   144.97 ] D: _tracksModel->getItem(i)->rect()1 0 QRect(0,-147 1957x111)
[   144.97 ] D: _tracksModel->getItem(i)->rect()1 1 QRect(0,-36 1957x111)
[   144.97 ] D: _tracksModel->getItem(i)->rect()1 2 QRect(0,75 1957x111)
[   144.97 ] D: _tracksModel->getItem(i)->rect()1 3 QRect(0,186 1957x111)
[   144.97 ] D: _tracksModel->getItem(i)->rect()1 4 QRect(0,297 1957x111)
[   144.97 ] D: _tracksModel->getItem(i)->rect()1 5 QRect(0,408 1957x111)
[   144.97 ] D: _tracksModel->getItem(i)->rect()1 6 QRect(0,519 1957x111)
[   144.97 ] D: _tracksModel->getItem(i)->rect()1 7 QRect(0,630 1957x111)
[   144.97 ] D: _tracksModel->getItem(i)->rect()1 8 QRect(0,741 1957x111)
[   144.97 ] D: _tracksModel->getItem(i)->rect()1 9 QRect(0,852 1957x111)
[   144.97 ] D: setTracksRect
[   144.97 ] D: setTracksRect
[   144.97 ] D: sltStartContentYChanged4
[   145.00 ] D: sltStartContentYChanged1
[   145.00 ] D: sltStartContentYChanged2
[   145.01 ] D: sltStartContentYChanged3
[   145.01 ] D: _tracksModel->getItem(i)->rect()1 0 QRect(0,-155 1957x111)
[   145.01 ] D: _tracksModel->getItem(i)->rect()1 1 QRect(0,-44 1957x111)
[   145.01 ] D: _tracksModel->getItem(i)->rect()1 2 QRect(0,67 1957x111)
[   145.01 ] D: _tracksModel->getItem(i)->rect()1 3 QRect(0,178 1957x111)
[   145.01 ] D: _tracksModel->getItem(i)->rect()1 4 QRect(0,289 1957x111)
[   145.01 ] D: _tracksModel->getItem(i)->rect()1 5 QRect(0,400 1957x111)
[   145.01 ] D: _tracksModel->getItem(i)->rect()1 6 QRect(0,511 1957x111)
[   145.01 ] D: _tracksModel->getItem(i)->rect()1 7 QRect(0,622 1957x111)
[   145.01 ] D: _tracksModel->getItem(i)->rect()1 8 QRect(0,733 1957x111)
[   145.01 ] D: _tracksModel->getItem(i)->rect()1 9 QRect(0,844 1957x111)
[   145.01 ] D: setTracksRect
[   145.01 ] D: setTracksRect
[   145.01 ] D: sltStartContentYChanged4
[   145.01 ] D: sltStartContentYChanged1
[   145.01 ] D: sltStartContentYChanged2
[   145.01 ] D: sltStartContentYChanged3
[   145.01 ] D: _tracksModel->getItem(i)->rect()1 0 QRect(0,-164 1957x111)
[   145.01 ] D: _tracksModel->getItem(i)->rect()1 1 QRect(0,-53 1957x111)
[   145.01 ] D: _tracksModel->getItem(i)->rect()1 2 QRect(0,58 1957x111)
[   145.01 ] D: _tracksModel->getItem(i)->rect()1 3 QRect(0,169 1957x111)
[   145.01 ] D: _tracksModel->getItem(i)->rect()1 4 QRect(0,280 1957x111)
[   145.01 ] D: _tracksModel->getItem(i)->rect()1 5 QRect(0,391 1957x111)
[   145.01 ] D: _tracksModel->getItem(i)->rect()1 6 QRect(0,502 1957x111)
[   145.01 ] D: _tracksModel->getItem(i)->rect()1 7 QRect(0,613 1957x111)
[   145.01 ] D: _tracksModel->getItem(i)->rect()1 8 QRect(0,724 1957x111)
[   145.01 ] D: _tracksModel->getItem(i)->rect()1 9 QRect(0,835 1957x111)
[   145.01 ] D: setTracksRect
[   145.01 ] D: setTracksRect
[   145.01 ] D: sltStartContentYChanged4
[   145.04 ] D: sltStartContentYChanged1
[   145.04 ] D: sltStartContentYChanged2
[   145.04 ] D: sltStartContentYChanged3
[   145.04 ] D: _tracksModel->getItem(i)->rect()1 0 QRect(0,-169 1957x111)
[   145.04 ] D: _tracksModel->getItem(i)->rect()1 1 QRect(0,-58 1957x111)
[   145.04 ] D: _tracksModel->getItem(i)->rect()1 2 QRect(0,53 1957x111)
[   145.04 ] D: _tracksModel->getItem(i)->rect()1 3 QRect(0,164 1957x111)
[   145.04 ] D: _tracksModel->getItem(i)->rect()1 4 QRect(0,275 1957x111)
[   145.04 ] D: _tracksModel->getItem(i)->rect()1 5 QRect(0,386 1957x111)
[   145.04 ] D: _tracksModel->getItem(i)->rect()1 6 QRect(0,497 1957x111)
[   145.04 ] D: _tracksModel->getItem(i)->rect()1 7 QRect(0,608 1957x111)
[   145.04 ] D: _tracksModel->getItem(i)->rect()1 8 QRect(0,719 1957x111)
[   145.04 ] D: _tracksModel->getItem(i)->rect()1 9 QRect(0,830 1957x111)
[   145.04 ] D: setTracksRect
[   145.04 ] D: setTracksRect
[   145.04 ] D: sltStartContentYChanged4
[   145.10 ] D: sltStartContentYChanged1
[   145.10 ] D: sltStartContentYChanged2
[   145.10 ] D: sltStartContentYChanged3
[   145.10 ] D: _tracksModel->getItem(i)->rect()1 0 QRect(0,-174 1957x111)
[   145.10 ] D: _tracksModel->getItem(i)->rect()1 1 QRect(0,-63 1957x111)
[   145.10 ] D: _tracksModel->getItem(i)->rect()1 2 QRect(0,48 1957x111)
[   145.10 ] D: _tracksModel->getItem(i)->rect()1 3 QRect(0,159 1957x111)
[   145.10 ] D: _tracksModel->getItem(i)->rect()1 4 QRect(0,270 1957x111)
[   145.10 ] D: _tracksModel->getItem(i)->rect()1 5 QRect(0,381 1957x111)
[   145.10 ] D: _tracksModel->getItem(i)->rect()1 6 QRect(0,492 1957x111)
[   145.10 ] D: _tracksModel->getItem(i)->rect()1 7 QRect(0,603 1957x111)
[   145.10 ] D: _tracksModel->getItem(i)->rect()1 8 QRect(0,714 1957x111)
[   145.10 ] D: _tracksModel->getItem(i)->rect()1 9 QRect(0,825 1957x111)
[   145.10 ] D: setTracksRect
[   145.10 ] D: setTracksRect
[   145.10 ] D: sltStartContentYChanged4
[   145.13 ] D: sltStartContentYChanged1
[   145.13 ] D: sltStartContentYChanged2
[   145.13 ] D: sltStartContentYChanged3
[   145.13 ] D: _tracksModel->getItem(i)->rect()1 0 QRect(0,-176 1957x111)
[   145.13 ] D: _tracksModel->getItem(i)->rect()1 1 QRect(0,-65 1957x111)
[   145.13 ] D: _tracksModel->getItem(i)->rect()1 2 QRect(0,46 1957x111)
[   145.13 ] D: _tracksModel->getItem(i)->rect()1 3 QRect(0,157 1957x111)
[   145.13 ] D: _tracksModel->getItem(i)->rect()1 4 QRect(0,268 1957x111)
[   145.13 ] D: _tracksModel->getItem(i)->rect()1 5 QRect(0,379 1957x111)
[   145.13 ] D: _tracksModel->getItem(i)->rect()1 6 QRect(0,490 1957x111)
[   145.13 ] D: _tracksModel->getItem(i)->rect()1 7 QRect(0,601 1957x111)
[   145.13 ] D: _tracksModel->getItem(i)->rect()1 8 QRect(0,712 1957x111)
[   145.13 ] D: _tracksModel->getItem(i)->rect()1 9 QRect(0,823 1957x111)
[   145.13 ] D: setTracksRect
[   145.13 ] D: setTracksRect
[   145.13 ] D: sltStartContentYChanged4
[   145.16 ] D: sltStartContentYChanged1
[   145.16 ] D: sltStartContentYChanged2
[   145.16 ] D: sltStartContentYChanged3
[   145.16 ] D: _tracksModel->getItem(i)->rect()1 0 QRect(0,-177 1957x111)
[   145.16 ] D: _tracksModel->getItem(i)->rect()1 1 QRect(0,-66 1957x111)
[   145.16 ] D: _tracksModel->getItem(i)->rect()1 2 QRect(0,45 1957x111)
[   145.16 ] D: _tracksModel->getItem(i)->rect()1 3 QRect(0,156 1957x111)
[   145.16 ] D: _tracksModel->getItem(i)->rect()1 4 QRect(0,267 1957x111)
[   145.16 ] D: _tracksModel->getItem(i)->rect()1 5 QRect(0,378 1957x111)
[   145.16 ] D: _tracksModel->getItem(i)->rect()1 6 QRect(0,489 1957x111)
[   145.16 ] D: _tracksModel->getItem(i)->rect()1 7 QRect(0,600 1957x111)
[   145.16 ] D: _tracksModel->getItem(i)->rect()1 8 QRect(0,711 1957x111)
[   145.16 ] D: _tracksModel->getItem(i)->rect()1 9 QRect(0,822 1957x111)
[   145.16 ] D: setTracksRect
[   145.16 ] D: setTracksRect
[   145.16 ] D: sltStartContentYChanged4
[   145.19 ] D: sltStartContentYChanged1
[   145.19 ] D: sltStartContentYChanged2
[   145.19 ] D: sltStartContentYChanged3
[   145.19 ] D: _tracksModel->getItem(i)->rect()1 0 QRect(0,-186 1957x111)
[   145.19 ] D: _tracksModel->getItem(i)->rect()1 1 QRect(0,-75 1957x111)
[   145.19 ] D: _tracksModel->getItem(i)->rect()1 2 QRect(0,36 1957x111)
[   145.19 ] D: _tracksModel->getItem(i)->rect()1 3 QRect(0,147 1957x111)
[   145.19 ] D: _tracksModel->getItem(i)->rect()1 4 QRect(0,258 1957x111)
[   145.19 ] D: _tracksModel->getItem(i)->rect()1 5 QRect(0,369 1957x111)
[   145.19 ] D: _tracksModel->getItem(i)->rect()1 6 QRect(0,480 1957x111)
[   145.19 ] D: _tracksModel->getItem(i)->rect()1 7 QRect(0,591 1957x111)
[   145.19 ] D: _tracksModel->getItem(i)->rect()1 8 QRect(0,702 1957x111)
[   145.19 ] D: _tracksModel->getItem(i)->rect()1 9 QRect(0,813 1957x111)
[   145.19 ] D: setTracksRect
[   145.19 ] D: setTracksRect
[   145.19 ] D: sltStartContentYChanged4
[   145.19 ] D: sltStartContentYChanged1
[   145.19 ] D: sltStartContentYChanged2
[   145.20 ] D: sltStartContentYChanged3
[   145.20 ] D: _tracksModel->getItem(i)->rect()1 0 QRect(0,-195 1957x111)
[   145.20 ] D: _tracksModel->getItem(i)->rect()1 1 QRect(0,-84 1957x111)
[   145.20 ] D: _tracksModel->getItem(i)->rect()1 2 QRect(0,27 1957x111)
[   145.20 ] D: _tracksModel->getItem(i)->rect()1 3 QRect(0,138 1957x111)
[   145.20 ] D: _tracksModel->getItem(i)->rect()1 4 QRect(0,249 1957x111)
[   145.20 ] D: _tracksModel->getItem(i)->rect()1 5 QRect(0,360 1957x111)
[   145.20 ] D: _tracksModel->getItem(i)->rect()1 6 QRect(0,471 1957x111)
[   145.20 ] D: _tracksModel->getItem(i)->rect()1 7 QRect(0,582 1957x111)
[   145.20 ] D: _tracksModel->getItem(i)->rect()1 8 QRect(0,693 1957x111)
[   145.20 ] D: _tracksModel->getItem(i)->rect()1 9 QRect(0,804 1957x111)
[   145.20 ] D: setTracksRect
[   145.20 ] D: setTracksRect
[   145.20 ] D: sltStartContentYChanged4
[   145.23 ] D: sltStartContentYChanged1
[   145.23 ] D: sltStartContentYChanged2
[   145.23 ] D: sltStartContentYChanged3
[   145.23 ] D: _tracksModel->getItem(i)->rect()1 0 QRect(0,-201 1957x111)
[   145.23 ] D: _tracksModel->getItem(i)->rect()1 1 QRect(0,-90 1957x111)
[   145.23 ] D: _tracksModel->getItem(i)->rect()1 2 QRect(0,21 1957x111)
[   145.23 ] D: _tracksModel->getItem(i)->rect()1 3 QRect(0,132 1957x111)
[   145.23 ] D: _tracksModel->getItem(i)->rect()1 4 QRect(0,243 1957x111)
[   145.23 ] D: _tracksModel->getItem(i)->rect()1 5 QRect(0,354 1957x111)
[   145.23 ] D: _tracksModel->getItem(i)->rect()1 6 QRect(0,465 1957x111)
[   145.23 ] D: _tracksModel->getItem(i)->rect()1 7 QRect(0,576 1957x111)
[   145.23 ] D: _tracksModel->getItem(i)->rect()1 8 QRect(0,687 1957x111)
[   145.23 ] D: _tracksModel->getItem(i)->rect()1 9 QRect(0,798 1957x111)
[   145.23 ] D: setTracksRect
[   145.23 ] D: setTracksRect
[   145.23 ] D: sltStartContentYChanged4
[   145.32 ] D: sltStartContentYChanged1
[   145.32 ] D: sltStartContentYChanged2
[   145.32 ] D: sltStartContentYChanged3
[   145.32 ] D: _tracksModel->getItem(i)->rect()1 0 QRect(0,-212 1957x111)
[   145.32 ] D: _tracksModel->getItem(i)->rect()1 1 QRect(0,-101 1957x111)
[   145.32 ] D: _tracksModel->getItem(i)->rect()1 2 QRect(0,10 1957x111)
[   145.32 ] D: _tracksModel->getItem(i)->rect()1 3 QRect(0,121 1957x111)
[   145.32 ] D: _tracksModel->getItem(i)->rect()1 4 QRect(0,232 1957x111)
[   145.32 ] D: _tracksModel->getItem(i)->rect()1 5 QRect(0,343 1957x111)
[   145.32 ] D: _tracksModel->getItem(i)->rect()1 6 QRect(0,454 1957x111)
[   145.32 ] D: _tracksModel->getItem(i)->rect()1 7 QRect(0,565 1957x111)
[   145.32 ] D: _tracksModel->getItem(i)->rect()1 8 QRect(0,676 1957x111)
[   145.32 ] D: _tracksModel->getItem(i)->rect()1 9 QRect(0,787 1957x111)
[   145.32 ] D: setTracksRect
[   145.32 ] D: setTracksRect
[   145.32 ] D: sltStartContentYChanged4
[   145.37 ] D: sltStartContentYChanged1
[   145.37 ] D: sltStartContentYChanged2
[   145.37 ] D: sltStartContentYChanged3
[   145.37 ] D: _tracksModel->getItem(i)->rect()1 0 QRect(0,-216 1957x111)
[   145.37 ] D: _tracksModel->getItem(i)->rect()1 1 QRect(0,-105 1957x111)
[   145.37 ] D: _tracksModel->getItem(i)->rect()1 2 QRect(0,6 1957x111)
[   145.37 ] D: _tracksModel->getItem(i)->rect()1 3 QRect(0,117 1957x111)
[   145.37 ] D: _tracksModel->getItem(i)->rect()1 4 QRect(0,228 1957x111)
[   145.37 ] D: _tracksModel->getItem(i)->rect()1 5 QRect(0,339 1957x111)
[   145.37 ] D: _tracksModel->getItem(i)->rect()1 6 QRect(0,450 1957x111)
[   145.37 ] D: _tracksModel->getItem(i)->rect()1 7 QRect(0,561 1957x111)
[   145.37 ] D: _tracksModel->getItem(i)->rect()1 8 QRect(0,672 1957x111)
[   145.37 ] D: _tracksModel->getItem(i)->rect()1 9 QRect(0,783 1957x111)
[   145.37 ] D: setTracksRect
[   145.37 ] D: setTracksRect
[   145.37 ] D: sltStartContentYChanged4
[   145.80 ] D: findTrackIndexByPoint 0 QRect(0,-216 1957x111) false QPointF(645,26)
[   145.80 ] D: findTrackIndexByPoint 1 QRect(0,-105 1957x111) false QPointF(645,26)
[   145.80 ] D: findTrackIndexByPoint 2 QRect(0,6 1957x111) true QPointF(645,26)
[   145.81 ] D: _startSelectedClipIndex123 "{a9853d48-4b73-49de-83a3-149bab3a9e2a}"
[   145.81 ] D: copySelectedArea1; QRectF(27000,6 15483.9x111) QRect(0,-216 1957x111)
[   145.81 ] D: copySelectedArea1; QRectF(27000,6 15483.9x111) QRect(0,-105 1957x111)
[   145.81 ] D: copySelectedArea1; QRectF(27000,6 15483.9x111) QRect(0,6 1957x111)
[   145.81 ] D: copySelectedArea3
[   145.81 ] D: copySelectedArea1; QRectF(27000,6 15483.9x111) QRect(0,117 1957x111)
[   145.81 ] D: copySelectedArea1; QRectF(27000,6 15483.9x111) QRect(0,228 1957x111)
[   145.81 ] D: copySelectedArea1; QRectF(27000,6 15483.9x111) QRect(0,339 1957x111)
[   145.81 ] D: copySelectedArea1; QRectF(27000,6 15483.9x111) QRect(0,450 1957x111)
[   145.81 ] D: copySelectedArea1; QRectF(27000,6 15483.9x111) QRect(0,561 1957x111)
[   145.81 ] D: copySelectedArea1; QRectF(27000,6 15483.9x111) QRect(0,672 1957x111)
[   145.81 ] D: copySelectedArea1; QRectF(27000,6 15483.9x111) QRect(0,783 1957x111)
[   145.81 ] D: RETURN 2 2 -1 1 0 -1
[   145.81 ] D: RETURN
[   145.81 ] D: IOIO 0 0
[   145.81 ] D: RETURN 2 2 -1 1 1 -1
[   145.81 ] D: RETURN
[   145.81 ] D: IOIO 0 0
[   145.81 ] D: Ok
[   145.81 ] D: OK
[   145.81 ] D: OK
[   145.81 ] D: IOIO 0 0
[   145.81 ] D: RETURN 2 2 -1 1 3 -1
[   145.81 ] D: RETURN
[   145.81 ] D: IOIO 0 0
[   145.81 ] D: RETURN 2 2 -1 1 4 -1
[   145.81 ] D: RETURN
[   145.81 ] D: IOIO 0 0
[   145.81 ] D: RETURN 2 2 -1 1 5 -1
[   145.81 ] D: RETURN
[   145.81 ] D: IOIO 0 0
[   145.81 ] D: RETURN 2 2 -1 1 6 -1
[   145.81 ] D: RETURN
[   145.81 ] D: IOIO 0 0
[   145.81 ] D: RETURN 2 2 -1 1 7 -1
[   145.81 ] D: RETURN
[   145.81 ] D: IOIO 0 0
[   145.81 ] D: RETURN 2 2 -1 1 8 -1
[   145.82 ] D: RETURN
[   145.82 ] D: IOIO 0 0
[   145.82 ] D: RETURN 2 2 -1 1 9 -1
[   145.82 ] D: RETURN
[   145.82 ] D: IOIO 0 0
[   145.85 ] D: mouseReleaseEvent
[   146.16 ] D: findTrackIndexByPoint 0 QRect(0,-216 1957x111) false QPointF(666,26)
[   146.16 ] D: findTrackIndexByPoint 1 QRect(0,-105 1957x111) false QPointF(666,26)
[   146.16 ] D: findTrackIndexByPoint 2 QRect(0,6 1957x111) true QPointF(666,26)
[   146.16 ] D: _startSelectedClipIndex123 "{a9853d48-4b73-49de-83a3-149bab3a9e2a}"
[   146.16 ] D: copySelectedArea1; QRectF(27000,6 15483.9x111) QRect(0,-216 1957x111)
[   146.16 ] D: copySelectedArea1; QRectF(27000,6 15483.9x111) QRect(0,-105 1957x111)
[   146.16 ] D: copySelectedArea1; QRectF(27000,6 15483.9x111) QRect(0,6 1957x111)
[   146.16 ] D: copySelectedArea3
[   146.17 ] D: copySelectedArea1; QRectF(27000,6 15483.9x111) QRect(0,117 1957x111)
[   146.17 ] D: copySelectedArea1; QRectF(27000,6 15483.9x111) QRect(0,228 1957x111)
[   146.17 ] D: copySelectedArea1; QRectF(27000,6 15483.9x111) QRect(0,339 1957x111)
[   146.17 ] D: copySelectedArea1; QRectF(27000,6 15483.9x111) QRect(0,450 1957x111)
[   146.17 ] D: copySelectedArea1; QRectF(27000,6 15483.9x111) QRect(0,561 1957x111)
[   146.17 ] D: copySelectedArea1; QRectF(27000,6 15483.9x111) QRect(0,672 1957x111)
[   146.17 ] D: copySelectedArea1; QRectF(27000,6 15483.9x111) QRect(0,783 1957x111)
[   146.17 ] D: RETURN 2 2 -1 1 0 -1
[   146.17 ] D: RETURN
[   146.17 ] D: IOIO1 0 0
[   146.17 ] D: RETURN 2 2 -1 1 1 -1
[   146.17 ] D: RETURN
[   146.17 ] D: IOIO1 0 0
[   146.17 ] D: Ok
[   146.17 ] D: OK
[   146.17 ] D: OK
[   146.17 ] D: IOIO1 0 0
[   146.17 ] D: RETURN 2 2 -1 1 3 -1
[   146.17 ] D: RETURN
[   146.17 ] D: IOIO1 0 0
[   146.17 ] D: RETURN 2 2 -1 1 4 -1
[   146.17 ] D: RETURN
[   146.17 ] D: IOIO1 0 0
[   146.17 ] D: RETURN 2 2 -1 1 5 -1
[   146.17 ] D: RETURN
[   146.17 ] D: IOIO1 0 0
[   146.17 ] D: RETURN 2 2 -1 1 6 -1
[   146.17 ] D: RETURN
[   146.17 ] D: IOIO1 0 0
[   146.17 ] D: RETURN 2 2 -1 1 7 -1
[   146.17 ] D: RETURN
[   146.17 ] D: IOIO1 0 0
[   146.17 ] D: RETURN 2 2 -1 1 8 -1
[   146.17 ] D: RETURN
[   146.17 ] D: IOIO1 0 0
[   146.17 ] D: RETURN 2 2 -1 1 9 -1
[   146.17 ] D: RETURN
[   146.17 ] D: IOIO1 0 0
[   146.17 ] D: _movingAutomationPoint 0
[   146.20 ] D: newTopPixel 10 30 20
[   146.20 ] D: findTrackIndexByPoint 0 QRect(0,-216 1957x111) false QPointF(486,10)
[   146.20 ] D: findTrackIndexByPoint 1 QRect(0,-105 1957x111) false QPointF(486,10)
[   146.20 ] D: findTrackIndexByPoint 2 QRect(0,6 1957x111) true QPointF(486,10)
[   146.20 ] D: _boundingRect.bottom() 384 30 216 -186
[   146.20 ] D: firstIndex 2 0 1 10
[   146.20 ] D: firstIndex2
[   146.20 ] D: firstIndex2 0 2
[   146.20 ] D: firstIndex3
[   146.20 ] D: mouseMove2
[   146.20 ] D: newTopPixel 12 32 20
[   146.20 ] D: findTrackIndexByPoint 0 QRect(0,-216 1957x111) false QPointF(486,12)
[   146.20 ] D: findTrackIndexByPoint 1 QRect(0,-105 1957x111) false QPointF(486,12)
[   146.20 ] D: findTrackIndexByPoint 2 QRect(0,6 1957x111) true QPointF(486,12)
[   146.20 ] D: _boundingRect.bottom() 384 32 216 -184
[   146.20 ] D: firstIndex 2 0 1 10
[   146.20 ] D: firstIndex2
[   146.20 ] D: firstIndex2 0 2
[   146.20 ] D: firstIndex3
[   146.20 ] D: mouseMove2
[   146.20 ] D: newTopPixel 13 33 20
[   146.20 ] D: findTrackIndexByPoint 0 QRect(0,-216 1957x111) false QPointF(486,13)
[   146.20 ] D: findTrackIndexByPoint 1 QRect(0,-105 1957x111) false QPointF(486,13)
[   146.20 ] D: findTrackIndexByPoint 2 QRect(0,6 1957x111) true QPointF(486,13)
[   146.20 ] D: _boundingRect.bottom() 384 33 216 -183
[   146.20 ] D: firstIndex 2 0 1 10
[   146.20 ] D: firstIndex2
[   146.20 ] D: firstIndex2 0 2
[   146.20 ] D: firstIndex3
[   146.20 ] D: mouseMove2
[   146.20 ] D: newTopPixel 14 34 20
[   146.20 ] D: findTrackIndexByPoint 0 QRect(0,-216 1957x111) false QPointF(486,14)
[   146.20 ] D: findTrackIndexByPoint 1 QRect(0,-105 1957x111) false QPointF(486,14)
[   146.20 ] D: findTrackIndexByPoint 2 QRect(0,6 1957x111) true QPointF(486,14)
[   146.20 ] D: _boundingRect.bottom() 384 34 216 -182
[   146.20 ] D: firstIndex 2 0 1 10
[   146.20 ] D: firstIndex2
[   146.20 ] D: firstIndex2 0 2
[   146.20 ] D: firstIndex3
[   146.20 ] D: mouseMove2
[   146.20 ] D: newTopPixel 16 36 20
[   146.20 ] D: findTrackIndexByPoint 0 QRect(0,-216 1957x111) false QPointF(486,16)
[   146.20 ] D: findTrackIndexByPoint 1 QRect(0,-105 1957x111) false QPointF(486,16)
[   146.20 ] D: findTrackIndexByPoint 2 QRect(0,6 1957x111) true QPointF(486,16)
[   146.20 ] D: _boundingRect.bottom() 384 36 216 -180
[   146.20 ] D: firstIndex 2 0 1 10
[   146.20 ] D: firstIndex2
[   146.20 ] D: firstIndex2 0 2
[   146.20 ] D: firstIndex3
[   146.20 ] D: mouseMove2
[   146.23 ] D: newTopPixel 38 58 20
[   146.23 ] D: findTrackIndexByPoint 0 QRect(0,-216 1957x111) false QPointF(450,38)
[   146.23 ] D: findTrackIndexByPoint 1 QRect(0,-105 1957x111) false QPointF(450,38)
[   146.23 ] D: findTrackIndexByPoint 2 QRect(0,6 1957x111) true QPointF(450,38)
[   146.23 ] D: _boundingRect.bottom() 384 58 206 -148
[   146.23 ] D: firstIndex 2 0 1 10
[   146.23 ] D: firstIndex2
[   146.23 ] D: firstIndex2 0 2
[   146.23 ] D: firstIndex3
[   146.23 ] D: mouseMove2
[   146.23 ] D: newTopPixel 40 60 20
[   146.23 ] D: findTrackIndexByPoint 0 QRect(0,-216 1957x111) false QPointF(450,40)
[   146.23 ] D: findTrackIndexByPoint 1 QRect(0,-105 1957x111) false QPointF(450,40)
[   146.23 ] D: findTrackIndexByPoint 2 QRect(0,6 1957x111) true QPointF(450,40)
[   146.23 ] D: _boundingRect.bottom() 384 60 206 -146
[   146.23 ] D: firstIndex 2 0 1 10
[   146.23 ] D: firstIndex2
[   146.23 ] D: firstIndex2 0 2
[   146.23 ] D: firstIndex3
[   146.23 ] D: mouseMove2
[   146.23 ] D: newTopPixel 44 64 20
[   146.23 ] D: findTrackIndexByPoint 0 QRect(0,-216 1957x111) false QPointF(450,44)
[   146.23 ] D: findTrackIndexByPoint 1 QRect(0,-105 1957x111) false QPointF(450,44)
[   146.23 ] D: findTrackIndexByPoint 2 QRect(0,6 1957x111) true QPointF(450,44)
[   146.24 ] D: _boundingRect.bottom() 384 64 206 -142
[   146.24 ] D: firstIndex 2 0 1 10
[   146.24 ] D: firstIndex2
[   146.24 ] D: firstIndex2 0 2
[   146.24 ] D: firstIndex3
[   146.24 ] D: mouseMove2
[   146.24 ] D: sltStartContentYChanged1
[   146.24 ] D: sltStartContentYChanged2
[   146.24 ] D: sltStartContentYChanged3
[   146.24 ] D: _tracksModel->getItem(i)->rect()1 0 QRect(0,-206 1957x111)
[   146.24 ] D: _tracksModel->getItem(i)->rect()1 1 QRect(0,-95 1957x111)
[   146.24 ] D: _tracksModel->getItem(i)->rect()1 2 QRect(0,16 1957x111)
[   146.24 ] D: _tracksModel->getItem(i)->rect()1 3 QRect(0,127 1957x111)
[   146.24 ] D: _tracksModel->getItem(i)->rect()1 4 QRect(0,238 1957x111)
[   146.24 ] D: _tracksModel->getItem(i)->rect()1 5 QRect(0,349 1957x111)
[   146.24 ] D: _tracksModel->getItem(i)->rect()1 6 QRect(0,460 1957x111)
[   146.24 ] D: _tracksModel->getItem(i)->rect()1 7 QRect(0,571 1957x111)
[   146.24 ] D: _tracksModel->getItem(i)->rect()1 8 QRect(0,682 1957x111)
[   146.24 ] D: _tracksModel->getItem(i)->rect()1 9 QRect(0,793 1957x111)
[   146.24 ] D: setTracksRect
[   146.24 ] D: setTracksRect
[   146.24 ] D: sltStartContentYChanged4
[   146.30 ] D: newTopPixel 80 100 20
[   146.30 ] D: findTrackIndexByPoint 0 QRect(0,-206 1957x111) false QPointF(396,80)
[   146.30 ] D: findTrackIndexByPoint 1 QRect(0,-95 1957x111) false QPointF(396,80)
[   146.30 ] D: findTrackIndexByPoint 2 QRect(0,16 1957x111) true QPointF(396,80)
[   146.30 ] D: _boundingRect.bottom() 384 100 196 -96
[   146.30 ] D: firstIndex 2 0 1 10
[   146.30 ] D: firstIndex2
[   146.30 ] D: firstIndex2 0 2
[   146.30 ] D: firstIndex3
[   146.30 ] D: mouseMove2
[   146.30 ] D: newTopPixel 82 102 20
[   146.30 ] D: findTrackIndexByPoint 0 QRect(0,-206 1957x111) false QPointF(396,82)
[   146.30 ] D: findTrackIndexByPoint 1 QRect(0,-95 1957x111) false QPointF(396,82)
[   146.30 ] D: findTrackIndexByPoint 2 QRect(0,16 1957x111) true QPointF(396,82)
[   146.30 ] D: _boundingRect.bottom() 384 102 196 -94
[   146.30 ] D: firstIndex 2 0 1 10
[   146.30 ] D: firstIndex2
[   146.30 ] D: firstIndex2 0 2
[   146.30 ] D: firstIndex3
[   146.30 ] D: mouseMove2
[   146.30 ] D: newTopPixel 85 105 20
[   146.30 ] D: findTrackIndexByPoint 0 QRect(0,-206 1957x111) false QPointF(378,85)
[   146.30 ] D: findTrackIndexByPoint 1 QRect(0,-95 1957x111) false QPointF(378,85)
[   146.30 ] D: findTrackIndexByPoint 2 QRect(0,16 1957x111) true QPointF(378,85)
[   146.30 ] D: _boundingRect.bottom() 384 105 196 -91
[   146.30 ] D: firstIndex 2 0 1 10
[   146.30 ] D: firstIndex2
[   146.30 ] D: firstIndex2 0 2
[   146.30 ] D: firstIndex3
[   146.30 ] D: mouseMove2
[   146.30 ] D: newTopPixel 87 107 20
[   146.30 ] D: findTrackIndexByPoint 0 QRect(0,-206 1957x111) false QPointF(378,87)
[   146.30 ] D: findTrackIndexByPoint 1 QRect(0,-95 1957x111) false QPointF(378,87)
[   146.30 ] D: findTrackIndexByPoint 2 QRect(0,16 1957x111) true QPointF(378,87)
[   146.30 ] D: _boundingRect.bottom() 384 107 196 -89
[   146.30 ] D: firstIndex 2 0 1 10
[   146.30 ] D: firstIndex2
[   146.30 ] D: firstIndex2 0 2
[   146.30 ] D: firstIndex3
[   146.30 ] D: mouseMove2
[   146.30 ] D: sltStartContentYChanged1
[   146.31 ] D: sltStartContentYChanged2
[   146.31 ] D: sltStartContentYChanged3
[   146.31 ] D: _tracksModel->getItem(i)->rect()1 0 QRect(0,-196 1957x111)
[   146.31 ] D: _tracksModel->getItem(i)->rect()1 1 QRect(0,-85 1957x111)
[   146.31 ] D: _tracksModel->getItem(i)->rect()1 2 QRect(0,26 1957x111)
[   146.31 ] D: _tracksModel->getItem(i)->rect()1 3 QRect(0,137 1957x111)
[   146.31 ] D: _tracksModel->getItem(i)->rect()1 4 QRect(0,248 1957x111)
[   146.31 ] D: _tracksModel->getItem(i)->rect()1 5 QRect(0,359 1957x111)
[   146.31 ] D: _tracksModel->getItem(i)->rect()1 6 QRect(0,470 1957x111)
[   146.31 ] D: _tracksModel->getItem(i)->rect()1 7 QRect(0,581 1957x111)
[   146.31 ] D: _tracksModel->getItem(i)->rect()1 8 QRect(0,692 1957x111)
[   146.31 ] D: _tracksModel->getItem(i)->rect()1 9 QRect(0,803 1957x111)
[   146.31 ] D: setTracksRect
[   146.31 ] D: setTracksRect
[   146.31 ] D: sltStartContentYChanged4
[   146.31 ] D: newTopPixel 129 149 20
[   146.31 ] D: findTrackIndexByPoint 0 QRect(0,-196 1957x111) false QPointF(288,129)
[   146.31 ] D: findTrackIndexByPoint 1 QRect(0,-85 1957x111) false QPointF(288,129)
[   146.31 ] D: findTrackIndexByPoint 2 QRect(0,26 1957x111) true QPointF(288,129)
[   146.31 ] D: _boundingRect.bottom() 384 149 186 -37
[   146.31 ] D: firstIndex 2 0 1 10
[   146.31 ] D: firstIndex2
[   146.31 ] D: firstIndex2 0 2
[   146.31 ] D: firstIndex3
[   146.31 ] D: mouseMove2
[   146.31 ] D: newTopPixel 130 150 20
[   146.31 ] D: findTrackIndexByPoint 0 QRect(0,-196 1957x111) false QPointF(288,130)
[   146.31 ] D: findTrackIndexByPoint 1 QRect(0,-85 1957x111) false QPointF(288,130)
[   146.31 ] D: findTrackIndexByPoint 2 QRect(0,26 1957x111) true QPointF(288,130)
[   146.31 ] D: _boundingRect.bottom() 384 150 186 -36
[   146.31 ] D: firstIndex 2 0 1 10
[   146.31 ] D: firstIndex2
[   146.31 ] D: firstIndex2 0 2
[   146.31 ] D: firstIndex3
[   146.31 ] D: mouseMove2
[   146.34 ] D: newTopPixel 132 152 20
[   146.34 ] D: findTrackIndexByPoint 0 QRect(0,-196 1957x111) false QPointF(270,132)
[   146.34 ] D: findTrackIndexByPoint 1 QRect(0,-85 1957x111) false QPointF(270,132)
[   146.34 ] D: findTrackIndexByPoint 2 QRect(0,26 1957x111) true QPointF(270,132)
[   146.34 ] D: _boundingRect.bottom() 384 152 186 -34
[   146.34 ] D: firstIndex 2 0 1 10
[   146.34 ] D: firstIndex2
[   146.34 ] D: firstIndex2 0 2
[   146.34 ] D: firstIndex3
[   146.34 ] D: mouseMove2
[   146.34 ] D: sltStartContentYChanged1
[   146.34 ] D: sltStartContentYChanged2
[   146.34 ] D: sltStartContentYChanged3
[   146.34 ] D: _tracksModel->getItem(i)->rect()1 0 QRect(0,-186 1957x111)
[   146.34 ] D: _tracksModel->getItem(i)->rect()1 1 QRect(0,-75 1957x111)
[   146.34 ] D: _tracksModel->getItem(i)->rect()1 2 QRect(0,36 1957x111)
[   146.35 ] D: _tracksModel->getItem(i)->rect()1 3 QRect(0,147 1957x111)
[   146.35 ] D: _tracksModel->getItem(i)->rect()1 4 QRect(0,258 1957x111)
[   146.35 ] D: _tracksModel->getItem(i)->rect()1 5 QRect(0,369 1957x111)
[   146.35 ] D: _tracksModel->getItem(i)->rect()1 6 QRect(0,480 1957x111)
[   146.35 ] D: _tracksModel->getItem(i)->rect()1 7 QRect(0,591 1957x111)
[   146.35 ] D: _tracksModel->getItem(i)->rect()1 8 QRect(0,702 1957x111)
[   146.35 ] D: _tracksModel->getItem(i)->rect()1 9 QRect(0,813 1957x111)
[   146.35 ] D: setTracksRect
[   146.35 ] D: setTracksRect
[   146.35 ] D: sltStartContentYChanged4
[   146.35 ] D: newTopPixel 142 162 20
[   146.35 ] D: findTrackIndexByPoint 0 QRect(0,-186 1957x111) false QPointF(252,142)
[   146.35 ] D: findTrackIndexByPoint 1 QRect(0,-75 1957x111) false QPointF(252,142)
[   146.35 ] D: findTrackIndexByPoint 2 QRect(0,36 1957x111) true QPointF(252,142)
[   146.35 ] D: _boundingRect.bottom() 384 162 186 -24
[   146.35 ] D: firstIndex 2 0 1 10
[   146.35 ] D: firstIndex2
[   146.35 ] D: firstIndex2 0 2
[   146.35 ] D: firstIndex3
[   146.35 ] D: mouseMove2
[   146.35 ] D: newTopPixel 142 162 20
[   146.35 ] D: findTrackIndexByPoint 0 QRect(0,-186 1957x111) false QPointF(252,142)
[   146.35 ] D: findTrackIndexByPoint 1 QRect(0,-75 1957x111) false QPointF(252,142)
[   146.35 ] D: findTrackIndexByPoint 2 QRect(0,36 1957x111) true QPointF(252,142)
[   146.35 ] D: _boundingRect.bottom() 384 162 186 -24
[   146.35 ] D: firstIndex 2 0 1 10
[   146.35 ] D: firstIndex2
[   146.35 ] D: firstIndex2 0 2
[   146.35 ] D: firstIndex3
[   146.35 ] D: mouseMove2
[   146.35 ] D: newTopPixel 143 163 20
[   146.35 ] D: findTrackIndexByPoint 0 QRect(0,-186 1957x111) false QPointF(234,143)
[   146.35 ] D: findTrackIndexByPoint 1 QRect(0,-75 1957x111) false QPointF(234,143)
[   146.35 ] D: findTrackIndexByPoint 2 QRect(0,36 1957x111) true QPointF(234,143)
[   146.35 ] D: _boundingRect.bottom() 384 163 186 -23
[   146.35 ] D: firstIndex 2 0 1 10
[   146.35 ] D: firstIndex2
[   146.35 ] D: firstIndex2 0 2
[   146.35 ] D: firstIndex3
[   146.35 ] D: mouseMove2
[   146.40 ] D: newTopPixel 145 165 20
[   146.40 ] D: findTrackIndexByPoint 0 QRect(0,-186 1957x111) false QPointF(234,145)
[   146.40 ] D: findTrackIndexByPoint 1 QRect(0,-75 1957x111) false QPointF(234,145)
[   146.40 ] D: findTrackIndexByPoint 2 QRect(0,36 1957x111) true QPointF(234,145)
[   146.40 ] D: _boundingRect.bottom() 384 165 186 -21
[   146.40 ] D: firstIndex 2 0 1 10
[   146.40 ] D: firstIndex2
[   146.40 ] D: firstIndex2 0 2
[   146.40 ] D: firstIndex3
[   146.40 ] D: mouseMove2
[   146.40 ] D: newTopPixel 157 177 20
[   146.40 ] D: findTrackIndexByPoint 0 QRect(0,-186 1957x111) false QPointF(198,157)
[   146.40 ] D: findTrackIndexByPoint 1 QRect(0,-75 1957x111) false QPointF(198,157)
[   146.40 ] D: findTrackIndexByPoint 2 QRect(0,36 1957x111) false QPointF(198,157)
[   146.40 ] D: findTrackIndexByPoint 3 QRect(0,147 1957x111) true QPointF(198,157)
[   146.40 ] D: _boundingRect.bottom() 384 177 186 -9
[   146.40 ] D: firstIndex 3 0 1 10
[   146.40 ] D: firstIndex2
[   146.40 ] D: firstIndex2 0 2
[   146.40 ] D: firstIndex3
[   146.40 ] D: mouseMove2
[   146.40 ] D: newTopPixel 157 177 20
[   146.40 ] D: findTrackIndexByPoint 0 QRect(0,-186 1957x111) false QPointF(180,157)
[   146.40 ] D: findTrackIndexByPoint 1 QRect(0,-75 1957x111) false QPointF(180,157)
[   146.40 ] D: findTrackIndexByPoint 2 QRect(0,36 1957x111) false QPointF(180,157)
[   146.40 ] D: findTrackIndexByPoint 3 QRect(0,147 1957x111) true QPointF(180,157)
[   146.40 ] D: _boundingRect.bottom() 384 177 186 -9
[   146.40 ] D: firstIndex 3 0 1 10
[   146.40 ] D: firstIndex2
[   146.40 ] D: firstIndex2 0 2
[   146.40 ] D: firstIndex3
[   146.40 ] D: mouseMove2
[   146.43 ] D: newTopPixel 158 178 20
[   146.43 ] D: findTrackIndexByPoint 0 QRect(0,-186 1957x111) false QPointF(180,158)
[   146.43 ] D: findTrackIndexByPoint 1 QRect(0,-75 1957x111) false QPointF(180,158)
[   146.43 ] D: findTrackIndexByPoint 2 QRect(0,36 1957x111) false QPointF(180,158)
[   146.43 ] D: findTrackIndexByPoint 3 QRect(0,147 1957x111) true QPointF(180,158)
[   146.43 ] D: _boundingRect.bottom() 384 178 186 -8
[   146.43 ] D: firstIndex 3 0 1 10
[   146.43 ] D: firstIndex2
[   146.43 ] D: firstIndex2 0 2
[   146.43 ] D: firstIndex3
[   146.43 ] D: mouseMove2
[   146.43 ] D: newTopPixel 164 184 20
[   146.43 ] D: findTrackIndexByPoint 0 QRect(0,-186 1957x111) false QPointF(162,164)
[   146.43 ] D: findTrackIndexByPoint 1 QRect(0,-75 1957x111) false QPointF(162,164)
[   146.43 ] D: findTrackIndexByPoint 2 QRect(0,36 1957x111) false QPointF(162,164)
[   146.43 ] D: findTrackIndexByPoint 3 QRect(0,147 1957x111) true QPointF(162,164)
[   146.43 ] D: _boundingRect.bottom() 384 184 186 -2
[   146.43 ] D: firstIndex 3 0 1 10
[   146.43 ] D: firstIndex2
[   146.43 ] D: firstIndex2 0 2
[   146.43 ] D: firstIndex3
[   146.43 ] D: mouseMove2
[   146.43 ] D: newTopPixel 164 184 20
[   146.43 ] D: findTrackIndexByPoint 0 QRect(0,-186 1957x111) false QPointF(162,164)
[   146.43 ] D: findTrackIndexByPoint 1 QRect(0,-75 1957x111) false QPointF(162,164)
[   146.43 ] D: findTrackIndexByPoint 2 QRect(0,36 1957x111) false QPointF(162,164)
[   146.43 ] D: findTrackIndexByPoint 3 QRect(0,147 1957x111) true QPointF(162,164)
[   146.43 ] D: _boundingRect.bottom() 384 184 186 -2
[   146.43 ] D: firstIndex 3 0 1 10
[   146.43 ] D: firstIndex2
[   146.43 ] D: firstIndex2 0 2
[   146.43 ] D: firstIndex3
[   146.43 ] D: mouseMove2
[   146.46 ] D: newTopPixel 165 185 20
[   146.46 ] D: findTrackIndexByPoint 0 QRect(0,-186 1957x111) false QPointF(162,165)
[   146.46 ] D: findTrackIndexByPoint 1 QRect(0,-75 1957x111) false QPointF(162,165)
[   146.46 ] D: findTrackIndexByPoint 2 QRect(0,36 1957x111) false QPointF(162,165)
[   146.46 ] D: findTrackIndexByPoint 3 QRect(0,147 1957x111) true QPointF(162,165)
[   146.46 ] D: _boundingRect.bottom() 384 185 186 -1
[   146.46 ] D: firstIndex 3 0 1 10
[   146.46 ] D: firstIndex2
[   146.46 ] D: firstIndex2 0 2
[   146.46 ] D: firstIndex3
[   146.46 ] D: mouseMove2
[   146.46 ] D: newTopPixel 171 191 20
[   146.46 ] D: findTrackIndexByPoint 0 QRect(0,-186 1957x111) false QPointF(144,171)
[   146.46 ] D: findTrackIndexByPoint 1 QRect(0,-75 1957x111) false QPointF(144,171)
[   146.46 ] D: findTrackIndexByPoint 2 QRect(0,36 1957x111) false QPointF(144,171)
[   146.46 ] D: findTrackIndexByPoint 3 QRect(0,147 1957x111) true QPointF(144,171)
[   146.46 ] D: _boundingRect.bottom() 384 191 186 5
[   146.46 ] D: firstIndex 3 0 1 10
[   146.46 ] D: firstIndex2
[   146.46 ] D: firstIndex2 0 2
[   146.46 ] D: firstIndex3
[   146.46 ] D: mouseMove2
[   146.46 ] D: newTopPixel 171 191 20
[   146.46 ] D: findTrackIndexByPoint 0 QRect(0,-186 1957x111) false QPointF(144,171)
[   146.47 ] D: findTrackIndexByPoint 1 QRect(0,-75 1957x111) false QPointF(144,171)
[   146.47 ] D: findTrackIndexByPoint 2 QRect(0,36 1957x111) false QPointF(144,171)
[   146.47 ] D: findTrackIndexByPoint 3 QRect(0,147 1957x111) true QPointF(144,171)
[   146.47 ] D: _boundingRect.bottom() 384 191 186 5
[   146.47 ] D: firstIndex 3 0 1 10
[   146.47 ] D: firstIndex2
[   146.47 ] D: firstIndex2 0 2
[   146.47 ] D: firstIndex3
[   146.47 ] D: mouseMove2
[   146.49 ] D: newTopPixel 171 191 20
[   146.49 ] D: findTrackIndexByPoint 0 QRect(0,-186 1957x111) false QPointF(144,171)
[   146.49 ] D: findTrackIndexByPoint 1 QRect(0,-75 1957x111) false QPointF(144,171)
[   146.49 ] D: findTrackIndexByPoint 2 QRect(0,36 1957x111) false QPointF(144,171)
[   146.49 ] D: findTrackIndexByPoint 3 QRect(0,147 1957x111) true QPointF(144,171)
[   146.49 ] D: _boundingRect.bottom() 384 191 186 5
[   146.49 ] D: firstIndex 3 0 1 10
[   146.49 ] D: firstIndex2
[   146.49 ] D: firstIndex2 0 2
[   146.49 ] D: firstIndex3
[   146.49 ] D: mouseMove2
[   146.50 ] D: newTopPixel 171 191 20
[   146.50 ] D: findTrackIndexByPoint 0 QRect(0,-186 1957x111) false QPointF(144,171)
[   146.50 ] D: findTrackIndexByPoint 1 QRect(0,-75 1957x111) false QPointF(144,171)
[   146.50 ] D: findTrackIndexByPoint 2 QRect(0,36 1957x111) false QPointF(144,171)
[   146.50 ] D: findTrackIndexByPoint 3 QRect(0,147 1957x111) true QPointF(144,171)
[   146.50 ] D: _boundingRect.bottom() 384 191 186 5
[   146.50 ] D: firstIndex 3 0 1 10
[   146.50 ] D: firstIndex2
[   146.50 ] D: firstIndex2 0 2
[   146.50 ] D: firstIndex3
[   146.50 ] D: mouseMove2
[   146.50 ] D: newTopPixel 171 191 20
[   146.50 ] D: findTrackIndexByPoint 0 QRect(0,-186 1957x111) false QPointF(144,171)
[   146.50 ] D: findTrackIndexByPoint 1 QRect(0,-75 1957x111) false QPointF(144,171)
[   146.50 ] D: findTrackIndexByPoint 2 QRect(0,36 1957x111) false QPointF(144,171)
[   146.50 ] D: findTrackIndexByPoint 3 QRect(0,147 1957x111) true QPointF(144,171)
[   146.50 ] D: _boundingRect.bottom() 384 191 186 5
[   146.50 ] D: firstIndex 3 0 1 10
[   146.50 ] D: firstIndex2
[   146.50 ] D: firstIndex2 0 2
[   146.50 ] D: firstIndex3
[   146.50 ] D: mouseMove2
[   146.50 ] D: newTopPixel 177 197 20
[   146.50 ] D: findTrackIndexByPoint 0 QRect(0,-186 1957x111) false QPointF(126,177)
[   146.50 ] D: findTrackIndexByPoint 1 QRect(0,-75 1957x111) false QPointF(126,177)
[   146.50 ] D: findTrackIndexByPoint 2 QRect(0,36 1957x111) false QPointF(126,177)
[   146.50 ] D: findTrackIndexByPoint 3 QRect(0,147 1957x111) true QPointF(126,177)
[   146.50 ] D: _boundingRect.bottom() 384 197 186 11
[   146.50 ] D: firstIndex 3 0 1 10
[   146.50 ] D: firstIndex2
[   146.50 ] D: firstIndex2 0 2
[   146.50 ] D: firstIndex3
[   146.50 ] D: mouseMove2
[   146.50 ] D: newTopPixel 177 197 20
[   146.50 ] D: findTrackIndexByPoint 0 QRect(0,-186 1957x111) false QPointF(126,177)
[   146.50 ] D: findTrackIndexByPoint 1 QRect(0,-75 1957x111) false QPointF(126,177)
[   146.50 ] D: findTrackIndexByPoint 2 QRect(0,36 1957x111) false QPointF(126,177)
[   146.50 ] D: findTrackIndexByPoint 3 QRect(0,147 1957x111) true QPointF(126,177)
[   146.50 ] D: _boundingRect.bottom() 384 197 186 11
[   146.50 ] D: firstIndex 3 0 1 10
[   146.50 ] D: firstIndex2
[   146.50 ] D: firstIndex2 0 2
[   146.50 ] D: firstIndex3
[   146.50 ] D: mouseMove2
[   146.52 ] D: newTopPixel 177 197 20
[   146.52 ] D: findTrackIndexByPoint 0 QRect(0,-186 1957x111) false QPointF(126,177)
[   146.52 ] D: findTrackIndexByPoint 1 QRect(0,-75 1957x111) false QPointF(126,177)
[   146.52 ] D: findTrackIndexByPoint 2 QRect(0,36 1957x111) false QPointF(126,177)
[   146.52 ] D: findTrackIndexByPoint 3 QRect(0,147 1957x111) true QPointF(126,177)
[   146.52 ] D: _boundingRect.bottom() 384 197 186 11
[   146.52 ] D: firstIndex 3 0 1 10
[   146.52 ] D: firstIndex2
[   146.52 ] D: firstIndex2 0 2
[   146.52 ] D: firstIndex3
[   146.52 ] D: mouseMove2
[   146.52 ] D: newTopPixel 177 197 20
[   146.52 ] D: findTrackIndexByPoint 0 QRect(0,-186 1957x111) false QPointF(126,177)
[   146.52 ] D: findTrackIndexByPoint 1 QRect(0,-75 1957x111) false QPointF(126,177)
[   146.52 ] D: findTrackIndexByPoint 2 QRect(0,36 1957x111) false QPointF(126,177)
[   146.52 ] D: findTrackIndexByPoint 3 QRect(0,147 1957x111) true QPointF(126,177)
[   146.52 ] D: _boundingRect.bottom() 384 197 186 11
[   146.52 ] D: firstIndex 3 0 1 10
[   146.52 ] D: firstIndex2
[   146.52 ] D: firstIndex2 0 2
[   146.53 ] D: firstIndex3
[   146.53 ] D: mouseMove2
[   146.53 ] D: newTopPixel 178 198 20
[   146.53 ] D: findTrackIndexByPoint 0 QRect(0,-186 1957x111) false QPointF(126,178)
[   146.53 ] D: findTrackIndexByPoint 1 QRect(0,-75 1957x111) false QPointF(126,178)
[   146.53 ] D: findTrackIndexByPoint 2 QRect(0,36 1957x111) false QPointF(126,178)
[   146.53 ] D: findTrackIndexByPoint 3 QRect(0,147 1957x111) true QPointF(126,178)
[   146.53 ] D: _boundingRect.bottom() 384 198 186 12
[   146.53 ] D: firstIndex 3 0 1 10
[   146.53 ] D: firstIndex2
[   146.53 ] D: firstIndex2 0 2
[   146.53 ] D: firstIndex3
[   146.53 ] D: mouseMove2
[   146.56 ] D: newTopPixel 184 204 20
[   146.56 ] D: findTrackIndexByPoint 0 QRect(0,-186 1957x111) false QPointF(108,184)
[   146.56 ] D: findTrackIndexByPoint 1 QRect(0,-75 1957x111) false QPointF(108,184)
[   146.56 ] D: findTrackIndexByPoint 2 QRect(0,36 1957x111) false QPointF(108,184)
[   146.56 ] D: findTrackIndexByPoint 3 QRect(0,147 1957x111) true QPointF(108,184)
[   146.56 ] D: _boundingRect.bottom() 384 204 186 18
[   146.56 ] D: firstIndex 3 0 1 10
[   146.56 ] D: firstIndex2
[   146.56 ] D: firstIndex2 0 2
[   146.56 ] D: firstIndex3
[   146.56 ] D: mouseMove2
[   146.56 ] D: newTopPixel 185 205 20
[   146.56 ] D: findTrackIndexByPoint 0 QRect(0,-186 1957x111) false QPointF(108,185)
[   146.56 ] D: findTrackIndexByPoint 1 QRect(0,-75 1957x111) false QPointF(108,185)
[   146.56 ] D: findTrackIndexByPoint 2 QRect(0,36 1957x111) false QPointF(108,185)
[   146.56 ] D: findTrackIndexByPoint 3 QRect(0,147 1957x111) true QPointF(108,185)
[   146.56 ] D: _boundingRect.bottom() 384 205 186 19
[   146.56 ] D: firstIndex 3 0 1 10
[   146.56 ] D: firstIndex2
[   146.56 ] D: firstIndex2 0 2
[   146.56 ] D: firstIndex3
[   146.56 ] D: mouseMove2
[   146.56 ] D: newTopPixel 193 213 20
[   146.56 ] D: findTrackIndexByPoint 0 QRect(0,-186 1957x111) false QPointF(108,193)
[   146.56 ] D: findTrackIndexByPoint 1 QRect(0,-75 1957x111) false QPointF(108,193)
[   146.56 ] D: findTrackIndexByPoint 2 QRect(0,36 1957x111) false QPointF(108,193)
[   146.56 ] D: findTrackIndexByPoint 3 QRect(0,147 1957x111) true QPointF(108,193)
[   146.56 ] D: _boundingRect.bottom() 384 213 186 27
[   146.56 ] D: firstIndex 3 0 1 10
[   146.56 ] D: firstIndex2
[   146.56 ] D: firstIndex2 0 2
[   146.56 ] D: firstIndex3
[   146.56 ] D: mouseMove2
[   146.56 ] D: newTopPixel 193 213 20
[   146.56 ] D: findTrackIndexByPoint 0 QRect(0,-186 1957x111) false QPointF(108,193)
[   146.56 ] D: findTrackIndexByPoint 1 QRect(0,-75 1957x111) false QPointF(108,193)
[   146.56 ] D: findTrackIndexByPoint 2 QRect(0,36 1957x111) false QPointF(108,193)
[   146.56 ] D: findTrackIndexByPoint 3 QRect(0,147 1957x111) true QPointF(108,193)
[   146.56 ] D: _boundingRect.bottom() 384 213 186 27
[   146.56 ] D: firstIndex 3 0 1 10
[   146.56 ] D: firstIndex2
[   146.56 ] D: firstIndex2 0 2
[   146.56 ] D: firstIndex3
[   146.56 ] D: mouseMove2
[   146.59 ] D: newTopPixel 194 214 20
[   146.59 ] D: findTrackIndexByPoint 0 QRect(0,-186 1957x111) false QPointF(108,194)
[   146.59 ] D: findTrackIndexByPoint 1 QRect(0,-75 1957x111) false QPointF(108,194)
[   146.59 ] D: findTrackIndexByPoint 2 QRect(0,36 1957x111) false QPointF(108,194)
[   146.59 ] D: findTrackIndexByPoint 3 QRect(0,147 1957x111) true QPointF(108,194)
[   146.59 ] D: _boundingRect.bottom() 384 214 186 28
[   146.59 ] D: firstIndex 3 0 1 10
[   146.59 ] D: firstIndex2
[   146.59 ] D: firstIndex2 0 2
[   146.59 ] D: firstIndex3
[   146.59 ] D: mouseMove2
[   146.59 ] D: newTopPixel 194 214 20
[   146.59 ] D: findTrackIndexByPoint 0 QRect(0,-186 1957x111) false QPointF(108,194)
[   146.59 ] D: findTrackIndexByPoint 1 QRect(0,-75 1957x111) false QPointF(108,194)
[   146.59 ] D: findTrackIndexByPoint 2 QRect(0,36 1957x111) false QPointF(108,194)
[   146.59 ] D: findTrackIndexByPoint 3 QRect(0,147 1957x111) true QPointF(108,194)
[   146.59 ] D: _boundingRect.bottom() 384 214 186 28
[   146.59 ] D: firstIndex 3 0 1 10
[   146.59 ] D: firstIndex2
[   146.59 ] D: firstIndex2 0 2
[   146.59 ] D: firstIndex3
[   146.59 ] D: mouseMove2
[   146.59 ] D: newTopPixel 200 220 20
[   146.59 ] D: findTrackIndexByPoint 0 QRect(0,-186 1957x111) false QPointF(90,200)
[   146.59 ] D: findTrackIndexByPoint 1 QRect(0,-75 1957x111) false QPointF(90,200)
[   146.59 ] D: findTrackIndexByPoint 2 QRect(0,36 1957x111) false QPointF(90,200)
[   146.59 ] D: findTrackIndexByPoint 3 QRect(0,147 1957x111) true QPointF(90,200)
[   146.59 ] D: _boundingRect.bottom() 384 220 186 34
[   146.59 ] D: firstIndex 3 0 1 10
[   146.59 ] D: firstIndex2
[   146.59 ] D: firstIndex2 0 2
[   146.59 ] D: firstIndex3
[   146.59 ] D: mouseMove2
[   146.59 ] D: newTopPixel 201 221 20
[   146.59 ] D: findTrackIndexByPoint 0 QRect(0,-186 1957x111) false QPointF(90,201)
[   146.59 ] D: findTrackIndexByPoint 1 QRect(0,-75 1957x111) false QPointF(90,201)
[   146.59 ] D: findTrackIndexByPoint 2 QRect(0,36 1957x111) false QPointF(90,201)
[   146.59 ] D: findTrackIndexByPoint 3 QRect(0,147 1957x111) true QPointF(90,201)
[   146.59 ] D: _boundingRect.bottom() 384 221 186 35
[   146.59 ] D: firstIndex 3 0 1 10
[   146.59 ] D: firstIndex2
[   146.59 ] D: firstIndex2 0 2
[   146.59 ] D: firstIndex3
[   146.59 ] D: mouseMove2
[   146.63 ] D: newTopPixel 201 221 20
[   146.63 ] D: findTrackIndexByPoint 0 QRect(0,-186 1957x111) false QPointF(90,201)
[   146.63 ] D: findTrackIndexByPoint 1 QRect(0,-75 1957x111) false QPointF(90,201)
[   146.63 ] D: findTrackIndexByPoint 2 QRect(0,36 1957x111) false QPointF(90,201)
[   146.63 ] D: findTrackIndexByPoint 3 QRect(0,147 1957x111) true QPointF(90,201)
[   146.63 ] D: _boundingRect.bottom() 384 221 186 35
[   146.63 ] D: firstIndex 3 0 1 10
[   146.63 ] D: firstIndex2
[   146.63 ] D: firstIndex2 0 2
[   146.63 ] D: firstIndex3
[   146.63 ] D: mouseMove2
[   146.63 ] D: newTopPixel 211 231 20
[   146.63 ] D: findTrackIndexByPoint 0 QRect(0,-186 1957x111) false QPointF(90,211)
[   146.63 ] D: findTrackIndexByPoint 1 QRect(0,-75 1957x111) false QPointF(90,211)
[   146.63 ] D: findTrackIndexByPoint 2 QRect(0,36 1957x111) false QPointF(90,211)
[   146.63 ] D: findTrackIndexByPoint 3 QRect(0,147 1957x111) true QPointF(90,211)
[   146.63 ] D: _boundingRect.bottom() 384 231 186 45
[   146.63 ] D: firstIndex 3 0 1 10
[   146.63 ] D: firstIndex2
[   146.63 ] D: firstIndex2 0 2
[   146.63 ] D: firstIndex3
[   146.63 ] D: mouseMove2
[   146.63 ] D: newTopPixel 211 231 20
[   146.63 ] D: findTrackIndexByPoint 0 QRect(0,-186 1957x111) false QPointF(90,211)
[   146.63 ] D: findTrackIndexByPoint 1 QRect(0,-75 1957x111) false QPointF(90,211)
[   146.63 ] D: findTrackIndexByPoint 2 QRect(0,36 1957x111) false QPointF(90,211)
[   146.63 ] D: findTrackIndexByPoint 3 QRect(0,147 1957x111) true QPointF(90,211)
[   146.63 ] D: _boundingRect.bottom() 384 231 186 45
[   146.63 ] D: firstIndex 3 0 1 10
[   146.63 ] D: firstIndex2
[   146.63 ] D: firstIndex2 0 2
[   146.63 ] D: firstIndex3
[   146.63 ] D: mouseMove2
[   146.66 ] D: newTopPixel 212 232 20
[   146.66 ] D: findTrackIndexByPoint 0 QRect(0,-186 1957x111) false QPointF(90,212)
[   146.66 ] D: findTrackIndexByPoint 1 QRect(0,-75 1957x111) false QPointF(90,212)
[   146.66 ] D: findTrackIndexByPoint 2 QRect(0,36 1957x111) false QPointF(90,212)
[   146.66 ] D: findTrackIndexByPoint 3 QRect(0,147 1957x111) true QPointF(90,212)
[   146.66 ] D: _boundingRect.bottom() 384 232 186 46
[   146.66 ] D: firstIndex 3 0 1 10
[   146.66 ] D: firstIndex2
[   146.66 ] D: firstIndex2 0 2
[   146.66 ] D: firstIndex3
[   146.66 ] D: mouseMove2
[   146.66 ] D: newTopPixel 218 238 20
[   146.66 ] D: findTrackIndexByPoint 0 QRect(0,-186 1957x111) false QPointF(72,218)
[   146.66 ] D: findTrackIndexByPoint 1 QRect(0,-75 1957x111) false QPointF(72,218)
[   146.66 ] D: findTrackIndexByPoint 2 QRect(0,36 1957x111) false QPointF(72,218)
[   146.66 ] D: findTrackIndexByPoint 3 QRect(0,147 1957x111) true QPointF(72,218)
[   146.66 ] D: _boundingRect.bottom() 384 238 186 52
[   146.66 ] D: firstIndex 3 0 1 10
[   146.66 ] D: firstIndex2
[   146.66 ] D: firstIndex2 0 2
[   146.66 ] D: firstIndex3
[   146.66 ] D: mouseMove2
[   146.67 ] D: newTopPixel 218 238 20
[   146.67 ] D: findTrackIndexByPoint 0 QRect(0,-186 1957x111) false QPointF(72,218)
[   146.67 ] D: findTrackIndexByPoint 1 QRect(0,-75 1957x111) false QPointF(72,218)
[   146.67 ] D: findTrackIndexByPoint 2 QRect(0,36 1957x111) false QPointF(72,218)
[   146.67 ] D: findTrackIndexByPoint 3 QRect(0,147 1957x111) true QPointF(72,218)
[   146.67 ] D: _boundingRect.bottom() 384 238 186 52
[   146.67 ] D: firstIndex 3 0 1 10
[   146.67 ] D: firstIndex2
[   146.67 ] D: firstIndex2 0 2
[   146.67 ] D: firstIndex3
[   146.67 ] D: mouseMove2
[   146.70 ] D: newTopPixel 223 243 20
[   146.70 ] D: findTrackIndexByPoint 0 QRect(0,-186 1957x111) false QPointF(72,223)
[   146.70 ] D: findTrackIndexByPoint 1 QRect(0,-75 1957x111) false QPointF(72,223)
[   146.70 ] D: findTrackIndexByPoint 2 QRect(0,36 1957x111) false QPointF(72,223)
[   146.70 ] D: findTrackIndexByPoint 3 QRect(0,147 1957x111) true QPointF(72,223)
[   146.70 ] D: _boundingRect.bottom() 384 243 186 57
[   146.70 ] D: firstIndex 3 0 1 10
[   146.70 ] D: firstIndex2
[   146.70 ] D: firstIndex2 0 2
[   146.70 ] D: firstIndex3
[   146.70 ] D: mouseMove2
[   146.70 ] D: newTopPixel 224 244 20
[   146.70 ] D: findTrackIndexByPoint 0 QRect(0,-186 1957x111) false QPointF(72,224)
[   146.70 ] D: findTrackIndexByPoint 1 QRect(0,-75 1957x111) false QPointF(72,224)
[   146.70 ] D: findTrackIndexByPoint 2 QRect(0,36 1957x111) false QPointF(72,224)
[   146.70 ] D: findTrackIndexByPoint 3 QRect(0,147 1957x111) true QPointF(72,224)
[   146.70 ] D: _boundingRect.bottom() 384 244 186 58
[   146.70 ] D: firstIndex 3 0 1 10
[   146.70 ] D: firstIndex2
[   146.70 ] D: firstIndex2 0 2
[   146.70 ] D: firstIndex3
[   146.70 ] D: mouseMove2
[   146.73 ] D: newTopPixel 225 245 20
[   146.73 ] D: findTrackIndexByPoint 0 QRect(0,-186 1957x111) false QPointF(72,225)
[   146.73 ] D: findTrackIndexByPoint 1 QRect(0,-75 1957x111) false QPointF(72,225)
[   146.73 ] D: findTrackIndexByPoint 2 QRect(0,36 1957x111) false QPointF(72,225)
[   146.73 ] D: findTrackIndexByPoint 3 QRect(0,147 1957x111) true QPointF(72,225)
[   146.73 ] D: _boundingRect.bottom() 384 245 186 59
[   146.73 ] D: firstIndex 3 0 1 10
[   146.73 ] D: firstIndex2
[   146.73 ] D: firstIndex2 0 2
[   146.73 ] D: firstIndex3
[   146.73 ] D: mouseMove2
[   146.73 ] D: newTopPixel 228 248 20
[   146.73 ] D: findTrackIndexByPoint 0 QRect(0,-186 1957x111) false QPointF(72,228)
[   146.73 ] D: findTrackIndexByPoint 1 QRect(0,-75 1957x111) false QPointF(72,228)
[   146.73 ] D: findTrackIndexByPoint 2 QRect(0,36 1957x111) false QPointF(72,228)
[   146.73 ] D: findTrackIndexByPoint 3 QRect(0,147 1957x111) true QPointF(72,228)
[   146.73 ] D: _boundingRect.bottom() 384 248 186 62
[   146.73 ] D: firstIndex 3 0 1 10
[   146.73 ] D: firstIndex2
[   146.73 ] D: firstIndex2 0 2
[   146.73 ] D: firstIndex3
[   146.73 ] D: mouseMove2
[   146.76 ] D: newTopPixel 234 254 20
[   146.76 ] D: findTrackIndexByPoint 0 QRect(0,-186 1957x111) false QPointF(72,234)
[   146.76 ] D: findTrackIndexByPoint 1 QRect(0,-75 1957x111) false QPointF(72,234)
[   146.76 ] D: findTrackIndexByPoint 2 QRect(0,36 1957x111) false QPointF(72,234)
[   146.76 ] D: findTrackIndexByPoint 3 QRect(0,147 1957x111) true QPointF(72,234)
[   146.76 ] D: _boundingRect.bottom() 384 254 186 68
[   146.76 ] D: firstIndex 3 0 1 10
[   146.76 ] D: firstIndex2
[   146.76 ] D: firstIndex2 0 2
[   146.76 ] D: firstIndex3
[   146.76 ] D: mouseMove2
[   146.76 ] D: newTopPixel 235 255 20
[   146.76 ] D: findTrackIndexByPoint 0 QRect(0,-186 1957x111) false QPointF(72,235)
[   146.76 ] D: findTrackIndexByPoint 1 QRect(0,-75 1957x111) false QPointF(72,235)
[   146.76 ] D: findTrackIndexByPoint 2 QRect(0,36 1957x111) false QPointF(72,235)
[   146.76 ] D: findTrackIndexByPoint 3 QRect(0,147 1957x111) true QPointF(72,235)
[   146.76 ] D: _boundingRect.bottom() 384 255 186 69
[   146.76 ] D: firstIndex 3 0 1 10
[   146.76 ] D: firstIndex2
[   146.76 ] D: firstIndex2 0 2
[   146.76 ] D: firstIndex3
[   146.76 ] D: mouseMove2
[   146.76 ] D: newTopPixel 235 255 20
[   146.76 ] D: findTrackIndexByPoint 0 QRect(0,-186 1957x111) false QPointF(72,235)
[   146.76 ] D: findTrackIndexByPoint 1 QRect(0,-75 1957x111) false QPointF(72,235)
[   146.76 ] D: findTrackIndexByPoint 2 QRect(0,36 1957x111) false QPointF(72,235)
[   146.76 ] D: findTrackIndexByPoint 3 QRect(0,147 1957x111) true QPointF(72,235)
[   146.76 ] D: _boundingRect.bottom() 384 255 186 69
[   146.76 ] D: firstIndex 3 0 1 10
[   146.76 ] D: firstIndex2
[   146.76 ] D: firstIndex2 0 2
[   146.76 ] D: firstIndex3
[   146.76 ] D: mouseMove2
[   146.79 ] D: newTopPixel 236 256 20
[   146.79 ] D: findTrackIndexByPoint 0 QRect(0,-186 1957x111) false QPointF(72,236)
[   146.79 ] D: findTrackIndexByPoint 1 QRect(0,-75 1957x111) false QPointF(72,236)
[   146.79 ] D: findTrackIndexByPoint 2 QRect(0,36 1957x111) false QPointF(72,236)
[   146.79 ] D: findTrackIndexByPoint 3 QRect(0,147 1957x111) true QPointF(72,236)
[   146.79 ] D: _boundingRect.bottom() 384 256 186 70
[   146.79 ] D: firstIndex 3 0 1 10
[   146.79 ] D: firstIndex2
[   146.79 ] D: firstIndex2 0 2
[   146.79 ] D: firstIndex3
[   146.79 ] D: mouseMove2
[   146.79 ] D: newTopPixel 242 262 20
[   146.79 ] D: findTrackIndexByPoint 0 QRect(0,-186 1957x111) false QPointF(72,242)
[   146.79 ] D: findTrackIndexByPoint 1 QRect(0,-75 1957x111) false QPointF(72,242)
[   146.79 ] D: findTrackIndexByPoint 2 QRect(0,36 1957x111) false QPointF(72,242)
[   146.79 ] D: findTrackIndexByPoint 3 QRect(0,147 1957x111) true QPointF(72,242)
[   146.79 ] D: _boundingRect.bottom() 384 262 186 76
[   146.79 ] D: firstIndex 3 0 1 10
[   146.79 ] D: firstIndex2
[   146.79 ] D: firstIndex2 0 2
[   146.79 ] D: firstIndex3
[   146.79 ] D: mouseMove2
[   146.79 ] D: newTopPixel 243 263 20
[   146.79 ] D: findTrackIndexByPoint 0 QRect(0,-186 1957x111) false QPointF(72,243)
[   146.79 ] D: findTrackIndexByPoint 1 QRect(0,-75 1957x111) false QPointF(72,243)
[   146.79 ] D: findTrackIndexByPoint 2 QRect(0,36 1957x111) false QPointF(72,243)
[   146.79 ] D: findTrackIndexByPoint 3 QRect(0,147 1957x111) true QPointF(72,243)
[   146.79 ] D: _boundingRect.bottom() 384 263 186 77
[   146.79 ] D: firstIndex 3 0 1 10
[   146.79 ] D: firstIndex2
[   146.79 ] D: firstIndex2 0 2
[   146.79 ] D: firstIndex3
[   146.79 ] D: mouseMove2
[   146.86 ] D: newTopPixel 252 272 20
[   146.86 ] D: findTrackIndexByPoint 0 QRect(0,-186 1957x111) false QPointF(72,252)
[   146.86 ] D: findTrackIndexByPoint 1 QRect(0,-75 1957x111) false QPointF(72,252)
[   146.86 ] D: findTrackIndexByPoint 2 QRect(0,36 1957x111) false QPointF(72,252)
[   146.86 ] D: findTrackIndexByPoint 3 QRect(0,147 1957x111) true QPointF(72,252)
[   146.86 ] D: _boundingRect.bottom() 384 272 186 86
[   146.86 ] D: firstIndex 3 0 1 10
[   146.86 ] D: firstIndex2
[   146.86 ] D: firstIndex2 0 2
[   146.86 ] D: firstIndex3
[   146.86 ] D: mouseMove2
[   146.86 ] D: newTopPixel 253 273 20
[   146.86 ] D: findTrackIndexByPoint 0 QRect(0,-186 1957x111) false QPointF(72,253)
[   146.86 ] D: findTrackIndexByPoint 1 QRect(0,-75 1957x111) false QPointF(72,253)
[   146.86 ] D: findTrackIndexByPoint 2 QRect(0,36 1957x111) false QPointF(72,253)
[   146.86 ] D: findTrackIndexByPoint 3 QRect(0,147 1957x111) true QPointF(72,253)
[   146.86 ] D: _boundingRect.bottom() 384 273 186 87
[   146.86 ] D: firstIndex 3 0 1 10
[   146.86 ] D: firstIndex2
[   146.86 ] D: firstIndex2 0 2
[   146.86 ] D: firstIndex3
[   146.86 ] D: mouseMove2
[   146.86 ] D: newTopPixel 254 274 20
[   146.86 ] D: findTrackIndexByPoint 0 QRect(0,-186 1957x111) false QPointF(72,254)
[   146.86 ] D: findTrackIndexByPoint 1 QRect(0,-75 1957x111) false QPointF(72,254)
[   146.86 ] D: findTrackIndexByPoint 2 QRect(0,36 1957x111) false QPointF(72,254)
[   146.86 ] D: findTrackIndexByPoint 3 QRect(0,147 1957x111) true QPointF(72,254)
[   146.86 ] D: _boundingRect.bottom() 384 274 186 88
[   146.86 ] D: tmp.first 3
[   146.86 ] D: firstIndex 3 0 1 10
[   146.86 ] D: firstIndex2
[   146.86 ] D: firstIndex2 0 2
[   146.86 ] D: firstIndex3
[   146.86 ] D: mouseMove2
[   146.86 ] D: newTopPixel 254 274 20
[   146.86 ] D: findTrackIndexByPoint 0 QRect(0,-186 1957x111) false QPointF(72,254)
[   146.86 ] D: findTrackIndexByPoint 1 QRect(0,-75 1957x111) false QPointF(72,254)
[   146.86 ] D: findTrackIndexByPoint 2 QRect(0,36 1957x111) false QPointF(72,254)
[   146.86 ] D: findTrackIndexByPoint 3 QRect(0,147 1957x111) true QPointF(72,254)
[   146.86 ] D: _boundingRect.bottom() 384 274 186 88
[   146.86 ] D: tmp.first 3
[   146.86 ] D: firstIndex 3 0 1 10
[   146.86 ] D: firstIndex2
[   146.86 ] D: firstIndex2 0 2
[   146.86 ] D: firstIndex3
[   146.86 ] D: mouseMove2
[   146.86 ] D: newTopPixel 267 287 20
[   146.86 ] D: findTrackIndexByPoint 0 QRect(0,-186 1957x111) false QPointF(72,267)
[   146.87 ] D: findTrackIndexByPoint 1 QRect(0,-75 1957x111) false QPointF(72,267)
[   146.87 ] D: findTrackIndexByPoint 2 QRect(0,36 1957x111) false QPointF(72,267)
[   146.87 ] D: findTrackIndexByPoint 3 QRect(0,147 1957x111) false QPointF(72,267)
[   146.87 ] D: findTrackIndexByPoint 4 QRect(0,258 1957x111) true QPointF(72,267)
[   146.87 ] D: _boundingRect.bottom() 384 287 196 91
[   146.87 ] D: tmp.first 4
[   146.87 ] D: firstIndex 4 0 1 10
[   146.87 ] D: firstIndex2
[   146.87 ] D: firstIndex2 0 2
[   146.87 ] D: firstIndex3
[   146.87 ] D: mouseMove2
[   146.87 ] D: newTopPixel 268 288 20
[   146.87 ] D: findTrackIndexByPoint 0 QRect(0,-186 1957x111) false QPointF(54,268)
[   146.87 ] D: findTrackIndexByPoint 1 QRect(0,-75 1957x111) false QPointF(54,268)
[   146.87 ] D: findTrackIndexByPoint 2 QRect(0,36 1957x111) false QPointF(54,268)
[   146.87 ] D: findTrackIndexByPoint 3 QRect(0,147 1957x111) false QPointF(54,268)
[   146.87 ] D: findTrackIndexByPoint 4 QRect(0,258 1957x111) true QPointF(54,268)
[   146.87 ] D: _boundingRect.bottom() 384 288 196 92
[   146.87 ] D: tmp.first 4
[   146.87 ] D: firstIndex 4 0 1 10
[   146.87 ] D: firstIndex2
[   146.87 ] D: firstIndex2 0 2
[   146.87 ] D: firstIndex3
[   146.87 ] D: mouseMove2
[   146.88 ] D: sltStartContentYChanged1
[   146.88 ] D: sltStartContentYChanged2
[   146.88 ] D: sltStartContentYChanged3
[   146.88 ] D: _tracksModel->getItem(i)->rect()1 0 QRect(0,-196 1957x111)
[   146.88 ] D: _tracksModel->getItem(i)->rect()1 1 QRect(0,-85 1957x111)
[   146.88 ] D: _tracksModel->getItem(i)->rect()1 2 QRect(0,26 1957x111)
[   146.88 ] D: _tracksModel->getItem(i)->rect()1 3 QRect(0,137 1957x111)
[   146.88 ] D: _tracksModel->getItem(i)->rect()1 4 QRect(0,248 1957x111)
[   146.88 ] D: _tracksModel->getItem(i)->rect()1 5 QRect(0,359 1957x111)
[   146.88 ] D: _tracksModel->getItem(i)->rect()1 6 QRect(0,470 1957x111)
[   146.88 ] D: _tracksModel->getItem(i)->rect()1 7 QRect(0,581 1957x111)
[   146.88 ] D: _tracksModel->getItem(i)->rect()1 8 QRect(0,692 1957x111)
[   146.88 ] D: _tracksModel->getItem(i)->rect()1 9 QRect(0,803 1957x111)
[   146.88 ] D: setTracksRect
[   146.88 ] D: setTracksRect
[   146.88 ] D: sltStartContentYChanged4
[   146.91 ] D: newTopPixel 270 290 20
[   146.91 ] D: findTrackIndexByPoint 0 QRect(0,-196 1957x111) false QPointF(54,270)
[   146.91 ] D: findTrackIndexByPoint 1 QRect(0,-85 1957x111) false QPointF(54,270)
[   146.91 ] D: findTrackIndexByPoint 2 QRect(0,26 1957x111) false QPointF(54,270)
[   146.91 ] D: findTrackIndexByPoint 3 QRect(0,137 1957x111) false QPointF(54,270)
[   146.91 ] D: findTrackIndexByPoint 4 QRect(0,248 1957x111) true QPointF(54,270)
[   146.91 ] D: _boundingRect.bottom() 384 290 206 84
[   146.91 ] D: tmp.first 4
[   146.91 ] D: firstIndex 4 0 1 10
[   146.91 ] D: firstIndex2
[   146.91 ] D: firstIndex2 0 2
[   146.91 ] D: firstIndex3
[   146.91 ] D: mouseMove2
[   146.91 ] D: newTopPixel 271 291 20
[   146.91 ] D: findTrackIndexByPoint 0 QRect(0,-196 1957x111) false QPointF(54,271)
[   146.91 ] D: findTrackIndexByPoint 1 QRect(0,-85 1957x111) false QPointF(54,271)
[   146.91 ] D: findTrackIndexByPoint 2 QRect(0,26 1957x111) false QPointF(54,271)
[   146.91 ] D: findTrackIndexByPoint 3 QRect(0,137 1957x111) false QPointF(54,271)
[   146.91 ] D: findTrackIndexByPoint 4 QRect(0,248 1957x111) true QPointF(54,271)
[   146.91 ] D: _boundingRect.bottom() 384 291 206 85
[   146.91 ] D: tmp.first 4
[   146.91 ] D: firstIndex 4 0 1 10
[   146.91 ] D: firstIndex2
[   146.91 ] D: firstIndex2 0 2
[   146.91 ] D: firstIndex3
[   146.91 ] D: mouseMove2
[   146.91 ] D: newTopPixel 272 292 20
[   146.91 ] D: findTrackIndexByPoint 0 QRect(0,-196 1957x111) false QPointF(54,272)
[   146.91 ] D: findTrackIndexByPoint 1 QRect(0,-85 1957x111) false QPointF(54,272)
[   146.91 ] D: findTrackIndexByPoint 2 QRect(0,26 1957x111) false QPointF(54,272)
[   146.91 ] D: findTrackIndexByPoint 3 QRect(0,137 1957x111) false QPointF(54,272)
[   146.91 ] D: findTrackIndexByPoint 4 QRect(0,248 1957x111) true QPointF(54,272)
[   146.91 ] D: _boundingRect.bottom() 384 292 206 86
[   146.91 ] D: tmp.first 4
[   146.91 ] D: firstIndex 4 0 1 10
[   146.91 ] D: firstIndex2
[   146.91 ] D: firstIndex2 0 2
[   146.91 ] D: firstIndex3
[   146.91 ] D: mouseMove2
[   146.91 ] D: sltStartContentYChanged1
[   146.91 ] D: sltStartContentYChanged2
[   146.91 ] D: sltStartContentYChanged3
[   146.91 ] D: _tracksModel->getItem(i)->rect()1 0 QRect(0,-206 1957x111)
[   146.91 ] D: _tracksModel->getItem(i)->rect()1 1 QRect(0,-95 1957x111)
[   146.91 ] D: _tracksModel->getItem(i)->rect()1 2 QRect(0,16 1957x111)
[   146.91 ] D: _tracksModel->getItem(i)->rect()1 3 QRect(0,127 1957x111)
[   146.91 ] D: _tracksModel->getItem(i)->rect()1 4 QRect(0,238 1957x111)
[   146.91 ] D: _tracksModel->getItem(i)->rect()1 5 QRect(0,349 1957x111)
[   146.91 ] D: _tracksModel->getItem(i)->rect()1 6 QRect(0,460 1957x111)
[   146.91 ] D: _tracksModel->getItem(i)->rect()1 7 QRect(0,571 1957x111)
[   146.91 ] D: _tracksModel->getItem(i)->rect()1 8 QRect(0,682 1957x111)
[   146.91 ] D: _tracksModel->getItem(i)->rect()1 9 QRect(0,793 1957x111)
[   146.91 ] D: setTracksRect
[   146.91 ] D: setTracksRect
[   146.91 ] D: sltStartContentYChanged4
[   146.91 ] D: newTopPixel 282 302 20
[   146.91 ] D: findTrackIndexByPoint 0 QRect(0,-206 1957x111) false QPointF(54,282)
[   146.91 ] D: findTrackIndexByPoint 1 QRect(0,-95 1957x111) false QPointF(54,282)
[   146.91 ] D: findTrackIndexByPoint 2 QRect(0,16 1957x111) false QPointF(54,282)
[   146.91 ] D: findTrackIndexByPoint 3 QRect(0,127 1957x111) false QPointF(54,282)
[   146.91 ] D: findTrackIndexByPoint 4 QRect(0,238 1957x111) true QPointF(54,282)
[   146.91 ] D: _boundingRect.bottom() 384 302 216 86
[   146.91 ] D: tmp.first 4
[   146.91 ] D: firstIndex 4 0 1 10
[   146.91 ] D: firstIndex2
[   146.91 ] D: firstIndex2 0 2
[   146.91 ] D: firstIndex3
[   146.91 ] D: mouseMove2
[   146.94 ] D: sltStartContentYChanged1
[   146.94 ] D: sltStartContentYChanged2
[   146.94 ] D: sltStartContentYChanged3
[   146.94 ] D: _tracksModel->getItem(i)->rect()1 0 QRect(0,-216 1957x111)
[   146.94 ] D: _tracksModel->getItem(i)->rect()1 1 QRect(0,-105 1957x111)
[   146.94 ] D: _tracksModel->getItem(i)->rect()1 2 QRect(0,6 1957x111)
[   146.94 ] D: _tracksModel->getItem(i)->rect()1 3 QRect(0,117 1957x111)
[   146.94 ] D: _tracksModel->getItem(i)->rect()1 4 QRect(0,228 1957x111)
[   146.94 ] D: _tracksModel->getItem(i)->rect()1 5 QRect(0,339 1957x111)
[   146.94 ] D: _tracksModel->getItem(i)->rect()1 6 QRect(0,450 1957x111)
[   146.94 ] D: _tracksModel->getItem(i)->rect()1 7 QRect(0,561 1957x111)
[   146.94 ] D: _tracksModel->getItem(i)->rect()1 8 QRect(0,672 1957x111)
[   146.94 ] D: _tracksModel->getItem(i)->rect()1 9 QRect(0,783 1957x111)
[   146.94 ] D: setTracksRect
[   146.94 ] D: setTracksRect
[   146.94 ] D: sltStartContentYChanged4
[   146.94 ] D: newTopPixel 284 304 20
[   146.94 ] D: findTrackIndexByPoint 0 QRect(0,-216 1957x111) false QPointF(54,284)
[   146.94 ] D: findTrackIndexByPoint 1 QRect(0,-105 1957x111) false QPointF(54,284)
[   146.94 ] D: findTrackIndexByPoint 2 QRect(0,6 1957x111) false QPointF(54,284)
[   146.94 ] D: findTrackIndexByPoint 3 QRect(0,117 1957x111) false QPointF(54,284)
[   146.94 ] D: findTrackIndexByPoint 4 QRect(0,228 1957x111) true QPointF(54,284)
[   146.94 ] D: _boundingRect.bottom() 384 304 226 78
[   146.94 ] D: tmp.first 4
[   146.94 ] D: firstIndex 4 0 1 10
[   146.94 ] D: firstIndex2
[   146.95 ] D: firstIndex2 0 2
[   146.95 ] D: firstIndex3
[   146.95 ] D: mouseMove2
[   146.95 ] D: sltStartContentYChanged1
[   146.95 ] D: sltStartContentYChanged2
[   146.95 ] D: sltStartContentYChanged3
[   146.95 ] D: _tracksModel->getItem(i)->rect()1 0 QRect(0,-226 1957x111)
[   146.95 ] D: _tracksModel->getItem(i)->rect()1 1 QRect(0,-115 1957x111)
[   146.95 ] D: _tracksModel->getItem(i)->rect()1 2 QRect(0,-4 1957x111)
[   146.95 ] D: _tracksModel->getItem(i)->rect()1 3 QRect(0,107 1957x111)
[   146.95 ] D: _tracksModel->getItem(i)->rect()1 4 QRect(0,218 1957x111)
[   146.95 ] D: _tracksModel->getItem(i)->rect()1 5 QRect(0,329 1957x111)
[   146.95 ] D: _tracksModel->getItem(i)->rect()1 6 QRect(0,440 1957x111)
[   146.95 ] D: _tracksModel->getItem(i)->rect()1 7 QRect(0,551 1957x111)
[   146.95 ] D: _tracksModel->getItem(i)->rect()1 8 QRect(0,662 1957x111)
[   146.95 ] D: _tracksModel->getItem(i)->rect()1 9 QRect(0,773 1957x111)
[   146.95 ] D: setTracksRect
[   146.95 ] D: setTracksRect
[   146.95 ] D: sltStartContentYChanged4
[   146.98 ] D: newTopPixel 292 312 20
[   146.98 ] D: findTrackIndexByPoint 0 QRect(0,-226 1957x111) false QPointF(54,292)
[   146.98 ] D: findTrackIndexByPoint 1 QRect(0,-115 1957x111) false QPointF(54,292)
[   146.98 ] D: findTrackIndexByPoint 2 QRect(0,-4 1957x111) false QPointF(54,292)
[   146.98 ] D: findTrackIndexByPoint 3 QRect(0,107 1957x111) false QPointF(54,292)
[   146.98 ] D: findTrackIndexByPoint 4 QRect(0,218 1957x111) true QPointF(54,292)
[   146.98 ] D: _boundingRect.bottom() 384 312 236 76
[   146.98 ] D: tmp.first 4
[   146.98 ] D: firstIndex 4 0 1 10
[   146.98 ] D: firstIndex2
[   146.98 ] D: firstIndex2 0 2
[   146.98 ] D: firstIndex3
[   146.98 ] D: mouseMove2
[   146.98 ] D: newTopPixel 293 313 20
[   146.98 ] D: findTrackIndexByPoint 0 QRect(0,-226 1957x111) false QPointF(54,293)
[   146.98 ] D: findTrackIndexByPoint 1 QRect(0,-115 1957x111) false QPointF(54,293)
[   146.98 ] D: findTrackIndexByPoint 2 QRect(0,-4 1957x111) false QPointF(54,293)
[   146.98 ] D: findTrackIndexByPoint 3 QRect(0,107 1957x111) false QPointF(54,293)
[   146.98 ] D: findTrackIndexByPoint 4 QRect(0,218 1957x111) true QPointF(54,293)
[   146.98 ] D: _boundingRect.bottom() 384 313 236 77
[   146.98 ] D: tmp.first 4
[   146.98 ] D: firstIndex 4 0 1 10
[   146.98 ] D: firstIndex2
[   146.98 ] D: firstIndex2 0 2
[   146.98 ] D: firstIndex3
[   146.98 ] D: mouseMove2
[   146.98 ] D: sltStartContentYChanged1
[   146.98 ] D: sltStartContentYChanged2
[   146.98 ] D: sltStartContentYChanged3
[   146.98 ] D: _tracksModel->getItem(i)->rect()1 0 QRect(0,-236 1957x111)
[   146.98 ] D: _tracksModel->getItem(i)->rect()1 1 QRect(0,-125 1957x111)
[   146.98 ] D: _tracksModel->getItem(i)->rect()1 2 QRect(0,-14 1957x111)
[   146.98 ] D: _tracksModel->getItem(i)->rect()1 3 QRect(0,97 1957x111)
[   146.98 ] D: _tracksModel->getItem(i)->rect()1 4 QRect(0,208 1957x111)
[   146.98 ] D: _tracksModel->getItem(i)->rect()1 5 QRect(0,319 1957x111)
[   146.98 ] D: _tracksModel->getItem(i)->rect()1 6 QRect(0,430 1957x111)
[   146.98 ] D: _tracksModel->getItem(i)->rect()1 7 QRect(0,541 1957x111)
[   146.98 ] D: _tracksModel->getItem(i)->rect()1 8 QRect(0,652 1957x111)
[   146.98 ] D: _tracksModel->getItem(i)->rect()1 9 QRect(0,763 1957x111)
[   146.98 ] D: setTracksRect
[   146.98 ] D: setTracksRect
[   146.98 ] D: sltStartContentYChanged4
[   146.99 ] D: newTopPixel 301 321 20
[   146.99 ] D: findTrackIndexByPoint 0 QRect(0,-236 1957x111) false QPointF(54,301)
[   146.99 ] D: findTrackIndexByPoint 1 QRect(0,-125 1957x111) false QPointF(54,301)
[   146.99 ] D: findTrackIndexByPoint 2 QRect(0,-14 1957x111) false QPointF(54,301)
[   146.99 ] D: findTrackIndexByPoint 3 QRect(0,97 1957x111) false QPointF(54,301)
[   146.99 ] D: findTrackIndexByPoint 4 QRect(0,208 1957x111) true QPointF(54,301)
[   146.99 ] D: _boundingRect.bottom() 384 321 246 75
[   146.99 ] D: tmp.first 4
[   146.99 ] D: firstIndex 4 0 1 10
[   146.99 ] D: firstIndex2
[   146.99 ] D: firstIndex2 0 2
[   146.99 ] D: firstIndex3
[   146.99 ] D: mouseMove2
[   147.02 ] D: sltStartContentYChanged1
[   147.02 ] D: sltStartContentYChanged2
[   147.02 ] D: sltStartContentYChanged3
[   147.02 ] D: _tracksModel->getItem(i)->rect()1 0 QRect(0,-246 1957x111)
[   147.02 ] D: _tracksModel->getItem(i)->rect()1 1 QRect(0,-135 1957x111)
[   147.02 ] D: _tracksModel->getItem(i)->rect()1 2 QRect(0,-24 1957x111)
[   147.02 ] D: _tracksModel->getItem(i)->rect()1 3 QRect(0,87 1957x111)
[   147.02 ] D: _tracksModel->getItem(i)->rect()1 4 QRect(0,198 1957x111)
[   147.02 ] D: _tracksModel->getItem(i)->rect()1 5 QRect(0,309 1957x111)
[   147.02 ] D: _tracksModel->getItem(i)->rect()1 6 QRect(0,420 1957x111)
[   147.02 ] D: _tracksModel->getItem(i)->rect()1 7 QRect(0,531 1957x111)
[   147.02 ] D: _tracksModel->getItem(i)->rect()1 8 QRect(0,642 1957x111)
[   147.02 ] D: _tracksModel->getItem(i)->rect()1 9 QRect(0,753 1957x111)
[   147.02 ] D: setTracksRect
[   147.02 ] D: setTracksRect
[   147.02 ] D: sltStartContentYChanged4
[   147.02 ] D: newTopPixel 307 327 20
[   147.02 ] D: findTrackIndexByPoint 0 QRect(0,-246 1957x111) false QPointF(54,307)
[   147.02 ] D: findTrackIndexByPoint 1 QRect(0,-135 1957x111) false QPointF(54,307)
[   147.02 ] D: findTrackIndexByPoint 2 QRect(0,-24 1957x111) false QPointF(54,307)
[   147.02 ] D: findTrackIndexByPoint 3 QRect(0,87 1957x111) false QPointF(54,307)
[   147.02 ] D: findTrackIndexByPoint 4 QRect(0,198 1957x111) true QPointF(54,307)
[   147.02 ] D: _boundingRect.bottom() 384 327 256 71
[   147.02 ] D: tmp.first 4
[   147.02 ] D: firstIndex 4 0 1 10
[   147.02 ] D: firstIndex2
[   147.02 ] D: firstIndex2 0 2
[   147.02 ] D: firstIndex3
[   147.02 ] D: mouseMove2
[   147.02 ] D: newTopPixel 308 328 20
[   147.02 ] D: findTrackIndexByPoint 0 QRect(0,-246 1957x111) false QPointF(54,308)
[   147.02 ] D: findTrackIndexByPoint 1 QRect(0,-135 1957x111) false QPointF(54,308)
[   147.02 ] D: findTrackIndexByPoint 2 QRect(0,-24 1957x111) false QPointF(54,308)
[   147.02 ] D: findTrackIndexByPoint 3 QRect(0,87 1957x111) false QPointF(54,308)
[   147.02 ] D: findTrackIndexByPoint 4 QRect(0,198 1957x111) true QPointF(54,308)
[   147.02 ] D: _boundingRect.bottom() 384 328 256 72
[   147.02 ] D: tmp.first 4
[   147.02 ] D: firstIndex 4 0 1 10
[   147.02 ] D: firstIndex2
[   147.02 ] D: firstIndex2 0 2
[   147.02 ] D: firstIndex3
[   147.02 ] D: mouseMove2
[   147.05 ] D: newTopPixel 309 329 20
[   147.05 ] D: findTrackIndexByPoint 0 QRect(0,-246 1957x111) false QPointF(54,309)
[   147.05 ] D: findTrackIndexByPoint 1 QRect(0,-135 1957x111) false QPointF(54,309)
[   147.05 ] D: findTrackIndexByPoint 2 QRect(0,-24 1957x111) false QPointF(54,309)
[   147.05 ] D: findTrackIndexByPoint 3 QRect(0,87 1957x111) false QPointF(54,309)
[   147.05 ] D: findTrackIndexByPoint 4 QRect(0,198 1957x111) false QPointF(54,309)
[   147.05 ] D: findTrackIndexByPoint 5 QRect(0,309 1957x111) true QPointF(54,309)
[   147.05 ] D: _boundingRect.bottom() 384 329 256 73
[   147.05 ] D: tmp.first 5
[   147.05 ] D: firstIndex 5 0 1 10
[   147.05 ] D: firstIndex2
[   147.05 ] D: firstIndex2 0 2
[   147.05 ] D: firstIndex3
[   147.05 ] D: mouseMove2
[   147.05 ] D: sltStartContentYChanged1
[   147.05 ] D: sltStartContentYChanged2
[   147.05 ] D: sltStartContentYChanged3
[   147.05 ] D: _tracksModel->getItem(i)->rect()1 0 QRect(0,-256 1957x111)
[   147.05 ] D: _tracksModel->getItem(i)->rect()1 1 QRect(0,-145 1957x111)
[   147.05 ] D: _tracksModel->getItem(i)->rect()1 2 QRect(0,-34 1957x111)
[   147.05 ] D: _tracksModel->getItem(i)->rect()1 3 QRect(0,77 1957x111)
[   147.05 ] D: _tracksModel->getItem(i)->rect()1 4 QRect(0,188 1957x111)
[   147.05 ] D: _tracksModel->getItem(i)->rect()1 5 QRect(0,299 1957x111)
[   147.05 ] D: _tracksModel->getItem(i)->rect()1 6 QRect(0,410 1957x111)
[   147.05 ] D: _tracksModel->getItem(i)->rect()1 7 QRect(0,521 1957x111)
[   147.05 ] D: _tracksModel->getItem(i)->rect()1 8 QRect(0,632 1957x111)
[   147.05 ] D: _tracksModel->getItem(i)->rect()1 9 QRect(0,743 1957x111)
[   147.05 ] D: setTracksRect
[   147.05 ] D: setTracksRect
[   147.06 ] D: sltStartContentYChanged4
[   147.06 ] D: newTopPixel 317 337 20
[   147.06 ] D: findTrackIndexByPoint 0 QRect(0,-256 1957x111) false QPointF(54,317)
[   147.06 ] D: findTrackIndexByPoint 1 QRect(0,-145 1957x111) false QPointF(54,317)
[   147.06 ] D: findTrackIndexByPoint 2 QRect(0,-34 1957x111) false QPointF(54,317)
[   147.06 ] D: findTrackIndexByPoint 3 QRect(0,77 1957x111) false QPointF(54,317)
[   147.06 ] D: findTrackIndexByPoint 4 QRect(0,188 1957x111) false QPointF(54,317)
[   147.06 ] D: findTrackIndexByPoint 5 QRect(0,299 1957x111) true QPointF(54,317)
[   147.06 ] D: _boundingRect.bottom() 384 337 266 71
[   147.06 ] D: tmp.first 5
[   147.06 ] D: firstIndex 5 0 1 10
[   147.06 ] D: firstIndex2
[   147.06 ] D: firstIndex2 0 2
[   147.06 ] D: firstIndex3
[   147.06 ] D: mouseMove2
[   147.06 ] D: sltStartContentYChanged1
[   147.06 ] D: sltStartContentYChanged2
[   147.06 ] D: sltStartContentYChanged3
[   147.06 ] D: _tracksModel->getItem(i)->rect()1 0 QRect(0,-266 1957x111)
[   147.06 ] D: _tracksModel->getItem(i)->rect()1 1 QRect(0,-155 1957x111)
[   147.06 ] D: _tracksModel->getItem(i)->rect()1 2 QRect(0,-44 1957x111)
[   147.06 ] D: _tracksModel->getItem(i)->rect()1 3 QRect(0,67 1957x111)
[   147.06 ] D: _tracksModel->getItem(i)->rect()1 4 QRect(0,178 1957x111)
[   147.06 ] D: _tracksModel->getItem(i)->rect()1 5 QRect(0,289 1957x111)
[   147.06 ] D: _tracksModel->getItem(i)->rect()1 6 QRect(0,400 1957x111)
[   147.06 ] D: _tracksModel->getItem(i)->rect()1 7 QRect(0,511 1957x111)
[   147.06 ] D: _tracksModel->getItem(i)->rect()1 8 QRect(0,622 1957x111)
[   147.06 ] D: _tracksModel->getItem(i)->rect()1 9 QRect(0,733 1957x111)
[   147.06 ] D: setTracksRect
[   147.06 ] D: setTracksRect
[   147.06 ] D: sltStartContentYChanged4
[   147.08 ] D: newTopPixel 318 338 20
[   147.08 ] D: findTrackIndexByPoint 0 QRect(0,-266 1957x111) false QPointF(54,318)
[   147.08 ] D: findTrackIndexByPoint 1 QRect(0,-155 1957x111) false QPointF(54,318)
[   147.08 ] D: findTrackIndexByPoint 2 QRect(0,-44 1957x111) false QPointF(54,318)
[   147.08 ] D: findTrackIndexByPoint 3 QRect(0,67 1957x111) false QPointF(54,318)
[   147.08 ] D: findTrackIndexByPoint 4 QRect(0,178 1957x111) false QPointF(54,318)
[   147.08 ] D: findTrackIndexByPoint 5 QRect(0,289 1957x111) true QPointF(54,318)
[   147.08 ] D: _boundingRect.bottom() 384 338 276 62
[   147.08 ] D: tmp.first 5
[   147.08 ] D: firstIndex 5 0 1 10
[   147.08 ] D: firstIndex2
[   147.08 ] D: firstIndex2 0 2
[   147.08 ] D: firstIndex3
[   147.08 ] D: mouseMove2
[   147.09 ] D: sltStartContentYChanged1
[   147.09 ] D: sltStartContentYChanged2
[   147.09 ] D: sltStartContentYChanged3
[   147.09 ] D: _tracksModel->getItem(i)->rect()1 0 QRect(0,-276 1957x111)
[   147.09 ] D: _tracksModel->getItem(i)->rect()1 1 QRect(0,-165 1957x111)
[   147.09 ] D: _tracksModel->getItem(i)->rect()1 2 QRect(0,-54 1957x111)
[   147.09 ] D: _tracksModel->getItem(i)->rect()1 3 QRect(0,57 1957x111)
[   147.09 ] D: _tracksModel->getItem(i)->rect()1 4 QRect(0,168 1957x111)
[   147.09 ] D: _tracksModel->getItem(i)->rect()1 5 QRect(0,279 1957x111)
[   147.09 ] D: _tracksModel->getItem(i)->rect()1 6 QRect(0,390 1957x111)
[   147.09 ] D: _tracksModel->getItem(i)->rect()1 7 QRect(0,501 1957x111)
[   147.09 ] D: _tracksModel->getItem(i)->rect()1 8 QRect(0,612 1957x111)
[   147.09 ] D: _tracksModel->getItem(i)->rect()1 9 QRect(0,723 1957x111)
[   147.09 ] D: setTracksRect
[   147.09 ] D: setTracksRect
[   147.09 ] D: sltStartContentYChanged4
[   147.12 ] D: newTopPixel 322 342 20
[   147.12 ] D: findTrackIndexByPoint 0 QRect(0,-276 1957x111) false QPointF(54,322)
[   147.12 ] D: findTrackIndexByPoint 1 QRect(0,-165 1957x111) false QPointF(54,322)
[   147.12 ] D: findTrackIndexByPoint 2 QRect(0,-54 1957x111) false QPointF(54,322)
[   147.12 ] D: findTrackIndexByPoint 3 QRect(0,57 1957x111) false QPointF(54,322)
[   147.12 ] D: findTrackIndexByPoint 4 QRect(0,168 1957x111) false QPointF(54,322)
[   147.12 ] D: findTrackIndexByPoint 5 QRect(0,279 1957x111) true QPointF(54,322)
[   147.12 ] D: _boundingRect.bottom() 384 342 286 56
[   147.12 ] D: tmp.first 5
[   147.12 ] D: firstIndex 5 0 1 10
[   147.12 ] D: firstIndex2
[   147.12 ] D: firstIndex2 0 2
[   147.12 ] D: firstIndex3
[   147.12 ] D: mouseMove2
[   147.12 ] D: newTopPixel 323 343 20
[   147.12 ] D: findTrackIndexByPoint 0 QRect(0,-276 1957x111) false QPointF(54,323)
[   147.12 ] D: findTrackIndexByPoint 1 QRect(0,-165 1957x111) false QPointF(54,323)
[   147.12 ] D: findTrackIndexByPoint 2 QRect(0,-54 1957x111) false QPointF(54,323)
[   147.12 ] D: findTrackIndexByPoint 3 QRect(0,57 1957x111) false QPointF(54,323)
[   147.12 ] D: findTrackIndexByPoint 4 QRect(0,168 1957x111) false QPointF(54,323)
[   147.12 ] D: findTrackIndexByPoint 5 QRect(0,279 1957x111) true QPointF(54,323)
[   147.12 ] D: _boundingRect.bottom() 384 343 286 57
[   147.12 ] D: tmp.first 5
[   147.12 ] D: firstIndex 5 0 1 10
[   147.12 ] D: firstIndex2
[   147.12 ] D: firstIndex2 0 2
[   147.12 ] D: firstIndex3
[   147.12 ] D: mouseMove2
[   147.12 ] D: sltStartContentYChanged1
[   147.12 ] D: sltStartContentYChanged2
[   147.12 ] D: sltStartContentYChanged3
[   147.12 ] D: _tracksModel->getItem(i)->rect()1 0 QRect(0,-286 1957x111)
[   147.12 ] D: _tracksModel->getItem(i)->rect()1 1 QRect(0,-175 1957x111)
[   147.12 ] D: _tracksModel->getItem(i)->rect()1 2 QRect(0,-64 1957x111)
[   147.12 ] D: _tracksModel->getItem(i)->rect()1 3 QRect(0,47 1957x111)
[   147.12 ] D: _tracksModel->getItem(i)->rect()1 4 QRect(0,158 1957x111)
[   147.12 ] D: _tracksModel->getItem(i)->rect()1 5 QRect(0,269 1957x111)
[   147.12 ] D: _tracksModel->getItem(i)->rect()1 6 QRect(0,380 1957x111)
[   147.12 ] D: _tracksModel->getItem(i)->rect()1 7 QRect(0,491 1957x111)
[   147.12 ] D: _tracksModel->getItem(i)->rect()1 8 QRect(0,602 1957x111)
[   147.12 ] D: _tracksModel->getItem(i)->rect()1 9 QRect(0,713 1957x111)
[   147.12 ] D: setTracksRect
[   147.12 ] D: setTracksRect
[   147.12 ] D: sltStartContentYChanged4
[   147.12 ] D: newTopPixel 327 347 20
[   147.12 ] D: findTrackIndexByPoint 0 QRect(0,-286 1957x111) false QPointF(54,327)
[   147.12 ] D: findTrackIndexByPoint 1 QRect(0,-175 1957x111) false QPointF(54,327)
[   147.12 ] D: findTrackIndexByPoint 2 QRect(0,-64 1957x111) false QPointF(54,327)
[   147.12 ] D: findTrackIndexByPoint 3 QRect(0,47 1957x111) false QPointF(54,327)
[   147.12 ] D: findTrackIndexByPoint 4 QRect(0,158 1957x111) false QPointF(54,327)
[   147.12 ] D: findTrackIndexByPoint 5 QRect(0,269 1957x111) true QPointF(54,327)
[   147.12 ] D: _boundingRect.bottom() 384 347 296 51
[   147.13 ] D: tmp.first 5
[   147.13 ] D: firstIndex 5 0 1 10
[   147.13 ] D: firstIndex2
[   147.13 ] D: firstIndex2 0 2
[   147.13 ] D: firstIndex3
[   147.13 ] D: mouseMove2
[   147.13 ] D: sltStartContentYChanged1
[   147.13 ] D: sltStartContentYChanged2
[   147.13 ] D: sltStartContentYChanged3
[   147.13 ] D: _tracksModel->getItem(i)->rect()1 0 QRect(0,-296 1957x111)
[   147.13 ] D: _tracksModel->getItem(i)->rect()1 1 QRect(0,-185 1957x111)
[   147.13 ] D: _tracksModel->getItem(i)->rect()1 2 QRect(0,-74 1957x111)
[   147.13 ] D: _tracksModel->getItem(i)->rect()1 3 QRect(0,37 1957x111)
[   147.13 ] D: _tracksModel->getItem(i)->rect()1 4 QRect(0,148 1957x111)
[   147.13 ] D: _tracksModel->getItem(i)->rect()1 5 QRect(0,259 1957x111)
[   147.13 ] D: _tracksModel->getItem(i)->rect()1 6 QRect(0,370 1957x111)
[   147.13 ] D: _tracksModel->getItem(i)->rect()1 7 QRect(0,481 1957x111)
[   147.13 ] D: _tracksModel->getItem(i)->rect()1 8 QRect(0,592 1957x111)
[   147.13 ] D: _tracksModel->getItem(i)->rect()1 9 QRect(0,703 1957x111)
[   147.13 ] D: setTracksRect
[   147.13 ] D: setTracksRect
[   147.13 ] D: sltStartContentYChanged4
[   147.15 ] D: newTopPixel 328 348 20
[   147.15 ] D: findTrackIndexByPoint 0 QRect(0,-296 1957x111) false QPointF(54,328)
[   147.15 ] D: findTrackIndexByPoint 1 QRect(0,-185 1957x111) false QPointF(54,328)
[   147.15 ] D: findTrackIndexByPoint 2 QRect(0,-74 1957x111) false QPointF(54,328)
[   147.15 ] D: findTrackIndexByPoint 3 QRect(0,37 1957x111) false QPointF(54,328)
[   147.15 ] D: findTrackIndexByPoint 4 QRect(0,148 1957x111) false QPointF(54,328)
[   147.15 ] D: findTrackIndexByPoint 5 QRect(0,259 1957x111) true QPointF(54,328)
[   147.15 ] D: _boundingRect.bottom() 384 348 306 42
[   147.15 ] D: tmp.first 5
[   147.15 ] D: firstIndex 5 0 1 10
[   147.15 ] D: firstIndex2
[   147.15 ] D: firstIndex2 0 2
[   147.15 ] D: firstIndex3
[   147.15 ] D: mouseMove2
[   147.16 ] D: sltStartContentYChanged1
[   147.16 ] D: sltStartContentYChanged2
[   147.16 ] D: sltStartContentYChanged3
[   147.16 ] D: _tracksModel->getItem(i)->rect()1 0 QRect(0,-306 1957x111)
[   147.16 ] D: _tracksModel->getItem(i)->rect()1 1 QRect(0,-195 1957x111)
[   147.16 ] D: _tracksModel->getItem(i)->rect()1 2 QRect(0,-84 1957x111)
[   147.16 ] D: _tracksModel->getItem(i)->rect()1 3 QRect(0,27 1957x111)
[   147.16 ] D: _tracksModel->getItem(i)->rect()1 4 QRect(0,138 1957x111)
[   147.16 ] D: _tracksModel->getItem(i)->rect()1 5 QRect(0,249 1957x111)
[   147.16 ] D: _tracksModel->getItem(i)->rect()1 6 QRect(0,360 1957x111)
[   147.16 ] D: _tracksModel->getItem(i)->rect()1 7 QRect(0,471 1957x111)
[   147.16 ] D: _tracksModel->getItem(i)->rect()1 8 QRect(0,582 1957x111)
[   147.16 ] D: _tracksModel->getItem(i)->rect()1 9 QRect(0,693 1957x111)
[   147.16 ] D: setTracksRect
[   147.16 ] D: setTracksRect
[   147.16 ] D: sltStartContentYChanged4
[   147.18 ] D: newTopPixel 331 351 20
[   147.18 ] D: findTrackIndexByPoint 0 QRect(0,-306 1957x111) false QPointF(54,331)
[   147.18 ] D: findTrackIndexByPoint 1 QRect(0,-195 1957x111) false QPointF(54,331)
[   147.18 ] D: findTrackIndexByPoint 2 QRect(0,-84 1957x111) false QPointF(54,331)
[   147.18 ] D: findTrackIndexByPoint 3 QRect(0,27 1957x111) false QPointF(54,331)
[   147.18 ] D: findTrackIndexByPoint 4 QRect(0,138 1957x111) false QPointF(54,331)
[   147.18 ] D: findTrackIndexByPoint 5 QRect(0,249 1957x111) true QPointF(54,331)
[   147.18 ] D: _boundingRect.bottom() 384 351 316 35
[   147.18 ] D: tmp.first 5
[   147.18 ] D: firstIndex 5 0 1 10
[   147.18 ] D: firstIndex2
[   147.18 ] D: firstIndex2 0 2
[   147.18 ] D: firstIndex3
[   147.19 ] D: mouseMove2
[   147.19 ] D: newTopPixel 332 352 20
[   147.19 ] D: findTrackIndexByPoint 0 QRect(0,-306 1957x111) false QPointF(54,332)
[   147.19 ] D: findTrackIndexByPoint 1 QRect(0,-195 1957x111) false QPointF(54,332)
[   147.19 ] D: findTrackIndexByPoint 2 QRect(0,-84 1957x111) false QPointF(54,332)
[   147.19 ] D: findTrackIndexByPoint 3 QRect(0,27 1957x111) false QPointF(54,332)
[   147.19 ] D: findTrackIndexByPoint 4 QRect(0,138 1957x111) false QPointF(54,332)
[   147.19 ] D: findTrackIndexByPoint 5 QRect(0,249 1957x111) true QPointF(54,332)
[   147.19 ] D: _boundingRect.bottom() 384 352 316 36
[   147.19 ] D: tmp.first 5
[   147.19 ] D: firstIndex 5 0 1 10
[   147.19 ] D: firstIndex2
[   147.19 ] D: firstIndex2 0 2
[   147.19 ] D: firstIndex3
[   147.19 ] D: mouseMove2
[   147.19 ] D: sltStartContentYChanged1
[   147.19 ] D: sltStartContentYChanged2
[   147.19 ] D: sltStartContentYChanged3
[   147.19 ] D: _tracksModel->getItem(i)->rect()1 0 QRect(0,-316 1957x111)
[   147.19 ] D: _tracksModel->getItem(i)->rect()1 1 QRect(0,-205 1957x111)
[   147.19 ] D: _tracksModel->getItem(i)->rect()1 2 QRect(0,-94 1957x111)
[   147.19 ] D: _tracksModel->getItem(i)->rect()1 3 QRect(0,17 1957x111)
[   147.19 ] D: _tracksModel->getItem(i)->rect()1 4 QRect(0,128 1957x111)
[   147.19 ] D: _tracksModel->getItem(i)->rect()1 5 QRect(0,239 1957x111)
[   147.19 ] D: _tracksModel->getItem(i)->rect()1 6 QRect(0,350 1957x111)
[   147.19 ] D: _tracksModel->getItem(i)->rect()1 7 QRect(0,461 1957x111)
[   147.19 ] D: _tracksModel->getItem(i)->rect()1 8 QRect(0,572 1957x111)
[   147.19 ] D: _tracksModel->getItem(i)->rect()1 9 QRect(0,683 1957x111)
[   147.19 ] D: setTracksRect
[   147.19 ] D: setTracksRect
[   147.19 ] D: sltStartContentYChanged4
[   147.19 ] D: newTopPixel 337 357 20
[   147.19 ] D: findTrackIndexByPoint 0 QRect(0,-316 1957x111) false QPointF(54,337)
[   147.19 ] D: findTrackIndexByPoint 1 QRect(0,-205 1957x111) false QPointF(54,337)
[   147.19 ] D: findTrackIndexByPoint 2 QRect(0,-94 1957x111) false QPointF(54,337)
[   147.19 ] D: findTrackIndexByPoint 3 QRect(0,17 1957x111) false QPointF(54,337)
[   147.19 ] D: findTrackIndexByPoint 4 QRect(0,128 1957x111) false QPointF(54,337)
[   147.19 ] D: findTrackIndexByPoint 5 QRect(0,239 1957x111) true QPointF(54,337)
[   147.19 ] D: _boundingRect.bottom() 384 357 326 31
[   147.19 ] D: tmp.first 5
[   147.19 ] D: firstIndex 5 0 1 10
[   147.19 ] D: firstIndex2
[   147.19 ] D: firstIndex2 0 2
[   147.19 ] D: firstIndex3
[   147.19 ] D: mouseMove2
[   147.22 ] D: newTopPixel 338 358 20
[   147.22 ] D: findTrackIndexByPoint 0 QRect(0,-316 1957x111) false QPointF(54,338)
[   147.22 ] D: findTrackIndexByPoint 1 QRect(0,-205 1957x111) false QPointF(54,338)
[   147.22 ] D: findTrackIndexByPoint 2 QRect(0,-94 1957x111) false QPointF(54,338)
[   147.22 ] D: findTrackIndexByPoint 3 QRect(0,17 1957x111) false QPointF(54,338)
[   147.22 ] D: findTrackIndexByPoint 4 QRect(0,128 1957x111) false QPointF(54,338)
[   147.22 ] D: findTrackIndexByPoint 5 QRect(0,239 1957x111) true QPointF(54,338)
[   147.22 ] D: _boundingRect.bottom() 384 358 326 32
[   147.22 ] D: tmp.first 5
[   147.22 ] D: firstIndex 5 0 1 10
[   147.22 ] D: firstIndex2
[   147.22 ] D: firstIndex2 0 2
[   147.22 ] D: firstIndex3
[   147.22 ] D: mouseMove2
[   147.22 ] D: sltStartContentYChanged1
[   147.22 ] D: sltStartContentYChanged2
[   147.22 ] D: sltStartContentYChanged3
[   147.22 ] D: _tracksModel->getItem(i)->rect()1 0 QRect(0,-326 1957x111)
[   147.22 ] D: _tracksModel->getItem(i)->rect()1 1 QRect(0,-215 1957x111)
[   147.22 ] D: _tracksModel->getItem(i)->rect()1 2 QRect(0,-104 1957x111)
[   147.22 ] D: _tracksModel->getItem(i)->rect()1 3 QRect(0,7 1957x111)
[   147.22 ] D: _tracksModel->getItem(i)->rect()1 4 QRect(0,118 1957x111)
[   147.22 ] D: _tracksModel->getItem(i)->rect()1 5 QRect(0,229 1957x111)
[   147.23 ] D: _tracksModel->getItem(i)->rect()1 6 QRect(0,340 1957x111)
[   147.23 ] D: _tracksModel->getItem(i)->rect()1 7 QRect(0,451 1957x111)
[   147.23 ] D: _tracksModel->getItem(i)->rect()1 8 QRect(0,562 1957x111)
[   147.23 ] D: _tracksModel->getItem(i)->rect()1 9 QRect(0,673 1957x111)
[   147.23 ] D: setTracksRect
[   147.23 ] D: setTracksRect
[   147.23 ] D: sltStartContentYChanged4
[   147.26 ] D: newTopPixel 343 363 20
[   147.26 ] D: findTrackIndexByPoint 0 QRect(0,-326 1957x111) false QPointF(54,343)
[   147.26 ] D: findTrackIndexByPoint 1 QRect(0,-215 1957x111) false QPointF(54,343)
[   147.26 ] D: findTrackIndexByPoint 2 QRect(0,-104 1957x111) false QPointF(54,343)
[   147.26 ] D: findTrackIndexByPoint 3 QRect(0,7 1957x111) false QPointF(54,343)
[   147.26 ] D: findTrackIndexByPoint 4 QRect(0,118 1957x111) false QPointF(54,343)
[   147.26 ] D: findTrackIndexByPoint 5 QRect(0,229 1957x111) false QPointF(54,343)
[   147.26 ] D: findTrackIndexByPoint 6 QRect(0,340 1957x111) true QPointF(54,343)
[   147.26 ] D: _boundingRect.bottom() 384 363 336 27
[   147.26 ] D: tmp.first 6
[   147.26 ] D: firstIndex 6 0 1 10
[   147.26 ] D: firstIndex2
[   147.26 ] D: firstIndex2 0 2
[   147.26 ] D: firstIndex3
[   147.26 ] D: mouseMove2
[   147.26 ] D: newTopPixel 344 364 20
[   147.26 ] D: findTrackIndexByPoint 0 QRect(0,-326 1957x111) false QPointF(54,344)
[   147.26 ] D: findTrackIndexByPoint 1 QRect(0,-215 1957x111) false QPointF(54,344)
[   147.26 ] D: findTrackIndexByPoint 2 QRect(0,-104 1957x111) false QPointF(54,344)
[   147.26 ] D: findTrackIndexByPoint 3 QRect(0,7 1957x111) false QPointF(54,344)
[   147.26 ] D: findTrackIndexByPoint 4 QRect(0,118 1957x111) false QPointF(54,344)
[   147.26 ] D: findTrackIndexByPoint 5 QRect(0,229 1957x111) false QPointF(54,344)
[   147.26 ] D: findTrackIndexByPoint 6 QRect(0,340 1957x111) true QPointF(54,344)
[   147.26 ] D: _boundingRect.bottom() 384 364 336 28
[   147.26 ] D: tmp.first 6
[   147.26 ] D: firstIndex 6 0 1 10
[   147.26 ] D: firstIndex2
[   147.26 ] D: firstIndex2 0 2
[   147.26 ] D: firstIndex3
[   147.26 ] D: mouseMove2
[   147.26 ] D: sltStartContentYChanged1
[   147.26 ] D: sltStartContentYChanged2
[   147.26 ] D: sltStartContentYChanged3
[   147.26 ] D: _tracksModel->getItem(i)->rect()1 0 QRect(0,-336 1957x111)
[   147.26 ] D: _tracksModel->getItem(i)->rect()1 1 QRect(0,-225 1957x111)
[   147.26 ] D: _tracksModel->getItem(i)->rect()1 2 QRect(0,-114 1957x111)
[   147.26 ] D: _tracksModel->getItem(i)->rect()1 3 QRect(0,-3 1957x111)
[   147.26 ] D: _tracksModel->getItem(i)->rect()1 4 QRect(0,108 1957x111)
[   147.26 ] D: _tracksModel->getItem(i)->rect()1 5 QRect(0,219 1957x111)
[   147.26 ] D: _tracksModel->getItem(i)->rect()1 6 QRect(0,330 1957x111)
[   147.26 ] D: _tracksModel->getItem(i)->rect()1 7 QRect(0,441 1957x111)
[   147.26 ] D: _tracksModel->getItem(i)->rect()1 8 QRect(0,552 1957x111)
[   147.26 ] D: _tracksModel->getItem(i)->rect()1 9 QRect(0,663 1957x111)
[   147.26 ] D: setTracksRect
[   147.26 ] D: setTracksRect
[   147.26 ] D: sltStartContentYChanged4
[   147.26 ] D: newTopPixel 347 367 20
[   147.26 ] D: findTrackIndexByPoint 0 QRect(0,-336 1957x111) false QPointF(54,347)
[   147.26 ] D: findTrackIndexByPoint 1 QRect(0,-225 1957x111) false QPointF(54,347)
[   147.26 ] D: findTrackIndexByPoint 2 QRect(0,-114 1957x111) false QPointF(54,347)
[   147.26 ] D: findTrackIndexByPoint 3 QRect(0,-3 1957x111) false QPointF(54,347)
[   147.26 ] D: findTrackIndexByPoint 4 QRect(0,108 1957x111) false QPointF(54,347)
[   147.26 ] D: findTrackIndexByPoint 5 QRect(0,219 1957x111) false QPointF(54,347)
[   147.26 ] D: findTrackIndexByPoint 6 QRect(0,330 1957x111) true QPointF(54,347)
[   147.26 ] D: _boundingRect.bottom() 384 367 346 21
[   147.26 ] D: tmp.first 6
[   147.26 ] D: firstIndex 6 0 1 10
[   147.26 ] D: firstIndex2
[   147.26 ] D: firstIndex2 0 2
[   147.26 ] D: firstIndex3
[   147.26 ] D: mouseMove2
[   147.26 ] D: newTopPixel 348 368 20
[   147.26 ] D: findTrackIndexByPoint 0 QRect(0,-336 1957x111) false QPointF(54,348)
[   147.26 ] D: findTrackIndexByPoint 1 QRect(0,-225 1957x111) false QPointF(54,348)
[   147.26 ] D: findTrackIndexByPoint 2 QRect(0,-114 1957x111) false QPointF(54,348)
[   147.26 ] D: findTrackIndexByPoint 3 QRect(0,-3 1957x111) false QPointF(54,348)
[   147.26 ] D: findTrackIndexByPoint 4 QRect(0,108 1957x111) false QPointF(54,348)
[   147.26 ] D: findTrackIndexByPoint 5 QRect(0,219 1957x111) false QPointF(54,348)
[   147.26 ] D: findTrackIndexByPoint 6 QRect(0,330 1957x111) true QPointF(54,348)
[   147.26 ] D: _boundingRect.bottom() 384 368 346 22
[   147.26 ] D: tmp.first 6
[   147.26 ] D: firstIndex 6 0 1 10
[   147.26 ] D: firstIndex2
[   147.26 ] D: firstIndex2 0 2
[   147.27 ] D: firstIndex3
[   147.27 ] D: mouseMove2
[   147.33 ] D: sltStartContentYChanged1
[   147.33 ] D: sltStartContentYChanged2
[   147.33 ] D: sltStartContentYChanged3
[   147.33 ] D: _tracksModel->getItem(i)->rect()1 0 QRect(0,-346 1957x111)
[   147.33 ] D: _tracksModel->getItem(i)->rect()1 1 QRect(0,-235 1957x111)
[   147.33 ] D: _tracksModel->getItem(i)->rect()1 2 QRect(0,-124 1957x111)
[   147.33 ] D: _tracksModel->getItem(i)->rect()1 3 QRect(0,-13 1957x111)
[   147.33 ] D: _tracksModel->getItem(i)->rect()1 4 QRect(0,98 1957x111)
[   147.33 ] D: _tracksModel->getItem(i)->rect()1 5 QRect(0,209 1957x111)
[   147.33 ] D: _tracksModel->getItem(i)->rect()1 6 QRect(0,320 1957x111)
[   147.33 ] D: _tracksModel->getItem(i)->rect()1 7 QRect(0,431 1957x111)
[   147.33 ] D: _tracksModel->getItem(i)->rect()1 8 QRect(0,542 1957x111)
[   147.33 ] D: _tracksModel->getItem(i)->rect()1 9 QRect(0,653 1957x111)
[   147.33 ] D: setTracksRect
[   147.33 ] D: setTracksRect
[   147.33 ] D: sltStartContentYChanged4
[   147.33 ] D: newTopPixel 353 373 20
[   147.33 ] D: findTrackIndexByPoint 0 QRect(0,-346 1957x111) false QPointF(54,353)
[   147.33 ] D: findTrackIndexByPoint 1 QRect(0,-235 1957x111) false QPointF(54,353)
[   147.33 ] D: findTrackIndexByPoint 2 QRect(0,-124 1957x111) false QPointF(54,353)
[   147.33 ] D: findTrackIndexByPoint 3 QRect(0,-13 1957x111) false QPointF(54,353)
[   147.33 ] D: findTrackIndexByPoint 4 QRect(0,98 1957x111) false QPointF(54,353)
[   147.33 ] D: findTrackIndexByPoint 5 QRect(0,209 1957x111) false QPointF(54,353)
[   147.33 ] D: findTrackIndexByPoint 6 QRect(0,320 1957x111) true QPointF(54,353)
[   147.33 ] D: _boundingRect.bottom() 384 373 356 17
[   147.33 ] D: tmp.first 6
[   147.33 ] D: firstIndex 6 0 1 10
[   147.33 ] D: firstIndex2
[   147.33 ] D: firstIndex2 0 2
[   147.33 ] D: firstIndex3
[   147.33 ] D: mouseMove2
[   147.36 ] D: sltStartContentYChanged1
[   147.36 ] D: sltStartContentYChanged2
[   147.36 ] D: sltStartContentYChanged3
[   147.36 ] D: _tracksModel->getItem(i)->rect()1 0 QRect(0,-356 1957x111)
[   147.36 ] D: _tracksModel->getItem(i)->rect()1 1 QRect(0,-245 1957x111)
[   147.36 ] D: _tracksModel->getItem(i)->rect()1 2 QRect(0,-134 1957x111)
[   147.36 ] D: _tracksModel->getItem(i)->rect()1 3 QRect(0,-23 1957x111)
[   147.36 ] D: _tracksModel->getItem(i)->rect()1 4 QRect(0,88 1957x111)
[   147.36 ] D: _tracksModel->getItem(i)->rect()1 5 QRect(0,199 1957x111)
[   147.37 ] D: _tracksModel->getItem(i)->rect()1 6 QRect(0,310 1957x111)
[   147.37 ] D: _tracksModel->getItem(i)->rect()1 7 QRect(0,421 1957x111)
[   147.37 ] D: _tracksModel->getItem(i)->rect()1 8 QRect(0,532 1957x111)
[   147.37 ] D: _tracksModel->getItem(i)->rect()1 9 QRect(0,643 1957x111)
[   147.37 ] D: setTracksRect
[   147.37 ] D: setTracksRect
[   147.37 ] D: sltStartContentYChanged4
[   147.37 ] D: sltStartContentYChanged1
[   147.37 ] D: sltStartContentYChanged2
[   147.37 ] D: sltStartContentYChanged3
[   147.37 ] D: _tracksModel->getItem(i)->rect()1 0 QRect(0,-366 1957x111)
[   147.37 ] D: _tracksModel->getItem(i)->rect()1 1 QRect(0,-255 1957x111)
[   147.37 ] D: _tracksModel->getItem(i)->rect()1 2 QRect(0,-144 1957x111)
[   147.37 ] D: _tracksModel->getItem(i)->rect()1 3 QRect(0,-33 1957x111)
[   147.37 ] D: _tracksModel->getItem(i)->rect()1 4 QRect(0,78 1957x111)
[   147.37 ] D: _tracksModel->getItem(i)->rect()1 5 QRect(0,189 1957x111)
[   147.37 ] D: _tracksModel->getItem(i)->rect()1 6 QRect(0,300 1957x111)
[   147.37 ] D: _tracksModel->getItem(i)->rect()1 7 QRect(0,411 1957x111)
[   147.37 ] D: _tracksModel->getItem(i)->rect()1 8 QRect(0,522 1957x111)
[   147.37 ] D: _tracksModel->getItem(i)->rect()1 9 QRect(0,633 1957x111)
[   147.37 ] D: setTracksRect
[   147.37 ] D: setTracksRect
[   147.37 ] D: sltStartContentYChanged4
[   147.42 ] D: sltStartContentYChanged1
[   147.42 ] D: sltStartContentYChanged2
[   147.43 ] D: sltStartContentYChanged3
[   147.43 ] D: _tracksModel->getItem(i)->rect()1 0 QRect(0,-376 1957x111)
[   147.43 ] D: _tracksModel->getItem(i)->rect()1 1 QRect(0,-265 1957x111)
[   147.43 ] D: _tracksModel->getItem(i)->rect()1 2 QRect(0,-154 1957x111)
[   147.43 ] D: _tracksModel->getItem(i)->rect()1 3 QRect(0,-43 1957x111)
[   147.43 ] D: _tracksModel->getItem(i)->rect()1 4 QRect(0,68 1957x111)
[   147.43 ] D: _tracksModel->getItem(i)->rect()1 5 QRect(0,179 1957x111)
[   147.43 ] D: _tracksModel->getItem(i)->rect()1 6 QRect(0,290 1957x111)
[   147.43 ] D: _tracksModel->getItem(i)->rect()1 7 QRect(0,401 1957x111)
[   147.43 ] D: _tracksModel->getItem(i)->rect()1 8 QRect(0,512 1957x111)
[   147.43 ] D: _tracksModel->getItem(i)->rect()1 9 QRect(0,623 1957x111)
[   147.43 ] D: setTracksRect
[   147.43 ] D: setTracksRect
[   147.43 ] D: sltStartContentYChanged4
[   147.45 ] D: sltStartContentYChanged1
[   147.45 ] D: sltStartContentYChanged2
[   147.45 ] D: sltStartContentYChanged3
[   147.45 ] D: _tracksModel->getItem(i)->rect()1 0 QRect(0,-386 1957x111)
[   147.45 ] D: _tracksModel->getItem(i)->rect()1 1 QRect(0,-275 1957x111)
[   147.45 ] D: _tracksModel->getItem(i)->rect()1 2 QRect(0,-164 1957x111)
[   147.45 ] D: _tracksModel->getItem(i)->rect()1 3 QRect(0,-53 1957x111)
[   147.45 ] D: _tracksModel->getItem(i)->rect()1 4 QRect(0,58 1957x111)
[   147.46 ] D: _tracksModel->getItem(i)->rect()1 5 QRect(0,169 1957x111)
[   147.46 ] D: _tracksModel->getItem(i)->rect()1 6 QRect(0,280 1957x111)
[   147.46 ] D: _tracksModel->getItem(i)->rect()1 7 QRect(0,391 1957x111)
[   147.46 ] D: _tracksModel->getItem(i)->rect()1 8 QRect(0,502 1957x111)
[   147.46 ] D: _tracksModel->getItem(i)->rect()1 9 QRect(0,613 1957x111)
[   147.46 ] D: setTracksRect
[   147.46 ] D: setTracksRect
[   147.46 ] D: sltStartContentYChanged4
[   147.46 ] D: sltStartContentYChanged1
[   147.46 ] D: sltStartContentYChanged2
[   147.46 ] D: sltStartContentYChanged3
[   147.46 ] D: _tracksModel->getItem(i)->rect()1 0 QRect(0,-396 1957x111)
[   147.46 ] D: _tracksModel->getItem(i)->rect()1 1 QRect(0,-285 1957x111)
[   147.46 ] D: _tracksModel->getItem(i)->rect()1 2 QRect(0,-174 1957x111)
[   147.46 ] D: _tracksModel->getItem(i)->rect()1 3 QRect(0,-63 1957x111)
[   147.46 ] D: _tracksModel->getItem(i)->rect()1 4 QRect(0,48 1957x111)
[   147.46 ] D: _tracksModel->getItem(i)->rect()1 5 QRect(0,159 1957x111)
[   147.46 ] D: _tracksModel->getItem(i)->rect()1 6 QRect(0,270 1957x111)
[   147.46 ] D: _tracksModel->getItem(i)->rect()1 7 QRect(0,381 1957x111)
[   147.46 ] D: _tracksModel->getItem(i)->rect()1 8 QRect(0,492 1957x111)
[   147.46 ] D: _tracksModel->getItem(i)->rect()1 9 QRect(0,603 1957x111)
[   147.46 ] D: setTracksRect
[   147.46 ] D: setTracksRect
[   147.46 ] D: sltStartContentYChanged4
[   147.49 ] D: sltStartContentYChanged1
[   147.49 ] D: sltStartContentYChanged2
[   147.49 ] D: sltStartContentYChanged3
[   147.49 ] D: _tracksModel->getItem(i)->rect()1 0 QRect(0,-406 1957x111)
[   147.49 ] D: _tracksModel->getItem(i)->rect()1 1 QRect(0,-295 1957x111)
[   147.49 ] D: _tracksModel->getItem(i)->rect()1 2 QRect(0,-184 1957x111)
[   147.49 ] D: _tracksModel->getItem(i)->rect()1 3 QRect(0,-73 1957x111)
[   147.49 ] D: _tracksModel->getItem(i)->rect()1 4 QRect(0,38 1957x111)
[   147.49 ] D: _tracksModel->getItem(i)->rect()1 5 QRect(0,149 1957x111)
[   147.49 ] D: _tracksModel->getItem(i)->rect()1 6 QRect(0,260 1957x111)
[   147.49 ] D: _tracksModel->getItem(i)->rect()1 7 QRect(0,371 1957x111)
[   147.49 ] D: _tracksModel->getItem(i)->rect()1 8 QRect(0,482 1957x111)
[   147.49 ] D: _tracksModel->getItem(i)->rect()1 9 QRect(0,593 1957x111)
[   147.49 ] D: setTracksRect
[   147.49 ] D: setTracksRect
[   147.49 ] D: sltStartContentYChanged4
[   147.49 ] D: newTopPixel 341 361 20
[   147.49 ] D: findTrackIndexByPoint 0 QRect(0,-406 1957x111) false QPointF(54,341)
[   147.49 ] D: findTrackIndexByPoint 1 QRect(0,-295 1957x111) false QPointF(54,341)
[   147.49 ] D: findTrackIndexByPoint 2 QRect(0,-184 1957x111) false QPointF(54,341)
[   147.49 ] D: findTrackIndexByPoint 3 QRect(0,-73 1957x111) false QPointF(54,341)
[   147.49 ] D: findTrackIndexByPoint 4 QRect(0,38 1957x111) false QPointF(54,341)
[   147.49 ] D: findTrackIndexByPoint 5 QRect(0,149 1957x111) false QPointF(54,341)
[   147.49 ] D: findTrackIndexByPoint 6 QRect(0,260 1957x111) true QPointF(54,341)
[   147.50 ] D: _boundingRect.bottom() 384 361 416 -55
[   147.50 ] D: tmp.first 6
[   147.50 ] D: firstIndex 6 0 1 10
[   147.50 ] D: firstIndex2
[   147.50 ] D: firstIndex2 0 2
[   147.50 ] D: firstIndex3
[   147.50 ] D: mouseMove2
[   147.50 ] D: newTopPixel 339 359 20
[   147.50 ] D: findTrackIndexByPoint 0 QRect(0,-406 1957x111) false QPointF(54,339)
[   147.50 ] D: findTrackIndexByPoint 1 QRect(0,-295 1957x111) false QPointF(54,339)
[   147.50 ] D: findTrackIndexByPoint 2 QRect(0,-184 1957x111) false QPointF(54,339)
[   147.50 ] D: findTrackIndexByPoint 3 QRect(0,-73 1957x111) false QPointF(54,339)
[   147.50 ] D: findTrackIndexByPoint 4 QRect(0,38 1957x111) false QPointF(54,339)
[   147.50 ] D: findTrackIndexByPoint 5 QRect(0,149 1957x111) false QPointF(54,339)
[   147.50 ] D: findTrackIndexByPoint 6 QRect(0,260 1957x111) true QPointF(54,339)
[   147.50 ] D: _boundingRect.bottom() 384 359 416 -57
[   147.50 ] D: tmp.first 6
[   147.50 ] D: firstIndex 6 0 1 10
[   147.50 ] D: firstIndex2
[   147.50 ] D: firstIndex2 0 2
[   147.50 ] D: firstIndex3
[   147.50 ] D: mouseMove2
[   147.50 ] D: sltStartContentYChanged1
[   147.50 ] D: sltStartContentYChanged2
[   147.50 ] D: sltStartContentYChanged3
[   147.50 ] D: _tracksModel->getItem(i)->rect()1 0 QRect(0,-416 1957x111)
[   147.50 ] D: _tracksModel->getItem(i)->rect()1 1 QRect(0,-305 1957x111)
[   147.50 ] D: _tracksModel->getItem(i)->rect()1 2 QRect(0,-194 1957x111)
[   147.50 ] D: _tracksModel->getItem(i)->rect()1 3 QRect(0,-83 1957x111)
[   147.50 ] D: _tracksModel->getItem(i)->rect()1 4 QRect(0,28 1957x111)
[   147.50 ] D: _tracksModel->getItem(i)->rect()1 5 QRect(0,139 1957x111)
[   147.50 ] D: _tracksModel->getItem(i)->rect()1 6 QRect(0,250 1957x111)
[   147.50 ] D: _tracksModel->getItem(i)->rect()1 7 QRect(0,361 1957x111)
[   147.50 ] D: _tracksModel->getItem(i)->rect()1 8 QRect(0,472 1957x111)
[   147.50 ] D: _tracksModel->getItem(i)->rect()1 9 QRect(0,583 1957x111)
[   147.50 ] D: setTracksRect
[   147.50 ] D: setTracksRect
[   147.50 ] D: sltStartContentYChanged4
[   147.52 ] D: newTopPixel 334 354 20
[   147.52 ] D: findTrackIndexByPoint 0 QRect(0,-416 1957x111) false QPointF(54,334)
[   147.52 ] D: findTrackIndexByPoint 1 QRect(0,-305 1957x111) false QPointF(54,334)
[   147.52 ] D: findTrackIndexByPoint 2 QRect(0,-194 1957x111) false QPointF(54,334)
[   147.52 ] D: findTrackIndexByPoint 3 QRect(0,-83 1957x111) false QPointF(54,334)
[   147.52 ] D: findTrackIndexByPoint 4 QRect(0,28 1957x111) false QPointF(54,334)
[   147.52 ] D: findTrackIndexByPoint 5 QRect(0,139 1957x111) false QPointF(54,334)
[   147.52 ] D: findTrackIndexByPoint 6 QRect(0,250 1957x111) true QPointF(54,334)
[   147.52 ] D: _boundingRect.bottom() 384 354 426 -72
[   147.52 ] D: tmp.first 6
[   147.52 ] D: firstIndex 6 0 1 10
[   147.53 ] D: firstIndex2
[   147.53 ] D: firstIndex2 0 2
[   147.53 ] D: firstIndex3
[   147.53 ] D: mouseMove2
[   147.53 ] D: newTopPixel 332 352 20
[   147.53 ] D: findTrackIndexByPoint 0 QRect(0,-416 1957x111) false QPointF(72,332)
[   147.53 ] D: findTrackIndexByPoint 1 QRect(0,-305 1957x111) false QPointF(72,332)
[   147.53 ] D: findTrackIndexByPoint 2 QRect(0,-194 1957x111) false QPointF(72,332)
[   147.53 ] D: findTrackIndexByPoint 3 QRect(0,-83 1957x111) false QPointF(72,332)
[   147.53 ] D: findTrackIndexByPoint 4 QRect(0,28 1957x111) false QPointF(72,332)
[   147.53 ] D: findTrackIndexByPoint 5 QRect(0,139 1957x111) false QPointF(72,332)
[   147.53 ] D: findTrackIndexByPoint 6 QRect(0,250 1957x111) true QPointF(72,332)
[   147.53 ] D: _boundingRect.bottom() 384 352 426 -74
[   147.53 ] D: tmp.first 6
[   147.53 ] D: firstIndex 6 0 1 10
[   147.53 ] D: firstIndex2
[   147.53 ] D: firstIndex2 0 2
[   147.53 ] D: firstIndex3
[   147.53 ] D: mouseMove2
[   147.53 ] D: sltStartContentYChanged1
[   147.53 ] D: sltStartContentYChanged2
[   147.53 ] D: sltStartContentYChanged3
[   147.53 ] D: _tracksModel->getItem(i)->rect()1 0 QRect(0,-426 1957x111)
[   147.53 ] D: _tracksModel->getItem(i)->rect()1 1 QRect(0,-315 1957x111)
[   147.53 ] D: _tracksModel->getItem(i)->rect()1 2 QRect(0,-204 1957x111)
[   147.53 ] D: _tracksModel->getItem(i)->rect()1 3 QRect(0,-93 1957x111)
[   147.53 ] D: _tracksModel->getItem(i)->rect()1 4 QRect(0,18 1957x111)
[   147.53 ] D: _tracksModel->getItem(i)->rect()1 5 QRect(0,129 1957x111)
[   147.53 ] D: _tracksModel->getItem(i)->rect()1 6 QRect(0,240 1957x111)
[   147.53 ] D: _tracksModel->getItem(i)->rect()1 7 QRect(0,351 1957x111)
[   147.53 ] D: _tracksModel->getItem(i)->rect()1 8 QRect(0,462 1957x111)
[   147.53 ] D: _tracksModel->getItem(i)->rect()1 9 QRect(0,573 1957x111)
[   147.53 ] D: setTracksRect
[   147.53 ] D: setTracksRect
[   147.53 ] D: sltStartContentYChanged4
[   147.56 ] D: newTopPixel 289 309 20
[   147.56 ] D: findTrackIndexByPoint 0 QRect(0,-426 1957x111) false QPointF(90,289)
[   147.56 ] D: findTrackIndexByPoint 1 QRect(0,-315 1957x111) false QPointF(90,289)
[   147.56 ] D: findTrackIndexByPoint 2 QRect(0,-204 1957x111) false QPointF(90,289)
[   147.56 ] D: findTrackIndexByPoint 3 QRect(0,-93 1957x111) false QPointF(90,289)
[   147.56 ] D: findTrackIndexByPoint 4 QRect(0,18 1957x111) false QPointF(90,289)
[   147.56 ] D: findTrackIndexByPoint 5 QRect(0,129 1957x111) false QPointF(90,289)
[   147.56 ] D: findTrackIndexByPoint 6 QRect(0,240 1957x111) true QPointF(90,289)
[   147.56 ] D: _boundingRect.bottom() 384 309 436 -127
[   147.56 ] D: tmp.first 6
[   147.56 ] D: firstIndex 6 0 1 10
[   147.56 ] D: firstIndex2
[   147.56 ] D: firstIndex2 0 2
[   147.56 ] D: firstIndex3
[   147.56 ] D: mouseMove2
[   147.56 ] D: newTopPixel 285 305 20
[   147.56 ] D: findTrackIndexByPoint 0 QRect(0,-426 1957x111) false QPointF(90,285)
[   147.56 ] D: findTrackIndexByPoint 1 QRect(0,-315 1957x111) false QPointF(90,285)
[   147.56 ] D: findTrackIndexByPoint 2 QRect(0,-204 1957x111) false QPointF(90,285)
[   147.56 ] D: findTrackIndexByPoint 3 QRect(0,-93 1957x111) false QPointF(90,285)
[   147.56 ] D: findTrackIndexByPoint 4 QRect(0,18 1957x111) false QPointF(90,285)
[   147.56 ] D: findTrackIndexByPoint 5 QRect(0,129 1957x111) false QPointF(90,285)
[   147.56 ] D: findTrackIndexByPoint 6 QRect(0,240 1957x111) true QPointF(90,285)
[   147.57 ] D: _boundingRect.bottom() 384 305 436 -131
[   147.57 ] D: tmp.first 6
[   147.57 ] D: firstIndex 6 0 1 10
[   147.57 ] D: firstIndex2
[   147.57 ] D: firstIndex2 0 2
[   147.57 ] D: firstIndex3
[   147.57 ] D: mouseMove2
[   147.57 ] D: newTopPixel 281 301 20
[   147.57 ] D: findTrackIndexByPoint 0 QRect(0,-426 1957x111) false QPointF(90,281)
[   147.57 ] D: findTrackIndexByPoint 1 QRect(0,-315 1957x111) false QPointF(90,281)
[   147.57 ] D: findTrackIndexByPoint 2 QRect(0,-204 1957x111) false QPointF(90,281)
[   147.57 ] D: findTrackIndexByPoint 3 QRect(0,-93 1957x111) false QPointF(90,281)
[   147.57 ] D: findTrackIndexByPoint 4 QRect(0,18 1957x111) false QPointF(90,281)
[   147.57 ] D: findTrackIndexByPoint 5 QRect(0,129 1957x111) false QPointF(90,281)
[   147.57 ] D: findTrackIndexByPoint 6 QRect(0,240 1957x111) true QPointF(90,281)
[   147.57 ] D: _boundingRect.bottom() 384 301 436 -135
[   147.57 ] D: tmp.first 6
[   147.57 ] D: firstIndex 6 0 1 10
[   147.57 ] D: firstIndex2
[   147.57 ] D: firstIndex2 0 2
[   147.57 ] D: firstIndex3
[   147.57 ] D: mouseMove2
[   147.57 ] D: sltStartContentYChanged1
[   147.57 ] D: sltStartContentYChanged2
[   147.57 ] D: sltStartContentYChanged3
[   147.57 ] D: _tracksModel->getItem(i)->rect()1 0 QRect(0,-436 1957x111)
[   147.57 ] D: _tracksModel->getItem(i)->rect()1 1 QRect(0,-325 1957x111)
[   147.57 ] D: _tracksModel->getItem(i)->rect()1 2 QRect(0,-214 1957x111)
[   147.57 ] D: _tracksModel->getItem(i)->rect()1 3 QRect(0,-103 1957x111)
[   147.57 ] D: _tracksModel->getItem(i)->rect()1 4 QRect(0,8 1957x111)
[   147.57 ] D: _tracksModel->getItem(i)->rect()1 5 QRect(0,119 1957x111)
[   147.57 ] D: _tracksModel->getItem(i)->rect()1 6 QRect(0,230 1957x111)
[   147.57 ] D: _tracksModel->getItem(i)->rect()1 7 QRect(0,341 1957x111)
[   147.57 ] D: _tracksModel->getItem(i)->rect()1 8 QRect(0,452 1957x111)
[   147.57 ] D: _tracksModel->getItem(i)->rect()1 9 QRect(0,563 1957x111)
[   147.57 ] D: setTracksRect
[   147.57 ] D: setTracksRect
[   147.57 ] D: sltStartContentYChanged4
[   147.57 ] D: newTopPixel 204 224 20
[   147.57 ] D: findTrackIndexByPoint 0 QRect(0,-436 1957x111) false QPointF(144,204)
[   147.57 ] D: findTrackIndexByPoint 1 QRect(0,-325 1957x111) false QPointF(144,204)
[   147.57 ] D: findTrackIndexByPoint 2 QRect(0,-214 1957x111) false QPointF(144,204)
[   147.57 ] D: findTrackIndexByPoint 3 QRect(0,-103 1957x111) false QPointF(144,204)
[   147.57 ] D: findTrackIndexByPoint 4 QRect(0,8 1957x111) false QPointF(144,204)
[   147.57 ] D: findTrackIndexByPoint 5 QRect(0,119 1957x111) true QPointF(144,204)
[   147.57 ] D: _boundingRect.bottom() 384 224 446 -222
[   147.57 ] D: firstIndex 5 0 1 10
[   147.57 ] D: firstIndex2
[   147.57 ] D: firstIndex2 0 2
[   147.57 ] D: firstIndex3
[   147.57 ] D: mouseMove2
[   147.59 ] D: sltStartContentYChanged1
[   147.59 ] D: sltStartContentYChanged2
[   147.59 ] D: sltStartContentYChanged3
[   147.60 ] D: _tracksModel->getItem(i)->rect()1 0 QRect(0,-446 1957x111)
[   147.60 ] D: _tracksModel->getItem(i)->rect()1 1 QRect(0,-335 1957x111)
[   147.60 ] D: _tracksModel->getItem(i)->rect()1 2 QRect(0,-224 1957x111)
[   147.60 ] D: _tracksModel->getItem(i)->rect()1 3 QRect(0,-113 1957x111)
[   147.60 ] D: _tracksModel->getItem(i)->rect()1 4 QRect(0,-2 1957x111)
[   147.60 ] D: _tracksModel->getItem(i)->rect()1 5 QRect(0,109 1957x111)
[   147.60 ] D: _tracksModel->getItem(i)->rect()1 6 QRect(0,220 1957x111)
[   147.60 ] D: _tracksModel->getItem(i)->rect()1 7 QRect(0,331 1957x111)
[   147.60 ] D: _tracksModel->getItem(i)->rect()1 8 QRect(0,442 1957x111)
[   147.60 ] D: _tracksModel->getItem(i)->rect()1 9 QRect(0,553 1957x111)
[   147.60 ] D: setTracksRect
[   147.60 ] D: setTracksRect
[   147.60 ] D: sltStartContentYChanged4
[   147.60 ] D: newTopPixel 197 217 20
[   147.60 ] D: findTrackIndexByPoint 0 QRect(0,-446 1957x111) false QPointF(144,197)
[   147.60 ] D: findTrackIndexByPoint 1 QRect(0,-335 1957x111) false QPointF(144,197)
[   147.60 ] D: findTrackIndexByPoint 2 QRect(0,-224 1957x111) false QPointF(144,197)
[   147.60 ] D: findTrackIndexByPoint 3 QRect(0,-113 1957x111) false QPointF(144,197)
[   147.60 ] D: findTrackIndexByPoint 4 QRect(0,-2 1957x111) false QPointF(144,197)
[   147.60 ] D: findTrackIndexByPoint 5 QRect(0,109 1957x111) true QPointF(144,197)
[   147.60 ] D: _boundingRect.bottom() 384 217 446 -229
[   147.60 ] D: firstIndex 5 0 1 10
[   147.60 ] D: firstIndex2
[   147.60 ] D: firstIndex2 0 2
[   147.60 ] D: firstIndex3
[   147.60 ] D: mouseMove2
[   147.60 ] D: newTopPixel 194 214 20
[   147.60 ] D: findTrackIndexByPoint 0 QRect(0,-446 1957x111) false QPointF(162,194)
[   147.60 ] D: findTrackIndexByPoint 1 QRect(0,-335 1957x111) false QPointF(162,194)
[   147.60 ] D: findTrackIndexByPoint 2 QRect(0,-224 1957x111) false QPointF(162,194)
[   147.60 ] D: findTrackIndexByPoint 3 QRect(0,-113 1957x111) false QPointF(162,194)
[   147.60 ] D: findTrackIndexByPoint 4 QRect(0,-2 1957x111) false QPointF(162,194)
[   147.60 ] D: findTrackIndexByPoint 5 QRect(0,109 1957x111) true QPointF(162,194)
[   147.60 ] D: _boundingRect.bottom() 384 214 446 -232
[   147.60 ] D: firstIndex 5 0 1 10
[   147.60 ] D: firstIndex2
[   147.60 ] D: firstIndex2 0 2
[   147.60 ] D: firstIndex3
[   147.60 ] D: mouseMove2
[   147.60 ] D: newTopPixel 190 210 20
[   147.60 ] D: findTrackIndexByPoint 0 QRect(0,-446 1957x111) false QPointF(162,190)
[   147.60 ] D: findTrackIndexByPoint 1 QRect(0,-335 1957x111) false QPointF(162,190)
[   147.60 ] D: findTrackIndexByPoint 2 QRect(0,-224 1957x111) false QPointF(162,190)
[   147.60 ] D: findTrackIndexByPoint 3 QRect(0,-113 1957x111) false QPointF(162,190)
[   147.60 ] D: findTrackIndexByPoint 4 QRect(0,-2 1957x111) false QPointF(162,190)
[   147.60 ] D: findTrackIndexByPoint 5 QRect(0,109 1957x111) true QPointF(162,190)
[   147.60 ] D: _boundingRect.bottom() 384 210 446 -236
[   147.60 ] D: firstIndex 5 0 1 10
[   147.60 ] D: firstIndex2
[   147.60 ] D: firstIndex2 0 2
[   147.60 ] D: firstIndex3
[   147.60 ] D: mouseMove2
[   147.60 ] D: newTopPixel 187 207 20
[   147.60 ] D: findTrackIndexByPoint 0 QRect(0,-446 1957x111) false QPointF(162,187)
[   147.60 ] D: findTrackIndexByPoint 1 QRect(0,-335 1957x111) false QPointF(162,187)
[   147.60 ] D: findTrackIndexByPoint 2 QRect(0,-224 1957x111) false QPointF(162,187)
[   147.60 ] D: findTrackIndexByPoint 3 QRect(0,-113 1957x111) false QPointF(162,187)
[   147.60 ] D: findTrackIndexByPoint 4 QRect(0,-2 1957x111) false QPointF(162,187)
[   147.60 ] D: findTrackIndexByPoint 5 QRect(0,109 1957x111) true QPointF(162,187)
[   147.60 ] D: _boundingRect.bottom() 384 207 446 -239
[   147.60 ] D: firstIndex 5 0 1 10
[   147.60 ] D: firstIndex2
[   147.60 ] D: firstIndex2 0 2
[   147.60 ] D: firstIndex3
[   147.60 ] D: mouseMove2
[   147.63 ] D: newTopPixel 154 174 20
[   147.63 ] D: findTrackIndexByPoint 0 QRect(0,-446 1957x111) false QPointF(198,154)
[   147.63 ] D: findTrackIndexByPoint 1 QRect(0,-335 1957x111) false QPointF(198,154)
[   147.63 ] D: findTrackIndexByPoint 2 QRect(0,-224 1957x111) false QPointF(198,154)
[   147.63 ] D: findTrackIndexByPoint 3 QRect(0,-113 1957x111) false QPointF(198,154)
[   147.63 ] D: findTrackIndexByPoint 4 QRect(0,-2 1957x111) false QPointF(198,154)
[   147.63 ] D: findTrackIndexByPoint 5 QRect(0,109 1957x111) true QPointF(198,154)
[   147.63 ] D: _boundingRect.bottom() 384 174 446 -272
[   147.63 ] D: firstIndex 5 0 1 10
[   147.63 ] D: firstIndex2
[   147.63 ] D: firstIndex2 0 2
[   147.63 ] D: firstIndex3
[   147.63 ] D: mouseMove2
[   147.63 ] D: newTopPixel 135 155 20
[   147.63 ] D: findTrackIndexByPoint 0 QRect(0,-446 1957x111) false QPointF(216,135)
[   147.63 ] D: findTrackIndexByPoint 1 QRect(0,-335 1957x111) false QPointF(216,135)
[   147.63 ] D: findTrackIndexByPoint 2 QRect(0,-224 1957x111) false QPointF(216,135)
[   147.63 ] D: findTrackIndexByPoint 3 QRect(0,-113 1957x111) false QPointF(216,135)
[   147.63 ] D: findTrackIndexByPoint 4 QRect(0,-2 1957x111) false QPointF(216,135)
[   147.63 ] D: findTrackIndexByPoint 5 QRect(0,109 1957x111) true QPointF(216,135)
[   147.63 ] D: _boundingRect.bottom() 384 155 446 -291
[   147.63 ] D: firstIndex 5 0 1 10
[   147.63 ] D: firstIndex2
[   147.63 ] D: firstIndex2 0 2
[   147.63 ] D: firstIndex3
[   147.63 ] D: mouseMove2
[   147.63 ] D: newTopPixel 134 154 20
[   147.63 ] D: findTrackIndexByPoint 0 QRect(0,-446 1957x111) false QPointF(216,134)
[   147.63 ] D: findTrackIndexByPoint 1 QRect(0,-335 1957x111) false QPointF(216,134)
[   147.63 ] D: findTrackIndexByPoint 2 QRect(0,-224 1957x111) false QPointF(216,134)
[   147.63 ] D: findTrackIndexByPoint 3 QRect(0,-113 1957x111) false QPointF(216,134)
[   147.63 ] D: findTrackIndexByPoint 4 QRect(0,-2 1957x111) false QPointF(216,134)
[   147.63 ] D: findTrackIndexByPoint 5 QRect(0,109 1957x111) true QPointF(216,134)
[   147.63 ] D: _boundingRect.bottom() 384 154 446 -292
[   147.63 ] D: firstIndex 5 0 1 10
[   147.63 ] D: firstIndex2
[   147.63 ] D: firstIndex2 0 2
[   147.63 ] D: firstIndex3
[   147.63 ] D: mouseMove2
[   147.66 ] D: newTopPixel 134 154 20
[   147.66 ] D: findTrackIndexByPoint 0 QRect(0,-446 1957x111) false QPointF(216,134)
[   147.66 ] D: findTrackIndexByPoint 1 QRect(0,-335 1957x111) false QPointF(216,134)
[   147.66 ] D: findTrackIndexByPoint 2 QRect(0,-224 1957x111) false QPointF(216,134)
[   147.66 ] D: findTrackIndexByPoint 3 QRect(0,-113 1957x111) false QPointF(216,134)
[   147.66 ] D: findTrackIndexByPoint 4 QRect(0,-2 1957x111) false QPointF(216,134)
[   147.66 ] D: findTrackIndexByPoint 5 QRect(0,109 1957x111) true QPointF(216,134)
[   147.66 ] D: _boundingRect.bottom() 384 154 446 -292
[   147.66 ] D: firstIndex 5 0 1 10
[   147.66 ] D: firstIndex2
[   147.66 ] D: firstIndex2 0 2
[   147.66 ] D: firstIndex3
[   147.66 ] D: mouseMove2
[   147.66 ] D: newTopPixel 133 153 20
[   147.66 ] D: findTrackIndexByPoint 0 QRect(0,-446 1957x111) false QPointF(216,133)
[   147.66 ] D: findTrackIndexByPoint 1 QRect(0,-335 1957x111) false QPointF(216,133)
[   147.66 ] D: findTrackIndexByPoint 2 QRect(0,-224 1957x111) false QPointF(216,133)
[   147.66 ] D: findTrackIndexByPoint 3 QRect(0,-113 1957x111) false QPointF(216,133)
[   147.66 ] D: findTrackIndexByPoint 4 QRect(0,-2 1957x111) false QPointF(216,133)
[   147.66 ] D: findTrackIndexByPoint 5 QRect(0,109 1957x111) true QPointF(216,133)
[   147.66 ] D: _boundingRect.bottom() 384 153 446 -293
[   147.66 ] D: firstIndex 5 0 1 10
[   147.66 ] D: firstIndex2
[   147.66 ] D: firstIndex2 0 2
[   147.66 ] D: firstIndex3
[   147.66 ] D: mouseMove2
[   147.66 ] D: newTopPixel 128 148 20
[   147.66 ] D: findTrackIndexByPoint 0 QRect(0,-446 1957x111) false QPointF(216,128)
[   147.66 ] D: findTrackIndexByPoint 1 QRect(0,-335 1957x111) false QPointF(216,128)
[   147.66 ] D: findTrackIndexByPoint 2 QRect(0,-224 1957x111) false QPointF(216,128)
[   147.66 ] D: findTrackIndexByPoint 3 QRect(0,-113 1957x111) false QPointF(216,128)
[   147.66 ] D: findTrackIndexByPoint 4 QRect(0,-2 1957x111) false QPointF(216,128)
[   147.66 ] D: findTrackIndexByPoint 5 QRect(0,109 1957x111) true QPointF(216,128)
[   147.66 ] D: _boundingRect.bottom() 384 148 446 -298
[   147.66 ] D: firstIndex 5 0 1 10
[   147.66 ] D: firstIndex2
[   147.66 ] D: firstIndex2 0 2
[   147.66 ] D: firstIndex3
[   147.66 ] D: mouseMove2
[   147.69 ] D: newTopPixel 127 147 20
[   147.69 ] D: findTrackIndexByPoint 0 QRect(0,-446 1957x111) false QPointF(216,127)
[   147.69 ] D: findTrackIndexByPoint 1 QRect(0,-335 1957x111) false QPointF(216,127)
[   147.69 ] D: findTrackIndexByPoint 2 QRect(0,-224 1957x111) false QPointF(216,127)
[   147.69 ] D: findTrackIndexByPoint 3 QRect(0,-113 1957x111) false QPointF(216,127)
[   147.69 ] D: findTrackIndexByPoint 4 QRect(0,-2 1957x111) false QPointF(216,127)
[   147.69 ] D: findTrackIndexByPoint 5 QRect(0,109 1957x111) true QPointF(216,127)
[   147.69 ] D: _boundingRect.bottom() 384 147 446 -299
[   147.69 ] D: firstIndex 5 0 1 10
[   147.69 ] D: firstIndex2
[   147.69 ] D: firstIndex2 0 2
[   147.69 ] D: firstIndex3
[   147.69 ] D: mouseMove2
[   147.70 ] D: newTopPixel 124 144 20
[   147.70 ] D: findTrackIndexByPoint 0 QRect(0,-446 1957x111) false QPointF(234,124)
[   147.70 ] D: findTrackIndexByPoint 1 QRect(0,-335 1957x111) false QPointF(234,124)
[   147.70 ] D: findTrackIndexByPoint 2 QRect(0,-224 1957x111) false QPointF(234,124)
[   147.70 ] D: findTrackIndexByPoint 3 QRect(0,-113 1957x111) false QPointF(234,124)
[   147.70 ] D: findTrackIndexByPoint 4 QRect(0,-2 1957x111) false QPointF(234,124)
[   147.70 ] D: findTrackIndexByPoint 5 QRect(0,109 1957x111) true QPointF(234,124)
[   147.70 ] D: _boundingRect.bottom() 384 144 446 -302
[   147.70 ] D: firstIndex 5 0 1 10
[   147.70 ] D: firstIndex2
[   147.70 ] D: firstIndex2 0 2
[   147.70 ] D: firstIndex3
[   147.70 ] D: mouseMove2
[   147.70 ] D: newTopPixel 124 144 20
[   147.70 ] D: findTrackIndexByPoint 0 QRect(0,-446 1957x111) false QPointF(234,124)
[   147.70 ] D: findTrackIndexByPoint 1 QRect(0,-335 1957x111) false QPointF(234,124)
[   147.70 ] D: findTrackIndexByPoint 2 QRect(0,-224 1957x111) false QPointF(234,124)
[   147.70 ] D: findTrackIndexByPoint 3 QRect(0,-113 1957x111) false QPointF(234,124)
[   147.70 ] D: findTrackIndexByPoint 4 QRect(0,-2 1957x111) false QPointF(234,124)
[   147.70 ] D: findTrackIndexByPoint 5 QRect(0,109 1957x111) true QPointF(234,124)
[   147.70 ] D: _boundingRect.bottom() 384 144 446 -302
[   147.70 ] D: firstIndex 5 0 1 10
[   147.70 ] D: firstIndex2
[   147.70 ] D: firstIndex2 0 2
[   147.70 ] D: firstIndex3
[   147.70 ] D: mouseMove2
[   147.72 ] D: newTopPixel 122 142 20
[   147.72 ] D: findTrackIndexByPoint 0 QRect(0,-446 1957x111) false QPointF(234,122)
[   147.72 ] D: findTrackIndexByPoint 1 QRect(0,-335 1957x111) false QPointF(234,122)
[   147.72 ] D: findTrackIndexByPoint 2 QRect(0,-224 1957x111) false QPointF(234,122)
[   147.72 ] D: findTrackIndexByPoint 3 QRect(0,-113 1957x111) false QPointF(234,122)
[   147.72 ] D: findTrackIndexByPoint 4 QRect(0,-2 1957x111) false QPointF(234,122)
[   147.72 ] D: findTrackIndexByPoint 5 QRect(0,109 1957x111) true QPointF(234,122)
[   147.72 ] D: _boundingRect.bottom() 384 142 446 -304
[   147.72 ] D: firstIndex 5 0 1 10
[   147.72 ] D: firstIndex2
[   147.72 ] D: firstIndex2 0 2
[   147.72 ] D: firstIndex3
[   147.72 ] D: mouseMove2
[   147.72 ] D: newTopPixel 122 142 20
[   147.72 ] D: findTrackIndexByPoint 0 QRect(0,-446 1957x111) false QPointF(234,122)
[   147.72 ] D: findTrackIndexByPoint 1 QRect(0,-335 1957x111) false QPointF(234,122)
[   147.72 ] D: findTrackIndexByPoint 2 QRect(0,-224 1957x111) false QPointF(234,122)
[   147.72 ] D: findTrackIndexByPoint 3 QRect(0,-113 1957x111) false QPointF(234,122)
[   147.73 ] D: findTrackIndexByPoint 4 QRect(0,-2 1957x111) false QPointF(234,122)
[   147.73 ] D: findTrackIndexByPoint 5 QRect(0,109 1957x111) true QPointF(234,122)
[   147.73 ] D: _boundingRect.bottom() 384 142 446 -304
[   147.73 ] D: firstIndex 5 0 1 10
[   147.73 ] D: firstIndex2
[   147.73 ] D: firstIndex2 0 2
[   147.73 ] D: firstIndex3
[   147.73 ] D: mouseMove2
[   147.76 ] D: newTopPixel 112 132 20
[   147.76 ] D: findTrackIndexByPoint 0 QRect(0,-446 1957x111) false QPointF(234,112)
[   147.76 ] D: findTrackIndexByPoint 1 QRect(0,-335 1957x111) false QPointF(234,112)
[   147.76 ] D: findTrackIndexByPoint 2 QRect(0,-224 1957x111) false QPointF(234,112)
[   147.76 ] D: findTrackIndexByPoint 3 QRect(0,-113 1957x111) false QPointF(234,112)
[   147.76 ] D: findTrackIndexByPoint 4 QRect(0,-2 1957x111) false QPointF(234,112)
[   147.76 ] D: findTrackIndexByPoint 5 QRect(0,109 1957x111) true QPointF(234,112)
[   147.76 ] D: _boundingRect.bottom() 384 132 446 -314
[   147.76 ] D: firstIndex 5 0 1 10
[   147.76 ] D: firstIndex2
[   147.76 ] D: firstIndex2 0 2
[   147.76 ] D: firstIndex3
[   147.76 ] D: mouseMove2
[   147.76 ] D: newTopPixel 111 131 20
[   147.76 ] D: findTrackIndexByPoint 0 QRect(0,-446 1957x111) false QPointF(234,111)
[   147.76 ] D: findTrackIndexByPoint 1 QRect(0,-335 1957x111) false QPointF(234,111)
[   147.76 ] D: findTrackIndexByPoint 2 QRect(0,-224 1957x111) false QPointF(234,111)
[   147.76 ] D: findTrackIndexByPoint 3 QRect(0,-113 1957x111) false QPointF(234,111)
[   147.76 ] D: findTrackIndexByPoint 4 QRect(0,-2 1957x111) false QPointF(234,111)
[   147.76 ] D: findTrackIndexByPoint 5 QRect(0,109 1957x111) true QPointF(234,111)
[   147.76 ] D: _boundingRect.bottom() 384 131 446 -315
[   147.76 ] D: firstIndex 5 0 1 10
[   147.76 ] D: firstIndex2
[   147.76 ] D: firstIndex2 0 2
[   147.76 ] D: firstIndex3
[   147.76 ] D: mouseMove2
[   147.76 ] D: newTopPixel 110 130 20
[   147.76 ] D: findTrackIndexByPoint 0 QRect(0,-446 1957x111) false QPointF(234,110)
[   147.76 ] D: findTrackIndexByPoint 1 QRect(0,-335 1957x111) false QPointF(234,110)
[   147.76 ] D: findTrackIndexByPoint 2 QRect(0,-224 1957x111) false QPointF(234,110)
[   147.76 ] D: findTrackIndexByPoint 3 QRect(0,-113 1957x111) false QPointF(234,110)
[   147.76 ] D: findTrackIndexByPoint 4 QRect(0,-2 1957x111) false QPointF(234,110)
[   147.76 ] D: findTrackIndexByPoint 5 QRect(0,109 1957x111) true QPointF(234,110)
[   147.76 ] D: _boundingRect.bottom() 384 130 446 -316
[   147.76 ] D: firstIndex 5 0 1 10
[   147.76 ] D: firstIndex2
[   147.76 ] D: firstIndex2 0 2
[   147.76 ] D: firstIndex3
[   147.76 ] D: mouseMove2
[   147.76 ] D: newTopPixel 96 116 20
[   147.76 ] D: findTrackIndexByPoint 0 QRect(0,-446 1957x111) false QPointF(252,96)
[   147.76 ] D: findTrackIndexByPoint 1 QRect(0,-335 1957x111) false QPointF(252,96)
[   147.76 ] D: findTrackIndexByPoint 2 QRect(0,-224 1957x111) false QPointF(252,96)
[   147.76 ] D: findTrackIndexByPoint 3 QRect(0,-113 1957x111) false QPointF(252,96)
[   147.76 ] D: findTrackIndexByPoint 4 QRect(0,-2 1957x111) true QPointF(252,96)
[   147.76 ] D: _boundingRect.bottom() 384 116 446 -330
[   147.76 ] D: firstIndex 4 0 1 10
[   147.76 ] D: firstIndex2
[   147.76 ] D: firstIndex2 0 2
[   147.76 ] D: firstIndex3
[   147.76 ] D: mouseMove2
[   147.76 ] D: newTopPixel 95 115 20
[   147.76 ] D: findTrackIndexByPoint 0 QRect(0,-446 1957x111) false QPointF(252,95)
[   147.76 ] D: findTrackIndexByPoint 1 QRect(0,-335 1957x111) false QPointF(252,95)
[   147.76 ] D: findTrackIndexByPoint 2 QRect(0,-224 1957x111) false QPointF(252,95)
[   147.76 ] D: findTrackIndexByPoint 3 QRect(0,-113 1957x111) false QPointF(252,95)
[   147.76 ] D: findTrackIndexByPoint 4 QRect(0,-2 1957x111) true QPointF(252,95)
[   147.76 ] D: _boundingRect.bottom() 384 115 446 -331
[   147.76 ] D: firstIndex 4 0 1 10
[   147.76 ] D: firstIndex2
[   147.76 ] D: firstIndex2 0 2
[   147.76 ] D: firstIndex3
[   147.76 ] D: mouseMove2
[   147.79 ] D: newTopPixel 94 114 20
[   147.79 ] D: findTrackIndexByPoint 0 QRect(0,-446 1957x111) false QPointF(252,94)
[   147.79 ] D: findTrackIndexByPoint 1 QRect(0,-335 1957x111) false QPointF(252,94)
[   147.79 ] D: findTrackIndexByPoint 2 QRect(0,-224 1957x111) false QPointF(252,94)
[   147.79 ] D: findTrackIndexByPoint 3 QRect(0,-113 1957x111) false QPointF(252,94)
[   147.79 ] D: findTrackIndexByPoint 4 QRect(0,-2 1957x111) true QPointF(252,94)
[   147.79 ] D: _boundingRect.bottom() 384 114 436 -322
[   147.79 ] D: firstIndex 4 0 1 10
[   147.79 ] D: firstIndex2
[   147.79 ] D: firstIndex2 0 2
[   147.79 ] D: firstIndex3
[   147.79 ] D: mouseMove2
[   147.79 ] D: newTopPixel 93 113 20
[   147.79 ] D: findTrackIndexByPoint 0 QRect(0,-446 1957x111) false QPointF(252,93)
[   147.79 ] D: findTrackIndexByPoint 1 QRect(0,-335 1957x111) false QPointF(252,93)
[   147.79 ] D: findTrackIndexByPoint 2 QRect(0,-224 1957x111) false QPointF(252,93)
[   147.79 ] D: findTrackIndexByPoint 3 QRect(0,-113 1957x111) false QPointF(252,93)
[   147.79 ] D: findTrackIndexByPoint 4 QRect(0,-2 1957x111) true QPointF(252,93)
[   147.79 ] D: _boundingRect.bottom() 384 113 436 -323
[   147.79 ] D: firstIndex 4 0 1 10
[   147.79 ] D: firstIndex2
[   147.79 ] D: firstIndex2 0 2
[   147.79 ] D: firstIndex3
[   147.79 ] D: mouseMove2
[   147.79 ] D: newTopPixel 85 105 20
[   147.79 ] D: findTrackIndexByPoint 0 QRect(0,-446 1957x111) false QPointF(270,85)
[   147.79 ] D: findTrackIndexByPoint 1 QRect(0,-335 1957x111) false QPointF(270,85)
[   147.79 ] D: findTrackIndexByPoint 2 QRect(0,-224 1957x111) false QPointF(270,85)
[   147.79 ] D: findTrackIndexByPoint 3 QRect(0,-113 1957x111) false QPointF(270,85)
[   147.79 ] D: findTrackIndexByPoint 4 QRect(0,-2 1957x111) true QPointF(270,85)
[   147.79 ] D: _boundingRect.bottom() 384 105 436 -331
[   147.79 ] D: firstIndex 4 0 1 10
[   147.79 ] D: firstIndex2
[   147.79 ] D: firstIndex2 0 2
[   147.79 ] D: firstIndex3
[   147.79 ] D: mouseMove2
[   147.79 ] D: newTopPixel 84 104 20
[   147.79 ] D: findTrackIndexByPoint 0 QRect(0,-446 1957x111) false QPointF(270,84)
[   147.79 ] D: findTrackIndexByPoint 1 QRect(0,-335 1957x111) false QPointF(270,84)
[   147.79 ] D: findTrackIndexByPoint 2 QRect(0,-224 1957x111) false QPointF(270,84)
[   147.79 ] D: findTrackIndexByPoint 3 QRect(0,-113 1957x111) false QPointF(270,84)
[   147.79 ] D: findTrackIndexByPoint 4 QRect(0,-2 1957x111) true QPointF(270,84)
[   147.79 ] D: _boundingRect.bottom() 384 104 436 -332
[   147.79 ] D: firstIndex 4 0 1 10
[   147.79 ] D: firstIndex2
[   147.79 ] D: firstIndex2 0 2
[   147.79 ] D: firstIndex3
[   147.79 ] D: mouseMove2
[   147.82 ] D: sltStartContentYChanged1
[   147.83 ] D: sltStartContentYChanged2
[   147.83 ] D: sltStartContentYChanged3
[   147.83 ] D: _tracksModel->getItem(i)->rect()1 0 QRect(0,-436 1957x111)
[   147.83 ] D: _tracksModel->getItem(i)->rect()1 1 QRect(0,-325 1957x111)
[   147.83 ] D: _tracksModel->getItem(i)->rect()1 2 QRect(0,-214 1957x111)
[   147.83 ] D: _tracksModel->getItem(i)->rect()1 3 QRect(0,-103 1957x111)
[   147.83 ] D: _tracksModel->getItem(i)->rect()1 4 QRect(0,8 1957x111)
[   147.83 ] D: _tracksModel->getItem(i)->rect()1 5 QRect(0,119 1957x111)
[   147.83 ] D: _tracksModel->getItem(i)->rect()1 6 QRect(0,230 1957x111)
[   147.83 ] D: _tracksModel->getItem(i)->rect()1 7 QRect(0,341 1957x111)
[   147.83 ] D: _tracksModel->getItem(i)->rect()1 8 QRect(0,452 1957x111)
[   147.83 ] D: _tracksModel->getItem(i)->rect()1 9 QRect(0,563 1957x111)
[   147.83 ] D: setTracksRect
[   147.83 ] D: setTracksRect
[   147.83 ] D: sltStartContentYChanged4
[   147.83 ] D: newTopPixel 81 101 20
[   147.83 ] D: findTrackIndexByPoint 0 QRect(0,-436 1957x111) false QPointF(270,81)
[   147.83 ] D: findTrackIndexByPoint 1 QRect(0,-325 1957x111) false QPointF(270,81)
[   147.83 ] D: findTrackIndexByPoint 2 QRect(0,-214 1957x111) false QPointF(270,81)
[   147.83 ] D: findTrackIndexByPoint 3 QRect(0,-103 1957x111) false QPointF(270,81)
[   147.83 ] D: findTrackIndexByPoint 4 QRect(0,8 1957x111) true QPointF(270,81)
[   147.83 ] D: _boundingRect.bottom() 384 101 426 -325
[   147.83 ] D: firstIndex 4 0 1 10
[   147.83 ] D: firstIndex2
[   147.83 ] D: firstIndex2 0 2
[   147.83 ] D: firstIndex3
[   147.83 ] D: mouseMove2
[   147.86 ] D: sltStartContentYChanged1
[   147.86 ] D: sltStartContentYChanged2
[   147.86 ] D: sltStartContentYChanged3
[   147.86 ] D: _tracksModel->getItem(i)->rect()1 0 QRect(0,-426 1957x111)
[   147.86 ] D: _tracksModel->getItem(i)->rect()1 1 QRect(0,-315 1957x111)
[   147.86 ] D: _tracksModel->getItem(i)->rect()1 2 QRect(0,-204 1957x111)
[   147.86 ] D: _tracksModel->getItem(i)->rect()1 3 QRect(0,-93 1957x111)
[   147.86 ] D: _tracksModel->getItem(i)->rect()1 4 QRect(0,18 1957x111)
[   147.86 ] D: _tracksModel->getItem(i)->rect()1 5 QRect(0,129 1957x111)
[   147.86 ] D: _tracksModel->getItem(i)->rect()1 6 QRect(0,240 1957x111)
[   147.86 ] D: _tracksModel->getItem(i)->rect()1 7 QRect(0,351 1957x111)
[   147.86 ] D: _tracksModel->getItem(i)->rect()1 8 QRect(0,462 1957x111)
[   147.86 ] D: _tracksModel->getItem(i)->rect()1 9 QRect(0,573 1957x111)
[   147.86 ] D: setTracksRect
[   147.86 ] D: setTracksRect
[   147.86 ] D: sltStartContentYChanged4
[   147.89 ] D: sltStartContentYChanged1
[   147.89 ] D: sltStartContentYChanged2
[   147.90 ] D: sltStartContentYChanged3
[   147.90 ] D: _tracksModel->getItem(i)->rect()1 0 QRect(0,-416 1957x111)
[   147.90 ] D: _tracksModel->getItem(i)->rect()1 1 QRect(0,-305 1957x111)
[   147.90 ] D: _tracksModel->getItem(i)->rect()1 2 QRect(0,-194 1957x111)
[   147.90 ] D: _tracksModel->getItem(i)->rect()1 3 QRect(0,-83 1957x111)
[   147.90 ] D: _tracksModel->getItem(i)->rect()1 4 QRect(0,28 1957x111)
[   147.90 ] D: _tracksModel->getItem(i)->rect()1 5 QRect(0,139 1957x111)
[   147.90 ] D: _tracksModel->getItem(i)->rect()1 6 QRect(0,250 1957x111)
[   147.90 ] D: _tracksModel->getItem(i)->rect()1 7 QRect(0,361 1957x111)
[   147.90 ] D: _tracksModel->getItem(i)->rect()1 8 QRect(0,472 1957x111)
[   147.90 ] D: _tracksModel->getItem(i)->rect()1 9 QRect(0,583 1957x111)
[   147.90 ] D: setTracksRect
[   147.90 ] D: setTracksRect
[   147.90 ] D: sltStartContentYChanged4
[   147.90 ] D: sltStartContentYChanged1
[   147.90 ] D: sltStartContentYChanged2
[   147.90 ] D: sltStartContentYChanged3
[   147.90 ] D: _tracksModel->getItem(i)->rect()1 0 QRect(0,-406 1957x111)
[   147.90 ] D: _tracksModel->getItem(i)->rect()1 1 QRect(0,-295 1957x111)
[   147.90 ] D: _tracksModel->getItem(i)->rect()1 2 QRect(0,-184 1957x111)
[   147.90 ] D: _tracksModel->getItem(i)->rect()1 3 QRect(0,-73 1957x111)
[   147.90 ] D: _tracksModel->getItem(i)->rect()1 4 QRect(0,38 1957x111)
[   147.90 ] D: _tracksModel->getItem(i)->rect()1 5 QRect(0,149 1957x111)
[   147.90 ] D: _tracksModel->getItem(i)->rect()1 6 QRect(0,260 1957x111)
[   147.90 ] D: _tracksModel->getItem(i)->rect()1 7 QRect(0,371 1957x111)
[   147.90 ] D: _tracksModel->getItem(i)->rect()1 8 QRect(0,482 1957x111)
[   147.90 ] D: _tracksModel->getItem(i)->rect()1 9 QRect(0,593 1957x111)
[   147.90 ] D: setTracksRect
[   147.90 ] D: setTracksRect
[   147.90 ] D: sltStartContentYChanged4
[   147.92 ] D: sltStartContentYChanged1
[   147.92 ] D: sltStartContentYChanged2
[   147.93 ] D: sltStartContentYChanged3
[   147.93 ] D: _tracksModel->getItem(i)->rect()1 0 QRect(0,-396 1957x111)
[   147.93 ] D: _tracksModel->getItem(i)->rect()1 1 QRect(0,-285 1957x111)
[   147.93 ] D: _tracksModel->getItem(i)->rect()1 2 QRect(0,-174 1957x111)
[   147.93 ] D: _tracksModel->getItem(i)->rect()1 3 QRect(0,-63 1957x111)
[   147.93 ] D: _tracksModel->getItem(i)->rect()1 4 QRect(0,48 1957x111)
[   147.93 ] D: _tracksModel->getItem(i)->rect()1 5 QRect(0,159 1957x111)
[   147.93 ] D: _tracksModel->getItem(i)->rect()1 6 QRect(0,270 1957x111)
[   147.93 ] D: _tracksModel->getItem(i)->rect()1 7 QRect(0,381 1957x111)
[   147.93 ] D: _tracksModel->getItem(i)->rect()1 8 QRect(0,492 1957x111)
[   147.93 ] D: _tracksModel->getItem(i)->rect()1 9 QRect(0,603 1957x111)
[   147.93 ] D: setTracksRect
[   147.93 ] D: setTracksRect
[   147.93 ] D: sltStartContentYChanged4
[   147.96 ] D: sltStartContentYChanged1
[   147.96 ] D: sltStartContentYChanged2
[   147.96 ] D: sltStartContentYChanged3
[   147.96 ] D: _tracksModel->getItem(i)->rect()1 0 QRect(0,-386 1957x111)
[   147.96 ] D: _tracksModel->getItem(i)->rect()1 1 QRect(0,-275 1957x111)
[   147.96 ] D: _tracksModel->getItem(i)->rect()1 2 QRect(0,-164 1957x111)
[   147.96 ] D: _tracksModel->getItem(i)->rect()1 3 QRect(0,-53 1957x111)
[   147.96 ] D: _tracksModel->getItem(i)->rect()1 4 QRect(0,58 1957x111)
[   147.96 ] D: _tracksModel->getItem(i)->rect()1 5 QRect(0,169 1957x111)
[   147.96 ] D: _tracksModel->getItem(i)->rect()1 6 QRect(0,280 1957x111)
[   147.96 ] D: _tracksModel->getItem(i)->rect()1 7 QRect(0,391 1957x111)
[   147.96 ] D: _tracksModel->getItem(i)->rect()1 8 QRect(0,502 1957x111)
[   147.96 ] D: _tracksModel->getItem(i)->rect()1 9 QRect(0,613 1957x111)
[   147.96 ] D: setTracksRect
[   147.96 ] D: setTracksRect
[   147.96 ] D: sltStartContentYChanged4
[   147.96 ] D: sltStartContentYChanged1
[   147.96 ] D: sltStartContentYChanged2
[   147.96 ] D: sltStartContentYChanged3
[   147.96 ] D: _tracksModel->getItem(i)->rect()1 0 QRect(0,-376 1957x111)
[   147.96 ] D: _tracksModel->getItem(i)->rect()1 1 QRect(0,-265 1957x111)
[   147.96 ] D: _tracksModel->getItem(i)->rect()1 2 QRect(0,-154 1957x111)
[   147.96 ] D: _tracksModel->getItem(i)->rect()1 3 QRect(0,-43 1957x111)
[   147.96 ] D: _tracksModel->getItem(i)->rect()1 4 QRect(0,68 1957x111)
[   147.97 ] D: _tracksModel->getItem(i)->rect()1 5 QRect(0,179 1957x111)
[   147.97 ] D: _tracksModel->getItem(i)->rect()1 6 QRect(0,290 1957x111)
[   147.97 ] D: _tracksModel->getItem(i)->rect()1 7 QRect(0,401 1957x111)
[   147.97 ] D: _tracksModel->getItem(i)->rect()1 8 QRect(0,512 1957x111)
[   147.97 ] D: _tracksModel->getItem(i)->rect()1 9 QRect(0,623 1957x111)
[   147.97 ] D: setTracksRect
[   147.97 ] D: setTracksRect
[   147.97 ] D: sltStartContentYChanged4
[   148.00 ] D: sltStartContentYChanged1
[   148.00 ] D: sltStartContentYChanged2
[   148.00 ] D: sltStartContentYChanged3
[   148.00 ] D: _tracksModel->getItem(i)->rect()1 0 QRect(0,-366 1957x111)
[   148.00 ] D: _tracksModel->getItem(i)->rect()1 1 QRect(0,-255 1957x111)
[   148.00 ] D: _tracksModel->getItem(i)->rect()1 2 QRect(0,-144 1957x111)
[   148.00 ] D: _tracksModel->getItem(i)->rect()1 3 QRect(0,-33 1957x111)
[   148.00 ] D: _tracksModel->getItem(i)->rect()1 4 QRect(0,78 1957x111)
[   148.00 ] D: _tracksModel->getItem(i)->rect()1 5 QRect(0,189 1957x111)
[   148.00 ] D: _tracksModel->getItem(i)->rect()1 6 QRect(0,300 1957x111)
[   148.00 ] D: _tracksModel->getItem(i)->rect()1 7 QRect(0,411 1957x111)
[   148.00 ] D: _tracksModel->getItem(i)->rect()1 8 QRect(0,522 1957x111)
[   148.00 ] D: _tracksModel->getItem(i)->rect()1 9 QRect(0,633 1957x111)
[   148.00 ] D: setTracksRect
[   148.00 ] D: setTracksRect
[   148.00 ] D: sltStartContentYChanged4
[   148.03 ] D: sltStartContentYChanged1
[   148.03 ] D: sltStartContentYChanged2
[   148.03 ] D: sltStartContentYChanged3
[   148.03 ] D: _tracksModel->getItem(i)->rect()1 0 QRect(0,-356 1957x111)
[   148.03 ] D: _tracksModel->getItem(i)->rect()1 1 QRect(0,-245 1957x111)
[   148.03 ] D: _tracksModel->getItem(i)->rect()1 2 QRect(0,-134 1957x111)
[   148.03 ] D: _tracksModel->getItem(i)->rect()1 3 QRect(0,-23 1957x111)
[   148.03 ] D: _tracksModel->getItem(i)->rect()1 4 QRect(0,88 1957x111)
[   148.03 ] D: _tracksModel->getItem(i)->rect()1 5 QRect(0,199 1957x111)
[   148.03 ] D: _tracksModel->getItem(i)->rect()1 6 QRect(0,310 1957x111)
[   148.03 ] D: _tracksModel->getItem(i)->rect()1 7 QRect(0,421 1957x111)
[   148.03 ] D: _tracksModel->getItem(i)->rect()1 8 QRect(0,532 1957x111)
[   148.03 ] D: _tracksModel->getItem(i)->rect()1 9 QRect(0,643 1957x111)
[   148.03 ] D: setTracksRect
[   148.03 ] D: setTracksRect
[   148.03 ] D: sltStartContentYChanged4
[   148.06 ] D: sltStartContentYChanged1
[   148.06 ] D: sltStartContentYChanged2
[   148.07 ] D: sltStartContentYChanged3
[   148.07 ] D: _tracksModel->getItem(i)->rect()1 0 QRect(0,-346 1957x111)
[   148.07 ] D: _tracksModel->getItem(i)->rect()1 1 QRect(0,-235 1957x111)
[   148.07 ] D: _tracksModel->getItem(i)->rect()1 2 QRect(0,-124 1957x111)
[   148.07 ] D: _tracksModel->getItem(i)->rect()1 3 QRect(0,-13 1957x111)
[   148.07 ] D: _tracksModel->getItem(i)->rect()1 4 QRect(0,98 1957x111)
[   148.07 ] D: _tracksModel->getItem(i)->rect()1 5 QRect(0,209 1957x111)
[   148.07 ] D: _tracksModel->getItem(i)->rect()1 6 QRect(0,320 1957x111)
[   148.07 ] D: _tracksModel->getItem(i)->rect()1 7 QRect(0,431 1957x111)
[   148.07 ] D: _tracksModel->getItem(i)->rect()1 8 QRect(0,542 1957x111)
[   148.07 ] D: _tracksModel->getItem(i)->rect()1 9 QRect(0,653 1957x111)
[   148.07 ] D: setTracksRect
[   148.07 ] D: setTracksRect
[   148.07 ] D: sltStartContentYChanged4
[   148.07 ] D: mouseReleaseEvent
[   148.07 ] D: P1
[   148.07 ] D: P2
[   148.07 ] D: _movingAutomationPoint 0 10
[   148.07 ] D: deleteSelectedArea QRectF(27000,-124 15483.9x111) QRect(0,-346 1957x111)
[   148.07 ] D: REMOVED array 0 0
[   148.07 ] D: deleteSelectedArea QRectF(27000,-124 15483.9x111) QRect(0,-235 1957x111)
[   148.07 ] D: REMOVED array 1 0
[   148.07 ] D: deleteSelectedArea QRectF(27000,-124 15483.9x111) QRect(0,-124 1957x111)
[   148.07 ] D: findOverlayItems 1 2
[   148.07 ] D: "{a9853d48-4b73-49de-83a3-149bab3a9e2a}" i.value()->sampleClip()->startTime()  27000 42483.9 42483.9 27000
[   148.07 ] D: findOverlayItems
[   148.07 ] D: deleteSelectedArea1 27000 42483.9
[   148.07 ] D: deleteSelectedArea3
[   148.09 ] D: REMOVED array 2 1
[   148.09 ] D: deleteSelectedArea QRectF(27000,-124 15483.9x111) QRect(0,-13 1957x111)
[   148.09 ] D: REMOVED array 3 0
[   148.09 ] D: deleteSelectedArea QRectF(27000,-124 15483.9x111) QRect(0,98 1957x111)
[   148.09 ] D: REMOVED array 4 0
[   148.09 ] D: deleteSelectedArea QRectF(27000,-124 15483.9x111) QRect(0,209 1957x111)
[   148.09 ] D: REMOVED array 5 0
[   148.09 ] D: deleteSelectedArea QRectF(27000,-124 15483.9x111) QRect(0,320 1957x111)
[   148.09 ] D: REMOVED array 6 0
[   148.09 ] D: deleteSelectedArea QRectF(27000,-124 15483.9x111) QRect(0,431 1957x111)
[   148.09 ] D: REMOVED array 7 0
[   148.09 ] D: deleteSelectedArea QRectF(27000,-124 15483.9x111) QRect(0,542 1957x111)
[   148.09 ] D: REMOVED array 8 0
[   148.09 ] D: deleteSelectedArea QRectF(27000,-124 15483.9x111) QRect(0,653 1957x111)
[   148.09 ] D: REMOVED array 9 0
[   148.10 ] D: findOverlayItems 1 4
[   148.10 ] D: "{3d6c7c58-4d60-4e0f-948a-33168ade8cee}" i.value()->sampleClip()->startTime()  15000 30483.9 30483.9 15000
[   148.10 ] D: findOverlayItems
[   148.12 ] D: sltStartContentYChanged1
[   148.12 ] D: sltStartContentYChanged2
[   148.12 ] D: sltStartContentYChanged3
[   148.12 ] D: _tracksModel->getItem(i)->rect()1 0 QRect(0,-336 1957x111)
[   148.12 ] D: _tracksModel->getItem(i)->rect()1 1 QRect(0,-225 1957x111)
[   148.12 ] D: _tracksModel->getItem(i)->rect()1 2 QRect(0,-114 1957x111)
[   148.12 ] D: _tracksModel->getItem(i)->rect()1 3 QRect(0,-3 1957x111)
[   148.12 ] D: _tracksModel->getItem(i)->rect()1 4 QRect(0,108 1957x111)
[   148.12 ] D: _tracksModel->getItem(i)->rect()1 5 QRect(0,219 1957x111)
[   148.12 ] D: _tracksModel->getItem(i)->rect()1 6 QRect(0,330 1957x111)
[   148.12 ] D: _tracksModel->getItem(i)->rect()1 7 QRect(0,441 1957x111)
[   148.12 ] D: _tracksModel->getItem(i)->rect()1 8 QRect(0,552 1957x111)
[   148.12 ] D: _tracksModel->getItem(i)->rect()1 9 QRect(0,663 1957x111)
[   148.12 ] D: setTracksRect
[   148.12 ] D: setTracksRect
[   148.12 ] D: sltStartContentYChanged4
[   149.92 ] D: setTracksRect
[   152.33 ] D: setTracksRect
[   155.99 ] D: sltStartContentYChanged1
[   155.99 ] D: sltStartContentYChanged2
[   155.99 ] D: sltStartContentYChanged3
[   155.99 ] D: _tracksModel->getItem(i)->rect()1 0 QRect(0,-327 1957x111)
[   155.99 ] D: _tracksModel->getItem(i)->rect()1 1 QRect(0,-216 1957x111)
[   155.99 ] D: _tracksModel->getItem(i)->rect()1 2 QRect(0,-105 1957x111)
[   155.99 ] D: _tracksModel->getItem(i)->rect()1 3 QRect(0,6 1957x111)
[   155.99 ] D: _tracksModel->getItem(i)->rect()1 4 QRect(0,117 1957x111)
[   155.99 ] D: _tracksModel->getItem(i)->rect()1 5 QRect(0,228 1957x111)
[   155.99 ] D: _tracksModel->getItem(i)->rect()1 6 QRect(0,339 1957x111)
[   155.99 ] D: _tracksModel->getItem(i)->rect()1 7 QRect(0,450 1957x111)
[   155.99 ] D: _tracksModel->getItem(i)->rect()1 8 QRect(0,561 1957x111)
[   155.99 ] D: _tracksModel->getItem(i)->rect()1 9 QRect(0,672 1957x111)
[   155.99 ] D: setTracksRect
[   155.99 ] D: setTracksRect
[   155.99 ] D: sltStartContentYChanged4
[   156.02 ] D: sltStartContentYChanged1
[   156.02 ] D: sltStartContentYChanged2
[   156.02 ] D: sltStartContentYChanged3
[   156.02 ] D: _tracksModel->getItem(i)->rect()1 0 QRect(0,-318 1957x111)
[   156.02 ] D: _tracksModel->getItem(i)->rect()1 1 QRect(0,-207 1957x111)
[   156.02 ] D: _tracksModel->getItem(i)->rect()1 2 QRect(0,-96 1957x111)
[   156.02 ] D: _tracksModel->getItem(i)->rect()1 3 QRect(0,15 1957x111)
[   156.02 ] D: _tracksModel->getItem(i)->rect()1 4 QRect(0,126 1957x111)
[   156.02 ] D: _tracksModel->getItem(i)->rect()1 5 QRect(0,237 1957x111)
[   156.02 ] D: _tracksModel->getItem(i)->rect()1 6 QRect(0,348 1957x111)
[   156.02 ] D: _tracksModel->getItem(i)->rect()1 7 QRect(0,459 1957x111)
[   156.02 ] D: _tracksModel->getItem(i)->rect()1 8 QRect(0,570 1957x111)
[   156.02 ] D: _tracksModel->getItem(i)->rect()1 9 QRect(0,681 1957x111)
[   156.02 ] D: setTracksRect
[   156.02 ] D: setTracksRect
[   156.02 ] D: sltStartContentYChanged4
[   156.05 ] D: sltStartContentYChanged1
[   156.05 ] D: sltStartContentYChanged2
[   156.06 ] D: sltStartContentYChanged3
[   156.06 ] D: _tracksModel->getItem(i)->rect()1 0 QRect(0,-309 1957x111)
[   156.06 ] D: _tracksModel->getItem(i)->rect()1 1 QRect(0,-198 1957x111)
[   156.06 ] D: _tracksModel->getItem(i)->rect()1 2 QRect(0,-87 1957x111)
[   156.06 ] D: _tracksModel->getItem(i)->rect()1 3 QRect(0,24 1957x111)
[   156.06 ] D: _tracksModel->getItem(i)->rect()1 4 QRect(0,135 1957x111)
[   156.06 ] D: _tracksModel->getItem(i)->rect()1 5 QRect(0,246 1957x111)
[   156.06 ] D: _tracksModel->getItem(i)->rect()1 6 QRect(0,357 1957x111)
[   156.06 ] D: _tracksModel->getItem(i)->rect()1 7 QRect(0,468 1957x111)
[   156.06 ] D: _tracksModel->getItem(i)->rect()1 8 QRect(0,579 1957x111)
[   156.06 ] D: _tracksModel->getItem(i)->rect()1 9 QRect(0,690 1957x111)
[   156.06 ] D: setTracksRect
[   156.06 ] D: setTracksRect
[   156.06 ] D: sltStartContentYChanged4
[   156.09 ] D: sltStartContentYChanged1
[   156.09 ] D: sltStartContentYChanged2
[   156.09 ] D: sltStartContentYChanged3
[   156.09 ] D: _tracksModel->getItem(i)->rect()1 0 QRect(0,-301 1957x111)
[   156.09 ] D: _tracksModel->getItem(i)->rect()1 1 QRect(0,-190 1957x111)
[   156.09 ] D: _tracksModel->getItem(i)->rect()1 2 QRect(0,-79 1957x111)
[   156.09 ] D: _tracksModel->getItem(i)->rect()1 3 QRect(0,32 1957x111)
[   156.09 ] D: _tracksModel->getItem(i)->rect()1 4 QRect(0,143 1957x111)
[   156.09 ] D: _tracksModel->getItem(i)->rect()1 5 QRect(0,254 1957x111)
[   156.09 ] D: _tracksModel->getItem(i)->rect()1 6 QRect(0,365 1957x111)
[   156.09 ] D: _tracksModel->getItem(i)->rect()1 7 QRect(0,476 1957x111)
[   156.09 ] D: _tracksModel->getItem(i)->rect()1 8 QRect(0,587 1957x111)
[   156.09 ] D: _tracksModel->getItem(i)->rect()1 9 QRect(0,698 1957x111)
[   156.09 ] D: setTracksRect
[   156.09 ] D: setTracksRect
[   156.09 ] D: sltStartContentYChanged4
[   156.15 ] D: sltStartContentYChanged1
[   156.15 ] D: sltStartContentYChanged2
[   156.15 ] D: sltStartContentYChanged3
[   156.15 ] D: _tracksModel->getItem(i)->rect()1 0 QRect(0,-295 1957x111)
[   156.15 ] D: _tracksModel->getItem(i)->rect()1 1 QRect(0,-184 1957x111)
[   156.15 ] D: _tracksModel->getItem(i)->rect()1 2 QRect(0,-73 1957x111)
[   156.15 ] D: _tracksModel->getItem(i)->rect()1 3 QRect(0,38 1957x111)
[   156.15 ] D: _tracksModel->getItem(i)->rect()1 4 QRect(0,149 1957x111)
[   156.15 ] D: _tracksModel->getItem(i)->rect()1 5 QRect(0,260 1957x111)
[   156.15 ] D: _tracksModel->getItem(i)->rect()1 6 QRect(0,371 1957x111)
[   156.15 ] D: _tracksModel->getItem(i)->rect()1 7 QRect(0,482 1957x111)
[   156.15 ] D: _tracksModel->getItem(i)->rect()1 8 QRect(0,593 1957x111)
[   156.15 ] D: _tracksModel->getItem(i)->rect()1 9 QRect(0,704 1957x111)
[   156.15 ] D: setTracksRect
[   156.15 ] D: setTracksRect
[   156.15 ] D: sltStartContentYChanged4
[   156.18 ] D: sltStartContentYChanged1
[   156.18 ] D: sltStartContentYChanged2
[   156.18 ] D: sltStartContentYChanged3
[   156.18 ] D: _tracksModel->getItem(i)->rect()1 0 QRect(0,-291 1957x111)
[   156.18 ] D: _tracksModel->getItem(i)->rect()1 1 QRect(0,-180 1957x111)
[   156.18 ] D: _tracksModel->getItem(i)->rect()1 2 QRect(0,-69 1957x111)
[   156.18 ] D: _tracksModel->getItem(i)->rect()1 3 QRect(0,42 1957x111)
[   156.18 ] D: _tracksModel->getItem(i)->rect()1 4 QRect(0,153 1957x111)
[   156.18 ] D: _tracksModel->getItem(i)->rect()1 5 QRect(0,264 1957x111)
[   156.18 ] D: _tracksModel->getItem(i)->rect()1 6 QRect(0,375 1957x111)
[   156.19 ] D: _tracksModel->getItem(i)->rect()1 7 QRect(0,486 1957x111)
[   156.19 ] D: _tracksModel->getItem(i)->rect()1 8 QRect(0,597 1957x111)
[   156.19 ] D: _tracksModel->getItem(i)->rect()1 9 QRect(0,708 1957x111)
[   156.19 ] D: setTracksRect
[   156.19 ] D: setTracksRect
[   156.19 ] D: sltStartContentYChanged4
[   156.19 ] D: sltStartContentYChanged1
[   156.19 ] D: sltStartContentYChanged2
[   156.19 ] D: sltStartContentYChanged3
[   156.19 ] D: _tracksModel->getItem(i)->rect()1 0 QRect(0,-288 1957x111)
[   156.19 ] D: _tracksModel->getItem(i)->rect()1 1 QRect(0,-177 1957x111)
[   156.19 ] D: _tracksModel->getItem(i)->rect()1 2 QRect(0,-66 1957x111)
[   156.19 ] D: _tracksModel->getItem(i)->rect()1 3 QRect(0,45 1957x111)
[   156.19 ] D: _tracksModel->getItem(i)->rect()1 4 QRect(0,156 1957x111)
[   156.19 ] D: _tracksModel->getItem(i)->rect()1 5 QRect(0,267 1957x111)
[   156.19 ] D: _tracksModel->getItem(i)->rect()1 6 QRect(0,378 1957x111)
[   156.19 ] D: _tracksModel->getItem(i)->rect()1 7 QRect(0,489 1957x111)
[   156.19 ] D: _tracksModel->getItem(i)->rect()1 8 QRect(0,600 1957x111)
[   156.19 ] D: _tracksModel->getItem(i)->rect()1 9 QRect(0,711 1957x111)
[   156.19 ] D: setTracksRect
[   156.19 ] D: setTracksRect
[   156.19 ] D: sltStartContentYChanged4
[   156.29 ] D: sltStartContentYChanged1
[   156.29 ] D: sltStartContentYChanged2
[   156.29 ] D: sltStartContentYChanged3
[   156.29 ] D: _tracksModel->getItem(i)->rect()1 0 QRect(0,-271 1957x111)
[   156.29 ] D: _tracksModel->getItem(i)->rect()1 1 QRect(0,-160 1957x111)
[   156.29 ] D: _tracksModel->getItem(i)->rect()1 2 QRect(0,-49 1957x111)
[   156.29 ] D: _tracksModel->getItem(i)->rect()1 3 QRect(0,62 1957x111)
[   156.29 ] D: _tracksModel->getItem(i)->rect()1 4 QRect(0,173 1957x111)
[   156.29 ] D: _tracksModel->getItem(i)->rect()1 5 QRect(0,284 1957x111)
[   156.29 ] D: _tracksModel->getItem(i)->rect()1 6 QRect(0,395 1957x111)
[   156.29 ] D: _tracksModel->getItem(i)->rect()1 7 QRect(0,506 1957x111)
[   156.29 ] D: _tracksModel->getItem(i)->rect()1 8 QRect(0,617 1957x111)
[   156.29 ] D: _tracksModel->getItem(i)->rect()1 9 QRect(0,728 1957x111)
[   156.29 ] D: setTracksRect
[   156.29 ] D: setTracksRect
[   156.29 ] D: sltStartContentYChanged4
[   156.37 ] D: sltStartContentYChanged1
[   156.37 ] D: sltStartContentYChanged2
[   156.37 ] D: sltStartContentYChanged3
[   156.37 ] D: _tracksModel->getItem(i)->rect()1 0 QRect(0,-262 1957x111)
[   156.37 ] D: _tracksModel->getItem(i)->rect()1 1 QRect(0,-151 1957x111)
[   156.37 ] D: _tracksModel->getItem(i)->rect()1 2 QRect(0,-40 1957x111)
[   156.37 ] D: _tracksModel->getItem(i)->rect()1 3 QRect(0,71 1957x111)
[   156.37 ] D: _tracksModel->getItem(i)->rect()1 4 QRect(0,182 1957x111)
[   156.37 ] D: _tracksModel->getItem(i)->rect()1 5 QRect(0,293 1957x111)
[   156.37 ] D: _tracksModel->getItem(i)->rect()1 6 QRect(0,404 1957x111)
[   156.37 ] D: _tracksModel->getItem(i)->rect()1 7 QRect(0,515 1957x111)
[   156.37 ] D: _tracksModel->getItem(i)->rect()1 8 QRect(0,626 1957x111)
[   156.37 ] D: _tracksModel->getItem(i)->rect()1 9 QRect(0,737 1957x111)
[   156.37 ] D: setTracksRect
[   156.37 ] D: setTracksRect
[   156.37 ] D: sltStartContentYChanged4
[   156.38 ] D: sltStartContentYChanged1
[   156.38 ] D: sltStartContentYChanged2
[   156.38 ] D: sltStartContentYChanged3
[   156.38 ] D: _tracksModel->getItem(i)->rect()1 0 QRect(0,-257 1957x111)
[   156.38 ] D: _tracksModel->getItem(i)->rect()1 1 QRect(0,-146 1957x111)
[   156.38 ] D: _tracksModel->getItem(i)->rect()1 2 QRect(0,-35 1957x111)
[   156.38 ] D: _tracksModel->getItem(i)->rect()1 3 QRect(0,76 1957x111)
[   156.38 ] D: _tracksModel->getItem(i)->rect()1 4 QRect(0,187 1957x111)
[   156.38 ] D: _tracksModel->getItem(i)->rect()1 5 QRect(0,298 1957x111)
[   156.38 ] D: _tracksModel->getItem(i)->rect()1 6 QRect(0,409 1957x111)
[   156.38 ] D: _tracksModel->getItem(i)->rect()1 7 QRect(0,520 1957x111)
[   156.38 ] D: _tracksModel->getItem(i)->rect()1 8 QRect(0,631 1957x111)
[   156.38 ] D: _tracksModel->getItem(i)->rect()1 9 QRect(0,742 1957x111)
[   156.38 ] D: setTracksRect
[   156.38 ] D: setTracksRect
[   156.38 ] D: sltStartContentYChanged4
[   156.40 ] D: sltStartContentYChanged1
[   156.40 ] D: sltStartContentYChanged2
[   156.41 ] D: sltStartContentYChanged3
[   156.41 ] D: _tracksModel->getItem(i)->rect()1 0 QRect(0,-251 1957x111)
[   156.41 ] D: _tracksModel->getItem(i)->rect()1 1 QRect(0,-140 1957x111)
[   156.41 ] D: _tracksModel->getItem(i)->rect()1 2 QRect(0,-29 1957x111)
[   156.41 ] D: _tracksModel->getItem(i)->rect()1 3 QRect(0,82 1957x111)
[   156.41 ] D: _tracksModel->getItem(i)->rect()1 4 QRect(0,193 1957x111)
[   156.41 ] D: _tracksModel->getItem(i)->rect()1 5 QRect(0,304 1957x111)
[   156.41 ] D: _tracksModel->getItem(i)->rect()1 6 QRect(0,415 1957x111)
[   156.41 ] D: _tracksModel->getItem(i)->rect()1 7 QRect(0,526 1957x111)
[   156.41 ] D: _tracksModel->getItem(i)->rect()1 8 QRect(0,637 1957x111)
[   156.41 ] D: _tracksModel->getItem(i)->rect()1 9 QRect(0,748 1957x111)
[   156.41 ] D: setTracksRect
[   156.41 ] D: setTracksRect
[   156.41 ] D: sltStartContentYChanged4
[   156.51 ] D: sltStartContentYChanged1
[   156.51 ] D: sltStartContentYChanged2
[   156.51 ] D: sltStartContentYChanged3
[   156.51 ] D: _tracksModel->getItem(i)->rect()1 0 QRect(0,-242 1957x111)
[   156.51 ] D: _tracksModel->getItem(i)->rect()1 1 QRect(0,-131 1957x111)
[   156.51 ] D: _tracksModel->getItem(i)->rect()1 2 QRect(0,-20 1957x111)
[   156.51 ] D: _tracksModel->getItem(i)->rect()1 3 QRect(0,91 1957x111)
[   156.51 ] D: _tracksModel->getItem(i)->rect()1 4 QRect(0,202 1957x111)
[   156.51 ] D: _tracksModel->getItem(i)->rect()1 5 QRect(0,313 1957x111)
[   156.51 ] D: _tracksModel->getItem(i)->rect()1 6 QRect(0,424 1957x111)
[   156.51 ] D: _tracksModel->getItem(i)->rect()1 7 QRect(0,535 1957x111)
[   156.51 ] D: _tracksModel->getItem(i)->rect()1 8 QRect(0,646 1957x111)
[   156.51 ] D: _tracksModel->getItem(i)->rect()1 9 QRect(0,757 1957x111)
[   156.51 ] D: setTracksRect
[   156.51 ] D: setTracksRect
[   156.51 ] D: sltStartContentYChanged4
[   156.56 ] D: sltStartContentYChanged1
[   156.56 ] D: sltStartContentYChanged2
[   156.56 ] D: sltStartContentYChanged3
[   156.56 ] D: _tracksModel->getItem(i)->rect()1 0 QRect(0,-241 1957x111)
[   156.56 ] D: _tracksModel->getItem(i)->rect()1 1 QRect(0,-130 1957x111)
[   156.56 ] D: _tracksModel->getItem(i)->rect()1 2 QRect(0,-19 1957x111)
[   156.56 ] D: _tracksModel->getItem(i)->rect()1 3 QRect(0,92 1957x111)
[   156.56 ] D: _tracksModel->getItem(i)->rect()1 4 QRect(0,203 1957x111)
[   156.56 ] D: _tracksModel->getItem(i)->rect()1 5 QRect(0,314 1957x111)
[   156.56 ] D: _tracksModel->getItem(i)->rect()1 6 QRect(0,425 1957x111)
[   156.56 ] D: _tracksModel->getItem(i)->rect()1 7 QRect(0,536 1957x111)
[   156.56 ] D: _tracksModel->getItem(i)->rect()1 8 QRect(0,647 1957x111)
[   156.56 ] D: _tracksModel->getItem(i)->rect()1 9 QRect(0,758 1957x111)
[   156.56 ] D: setTracksRect
[   156.56 ] D: setTracksRect
[   156.56 ] D: sltStartContentYChanged4
[   162.29 ] D: sltStartContentYChanged1
[   162.29 ] D: sltStartContentYChanged2
[   162.29 ] D: sltStartContentYChanged3
[   162.29 ] D: _tracksModel->getItem(i)->rect()1 0 QRect(0,-247 1957x111)
[   162.29 ] D: _tracksModel->getItem(i)->rect()1 1 QRect(0,-136 1957x111)
[   162.29 ] D: _tracksModel->getItem(i)->rect()1 2 QRect(0,-25 1957x111)
[   162.29 ] D: _tracksModel->getItem(i)->rect()1 3 QRect(0,86 1957x111)
[   162.29 ] D: _tracksModel->getItem(i)->rect()1 4 QRect(0,197 1957x111)
[   162.29 ] D: _tracksModel->getItem(i)->rect()1 5 QRect(0,308 1957x111)
[   162.29 ] D: _tracksModel->getItem(i)->rect()1 6 QRect(0,419 1957x111)
[   162.29 ] D: _tracksModel->getItem(i)->rect()1 7 QRect(0,530 1957x111)
[   162.29 ] D: _tracksModel->getItem(i)->rect()1 8 QRect(0,641 1957x111)
[   162.29 ] D: _tracksModel->getItem(i)->rect()1 9 QRect(0,752 1957x111)
[   162.29 ] D: setTracksRect
[   162.29 ] D: setTracksRect
[   162.29 ] D: sltStartContentYChanged4
[   162.31 ] D: sltStartContentYChanged1
[   162.31 ] D: sltStartContentYChanged2
[   162.31 ] D: sltStartContentYChanged3
[   162.31 ] D: _tracksModel->getItem(i)->rect()1 0 QRect(0,-253 1957x111)
[   162.31 ] D: _tracksModel->getItem(i)->rect()1 1 QRect(0,-142 1957x111)
[   162.31 ] D: _tracksModel->getItem(i)->rect()1 2 QRect(0,-31 1957x111)
[   162.31 ] D: _tracksModel->getItem(i)->rect()1 3 QRect(0,80 1957x111)
[   162.31 ] D: _tracksModel->getItem(i)->rect()1 4 QRect(0,191 1957x111)
[   162.31 ] D: _tracksModel->getItem(i)->rect()1 5 QRect(0,302 1957x111)
[   162.31 ] D: _tracksModel->getItem(i)->rect()1 6 QRect(0,413 1957x111)
[   162.31 ] D: _tracksModel->getItem(i)->rect()1 7 QRect(0,524 1957x111)
[   162.31 ] D: _tracksModel->getItem(i)->rect()1 8 QRect(0,635 1957x111)
[   162.31 ] D: _tracksModel->getItem(i)->rect()1 9 QRect(0,746 1957x111)
[   162.31 ] D: setTracksRect
[   162.31 ] D: setTracksRect
[   162.31 ] D: sltStartContentYChanged4
[   162.34 ] D: sltStartContentYChanged1
[   162.34 ] D: sltStartContentYChanged2
[   162.34 ] D: sltStartContentYChanged3
[   162.34 ] D: _tracksModel->getItem(i)->rect()1 0 QRect(0,-261 1957x111)
[   162.34 ] D: _tracksModel->getItem(i)->rect()1 1 QRect(0,-150 1957x111)
[   162.34 ] D: _tracksModel->getItem(i)->rect()1 2 QRect(0,-39 1957x111)
[   162.34 ] D: _tracksModel->getItem(i)->rect()1 3 QRect(0,72 1957x111)
[   162.34 ] D: _tracksModel->getItem(i)->rect()1 4 QRect(0,183 1957x111)
[   162.34 ] D: _tracksModel->getItem(i)->rect()1 5 QRect(0,294 1957x111)
[   162.34 ] D: _tracksModel->getItem(i)->rect()1 6 QRect(0,405 1957x111)
[   162.34 ] D: _tracksModel->getItem(i)->rect()1 7 QRect(0,516 1957x111)
[   162.34 ] D: _tracksModel->getItem(i)->rect()1 8 QRect(0,627 1957x111)
[   162.34 ] D: _tracksModel->getItem(i)->rect()1 9 QRect(0,738 1957x111)
[   162.34 ] D: setTracksRect
[   162.34 ] D: setTracksRect
[   162.34 ] D: sltStartContentYChanged4
[   162.40 ] D: sltStartContentYChanged1
[   162.40 ] D: sltStartContentYChanged2
[   162.40 ] D: sltStartContentYChanged3
[   162.40 ] D: _tracksModel->getItem(i)->rect()1 0 QRect(0,-271 1957x111)
[   162.40 ] D: _tracksModel->getItem(i)->rect()1 1 QRect(0,-160 1957x111)
[   162.40 ] D: _tracksModel->getItem(i)->rect()1 2 QRect(0,-49 1957x111)
[   162.40 ] D: _tracksModel->getItem(i)->rect()1 3 QRect(0,62 1957x111)
[   162.40 ] D: _tracksModel->getItem(i)->rect()1 4 QRect(0,173 1957x111)
[   162.40 ] D: _tracksModel->getItem(i)->rect()1 5 QRect(0,284 1957x111)
[   162.40 ] D: _tracksModel->getItem(i)->rect()1 6 QRect(0,395 1957x111)
[   162.40 ] D: _tracksModel->getItem(i)->rect()1 7 QRect(0,506 1957x111)
[   162.40 ] D: _tracksModel->getItem(i)->rect()1 8 QRect(0,617 1957x111)
[   162.40 ] D: _tracksModel->getItem(i)->rect()1 9 QRect(0,728 1957x111)
[   162.40 ] D: setTracksRect
[   162.40 ] D: setTracksRect
[   162.40 ] D: sltStartContentYChanged4
[   162.43 ] D: sltStartContentYChanged1
[   162.43 ] D: sltStartContentYChanged2
[   162.43 ] D: sltStartContentYChanged3
[   162.43 ] D: _tracksModel->getItem(i)->rect()1 0 QRect(0,-278 1957x111)
[   162.43 ] D: _tracksModel->getItem(i)->rect()1 1 QRect(0,-167 1957x111)
[   162.43 ] D: _tracksModel->getItem(i)->rect()1 2 QRect(0,-56 1957x111)
[   162.43 ] D: _tracksModel->getItem(i)->rect()1 3 QRect(0,55 1957x111)
[   162.43 ] D: _tracksModel->getItem(i)->rect()1 4 QRect(0,166 1957x111)
[   162.43 ] D: _tracksModel->getItem(i)->rect()1 5 QRect(0,277 1957x111)
[   162.43 ] D: _tracksModel->getItem(i)->rect()1 6 QRect(0,388 1957x111)
[   162.43 ] D: _tracksModel->getItem(i)->rect()1 7 QRect(0,499 1957x111)
[   162.43 ] D: _tracksModel->getItem(i)->rect()1 8 QRect(0,610 1957x111)
[   162.43 ] D: _tracksModel->getItem(i)->rect()1 9 QRect(0,721 1957x111)
[   162.43 ] D: setTracksRect
[   162.43 ] D: setTracksRect
[   162.43 ] D: sltStartContentYChanged4
[   162.44 ] D: sltStartContentYChanged1
[   162.44 ] D: sltStartContentYChanged2
[   162.44 ] D: sltStartContentYChanged3
[   162.44 ] D: _tracksModel->getItem(i)->rect()1 0 QRect(0,-284 1957x111)
[   162.44 ] D: _tracksModel->getItem(i)->rect()1 1 QRect(0,-173 1957x111)
[   162.44 ] D: _tracksModel->getItem(i)->rect()1 2 QRect(0,-62 1957x111)
[   162.44 ] D: _tracksModel->getItem(i)->rect()1 3 QRect(0,49 1957x111)
[   162.44 ] D: _tracksModel->getItem(i)->rect()1 4 QRect(0,160 1957x111)
[   162.44 ] D: _tracksModel->getItem(i)->rect()1 5 QRect(0,271 1957x111)
[   162.44 ] D: _tracksModel->getItem(i)->rect()1 6 QRect(0,382 1957x111)
[   162.44 ] D: _tracksModel->getItem(i)->rect()1 7 QRect(0,493 1957x111)
[   162.44 ] D: _tracksModel->getItem(i)->rect()1 8 QRect(0,604 1957x111)
[   162.44 ] D: _tracksModel->getItem(i)->rect()1 9 QRect(0,715 1957x111)
[   162.44 ] D: setTracksRect
[   162.44 ] D: setTracksRect
[   162.44 ] D: sltStartContentYChanged4
[   162.46 ] D: sltStartContentYChanged1
[   162.46 ] D: sltStartContentYChanged2
[   162.47 ] D: sltStartContentYChanged3
[   162.47 ] D: _tracksModel->getItem(i)->rect()1 0 QRect(0,-287 1957x111)
[   162.47 ] D: _tracksModel->getItem(i)->rect()1 1 QRect(0,-176 1957x111)
[   162.47 ] D: _tracksModel->getItem(i)->rect()1 2 QRect(0,-65 1957x111)
[   162.47 ] D: _tracksModel->getItem(i)->rect()1 3 QRect(0,46 1957x111)
[   162.47 ] D: _tracksModel->getItem(i)->rect()1 4 QRect(0,157 1957x111)
[   162.47 ] D: _tracksModel->getItem(i)->rect()1 5 QRect(0,268 1957x111)
[   162.47 ] D: _tracksModel->getItem(i)->rect()1 6 QRect(0,379 1957x111)
[   162.47 ] D: _tracksModel->getItem(i)->rect()1 7 QRect(0,490 1957x111)
[   162.47 ] D: _tracksModel->getItem(i)->rect()1 8 QRect(0,601 1957x111)
[   162.47 ] D: _tracksModel->getItem(i)->rect()1 9 QRect(0,712 1957x111)
[   162.47 ] D: setTracksRect
[   162.47 ] D: setTracksRect
[   162.47 ] D: sltStartContentYChanged4
[   162.51 ] D: sltStartContentYChanged1
[   162.51 ] D: sltStartContentYChanged2
[   162.51 ] D: sltStartContentYChanged3
[   162.51 ] D: _tracksModel->getItem(i)->rect()1 0 QRect(0,-291 1957x111)
[   162.51 ] D: _tracksModel->getItem(i)->rect()1 1 QRect(0,-180 1957x111)
[   162.51 ] D: _tracksModel->getItem(i)->rect()1 2 QRect(0,-69 1957x111)
[   162.51 ] D: _tracksModel->getItem(i)->rect()1 3 QRect(0,42 1957x111)
[   162.51 ] D: _tracksModel->getItem(i)->rect()1 4 QRect(0,153 1957x111)
[   162.51 ] D: _tracksModel->getItem(i)->rect()1 5 QRect(0,264 1957x111)
[   162.51 ] D: _tracksModel->getItem(i)->rect()1 6 QRect(0,375 1957x111)
[   162.51 ] D: _tracksModel->getItem(i)->rect()1 7 QRect(0,486 1957x111)
[   162.51 ] D: _tracksModel->getItem(i)->rect()1 8 QRect(0,597 1957x111)
[   162.51 ] D: _tracksModel->getItem(i)->rect()1 9 QRect(0,708 1957x111)
[   162.51 ] D: setTracksRect
[   162.51 ] D: setTracksRect
[   162.51 ] D: sltStartContentYChanged4
[   162.57 ] D: sltStartContentYChanged1
[   162.57 ] D: sltStartContentYChanged2
[   162.57 ] D: sltStartContentYChanged3
[   162.57 ] D: _tracksModel->getItem(i)->rect()1 0 QRect(0,-292 1957x111)
[   162.57 ] D: _tracksModel->getItem(i)->rect()1 1 QRect(0,-181 1957x111)
[   162.57 ] D: _tracksModel->getItem(i)->rect()1 2 QRect(0,-70 1957x111)
[   162.57 ] D: _tracksModel->getItem(i)->rect()1 3 QRect(0,41 1957x111)
[   162.57 ] D: _tracksModel->getItem(i)->rect()1 4 QRect(0,152 1957x111)
[   162.57 ] D: _tracksModel->getItem(i)->rect()1 5 QRect(0,263 1957x111)
[   162.57 ] D: _tracksModel->getItem(i)->rect()1 6 QRect(0,374 1957x111)
[   162.57 ] D: _tracksModel->getItem(i)->rect()1 7 QRect(0,485 1957x111)
[   162.57 ] D: _tracksModel->getItem(i)->rect()1 8 QRect(0,596 1957x111)
[   162.57 ] D: _tracksModel->getItem(i)->rect()1 9 QRect(0,707 1957x111)
[   162.57 ] D: setTracksRect
[   162.57 ] D: setTracksRect
[   162.57 ] D: sltStartContentYChanged4
[   162.65 ] D: sltStartContentYChanged1
[   162.65 ] D: sltStartContentYChanged2
[   162.65 ] D: sltStartContentYChanged3
[   162.65 ] D: _tracksModel->getItem(i)->rect()1 0 QRect(0,-300 1957x111)
[   162.65 ] D: _tracksModel->getItem(i)->rect()1 1 QRect(0,-189 1957x111)
[   162.65 ] D: _tracksModel->getItem(i)->rect()1 2 QRect(0,-78 1957x111)
[   162.65 ] D: _tracksModel->getItem(i)->rect()1 3 QRect(0,33 1957x111)
[   162.65 ] D: _tracksModel->getItem(i)->rect()1 4 QRect(0,144 1957x111)
[   162.65 ] D: _tracksModel->getItem(i)->rect()1 5 QRect(0,255 1957x111)
[   162.65 ] D: _tracksModel->getItem(i)->rect()1 6 QRect(0,366 1957x111)
[   162.65 ] D: _tracksModel->getItem(i)->rect()1 7 QRect(0,477 1957x111)
[   162.65 ] D: _tracksModel->getItem(i)->rect()1 8 QRect(0,588 1957x111)
[   162.65 ] D: _tracksModel->getItem(i)->rect()1 9 QRect(0,699 1957x111)
[   162.65 ] D: setTracksRect
[   162.65 ] D: setTracksRect
[   162.65 ] D: sltStartContentYChanged4
[   162.70 ] D: sltStartContentYChanged1
[   162.70 ] D: sltStartContentYChanged2
[   162.70 ] D: sltStartContentYChanged3
[   162.70 ] D: _tracksModel->getItem(i)->rect()1 0 QRect(0,-302 1957x111)
[   162.70 ] D: _tracksModel->getItem(i)->rect()1 1 QRect(0,-191 1957x111)
[   162.70 ] D: _tracksModel->getItem(i)->rect()1 2 QRect(0,-80 1957x111)
[   162.70 ] D: _tracksModel->getItem(i)->rect()1 3 QRect(0,31 1957x111)
[   162.70 ] D: _tracksModel->getItem(i)->rect()1 4 QRect(0,142 1957x111)
[   162.70 ] D: _tracksModel->getItem(i)->rect()1 5 QRect(0,253 1957x111)
[   162.70 ] D: _tracksModel->getItem(i)->rect()1 6 QRect(0,364 1957x111)
[   162.70 ] D: _tracksModel->getItem(i)->rect()1 7 QRect(0,475 1957x111)
[   162.70 ] D: _tracksModel->getItem(i)->rect()1 8 QRect(0,586 1957x111)
[   162.70 ] D: _tracksModel->getItem(i)->rect()1 9 QRect(0,697 1957x111)
[   162.70 ] D: setTracksRect
[   162.70 ] D: setTracksRect
[   162.70 ] D: sltStartContentYChanged4
[   162.73 ] D: sltStartContentYChanged1
[   162.73 ] D: sltStartContentYChanged2
[   162.73 ] D: sltStartContentYChanged3
[   162.73 ] D: _tracksModel->getItem(i)->rect()1 0 QRect(0,-315 1957x111)
[   162.73 ] D: _tracksModel->getItem(i)->rect()1 1 QRect(0,-204 1957x111)
[   162.73 ] D: _tracksModel->getItem(i)->rect()1 2 QRect(0,-93 1957x111)
[   162.73 ] D: _tracksModel->getItem(i)->rect()1 3 QRect(0,18 1957x111)
[   162.73 ] D: _tracksModel->getItem(i)->rect()1 4 QRect(0,129 1957x111)
[   162.73 ] D: _tracksModel->getItem(i)->rect()1 5 QRect(0,240 1957x111)
[   162.73 ] D: _tracksModel->getItem(i)->rect()1 6 QRect(0,351 1957x111)
[   162.73 ] D: _tracksModel->getItem(i)->rect()1 7 QRect(0,462 1957x111)
[   162.73 ] D: _tracksModel->getItem(i)->rect()1 8 QRect(0,573 1957x111)
[   162.73 ] D: _tracksModel->getItem(i)->rect()1 9 QRect(0,684 1957x111)
[   162.73 ] D: setTracksRect
[   162.73 ] D: setTracksRect
[   162.73 ] D: sltStartContentYChanged4
[   162.76 ] D: sltStartContentYChanged1
[   162.76 ] D: sltStartContentYChanged2
[   162.76 ] D: sltStartContentYChanged3
[   162.76 ] D: _tracksModel->getItem(i)->rect()1 0 QRect(0,-320 1957x111)
[   162.77 ] D: _tracksModel->getItem(i)->rect()1 1 QRect(0,-209 1957x111)
[   162.77 ] D: _tracksModel->getItem(i)->rect()1 2 QRect(0,-98 1957x111)
[   162.77 ] D: _tracksModel->getItem(i)->rect()1 3 QRect(0,13 1957x111)
[   162.77 ] D: _tracksModel->getItem(i)->rect()1 4 QRect(0,124 1957x111)
[   162.77 ] D: _tracksModel->getItem(i)->rect()1 5 QRect(0,235 1957x111)
[   162.77 ] D: _tracksModel->getItem(i)->rect()1 6 QRect(0,346 1957x111)
[   162.77 ] D: _tracksModel->getItem(i)->rect()1 7 QRect(0,457 1957x111)
[   162.77 ] D: _tracksModel->getItem(i)->rect()1 8 QRect(0,568 1957x111)
[   162.77 ] D: _tracksModel->getItem(i)->rect()1 9 QRect(0,679 1957x111)
[   162.77 ] D: setTracksRect
[   162.77 ] D: setTracksRect
[   162.77 ] D: sltStartContentYChanged4
[   162.77 ] D: sltStartContentYChanged1
[   162.77 ] D: sltStartContentYChanged2
[   162.77 ] D: sltStartContentYChanged3
[   162.77 ] D: _tracksModel->getItem(i)->rect()1 0 QRect(0,-325 1957x111)
[   162.77 ] D: _tracksModel->getItem(i)->rect()1 1 QRect(0,-214 1957x111)
[   162.77 ] D: _tracksModel->getItem(i)->rect()1 2 QRect(0,-103 1957x111)
[   162.77 ] D: _tracksModel->getItem(i)->rect()1 3 QRect(0,8 1957x111)
[   162.77 ] D: _tracksModel->getItem(i)->rect()1 4 QRect(0,119 1957x111)
[   162.77 ] D: _tracksModel->getItem(i)->rect()1 5 QRect(0,230 1957x111)
[   162.77 ] D: _tracksModel->getItem(i)->rect()1 6 QRect(0,341 1957x111)
[   162.77 ] D: _tracksModel->getItem(i)->rect()1 7 QRect(0,452 1957x111)
[   162.77 ] D: _tracksModel->getItem(i)->rect()1 8 QRect(0,563 1957x111)
[   162.77 ] D: _tracksModel->getItem(i)->rect()1 9 QRect(0,674 1957x111)
[   162.77 ] D: setTracksRect
[   162.77 ] D: setTracksRect
[   162.77 ] D: sltStartContentYChanged4
[   162.79 ] D: sltStartContentYChanged1
[   162.79 ] D: sltStartContentYChanged2
[   162.80 ] D: sltStartContentYChanged3
[   162.80 ] D: _tracksModel->getItem(i)->rect()1 0 QRect(0,-328 1957x111)
[   162.80 ] D: _tracksModel->getItem(i)->rect()1 1 QRect(0,-217 1957x111)
[   162.80 ] D: _tracksModel->getItem(i)->rect()1 2 QRect(0,-106 1957x111)
[   162.80 ] D: _tracksModel->getItem(i)->rect()1 3 QRect(0,5 1957x111)
[   162.80 ] D: _tracksModel->getItem(i)->rect()1 4 QRect(0,116 1957x111)
[   162.80 ] D: _tracksModel->getItem(i)->rect()1 5 QRect(0,227 1957x111)
[   162.80 ] D: _tracksModel->getItem(i)->rect()1 6 QRect(0,338 1957x111)
[   162.80 ] D: _tracksModel->getItem(i)->rect()1 7 QRect(0,449 1957x111)
[   162.80 ] D: _tracksModel->getItem(i)->rect()1 8 QRect(0,560 1957x111)
[   162.80 ] D: _tracksModel->getItem(i)->rect()1 9 QRect(0,671 1957x111)
[   162.80 ] D: setTracksRect
[   162.80 ] D: setTracksRect
[   162.80 ] D: sltStartContentYChanged4
[   162.86 ] D: sltStartContentYChanged1
[   162.86 ] D: sltStartContentYChanged2
[   162.86 ] D: sltStartContentYChanged3
[   162.86 ] D: _tracksModel->getItem(i)->rect()1 0 QRect(0,-330 1957x111)
[   162.86 ] D: _tracksModel->getItem(i)->rect()1 1 QRect(0,-219 1957x111)
[   162.86 ] D: _tracksModel->getItem(i)->rect()1 2 QRect(0,-108 1957x111)
[   162.86 ] D: _tracksModel->getItem(i)->rect()1 3 QRect(0,3 1957x111)
[   162.86 ] D: _tracksModel->getItem(i)->rect()1 4 QRect(0,114 1957x111)
[   162.86 ] D: _tracksModel->getItem(i)->rect()1 5 QRect(0,225 1957x111)
[   162.86 ] D: _tracksModel->getItem(i)->rect()1 6 QRect(0,336 1957x111)
[   162.86 ] D: _tracksModel->getItem(i)->rect()1 7 QRect(0,447 1957x111)
[   162.86 ] D: _tracksModel->getItem(i)->rect()1 8 QRect(0,558 1957x111)
[   162.86 ] D: _tracksModel->getItem(i)->rect()1 9 QRect(0,669 1957x111)
[   162.86 ] D: setTracksRect
[   162.86 ] D: setTracksRect
[   162.86 ] D: sltStartContentYChanged4
[   166.49 ] D: setTracksRect
[   167.72 ] D: sltStartContentYChanged1
[   167.72 ] D: sltStartContentYChanged2
[   167.72 ] D: sltStartContentYChanged3
[   167.72 ] D: _tracksModel->getItem(i)->rect()1 0 QRect(0,-317 1957x111)
[   167.72 ] D: _tracksModel->getItem(i)->rect()1 1 QRect(0,-206 1957x111)
[   167.72 ] D: _tracksModel->getItem(i)->rect()1 2 QRect(0,-95 1957x111)
[   167.72 ] D: _tracksModel->getItem(i)->rect()1 3 QRect(0,16 1957x111)
[   167.72 ] D: _tracksModel->getItem(i)->rect()1 4 QRect(0,127 1957x111)
[   167.72 ] D: _tracksModel->getItem(i)->rect()1 5 QRect(0,238 1957x111)
[   167.72 ] D: _tracksModel->getItem(i)->rect()1 6 QRect(0,349 1957x111)
[   167.72 ] D: _tracksModel->getItem(i)->rect()1 7 QRect(0,460 1957x111)
[   167.72 ] D: _tracksModel->getItem(i)->rect()1 8 QRect(0,571 1957x111)
[   167.72 ] D: _tracksModel->getItem(i)->rect()1 9 QRect(0,682 1957x111)
[   167.72 ] D: setTracksRect
[   167.72 ] D: setTracksRect
[   167.72 ] D: sltStartContentYChanged4
[   167.73 ] D: sltStartContentYChanged1
[   167.73 ] D: sltStartContentYChanged2
[   167.73 ] D: sltStartContentYChanged3
[   167.73 ] D: _tracksModel->getItem(i)->rect()1 0 QRect(0,-313 1957x111)
[   167.73 ] D: _tracksModel->getItem(i)->rect()1 1 QRect(0,-202 1957x111)
[   167.73 ] D: _tracksModel->getItem(i)->rect()1 2 QRect(0,-91 1957x111)
[   167.73 ] D: _tracksModel->getItem(i)->rect()1 3 QRect(0,20 1957x111)
[   167.73 ] D: _tracksModel->getItem(i)->rect()1 4 QRect(0,131 1957x111)
[   167.73 ] D: _tracksModel->getItem(i)->rect()1 5 QRect(0,242 1957x111)
[   167.73 ] D: _tracksModel->getItem(i)->rect()1 6 QRect(0,353 1957x111)
[   167.73 ] D: _tracksModel->getItem(i)->rect()1 7 QRect(0,464 1957x111)
[   167.73 ] D: _tracksModel->getItem(i)->rect()1 8 QRect(0,575 1957x111)
[   167.73 ] D: _tracksModel->getItem(i)->rect()1 9 QRect(0,686 1957x111)
[   167.73 ] D: setTracksRect
[   167.73 ] D: setTracksRect
[   167.73 ] D: sltStartContentYChanged4
[   167.75 ] D: sltStartContentYChanged1
[   167.75 ] D: sltStartContentYChanged2
[   167.76 ] D: sltStartContentYChanged3
[   167.76 ] D: _tracksModel->getItem(i)->rect()1 0 QRect(0,-310 1957x111)
[   167.76 ] D: _tracksModel->getItem(i)->rect()1 1 QRect(0,-199 1957x111)
[   167.76 ] D: _tracksModel->getItem(i)->rect()1 2 QRect(0,-88 1957x111)
[   167.76 ] D: _tracksModel->getItem(i)->rect()1 3 QRect(0,23 1957x111)
[   167.76 ] D: _tracksModel->getItem(i)->rect()1 4 QRect(0,134 1957x111)
[   167.76 ] D: _tracksModel->getItem(i)->rect()1 5 QRect(0,245 1957x111)
[   167.76 ] D: _tracksModel->getItem(i)->rect()1 6 QRect(0,356 1957x111)
[   167.76 ] D: _tracksModel->getItem(i)->rect()1 7 QRect(0,467 1957x111)
[   167.76 ] D: _tracksModel->getItem(i)->rect()1 8 QRect(0,578 1957x111)
[   167.76 ] D: _tracksModel->getItem(i)->rect()1 9 QRect(0,689 1957x111)
[   167.76 ] D: setTracksRect
[   167.76 ] D: setTracksRect
[   167.76 ] D: sltStartContentYChanged4
[   167.76 ] D: sltStartContentYChanged1
[   167.76 ] D: sltStartContentYChanged2
[   167.76 ] D: sltStartContentYChanged3
[   167.76 ] D: _tracksModel->getItem(i)->rect()1 0 QRect(0,-307 1957x111)
[   167.76 ] D: _tracksModel->getItem(i)->rect()1 1 QRect(0,-196 1957x111)
[   167.76 ] D: _tracksModel->getItem(i)->rect()1 2 QRect(0,-85 1957x111)
[   167.76 ] D: _tracksModel->getItem(i)->rect()1 3 QRect(0,26 1957x111)
[   167.76 ] D: _tracksModel->getItem(i)->rect()1 4 QRect(0,137 1957x111)
[   167.76 ] D: _tracksModel->getItem(i)->rect()1 5 QRect(0,248 1957x111)
[   167.76 ] D: _tracksModel->getItem(i)->rect()1 6 QRect(0,359 1957x111)
[   167.76 ] D: _tracksModel->getItem(i)->rect()1 7 QRect(0,470 1957x111)
[   167.76 ] D: _tracksModel->getItem(i)->rect()1 8 QRect(0,581 1957x111)
[   167.76 ] D: _tracksModel->getItem(i)->rect()1 9 QRect(0,692 1957x111)
[   167.76 ] D: setTracksRect
[   167.76 ] D: setTracksRect
[   167.76 ] D: sltStartContentYChanged4
[   167.78 ] D: sltStartContentYChanged1
[   167.78 ] D: sltStartContentYChanged2
[   167.78 ] D: sltStartContentYChanged3
[   167.78 ] D: _tracksModel->getItem(i)->rect()1 0 QRect(0,-305 1957x111)
[   167.78 ] D: _tracksModel->getItem(i)->rect()1 1 QRect(0,-194 1957x111)
[   167.78 ] D: _tracksModel->getItem(i)->rect()1 2 QRect(0,-83 1957x111)
[   167.78 ] D: _tracksModel->getItem(i)->rect()1 3 QRect(0,28 1957x111)
[   167.78 ] D: _tracksModel->getItem(i)->rect()1 4 QRect(0,139 1957x111)
[   167.78 ] D: _tracksModel->getItem(i)->rect()1 5 QRect(0,250 1957x111)
[   167.78 ] D: _tracksModel->getItem(i)->rect()1 6 QRect(0,361 1957x111)
[   167.78 ] D: _tracksModel->getItem(i)->rect()1 7 QRect(0,472 1957x111)
[   167.78 ] D: _tracksModel->getItem(i)->rect()1 8 QRect(0,583 1957x111)
[   167.78 ] D: _tracksModel->getItem(i)->rect()1 9 QRect(0,694 1957x111)
[   167.78 ] D: setTracksRect
[   167.78 ] D: setTracksRect
[   167.78 ] D: sltStartContentYChanged4
[   167.80 ] D: sltStartContentYChanged1
[   167.80 ] D: sltStartContentYChanged2
[   167.80 ] D: sltStartContentYChanged3
[   167.80 ] D: _tracksModel->getItem(i)->rect()1 0 QRect(0,-303 1957x111)
[   167.80 ] D: _tracksModel->getItem(i)->rect()1 1 QRect(0,-192 1957x111)
[   167.80 ] D: _tracksModel->getItem(i)->rect()1 2 QRect(0,-81 1957x111)
[   167.80 ] D: _tracksModel->getItem(i)->rect()1 3 QRect(0,30 1957x111)
[   167.80 ] D: _tracksModel->getItem(i)->rect()1 4 QRect(0,141 1957x111)
[   167.80 ] D: _tracksModel->getItem(i)->rect()1 5 QRect(0,252 1957x111)
[   167.80 ] D: _tracksModel->getItem(i)->rect()1 6 QRect(0,363 1957x111)
[   167.80 ] D: _tracksModel->getItem(i)->rect()1 7 QRect(0,474 1957x111)
[   167.80 ] D: _tracksModel->getItem(i)->rect()1 8 QRect(0,585 1957x111)
[   167.80 ] D: _tracksModel->getItem(i)->rect()1 9 QRect(0,696 1957x111)
[   167.80 ] D: setTracksRect
[   167.80 ] D: setTracksRect
[   167.80 ] D: sltStartContentYChanged4
[   167.81 ] D: sltStartContentYChanged1
[   167.81 ] D: sltStartContentYChanged2
[   167.81 ] D: sltStartContentYChanged3
[   167.81 ] D: _tracksModel->getItem(i)->rect()1 0 QRect(0,-302 1957x111)
[   167.81 ] D: _tracksModel->getItem(i)->rect()1 1 QRect(0,-191 1957x111)
[   167.81 ] D: _tracksModel->getItem(i)->rect()1 2 QRect(0,-80 1957x111)
[   167.81 ] D: _tracksModel->getItem(i)->rect()1 3 QRect(0,31 1957x111)
[   167.81 ] D: _tracksModel->getItem(i)->rect()1 4 QRect(0,142 1957x111)
[   167.81 ] D: _tracksModel->getItem(i)->rect()1 5 QRect(0,253 1957x111)
[   167.81 ] D: _tracksModel->getItem(i)->rect()1 6 QRect(0,364 1957x111)
[   167.81 ] D: _tracksModel->getItem(i)->rect()1 7 QRect(0,475 1957x111)
[   167.81 ] D: _tracksModel->getItem(i)->rect()1 8 QRect(0,586 1957x111)
[   167.81 ] D: _tracksModel->getItem(i)->rect()1 9 QRect(0,697 1957x111)
[   167.81 ] D: setTracksRect
[   167.81 ] D: setTracksRect
[   167.81 ] D: sltStartContentYChanged4
[   167.84 ] D: sltStartContentYChanged1
[   167.84 ] D: sltStartContentYChanged2
[   167.84 ] D: sltStartContentYChanged3
[   167.84 ] D: _tracksModel->getItem(i)->rect()1 0 QRect(0,-300 1957x111)
[   167.84 ] D: _tracksModel->getItem(i)->rect()1 1 QRect(0,-189 1957x111)
[   167.84 ] D: _tracksModel->getItem(i)->rect()1 2 QRect(0,-78 1957x111)
[   167.84 ] D: _tracksModel->getItem(i)->rect()1 3 QRect(0,33 1957x111)
[   167.84 ] D: _tracksModel->getItem(i)->rect()1 4 QRect(0,144 1957x111)
[   167.84 ] D: _tracksModel->getItem(i)->rect()1 5 QRect(0,255 1957x111)
[   167.84 ] D: _tracksModel->getItem(i)->rect()1 6 QRect(0,366 1957x111)
[   167.84 ] D: _tracksModel->getItem(i)->rect()1 7 QRect(0,477 1957x111)
[   167.84 ] D: _tracksModel->getItem(i)->rect()1 8 QRect(0,588 1957x111)
[   167.84 ] D: _tracksModel->getItem(i)->rect()1 9 QRect(0,699 1957x111)
[   167.84 ] D: setTracksRect
[   167.84 ] D: setTracksRect
[   167.84 ] D: sltStartContentYChanged4
[   168.92 ] D: sltStartContentYChanged1
[   168.92 ] D: sltStartContentYChanged2
[   168.93 ] D: sltStartContentYChanged3
[   168.93 ] D: _tracksModel->getItem(i)->rect()1 0 QRect(0,-295 1957x111)
[   168.93 ] D: _tracksModel->getItem(i)->rect()1 1 QRect(0,-184 1957x111)
[   168.93 ] D: _tracksModel->getItem(i)->rect()1 2 QRect(0,-73 1957x111)
[   168.93 ] D: _tracksModel->getItem(i)->rect()1 3 QRect(0,38 1957x111)
[   168.93 ] D: _tracksModel->getItem(i)->rect()1 4 QRect(0,149 1957x111)
[   168.93 ] D: _tracksModel->getItem(i)->rect()1 5 QRect(0,260 1957x111)
[   168.93 ] D: _tracksModel->getItem(i)->rect()1 6 QRect(0,371 1957x111)
[   168.93 ] D: _tracksModel->getItem(i)->rect()1 7 QRect(0,482 1957x111)
[   168.93 ] D: _tracksModel->getItem(i)->rect()1 8 QRect(0,593 1957x111)
[   168.93 ] D: _tracksModel->getItem(i)->rect()1 9 QRect(0,704 1957x111)
[   168.93 ] D: setTracksRect
[   168.93 ] D: setTracksRect
[   168.93 ] D: sltStartContentYChanged4
[   168.96 ] D: sltStartContentYChanged1
[   168.96 ] D: sltStartContentYChanged2
[   168.96 ] D: sltStartContentYChanged3
[   168.96 ] D: _tracksModel->getItem(i)->rect()1 0 QRect(0,-290 1957x111)
[   168.96 ] D: _tracksModel->getItem(i)->rect()1 1 QRect(0,-179 1957x111)
[   168.96 ] D: _tracksModel->getItem(i)->rect()1 2 QRect(0,-68 1957x111)
[   168.96 ] D: _tracksModel->getItem(i)->rect()1 3 QRect(0,43 1957x111)
[   168.96 ] D: _tracksModel->getItem(i)->rect()1 4 QRect(0,154 1957x111)
[   168.96 ] D: _tracksModel->getItem(i)->rect()1 5 QRect(0,265 1957x111)
[   168.96 ] D: _tracksModel->getItem(i)->rect()1 6 QRect(0,376 1957x111)
[   168.96 ] D: _tracksModel->getItem(i)->rect()1 7 QRect(0,487 1957x111)
[   168.96 ] D: _tracksModel->getItem(i)->rect()1 8 QRect(0,598 1957x111)
[   168.96 ] D: _tracksModel->getItem(i)->rect()1 9 QRect(0,709 1957x111)
[   168.96 ] D: setTracksRect
[   168.96 ] D: setTracksRect
[   168.96 ] D: sltStartContentYChanged4
[   168.97 ] D: sltStartContentYChanged1
[   168.97 ] D: sltStartContentYChanged2
[   168.98 ] D: sltStartContentYChanged3
[   168.98 ] D: _tracksModel->getItem(i)->rect()1 0 QRect(0,-285 1957x111)
[   168.98 ] D: _tracksModel->getItem(i)->rect()1 1 QRect(0,-174 1957x111)
[   168.98 ] D: _tracksModel->getItem(i)->rect()1 2 QRect(0,-63 1957x111)
[   168.98 ] D: _tracksModel->getItem(i)->rect()1 3 QRect(0,48 1957x111)
[   168.98 ] D: _tracksModel->getItem(i)->rect()1 4 QRect(0,159 1957x111)
[   168.98 ] D: _tracksModel->getItem(i)->rect()1 5 QRect(0,270 1957x111)
[   168.98 ] D: _tracksModel->getItem(i)->rect()1 6 QRect(0,381 1957x111)
[   168.98 ] D: _tracksModel->getItem(i)->rect()1 7 QRect(0,492 1957x111)
[   168.98 ] D: _tracksModel->getItem(i)->rect()1 8 QRect(0,603 1957x111)
[   168.98 ] D: _tracksModel->getItem(i)->rect()1 9 QRect(0,714 1957x111)
[   168.98 ] D: setTracksRect
[   168.98 ] D: setTracksRect
[   168.98 ] D: sltStartContentYChanged4
[   168.98 ] D: sltStartContentYChanged1
[   168.98 ] D: sltStartContentYChanged2
[   168.98 ] D: sltStartContentYChanged3
[   168.98 ] D: _tracksModel->getItem(i)->rect()1 0 QRect(0,-281 1957x111)
[   168.98 ] D: _tracksModel->getItem(i)->rect()1 1 QRect(0,-170 1957x111)
[   168.98 ] D: _tracksModel->getItem(i)->rect()1 2 QRect(0,-59 1957x111)
[   168.98 ] D: _tracksModel->getItem(i)->rect()1 3 QRect(0,52 1957x111)
[   168.98 ] D: _tracksModel->getItem(i)->rect()1 4 QRect(0,163 1957x111)
[   168.98 ] D: _tracksModel->getItem(i)->rect()1 5 QRect(0,274 1957x111)
[   168.98 ] D: _tracksModel->getItem(i)->rect()1 6 QRect(0,385 1957x111)
[   168.98 ] D: _tracksModel->getItem(i)->rect()1 7 QRect(0,496 1957x111)
[   168.98 ] D: _tracksModel->getItem(i)->rect()1 8 QRect(0,607 1957x111)
[   168.98 ] D: _tracksModel->getItem(i)->rect()1 9 QRect(0,718 1957x111)
[   168.98 ] D: setTracksRect
[   168.98 ] D: setTracksRect
[   168.98 ] D: sltStartContentYChanged4
[   169.01 ] D: sltStartContentYChanged1
[   169.01 ] D: sltStartContentYChanged2
[   169.01 ] D: sltStartContentYChanged3
[   169.01 ] D: _tracksModel->getItem(i)->rect()1 0 QRect(0,-276 1957x111)
[   169.01 ] D: _tracksModel->getItem(i)->rect()1 1 QRect(0,-165 1957x111)
[   169.01 ] D: _tracksModel->getItem(i)->rect()1 2 QRect(0,-54 1957x111)
[   169.01 ] D: _tracksModel->getItem(i)->rect()1 3 QRect(0,57 1957x111)
[   169.01 ] D: _tracksModel->getItem(i)->rect()1 4 QRect(0,168 1957x111)
[   169.01 ] D: _tracksModel->getItem(i)->rect()1 5 QRect(0,279 1957x111)
[   169.01 ] D: _tracksModel->getItem(i)->rect()1 6 QRect(0,390 1957x111)
[   169.01 ] D: _tracksModel->getItem(i)->rect()1 7 QRect(0,501 1957x111)
[   169.01 ] D: _tracksModel->getItem(i)->rect()1 8 QRect(0,612 1957x111)
[   169.01 ] D: _tracksModel->getItem(i)->rect()1 9 QRect(0,723 1957x111)
[   169.01 ] D: setTracksRect
[   169.01 ] D: setTracksRect
[   169.01 ] D: sltStartContentYChanged4
[   169.02 ] D: sltStartContentYChanged1
[   169.02 ] D: sltStartContentYChanged2
[   169.02 ] D: sltStartContentYChanged3
[   169.02 ] D: _tracksModel->getItem(i)->rect()1 0 QRect(0,-271 1957x111)
[   169.02 ] D: _tracksModel->getItem(i)->rect()1 1 QRect(0,-160 1957x111)
[   169.03 ] D: _tracksModel->getItem(i)->rect()1 2 QRect(0,-49 1957x111)
[   169.03 ] D: _tracksModel->getItem(i)->rect()1 3 QRect(0,62 1957x111)
[   169.03 ] D: _tracksModel->getItem(i)->rect()1 4 QRect(0,173 1957x111)
[   169.03 ] D: _tracksModel->getItem(i)->rect()1 5 QRect(0,284 1957x111)
[   169.03 ] D: _tracksModel->getItem(i)->rect()1 6 QRect(0,395 1957x111)
[   169.03 ] D: _tracksModel->getItem(i)->rect()1 7 QRect(0,506 1957x111)
[   169.03 ] D: _tracksModel->getItem(i)->rect()1 8 QRect(0,617 1957x111)
[   169.03 ] D: _tracksModel->getItem(i)->rect()1 9 QRect(0,728 1957x111)
[   169.03 ] D: setTracksRect
[   169.03 ] D: setTracksRect
[   169.03 ] D: sltStartContentYChanged4
[   169.03 ] D: sltStartContentYChanged1
[   169.03 ] D: sltStartContentYChanged2
[   169.03 ] D: sltStartContentYChanged3
[   169.03 ] D: _tracksModel->getItem(i)->rect()1 0 QRect(0,-267 1957x111)
[   169.03 ] D: _tracksModel->getItem(i)->rect()1 1 QRect(0,-156 1957x111)
[   169.03 ] D: _tracksModel->getItem(i)->rect()1 2 QRect(0,-45 1957x111)
[   169.03 ] D: _tracksModel->getItem(i)->rect()1 3 QRect(0,66 1957x111)
[   169.03 ] D: _tracksModel->getItem(i)->rect()1 4 QRect(0,177 1957x111)
[   169.03 ] D: _tracksModel->getItem(i)->rect()1 5 QRect(0,288 1957x111)
[   169.03 ] D: _tracksModel->getItem(i)->rect()1 6 QRect(0,399 1957x111)
[   169.03 ] D: _tracksModel->getItem(i)->rect()1 7 QRect(0,510 1957x111)
[   169.03 ] D: _tracksModel->getItem(i)->rect()1 8 QRect(0,621 1957x111)
[   169.03 ] D: _tracksModel->getItem(i)->rect()1 9 QRect(0,732 1957x111)
[   169.03 ] D: setTracksRect
[   169.03 ] D: setTracksRect
[   169.03 ] D: sltStartContentYChanged4
[   169.05 ] D: sltStartContentYChanged1
[   169.05 ] D: sltStartContentYChanged2
[   169.05 ] D: sltStartContentYChanged3
[   169.05 ] D: _tracksModel->getItem(i)->rect()1 0 QRect(0,-264 1957x111)
[   169.05 ] D: _tracksModel->getItem(i)->rect()1 1 QRect(0,-153 1957x111)
[   169.05 ] D: _tracksModel->getItem(i)->rect()1 2 QRect(0,-42 1957x111)
[   169.05 ] D: _tracksModel->getItem(i)->rect()1 3 QRect(0,69 1957x111)
[   169.05 ] D: _tracksModel->getItem(i)->rect()1 4 QRect(0,180 1957x111)
[   169.05 ] D: _tracksModel->getItem(i)->rect()1 5 QRect(0,291 1957x111)
[   169.05 ] D: _tracksModel->getItem(i)->rect()1 6 QRect(0,402 1957x111)
[   169.05 ] D: _tracksModel->getItem(i)->rect()1 7 QRect(0,513 1957x111)
[   169.05 ] D: _tracksModel->getItem(i)->rect()1 8 QRect(0,624 1957x111)
[   169.05 ] D: _tracksModel->getItem(i)->rect()1 9 QRect(0,735 1957x111)
[   169.05 ] D: setTracksRect
[   169.05 ] D: setTracksRect
[   169.05 ] D: sltStartContentYChanged4
[   169.07 ] D: sltStartContentYChanged1
[   169.07 ] D: sltStartContentYChanged2
[   169.07 ] D: sltStartContentYChanged3
[   169.07 ] D: _tracksModel->getItem(i)->rect()1 0 QRect(0,-261 1957x111)
[   169.07 ] D: _tracksModel->getItem(i)->rect()1 1 QRect(0,-150 1957x111)
[   169.07 ] D: _tracksModel->getItem(i)->rect()1 2 QRect(0,-39 1957x111)
[   169.07 ] D: _tracksModel->getItem(i)->rect()1 3 QRect(0,72 1957x111)
[   169.07 ] D: _tracksModel->getItem(i)->rect()1 4 QRect(0,183 1957x111)
[   169.07 ] D: _tracksModel->getItem(i)->rect()1 5 QRect(0,294 1957x111)
[   169.07 ] D: _tracksModel->getItem(i)->rect()1 6 QRect(0,405 1957x111)
[   169.07 ] D: _tracksModel->getItem(i)->rect()1 7 QRect(0,516 1957x111)
[   169.08 ] D: _tracksModel->getItem(i)->rect()1 8 QRect(0,627 1957x111)
[   169.08 ] D: _tracksModel->getItem(i)->rect()1 9 QRect(0,738 1957x111)
[   169.08 ] D: setTracksRect
[   169.08 ] D: setTracksRect
[   169.08 ] D: sltStartContentYChanged4
[   169.08 ] D: sltStartContentYChanged1
[   169.08 ] D: sltStartContentYChanged2
[   169.08 ] D: sltStartContentYChanged3
[   169.08 ] D: _tracksModel->getItem(i)->rect()1 0 QRect(0,-258 1957x111)
[   169.08 ] D: _tracksModel->getItem(i)->rect()1 1 QRect(0,-147 1957x111)
[   169.08 ] D: _tracksModel->getItem(i)->rect()1 2 QRect(0,-36 1957x111)
[   169.08 ] D: _tracksModel->getItem(i)->rect()1 3 QRect(0,75 1957x111)
[   169.08 ] D: _tracksModel->getItem(i)->rect()1 4 QRect(0,186 1957x111)
[   169.08 ] D: _tracksModel->getItem(i)->rect()1 5 QRect(0,297 1957x111)
[   169.08 ] D: _tracksModel->getItem(i)->rect()1 6 QRect(0,408 1957x111)
[   169.08 ] D: _tracksModel->getItem(i)->rect()1 7 QRect(0,519 1957x111)
[   169.08 ] D: _tracksModel->getItem(i)->rect()1 8 QRect(0,630 1957x111)
[   169.08 ] D: _tracksModel->getItem(i)->rect()1 9 QRect(0,741 1957x111)
[   169.08 ] D: setTracksRect
[   169.08 ] D: setTracksRect
[   169.08 ] D: sltStartContentYChanged4
[   169.10 ] D: sltStartContentYChanged1
[   169.10 ] D: sltStartContentYChanged2
[   169.10 ] D: sltStartContentYChanged3
[   169.10 ] D: _tracksModel->getItem(i)->rect()1 0 QRect(0,-256 1957x111)
[   169.10 ] D: _tracksModel->getItem(i)->rect()1 1 QRect(0,-145 1957x111)
[   169.10 ] D: _tracksModel->getItem(i)->rect()1 2 QRect(0,-34 1957x111)
[   169.10 ] D: _tracksModel->getItem(i)->rect()1 3 QRect(0,77 1957x111)
[   169.10 ] D: _tracksModel->getItem(i)->rect()1 4 QRect(0,188 1957x111)
[   169.10 ] D: _tracksModel->getItem(i)->rect()1 5 QRect(0,299 1957x111)
[   169.10 ] D: _tracksModel->getItem(i)->rect()1 6 QRect(0,410 1957x111)
[   169.10 ] D: _tracksModel->getItem(i)->rect()1 7 QRect(0,521 1957x111)
[   169.10 ] D: _tracksModel->getItem(i)->rect()1 8 QRect(0,632 1957x111)
[   169.10 ] D: _tracksModel->getItem(i)->rect()1 9 QRect(0,743 1957x111)
[   169.10 ] D: setTracksRect
[   169.10 ] D: setTracksRect
[   169.10 ] D: sltStartContentYChanged4
[   169.12 ] D: sltStartContentYChanged1
[   169.12 ] D: sltStartContentYChanged2
[   169.12 ] D: sltStartContentYChanged3
[   169.12 ] D: _tracksModel->getItem(i)->rect()1 0 QRect(0,-254 1957x111)
[   169.12 ] D: _tracksModel->getItem(i)->rect()1 1 QRect(0,-143 1957x111)
[   169.12 ] D: _tracksModel->getItem(i)->rect()1 2 QRect(0,-32 1957x111)
[   169.12 ] D: _tracksModel->getItem(i)->rect()1 3 QRect(0,79 1957x111)
[   169.13 ] D: _tracksModel->getItem(i)->rect()1 4 QRect(0,190 1957x111)
[   169.13 ] D: _tracksModel->getItem(i)->rect()1 5 QRect(0,301 1957x111)
[   169.13 ] D: _tracksModel->getItem(i)->rect()1 6 QRect(0,412 1957x111)
[   169.13 ] D: _tracksModel->getItem(i)->rect()1 7 QRect(0,523 1957x111)
[   169.13 ] D: _tracksModel->getItem(i)->rect()1 8 QRect(0,634 1957x111)
[   169.13 ] D: _tracksModel->getItem(i)->rect()1 9 QRect(0,745 1957x111)
[   169.13 ] D: setTracksRect
[   169.13 ] D: setTracksRect
[   169.13 ] D: sltStartContentYChanged4
[   169.13 ] D: sltStartContentYChanged1
[   169.13 ] D: sltStartContentYChanged2
[   169.13 ] D: sltStartContentYChanged3
[   169.13 ] D: _tracksModel->getItem(i)->rect()1 0 QRect(0,-252 1957x111)
[   169.13 ] D: _tracksModel->getItem(i)->rect()1 1 QRect(0,-141 1957x111)
[   169.13 ] D: _tracksModel->getItem(i)->rect()1 2 QRect(0,-30 1957x111)
[   169.13 ] D: _tracksModel->getItem(i)->rect()1 3 QRect(0,81 1957x111)
[   169.13 ] D: _tracksModel->getItem(i)->rect()1 4 QRect(0,192 1957x111)
[   169.13 ] D: _tracksModel->getItem(i)->rect()1 5 QRect(0,303 1957x111)
[   169.13 ] D: _tracksModel->getItem(i)->rect()1 6 QRect(0,414 1957x111)
[   169.13 ] D: _tracksModel->getItem(i)->rect()1 7 QRect(0,525 1957x111)
[   169.13 ] D: _tracksModel->getItem(i)->rect()1 8 QRect(0,636 1957x111)
[   169.13 ] D: _tracksModel->getItem(i)->rect()1 9 QRect(0,747 1957x111)
[   169.13 ] D: setTracksRect
[   169.13 ] D: setTracksRect
[   169.13 ] D: sltStartContentYChanged4
[   169.15 ] D: sltStartContentYChanged1
[   169.15 ] D: sltStartContentYChanged2
[   169.15 ] D: sltStartContentYChanged3
[   169.15 ] D: _tracksModel->getItem(i)->rect()1 0 QRect(0,-251 1957x111)
[   169.15 ] D: _tracksModel->getItem(i)->rect()1 1 QRect(0,-140 1957x111)
[   169.15 ] D: _tracksModel->getItem(i)->rect()1 2 QRect(0,-29 1957x111)
[   169.15 ] D: _tracksModel->getItem(i)->rect()1 3 QRect(0,82 1957x111)
[   169.15 ] D: _tracksModel->getItem(i)->rect()1 4 QRect(0,193 1957x111)
[   169.15 ] D: _tracksModel->getItem(i)->rect()1 5 QRect(0,304 1957x111)
[   169.15 ] D: _tracksModel->getItem(i)->rect()1 6 QRect(0,415 1957x111)
[   169.15 ] D: _tracksModel->getItem(i)->rect()1 7 QRect(0,526 1957x111)
[   169.15 ] D: _tracksModel->getItem(i)->rect()1 8 QRect(0,637 1957x111)
[   169.15 ] D: _tracksModel->getItem(i)->rect()1 9 QRect(0,748 1957x111)
[   169.15 ] D: setTracksRect
[   169.15 ] D: setTracksRect
[   169.15 ] D: sltStartContentYChanged4
[   169.19 ] D: sltStartContentYChanged1
[   169.19 ] D: sltStartContentYChanged2
[   169.19 ] D: sltStartContentYChanged3
[   169.19 ] D: _tracksModel->getItem(i)->rect()1 0 QRect(0,-241 1957x111)
[   169.19 ] D: _tracksModel->getItem(i)->rect()1 1 QRect(0,-130 1957x111)
[   169.19 ] D: _tracksModel->getItem(i)->rect()1 2 QRect(0,-19 1957x111)
[   169.19 ] D: _tracksModel->getItem(i)->rect()1 3 QRect(0,92 1957x111)
[   169.19 ] D: _tracksModel->getItem(i)->rect()1 4 QRect(0,203 1957x111)
[   169.19 ] D: _tracksModel->getItem(i)->rect()1 5 QRect(0,314 1957x111)
[   169.19 ] D: _tracksModel->getItem(i)->rect()1 6 QRect(0,425 1957x111)
[   169.19 ] D: _tracksModel->getItem(i)->rect()1 7 QRect(0,536 1957x111)
[   169.19 ] D: _tracksModel->getItem(i)->rect()1 8 QRect(0,647 1957x111)
[   169.19 ] D: _tracksModel->getItem(i)->rect()1 9 QRect(0,758 1957x111)
[   169.19 ] D: setTracksRect
[   169.19 ] D: setTracksRect
[   169.19 ] D: sltStartContentYChanged4
[   169.23 ] D: sltStartContentYChanged1
[   169.23 ] D: sltStartContentYChanged2
[   169.23 ] D: sltStartContentYChanged3
[   169.23 ] D: _tracksModel->getItem(i)->rect()1 0 QRect(0,-236 1957x111)
[   169.23 ] D: _tracksModel->getItem(i)->rect()1 1 QRect(0,-125 1957x111)
[   169.23 ] D: _tracksModel->getItem(i)->rect()1 2 QRect(0,-14 1957x111)
[   169.23 ] D: _tracksModel->getItem(i)->rect()1 3 QRect(0,97 1957x111)
[   169.23 ] D: _tracksModel->getItem(i)->rect()1 4 QRect(0,208 1957x111)
[   169.23 ] D: _tracksModel->getItem(i)->rect()1 5 QRect(0,319 1957x111)
[   169.23 ] D: _tracksModel->getItem(i)->rect()1 6 QRect(0,430 1957x111)
[   169.23 ] D: _tracksModel->getItem(i)->rect()1 7 QRect(0,541 1957x111)
[   169.23 ] D: _tracksModel->getItem(i)->rect()1 8 QRect(0,652 1957x111)
[   169.23 ] D: _tracksModel->getItem(i)->rect()1 9 QRect(0,763 1957x111)
[   169.23 ] D: setTracksRect
[   169.23 ] D: setTracksRect
[   169.23 ] D: sltStartContentYChanged4
[   169.26 ] D: sltStartContentYChanged1
[   169.26 ] D: sltStartContentYChanged2
[   169.26 ] D: sltStartContentYChanged3
[   169.26 ] D: _tracksModel->getItem(i)->rect()1 0 QRect(0,-232 1957x111)
[   169.26 ] D: _tracksModel->getItem(i)->rect()1 1 QRect(0,-121 1957x111)
[   169.26 ] D: _tracksModel->getItem(i)->rect()1 2 QRect(0,-10 1957x111)
[   169.26 ] D: _tracksModel->getItem(i)->rect()1 3 QRect(0,101 1957x111)
[   169.26 ] D: _tracksModel->getItem(i)->rect()1 4 QRect(0,212 1957x111)
[   169.26 ] D: _tracksModel->getItem(i)->rect()1 5 QRect(0,323 1957x111)
[   169.26 ] D: _tracksModel->getItem(i)->rect()1 6 QRect(0,434 1957x111)
[   169.26 ] D: _tracksModel->getItem(i)->rect()1 7 QRect(0,545 1957x111)
[   169.26 ] D: _tracksModel->getItem(i)->rect()1 8 QRect(0,656 1957x111)
[   169.26 ] D: _tracksModel->getItem(i)->rect()1 9 QRect(0,767 1957x111)
[   169.26 ] D: setTracksRect
[   169.26 ] D: setTracksRect
[   169.26 ] D: sltStartContentYChanged4
[   169.27 ] D: sltStartContentYChanged1
[   169.27 ] D: sltStartContentYChanged2
[   169.27 ] D: sltStartContentYChanged3
[   169.27 ] D: _tracksModel->getItem(i)->rect()1 0 QRect(0,-227 1957x111)
[   169.27 ] D: _tracksModel->getItem(i)->rect()1 1 QRect(0,-116 1957x111)
[   169.27 ] D: _tracksModel->getItem(i)->rect()1 2 QRect(0,-5 1957x111)
[   169.27 ] D: _tracksModel->getItem(i)->rect()1 3 QRect(0,106 1957x111)
[   169.27 ] D: _tracksModel->getItem(i)->rect()1 4 QRect(0,217 1957x111)
[   169.27 ] D: _tracksModel->getItem(i)->rect()1 5 QRect(0,328 1957x111)
[   169.27 ] D: _tracksModel->getItem(i)->rect()1 6 QRect(0,439 1957x111)
[   169.27 ] D: _tracksModel->getItem(i)->rect()1 7 QRect(0,550 1957x111)
[   169.27 ] D: _tracksModel->getItem(i)->rect()1 8 QRect(0,661 1957x111)
[   169.27 ] D: _tracksModel->getItem(i)->rect()1 9 QRect(0,772 1957x111)
[   169.27 ] D: setTracksRect
[   169.27 ] D: setTracksRect
[   169.27 ] D: sltStartContentYChanged4
[   169.27 ] D: sltStartContentYChanged1
[   169.28 ] D: sltStartContentYChanged2
[   169.28 ] D: sltStartContentYChanged3
[   169.28 ] D: _tracksModel->getItem(i)->rect()1 0 QRect(0,-223 1957x111)
[   169.28 ] D: _tracksModel->getItem(i)->rect()1 1 QRect(0,-112 1957x111)
[   169.28 ] D: _tracksModel->getItem(i)->rect()1 2 QRect(0,-1 1957x111)
[   169.28 ] D: _tracksModel->getItem(i)->rect()1 3 QRect(0,110 1957x111)
[   169.28 ] D: _tracksModel->getItem(i)->rect()1 4 QRect(0,221 1957x111)
[   169.28 ] D: _tracksModel->getItem(i)->rect()1 5 QRect(0,332 1957x111)
[   169.28 ] D: _tracksModel->getItem(i)->rect()1 6 QRect(0,443 1957x111)
[   169.28 ] D: _tracksModel->getItem(i)->rect()1 7 QRect(0,554 1957x111)
[   169.28 ] D: _tracksModel->getItem(i)->rect()1 8 QRect(0,665 1957x111)
[   169.28 ] D: _tracksModel->getItem(i)->rect()1 9 QRect(0,776 1957x111)
[   169.28 ] D: setTracksRect
[   169.28 ] D: setTracksRect
[   169.28 ] D: sltStartContentYChanged4
[   169.30 ] D: sltStartContentYChanged1
[   169.30 ] D: sltStartContentYChanged2
[   169.31 ] D: sltStartContentYChanged3
[   169.31 ] D: _tracksModel->getItem(i)->rect()1 0 QRect(0,-220 1957x111)
[   169.31 ] D: _tracksModel->getItem(i)->rect()1 1 QRect(0,-109 1957x111)
[   169.31 ] D: _tracksModel->getItem(i)->rect()1 2 QRect(0,2 1957x111)
[   169.31 ] D: _tracksModel->getItem(i)->rect()1 3 QRect(0,113 1957x111)
[   169.31 ] D: _tracksModel->getItem(i)->rect()1 4 QRect(0,224 1957x111)
[   169.31 ] D: _tracksModel->getItem(i)->rect()1 5 QRect(0,335 1957x111)
[   169.31 ] D: _tracksModel->getItem(i)->rect()1 6 QRect(0,446 1957x111)
[   169.31 ] D: _tracksModel->getItem(i)->rect()1 7 QRect(0,557 1957x111)
[   169.31 ] D: _tracksModel->getItem(i)->rect()1 8 QRect(0,668 1957x111)
[   169.31 ] D: _tracksModel->getItem(i)->rect()1 9 QRect(0,779 1957x111)
[   169.31 ] D: setTracksRect
[   169.31 ] D: setTracksRect
[   169.31 ] D: sltStartContentYChanged4
[   169.31 ] D: sltStartContentYChanged1
[   169.31 ] D: sltStartContentYChanged2
[   169.31 ] D: sltStartContentYChanged3
[   169.31 ] D: _tracksModel->getItem(i)->rect()1 0 QRect(0,-217 1957x111)
[   169.31 ] D: _tracksModel->getItem(i)->rect()1 1 QRect(0,-106 1957x111)
[   169.31 ] D: _tracksModel->getItem(i)->rect()1 2 QRect(0,5 1957x111)
[   169.31 ] D: _tracksModel->getItem(i)->rect()1 3 QRect(0,116 1957x111)
[   169.31 ] D: _tracksModel->getItem(i)->rect()1 4 QRect(0,227 1957x111)
[   169.31 ] D: _tracksModel->getItem(i)->rect()1 5 QRect(0,338 1957x111)
[   169.31 ] D: _tracksModel->getItem(i)->rect()1 6 QRect(0,449 1957x111)
[   169.31 ] D: _tracksModel->getItem(i)->rect()1 7 QRect(0,560 1957x111)
[   169.31 ] D: _tracksModel->getItem(i)->rect()1 8 QRect(0,671 1957x111)
[   169.31 ] D: _tracksModel->getItem(i)->rect()1 9 QRect(0,782 1957x111)
[   169.31 ] D: setTracksRect
[   169.31 ] D: setTracksRect
[   169.31 ] D: sltStartContentYChanged4
[   169.33 ] D: sltStartContentYChanged1
[   169.33 ] D: sltStartContentYChanged2
[   169.33 ] D: sltStartContentYChanged3
[   169.33 ] D: _tracksModel->getItem(i)->rect()1 0 QRect(0,-214 1957x111)
[   169.33 ] D: _tracksModel->getItem(i)->rect()1 1 QRect(0,-103 1957x111)
[   169.33 ] D: _tracksModel->getItem(i)->rect()1 2 QRect(0,8 1957x111)
[   169.33 ] D: _tracksModel->getItem(i)->rect()1 3 QRect(0,119 1957x111)
[   169.33 ] D: _tracksModel->getItem(i)->rect()1 4 QRect(0,230 1957x111)
[   169.33 ] D: _tracksModel->getItem(i)->rect()1 5 QRect(0,341 1957x111)
[   169.33 ] D: _tracksModel->getItem(i)->rect()1 6 QRect(0,452 1957x111)
[   169.33 ] D: _tracksModel->getItem(i)->rect()1 7 QRect(0,563 1957x111)
[   169.33 ] D: _tracksModel->getItem(i)->rect()1 8 QRect(0,674 1957x111)
[   169.33 ] D: _tracksModel->getItem(i)->rect()1 9 QRect(0,785 1957x111)
[   169.33 ] D: setTracksRect
[   169.33 ] D: setTracksRect
[   169.33 ] D: sltStartContentYChanged4
[   169.36 ] D: sltStartContentYChanged1
[   169.36 ] D: sltStartContentYChanged2
[   169.36 ] D: sltStartContentYChanged3
[   169.36 ] D: _tracksModel->getItem(i)->rect()1 0 QRect(0,-211 1957x111)
[   169.36 ] D: _tracksModel->getItem(i)->rect()1 1 QRect(0,-100 1957x111)
[   169.36 ] D: _tracksModel->getItem(i)->rect()1 2 QRect(0,11 1957x111)
[   169.36 ] D: _tracksModel->getItem(i)->rect()1 3 QRect(0,122 1957x111)
[   169.36 ] D: _tracksModel->getItem(i)->rect()1 4 QRect(0,233 1957x111)
[   169.36 ] D: _tracksModel->getItem(i)->rect()1 5 QRect(0,344 1957x111)
[   169.36 ] D: _tracksModel->getItem(i)->rect()1 6 QRect(0,455 1957x111)
[   169.36 ] D: _tracksModel->getItem(i)->rect()1 7 QRect(0,566 1957x111)
[   169.36 ] D: _tracksModel->getItem(i)->rect()1 8 QRect(0,677 1957x111)
[   169.36 ] D: _tracksModel->getItem(i)->rect()1 9 QRect(0,788 1957x111)
[   169.36 ] D: setTracksRect
[   169.36 ] D: setTracksRect
[   169.36 ] D: sltStartContentYChanged4
[   169.37 ] D: sltStartContentYChanged1
[   169.37 ] D: sltStartContentYChanged2
[   169.37 ] D: sltStartContentYChanged3
[   169.37 ] D: _tracksModel->getItem(i)->rect()1 0 QRect(0,-210 1957x111)
[   169.37 ] D: _tracksModel->getItem(i)->rect()1 1 QRect(0,-99 1957x111)
[   169.37 ] D: _tracksModel->getItem(i)->rect()1 2 QRect(0,12 1957x111)
[   169.37 ] D: _tracksModel->getItem(i)->rect()1 3 QRect(0,123 1957x111)
[   169.37 ] D: _tracksModel->getItem(i)->rect()1 4 QRect(0,234 1957x111)
[   169.37 ] D: _tracksModel->getItem(i)->rect()1 5 QRect(0,345 1957x111)
[   169.37 ] D: _tracksModel->getItem(i)->rect()1 6 QRect(0,456 1957x111)
[   169.37 ] D: _tracksModel->getItem(i)->rect()1 7 QRect(0,567 1957x111)
[   169.37 ] D: _tracksModel->getItem(i)->rect()1 8 QRect(0,678 1957x111)
[   169.37 ] D: _tracksModel->getItem(i)->rect()1 9 QRect(0,789 1957x111)
[   169.37 ] D: setTracksRect
[   169.37 ] D: setTracksRect
[   169.37 ] D: sltStartContentYChanged4
[   169.39 ] D: sltStartContentYChanged1
[   169.39 ] D: sltStartContentYChanged2
[   169.39 ] D: sltStartContentYChanged3
[   169.39 ] D: _tracksModel->getItem(i)->rect()1 0 QRect(0,-208 1957x111)
[   169.39 ] D: _tracksModel->getItem(i)->rect()1 1 QRect(0,-97 1957x111)
[   169.39 ] D: _tracksModel->getItem(i)->rect()1 2 QRect(0,14 1957x111)
[   169.39 ] D: _tracksModel->getItem(i)->rect()1 3 QRect(0,125 1957x111)
[   169.39 ] D: _tracksModel->getItem(i)->rect()1 4 QRect(0,236 1957x111)
[   169.39 ] D: _tracksModel->getItem(i)->rect()1 5 QRect(0,347 1957x111)
[   169.39 ] D: _tracksModel->getItem(i)->rect()1 6 QRect(0,458 1957x111)
[   169.39 ] D: _tracksModel->getItem(i)->rect()1 7 QRect(0,569 1957x111)
[   169.39 ] D: _tracksModel->getItem(i)->rect()1 8 QRect(0,680 1957x111)
[   169.39 ] D: _tracksModel->getItem(i)->rect()1 9 QRect(0,791 1957x111)
[   169.39 ] D: setTracksRect
[   169.39 ] D: setTracksRect
[   169.39 ] D: sltStartContentYChanged4
[   169.40 ] D: sltStartContentYChanged1
[   169.41 ] D: sltStartContentYChanged2
[   169.41 ] D: sltStartContentYChanged3
[   169.41 ] D: _tracksModel->getItem(i)->rect()1 0 QRect(0,-207 1957x111)
[   169.41 ] D: _tracksModel->getItem(i)->rect()1 1 QRect(0,-96 1957x111)
[   169.41 ] D: _tracksModel->getItem(i)->rect()1 2 QRect(0,15 1957x111)
[   169.41 ] D: _tracksModel->getItem(i)->rect()1 3 QRect(0,126 1957x111)
[   169.41 ] D: _tracksModel->getItem(i)->rect()1 4 QRect(0,237 1957x111)
[   169.41 ] D: _tracksModel->getItem(i)->rect()1 5 QRect(0,348 1957x111)
[   169.41 ] D: _tracksModel->getItem(i)->rect()1 6 QRect(0,459 1957x111)
[   169.41 ] D: _tracksModel->getItem(i)->rect()1 7 QRect(0,570 1957x111)
[   169.41 ] D: _tracksModel->getItem(i)->rect()1 8 QRect(0,681 1957x111)
[   169.41 ] D: _tracksModel->getItem(i)->rect()1 9 QRect(0,792 1957x111)
[   169.41 ] D: setTracksRect
[   169.41 ] D: setTracksRect
[   169.41 ] D: sltStartContentYChanged4
[   169.43 ] D: sltStartContentYChanged1
[   169.43 ] D: sltStartContentYChanged2
[   169.43 ] D: sltStartContentYChanged3
[   169.43 ] D: _tracksModel->getItem(i)->rect()1 0 QRect(0,-202 1957x111)
[   169.43 ] D: _tracksModel->getItem(i)->rect()1 1 QRect(0,-91 1957x111)
[   169.43 ] D: _tracksModel->getItem(i)->rect()1 2 QRect(0,20 1957x111)
[   169.43 ] D: _tracksModel->getItem(i)->rect()1 3 QRect(0,131 1957x111)
[   169.43 ] D: _tracksModel->getItem(i)->rect()1 4 QRect(0,242 1957x111)
[   169.43 ] D: _tracksModel->getItem(i)->rect()1 5 QRect(0,353 1957x111)
[   169.43 ] D: _tracksModel->getItem(i)->rect()1 6 QRect(0,464 1957x111)
[   169.43 ] D: _tracksModel->getItem(i)->rect()1 7 QRect(0,575 1957x111)
[   169.43 ] D: _tracksModel->getItem(i)->rect()1 8 QRect(0,686 1957x111)
[   169.43 ] D: _tracksModel->getItem(i)->rect()1 9 QRect(0,797 1957x111)
[   169.43 ] D: setTracksRect
[   169.43 ] D: setTracksRect
[   169.43 ] D: sltStartContentYChanged4
[   169.46 ] D: sltStartContentYChanged1
[   169.46 ] D: sltStartContentYChanged2
[   169.46 ] D: sltStartContentYChanged3
[   169.46 ] D: _tracksModel->getItem(i)->rect()1 0 QRect(0,-197 1957x111)
[   169.46 ] D: _tracksModel->getItem(i)->rect()1 1 QRect(0,-86 1957x111)
[   169.46 ] D: _tracksModel->getItem(i)->rect()1 2 QRect(0,25 1957x111)
[   169.46 ] D: _tracksModel->getItem(i)->rect()1 3 QRect(0,136 1957x111)
[   169.46 ] D: _tracksModel->getItem(i)->rect()1 4 QRect(0,247 1957x111)
[   169.46 ] D: _tracksModel->getItem(i)->rect()1 5 QRect(0,358 1957x111)
[   169.46 ] D: _tracksModel->getItem(i)->rect()1 6 QRect(0,469 1957x111)
[   169.46 ] D: _tracksModel->getItem(i)->rect()1 7 QRect(0,580 1957x111)
[   169.46 ] D: _tracksModel->getItem(i)->rect()1 8 QRect(0,691 1957x111)
[   169.46 ] D: _tracksModel->getItem(i)->rect()1 9 QRect(0,802 1957x111)
[   169.46 ] D: setTracksRect
[   169.46 ] D: setTracksRect
[   169.46 ] D: sltStartContentYChanged4
[   169.47 ] D: sltStartContentYChanged1
[   169.47 ] D: sltStartContentYChanged2
[   169.48 ] D: sltStartContentYChanged3
[   169.48 ] D: _tracksModel->getItem(i)->rect()1 0 QRect(0,-192 1957x111)
[   169.48 ] D: _tracksModel->getItem(i)->rect()1 1 QRect(0,-81 1957x111)
[   169.48 ] D: _tracksModel->getItem(i)->rect()1 2 QRect(0,30 1957x111)
[   169.48 ] D: _tracksModel->getItem(i)->rect()1 3 QRect(0,141 1957x111)
[   169.48 ] D: _tracksModel->getItem(i)->rect()1 4 QRect(0,252 1957x111)
[   169.48 ] D: _tracksModel->getItem(i)->rect()1 5 QRect(0,363 1957x111)
[   169.48 ] D: _tracksModel->getItem(i)->rect()1 6 QRect(0,474 1957x111)
[   169.48 ] D: _tracksModel->getItem(i)->rect()1 7 QRect(0,585 1957x111)
[   169.48 ] D: _tracksModel->getItem(i)->rect()1 8 QRect(0,696 1957x111)
[   169.48 ] D: _tracksModel->getItem(i)->rect()1 9 QRect(0,807 1957x111)
[   169.48 ] D: setTracksRect
[   169.48 ] D: setTracksRect
[   169.48 ] D: sltStartContentYChanged4
[   169.48 ] D: sltStartContentYChanged1
[   169.48 ] D: sltStartContentYChanged2
[   169.48 ] D: sltStartContentYChanged3
[   169.48 ] D: _tracksModel->getItem(i)->rect()1 0 QRect(0,-187 1957x111)
[   169.48 ] D: _tracksModel->getItem(i)->rect()1 1 QRect(0,-76 1957x111)
[   169.48 ] D: _tracksModel->getItem(i)->rect()1 2 QRect(0,35 1957x111)
[   169.48 ] D: _tracksModel->getItem(i)->rect()1 3 QRect(0,146 1957x111)
[   169.48 ] D: _tracksModel->getItem(i)->rect()1 4 QRect(0,257 1957x111)
[   169.48 ] D: _tracksModel->getItem(i)->rect()1 5 QRect(0,368 1957x111)
[   169.48 ] D: _tracksModel->getItem(i)->rect()1 6 QRect(0,479 1957x111)
[   169.48 ] D: _tracksModel->getItem(i)->rect()1 7 QRect(0,590 1957x111)
[   169.48 ] D: _tracksModel->getItem(i)->rect()1 8 QRect(0,701 1957x111)
[   169.48 ] D: _tracksModel->getItem(i)->rect()1 9 QRect(0,812 1957x111)
[   169.48 ] D: setTracksRect
[   169.48 ] D: setTracksRect
[   169.48 ] D: sltStartContentYChanged4
[   169.51 ] D: sltStartContentYChanged1
[   169.51 ] D: sltStartContentYChanged2
[   169.51 ] D: sltStartContentYChanged3
[   169.51 ] D: _tracksModel->getItem(i)->rect()1 0 QRect(0,-183 1957x111)
[   169.51 ] D: _tracksModel->getItem(i)->rect()1 1 QRect(0,-72 1957x111)
[   169.51 ] D: _tracksModel->getItem(i)->rect()1 2 QRect(0,39 1957x111)
[   169.51 ] D: _tracksModel->getItem(i)->rect()1 3 QRect(0,150 1957x111)
[   169.51 ] D: _tracksModel->getItem(i)->rect()1 4 QRect(0,261 1957x111)
[   169.51 ] D: _tracksModel->getItem(i)->rect()1 5 QRect(0,372 1957x111)
[   169.51 ] D: _tracksModel->getItem(i)->rect()1 6 QRect(0,483 1957x111)
[   169.51 ] D: _tracksModel->getItem(i)->rect()1 7 QRect(0,594 1957x111)
[   169.51 ] D: _tracksModel->getItem(i)->rect()1 8 QRect(0,705 1957x111)
[   169.51 ] D: _tracksModel->getItem(i)->rect()1 9 QRect(0,816 1957x111)
[   169.51 ] D: setTracksRect
[   169.51 ] D: setTracksRect
[   169.51 ] D: sltStartContentYChanged4
[   169.52 ] D: sltStartContentYChanged1
[   169.52 ] D: sltStartContentYChanged2
[   169.52 ] D: sltStartContentYChanged3
[   169.52 ] D: _tracksModel->getItem(i)->rect()1 0 QRect(0,-179 1957x111)
[   169.52 ] D: _tracksModel->getItem(i)->rect()1 1 QRect(0,-68 1957x111)
[   169.52 ] D: _tracksModel->getItem(i)->rect()1 2 QRect(0,43 1957x111)
[   169.52 ] D: _tracksModel->getItem(i)->rect()1 3 QRect(0,154 1957x111)
[   169.52 ] D: _tracksModel->getItem(i)->rect()1 4 QRect(0,265 1957x111)
[   169.52 ] D: _tracksModel->getItem(i)->rect()1 5 QRect(0,376 1957x111)
[   169.52 ] D: _tracksModel->getItem(i)->rect()1 6 QRect(0,487 1957x111)
[   169.52 ] D: _tracksModel->getItem(i)->rect()1 7 QRect(0,598 1957x111)
[   169.52 ] D: _tracksModel->getItem(i)->rect()1 8 QRect(0,709 1957x111)
[   169.52 ] D: _tracksModel->getItem(i)->rect()1 9 QRect(0,820 1957x111)
[   169.52 ] D: setTracksRect
[   169.52 ] D: setTracksRect
[   169.52 ] D: sltStartContentYChanged4
[   169.53 ] D: sltStartContentYChanged1
[   169.53 ] D: sltStartContentYChanged2
[   169.53 ] D: sltStartContentYChanged3
[   169.53 ] D: _tracksModel->getItem(i)->rect()1 0 QRect(0,-175 1957x111)
[   169.53 ] D: _tracksModel->getItem(i)->rect()1 1 QRect(0,-64 1957x111)
[   169.53 ] D: _tracksModel->getItem(i)->rect()1 2 QRect(0,47 1957x111)
[   169.53 ] D: _tracksModel->getItem(i)->rect()1 3 QRect(0,158 1957x111)
[   169.53 ] D: _tracksModel->getItem(i)->rect()1 4 QRect(0,269 1957x111)
[   169.53 ] D: _tracksModel->getItem(i)->rect()1 5 QRect(0,380 1957x111)
[   169.53 ] D: _tracksModel->getItem(i)->rect()1 6 QRect(0,491 1957x111)
[   169.53 ] D: _tracksModel->getItem(i)->rect()1 7 QRect(0,602 1957x111)
[   169.53 ] D: _tracksModel->getItem(i)->rect()1 8 QRect(0,713 1957x111)
[   169.53 ] D: _tracksModel->getItem(i)->rect()1 9 QRect(0,824 1957x111)
[   169.53 ] D: setTracksRect
[   169.53 ] D: setTracksRect
[   169.53 ] D: sltStartContentYChanged4
[   169.55 ] D: sltStartContentYChanged1
[   169.55 ] D: sltStartContentYChanged2
[   169.56 ] D: sltStartContentYChanged3
[   169.56 ] D: _tracksModel->getItem(i)->rect()1 0 QRect(0,-172 1957x111)
[   169.56 ] D: _tracksModel->getItem(i)->rect()1 1 QRect(0,-61 1957x111)
[   169.56 ] D: _tracksModel->getItem(i)->rect()1 2 QRect(0,50 1957x111)
[   169.56 ] D: _tracksModel->getItem(i)->rect()1 3 QRect(0,161 1957x111)
[   169.56 ] D: _tracksModel->getItem(i)->rect()1 4 QRect(0,272 1957x111)
[   169.56 ] D: _tracksModel->getItem(i)->rect()1 5 QRect(0,383 1957x111)
[   169.56 ] D: _tracksModel->getItem(i)->rect()1 6 QRect(0,494 1957x111)
[   169.56 ] D: _tracksModel->getItem(i)->rect()1 7 QRect(0,605 1957x111)
[   169.56 ] D: _tracksModel->getItem(i)->rect()1 8 QRect(0,716 1957x111)
[   169.56 ] D: _tracksModel->getItem(i)->rect()1 9 QRect(0,827 1957x111)
[   169.56 ] D: setTracksRect
[   169.56 ] D: setTracksRect
[   169.56 ] D: sltStartContentYChanged4
[   169.56 ] D: sltStartContentYChanged1
[   169.56 ] D: sltStartContentYChanged2
[   169.56 ] D: sltStartContentYChanged3
[   169.56 ] D: _tracksModel->getItem(i)->rect()1 0 QRect(0,-169 1957x111)
[   169.56 ] D: _tracksModel->getItem(i)->rect()1 1 QRect(0,-58 1957x111)
[   169.56 ] D: _tracksModel->getItem(i)->rect()1 2 QRect(0,53 1957x111)
[   169.56 ] D: _tracksModel->getItem(i)->rect()1 3 QRect(0,164 1957x111)
[   169.56 ] D: _tracksModel->getItem(i)->rect()1 4 QRect(0,275 1957x111)
[   169.56 ] D: _tracksModel->getItem(i)->rect()1 5 QRect(0,386 1957x111)
[   169.56 ] D: _tracksModel->getItem(i)->rect()1 6 QRect(0,497 1957x111)
[   169.56 ] D: _tracksModel->getItem(i)->rect()1 7 QRect(0,608 1957x111)
[   169.56 ] D: _tracksModel->getItem(i)->rect()1 8 QRect(0,719 1957x111)
[   169.56 ] D: _tracksModel->getItem(i)->rect()1 9 QRect(0,830 1957x111)
[   169.56 ] D: setTracksRect
[   169.56 ] D: setTracksRect
[   169.56 ] D: sltStartContentYChanged4
[   169.57 ] D: sltStartContentYChanged1
[   169.57 ] D: sltStartContentYChanged2
[   169.58 ] D: sltStartContentYChanged3
[   169.58 ] D: _tracksModel->getItem(i)->rect()1 0 QRect(0,-167 1957x111)
[   169.58 ] D: _tracksModel->getItem(i)->rect()1 1 QRect(0,-56 1957x111)
[   169.58 ] D: _tracksModel->getItem(i)->rect()1 2 QRect(0,55 1957x111)
[   169.58 ] D: _tracksModel->getItem(i)->rect()1 3 QRect(0,166 1957x111)
[   169.58 ] D: _tracksModel->getItem(i)->rect()1 4 QRect(0,277 1957x111)
[   169.58 ] D: _tracksModel->getItem(i)->rect()1 5 QRect(0,388 1957x111)
[   169.58 ] D: _tracksModel->getItem(i)->rect()1 6 QRect(0,499 1957x111)
[   169.58 ] D: _tracksModel->getItem(i)->rect()1 7 QRect(0,610 1957x111)
[   169.58 ] D: _tracksModel->getItem(i)->rect()1 8 QRect(0,721 1957x111)
[   169.58 ] D: _tracksModel->getItem(i)->rect()1 9 QRect(0,832 1957x111)
[   169.58 ] D: setTracksRect
[   169.58 ] D: setTracksRect
[   169.58 ] D: sltStartContentYChanged4
[   169.60 ] D: sltStartContentYChanged1
[   169.60 ] D: sltStartContentYChanged2
[   169.61 ] D: sltStartContentYChanged3
[   169.61 ] D: _tracksModel->getItem(i)->rect()1 0 QRect(0,-165 1957x111)
[   169.61 ] D: _tracksModel->getItem(i)->rect()1 1 QRect(0,-54 1957x111)
[   169.61 ] D: _tracksModel->getItem(i)->rect()1 2 QRect(0,57 1957x111)
[   169.61 ] D: _tracksModel->getItem(i)->rect()1 3 QRect(0,168 1957x111)
[   169.61 ] D: _tracksModel->getItem(i)->rect()1 4 QRect(0,279 1957x111)
[   169.61 ] D: _tracksModel->getItem(i)->rect()1 5 QRect(0,390 1957x111)
[   169.61 ] D: _tracksModel->getItem(i)->rect()1 6 QRect(0,501 1957x111)
[   169.61 ] D: _tracksModel->getItem(i)->rect()1 7 QRect(0,612 1957x111)
[   169.61 ] D: _tracksModel->getItem(i)->rect()1 8 QRect(0,723 1957x111)
[   169.61 ] D: _tracksModel->getItem(i)->rect()1 9 QRect(0,834 1957x111)
[   169.61 ] D: setTracksRect
[   169.61 ] D: setTracksRect
[   169.61 ] D: sltStartContentYChanged4
[   169.62 ] D: sltStartContentYChanged1
[   169.62 ] D: sltStartContentYChanged2
[   169.62 ] D: sltStartContentYChanged3
[   169.62 ] D: _tracksModel->getItem(i)->rect()1 0 QRect(0,-163 1957x111)
[   169.62 ] D: _tracksModel->getItem(i)->rect()1 1 QRect(0,-52 1957x111)
[   169.62 ] D: _tracksModel->getItem(i)->rect()1 2 QRect(0,59 1957x111)
[   169.62 ] D: _tracksModel->getItem(i)->rect()1 3 QRect(0,170 1957x111)
[   169.62 ] D: _tracksModel->getItem(i)->rect()1 4 QRect(0,281 1957x111)
[   169.62 ] D: _tracksModel->getItem(i)->rect()1 5 QRect(0,392 1957x111)
[   169.63 ] D: _tracksModel->getItem(i)->rect()1 6 QRect(0,503 1957x111)
[   169.63 ] D: _tracksModel->getItem(i)->rect()1 7 QRect(0,614 1957x111)
[   169.63 ] D: _tracksModel->getItem(i)->rect()1 8 QRect(0,725 1957x111)
[   169.63 ] D: _tracksModel->getItem(i)->rect()1 9 QRect(0,836 1957x111)
[   169.63 ] D: setTracksRect
[   169.63 ] D: setTracksRect
[   169.63 ] D: sltStartContentYChanged4
[   169.63 ] D: sltStartContentYChanged1
[   169.63 ] D: sltStartContentYChanged2
[   169.63 ] D: sltStartContentYChanged3
[   169.63 ] D: _tracksModel->getItem(i)->rect()1 0 QRect(0,-162 1957x111)
[   169.63 ] D: _tracksModel->getItem(i)->rect()1 1 QRect(0,-51 1957x111)
[   169.63 ] D: _tracksModel->getItem(i)->rect()1 2 QRect(0,60 1957x111)
[   169.63 ] D: _tracksModel->getItem(i)->rect()1 3 QRect(0,171 1957x111)
[   169.63 ] D: _tracksModel->getItem(i)->rect()1 4 QRect(0,282 1957x111)
[   169.63 ] D: _tracksModel->getItem(i)->rect()1 5 QRect(0,393 1957x111)
[   169.63 ] D: _tracksModel->getItem(i)->rect()1 6 QRect(0,504 1957x111)
[   169.63 ] D: _tracksModel->getItem(i)->rect()1 7 QRect(0,615 1957x111)
[   169.63 ] D: _tracksModel->getItem(i)->rect()1 8 QRect(0,726 1957x111)
[   169.63 ] D: _tracksModel->getItem(i)->rect()1 9 QRect(0,837 1957x111)
[   169.63 ] D: setTracksRect
[   169.63 ] D: setTracksRect
[   169.63 ] D: sltStartContentYChanged4
[   169.73 ] D: sltStartContentYChanged1
[   169.73 ] D: sltStartContentYChanged2
[   169.73 ] D: sltStartContentYChanged3
[   169.73 ] D: _tracksModel->getItem(i)->rect()1 0 QRect(0,-157 1957x111)
[   169.73 ] D: _tracksModel->getItem(i)->rect()1 1 QRect(0,-46 1957x111)
[   169.73 ] D: _tracksModel->getItem(i)->rect()1 2 QRect(0,65 1957x111)
[   169.73 ] D: _tracksModel->getItem(i)->rect()1 3 QRect(0,176 1957x111)
[   169.73 ] D: _tracksModel->getItem(i)->rect()1 4 QRect(0,287 1957x111)
[   169.73 ] D: _tracksModel->getItem(i)->rect()1 5 QRect(0,398 1957x111)
[   169.73 ] D: _tracksModel->getItem(i)->rect()1 6 QRect(0,509 1957x111)
[   169.73 ] D: _tracksModel->getItem(i)->rect()1 7 QRect(0,620 1957x111)
[   169.73 ] D: _tracksModel->getItem(i)->rect()1 8 QRect(0,731 1957x111)
[   169.73 ] D: _tracksModel->getItem(i)->rect()1 9 QRect(0,842 1957x111)
[   169.73 ] D: setTracksRect
[   169.73 ] D: setTracksRect
[   169.73 ] D: sltStartContentYChanged4
[   169.76 ] D: sltStartContentYChanged1
[   169.76 ] D: sltStartContentYChanged2
[   169.76 ] D: sltStartContentYChanged3
[   169.76 ] D: _tracksModel->getItem(i)->rect()1 0 QRect(0,-152 1957x111)
[   169.76 ] D: _tracksModel->getItem(i)->rect()1 1 QRect(0,-41 1957x111)
[   169.76 ] D: _tracksModel->getItem(i)->rect()1 2 QRect(0,70 1957x111)
[   169.76 ] D: _tracksModel->getItem(i)->rect()1 3 QRect(0,181 1957x111)
[   169.76 ] D: _tracksModel->getItem(i)->rect()1 4 QRect(0,292 1957x111)
[   169.76 ] D: _tracksModel->getItem(i)->rect()1 5 QRect(0,403 1957x111)
[   169.76 ] D: _tracksModel->getItem(i)->rect()1 6 QRect(0,514 1957x111)
[   169.76 ] D: _tracksModel->getItem(i)->rect()1 7 QRect(0,625 1957x111)
[   169.76 ] D: _tracksModel->getItem(i)->rect()1 8 QRect(0,736 1957x111)
[   169.76 ] D: _tracksModel->getItem(i)->rect()1 9 QRect(0,847 1957x111)
[   169.76 ] D: setTracksRect
[   169.76 ] D: setTracksRect
[   169.76 ] D: sltStartContentYChanged4
[   169.76 ] D: sltStartContentYChanged1
[   169.76 ] D: sltStartContentYChanged2
[   169.76 ] D: sltStartContentYChanged3
[   169.76 ] D: _tracksModel->getItem(i)->rect()1 0 QRect(0,-148 1957x111)
[   169.76 ] D: _tracksModel->getItem(i)->rect()1 1 QRect(0,-37 1957x111)
[   169.76 ] D: _tracksModel->getItem(i)->rect()1 2 QRect(0,74 1957x111)
[   169.76 ] D: _tracksModel->getItem(i)->rect()1 3 QRect(0,185 1957x111)
[   169.76 ] D: _tracksModel->getItem(i)->rect()1 4 QRect(0,296 1957x111)
[   169.76 ] D: _tracksModel->getItem(i)->rect()1 5 QRect(0,407 1957x111)
[   169.76 ] D: _tracksModel->getItem(i)->rect()1 6 QRect(0,518 1957x111)
[   169.76 ] D: _tracksModel->getItem(i)->rect()1 7 QRect(0,629 1957x111)
[   169.76 ] D: _tracksModel->getItem(i)->rect()1 8 QRect(0,740 1957x111)
[   169.76 ] D: _tracksModel->getItem(i)->rect()1 9 QRect(0,851 1957x111)
[   169.76 ] D: setTracksRect
[   169.76 ] D: setTracksRect
[   169.76 ] D: sltStartContentYChanged4
[   169.78 ] D: sltStartContentYChanged1
[   169.78 ] D: sltStartContentYChanged2
[   169.78 ] D: sltStartContentYChanged3
[   169.78 ] D: _tracksModel->getItem(i)->rect()1 0 QRect(0,-145 1957x111)
[   169.78 ] D: _tracksModel->getItem(i)->rect()1 1 QRect(0,-34 1957x111)
[   169.78 ] D: _tracksModel->getItem(i)->rect()1 2 QRect(0,77 1957x111)
[   169.78 ] D: _tracksModel->getItem(i)->rect()1 3 QRect(0,188 1957x111)
[   169.78 ] D: _tracksModel->getItem(i)->rect()1 4 QRect(0,299 1957x111)
[   169.78 ] D: _tracksModel->getItem(i)->rect()1 5 QRect(0,410 1957x111)
[   169.78 ] D: _tracksModel->getItem(i)->rect()1 6 QRect(0,521 1957x111)
[   169.78 ] D: _tracksModel->getItem(i)->rect()1 7 QRect(0,632 1957x111)
[   169.78 ] D: _tracksModel->getItem(i)->rect()1 8 QRect(0,743 1957x111)
[   169.78 ] D: _tracksModel->getItem(i)->rect()1 9 QRect(0,854 1957x111)
[   169.78 ] D: setTracksRect
[   169.78 ] D: setTracksRect
[   169.78 ] D: sltStartContentYChanged4
[   169.81 ] D: sltStartContentYChanged1
[   169.81 ] D: sltStartContentYChanged2
[   169.81 ] D: sltStartContentYChanged3
[   169.81 ] D: _tracksModel->getItem(i)->rect()1 0 QRect(0,-141 1957x111)
[   169.81 ] D: _tracksModel->getItem(i)->rect()1 1 QRect(0,-30 1957x111)
[   169.81 ] D: _tracksModel->getItem(i)->rect()1 2 QRect(0,81 1957x111)
[   169.81 ] D: _tracksModel->getItem(i)->rect()1 3 QRect(0,192 1957x111)
[   169.81 ] D: _tracksModel->getItem(i)->rect()1 4 QRect(0,303 1957x111)
[   169.81 ] D: _tracksModel->getItem(i)->rect()1 5 QRect(0,414 1957x111)
[   169.81 ] D: _tracksModel->getItem(i)->rect()1 6 QRect(0,525 1957x111)
[   169.81 ] D: _tracksModel->getItem(i)->rect()1 7 QRect(0,636 1957x111)
[   169.81 ] D: _tracksModel->getItem(i)->rect()1 8 QRect(0,747 1957x111)
[   169.81 ] D: _tracksModel->getItem(i)->rect()1 9 QRect(0,858 1957x111)
[   169.81 ] D: setTracksRect
[   169.81 ] D: setTracksRect
[   169.81 ] D: sltStartContentYChanged4
[   169.82 ] D: sltStartContentYChanged1
[   169.82 ] D: sltStartContentYChanged2
[   169.82 ] D: sltStartContentYChanged3
[   169.82 ] D: _tracksModel->getItem(i)->rect()1 0 QRect(0,-139 1957x111)
[   169.83 ] D: _tracksModel->getItem(i)->rect()1 1 QRect(0,-28 1957x111)
[   169.83 ] D: _tracksModel->getItem(i)->rect()1 2 QRect(0,83 1957x111)
[   169.83 ] D: _tracksModel->getItem(i)->rect()1 3 QRect(0,194 1957x111)
[   169.83 ] D: _tracksModel->getItem(i)->rect()1 4 QRect(0,305 1957x111)
[   169.83 ] D: _tracksModel->getItem(i)->rect()1 5 QRect(0,416 1957x111)
[   169.83 ] D: _tracksModel->getItem(i)->rect()1 6 QRect(0,527 1957x111)
[   169.83 ] D: _tracksModel->getItem(i)->rect()1 7 QRect(0,638 1957x111)
[   169.83 ] D: _tracksModel->getItem(i)->rect()1 8 QRect(0,749 1957x111)
[   169.83 ] D: _tracksModel->getItem(i)->rect()1 9 QRect(0,860 1957x111)
[   169.83 ] D: setTracksRect
[   169.83 ] D: setTracksRect
[   169.83 ] D: sltStartContentYChanged4
[   169.83 ] D: sltStartContentYChanged1
[   169.83 ] D: sltStartContentYChanged2
[   169.83 ] D: sltStartContentYChanged3
[   169.83 ] D: _tracksModel->getItem(i)->rect()1 0 QRect(0,-136 1957x111)
[   169.83 ] D: _tracksModel->getItem(i)->rect()1 1 QRect(0,-25 1957x111)
[   169.83 ] D: _tracksModel->getItem(i)->rect()1 2 QRect(0,86 1957x111)
[   169.83 ] D: _tracksModel->getItem(i)->rect()1 3 QRect(0,197 1957x111)
[   169.83 ] D: _tracksModel->getItem(i)->rect()1 4 QRect(0,308 1957x111)
[   169.83 ] D: _tracksModel->getItem(i)->rect()1 5 QRect(0,419 1957x111)
[   169.83 ] D: _tracksModel->getItem(i)->rect()1 6 QRect(0,530 1957x111)
[   169.83 ] D: _tracksModel->getItem(i)->rect()1 7 QRect(0,641 1957x111)
[   169.83 ] D: _tracksModel->getItem(i)->rect()1 8 QRect(0,752 1957x111)
[   169.83 ] D: _tracksModel->getItem(i)->rect()1 9 QRect(0,863 1957x111)
[   169.83 ] D: setTracksRect
[   169.83 ] D: setTracksRect
[   169.83 ] D: sltStartContentYChanged4
[   169.85 ] D: sltStartContentYChanged1
[   169.85 ] D: sltStartContentYChanged2
[   169.85 ] D: sltStartContentYChanged3
[   169.85 ] D: _tracksModel->getItem(i)->rect()1 0 QRect(0,-135 1957x111)
[   169.85 ] D: _tracksModel->getItem(i)->rect()1 1 QRect(0,-24 1957x111)
[   169.85 ] D: _tracksModel->getItem(i)->rect()1 2 QRect(0,87 1957x111)
[   169.85 ] D: _tracksModel->getItem(i)->rect()1 3 QRect(0,198 1957x111)
[   169.85 ] D: _tracksModel->getItem(i)->rect()1 4 QRect(0,309 1957x111)
[   169.85 ] D: _tracksModel->getItem(i)->rect()1 5 QRect(0,420 1957x111)
[   169.85 ] D: _tracksModel->getItem(i)->rect()1 6 QRect(0,531 1957x111)
[   169.85 ] D: _tracksModel->getItem(i)->rect()1 7 QRect(0,642 1957x111)
[   169.85 ] D: _tracksModel->getItem(i)->rect()1 8 QRect(0,753 1957x111)
[   169.85 ] D: _tracksModel->getItem(i)->rect()1 9 QRect(0,864 1957x111)
[   169.85 ] D: setTracksRect
[   169.85 ] D: setTracksRect
[   169.85 ] D: sltStartContentYChanged4
[   169.88 ] D: sltStartContentYChanged1
[   169.88 ] D: sltStartContentYChanged2
[   169.88 ] D: sltStartContentYChanged3
[   169.88 ] D: _tracksModel->getItem(i)->rect()1 0 QRect(0,-133 1957x111)
[   169.88 ] D: _tracksModel->getItem(i)->rect()1 1 QRect(0,-22 1957x111)
[   169.88 ] D: _tracksModel->getItem(i)->rect()1 2 QRect(0,89 1957x111)
[   169.88 ] D: _tracksModel->getItem(i)->rect()1 3 QRect(0,200 1957x111)
[   169.88 ] D: _tracksModel->getItem(i)->rect()1 4 QRect(0,311 1957x111)
[   169.88 ] D: _tracksModel->getItem(i)->rect()1 5 QRect(0,422 1957x111)
[   169.88 ] D: _tracksModel->getItem(i)->rect()1 6 QRect(0,533 1957x111)
[   169.88 ] D: _tracksModel->getItem(i)->rect()1 7 QRect(0,644 1957x111)
[   169.88 ] D: _tracksModel->getItem(i)->rect()1 8 QRect(0,755 1957x111)
[   169.88 ] D: _tracksModel->getItem(i)->rect()1 9 QRect(0,866 1957x111)
[   169.88 ] D: setTracksRect
[   169.88 ] D: setTracksRect
[   169.88 ] D: sltStartContentYChanged4
[   169.89 ] D: sltStartContentYChanged1
[   169.89 ] D: sltStartContentYChanged2
[   169.89 ] D: sltStartContentYChanged3
[   169.89 ] D: _tracksModel->getItem(i)->rect()1 0 QRect(0,-132 1957x111)
[   169.89 ] D: _tracksModel->getItem(i)->rect()1 1 QRect(0,-21 1957x111)
[   169.89 ] D: _tracksModel->getItem(i)->rect()1 2 QRect(0,90 1957x111)
[   169.89 ] D: _tracksModel->getItem(i)->rect()1 3 QRect(0,201 1957x111)
[   169.89 ] D: _tracksModel->getItem(i)->rect()1 4 QRect(0,312 1957x111)
[   169.89 ] D: _tracksModel->getItem(i)->rect()1 5 QRect(0,423 1957x111)
[   169.89 ] D: _tracksModel->getItem(i)->rect()1 6 QRect(0,534 1957x111)
[   169.89 ] D: _tracksModel->getItem(i)->rect()1 7 QRect(0,645 1957x111)
[   169.89 ] D: _tracksModel->getItem(i)->rect()1 8 QRect(0,756 1957x111)
[   169.89 ] D: _tracksModel->getItem(i)->rect()1 9 QRect(0,867 1957x111)
[   169.89 ] D: setTracksRect
[   169.89 ] D: setTracksRect
[   169.89 ] D: sltStartContentYChanged4
[   169.92 ] D: sltStartContentYChanged1
[   169.92 ] D: sltStartContentYChanged2
[   169.92 ] D: sltStartContentYChanged3
[   169.92 ] D: _tracksModel->getItem(i)->rect()1 0 QRect(0,-127 1957x111)
[   169.92 ] D: _tracksModel->getItem(i)->rect()1 1 QRect(0,-16 1957x111)
[   169.92 ] D: _tracksModel->getItem(i)->rect()1 2 QRect(0,95 1957x111)
[   169.92 ] D: _tracksModel->getItem(i)->rect()1 3 QRect(0,206 1957x111)
[   169.92 ] D: _tracksModel->getItem(i)->rect()1 4 QRect(0,317 1957x111)
[   169.92 ] D: _tracksModel->getItem(i)->rect()1 5 QRect(0,428 1957x111)
[   169.93 ] D: _tracksModel->getItem(i)->rect()1 6 QRect(0,539 1957x111)
[   169.93 ] D: _tracksModel->getItem(i)->rect()1 7 QRect(0,650 1957x111)
[   169.93 ] D: _tracksModel->getItem(i)->rect()1 8 QRect(0,761 1957x111)
[   169.93 ] D: _tracksModel->getItem(i)->rect()1 9 QRect(0,872 1957x111)
[   169.93 ] D: setTracksRect
[   169.93 ] D: setTracksRect
[   169.93 ] D: sltStartContentYChanged4
[   169.93 ] D: sltStartContentYChanged1
[   169.93 ] D: sltStartContentYChanged2
[   169.93 ] D: sltStartContentYChanged3
[   169.93 ] D: _tracksModel->getItem(i)->rect()1 0 QRect(0,-122 1957x111)
[   169.93 ] D: _tracksModel->getItem(i)->rect()1 1 QRect(0,-11 1957x111)
[   169.93 ] D: _tracksModel->getItem(i)->rect()1 2 QRect(0,100 1957x111)
[   169.93 ] D: _tracksModel->getItem(i)->rect()1 3 QRect(0,211 1957x111)
[   169.93 ] D: _tracksModel->getItem(i)->rect()1 4 QRect(0,322 1957x111)
[   169.93 ] D: _tracksModel->getItem(i)->rect()1 5 QRect(0,433 1957x111)
[   169.93 ] D: _tracksModel->getItem(i)->rect()1 6 QRect(0,544 1957x111)
[   169.93 ] D: _tracksModel->getItem(i)->rect()1 7 QRect(0,655 1957x111)
[   169.93 ] D: _tracksModel->getItem(i)->rect()1 8 QRect(0,766 1957x111)
[   169.93 ] D: _tracksModel->getItem(i)->rect()1 9 QRect(0,877 1957x111)
[   169.93 ] D: setTracksRect
[   169.93 ] D: setTracksRect
[   169.93 ] D: sltStartContentYChanged4
[   169.96 ] D: sltStartContentYChanged1
[   169.96 ] D: sltStartContentYChanged2
[   169.96 ] D: sltStartContentYChanged3
[   169.96 ] D: _tracksModel->getItem(i)->rect()1 0 QRect(0,-117 1957x111)
[   169.96 ] D: _tracksModel->getItem(i)->rect()1 1 QRect(0,-6 1957x111)
[   169.96 ] D: _tracksModel->getItem(i)->rect()1 2 QRect(0,105 1957x111)
[   169.96 ] D: _tracksModel->getItem(i)->rect()1 3 QRect(0,216 1957x111)
[   169.96 ] D: _tracksModel->getItem(i)->rect()1 4 QRect(0,327 1957x111)
[   169.96 ] D: _tracksModel->getItem(i)->rect()1 5 QRect(0,438 1957x111)
[   169.96 ] D: _tracksModel->getItem(i)->rect()1 6 QRect(0,549 1957x111)
[   169.96 ] D: _tracksModel->getItem(i)->rect()1 7 QRect(0,660 1957x111)
[   169.96 ] D: _tracksModel->getItem(i)->rect()1 8 QRect(0,771 1957x111)
[   169.96 ] D: _tracksModel->getItem(i)->rect()1 9 QRect(0,882 1957x111)
[   169.96 ] D: setTracksRect
[   169.96 ] D: setTracksRect
[   169.96 ] D: sltStartContentYChanged4
[   169.97 ] D: sltStartContentYChanged1
[   169.97 ] D: sltStartContentYChanged2
[   169.97 ] D: sltStartContentYChanged3
[   169.97 ] D: _tracksModel->getItem(i)->rect()1 0 QRect(0,-112 1957x111)
[   169.97 ] D: _tracksModel->getItem(i)->rect()1 1 QRect(0,-1 1957x111)
[   169.97 ] D: _tracksModel->getItem(i)->rect()1 2 QRect(0,110 1957x111)
[   169.98 ] D: _tracksModel->getItem(i)->rect()1 3 QRect(0,221 1957x111)
[   169.98 ] D: _tracksModel->getItem(i)->rect()1 4 QRect(0,332 1957x111)
[   169.98 ] D: _tracksModel->getItem(i)->rect()1 5 QRect(0,443 1957x111)
[   169.98 ] D: _tracksModel->getItem(i)->rect()1 6 QRect(0,554 1957x111)
[   169.98 ] D: _tracksModel->getItem(i)->rect()1 7 QRect(0,665 1957x111)
[   169.98 ] D: _tracksModel->getItem(i)->rect()1 8 QRect(0,776 1957x111)
[   169.98 ] D: _tracksModel->getItem(i)->rect()1 9 QRect(0,887 1957x111)
[   169.98 ] D: setTracksRect
[   169.98 ] D: setTracksRect
[   169.98 ] D: sltStartContentYChanged4
[   169.98 ] D: sltStartContentYChanged1
[   169.98 ] D: sltStartContentYChanged2
[   169.98 ] D: sltStartContentYChanged3
[   169.98 ] D: _tracksModel->getItem(i)->rect()1 0 QRect(0,-107 1957x111)
[   169.98 ] D: _tracksModel->getItem(i)->rect()1 1 QRect(0,4 1957x111)
[   169.98 ] D: _tracksModel->getItem(i)->rect()1 2 QRect(0,115 1957x111)
[   169.98 ] D: _tracksModel->getItem(i)->rect()1 3 QRect(0,226 1957x111)
[   169.98 ] D: _tracksModel->getItem(i)->rect()1 4 QRect(0,337 1957x111)
[   169.98 ] D: _tracksModel->getItem(i)->rect()1 5 QRect(0,448 1957x111)
[   169.98 ] D: _tracksModel->getItem(i)->rect()1 6 QRect(0,559 1957x111)
[   169.98 ] D: _tracksModel->getItem(i)->rect()1 7 QRect(0,670 1957x111)
[   169.98 ] D: _tracksModel->getItem(i)->rect()1 8 QRect(0,781 1957x111)
[   169.98 ] D: _tracksModel->getItem(i)->rect()1 9 QRect(0,892 1957x111)
[   169.98 ] D: setTracksRect
[   169.98 ] D: setTracksRect
[   169.98 ] D: sltStartContentYChanged4
[   170.00 ] D: sltStartContentYChanged1
[   170.00 ] D: sltStartContentYChanged2
[   170.00 ] D: sltStartContentYChanged3
[   170.00 ] D: _tracksModel->getItem(i)->rect()1 0 QRect(0,-103 1957x111)
[   170.00 ] D: _tracksModel->getItem(i)->rect()1 1 QRect(0,8 1957x111)
[   170.00 ] D: _tracksModel->getItem(i)->rect()1 2 QRect(0,119 1957x111)
[   170.00 ] D: _tracksModel->getItem(i)->rect()1 3 QRect(0,230 1957x111)
[   170.00 ] D: _tracksModel->getItem(i)->rect()1 4 QRect(0,341 1957x111)
[   170.00 ] D: _tracksModel->getItem(i)->rect()1 5 QRect(0,452 1957x111)
[   170.00 ] D: _tracksModel->getItem(i)->rect()1 6 QRect(0,563 1957x111)
[   170.00 ] D: _tracksModel->getItem(i)->rect()1 7 QRect(0,674 1957x111)
[   170.00 ] D: _tracksModel->getItem(i)->rect()1 8 QRect(0,785 1957x111)
[   170.00 ] D: _tracksModel->getItem(i)->rect()1 9 QRect(0,896 1957x111)
[   170.00 ] D: setTracksRect
[   170.00 ] D: setTracksRect
[   170.00 ] D: sltStartContentYChanged4
[   170.00 ] D: sltStartContentYChanged1
[   170.01 ] D: sltStartContentYChanged2
[   170.01 ] D: sltStartContentYChanged3
[   170.01 ] D: _tracksModel->getItem(i)->rect()1 0 QRect(0,-99 1957x111)
[   170.01 ] D: _tracksModel->getItem(i)->rect()1 1 QRect(0,12 1957x111)
[   170.01 ] D: _tracksModel->getItem(i)->rect()1 2 QRect(0,123 1957x111)
[   170.01 ] D: _tracksModel->getItem(i)->rect()1 3 QRect(0,234 1957x111)
[   170.01 ] D: _tracksModel->getItem(i)->rect()1 4 QRect(0,345 1957x111)
[   170.01 ] D: _tracksModel->getItem(i)->rect()1 5 QRect(0,456 1957x111)
[   170.01 ] D: _tracksModel->getItem(i)->rect()1 6 QRect(0,567 1957x111)
[   170.01 ] D: _tracksModel->getItem(i)->rect()1 7 QRect(0,678 1957x111)
[   170.01 ] D: _tracksModel->getItem(i)->rect()1 8 QRect(0,789 1957x111)
[   170.01 ] D: _tracksModel->getItem(i)->rect()1 9 QRect(0,900 1957x111)
[   170.01 ] D: setTracksRect
[   170.01 ] D: setTracksRect
[   170.01 ] D: sltStartContentYChanged4
[   170.03 ] D: sltStartContentYChanged1
[   170.03 ] D: sltStartContentYChanged2
[   170.03 ] D: sltStartContentYChanged3
[   170.03 ] D: _tracksModel->getItem(i)->rect()1 0 QRect(0,-95 1957x111)
[   170.03 ] D: _tracksModel->getItem(i)->rect()1 1 QRect(0,16 1957x111)
[   170.03 ] D: _tracksModel->getItem(i)->rect()1 2 QRect(0,127 1957x111)
[   170.03 ] D: _tracksModel->getItem(i)->rect()1 3 QRect(0,238 1957x111)
[   170.03 ] D: _tracksModel->getItem(i)->rect()1 4 QRect(0,349 1957x111)
[   170.03 ] D: _tracksModel->getItem(i)->rect()1 5 QRect(0,460 1957x111)
[   170.03 ] D: _tracksModel->getItem(i)->rect()1 6 QRect(0,571 1957x111)
[   170.03 ] D: _tracksModel->getItem(i)->rect()1 7 QRect(0,682 1957x111)
[   170.03 ] D: _tracksModel->getItem(i)->rect()1 8 QRect(0,793 1957x111)
[   170.03 ] D: _tracksModel->getItem(i)->rect()1 9 QRect(0,904 1957x111)
[   170.03 ] D: setTracksRect
[   170.03 ] D: setTracksRect
[   170.03 ] D: sltStartContentYChanged4
[   170.04 ] D: sltStartContentYChanged1
[   170.05 ] D: sltStartContentYChanged2
[   170.05 ] D: sltStartContentYChanged3
[   170.05 ] D: _tracksModel->getItem(i)->rect()1 0 QRect(0,-92 1957x111)
[   170.05 ] D: _tracksModel->getItem(i)->rect()1 1 QRect(0,19 1957x111)
[   170.05 ] D: _tracksModel->getItem(i)->rect()1 2 QRect(0,130 1957x111)
[   170.05 ] D: _tracksModel->getItem(i)->rect()1 3 QRect(0,241 1957x111)
[   170.05 ] D: _tracksModel->getItem(i)->rect()1 4 QRect(0,352 1957x111)
[   170.05 ] D: _tracksModel->getItem(i)->rect()1 5 QRect(0,463 1957x111)
[   170.05 ] D: _tracksModel->getItem(i)->rect()1 6 QRect(0,574 1957x111)
[   170.05 ] D: _tracksModel->getItem(i)->rect()1 7 QRect(0,685 1957x111)
[   170.05 ] D: _tracksModel->getItem(i)->rect()1 8 QRect(0,796 1957x111)
[   170.05 ] D: _tracksModel->getItem(i)->rect()1 9 QRect(0,907 1957x111)
[   170.05 ] D: setTracksRect
[   170.05 ] D: setTracksRect
[   170.05 ] D: sltStartContentYChanged4
[   170.07 ] D: sltStartContentYChanged1
[   170.07 ] D: sltStartContentYChanged2
[   170.07 ] D: sltStartContentYChanged3
[   170.07 ] D: _tracksModel->getItem(i)->rect()1 0 QRect(0,-89 1957x111)
[   170.07 ] D: _tracksModel->getItem(i)->rect()1 1 QRect(0,22 1957x111)
[   170.07 ] D: _tracksModel->getItem(i)->rect()1 2 QRect(0,133 1957x111)
[   170.07 ] D: _tracksModel->getItem(i)->rect()1 3 QRect(0,244 1957x111)
[   170.08 ] D: _tracksModel->getItem(i)->rect()1 4 QRect(0,355 1957x111)
[   170.08 ] D: _tracksModel->getItem(i)->rect()1 5 QRect(0,466 1957x111)
[   170.08 ] D: _tracksModel->getItem(i)->rect()1 6 QRect(0,577 1957x111)
[   170.08 ] D: _tracksModel->getItem(i)->rect()1 7 QRect(0,688 1957x111)
[   170.08 ] D: _tracksModel->getItem(i)->rect()1 8 QRect(0,799 1957x111)
[   170.08 ] D: _tracksModel->getItem(i)->rect()1 9 QRect(0,910 1957x111)
[   170.08 ] D: setTracksRect
[   170.08 ] D: setTracksRect
[   170.08 ] D: sltStartContentYChanged4
[   170.08 ] D: sltStartContentYChanged1
[   170.08 ] D: sltStartContentYChanged2
[   170.08 ] D: sltStartContentYChanged3
[   170.08 ] D: _tracksModel->getItem(i)->rect()1 0 QRect(0,-87 1957x111)
[   170.08 ] D: _tracksModel->getItem(i)->rect()1 1 QRect(0,24 1957x111)
[   170.08 ] D: _tracksModel->getItem(i)->rect()1 2 QRect(0,135 1957x111)
[   170.08 ] D: _tracksModel->getItem(i)->rect()1 3 QRect(0,246 1957x111)
[   170.08 ] D: _tracksModel->getItem(i)->rect()1 4 QRect(0,357 1957x111)
[   170.08 ] D: _tracksModel->getItem(i)->rect()1 5 QRect(0,468 1957x111)
[   170.08 ] D: _tracksModel->getItem(i)->rect()1 6 QRect(0,579 1957x111)
[   170.08 ] D: _tracksModel->getItem(i)->rect()1 7 QRect(0,690 1957x111)
[   170.08 ] D: _tracksModel->getItem(i)->rect()1 8 QRect(0,801 1957x111)
[   170.08 ] D: _tracksModel->getItem(i)->rect()1 9 QRect(0,912 1957x111)
[   170.08 ] D: setTracksRect
[   170.08 ] D: setTracksRect
[   170.08 ] D: sltStartContentYChanged4
[   170.10 ] D: sltStartContentYChanged1
[   170.11 ] D: sltStartContentYChanged2
[   170.11 ] D: sltStartContentYChanged3
[   170.11 ] D: _tracksModel->getItem(i)->rect()1 0 QRect(0,-85 1957x111)
[   170.11 ] D: _tracksModel->getItem(i)->rect()1 1 QRect(0,26 1957x111)
[   170.11 ] D: _tracksModel->getItem(i)->rect()1 2 QRect(0,137 1957x111)
[   170.11 ] D: _tracksModel->getItem(i)->rect()1 3 QRect(0,248 1957x111)
[   170.11 ] D: _tracksModel->getItem(i)->rect()1 4 QRect(0,359 1957x111)
[   170.11 ] D: _tracksModel->getItem(i)->rect()1 5 QRect(0,470 1957x111)
[   170.11 ] D: _tracksModel->getItem(i)->rect()1 6 QRect(0,581 1957x111)
[   170.11 ] D: _tracksModel->getItem(i)->rect()1 7 QRect(0,692 1957x111)
[   170.11 ] D: _tracksModel->getItem(i)->rect()1 8 QRect(0,803 1957x111)
[   170.11 ] D: _tracksModel->getItem(i)->rect()1 9 QRect(0,914 1957x111)
[   170.11 ] D: setTracksRect
[   170.11 ] D: setTracksRect
[   170.11 ] D: sltStartContentYChanged4
[   170.12 ] D: sltStartContentYChanged1
[   170.12 ] D: sltStartContentYChanged2
[   170.12 ] D: sltStartContentYChanged3
[   170.12 ] D: _tracksModel->getItem(i)->rect()1 0 QRect(0,-84 1957x111)
[   170.12 ] D: _tracksModel->getItem(i)->rect()1 1 QRect(0,27 1957x111)
[   170.12 ] D: _tracksModel->getItem(i)->rect()1 2 QRect(0,138 1957x111)
[   170.12 ] D: _tracksModel->getItem(i)->rect()1 3 QRect(0,249 1957x111)
[   170.12 ] D: _tracksModel->getItem(i)->rect()1 4 QRect(0,360 1957x111)
[   170.12 ] D: _tracksModel->getItem(i)->rect()1 5 QRect(0,471 1957x111)
[   170.12 ] D: _tracksModel->getItem(i)->rect()1 6 QRect(0,582 1957x111)
[   170.12 ] D: _tracksModel->getItem(i)->rect()1 7 QRect(0,693 1957x111)
[   170.12 ] D: _tracksModel->getItem(i)->rect()1 8 QRect(0,804 1957x111)
[   170.12 ] D: _tracksModel->getItem(i)->rect()1 9 QRect(0,915 1957x111)
[   170.13 ] D: setTracksRect
[   170.13 ] D: setTracksRect
[   170.13 ] D: sltStartContentYChanged4
[   170.13 ] D: sltStartContentYChanged1
[   170.13 ] D: sltStartContentYChanged2
[   170.13 ] D: sltStartContentYChanged3
[   170.13 ] D: _tracksModel->getItem(i)->rect()1 0 QRect(0,-83 1957x111)
[   170.13 ] D: _tracksModel->getItem(i)->rect()1 1 QRect(0,28 1957x111)
[   170.13 ] D: _tracksModel->getItem(i)->rect()1 2 QRect(0,139 1957x111)
[   170.13 ] D: _tracksModel->getItem(i)->rect()1 3 QRect(0,250 1957x111)
[   170.13 ] D: _tracksModel->getItem(i)->rect()1 4 QRect(0,361 1957x111)
[   170.13 ] D: _tracksModel->getItem(i)->rect()1 5 QRect(0,472 1957x111)
[   170.13 ] D: _tracksModel->getItem(i)->rect()1 6 QRect(0,583 1957x111)
[   170.13 ] D: _tracksModel->getItem(i)->rect()1 7 QRect(0,694 1957x111)
[   170.13 ] D: _tracksModel->getItem(i)->rect()1 8 QRect(0,805 1957x111)
[   170.13 ] D: _tracksModel->getItem(i)->rect()1 9 QRect(0,916 1957x111)
[   170.13 ] D: setTracksRect
[   170.13 ] D: setTracksRect
[   170.13 ] D: sltStartContentYChanged4
[   170.19 ] D: sltStartContentYChanged1
[   170.19 ] D: sltStartContentYChanged2
[   170.19 ] D: sltStartContentYChanged3
[   170.19 ] D: _tracksModel->getItem(i)->rect()1 0 QRect(0,-73 1957x111)
[   170.19 ] D: _tracksModel->getItem(i)->rect()1 1 QRect(0,38 1957x111)
[   170.19 ] D: _tracksModel->getItem(i)->rect()1 2 QRect(0,149 1957x111)
[   170.19 ] D: _tracksModel->getItem(i)->rect()1 3 QRect(0,260 1957x111)
[   170.19 ] D: _tracksModel->getItem(i)->rect()1 4 QRect(0,371 1957x111)
[   170.19 ] D: _tracksModel->getItem(i)->rect()1 5 QRect(0,482 1957x111)
[   170.19 ] D: _tracksModel->getItem(i)->rect()1 6 QRect(0,593 1957x111)
[   170.19 ] D: _tracksModel->getItem(i)->rect()1 7 QRect(0,704 1957x111)
[   170.19 ] D: _tracksModel->getItem(i)->rect()1 8 QRect(0,815 1957x111)
[   170.19 ] D: _tracksModel->getItem(i)->rect()1 9 QRect(0,926 1957x111)
[   170.19 ] D: setTracksRect
[   170.19 ] D: setTracksRect
[   170.19 ] D: sltStartContentYChanged4
[   170.21 ] D: sltStartContentYChanged1
[   170.21 ] D: sltStartContentYChanged2
[   170.21 ] D: sltStartContentYChanged3
[   170.21 ] D: _tracksModel->getItem(i)->rect()1 0 QRect(0,-68 1957x111)
[   170.21 ] D: _tracksModel->getItem(i)->rect()1 1 QRect(0,43 1957x111)
[   170.21 ] D: _tracksModel->getItem(i)->rect()1 2 QRect(0,154 1957x111)
[   170.21 ] D: _tracksModel->getItem(i)->rect()1 3 QRect(0,265 1957x111)
[   170.21 ] D: _tracksModel->getItem(i)->rect()1 4 QRect(0,376 1957x111)
[   170.21 ] D: _tracksModel->getItem(i)->rect()1 5 QRect(0,487 1957x111)
[   170.21 ] D: _tracksModel->getItem(i)->rect()1 6 QRect(0,598 1957x111)
[   170.21 ] D: _tracksModel->getItem(i)->rect()1 7 QRect(0,709 1957x111)
[   170.21 ] D: _tracksModel->getItem(i)->rect()1 8 QRect(0,820 1957x111)
[   170.21 ] D: _tracksModel->getItem(i)->rect()1 9 QRect(0,931 1957x111)
[   170.21 ] D: setTracksRect
[   170.21 ] D: setTracksRect
[   170.21 ] D: sltStartContentYChanged4
[   170.23 ] D: sltStartContentYChanged1
[   170.23 ] D: sltStartContentYChanged2
[   170.23 ] D: sltStartContentYChanged3
[   170.23 ] D: _tracksModel->getItem(i)->rect()1 0 QRect(0,-64 1957x111)
[   170.23 ] D: _tracksModel->getItem(i)->rect()1 1 QRect(0,47 1957x111)
[   170.23 ] D: _tracksModel->getItem(i)->rect()1 2 QRect(0,158 1957x111)
[   170.23 ] D: _tracksModel->getItem(i)->rect()1 3 QRect(0,269 1957x111)
[   170.23 ] D: _tracksModel->getItem(i)->rect()1 4 QRect(0,380 1957x111)
[   170.23 ] D: _tracksModel->getItem(i)->rect()1 5 QRect(0,491 1957x111)
[   170.23 ] D: _tracksModel->getItem(i)->rect()1 6 QRect(0,602 1957x111)
[   170.23 ] D: _tracksModel->getItem(i)->rect()1 7 QRect(0,713 1957x111)
[   170.23 ] D: _tracksModel->getItem(i)->rect()1 8 QRect(0,824 1957x111)
[   170.23 ] D: _tracksModel->getItem(i)->rect()1 9 QRect(0,935 1957x111)
[   170.23 ] D: setTracksRect
[   170.23 ] D: setTracksRect
[   170.23 ] D: sltStartContentYChanged4
[   170.26 ] D: sltStartContentYChanged1
[   170.26 ] D: sltStartContentYChanged2
[   170.26 ] D: sltStartContentYChanged3
[   170.26 ] D: _tracksModel->getItem(i)->rect()1 0 QRect(0,-59 1957x111)
[   170.26 ] D: _tracksModel->getItem(i)->rect()1 1 QRect(0,52 1957x111)
[   170.26 ] D: _tracksModel->getItem(i)->rect()1 2 QRect(0,163 1957x111)
[   170.26 ] D: _tracksModel->getItem(i)->rect()1 3 QRect(0,274 1957x111)
[   170.26 ] D: _tracksModel->getItem(i)->rect()1 4 QRect(0,385 1957x111)
[   170.26 ] D: _tracksModel->getItem(i)->rect()1 5 QRect(0,496 1957x111)
[   170.26 ] D: _tracksModel->getItem(i)->rect()1 6 QRect(0,607 1957x111)
[   170.26 ] D: _tracksModel->getItem(i)->rect()1 7 QRect(0,718 1957x111)
[   170.26 ] D: _tracksModel->getItem(i)->rect()1 8 QRect(0,829 1957x111)
[   170.26 ] D: _tracksModel->getItem(i)->rect()1 9 QRect(0,940 1957x111)
[   170.26 ] D: setTracksRect
[   170.26 ] D: setTracksRect
[   170.26 ] D: sltStartContentYChanged4
[   170.27 ] D: sltStartContentYChanged1
[   170.27 ] D: sltStartContentYChanged2
[   170.27 ] D: sltStartContentYChanged3
[   170.27 ] D: _tracksModel->getItem(i)->rect()1 0 QRect(0,-55 1957x111)
[   170.27 ] D: _tracksModel->getItem(i)->rect()1 1 QRect(0,56 1957x111)
[   170.27 ] D: _tracksModel->getItem(i)->rect()1 2 QRect(0,167 1957x111)
[   170.27 ] D: _tracksModel->getItem(i)->rect()1 3 QRect(0,278 1957x111)
[   170.27 ] D: _tracksModel->getItem(i)->rect()1 4 QRect(0,389 1957x111)
[   170.27 ] D: _tracksModel->getItem(i)->rect()1 5 QRect(0,500 1957x111)
[   170.27 ] D: _tracksModel->getItem(i)->rect()1 6 QRect(0,611 1957x111)
[   170.27 ] D: _tracksModel->getItem(i)->rect()1 7 QRect(0,722 1957x111)
[   170.27 ] D: _tracksModel->getItem(i)->rect()1 8 QRect(0,833 1957x111)
[   170.27 ] D: _tracksModel->getItem(i)->rect()1 9 QRect(0,944 1957x111)
[   170.27 ] D: setTracksRect
[   170.27 ] D: setTracksRect
[   170.27 ] D: sltStartContentYChanged4
[   170.28 ] D: sltStartContentYChanged1
[   170.28 ] D: sltStartContentYChanged2
[   170.28 ] D: sltStartContentYChanged3
[   170.28 ] D: _tracksModel->getItem(i)->rect()1 0 QRect(0,-52 1957x111)
[   170.28 ] D: _tracksModel->getItem(i)->rect()1 1 QRect(0,59 1957x111)
[   170.28 ] D: _tracksModel->getItem(i)->rect()1 2 QRect(0,170 1957x111)
[   170.28 ] D: _tracksModel->getItem(i)->rect()1 3 QRect(0,281 1957x111)
[   170.28 ] D: _tracksModel->getItem(i)->rect()1 4 QRect(0,392 1957x111)
[   170.28 ] D: _tracksModel->getItem(i)->rect()1 5 QRect(0,503 1957x111)
[   170.28 ] D: _tracksModel->getItem(i)->rect()1 6 QRect(0,614 1957x111)
[   170.28 ] D: _tracksModel->getItem(i)->rect()1 7 QRect(0,725 1957x111)
[   170.28 ] D: _tracksModel->getItem(i)->rect()1 8 QRect(0,836 1957x111)
[   170.28 ] D: _tracksModel->getItem(i)->rect()1 9 QRect(0,947 1957x111)
[   170.28 ] D: setTracksRect
[   170.28 ] D: setTracksRect
[   170.28 ] D: sltStartContentYChanged4
[   170.29 ] D: sltStartContentYChanged1
[   170.30 ] D: sltStartContentYChanged2
[   170.30 ] D: sltStartContentYChanged3
[   170.30 ] D: _tracksModel->getItem(i)->rect()1 0 QRect(0,-48 1957x111)
[   170.30 ] D: _tracksModel->getItem(i)->rect()1 1 QRect(0,63 1957x111)
[   170.30 ] D: _tracksModel->getItem(i)->rect()1 2 QRect(0,174 1957x111)
[   170.30 ] D: _tracksModel->getItem(i)->rect()1 3 QRect(0,285 1957x111)
[   170.30 ] D: _tracksModel->getItem(i)->rect()1 4 QRect(0,396 1957x111)
[   170.30 ] D: _tracksModel->getItem(i)->rect()1 5 QRect(0,507 1957x111)
[   170.30 ] D: _tracksModel->getItem(i)->rect()1 6 QRect(0,618 1957x111)
[   170.30 ] D: _tracksModel->getItem(i)->rect()1 7 QRect(0,729 1957x111)
[   170.30 ] D: _tracksModel->getItem(i)->rect()1 8 QRect(0,840 1957x111)
[   170.30 ] D: _tracksModel->getItem(i)->rect()1 9 QRect(0,951 1957x111)
[   170.30 ] D: setTracksRect
[   170.30 ] D: setTracksRect
[   170.30 ] D: sltStartContentYChanged4
[   170.32 ] D: sltStartContentYChanged1
[   170.32 ] D: sltStartContentYChanged2
[   170.32 ] D: sltStartContentYChanged3
[   170.32 ] D: _tracksModel->getItem(i)->rect()1 0 QRect(0,-46 1957x111)
[   170.32 ] D: _tracksModel->getItem(i)->rect()1 1 QRect(0,65 1957x111)
[   170.32 ] D: _tracksModel->getItem(i)->rect()1 2 QRect(0,176 1957x111)
[   170.33 ] D: _tracksModel->getItem(i)->rect()1 3 QRect(0,287 1957x111)
[   170.33 ] D: _tracksModel->getItem(i)->rect()1 4 QRect(0,398 1957x111)
[   170.33 ] D: _tracksModel->getItem(i)->rect()1 5 QRect(0,509 1957x111)
[   170.33 ] D: _tracksModel->getItem(i)->rect()1 6 QRect(0,620 1957x111)
[   170.33 ] D: _tracksModel->getItem(i)->rect()1 7 QRect(0,731 1957x111)
[   170.33 ] D: _tracksModel->getItem(i)->rect()1 8 QRect(0,842 1957x111)
[   170.33 ] D: _tracksModel->getItem(i)->rect()1 9 QRect(0,953 1957x111)
[   170.33 ] D: setTracksRect
[   170.33 ] D: setTracksRect
[   170.33 ] D: sltStartContentYChanged4
[   170.33 ] D: sltStartContentYChanged1
[   170.33 ] D: sltStartContentYChanged2
[   170.33 ] D: sltStartContentYChanged3
[   170.33 ] D: _tracksModel->getItem(i)->rect()1 0 QRect(0,-43 1957x111)
[   170.33 ] D: _tracksModel->getItem(i)->rect()1 1 QRect(0,68 1957x111)
[   170.33 ] D: _tracksModel->getItem(i)->rect()1 2 QRect(0,179 1957x111)
[   170.33 ] D: _tracksModel->getItem(i)->rect()1 3 QRect(0,290 1957x111)
[   170.33 ] D: _tracksModel->getItem(i)->rect()1 4 QRect(0,401 1957x111)
[   170.33 ] D: _tracksModel->getItem(i)->rect()1 5 QRect(0,512 1957x111)
[   170.33 ] D: _tracksModel->getItem(i)->rect()1 6 QRect(0,623 1957x111)
[   170.33 ] D: _tracksModel->getItem(i)->rect()1 7 QRect(0,734 1957x111)
[   170.33 ] D: _tracksModel->getItem(i)->rect()1 8 QRect(0,845 1957x111)
[   170.33 ] D: _tracksModel->getItem(i)->rect()1 9 QRect(0,956 1957x111)
[   170.33 ] D: setTracksRect
[   170.33 ] D: setTracksRect
[   170.33 ] D: sltStartContentYChanged4
[   170.34 ] D: sltStartContentYChanged1
[   170.35 ] D: sltStartContentYChanged2
[   170.35 ] D: sltStartContentYChanged3
[   170.35 ] D: _tracksModel->getItem(i)->rect()1 0 QRect(0,-42 1957x111)
[   170.35 ] D: _tracksModel->getItem(i)->rect()1 1 QRect(0,69 1957x111)
[   170.35 ] D: _tracksModel->getItem(i)->rect()1 2 QRect(0,180 1957x111)
[   170.35 ] D: _tracksModel->getItem(i)->rect()1 3 QRect(0,291 1957x111)
[   170.35 ] D: _tracksModel->getItem(i)->rect()1 4 QRect(0,402 1957x111)
[   170.35 ] D: _tracksModel->getItem(i)->rect()1 5 QRect(0,513 1957x111)
[   170.35 ] D: _tracksModel->getItem(i)->rect()1 6 QRect(0,624 1957x111)
[   170.35 ] D: _tracksModel->getItem(i)->rect()1 7 QRect(0,735 1957x111)
[   170.35 ] D: _tracksModel->getItem(i)->rect()1 8 QRect(0,846 1957x111)
[   170.35 ] D: _tracksModel->getItem(i)->rect()1 9 QRect(0,957 1957x111)
[   170.35 ] D: setTracksRect
[   170.35 ] D: setTracksRect
[   170.35 ] D: sltStartContentYChanged4
[   170.38 ] D: sltStartContentYChanged1
[   170.38 ] D: sltStartContentYChanged2
[   170.38 ] D: sltStartContentYChanged3
[   170.38 ] D: _tracksModel->getItem(i)->rect()1 0 QRect(0,-40 1957x111)
[   170.38 ] D: _tracksModel->getItem(i)->rect()1 1 QRect(0,71 1957x111)
[   170.38 ] D: _tracksModel->getItem(i)->rect()1 2 QRect(0,182 1957x111)
[   170.38 ] D: _tracksModel->getItem(i)->rect()1 3 QRect(0,293 1957x111)
[   170.38 ] D: _tracksModel->getItem(i)->rect()1 4 QRect(0,404 1957x111)
[   170.38 ] D: _tracksModel->getItem(i)->rect()1 5 QRect(0,515 1957x111)
[   170.38 ] D: _tracksModel->getItem(i)->rect()1 6 QRect(0,626 1957x111)
[   170.38 ] D: _tracksModel->getItem(i)->rect()1 7 QRect(0,737 1957x111)
[   170.38 ] D: _tracksModel->getItem(i)->rect()1 8 QRect(0,848 1957x111)
[   170.38 ] D: _tracksModel->getItem(i)->rect()1 9 QRect(0,959 1957x111)
[   170.38 ] D: setTracksRect
[   170.38 ] D: setTracksRect
[   170.38 ] D: sltStartContentYChanged4
[   170.39 ] D: sltStartContentYChanged1
[   170.39 ] D: sltStartContentYChanged2
[   170.39 ] D: sltStartContentYChanged3
[   170.39 ] D: _tracksModel->getItem(i)->rect()1 0 QRect(0,-39 1957x111)
[   170.39 ] D: _tracksModel->getItem(i)->rect()1 1 QRect(0,72 1957x111)
[   170.39 ] D: _tracksModel->getItem(i)->rect()1 2 QRect(0,183 1957x111)
[   170.39 ] D: _tracksModel->getItem(i)->rect()1 3 QRect(0,294 1957x111)
[   170.39 ] D: _tracksModel->getItem(i)->rect()1 4 QRect(0,405 1957x111)
[   170.39 ] D: _tracksModel->getItem(i)->rect()1 5 QRect(0,516 1957x111)
[   170.39 ] D: _tracksModel->getItem(i)->rect()1 6 QRect(0,627 1957x111)
[   170.39 ] D: _tracksModel->getItem(i)->rect()1 7 QRect(0,738 1957x111)
[   170.39 ] D: _tracksModel->getItem(i)->rect()1 8 QRect(0,849 1957x111)
[   170.39 ] D: _tracksModel->getItem(i)->rect()1 9 QRect(0,960 1957x111)
[   170.39 ] D: setTracksRect
[   170.39 ] D: setTracksRect
[   170.39 ] D: sltStartContentYChanged4
[   170.43 ] D: sltStartContentYChanged1
[   170.43 ] D: sltStartContentYChanged2
[   170.43 ] D: sltStartContentYChanged3
[   170.43 ] D: _tracksModel->getItem(i)->rect()1 0 QRect(0,-34 1957x111)
[   170.43 ] D: _tracksModel->getItem(i)->rect()1 1 QRect(0,77 1957x111)
[   170.43 ] D: _tracksModel->getItem(i)->rect()1 2 QRect(0,188 1957x111)
[   170.43 ] D: _tracksModel->getItem(i)->rect()1 3 QRect(0,299 1957x111)
[   170.43 ] D: _tracksModel->getItem(i)->rect()1 4 QRect(0,410 1957x111)
[   170.43 ] D: _tracksModel->getItem(i)->rect()1 5 QRect(0,521 1957x111)
[   170.43 ] D: _tracksModel->getItem(i)->rect()1 6 QRect(0,632 1957x111)
[   170.43 ] D: _tracksModel->getItem(i)->rect()1 7 QRect(0,743 1957x111)
[   170.43 ] D: _tracksModel->getItem(i)->rect()1 8 QRect(0,854 1957x111)
[   170.43 ] D: _tracksModel->getItem(i)->rect()1 9 QRect(0,965 1957x111)
[   170.43 ] D: setTracksRect
[   170.43 ] D: setTracksRect
[   170.43 ] D: sltStartContentYChanged4
[   170.45 ] D: sltStartContentYChanged1
[   170.46 ] D: sltStartContentYChanged2
[   170.46 ] D: sltStartContentYChanged3
[   170.46 ] D: _tracksModel->getItem(i)->rect()1 0 QRect(0,-29 1957x111)
[   170.46 ] D: _tracksModel->getItem(i)->rect()1 1 QRect(0,82 1957x111)
[   170.46 ] D: _tracksModel->getItem(i)->rect()1 2 QRect(0,193 1957x111)
[   170.46 ] D: _tracksModel->getItem(i)->rect()1 3 QRect(0,304 1957x111)
[   170.46 ] D: _tracksModel->getItem(i)->rect()1 4 QRect(0,415 1957x111)
[   170.46 ] D: _tracksModel->getItem(i)->rect()1 5 QRect(0,526 1957x111)
[   170.46 ] D: _tracksModel->getItem(i)->rect()1 6 QRect(0,637 1957x111)
[   170.46 ] D: _tracksModel->getItem(i)->rect()1 7 QRect(0,748 1957x111)
[   170.46 ] D: _tracksModel->getItem(i)->rect()1 8 QRect(0,859 1957x111)
[   170.46 ] D: _tracksModel->getItem(i)->rect()1 9 QRect(0,970 1957x111)
[   170.46 ] D: setTracksRect
[   170.46 ] D: setTracksRect
[   170.46 ] D: sltStartContentYChanged4
[   170.46 ] D: sltStartContentYChanged1
[   170.46 ] D: sltStartContentYChanged2
[   170.46 ] D: sltStartContentYChanged3
[   170.46 ] D: _tracksModel->getItem(i)->rect()1 0 QRect(0,-24 1957x111)
[   170.46 ] D: _tracksModel->getItem(i)->rect()1 1 QRect(0,87 1957x111)
[   170.46 ] D: _tracksModel->getItem(i)->rect()1 2 QRect(0,198 1957x111)
[   170.46 ] D: _tracksModel->getItem(i)->rect()1 3 QRect(0,309 1957x111)
[   170.46 ] D: _tracksModel->getItem(i)->rect()1 4 QRect(0,420 1957x111)
[   170.46 ] D: _tracksModel->getItem(i)->rect()1 5 QRect(0,531 1957x111)
[   170.46 ] D: _tracksModel->getItem(i)->rect()1 6 QRect(0,642 1957x111)
[   170.46 ] D: _tracksModel->getItem(i)->rect()1 7 QRect(0,753 1957x111)
[   170.46 ] D: _tracksModel->getItem(i)->rect()1 8 QRect(0,864 1957x111)
[   170.46 ] D: _tracksModel->getItem(i)->rect()1 9 QRect(0,975 1957x111)
[   170.46 ] D: setTracksRect
[   170.46 ] D: setTracksRect
[   170.46 ] D: sltStartContentYChanged4
[   170.47 ] D: sltStartContentYChanged1
[   170.47 ] D: sltStartContentYChanged2
[   170.48 ] D: sltStartContentYChanged3
[   170.48 ] D: _tracksModel->getItem(i)->rect()1 0 QRect(0,-20 1957x111)
[   170.48 ] D: _tracksModel->getItem(i)->rect()1 1 QRect(0,91 1957x111)
[   170.48 ] D: _tracksModel->getItem(i)->rect()1 2 QRect(0,202 1957x111)
[   170.48 ] D: _tracksModel->getItem(i)->rect()1 3 QRect(0,313 1957x111)
[   170.48 ] D: _tracksModel->getItem(i)->rect()1 4 QRect(0,424 1957x111)
[   170.48 ] D: _tracksModel->getItem(i)->rect()1 5 QRect(0,535 1957x111)
[   170.48 ] D: _tracksModel->getItem(i)->rect()1 6 QRect(0,646 1957x111)
[   170.48 ] D: _tracksModel->getItem(i)->rect()1 7 QRect(0,757 1957x111)
[   170.48 ] D: _tracksModel->getItem(i)->rect()1 8 QRect(0,868 1957x111)
[   170.48 ] D: _tracksModel->getItem(i)->rect()1 9 QRect(0,979 1957x111)
[   170.48 ] D: setTracksRect
[   170.48 ] D: setTracksRect
[   170.48 ] D: sltStartContentYChanged4
[   170.50 ] D: sltStartContentYChanged1
[   170.50 ] D: sltStartContentYChanged2
[   170.50 ] D: sltStartContentYChanged3
[   170.50 ] D: _tracksModel->getItem(i)->rect()1 0 QRect(0,-15 1957x111)
[   170.50 ] D: _tracksModel->getItem(i)->rect()1 1 QRect(0,96 1957x111)
[   170.50 ] D: _tracksModel->getItem(i)->rect()1 2 QRect(0,207 1957x111)
[   170.50 ] D: _tracksModel->getItem(i)->rect()1 3 QRect(0,318 1957x111)
[   170.50 ] D: _tracksModel->getItem(i)->rect()1 4 QRect(0,429 1957x111)
[   170.50 ] D: _tracksModel->getItem(i)->rect()1 5 QRect(0,540 1957x111)
[   170.50 ] D: _tracksModel->getItem(i)->rect()1 6 QRect(0,651 1957x111)
[   170.50 ] D: _tracksModel->getItem(i)->rect()1 7 QRect(0,762 1957x111)
[   170.50 ] D: _tracksModel->getItem(i)->rect()1 8 QRect(0,873 1957x111)
[   170.50 ] D: _tracksModel->getItem(i)->rect()1 9 QRect(0,984 1957x111)
[   170.50 ] D: setTracksRect
[   170.50 ] D: setTracksRect
[   170.50 ] D: sltStartContentYChanged4
[   170.52 ] D: sltStartContentYChanged1
[   170.52 ] D: sltStartContentYChanged2
[   170.53 ] D: sltStartContentYChanged3
[   170.53 ] D: _tracksModel->getItem(i)->rect()1 0 QRect(0,-12 1957x111)
[   170.53 ] D: _tracksModel->getItem(i)->rect()1 1 QRect(0,99 1957x111)
[   170.53 ] D: _tracksModel->getItem(i)->rect()1 2 QRect(0,210 1957x111)
[   170.53 ] D: _tracksModel->getItem(i)->rect()1 3 QRect(0,321 1957x111)
[   170.53 ] D: _tracksModel->getItem(i)->rect()1 4 QRect(0,432 1957x111)
[   170.53 ] D: _tracksModel->getItem(i)->rect()1 5 QRect(0,543 1957x111)
[   170.53 ] D: _tracksModel->getItem(i)->rect()1 6 QRect(0,654 1957x111)
[   170.53 ] D: _tracksModel->getItem(i)->rect()1 7 QRect(0,765 1957x111)
[   170.53 ] D: _tracksModel->getItem(i)->rect()1 8 QRect(0,876 1957x111)
[   170.53 ] D: _tracksModel->getItem(i)->rect()1 9 QRect(0,987 1957x111)
[   170.53 ] D: setTracksRect
[   170.53 ] D: setTracksRect
[   170.53 ] D: sltStartContentYChanged4
[   170.53 ] D: sltStartContentYChanged1
[   170.53 ] D: sltStartContentYChanged2
[   170.53 ] D: sltStartContentYChanged3
[   170.53 ] D: _tracksModel->getItem(i)->rect()1 0 QRect(0,-9 1957x111)
[   170.53 ] D: _tracksModel->getItem(i)->rect()1 1 QRect(0,102 1957x111)
[   170.53 ] D: _tracksModel->getItem(i)->rect()1 2 QRect(0,213 1957x111)
[   170.53 ] D: _tracksModel->getItem(i)->rect()1 3 QRect(0,324 1957x111)
[   170.53 ] D: _tracksModel->getItem(i)->rect()1 4 QRect(0,435 1957x111)
[   170.53 ] D: _tracksModel->getItem(i)->rect()1 5 QRect(0,546 1957x111)
[   170.53 ] D: _tracksModel->getItem(i)->rect()1 6 QRect(0,657 1957x111)
[   170.53 ] D: _tracksModel->getItem(i)->rect()1 7 QRect(0,768 1957x111)
[   170.53 ] D: _tracksModel->getItem(i)->rect()1 8 QRect(0,879 1957x111)
[   170.53 ] D: _tracksModel->getItem(i)->rect()1 9 QRect(0,990 1957x111)
[   170.53 ] D: setTracksRect
[   170.53 ] D: setTracksRect
[   170.53 ] D: sltStartContentYChanged4
[   170.55 ] D: sltStartContentYChanged1
[   170.55 ] D: sltStartContentYChanged2
[   170.55 ] D: sltStartContentYChanged3
[   170.55 ] D: _tracksModel->getItem(i)->rect()1 0 QRect(0,-6 1957x111)
[   170.55 ] D: _tracksModel->getItem(i)->rect()1 1 QRect(0,105 1957x111)
[   170.55 ] D: _tracksModel->getItem(i)->rect()1 2 QRect(0,216 1957x111)
[   170.55 ] D: _tracksModel->getItem(i)->rect()1 3 QRect(0,327 1957x111)
[   170.55 ] D: _tracksModel->getItem(i)->rect()1 4 QRect(0,438 1957x111)
[   170.55 ] D: _tracksModel->getItem(i)->rect()1 5 QRect(0,549 1957x111)
[   170.55 ] D: _tracksModel->getItem(i)->rect()1 6 QRect(0,660 1957x111)
[   170.55 ] D: _tracksModel->getItem(i)->rect()1 7 QRect(0,771 1957x111)
[   170.55 ] D: _tracksModel->getItem(i)->rect()1 8 QRect(0,882 1957x111)
[   170.55 ] D: _tracksModel->getItem(i)->rect()1 9 QRect(0,993 1957x111)
[   170.55 ] D: setTracksRect
[   170.55 ] D: setTracksRect
[   170.55 ] D: sltStartContentYChanged4
[   170.58 ] D: sltStartContentYChanged1
[   170.58 ] D: sltStartContentYChanged2
[   170.58 ] D: sltStartContentYChanged3
[   170.58 ] D: _tracksModel->getItem(i)->rect()1 0 QRect(0,-4 1957x111)
[   170.58 ] D: _tracksModel->getItem(i)->rect()1 1 QRect(0,107 1957x111)
[   170.58 ] D: _tracksModel->getItem(i)->rect()1 2 QRect(0,218 1957x111)
[   170.58 ] D: _tracksModel->getItem(i)->rect()1 3 QRect(0,329 1957x111)
[   170.58 ] D: _tracksModel->getItem(i)->rect()1 4 QRect(0,440 1957x111)
[   170.58 ] D: _tracksModel->getItem(i)->rect()1 5 QRect(0,551 1957x111)
[   170.58 ] D: _tracksModel->getItem(i)->rect()1 6 QRect(0,662 1957x111)
[   170.58 ] D: _tracksModel->getItem(i)->rect()1 7 QRect(0,773 1957x111)
[   170.58 ] D: _tracksModel->getItem(i)->rect()1 8 QRect(0,884 1957x111)
[   170.58 ] D: _tracksModel->getItem(i)->rect()1 9 QRect(0,995 1957x111)
[   170.58 ] D: setTracksRect
[   170.58 ] D: setTracksRect
[   170.58 ] D: sltStartContentYChanged4
[   170.59 ] D: sltStartContentYChanged1
[   170.59 ] D: sltStartContentYChanged2
[   170.59 ] D: sltStartContentYChanged3
[   170.59 ] D: _tracksModel->getItem(i)->rect()1 0 QRect(0,-2 1957x111)
[   170.59 ] D: _tracksModel->getItem(i)->rect()1 1 QRect(0,109 1957x111)
[   170.59 ] D: _tracksModel->getItem(i)->rect()1 2 QRect(0,220 1957x111)
[   170.59 ] D: _tracksModel->getItem(i)->rect()1 3 QRect(0,331 1957x111)
[   170.59 ] D: _tracksModel->getItem(i)->rect()1 4 QRect(0,442 1957x111)
[   170.59 ] D: _tracksModel->getItem(i)->rect()1 5 QRect(0,553 1957x111)
[   170.59 ] D: _tracksModel->getItem(i)->rect()1 6 QRect(0,664 1957x111)
[   170.59 ] D: _tracksModel->getItem(i)->rect()1 7 QRect(0,775 1957x111)
[   170.59 ] D: _tracksModel->getItem(i)->rect()1 8 QRect(0,886 1957x111)
[   170.59 ] D: _tracksModel->getItem(i)->rect()1 9 QRect(0,997 1957x111)
[   170.59 ] D: setTracksRect
[   170.59 ] D: setTracksRect
[   170.59 ] D: sltStartContentYChanged4
[   170.60 ] D: sltStartContentYChanged1
[   170.60 ] D: sltStartContentYChanged2
[   170.61 ] D: sltStartContentYChanged3
[   170.61 ] D: _tracksModel->getItem(i)->rect()1 0 QRect(0,0 1957x111)
[   170.61 ] D: _tracksModel->getItem(i)->rect()1 1 QRect(0,111 1957x111)
[   170.61 ] D: _tracksModel->getItem(i)->rect()1 2 QRect(0,222 1957x111)
[   170.61 ] D: _tracksModel->getItem(i)->rect()1 3 QRect(0,333 1957x111)
[   170.61 ] D: _tracksModel->getItem(i)->rect()1 4 QRect(0,444 1957x111)
[   170.61 ] D: _tracksModel->getItem(i)->rect()1 5 QRect(0,555 1957x111)
[   170.61 ] D: _tracksModel->getItem(i)->rect()1 6 QRect(0,666 1957x111)
[   170.61 ] D: _tracksModel->getItem(i)->rect()1 7 QRect(0,777 1957x111)
[   170.61 ] D: _tracksModel->getItem(i)->rect()1 8 QRect(0,888 1957x111)
[   170.61 ] D: _tracksModel->getItem(i)->rect()1 9 QRect(0,999 1957x111)
[   170.61 ] D: setTracksRect
[   170.61 ] D: setTracksRect
[   170.61 ] D: sltStartContentYChanged4
[   175.32 ] D: sltStartContentYChanged1
[   175.32 ] D: sltStartContentYChanged2
[   175.32 ] D: sltStartContentYChanged3
[   175.32 ] D: _tracksModel->getItem(i)->rect()1 0 QRect(0,-1 1957x111)
[   175.32 ] D: _tracksModel->getItem(i)->rect()1 1 QRect(0,110 1957x111)
[   175.32 ] D: _tracksModel->getItem(i)->rect()1 2 QRect(0,221 1957x111)
[   175.32 ] D: _tracksModel->getItem(i)->rect()1 3 QRect(0,332 1957x111)
[   175.32 ] D: _tracksModel->getItem(i)->rect()1 4 QRect(0,443 1957x111)
[   175.32 ] D: _tracksModel->getItem(i)->rect()1 5 QRect(0,554 1957x111)
[   175.32 ] D: _tracksModel->getItem(i)->rect()1 6 QRect(0,665 1957x111)
[   175.32 ] D: _tracksModel->getItem(i)->rect()1 7 QRect(0,776 1957x111)
[   175.32 ] D: _tracksModel->getItem(i)->rect()1 8 QRect(0,887 1957x111)
[   175.32 ] D: _tracksModel->getItem(i)->rect()1 9 QRect(0,998 1957x111)
[   175.32 ] D: setTracksRect
[   175.32 ] D: setTracksRect
[   175.32 ] D: sltStartContentYChanged4
[   175.35 ] D: sltStartContentYChanged1
[   175.35 ] D: sltStartContentYChanged2
[   175.35 ] D: sltStartContentYChanged3
[   175.35 ] D: _tracksModel->getItem(i)->rect()1 0 QRect(0,-6 1957x111)
[   175.35 ] D: _tracksModel->getItem(i)->rect()1 1 QRect(0,105 1957x111)
[   175.35 ] D: _tracksModel->getItem(i)->rect()1 2 QRect(0,216 1957x111)
[   175.35 ] D: _tracksModel->getItem(i)->rect()1 3 QRect(0,327 1957x111)
[   175.35 ] D: _tracksModel->getItem(i)->rect()1 4 QRect(0,438 1957x111)
[   175.35 ] D: _tracksModel->getItem(i)->rect()1 5 QRect(0,549 1957x111)
[   175.35 ] D: _tracksModel->getItem(i)->rect()1 6 QRect(0,660 1957x111)
[   175.35 ] D: _tracksModel->getItem(i)->rect()1 7 QRect(0,771 1957x111)
[   175.35 ] D: _tracksModel->getItem(i)->rect()1 8 QRect(0,882 1957x111)
[   175.35 ] D: _tracksModel->getItem(i)->rect()1 9 QRect(0,993 1957x111)
[   175.35 ] D: setTracksRect
[   175.35 ] D: setTracksRect
[   175.35 ] D: sltStartContentYChanged4
[   175.37 ] D: sltStartContentYChanged1
[   175.37 ] D: sltStartContentYChanged2
[   175.37 ] D: sltStartContentYChanged3
[   175.37 ] D: _tracksModel->getItem(i)->rect()1 0 QRect(0,-10 1957x111)
[   175.37 ] D: _tracksModel->getItem(i)->rect()1 1 QRect(0,101 1957x111)
[   175.37 ] D: _tracksModel->getItem(i)->rect()1 2 QRect(0,212 1957x111)
[   175.37 ] D: _tracksModel->getItem(i)->rect()1 3 QRect(0,323 1957x111)
[   175.37 ] D: _tracksModel->getItem(i)->rect()1 4 QRect(0,434 1957x111)
[   175.37 ] D: _tracksModel->getItem(i)->rect()1 5 QRect(0,545 1957x111)
[   175.37 ] D: _tracksModel->getItem(i)->rect()1 6 QRect(0,656 1957x111)
[   175.37 ] D: _tracksModel->getItem(i)->rect()1 7 QRect(0,767 1957x111)
[   175.37 ] D: _tracksModel->getItem(i)->rect()1 8 QRect(0,878 1957x111)
[   175.37 ] D: _tracksModel->getItem(i)->rect()1 9 QRect(0,989 1957x111)
[   175.37 ] D: setTracksRect
[   175.37 ] D: setTracksRect
[   175.37 ] D: sltStartContentYChanged4
[   175.38 ] D: sltStartContentYChanged1
[   175.38 ] D: sltStartContentYChanged2
[   175.38 ] D: sltStartContentYChanged3
[   175.38 ] D: _tracksModel->getItem(i)->rect()1 0 QRect(0,-15 1957x111)
[   175.38 ] D: _tracksModel->getItem(i)->rect()1 1 QRect(0,96 1957x111)
[   175.38 ] D: _tracksModel->getItem(i)->rect()1 2 QRect(0,207 1957x111)
[   175.38 ] D: _tracksModel->getItem(i)->rect()1 3 QRect(0,318 1957x111)
[   175.38 ] D: _tracksModel->getItem(i)->rect()1 4 QRect(0,429 1957x111)
[   175.38 ] D: _tracksModel->getItem(i)->rect()1 5 QRect(0,540 1957x111)
[   175.38 ] D: _tracksModel->getItem(i)->rect()1 6 QRect(0,651 1957x111)
[   175.38 ] D: _tracksModel->getItem(i)->rect()1 7 QRect(0,762 1957x111)
[   175.38 ] D: _tracksModel->getItem(i)->rect()1 8 QRect(0,873 1957x111)
[   175.38 ] D: _tracksModel->getItem(i)->rect()1 9 QRect(0,984 1957x111)
[   175.38 ] D: setTracksRect
[   175.38 ] D: setTracksRect
[   175.38 ] D: sltStartContentYChanged4
[   175.39 ] D: sltStartContentYChanged1
[   175.40 ] D: sltStartContentYChanged2
[   175.40 ] D: sltStartContentYChanged3
[   175.40 ] D: _tracksModel->getItem(i)->rect()1 0 QRect(0,-20 1957x111)
[   175.40 ] D: _tracksModel->getItem(i)->rect()1 1 QRect(0,91 1957x111)
[   175.40 ] D: _tracksModel->getItem(i)->rect()1 2 QRect(0,202 1957x111)
[   175.40 ] D: _tracksModel->getItem(i)->rect()1 3 QRect(0,313 1957x111)
[   175.40 ] D: _tracksModel->getItem(i)->rect()1 4 QRect(0,424 1957x111)
[   175.40 ] D: _tracksModel->getItem(i)->rect()1 5 QRect(0,535 1957x111)
[   175.40 ] D: _tracksModel->getItem(i)->rect()1 6 QRect(0,646 1957x111)
[   175.40 ] D: _tracksModel->getItem(i)->rect()1 7 QRect(0,757 1957x111)
[   175.40 ] D: _tracksModel->getItem(i)->rect()1 8 QRect(0,868 1957x111)
[   175.40 ] D: _tracksModel->getItem(i)->rect()1 9 QRect(0,979 1957x111)
[   175.40 ] D: setTracksRect
[   175.40 ] D: setTracksRect
[   175.40 ] D: sltStartContentYChanged4
[   175.40 ] D: sltStartContentYChanged1
[   175.40 ] D: sltStartContentYChanged2
[   175.40 ] D: sltStartContentYChanged3
[   175.40 ] D: _tracksModel->getItem(i)->rect()1 0 QRect(0,-24 1957x111)
[   175.40 ] D: _tracksModel->getItem(i)->rect()1 1 QRect(0,87 1957x111)
[   175.40 ] D: _tracksModel->getItem(i)->rect()1 2 QRect(0,198 1957x111)
[   175.40 ] D: _tracksModel->getItem(i)->rect()1 3 QRect(0,309 1957x111)
[   175.40 ] D: _tracksModel->getItem(i)->rect()1 4 QRect(0,420 1957x111)
[   175.40 ] D: _tracksModel->getItem(i)->rect()1 5 QRect(0,531 1957x111)
[   175.40 ] D: _tracksModel->getItem(i)->rect()1 6 QRect(0,642 1957x111)
[   175.40 ] D: _tracksModel->getItem(i)->rect()1 7 QRect(0,753 1957x111)
[   175.40 ] D: _tracksModel->getItem(i)->rect()1 8 QRect(0,864 1957x111)
[   175.40 ] D: _tracksModel->getItem(i)->rect()1 9 QRect(0,975 1957x111)
[   175.40 ] D: setTracksRect
[   175.40 ] D: setTracksRect
[   175.40 ] D: sltStartContentYChanged4
[   175.42 ] D: sltStartContentYChanged1
[   175.42 ] D: sltStartContentYChanged2
[   175.42 ] D: sltStartContentYChanged3
[   175.42 ] D: _tracksModel->getItem(i)->rect()1 0 QRect(0,-27 1957x111)
[   175.42 ] D: _tracksModel->getItem(i)->rect()1 1 QRect(0,84 1957x111)
[   175.42 ] D: _tracksModel->getItem(i)->rect()1 2 QRect(0,195 1957x111)
[   175.42 ] D: _tracksModel->getItem(i)->rect()1 3 QRect(0,306 1957x111)
[   175.42 ] D: _tracksModel->getItem(i)->rect()1 4 QRect(0,417 1957x111)
[   175.42 ] D: _tracksModel->getItem(i)->rect()1 5 QRect(0,528 1957x111)
[   175.42 ] D: _tracksModel->getItem(i)->rect()1 6 QRect(0,639 1957x111)
[   175.42 ] D: _tracksModel->getItem(i)->rect()1 7 QRect(0,750 1957x111)
[   175.42 ] D: _tracksModel->getItem(i)->rect()1 8 QRect(0,861 1957x111)
[   175.42 ] D: _tracksModel->getItem(i)->rect()1 9 QRect(0,972 1957x111)
[   175.42 ] D: setTracksRect
[   175.42 ] D: setTracksRect
[   175.42 ] D: sltStartContentYChanged4
[   175.45 ] D: sltStartContentYChanged1
[   175.45 ] D: sltStartContentYChanged2
[   175.45 ] D: sltStartContentYChanged3
[   175.45 ] D: _tracksModel->getItem(i)->rect()1 0 QRect(0,-31 1957x111)
[   175.45 ] D: _tracksModel->getItem(i)->rect()1 1 QRect(0,80 1957x111)
[   175.45 ] D: _tracksModel->getItem(i)->rect()1 2 QRect(0,191 1957x111)
[   175.45 ] D: _tracksModel->getItem(i)->rect()1 3 QRect(0,302 1957x111)
[   175.45 ] D: _tracksModel->getItem(i)->rect()1 4 QRect(0,413 1957x111)
[   175.45 ] D: _tracksModel->getItem(i)->rect()1 5 QRect(0,524 1957x111)
[   175.45 ] D: _tracksModel->getItem(i)->rect()1 6 QRect(0,635 1957x111)
[   175.45 ] D: _tracksModel->getItem(i)->rect()1 7 QRect(0,746 1957x111)
[   175.45 ] D: _tracksModel->getItem(i)->rect()1 8 QRect(0,857 1957x111)
[   175.45 ] D: _tracksModel->getItem(i)->rect()1 9 QRect(0,968 1957x111)
[   175.45 ] D: setTracksRect
[   175.45 ] D: setTracksRect
[   175.45 ] D: sltStartContentYChanged4
[   175.46 ] D: sltStartContentYChanged1
[   175.46 ] D: sltStartContentYChanged2
[   175.46 ] D: sltStartContentYChanged3
[   175.46 ] D: _tracksModel->getItem(i)->rect()1 0 QRect(0,-33 1957x111)
[   175.46 ] D: _tracksModel->getItem(i)->rect()1 1 QRect(0,78 1957x111)
[   175.46 ] D: _tracksModel->getItem(i)->rect()1 2 QRect(0,189 1957x111)
[   175.46 ] D: _tracksModel->getItem(i)->rect()1 3 QRect(0,300 1957x111)
[   175.46 ] D: _tracksModel->getItem(i)->rect()1 4 QRect(0,411 1957x111)
[   175.46 ] D: _tracksModel->getItem(i)->rect()1 5 QRect(0,522 1957x111)
[   175.46 ] D: _tracksModel->getItem(i)->rect()1 6 QRect(0,633 1957x111)
[   175.46 ] D: _tracksModel->getItem(i)->rect()1 7 QRect(0,744 1957x111)
[   175.46 ] D: _tracksModel->getItem(i)->rect()1 8 QRect(0,855 1957x111)
[   175.46 ] D: _tracksModel->getItem(i)->rect()1 9 QRect(0,966 1957x111)
[   175.46 ] D: setTracksRect
[   175.46 ] D: setTracksRect
[   175.46 ] D: sltStartContentYChanged4
[   175.48 ] D: sltStartContentYChanged1
[   175.48 ] D: sltStartContentYChanged2
[   175.48 ] D: sltStartContentYChanged3
[   175.48 ] D: _tracksModel->getItem(i)->rect()1 0 QRect(0,-35 1957x111)
[   175.48 ] D: _tracksModel->getItem(i)->rect()1 1 QRect(0,76 1957x111)
[   175.48 ] D: _tracksModel->getItem(i)->rect()1 2 QRect(0,187 1957x111)
[   175.48 ] D: _tracksModel->getItem(i)->rect()1 3 QRect(0,298 1957x111)
[   175.48 ] D: _tracksModel->getItem(i)->rect()1 4 QRect(0,409 1957x111)
[   175.48 ] D: _tracksModel->getItem(i)->rect()1 5 QRect(0,520 1957x111)
[   175.48 ] D: _tracksModel->getItem(i)->rect()1 6 QRect(0,631 1957x111)
[   175.48 ] D: _tracksModel->getItem(i)->rect()1 7 QRect(0,742 1957x111)
[   175.48 ] D: _tracksModel->getItem(i)->rect()1 8 QRect(0,853 1957x111)
[   175.48 ] D: _tracksModel->getItem(i)->rect()1 9 QRect(0,964 1957x111)
[   175.48 ] D: setTracksRect
[   175.48 ] D: setTracksRect
[   175.48 ] D: sltStartContentYChanged4
[   175.49 ] D: sltStartContentYChanged1
[   175.50 ] D: sltStartContentYChanged2
[   175.50 ] D: sltStartContentYChanged3
[   175.50 ] D: _tracksModel->getItem(i)->rect()1 0 QRect(0,-37 1957x111)
[   175.50 ] D: _tracksModel->getItem(i)->rect()1 1 QRect(0,74 1957x111)
[   175.50 ] D: _tracksModel->getItem(i)->rect()1 2 QRect(0,185 1957x111)
[   175.50 ] D: _tracksModel->getItem(i)->rect()1 3 QRect(0,296 1957x111)
[   175.50 ] D: _tracksModel->getItem(i)->rect()1 4 QRect(0,407 1957x111)
[   175.50 ] D: _tracksModel->getItem(i)->rect()1 5 QRect(0,518 1957x111)
[   175.50 ] D: _tracksModel->getItem(i)->rect()1 6 QRect(0,629 1957x111)
[   175.50 ] D: _tracksModel->getItem(i)->rect()1 7 QRect(0,740 1957x111)
[   175.50 ] D: _tracksModel->getItem(i)->rect()1 8 QRect(0,851 1957x111)
[   175.50 ] D: _tracksModel->getItem(i)->rect()1 9 QRect(0,962 1957x111)
[   175.50 ] D: setTracksRect
[   175.50 ] D: setTracksRect
[   175.50 ] D: sltStartContentYChanged4
[   175.51 ] D: sltStartContentYChanged1
[   175.51 ] D: sltStartContentYChanged2
[   175.51 ] D: sltStartContentYChanged3
[   175.51 ] D: _tracksModel->getItem(i)->rect()1 0 QRect(0,-39 1957x111)
[   175.51 ] D: _tracksModel->getItem(i)->rect()1 1 QRect(0,72 1957x111)
[   175.51 ] D: _tracksModel->getItem(i)->rect()1 2 QRect(0,183 1957x111)
[   175.51 ] D: _tracksModel->getItem(i)->rect()1 3 QRect(0,294 1957x111)
[   175.51 ] D: _tracksModel->getItem(i)->rect()1 4 QRect(0,405 1957x111)
[   175.51 ] D: _tracksModel->getItem(i)->rect()1 5 QRect(0,516 1957x111)
[   175.51 ] D: _tracksModel->getItem(i)->rect()1 6 QRect(0,627 1957x111)
[   175.51 ] D: _tracksModel->getItem(i)->rect()1 7 QRect(0,738 1957x111)
[   175.51 ] D: _tracksModel->getItem(i)->rect()1 8 QRect(0,849 1957x111)
[   175.51 ] D: _tracksModel->getItem(i)->rect()1 9 QRect(0,960 1957x111)
[   175.51 ] D: setTracksRect
[   175.51 ] D: setTracksRect
[   175.51 ] D: sltStartContentYChanged4
[   175.51 ] D: sltStartContentYChanged1
[   175.51 ] D: sltStartContentYChanged2
[   175.52 ] D: sltStartContentYChanged3
[   175.52 ] D: _tracksModel->getItem(i)->rect()1 0 QRect(0,-40 1957x111)
[   175.52 ] D: _tracksModel->getItem(i)->rect()1 1 QRect(0,71 1957x111)
[   175.52 ] D: _tracksModel->getItem(i)->rect()1 2 QRect(0,182 1957x111)
[   175.52 ] D: _tracksModel->getItem(i)->rect()1 3 QRect(0,293 1957x111)
[   175.52 ] D: _tracksModel->getItem(i)->rect()1 4 QRect(0,404 1957x111)
[   175.52 ] D: _tracksModel->getItem(i)->rect()1 5 QRect(0,515 1957x111)
[   175.52 ] D: _tracksModel->getItem(i)->rect()1 6 QRect(0,626 1957x111)
[   175.52 ] D: _tracksModel->getItem(i)->rect()1 7 QRect(0,737 1957x111)
[   175.52 ] D: _tracksModel->getItem(i)->rect()1 8 QRect(0,848 1957x111)
[   175.52 ] D: _tracksModel->getItem(i)->rect()1 9 QRect(0,959 1957x111)
[   175.52 ] D: setTracksRect
[   175.52 ] D: setTracksRect
[   175.52 ] D: sltStartContentYChanged4
[   175.54 ] D: sltStartContentYChanged1
[   175.54 ] D: sltStartContentYChanged2
[   175.55 ] D: sltStartContentYChanged3
[   175.55 ] D: _tracksModel->getItem(i)->rect()1 0 QRect(0,-41 1957x111)
[   175.55 ] D: _tracksModel->getItem(i)->rect()1 1 QRect(0,70 1957x111)
[   175.55 ] D: _tracksModel->getItem(i)->rect()1 2 QRect(0,181 1957x111)
[   175.55 ] D: _tracksModel->getItem(i)->rect()1 3 QRect(0,292 1957x111)
[   175.55 ] D: _tracksModel->getItem(i)->rect()1 4 QRect(0,403 1957x111)
[   175.55 ] D: _tracksModel->getItem(i)->rect()1 5 QRect(0,514 1957x111)
[   175.55 ] D: _tracksModel->getItem(i)->rect()1 6 QRect(0,625 1957x111)
[   175.55 ] D: _tracksModel->getItem(i)->rect()1 7 QRect(0,736 1957x111)
[   175.55 ] D: _tracksModel->getItem(i)->rect()1 8 QRect(0,847 1957x111)
[   175.55 ] D: _tracksModel->getItem(i)->rect()1 9 QRect(0,958 1957x111)
[   175.55 ] D: setTracksRect
[   175.55 ] D: setTracksRect
[   175.55 ] D: sltStartContentYChanged4
[   175.60 ] D: sltStartContentYChanged1
[   175.60 ] D: sltStartContentYChanged2
[   175.60 ] D: sltStartContentYChanged3
[   175.60 ] D: _tracksModel->getItem(i)->rect()1 0 QRect(0,-45 1957x111)
[   175.60 ] D: _tracksModel->getItem(i)->rect()1 1 QRect(0,66 1957x111)
[   175.60 ] D: _tracksModel->getItem(i)->rect()1 2 QRect(0,177 1957x111)
[   175.60 ] D: _tracksModel->getItem(i)->rect()1 3 QRect(0,288 1957x111)
[   175.60 ] D: _tracksModel->getItem(i)->rect()1 4 QRect(0,399 1957x111)
[   175.60 ] D: _tracksModel->getItem(i)->rect()1 5 QRect(0,510 1957x111)
[   175.60 ] D: _tracksModel->getItem(i)->rect()1 6 QRect(0,621 1957x111)
[   175.60 ] D: _tracksModel->getItem(i)->rect()1 7 QRect(0,732 1957x111)
[   175.60 ] D: _tracksModel->getItem(i)->rect()1 8 QRect(0,843 1957x111)
[   175.60 ] D: _tracksModel->getItem(i)->rect()1 9 QRect(0,954 1957x111)
[   175.60 ] D: setTracksRect
[   175.60 ] D: setTracksRect
[   175.60 ] D: sltStartContentYChanged4
[   175.60 ] D: sltStartContentYChanged1
[   175.60 ] D: sltStartContentYChanged2
[   175.60 ] D: sltStartContentYChanged3
[   175.60 ] D: _tracksModel->getItem(i)->rect()1 0 QRect(0,-50 1957x111)
[   175.60 ] D: _tracksModel->getItem(i)->rect()1 1 QRect(0,61 1957x111)
[   175.60 ] D: _tracksModel->getItem(i)->rect()1 2 QRect(0,172 1957x111)
[   175.60 ] D: _tracksModel->getItem(i)->rect()1 3 QRect(0,283 1957x111)
[   175.60 ] D: _tracksModel->getItem(i)->rect()1 4 QRect(0,394 1957x111)
[   175.60 ] D: _tracksModel->getItem(i)->rect()1 5 QRect(0,505 1957x111)
[   175.60 ] D: _tracksModel->getItem(i)->rect()1 6 QRect(0,616 1957x111)
[   175.60 ] D: _tracksModel->getItem(i)->rect()1 7 QRect(0,727 1957x111)
[   175.60 ] D: _tracksModel->getItem(i)->rect()1 8 QRect(0,838 1957x111)
[   175.60 ] D: _tracksModel->getItem(i)->rect()1 9 QRect(0,949 1957x111)
[   175.60 ] D: setTracksRect
[   175.60 ] D: setTracksRect
[   175.60 ] D: sltStartContentYChanged4
[   175.62 ] D: sltStartContentYChanged1
[   175.62 ] D: sltStartContentYChanged2
[   175.62 ] D: sltStartContentYChanged3
[   175.62 ] D: _tracksModel->getItem(i)->rect()1 0 QRect(0,-55 1957x111)
[   175.62 ] D: _tracksModel->getItem(i)->rect()1 1 QRect(0,56 1957x111)
[   175.62 ] D: _tracksModel->getItem(i)->rect()1 2 QRect(0,167 1957x111)
[   175.62 ] D: _tracksModel->getItem(i)->rect()1 3 QRect(0,278 1957x111)
[   175.62 ] D: _tracksModel->getItem(i)->rect()1 4 QRect(0,389 1957x111)
[   175.62 ] D: _tracksModel->getItem(i)->rect()1 5 QRect(0,500 1957x111)
[   175.62 ] D: _tracksModel->getItem(i)->rect()1 6 QRect(0,611 1957x111)
[   175.62 ] D: _tracksModel->getItem(i)->rect()1 7 QRect(0,722 1957x111)
[   175.62 ] D: _tracksModel->getItem(i)->rect()1 8 QRect(0,833 1957x111)
[   175.62 ] D: _tracksModel->getItem(i)->rect()1 9 QRect(0,944 1957x111)
[   175.62 ] D: setTracksRect
[   175.62 ] D: setTracksRect
[   175.62 ] D: sltStartContentYChanged4
[   175.65 ] D: sltStartContentYChanged1
[   175.65 ] D: sltStartContentYChanged2
[   175.65 ] D: sltStartContentYChanged3
[   175.65 ] D: _tracksModel->getItem(i)->rect()1 0 QRect(0,-60 1957x111)
[   175.65 ] D: _tracksModel->getItem(i)->rect()1 1 QRect(0,51 1957x111)
[   175.65 ] D: _tracksModel->getItem(i)->rect()1 2 QRect(0,162 1957x111)
[   175.65 ] D: _tracksModel->getItem(i)->rect()1 3 QRect(0,273 1957x111)
[   175.65 ] D: _tracksModel->getItem(i)->rect()1 4 QRect(0,384 1957x111)
[   175.65 ] D: _tracksModel->getItem(i)->rect()1 5 QRect(0,495 1957x111)
[   175.65 ] D: _tracksModel->getItem(i)->rect()1 6 QRect(0,606 1957x111)
[   175.65 ] D: _tracksModel->getItem(i)->rect()1 7 QRect(0,717 1957x111)
[   175.65 ] D: _tracksModel->getItem(i)->rect()1 8 QRect(0,828 1957x111)
[   175.65 ] D: _tracksModel->getItem(i)->rect()1 9 QRect(0,939 1957x111)
[   175.65 ] D: setTracksRect
[   175.65 ] D: setTracksRect
[   175.65 ] D: sltStartContentYChanged4
[   175.66 ] D: sltStartContentYChanged1
[   175.66 ] D: sltStartContentYChanged2
[   175.66 ] D: sltStartContentYChanged3
[   175.66 ] D: _tracksModel->getItem(i)->rect()1 0 QRect(0,-65 1957x111)
[   175.66 ] D: _tracksModel->getItem(i)->rect()1 1 QRect(0,46 1957x111)
[   175.66 ] D: _tracksModel->getItem(i)->rect()1 2 QRect(0,157 1957x111)
[   175.66 ] D: _tracksModel->getItem(i)->rect()1 3 QRect(0,268 1957x111)
[   175.66 ] D: _tracksModel->getItem(i)->rect()1 4 QRect(0,379 1957x111)
[   175.66 ] D: _tracksModel->getItem(i)->rect()1 5 QRect(0,490 1957x111)
[   175.66 ] D: _tracksModel->getItem(i)->rect()1 6 QRect(0,601 1957x111)
[   175.66 ] D: _tracksModel->getItem(i)->rect()1 7 QRect(0,712 1957x111)
[   175.66 ] D: _tracksModel->getItem(i)->rect()1 8 QRect(0,823 1957x111)
[   175.66 ] D: _tracksModel->getItem(i)->rect()1 9 QRect(0,934 1957x111)
[   175.66 ] D: setTracksRect
[   175.66 ] D: setTracksRect
[   175.66 ] D: sltStartContentYChanged4
[   175.67 ] D: sltStartContentYChanged1
[   175.67 ] D: sltStartContentYChanged2
[   175.67 ] D: sltStartContentYChanged3
[   175.67 ] D: _tracksModel->getItem(i)->rect()1 0 QRect(0,-69 1957x111)
[   175.67 ] D: _tracksModel->getItem(i)->rect()1 1 QRect(0,42 1957x111)
[   175.67 ] D: _tracksModel->getItem(i)->rect()1 2 QRect(0,153 1957x111)
[   175.67 ] D: _tracksModel->getItem(i)->rect()1 3 QRect(0,264 1957x111)
[   175.67 ] D: _tracksModel->getItem(i)->rect()1 4 QRect(0,375 1957x111)
[   175.67 ] D: _tracksModel->getItem(i)->rect()1 5 QRect(0,486 1957x111)
[   175.67 ] D: _tracksModel->getItem(i)->rect()1 6 QRect(0,597 1957x111)
[   175.67 ] D: _tracksModel->getItem(i)->rect()1 7 QRect(0,708 1957x111)
[   175.67 ] D: _tracksModel->getItem(i)->rect()1 8 QRect(0,819 1957x111)
[   175.67 ] D: _tracksModel->getItem(i)->rect()1 9 QRect(0,930 1957x111)
[   175.67 ] D: setTracksRect
[   175.67 ] D: setTracksRect
[   175.67 ] D: sltStartContentYChanged4
[   175.69 ] D: sltStartContentYChanged1
[   175.69 ] D: sltStartContentYChanged2
[   175.70 ] D: sltStartContentYChanged3
[   175.70 ] D: _tracksModel->getItem(i)->rect()1 0 QRect(0,-73 1957x111)
[   175.70 ] D: _tracksModel->getItem(i)->rect()1 1 QRect(0,38 1957x111)
[   175.70 ] D: _tracksModel->getItem(i)->rect()1 2 QRect(0,149 1957x111)
[   175.70 ] D: _tracksModel->getItem(i)->rect()1 3 QRect(0,260 1957x111)
[   175.70 ] D: _tracksModel->getItem(i)->rect()1 4 QRect(0,371 1957x111)
[   175.70 ] D: _tracksModel->getItem(i)->rect()1 5 QRect(0,482 1957x111)
[   175.70 ] D: _tracksModel->getItem(i)->rect()1 6 QRect(0,593 1957x111)
[   175.70 ] D: _tracksModel->getItem(i)->rect()1 7 QRect(0,704 1957x111)
[   175.70 ] D: _tracksModel->getItem(i)->rect()1 8 QRect(0,815 1957x111)
[   175.70 ] D: _tracksModel->getItem(i)->rect()1 9 QRect(0,926 1957x111)
[   175.70 ] D: setTracksRect
[   175.70 ] D: setTracksRect
[   175.70 ] D: sltStartContentYChanged4
[   175.70 ] D: sltStartContentYChanged1
[   175.70 ] D: sltStartContentYChanged2
[   175.70 ] D: sltStartContentYChanged3
[   175.70 ] D: _tracksModel->getItem(i)->rect()1 0 QRect(0,-77 1957x111)
[   175.70 ] D: _tracksModel->getItem(i)->rect()1 1 QRect(0,34 1957x111)
[   175.70 ] D: _tracksModel->getItem(i)->rect()1 2 QRect(0,145 1957x111)
[   175.70 ] D: _tracksModel->getItem(i)->rect()1 3 QRect(0,256 1957x111)
[   175.70 ] D: _tracksModel->getItem(i)->rect()1 4 QRect(0,367 1957x111)
[   175.70 ] D: _tracksModel->getItem(i)->rect()1 5 QRect(0,478 1957x111)
[   175.70 ] D: _tracksModel->getItem(i)->rect()1 6 QRect(0,589 1957x111)
[   175.70 ] D: _tracksModel->getItem(i)->rect()1 7 QRect(0,700 1957x111)
[   175.70 ] D: _tracksModel->getItem(i)->rect()1 8 QRect(0,811 1957x111)
[   175.70 ] D: _tracksModel->getItem(i)->rect()1 9 QRect(0,922 1957x111)
[   175.70 ] D: setTracksRect
[   175.70 ] D: setTracksRect
[   175.70 ] D: sltStartContentYChanged4
[   175.72 ] D: sltStartContentYChanged1
[   175.72 ] D: sltStartContentYChanged2
[   175.72 ] D: sltStartContentYChanged3
[   175.72 ] D: _tracksModel->getItem(i)->rect()1 0 QRect(0,-80 1957x111)
[   175.72 ] D: _tracksModel->getItem(i)->rect()1 1 QRect(0,31 1957x111)
[   175.72 ] D: _tracksModel->getItem(i)->rect()1 2 QRect(0,142 1957x111)
[   175.72 ] D: _tracksModel->getItem(i)->rect()1 3 QRect(0,253 1957x111)
[   175.72 ] D: _tracksModel->getItem(i)->rect()1 4 QRect(0,364 1957x111)
[   175.72 ] D: _tracksModel->getItem(i)->rect()1 5 QRect(0,475 1957x111)
[   175.72 ] D: _tracksModel->getItem(i)->rect()1 6 QRect(0,586 1957x111)
[   175.72 ] D: _tracksModel->getItem(i)->rect()1 7 QRect(0,697 1957x111)
[   175.72 ] D: _tracksModel->getItem(i)->rect()1 8 QRect(0,808 1957x111)
[   175.72 ] D: _tracksModel->getItem(i)->rect()1 9 QRect(0,919 1957x111)
[   175.72 ] D: setTracksRect
[   175.72 ] D: setTracksRect
[   175.72 ] D: sltStartContentYChanged4
[   175.74 ] D: sltStartContentYChanged1
[   175.74 ] D: sltStartContentYChanged2
[   175.75 ] D: sltStartContentYChanged3
[   175.75 ] D: _tracksModel->getItem(i)->rect()1 0 QRect(0,-82 1957x111)
[   175.75 ] D: _tracksModel->getItem(i)->rect()1 1 QRect(0,29 1957x111)
[   175.75 ] D: _tracksModel->getItem(i)->rect()1 2 QRect(0,140 1957x111)
[   175.75 ] D: _tracksModel->getItem(i)->rect()1 3 QRect(0,251 1957x111)
[   175.75 ] D: _tracksModel->getItem(i)->rect()1 4 QRect(0,362 1957x111)
[   175.75 ] D: _tracksModel->getItem(i)->rect()1 5 QRect(0,473 1957x111)
[   175.75 ] D: _tracksModel->getItem(i)->rect()1 6 QRect(0,584 1957x111)
[   175.75 ] D: _tracksModel->getItem(i)->rect()1 7 QRect(0,695 1957x111)
[   175.75 ] D: _tracksModel->getItem(i)->rect()1 8 QRect(0,806 1957x111)
[   175.75 ] D: _tracksModel->getItem(i)->rect()1 9 QRect(0,917 1957x111)
[   175.75 ] D: setTracksRect
[   175.75 ] D: setTracksRect
[   175.75 ] D: sltStartContentYChanged4
[   175.75 ] D: sltStartContentYChanged1
[   175.75 ] D: sltStartContentYChanged2
[   175.75 ] D: sltStartContentYChanged3
[   175.75 ] D: _tracksModel->getItem(i)->rect()1 0 QRect(0,-85 1957x111)
[   175.75 ] D: _tracksModel->getItem(i)->rect()1 1 QRect(0,26 1957x111)
[   175.75 ] D: _tracksModel->getItem(i)->rect()1 2 QRect(0,137 1957x111)
[   175.75 ] D: _tracksModel->getItem(i)->rect()1 3 QRect(0,248 1957x111)
[   175.75 ] D: _tracksModel->getItem(i)->rect()1 4 QRect(0,359 1957x111)
[   175.75 ] D: _tracksModel->getItem(i)->rect()1 5 QRect(0,470 1957x111)
[   175.75 ] D: _tracksModel->getItem(i)->rect()1 6 QRect(0,581 1957x111)
[   175.75 ] D: _tracksModel->getItem(i)->rect()1 7 QRect(0,692 1957x111)
[   175.75 ] D: _tracksModel->getItem(i)->rect()1 8 QRect(0,803 1957x111)
[   175.75 ] D: _tracksModel->getItem(i)->rect()1 9 QRect(0,914 1957x111)
[   175.75 ] D: setTracksRect
[   175.75 ] D: setTracksRect
[   175.75 ] D: sltStartContentYChanged4
[   175.76 ] D: sltStartContentYChanged1
[   175.76 ] D: sltStartContentYChanged2
[   175.76 ] D: sltStartContentYChanged3
[   175.77 ] D: _tracksModel->getItem(i)->rect()1 0 QRect(0,-87 1957x111)
[   175.77 ] D: _tracksModel->getItem(i)->rect()1 1 QRect(0,24 1957x111)
[   175.77 ] D: _tracksModel->getItem(i)->rect()1 2 QRect(0,135 1957x111)
[   175.77 ] D: _tracksModel->getItem(i)->rect()1 3 QRect(0,246 1957x111)
[   175.77 ] D: _tracksModel->getItem(i)->rect()1 4 QRect(0,357 1957x111)
[   175.77 ] D: _tracksModel->getItem(i)->rect()1 5 QRect(0,468 1957x111)
[   175.77 ] D: _tracksModel->getItem(i)->rect()1 6 QRect(0,579 1957x111)
[   175.77 ] D: _tracksModel->getItem(i)->rect()1 7 QRect(0,690 1957x111)
[   175.77 ] D: _tracksModel->getItem(i)->rect()1 8 QRect(0,801 1957x111)
[   175.77 ] D: _tracksModel->getItem(i)->rect()1 9 QRect(0,912 1957x111)
[   175.77 ] D: setTracksRect
[   175.77 ] D: setTracksRect
[   175.77 ] D: sltStartContentYChanged4
[   175.80 ] D: sltStartContentYChanged1
[   175.80 ] D: sltStartContentYChanged2
[   175.80 ] D: sltStartContentYChanged3
[   175.80 ] D: _tracksModel->getItem(i)->rect()1 0 QRect(0,-88 1957x111)
[   175.80 ] D: _tracksModel->getItem(i)->rect()1 1 QRect(0,23 1957x111)
[   175.80 ] D: _tracksModel->getItem(i)->rect()1 2 QRect(0,134 1957x111)
[   175.80 ] D: _tracksModel->getItem(i)->rect()1 3 QRect(0,245 1957x111)
[   175.80 ] D: _tracksModel->getItem(i)->rect()1 4 QRect(0,356 1957x111)
[   175.80 ] D: _tracksModel->getItem(i)->rect()1 5 QRect(0,467 1957x111)
[   175.80 ] D: _tracksModel->getItem(i)->rect()1 6 QRect(0,578 1957x111)
[   175.80 ] D: _tracksModel->getItem(i)->rect()1 7 QRect(0,689 1957x111)
[   175.80 ] D: _tracksModel->getItem(i)->rect()1 8 QRect(0,800 1957x111)
[   175.80 ] D: _tracksModel->getItem(i)->rect()1 9 QRect(0,911 1957x111)
[   175.80 ] D: setTracksRect
[   175.80 ] D: setTracksRect
[   175.80 ] D: sltStartContentYChanged4
[   175.81 ] D: sltStartContentYChanged1
[   175.81 ] D: sltStartContentYChanged2
[   175.81 ] D: sltStartContentYChanged3
[   175.81 ] D: _tracksModel->getItem(i)->rect()1 0 QRect(0,-89 1957x111)
[   175.81 ] D: _tracksModel->getItem(i)->rect()1 1 QRect(0,22 1957x111)
[   175.81 ] D: _tracksModel->getItem(i)->rect()1 2 QRect(0,133 1957x111)
[   175.81 ] D: _tracksModel->getItem(i)->rect()1 3 QRect(0,244 1957x111)
[   175.81 ] D: _tracksModel->getItem(i)->rect()1 4 QRect(0,355 1957x111)
[   175.82 ] D: _tracksModel->getItem(i)->rect()1 5 QRect(0,466 1957x111)
[   175.82 ] D: _tracksModel->getItem(i)->rect()1 6 QRect(0,577 1957x111)
[   175.82 ] D: _tracksModel->getItem(i)->rect()1 7 QRect(0,688 1957x111)
[   175.82 ] D: _tracksModel->getItem(i)->rect()1 8 QRect(0,799 1957x111)
[   175.82 ] D: _tracksModel->getItem(i)->rect()1 9 QRect(0,910 1957x111)
[   175.82 ] D: setTracksRect
[   175.82 ] D: setTracksRect
[   175.82 ] D: sltStartContentYChanged4
[   175.83 ] D: sltStartContentYChanged1
[   175.83 ] D: sltStartContentYChanged2
[   175.83 ] D: sltStartContentYChanged3
[   175.83 ] D: _tracksModel->getItem(i)->rect()1 0 QRect(0,-90 1957x111)
[   175.83 ] D: _tracksModel->getItem(i)->rect()1 1 QRect(0,21 1957x111)
[   175.83 ] D: _tracksModel->getItem(i)->rect()1 2 QRect(0,132 1957x111)
[   175.83 ] D: _tracksModel->getItem(i)->rect()1 3 QRect(0,243 1957x111)
[   175.83 ] D: _tracksModel->getItem(i)->rect()1 4 QRect(0,354 1957x111)
[   175.83 ] D: _tracksModel->getItem(i)->rect()1 5 QRect(0,465 1957x111)
[   175.83 ] D: _tracksModel->getItem(i)->rect()1 6 QRect(0,576 1957x111)
[   175.83 ] D: _tracksModel->getItem(i)->rect()1 7 QRect(0,687 1957x111)
[   175.83 ] D: _tracksModel->getItem(i)->rect()1 8 QRect(0,798 1957x111)
[   175.83 ] D: _tracksModel->getItem(i)->rect()1 9 QRect(0,909 1957x111)
[   175.83 ] D: setTracksRect
[   175.83 ] D: setTracksRect
[   175.83 ] D: sltStartContentYChanged4
[   175.87 ] D: sltStartContentYChanged1
[   175.87 ] D: sltStartContentYChanged2
[   175.87 ] D: sltStartContentYChanged3
[   175.87 ] D: _tracksModel->getItem(i)->rect()1 0 QRect(0,-94 1957x111)
[   175.87 ] D: _tracksModel->getItem(i)->rect()1 1 QRect(0,17 1957x111)
[   175.87 ] D: _tracksModel->getItem(i)->rect()1 2 QRect(0,128 1957x111)
[   175.87 ] D: _tracksModel->getItem(i)->rect()1 3 QRect(0,239 1957x111)
[   175.87 ] D: _tracksModel->getItem(i)->rect()1 4 QRect(0,350 1957x111)
[   175.87 ] D: _tracksModel->getItem(i)->rect()1 5 QRect(0,461 1957x111)
[   175.87 ] D: _tracksModel->getItem(i)->rect()1 6 QRect(0,572 1957x111)
[   175.87 ] D: _tracksModel->getItem(i)->rect()1 7 QRect(0,683 1957x111)
[   175.87 ] D: _tracksModel->getItem(i)->rect()1 8 QRect(0,794 1957x111)
[   175.87 ] D: _tracksModel->getItem(i)->rect()1 9 QRect(0,905 1957x111)
[   175.87 ] D: setTracksRect
[   175.87 ] D: setTracksRect
[   175.87 ] D: sltStartContentYChanged4
[   175.90 ] D: sltStartContentYChanged1
[   175.90 ] D: sltStartContentYChanged2
[   175.90 ] D: sltStartContentYChanged3
[   175.90 ] D: _tracksModel->getItem(i)->rect()1 0 QRect(0,-99 1957x111)
[   175.90 ] D: _tracksModel->getItem(i)->rect()1 1 QRect(0,12 1957x111)
[   175.90 ] D: _tracksModel->getItem(i)->rect()1 2 QRect(0,123 1957x111)
[   175.90 ] D: _tracksModel->getItem(i)->rect()1 3 QRect(0,234 1957x111)
[   175.90 ] D: _tracksModel->getItem(i)->rect()1 4 QRect(0,345 1957x111)
[   175.90 ] D: _tracksModel->getItem(i)->rect()1 5 QRect(0,456 1957x111)
[   175.90 ] D: _tracksModel->getItem(i)->rect()1 6 QRect(0,567 1957x111)
[   175.90 ] D: _tracksModel->getItem(i)->rect()1 7 QRect(0,678 1957x111)
[   175.90 ] D: _tracksModel->getItem(i)->rect()1 8 QRect(0,789 1957x111)
[   175.90 ] D: _tracksModel->getItem(i)->rect()1 9 QRect(0,900 1957x111)
[   175.90 ] D: setTracksRect
[   175.90 ] D: setTracksRect
[   175.90 ] D: sltStartContentYChanged4
[   175.92 ] D: sltStartContentYChanged1
[   175.92 ] D: sltStartContentYChanged2
[   175.92 ] D: sltStartContentYChanged3
[   175.92 ] D: _tracksModel->getItem(i)->rect()1 0 QRect(0,-104 1957x111)
[   175.92 ] D: _tracksModel->getItem(i)->rect()1 1 QRect(0,7 1957x111)
[   175.92 ] D: _tracksModel->getItem(i)->rect()1 2 QRect(0,118 1957x111)
[   175.92 ] D: _tracksModel->getItem(i)->rect()1 3 QRect(0,229 1957x111)
[   175.92 ] D: _tracksModel->getItem(i)->rect()1 4 QRect(0,340 1957x111)
[   175.92 ] D: _tracksModel->getItem(i)->rect()1 5 QRect(0,451 1957x111)
[   175.92 ] D: _tracksModel->getItem(i)->rect()1 6 QRect(0,562 1957x111)
[   175.92 ] D: _tracksModel->getItem(i)->rect()1 7 QRect(0,673 1957x111)
[   175.92 ] D: _tracksModel->getItem(i)->rect()1 8 QRect(0,784 1957x111)
[   175.92 ] D: _tracksModel->getItem(i)->rect()1 9 QRect(0,895 1957x111)
[   175.92 ] D: setTracksRect
[   175.92 ] D: setTracksRect
[   175.92 ] D: sltStartContentYChanged4
[   175.93 ] D: sltStartContentYChanged1
[   175.93 ] D: sltStartContentYChanged2
[   175.94 ] D: sltStartContentYChanged3
[   175.94 ] D: _tracksModel->getItem(i)->rect()1 0 QRect(0,-109 1957x111)
[   175.94 ] D: _tracksModel->getItem(i)->rect()1 1 QRect(0,2 1957x111)
[   175.94 ] D: _tracksModel->getItem(i)->rect()1 2 QRect(0,113 1957x111)
[   175.94 ] D: _tracksModel->getItem(i)->rect()1 3 QRect(0,224 1957x111)
[   175.94 ] D: _tracksModel->getItem(i)->rect()1 4 QRect(0,335 1957x111)
[   175.94 ] D: _tracksModel->getItem(i)->rect()1 5 QRect(0,446 1957x111)
[   175.94 ] D: _tracksModel->getItem(i)->rect()1 6 QRect(0,557 1957x111)
[   175.94 ] D: _tracksModel->getItem(i)->rect()1 7 QRect(0,668 1957x111)
[   175.94 ] D: _tracksModel->getItem(i)->rect()1 8 QRect(0,779 1957x111)
[   175.94 ] D: _tracksModel->getItem(i)->rect()1 9 QRect(0,890 1957x111)
[   175.94 ] D: setTracksRect
[   175.94 ] D: setTracksRect
[   175.94 ] D: sltStartContentYChanged4
[   175.97 ] D: sltStartContentYChanged1
[   175.97 ] D: sltStartContentYChanged2
[   175.97 ] D: sltStartContentYChanged3
[   175.97 ] D: _tracksModel->getItem(i)->rect()1 0 QRect(0,-114 1957x111)
[   175.97 ] D: _tracksModel->getItem(i)->rect()1 1 QRect(0,-3 1957x111)
[   175.97 ] D: _tracksModel->getItem(i)->rect()1 2 QRect(0,108 1957x111)
[   175.97 ] D: _tracksModel->getItem(i)->rect()1 3 QRect(0,219 1957x111)
[   175.97 ] D: _tracksModel->getItem(i)->rect()1 4 QRect(0,330 1957x111)
[   175.97 ] D: _tracksModel->getItem(i)->rect()1 5 QRect(0,441 1957x111)
[   175.97 ] D: _tracksModel->getItem(i)->rect()1 6 QRect(0,552 1957x111)
[   175.97 ] D: _tracksModel->getItem(i)->rect()1 7 QRect(0,663 1957x111)
[   175.97 ] D: _tracksModel->getItem(i)->rect()1 8 QRect(0,774 1957x111)
[   175.97 ] D: _tracksModel->getItem(i)->rect()1 9 QRect(0,885 1957x111)
[   175.97 ] D: setTracksRect
[   175.97 ] D: setTracksRect
[   175.97 ] D: sltStartContentYChanged4
[   175.98 ] D: sltStartContentYChanged1
[   175.98 ] D: sltStartContentYChanged2
[   175.98 ] D: sltStartContentYChanged3
[   175.98 ] D: _tracksModel->getItem(i)->rect()1 0 QRect(0,-118 1957x111)
[   175.98 ] D: _tracksModel->getItem(i)->rect()1 1 QRect(0,-7 1957x111)
[   175.98 ] D: _tracksModel->getItem(i)->rect()1 2 QRect(0,104 1957x111)
[   175.98 ] D: _tracksModel->getItem(i)->rect()1 3 QRect(0,215 1957x111)
[   175.98 ] D: _tracksModel->getItem(i)->rect()1 4 QRect(0,326 1957x111)
[   175.98 ] D: _tracksModel->getItem(i)->rect()1 5 QRect(0,437 1957x111)
[   175.98 ] D: _tracksModel->getItem(i)->rect()1 6 QRect(0,548 1957x111)
[   175.98 ] D: _tracksModel->getItem(i)->rect()1 7 QRect(0,659 1957x111)
[   175.98 ] D: _tracksModel->getItem(i)->rect()1 8 QRect(0,770 1957x111)
[   175.98 ] D: _tracksModel->getItem(i)->rect()1 9 QRect(0,881 1957x111)
[   175.98 ] D: setTracksRect
[   175.98 ] D: setTracksRect
[   175.98 ] D: sltStartContentYChanged4
[   176.00 ] D: sltStartContentYChanged1
[   176.00 ] D: sltStartContentYChanged2
[   176.00 ] D: sltStartContentYChanged3
[   176.00 ] D: _tracksModel->getItem(i)->rect()1 0 QRect(0,-122 1957x111)
[   176.00 ] D: _tracksModel->getItem(i)->rect()1 1 QRect(0,-11 1957x111)
[   176.00 ] D: _tracksModel->getItem(i)->rect()1 2 QRect(0,100 1957x111)
[   176.00 ] D: _tracksModel->getItem(i)->rect()1 3 QRect(0,211 1957x111)
[   176.00 ] D: _tracksModel->getItem(i)->rect()1 4 QRect(0,322 1957x111)
[   176.00 ] D: _tracksModel->getItem(i)->rect()1 5 QRect(0,433 1957x111)
[   176.00 ] D: _tracksModel->getItem(i)->rect()1 6 QRect(0,544 1957x111)
[   176.00 ] D: _tracksModel->getItem(i)->rect()1 7 QRect(0,655 1957x111)
[   176.00 ] D: _tracksModel->getItem(i)->rect()1 8 QRect(0,766 1957x111)
[   176.00 ] D: _tracksModel->getItem(i)->rect()1 9 QRect(0,877 1957x111)
[   176.00 ] D: setTracksRect
[   176.00 ] D: setTracksRect
[   176.00 ] D: sltStartContentYChanged4
[   176.01 ] D: sltStartContentYChanged1
[   176.01 ] D: sltStartContentYChanged2
[   176.01 ] D: sltStartContentYChanged3
[   176.01 ] D: _tracksModel->getItem(i)->rect()1 0 QRect(0,-126 1957x111)
[   176.01 ] D: _tracksModel->getItem(i)->rect()1 1 QRect(0,-15 1957x111)
[   176.01 ] D: _tracksModel->getItem(i)->rect()1 2 QRect(0,96 1957x111)
[   176.01 ] D: _tracksModel->getItem(i)->rect()1 3 QRect(0,207 1957x111)
[   176.01 ] D: _tracksModel->getItem(i)->rect()1 4 QRect(0,318 1957x111)
[   176.01 ] D: _tracksModel->getItem(i)->rect()1 5 QRect(0,429 1957x111)
[   176.01 ] D: _tracksModel->getItem(i)->rect()1 6 QRect(0,540 1957x111)
[   176.01 ] D: _tracksModel->getItem(i)->rect()1 7 QRect(0,651 1957x111)
[   176.01 ] D: _tracksModel->getItem(i)->rect()1 8 QRect(0,762 1957x111)
[   176.01 ] D: _tracksModel->getItem(i)->rect()1 9 QRect(0,873 1957x111)
[   176.01 ] D: setTracksRect
[   176.01 ] D: setTracksRect
[   176.01 ] D: sltStartContentYChanged4
[   176.02 ] D: sltStartContentYChanged1
[   176.02 ] D: sltStartContentYChanged2
[   176.02 ] D: sltStartContentYChanged3
[   176.02 ] D: _tracksModel->getItem(i)->rect()1 0 QRect(0,-129 1957x111)
[   176.02 ] D: _tracksModel->getItem(i)->rect()1 1 QRect(0,-18 1957x111)
[   176.02 ] D: _tracksModel->getItem(i)->rect()1 2 QRect(0,93 1957x111)
[   176.02 ] D: _tracksModel->getItem(i)->rect()1 3 QRect(0,204 1957x111)
[   176.02 ] D: _tracksModel->getItem(i)->rect()1 4 QRect(0,315 1957x111)
[   176.02 ] D: _tracksModel->getItem(i)->rect()1 5 QRect(0,426 1957x111)
[   176.02 ] D: _tracksModel->getItem(i)->rect()1 6 QRect(0,537 1957x111)
[   176.02 ] D: _tracksModel->getItem(i)->rect()1 7 QRect(0,648 1957x111)
[   176.02 ] D: _tracksModel->getItem(i)->rect()1 8 QRect(0,759 1957x111)
[   176.02 ] D: _tracksModel->getItem(i)->rect()1 9 QRect(0,870 1957x111)
[   176.02 ] D: setTracksRect
[   176.02 ] D: setTracksRect
[   176.02 ] D: sltStartContentYChanged4
[   176.04 ] D: sltStartContentYChanged1
[   176.05 ] D: sltStartContentYChanged2
[   176.05 ] D: sltStartContentYChanged3
[   176.05 ] D: _tracksModel->getItem(i)->rect()1 0 QRect(0,-131 1957x111)
[   176.05 ] D: _tracksModel->getItem(i)->rect()1 1 QRect(0,-20 1957x111)
[   176.05 ] D: _tracksModel->getItem(i)->rect()1 2 QRect(0,91 1957x111)
[   176.05 ] D: _tracksModel->getItem(i)->rect()1 3 QRect(0,202 1957x111)
[   176.05 ] D: _tracksModel->getItem(i)->rect()1 4 QRect(0,313 1957x111)
[   176.05 ] D: _tracksModel->getItem(i)->rect()1 5 QRect(0,424 1957x111)
[   176.05 ] D: _tracksModel->getItem(i)->rect()1 6 QRect(0,535 1957x111)
[   176.05 ] D: _tracksModel->getItem(i)->rect()1 7 QRect(0,646 1957x111)
[   176.05 ] D: _tracksModel->getItem(i)->rect()1 8 QRect(0,757 1957x111)
[   176.05 ] D: _tracksModel->getItem(i)->rect()1 9 QRect(0,868 1957x111)
[   176.05 ] D: setTracksRect
[   176.05 ] D: setTracksRect
[   176.05 ] D: sltStartContentYChanged4
[   176.06 ] D: sltStartContentYChanged1
[   176.06 ] D: sltStartContentYChanged2
[   176.06 ] D: sltStartContentYChanged3
[   176.06 ] D: _tracksModel->getItem(i)->rect()1 0 QRect(0,-134 1957x111)
[   176.06 ] D: _tracksModel->getItem(i)->rect()1 1 QRect(0,-23 1957x111)
[   176.06 ] D: _tracksModel->getItem(i)->rect()1 2 QRect(0,88 1957x111)
[   176.06 ] D: _tracksModel->getItem(i)->rect()1 3 QRect(0,199 1957x111)
[   176.06 ] D: _tracksModel->getItem(i)->rect()1 4 QRect(0,310 1957x111)
[   176.06 ] D: _tracksModel->getItem(i)->rect()1 5 QRect(0,421 1957x111)
[   176.07 ] D: _tracksModel->getItem(i)->rect()1 6 QRect(0,532 1957x111)
[   176.07 ] D: _tracksModel->getItem(i)->rect()1 7 QRect(0,643 1957x111)
[   176.07 ] D: _tracksModel->getItem(i)->rect()1 8 QRect(0,754 1957x111)
[   176.07 ] D: _tracksModel->getItem(i)->rect()1 9 QRect(0,865 1957x111)
[   176.07 ] D: setTracksRect
[   176.07 ] D: setTracksRect
[   176.07 ] D: sltStartContentYChanged4
[   176.07 ] D: sltStartContentYChanged1
[   176.07 ] D: sltStartContentYChanged2
[   176.07 ] D: sltStartContentYChanged3
[   176.07 ] D: _tracksModel->getItem(i)->rect()1 0 QRect(0,-136 1957x111)
[   176.07 ] D: _tracksModel->getItem(i)->rect()1 1 QRect(0,-25 1957x111)
[   176.07 ] D: _tracksModel->getItem(i)->rect()1 2 QRect(0,86 1957x111)
[   176.07 ] D: _tracksModel->getItem(i)->rect()1 3 QRect(0,197 1957x111)
[   176.07 ] D: _tracksModel->getItem(i)->rect()1 4 QRect(0,308 1957x111)
[   176.07 ] D: _tracksModel->getItem(i)->rect()1 5 QRect(0,419 1957x111)
[   176.07 ] D: _tracksModel->getItem(i)->rect()1 6 QRect(0,530 1957x111)
[   176.07 ] D: _tracksModel->getItem(i)->rect()1 7 QRect(0,641 1957x111)
[   176.07 ] D: _tracksModel->getItem(i)->rect()1 8 QRect(0,752 1957x111)
[   176.07 ] D: _tracksModel->getItem(i)->rect()1 9 QRect(0,863 1957x111)
[   176.07 ] D: setTracksRect
[   176.07 ] D: setTracksRect
[   176.07 ] D: sltStartContentYChanged4
[   176.09 ] D: sltStartContentYChanged1
[   176.09 ] D: sltStartContentYChanged2
[   176.09 ] D: sltStartContentYChanged3
[   176.09 ] D: _tracksModel->getItem(i)->rect()1 0 QRect(0,-137 1957x111)
[   176.09 ] D: _tracksModel->getItem(i)->rect()1 1 QRect(0,-26 1957x111)
[   176.09 ] D: _tracksModel->getItem(i)->rect()1 2 QRect(0,85 1957x111)
[   176.09 ] D: _tracksModel->getItem(i)->rect()1 3 QRect(0,196 1957x111)
[   176.09 ] D: _tracksModel->getItem(i)->rect()1 4 QRect(0,307 1957x111)
[   176.09 ] D: _tracksModel->getItem(i)->rect()1 5 QRect(0,418 1957x111)
[   176.09 ] D: _tracksModel->getItem(i)->rect()1 6 QRect(0,529 1957x111)
[   176.09 ] D: _tracksModel->getItem(i)->rect()1 7 QRect(0,640 1957x111)
[   176.09 ] D: _tracksModel->getItem(i)->rect()1 8 QRect(0,751 1957x111)
[   176.09 ] D: _tracksModel->getItem(i)->rect()1 9 QRect(0,862 1957x111)
[   176.09 ] D: setTracksRect
[   176.09 ] D: setTracksRect
[   176.09 ] D: sltStartContentYChanged4
[   176.11 ] D: sltStartContentYChanged1
[   176.11 ] D: sltStartContentYChanged2
[   176.12 ] D: sltStartContentYChanged3
[   176.12 ] D: _tracksModel->getItem(i)->rect()1 0 QRect(0,-138 1957x111)
[   176.12 ] D: _tracksModel->getItem(i)->rect()1 1 QRect(0,-27 1957x111)
[   176.12 ] D: _tracksModel->getItem(i)->rect()1 2 QRect(0,84 1957x111)
[   176.12 ] D: _tracksModel->getItem(i)->rect()1 3 QRect(0,195 1957x111)
[   176.12 ] D: _tracksModel->getItem(i)->rect()1 4 QRect(0,306 1957x111)
[   176.12 ] D: _tracksModel->getItem(i)->rect()1 5 QRect(0,417 1957x111)
[   176.12 ] D: _tracksModel->getItem(i)->rect()1 6 QRect(0,528 1957x111)
[   176.12 ] D: _tracksModel->getItem(i)->rect()1 7 QRect(0,639 1957x111)
[   176.12 ] D: _tracksModel->getItem(i)->rect()1 8 QRect(0,750 1957x111)
[   176.12 ] D: _tracksModel->getItem(i)->rect()1 9 QRect(0,861 1957x111)
[   176.12 ] D: setTracksRect
[   176.12 ] D: setTracksRect
[   176.12 ] D: sltStartContentYChanged4
[   176.14 ] D: sltStartContentYChanged1
[   176.14 ] D: sltStartContentYChanged2
[   176.14 ] D: sltStartContentYChanged3
[   176.14 ] D: _tracksModel->getItem(i)->rect()1 0 QRect(0,-143 1957x111)
[   176.14 ] D: _tracksModel->getItem(i)->rect()1 1 QRect(0,-32 1957x111)
[   176.14 ] D: _tracksModel->getItem(i)->rect()1 2 QRect(0,79 1957x111)
[   176.14 ] D: _tracksModel->getItem(i)->rect()1 3 QRect(0,190 1957x111)
[   176.14 ] D: _tracksModel->getItem(i)->rect()1 4 QRect(0,301 1957x111)
[   176.14 ] D: _tracksModel->getItem(i)->rect()1 5 QRect(0,412 1957x111)
[   176.14 ] D: _tracksModel->getItem(i)->rect()1 6 QRect(0,523 1957x111)
[   176.14 ] D: _tracksModel->getItem(i)->rect()1 7 QRect(0,634 1957x111)
[   176.14 ] D: _tracksModel->getItem(i)->rect()1 8 QRect(0,745 1957x111)
[   176.14 ] D: _tracksModel->getItem(i)->rect()1 9 QRect(0,856 1957x111)
[   176.14 ] D: setTracksRect
[   176.14 ] D: setTracksRect
[   176.14 ] D: sltStartContentYChanged4
[   176.16 ] D: sltStartContentYChanged1
[   176.16 ] D: sltStartContentYChanged2
[   176.16 ] D: sltStartContentYChanged3
[   176.16 ] D: _tracksModel->getItem(i)->rect()1 0 QRect(0,-148 1957x111)
[   176.16 ] D: _tracksModel->getItem(i)->rect()1 1 QRect(0,-37 1957x111)
[   176.16 ] D: _tracksModel->getItem(i)->rect()1 2 QRect(0,74 1957x111)
[   176.16 ] D: _tracksModel->getItem(i)->rect()1 3 QRect(0,185 1957x111)
[   176.16 ] D: _tracksModel->getItem(i)->rect()1 4 QRect(0,296 1957x111)
[   176.16 ] D: _tracksModel->getItem(i)->rect()1 5 QRect(0,407 1957x111)
[   176.16 ] D: _tracksModel->getItem(i)->rect()1 6 QRect(0,518 1957x111)
[   176.16 ] D: _tracksModel->getItem(i)->rect()1 7 QRect(0,629 1957x111)
[   176.16 ] D: _tracksModel->getItem(i)->rect()1 8 QRect(0,740 1957x111)
[   176.16 ] D: _tracksModel->getItem(i)->rect()1 9 QRect(0,851 1957x111)
[   176.16 ] D: setTracksRect
[   176.16 ] D: setTracksRect
[   176.16 ] D: sltStartContentYChanged4
[   176.17 ] D: sltStartContentYChanged1
[   176.17 ] D: sltStartContentYChanged2
[   176.17 ] D: sltStartContentYChanged3
[   176.17 ] D: _tracksModel->getItem(i)->rect()1 0 QRect(0,-153 1957x111)
[   176.17 ] D: _tracksModel->getItem(i)->rect()1 1 QRect(0,-42 1957x111)
[   176.17 ] D: _tracksModel->getItem(i)->rect()1 2 QRect(0,69 1957x111)
[   176.17 ] D: _tracksModel->getItem(i)->rect()1 3 QRect(0,180 1957x111)
[   176.17 ] D: _tracksModel->getItem(i)->rect()1 4 QRect(0,291 1957x111)
[   176.17 ] D: _tracksModel->getItem(i)->rect()1 5 QRect(0,402 1957x111)
[   176.17 ] D: _tracksModel->getItem(i)->rect()1 6 QRect(0,513 1957x111)
[   176.17 ] D: _tracksModel->getItem(i)->rect()1 7 QRect(0,624 1957x111)
[   176.17 ] D: _tracksModel->getItem(i)->rect()1 8 QRect(0,735 1957x111)
[   176.17 ] D: _tracksModel->getItem(i)->rect()1 9 QRect(0,846 1957x111)
[   176.17 ] D: setTracksRect
[   176.17 ] D: setTracksRect
[   176.17 ] D: sltStartContentYChanged4
[   176.20 ] D: sltStartContentYChanged1
[   176.20 ] D: sltStartContentYChanged2
[   176.20 ] D: sltStartContentYChanged3
[   176.20 ] D: _tracksModel->getItem(i)->rect()1 0 QRect(0,-158 1957x111)
[   176.20 ] D: _tracksModel->getItem(i)->rect()1 1 QRect(0,-47 1957x111)
[   176.20 ] D: _tracksModel->getItem(i)->rect()1 2 QRect(0,64 1957x111)
[   176.20 ] D: _tracksModel->getItem(i)->rect()1 3 QRect(0,175 1957x111)
[   176.20 ] D: _tracksModel->getItem(i)->rect()1 4 QRect(0,286 1957x111)
[   176.20 ] D: _tracksModel->getItem(i)->rect()1 5 QRect(0,397 1957x111)
[   176.20 ] D: _tracksModel->getItem(i)->rect()1 6 QRect(0,508 1957x111)
[   176.20 ] D: _tracksModel->getItem(i)->rect()1 7 QRect(0,619 1957x111)
[   176.20 ] D: _tracksModel->getItem(i)->rect()1 8 QRect(0,730 1957x111)
[   176.20 ] D: _tracksModel->getItem(i)->rect()1 9 QRect(0,841 1957x111)
[   176.20 ] D: setTracksRect
[   176.20 ] D: setTracksRect
[   176.20 ] D: sltStartContentYChanged4
[   176.22 ] D: sltStartContentYChanged1
[   176.22 ] D: sltStartContentYChanged2
[   176.22 ] D: sltStartContentYChanged3
[   176.22 ] D: _tracksModel->getItem(i)->rect()1 0 QRect(0,-162 1957x111)
[   176.22 ] D: _tracksModel->getItem(i)->rect()1 1 QRect(0,-51 1957x111)
[   176.22 ] D: _tracksModel->getItem(i)->rect()1 2 QRect(0,60 1957x111)
[   176.22 ] D: _tracksModel->getItem(i)->rect()1 3 QRect(0,171 1957x111)
[   176.22 ] D: _tracksModel->getItem(i)->rect()1 4 QRect(0,282 1957x111)
[   176.22 ] D: _tracksModel->getItem(i)->rect()1 5 QRect(0,393 1957x111)
[   176.22 ] D: _tracksModel->getItem(i)->rect()1 6 QRect(0,504 1957x111)
[   176.22 ] D: _tracksModel->getItem(i)->rect()1 7 QRect(0,615 1957x111)
[   176.22 ] D: _tracksModel->getItem(i)->rect()1 8 QRect(0,726 1957x111)
[   176.22 ] D: _tracksModel->getItem(i)->rect()1 9 QRect(0,837 1957x111)
[   176.22 ] D: setTracksRect
[   176.22 ] D: setTracksRect
[   176.22 ] D: sltStartContentYChanged4
[   176.23 ] D: sltStartContentYChanged1
[   176.23 ] D: sltStartContentYChanged2
[   176.23 ] D: sltStartContentYChanged3
[   176.23 ] D: _tracksModel->getItem(i)->rect()1 0 QRect(0,-166 1957x111)
[   176.23 ] D: _tracksModel->getItem(i)->rect()1 1 QRect(0,-55 1957x111)
[   176.23 ] D: _tracksModel->getItem(i)->rect()1 2 QRect(0,56 1957x111)
[   176.23 ] D: _tracksModel->getItem(i)->rect()1 3 QRect(0,167 1957x111)
[   176.23 ] D: _tracksModel->getItem(i)->rect()1 4 QRect(0,278 1957x111)
[   176.23 ] D: _tracksModel->getItem(i)->rect()1 5 QRect(0,389 1957x111)
[   176.23 ] D: _tracksModel->getItem(i)->rect()1 6 QRect(0,500 1957x111)
[   176.23 ] D: _tracksModel->getItem(i)->rect()1 7 QRect(0,611 1957x111)
[   176.23 ] D: _tracksModel->getItem(i)->rect()1 8 QRect(0,722 1957x111)
[   176.23 ] D: _tracksModel->getItem(i)->rect()1 9 QRect(0,833 1957x111)
[   176.23 ] D: setTracksRect
[   176.23 ] D: setTracksRect
[   176.23 ] D: sltStartContentYChanged4
[   176.25 ] D: sltStartContentYChanged1
[   176.25 ] D: sltStartContentYChanged2
[   176.25 ] D: sltStartContentYChanged3
[   176.25 ] D: _tracksModel->getItem(i)->rect()1 0 QRect(0,-170 1957x111)
[   176.25 ] D: _tracksModel->getItem(i)->rect()1 1 QRect(0,-59 1957x111)
[   176.25 ] D: _tracksModel->getItem(i)->rect()1 2 QRect(0,52 1957x111)
[   176.25 ] D: _tracksModel->getItem(i)->rect()1 3 QRect(0,163 1957x111)
[   176.25 ] D: _tracksModel->getItem(i)->rect()1 4 QRect(0,274 1957x111)
[   176.25 ] D: _tracksModel->getItem(i)->rect()1 5 QRect(0,385 1957x111)
[   176.25 ] D: _tracksModel->getItem(i)->rect()1 6 QRect(0,496 1957x111)
[   176.25 ] D: _tracksModel->getItem(i)->rect()1 7 QRect(0,607 1957x111)
[   176.25 ] D: _tracksModel->getItem(i)->rect()1 8 QRect(0,718 1957x111)
[   176.25 ] D: _tracksModel->getItem(i)->rect()1 9 QRect(0,829 1957x111)
[   176.25 ] D: setTracksRect
[   176.25 ] D: setTracksRect
[   176.25 ] D: sltStartContentYChanged4
[   176.26 ] D: sltStartContentYChanged1
[   176.26 ] D: sltStartContentYChanged2
[   176.26 ] D: sltStartContentYChanged3
[   176.26 ] D: _tracksModel->getItem(i)->rect()1 0 QRect(0,-173 1957x111)
[   176.26 ] D: _tracksModel->getItem(i)->rect()1 1 QRect(0,-62 1957x111)
[   176.26 ] D: _tracksModel->getItem(i)->rect()1 2 QRect(0,49 1957x111)
[   176.26 ] D: _tracksModel->getItem(i)->rect()1 3 QRect(0,160 1957x111)
[   176.26 ] D: _tracksModel->getItem(i)->rect()1 4 QRect(0,271 1957x111)
[   176.26 ] D: _tracksModel->getItem(i)->rect()1 5 QRect(0,382 1957x111)
[   176.26 ] D: _tracksModel->getItem(i)->rect()1 6 QRect(0,493 1957x111)
[   176.26 ] D: _tracksModel->getItem(i)->rect()1 7 QRect(0,604 1957x111)
[   176.26 ] D: _tracksModel->getItem(i)->rect()1 8 QRect(0,715 1957x111)
[   176.26 ] D: _tracksModel->getItem(i)->rect()1 9 QRect(0,826 1957x111)
[   176.26 ] D: setTracksRect
[   176.26 ] D: setTracksRect
[   176.27 ] D: sltStartContentYChanged4
[   176.27 ] D: sltStartContentYChanged1
[   176.27 ] D: sltStartContentYChanged2
[   176.27 ] D: sltStartContentYChanged3
[   176.27 ] D: _tracksModel->getItem(i)->rect()1 0 QRect(0,-176 1957x111)
[   176.27 ] D: _tracksModel->getItem(i)->rect()1 1 QRect(0,-65 1957x111)
[   176.27 ] D: _tracksModel->getItem(i)->rect()1 2 QRect(0,46 1957x111)
[   176.27 ] D: _tracksModel->getItem(i)->rect()1 3 QRect(0,157 1957x111)
[   176.27 ] D: _tracksModel->getItem(i)->rect()1 4 QRect(0,268 1957x111)
[   176.27 ] D: _tracksModel->getItem(i)->rect()1 5 QRect(0,379 1957x111)
[   176.27 ] D: _tracksModel->getItem(i)->rect()1 6 QRect(0,490 1957x111)
[   176.27 ] D: _tracksModel->getItem(i)->rect()1 7 QRect(0,601 1957x111)
[   176.27 ] D: _tracksModel->getItem(i)->rect()1 8 QRect(0,712 1957x111)
[   176.27 ] D: _tracksModel->getItem(i)->rect()1 9 QRect(0,823 1957x111)
[   176.27 ] D: setTracksRect
[   176.27 ] D: setTracksRect
[   176.27 ] D: sltStartContentYChanged4
[   176.30 ] D: sltStartContentYChanged1
[   176.30 ] D: sltStartContentYChanged2
[   176.30 ] D: sltStartContentYChanged3
[   176.30 ] D: _tracksModel->getItem(i)->rect()1 0 QRect(0,-178 1957x111)
[   176.30 ] D: _tracksModel->getItem(i)->rect()1 1 QRect(0,-67 1957x111)
[   176.30 ] D: _tracksModel->getItem(i)->rect()1 2 QRect(0,44 1957x111)
[   176.30 ] D: _tracksModel->getItem(i)->rect()1 3 QRect(0,155 1957x111)
[   176.30 ] D: _tracksModel->getItem(i)->rect()1 4 QRect(0,266 1957x111)
[   176.30 ] D: _tracksModel->getItem(i)->rect()1 5 QRect(0,377 1957x111)
[   176.30 ] D: _tracksModel->getItem(i)->rect()1 6 QRect(0,488 1957x111)
[   176.30 ] D: _tracksModel->getItem(i)->rect()1 7 QRect(0,599 1957x111)
[   176.30 ] D: _tracksModel->getItem(i)->rect()1 8 QRect(0,710 1957x111)
[   176.30 ] D: _tracksModel->getItem(i)->rect()1 9 QRect(0,821 1957x111)
[   176.30 ] D: setTracksRect
[   176.30 ] D: setTracksRect
[   176.30 ] D: sltStartContentYChanged4
[   176.31 ] D: sltStartContentYChanged1
[   176.31 ] D: sltStartContentYChanged2
[   176.31 ] D: sltStartContentYChanged3
[   176.31 ] D: _tracksModel->getItem(i)->rect()1 0 QRect(0,-180 1957x111)
[   176.31 ] D: _tracksModel->getItem(i)->rect()1 1 QRect(0,-69 1957x111)
[   176.31 ] D: _tracksModel->getItem(i)->rect()1 2 QRect(0,42 1957x111)
[   176.31 ] D: _tracksModel->getItem(i)->rect()1 3 QRect(0,153 1957x111)
[   176.31 ] D: _tracksModel->getItem(i)->rect()1 4 QRect(0,264 1957x111)
[   176.31 ] D: _tracksModel->getItem(i)->rect()1 5 QRect(0,375 1957x111)
[   176.31 ] D: _tracksModel->getItem(i)->rect()1 6 QRect(0,486 1957x111)
[   176.31 ] D: _tracksModel->getItem(i)->rect()1 7 QRect(0,597 1957x111)
[   176.31 ] D: _tracksModel->getItem(i)->rect()1 8 QRect(0,708 1957x111)
[   176.31 ] D: _tracksModel->getItem(i)->rect()1 9 QRect(0,819 1957x111)
[   176.31 ] D: setTracksRect
[   176.32 ] D: setTracksRect
[   176.32 ] D: sltStartContentYChanged4
[   176.32 ] D: sltStartContentYChanged1
[   176.32 ] D: sltStartContentYChanged2
[   176.32 ] D: sltStartContentYChanged3
[   176.32 ] D: _tracksModel->getItem(i)->rect()1 0 QRect(0,-182 1957x111)
[   176.32 ] D: _tracksModel->getItem(i)->rect()1 1 QRect(0,-71 1957x111)
[   176.32 ] D: _tracksModel->getItem(i)->rect()1 2 QRect(0,40 1957x111)
[   176.32 ] D: _tracksModel->getItem(i)->rect()1 3 QRect(0,151 1957x111)
[   176.32 ] D: _tracksModel->getItem(i)->rect()1 4 QRect(0,262 1957x111)
[   176.32 ] D: _tracksModel->getItem(i)->rect()1 5 QRect(0,373 1957x111)
[   176.32 ] D: _tracksModel->getItem(i)->rect()1 6 QRect(0,484 1957x111)
[   176.32 ] D: _tracksModel->getItem(i)->rect()1 7 QRect(0,595 1957x111)
[   176.32 ] D: _tracksModel->getItem(i)->rect()1 8 QRect(0,706 1957x111)
[   176.32 ] D: _tracksModel->getItem(i)->rect()1 9 QRect(0,817 1957x111)
[   176.32 ] D: setTracksRect
[   176.32 ] D: setTracksRect
[   176.32 ] D: sltStartContentYChanged4
[   176.35 ] D: sltStartContentYChanged1
[   176.35 ] D: sltStartContentYChanged2
[   176.35 ] D: sltStartContentYChanged3
[   176.35 ] D: _tracksModel->getItem(i)->rect()1 0 QRect(0,-183 1957x111)
[   176.35 ] D: _tracksModel->getItem(i)->rect()1 1 QRect(0,-72 1957x111)
[   176.35 ] D: _tracksModel->getItem(i)->rect()1 2 QRect(0,39 1957x111)
[   176.35 ] D: _tracksModel->getItem(i)->rect()1 3 QRect(0,150 1957x111)
[   176.35 ] D: _tracksModel->getItem(i)->rect()1 4 QRect(0,261 1957x111)
[   176.35 ] D: _tracksModel->getItem(i)->rect()1 5 QRect(0,372 1957x111)
[   176.35 ] D: _tracksModel->getItem(i)->rect()1 6 QRect(0,483 1957x111)
[   176.35 ] D: _tracksModel->getItem(i)->rect()1 7 QRect(0,594 1957x111)
[   176.35 ] D: _tracksModel->getItem(i)->rect()1 8 QRect(0,705 1957x111)
[   176.35 ] D: _tracksModel->getItem(i)->rect()1 9 QRect(0,816 1957x111)
[   176.35 ] D: setTracksRect
[   176.35 ] D: setTracksRect
[   176.35 ] D: sltStartContentYChanged4
[   176.36 ] D: sltStartContentYChanged1
[   176.36 ] D: sltStartContentYChanged2
[   176.36 ] D: sltStartContentYChanged3
[   176.36 ] D: _tracksModel->getItem(i)->rect()1 0 QRect(0,-184 1957x111)
[   176.36 ] D: _tracksModel->getItem(i)->rect()1 1 QRect(0,-73 1957x111)
[   176.36 ] D: _tracksModel->getItem(i)->rect()1 2 QRect(0,38 1957x111)
[   176.36 ] D: _tracksModel->getItem(i)->rect()1 3 QRect(0,149 1957x111)
[   176.36 ] D: _tracksModel->getItem(i)->rect()1 4 QRect(0,260 1957x111)
[   176.36 ] D: _tracksModel->getItem(i)->rect()1 5 QRect(0,371 1957x111)
[   176.36 ] D: _tracksModel->getItem(i)->rect()1 6 QRect(0,482 1957x111)
[   176.36 ] D: _tracksModel->getItem(i)->rect()1 7 QRect(0,593 1957x111)
[   176.36 ] D: _tracksModel->getItem(i)->rect()1 8 QRect(0,704 1957x111)
[   176.36 ] D: _tracksModel->getItem(i)->rect()1 9 QRect(0,815 1957x111)
[   176.37 ] D: setTracksRect
[   176.37 ] D: setTracksRect
[   176.37 ] D: sltStartContentYChanged4
[   176.40 ] D: sltStartContentYChanged1
[   176.40 ] D: sltStartContentYChanged2
[   176.40 ] D: sltStartContentYChanged3
[   176.40 ] D: _tracksModel->getItem(i)->rect()1 0 QRect(0,-188 1957x111)
[   176.40 ] D: _tracksModel->getItem(i)->rect()1 1 QRect(0,-77 1957x111)
[   176.40 ] D: _tracksModel->getItem(i)->rect()1 2 QRect(0,34 1957x111)
[   176.40 ] D: _tracksModel->getItem(i)->rect()1 3 QRect(0,145 1957x111)
[   176.40 ] D: _tracksModel->getItem(i)->rect()1 4 QRect(0,256 1957x111)
[   176.40 ] D: _tracksModel->getItem(i)->rect()1 5 QRect(0,367 1957x111)
[   176.40 ] D: _tracksModel->getItem(i)->rect()1 6 QRect(0,478 1957x111)
[   176.40 ] D: _tracksModel->getItem(i)->rect()1 7 QRect(0,589 1957x111)
[   176.40 ] D: _tracksModel->getItem(i)->rect()1 8 QRect(0,700 1957x111)
[   176.40 ] D: _tracksModel->getItem(i)->rect()1 9 QRect(0,811 1957x111)
[   176.40 ] D: setTracksRect
[   176.40 ] D: setTracksRect
[   176.40 ] D: sltStartContentYChanged4
[   176.42 ] D: sltStartContentYChanged1
[   176.42 ] D: sltStartContentYChanged2
[   176.42 ] D: sltStartContentYChanged3
[   176.42 ] D: _tracksModel->getItem(i)->rect()1 0 QRect(0,-193 1957x111)
[   176.42 ] D: _tracksModel->getItem(i)->rect()1 1 QRect(0,-82 1957x111)
[   176.42 ] D: _tracksModel->getItem(i)->rect()1 2 QRect(0,29 1957x111)
[   176.42 ] D: _tracksModel->getItem(i)->rect()1 3 QRect(0,140 1957x111)
[   176.42 ] D: _tracksModel->getItem(i)->rect()1 4 QRect(0,251 1957x111)
[   176.42 ] D: _tracksModel->getItem(i)->rect()1 5 QRect(0,362 1957x111)
[   176.42 ] D: _tracksModel->getItem(i)->rect()1 6 QRect(0,473 1957x111)
[   176.42 ] D: _tracksModel->getItem(i)->rect()1 7 QRect(0,584 1957x111)
[   176.42 ] D: _tracksModel->getItem(i)->rect()1 8 QRect(0,695 1957x111)
[   176.42 ] D: _tracksModel->getItem(i)->rect()1 9 QRect(0,806 1957x111)
[   176.42 ] D: setTracksRect
[   176.42 ] D: setTracksRect
[   176.42 ] D: sltStartContentYChanged4
[   176.45 ] D: sltStartContentYChanged1
[   176.45 ] D: sltStartContentYChanged2
[   176.45 ] D: sltStartContentYChanged3
[   176.45 ] D: _tracksModel->getItem(i)->rect()1 0 QRect(0,-198 1957x111)
[   176.45 ] D: _tracksModel->getItem(i)->rect()1 1 QRect(0,-87 1957x111)
[   176.45 ] D: _tracksModel->getItem(i)->rect()1 2 QRect(0,24 1957x111)
[   176.45 ] D: _tracksModel->getItem(i)->rect()1 3 QRect(0,135 1957x111)
[   176.45 ] D: _tracksModel->getItem(i)->rect()1 4 QRect(0,246 1957x111)
[   176.45 ] D: _tracksModel->getItem(i)->rect()1 5 QRect(0,357 1957x111)
[   176.45 ] D: _tracksModel->getItem(i)->rect()1 6 QRect(0,468 1957x111)
[   176.45 ] D: _tracksModel->getItem(i)->rect()1 7 QRect(0,579 1957x111)
[   176.45 ] D: _tracksModel->getItem(i)->rect()1 8 QRect(0,690 1957x111)
[   176.45 ] D: _tracksModel->getItem(i)->rect()1 9 QRect(0,801 1957x111)
[   176.45 ] D: setTracksRect
[   176.45 ] D: setTracksRect
[   176.45 ] D: sltStartContentYChanged4
[   176.46 ] D: sltStartContentYChanged1
[   176.46 ] D: sltStartContentYChanged2
[   176.46 ] D: sltStartContentYChanged3
[   176.46 ] D: _tracksModel->getItem(i)->rect()1 0 QRect(0,-202 1957x111)
[   176.46 ] D: _tracksModel->getItem(i)->rect()1 1 QRect(0,-91 1957x111)
[   176.46 ] D: _tracksModel->getItem(i)->rect()1 2 QRect(0,20 1957x111)
[   176.46 ] D: _tracksModel->getItem(i)->rect()1 3 QRect(0,131 1957x111)
[   176.46 ] D: _tracksModel->getItem(i)->rect()1 4 QRect(0,242 1957x111)
[   176.46 ] D: _tracksModel->getItem(i)->rect()1 5 QRect(0,353 1957x111)
[   176.46 ] D: _tracksModel->getItem(i)->rect()1 6 QRect(0,464 1957x111)
[   176.46 ] D: _tracksModel->getItem(i)->rect()1 7 QRect(0,575 1957x111)
[   176.46 ] D: _tracksModel->getItem(i)->rect()1 8 QRect(0,686 1957x111)
[   176.46 ] D: _tracksModel->getItem(i)->rect()1 9 QRect(0,797 1957x111)
[   176.46 ] D: setTracksRect
[   176.46 ] D: setTracksRect
[   176.46 ] D: sltStartContentYChanged4
[   176.46 ] D: sltStartContentYChanged1
[   176.46 ] D: sltStartContentYChanged2
[   176.47 ] D: sltStartContentYChanged3
[   176.47 ] D: _tracksModel->getItem(i)->rect()1 0 QRect(0,-206 1957x111)
[   176.47 ] D: _tracksModel->getItem(i)->rect()1 1 QRect(0,-95 1957x111)
[   176.47 ] D: _tracksModel->getItem(i)->rect()1 2 QRect(0,16 1957x111)
[   176.47 ] D: _tracksModel->getItem(i)->rect()1 3 QRect(0,127 1957x111)
[   176.47 ] D: _tracksModel->getItem(i)->rect()1 4 QRect(0,238 1957x111)
[   176.47 ] D: _tracksModel->getItem(i)->rect()1 5 QRect(0,349 1957x111)
[   176.47 ] D: _tracksModel->getItem(i)->rect()1 6 QRect(0,460 1957x111)
[   176.47 ] D: _tracksModel->getItem(i)->rect()1 7 QRect(0,571 1957x111)
[   176.47 ] D: _tracksModel->getItem(i)->rect()1 8 QRect(0,682 1957x111)
[   176.47 ] D: _tracksModel->getItem(i)->rect()1 9 QRect(0,793 1957x111)
[   176.47 ] D: setTracksRect
[   176.47 ] D: setTracksRect
[   176.47 ] D: sltStartContentYChanged4
[   176.50 ] D: sltStartContentYChanged1
[   176.50 ] D: sltStartContentYChanged2
[   176.50 ] D: sltStartContentYChanged3
[   176.50 ] D: _tracksModel->getItem(i)->rect()1 0 QRect(0,-210 1957x111)
[   176.50 ] D: _tracksModel->getItem(i)->rect()1 1 QRect(0,-99 1957x111)
[   176.50 ] D: _tracksModel->getItem(i)->rect()1 2 QRect(0,12 1957x111)
[   176.50 ] D: _tracksModel->getItem(i)->rect()1 3 QRect(0,123 1957x111)
[   176.50 ] D: _tracksModel->getItem(i)->rect()1 4 QRect(0,234 1957x111)
[   176.50 ] D: _tracksModel->getItem(i)->rect()1 5 QRect(0,345 1957x111)
[   176.50 ] D: _tracksModel->getItem(i)->rect()1 6 QRect(0,456 1957x111)
[   176.50 ] D: _tracksModel->getItem(i)->rect()1 7 QRect(0,567 1957x111)
[   176.50 ] D: _tracksModel->getItem(i)->rect()1 8 QRect(0,678 1957x111)
[   176.50 ] D: _tracksModel->getItem(i)->rect()1 9 QRect(0,789 1957x111)
[   176.50 ] D: setTracksRect
[   176.50 ] D: setTracksRect
[   176.50 ] D: sltStartContentYChanged4
[   176.51 ] D: sltStartContentYChanged1
[   176.51 ] D: sltStartContentYChanged2
[   176.51 ] D: sltStartContentYChanged3
[   176.51 ] D: _tracksModel->getItem(i)->rect()1 0 QRect(0,-213 1957x111)
[   176.51 ] D: _tracksModel->getItem(i)->rect()1 1 QRect(0,-102 1957x111)
[   176.51 ] D: _tracksModel->getItem(i)->rect()1 2 QRect(0,9 1957x111)
[   176.51 ] D: _tracksModel->getItem(i)->rect()1 3 QRect(0,120 1957x111)
[   176.51 ] D: _tracksModel->getItem(i)->rect()1 4 QRect(0,231 1957x111)
[   176.51 ] D: _tracksModel->getItem(i)->rect()1 5 QRect(0,342 1957x111)
[   176.51 ] D: _tracksModel->getItem(i)->rect()1 6 QRect(0,453 1957x111)
[   176.51 ] D: _tracksModel->getItem(i)->rect()1 7 QRect(0,564 1957x111)
[   176.51 ] D: _tracksModel->getItem(i)->rect()1 8 QRect(0,675 1957x111)
[   176.51 ] D: _tracksModel->getItem(i)->rect()1 9 QRect(0,786 1957x111)
[   176.51 ] D: setTracksRect
[   176.51 ] D: setTracksRect
[   176.51 ] D: sltStartContentYChanged4
[   176.52 ] D: sltStartContentYChanged1
[   176.52 ] D: sltStartContentYChanged2
[   176.52 ] D: sltStartContentYChanged3
[   176.52 ] D: _tracksModel->getItem(i)->rect()1 0 QRect(0,-216 1957x111)
[   176.52 ] D: _tracksModel->getItem(i)->rect()1 1 QRect(0,-105 1957x111)
[   176.52 ] D: _tracksModel->getItem(i)->rect()1 2 QRect(0,6 1957x111)
[   176.52 ] D: _tracksModel->getItem(i)->rect()1 3 QRect(0,117 1957x111)
[   176.52 ] D: _tracksModel->getItem(i)->rect()1 4 QRect(0,228 1957x111)
[   176.52 ] D: _tracksModel->getItem(i)->rect()1 5 QRect(0,339 1957x111)
[   176.52 ] D: _tracksModel->getItem(i)->rect()1 6 QRect(0,450 1957x111)
[   176.52 ] D: _tracksModel->getItem(i)->rect()1 7 QRect(0,561 1957x111)
[   176.52 ] D: _tracksModel->getItem(i)->rect()1 8 QRect(0,672 1957x111)
[   176.52 ] D: _tracksModel->getItem(i)->rect()1 9 QRect(0,783 1957x111)
[   176.52 ] D: setTracksRect
[   176.52 ] D: setTracksRect
[   176.52 ] D: sltStartContentYChanged4
[   176.55 ] D: sltStartContentYChanged1
[   176.55 ] D: sltStartContentYChanged2
[   176.55 ] D: sltStartContentYChanged3
[   176.55 ] D: _tracksModel->getItem(i)->rect()1 0 QRect(0,-218 1957x111)
[   176.55 ] D: _tracksModel->getItem(i)->rect()1 1 QRect(0,-107 1957x111)
[   176.55 ] D: _tracksModel->getItem(i)->rect()1 2 QRect(0,4 1957x111)
[   176.55 ] D: _tracksModel->getItem(i)->rect()1 3 QRect(0,115 1957x111)
[   176.55 ] D: _tracksModel->getItem(i)->rect()1 4 QRect(0,226 1957x111)
[   176.55 ] D: _tracksModel->getItem(i)->rect()1 5 QRect(0,337 1957x111)
[   176.55 ] D: _tracksModel->getItem(i)->rect()1 6 QRect(0,448 1957x111)
[   176.55 ] D: _tracksModel->getItem(i)->rect()1 7 QRect(0,559 1957x111)
[   176.55 ] D: _tracksModel->getItem(i)->rect()1 8 QRect(0,670 1957x111)
[   176.55 ] D: _tracksModel->getItem(i)->rect()1 9 QRect(0,781 1957x111)
[   176.55 ] D: setTracksRect
[   176.55 ] D: setTracksRect
[   176.55 ] D: sltStartContentYChanged4
[   176.56 ] D: sltStartContentYChanged1
[   176.56 ] D: sltStartContentYChanged2
[   176.56 ] D: sltStartContentYChanged3
[   176.57 ] D: _tracksModel->getItem(i)->rect()1 0 QRect(0,-220 1957x111)
[   176.57 ] D: _tracksModel->getItem(i)->rect()1 1 QRect(0,-109 1957x111)
[   176.57 ] D: _tracksModel->getItem(i)->rect()1 2 QRect(0,2 1957x111)
[   176.57 ] D: _tracksModel->getItem(i)->rect()1 3 QRect(0,113 1957x111)
[   176.57 ] D: _tracksModel->getItem(i)->rect()1 4 QRect(0,224 1957x111)
[   176.57 ] D: _tracksModel->getItem(i)->rect()1 5 QRect(0,335 1957x111)
[   176.57 ] D: _tracksModel->getItem(i)->rect()1 6 QRect(0,446 1957x111)
[   176.57 ] D: _tracksModel->getItem(i)->rect()1 7 QRect(0,557 1957x111)
[   176.57 ] D: _tracksModel->getItem(i)->rect()1 8 QRect(0,668 1957x111)
[   176.57 ] D: _tracksModel->getItem(i)->rect()1 9 QRect(0,779 1957x111)
[   176.57 ] D: setTracksRect
[   176.57 ] D: setTracksRect
[   176.57 ] D: sltStartContentYChanged4
[   176.57 ] D: sltStartContentYChanged1
[   176.57 ] D: sltStartContentYChanged2
[   176.57 ] D: sltStartContentYChanged3
[   176.57 ] D: _tracksModel->getItem(i)->rect()1 0 QRect(0,-221 1957x111)
[   176.57 ] D: _tracksModel->getItem(i)->rect()1 1 QRect(0,-110 1957x111)
[   176.57 ] D: _tracksModel->getItem(i)->rect()1 2 QRect(0,1 1957x111)
[   176.57 ] D: _tracksModel->getItem(i)->rect()1 3 QRect(0,112 1957x111)
[   176.57 ] D: _tracksModel->getItem(i)->rect()1 4 QRect(0,223 1957x111)
[   176.57 ] D: _tracksModel->getItem(i)->rect()1 5 QRect(0,334 1957x111)
[   176.57 ] D: _tracksModel->getItem(i)->rect()1 6 QRect(0,445 1957x111)
[   176.57 ] D: _tracksModel->getItem(i)->rect()1 7 QRect(0,556 1957x111)
[   176.57 ] D: _tracksModel->getItem(i)->rect()1 8 QRect(0,667 1957x111)
[   176.57 ] D: _tracksModel->getItem(i)->rect()1 9 QRect(0,778 1957x111)
[   176.57 ] D: setTracksRect
[   176.57 ] D: setTracksRect
[   176.57 ] D: sltStartContentYChanged4
[   176.59 ] D: sltStartContentYChanged1
[   176.59 ] D: sltStartContentYChanged2
[   176.59 ] D: sltStartContentYChanged3
[   176.59 ] D: _tracksModel->getItem(i)->rect()1 0 QRect(0,-222 1957x111)
[   176.59 ] D: _tracksModel->getItem(i)->rect()1 1 QRect(0,-111 1957x111)
[   176.59 ] D: _tracksModel->getItem(i)->rect()1 2 QRect(0,0 1957x111)
[   176.59 ] D: _tracksModel->getItem(i)->rect()1 3 QRect(0,111 1957x111)
[   176.59 ] D: _tracksModel->getItem(i)->rect()1 4 QRect(0,222 1957x111)
[   176.59 ] D: _tracksModel->getItem(i)->rect()1 5 QRect(0,333 1957x111)
[   176.59 ] D: _tracksModel->getItem(i)->rect()1 6 QRect(0,444 1957x111)
[   176.59 ] D: _tracksModel->getItem(i)->rect()1 7 QRect(0,555 1957x111)
[   176.59 ] D: _tracksModel->getItem(i)->rect()1 8 QRect(0,666 1957x111)
[   176.59 ] D: _tracksModel->getItem(i)->rect()1 9 QRect(0,777 1957x111)
[   176.59 ] D: setTracksRect
[   176.59 ] D: setTracksRect
[   176.59 ] D: sltStartContentYChanged4
[   176.61 ] D: sltStartContentYChanged1
[   176.61 ] D: sltStartContentYChanged2
[   176.62 ] D: sltStartContentYChanged3
[   176.62 ] D: _tracksModel->getItem(i)->rect()1 0 QRect(0,-223 1957x111)
[   176.62 ] D: _tracksModel->getItem(i)->rect()1 1 QRect(0,-112 1957x111)
[   176.62 ] D: _tracksModel->getItem(i)->rect()1 2 QRect(0,-1 1957x111)
[   176.62 ] D: _tracksModel->getItem(i)->rect()1 3 QRect(0,110 1957x111)
[   176.62 ] D: _tracksModel->getItem(i)->rect()1 4 QRect(0,221 1957x111)
[   176.62 ] D: _tracksModel->getItem(i)->rect()1 5 QRect(0,332 1957x111)
[   176.62 ] D: _tracksModel->getItem(i)->rect()1 6 QRect(0,443 1957x111)
[   176.62 ] D: _tracksModel->getItem(i)->rect()1 7 QRect(0,554 1957x111)
[   176.62 ] D: _tracksModel->getItem(i)->rect()1 8 QRect(0,665 1957x111)
[   176.62 ] D: _tracksModel->getItem(i)->rect()1 9 QRect(0,776 1957x111)
[   176.62 ] D: setTracksRect
[   176.62 ] D: setTracksRect
[   176.62 ] D: sltStartContentYChanged4
[   176.90 ] D: sltStartContentYChanged1
[   176.90 ] D: sltStartContentYChanged2
[   176.90 ] D: sltStartContentYChanged3
[   176.90 ] D: _tracksModel->getItem(i)->rect()1 0 QRect(0,-218 1957x111)
[   176.90 ] D: _tracksModel->getItem(i)->rect()1 1 QRect(0,-107 1957x111)
[   176.90 ] D: _tracksModel->getItem(i)->rect()1 2 QRect(0,4 1957x111)
[   176.90 ] D: _tracksModel->getItem(i)->rect()1 3 QRect(0,115 1957x111)
[   176.90 ] D: _tracksModel->getItem(i)->rect()1 4 QRect(0,226 1957x111)
[   176.90 ] D: _tracksModel->getItem(i)->rect()1 5 QRect(0,337 1957x111)
[   176.90 ] D: _tracksModel->getItem(i)->rect()1 6 QRect(0,448 1957x111)
[   176.90 ] D: _tracksModel->getItem(i)->rect()1 7 QRect(0,559 1957x111)
[   176.90 ] D: _tracksModel->getItem(i)->rect()1 8 QRect(0,670 1957x111)
[   176.90 ] D: _tracksModel->getItem(i)->rect()1 9 QRect(0,781 1957x111)
[   176.90 ] D: setTracksRect
[   176.90 ] D: setTracksRect
[   176.90 ] D: sltStartContentYChanged4
[   176.91 ] D: sltStartContentYChanged1
[   176.91 ] D: sltStartContentYChanged2
[   176.92 ] D: sltStartContentYChanged3
[   176.92 ] D: _tracksModel->getItem(i)->rect()1 0 QRect(0,-213 1957x111)
[   176.92 ] D: _tracksModel->getItem(i)->rect()1 1 QRect(0,-102 1957x111)
[   176.92 ] D: _tracksModel->getItem(i)->rect()1 2 QRect(0,9 1957x111)
[   176.92 ] D: _tracksModel->getItem(i)->rect()1 3 QRect(0,120 1957x111)
[   176.92 ] D: _tracksModel->getItem(i)->rect()1 4 QRect(0,231 1957x111)
[   176.92 ] D: _tracksModel->getItem(i)->rect()1 5 QRect(0,342 1957x111)
[   176.92 ] D: _tracksModel->getItem(i)->rect()1 6 QRect(0,453 1957x111)
[   176.92 ] D: _tracksModel->getItem(i)->rect()1 7 QRect(0,564 1957x111)
[   176.92 ] D: _tracksModel->getItem(i)->rect()1 8 QRect(0,675 1957x111)
[   176.92 ] D: _tracksModel->getItem(i)->rect()1 9 QRect(0,786 1957x111)
[   176.92 ] D: setTracksRect
[   176.92 ] D: setTracksRect
[   176.92 ] D: sltStartContentYChanged4
[   176.92 ] D: sltStartContentYChanged1
[   176.92 ] D: sltStartContentYChanged2
[   176.92 ] D: sltStartContentYChanged3
[   176.92 ] D: _tracksModel->getItem(i)->rect()1 0 QRect(0,-208 1957x111)
[   176.92 ] D: _tracksModel->getItem(i)->rect()1 1 QRect(0,-97 1957x111)
[   176.92 ] D: _tracksModel->getItem(i)->rect()1 2 QRect(0,14 1957x111)
[   176.92 ] D: _tracksModel->getItem(i)->rect()1 3 QRect(0,125 1957x111)
[   176.92 ] D: _tracksModel->getItem(i)->rect()1 4 QRect(0,236 1957x111)
[   176.92 ] D: _tracksModel->getItem(i)->rect()1 5 QRect(0,347 1957x111)
[   176.92 ] D: _tracksModel->getItem(i)->rect()1 6 QRect(0,458 1957x111)
[   176.92 ] D: _tracksModel->getItem(i)->rect()1 7 QRect(0,569 1957x111)
[   176.92 ] D: _tracksModel->getItem(i)->rect()1 8 QRect(0,680 1957x111)
[   176.92 ] D: _tracksModel->getItem(i)->rect()1 9 QRect(0,791 1957x111)
[   176.92 ] D: setTracksRect
[   176.92 ] D: setTracksRect
[   176.92 ] D: sltStartContentYChanged4
[   176.95 ] D: sltStartContentYChanged1
[   176.95 ] D: sltStartContentYChanged2
[   176.95 ] D: sltStartContentYChanged3
[   176.95 ] D: _tracksModel->getItem(i)->rect()1 0 QRect(0,-203 1957x111)
[   176.95 ] D: _tracksModel->getItem(i)->rect()1 1 QRect(0,-92 1957x111)
[   176.95 ] D: _tracksModel->getItem(i)->rect()1 2 QRect(0,19 1957x111)
[   176.95 ] D: _tracksModel->getItem(i)->rect()1 3 QRect(0,130 1957x111)
[   176.95 ] D: _tracksModel->getItem(i)->rect()1 4 QRect(0,241 1957x111)
[   176.95 ] D: _tracksModel->getItem(i)->rect()1 5 QRect(0,352 1957x111)
[   176.95 ] D: _tracksModel->getItem(i)->rect()1 6 QRect(0,463 1957x111)
[   176.95 ] D: _tracksModel->getItem(i)->rect()1 7 QRect(0,574 1957x111)
[   176.95 ] D: _tracksModel->getItem(i)->rect()1 8 QRect(0,685 1957x111)
[   176.95 ] D: _tracksModel->getItem(i)->rect()1 9 QRect(0,796 1957x111)
[   176.95 ] D: setTracksRect
[   176.95 ] D: setTracksRect
[   176.95 ] D: sltStartContentYChanged4
[   176.96 ] D: sltStartContentYChanged1
[   176.96 ] D: sltStartContentYChanged2
[   176.96 ] D: sltStartContentYChanged3
[   176.97 ] D: _tracksModel->getItem(i)->rect()1 0 QRect(0,-198 1957x111)
[   176.97 ] D: _tracksModel->getItem(i)->rect()1 1 QRect(0,-87 1957x111)
[   176.97 ] D: _tracksModel->getItem(i)->rect()1 2 QRect(0,24 1957x111)
[   176.97 ] D: _tracksModel->getItem(i)->rect()1 3 QRect(0,135 1957x111)
[   176.97 ] D: _tracksModel->getItem(i)->rect()1 4 QRect(0,246 1957x111)
[   176.97 ] D: _tracksModel->getItem(i)->rect()1 5 QRect(0,357 1957x111)
[   176.97 ] D: _tracksModel->getItem(i)->rect()1 6 QRect(0,468 1957x111)
[   176.97 ] D: _tracksModel->getItem(i)->rect()1 7 QRect(0,579 1957x111)
[   176.97 ] D: _tracksModel->getItem(i)->rect()1 8 QRect(0,690 1957x111)
[   176.97 ] D: _tracksModel->getItem(i)->rect()1 9 QRect(0,801 1957x111)
[   176.97 ] D: setTracksRect
[   176.97 ] D: setTracksRect
[   176.97 ] D: sltStartContentYChanged4
[   176.97 ] D: sltStartContentYChanged1
[   176.97 ] D: sltStartContentYChanged2
[   176.97 ] D: sltStartContentYChanged3
[   176.97 ] D: _tracksModel->getItem(i)->rect()1 0 QRect(0,-194 1957x111)
[   176.97 ] D: _tracksModel->getItem(i)->rect()1 1 QRect(0,-83 1957x111)
[   176.97 ] D: _tracksModel->getItem(i)->rect()1 2 QRect(0,28 1957x111)
[   176.97 ] D: _tracksModel->getItem(i)->rect()1 3 QRect(0,139 1957x111)
[   176.97 ] D: _tracksModel->getItem(i)->rect()1 4 QRect(0,250 1957x111)
[   176.97 ] D: _tracksModel->getItem(i)->rect()1 5 QRect(0,361 1957x111)
[   176.97 ] D: _tracksModel->getItem(i)->rect()1 6 QRect(0,472 1957x111)
[   176.97 ] D: _tracksModel->getItem(i)->rect()1 7 QRect(0,583 1957x111)
[   176.97 ] D: _tracksModel->getItem(i)->rect()1 8 QRect(0,694 1957x111)
[   176.97 ] D: _tracksModel->getItem(i)->rect()1 9 QRect(0,805 1957x111)
[   176.97 ] D: setTracksRect
[   176.97 ] D: setTracksRect
[   176.97 ] D: sltStartContentYChanged4
[   176.99 ] D: sltStartContentYChanged1
[   176.99 ] D: sltStartContentYChanged2
[   176.99 ] D: sltStartContentYChanged3
[   176.99 ] D: _tracksModel->getItem(i)->rect()1 0 QRect(0,-190 1957x111)
[   176.99 ] D: _tracksModel->getItem(i)->rect()1 1 QRect(0,-79 1957x111)
[   176.99 ] D: _tracksModel->getItem(i)->rect()1 2 QRect(0,32 1957x111)
[   176.99 ] D: _tracksModel->getItem(i)->rect()1 3 QRect(0,143 1957x111)
[   176.99 ] D: _tracksModel->getItem(i)->rect()1 4 QRect(0,254 1957x111)
[   176.99 ] D: _tracksModel->getItem(i)->rect()1 5 QRect(0,365 1957x111)
[   176.99 ] D: _tracksModel->getItem(i)->rect()1 6 QRect(0,476 1957x111)
[   176.99 ] D: _tracksModel->getItem(i)->rect()1 7 QRect(0,587 1957x111)
[   176.99 ] D: _tracksModel->getItem(i)->rect()1 8 QRect(0,698 1957x111)
[   176.99 ] D: _tracksModel->getItem(i)->rect()1 9 QRect(0,809 1957x111)
[   176.99 ] D: setTracksRect
[   176.99 ] D: setTracksRect
[   176.99 ] D: sltStartContentYChanged4
[   177.01 ] D: sltStartContentYChanged1
[   177.01 ] D: sltStartContentYChanged2
[   177.01 ] D: sltStartContentYChanged3
[   177.01 ] D: _tracksModel->getItem(i)->rect()1 0 QRect(0,-186 1957x111)
[   177.01 ] D: _tracksModel->getItem(i)->rect()1 1 QRect(0,-75 1957x111)
[   177.01 ] D: _tracksModel->getItem(i)->rect()1 2 QRect(0,36 1957x111)
[   177.02 ] D: _tracksModel->getItem(i)->rect()1 3 QRect(0,147 1957x111)
[   177.02 ] D: _tracksModel->getItem(i)->rect()1 4 QRect(0,258 1957x111)
[   177.02 ] D: _tracksModel->getItem(i)->rect()1 5 QRect(0,369 1957x111)
[   177.02 ] D: _tracksModel->getItem(i)->rect()1 6 QRect(0,480 1957x111)
[   177.02 ] D: _tracksModel->getItem(i)->rect()1 7 QRect(0,591 1957x111)
[   177.02 ] D: _tracksModel->getItem(i)->rect()1 8 QRect(0,702 1957x111)
[   177.02 ] D: _tracksModel->getItem(i)->rect()1 9 QRect(0,813 1957x111)
[   177.02 ] D: setTracksRect
[   177.02 ] D: setTracksRect
[   177.02 ] D: sltStartContentYChanged4
[   177.02 ] D: sltStartContentYChanged1
[   177.02 ] D: sltStartContentYChanged2
[   177.02 ] D: sltStartContentYChanged3
[   177.02 ] D: _tracksModel->getItem(i)->rect()1 0 QRect(0,-183 1957x111)
[   177.02 ] D: _tracksModel->getItem(i)->rect()1 1 QRect(0,-72 1957x111)
[   177.02 ] D: _tracksModel->getItem(i)->rect()1 2 QRect(0,39 1957x111)
[   177.02 ] D: _tracksModel->getItem(i)->rect()1 3 QRect(0,150 1957x111)
[   177.02 ] D: _tracksModel->getItem(i)->rect()1 4 QRect(0,261 1957x111)
[   177.02 ] D: _tracksModel->getItem(i)->rect()1 5 QRect(0,372 1957x111)
[   177.02 ] D: _tracksModel->getItem(i)->rect()1 6 QRect(0,483 1957x111)
[   177.02 ] D: _tracksModel->getItem(i)->rect()1 7 QRect(0,594 1957x111)
[   177.02 ] D: _tracksModel->getItem(i)->rect()1 8 QRect(0,705 1957x111)
[   177.02 ] D: _tracksModel->getItem(i)->rect()1 9 QRect(0,816 1957x111)
[   177.02 ] D: setTracksRect
[   177.02 ] D: setTracksRect
[   177.02 ] D: sltStartContentYChanged4
[   177.04 ] D: sltStartContentYChanged1
[   177.04 ] D: sltStartContentYChanged2
[   177.04 ] D: sltStartContentYChanged3
[   177.04 ] D: _tracksModel->getItem(i)->rect()1 0 QRect(0,-181 1957x111)
[   177.04 ] D: _tracksModel->getItem(i)->rect()1 1 QRect(0,-70 1957x111)
[   177.04 ] D: _tracksModel->getItem(i)->rect()1 2 QRect(0,41 1957x111)
[   177.04 ] D: _tracksModel->getItem(i)->rect()1 3 QRect(0,152 1957x111)
[   177.04 ] D: _tracksModel->getItem(i)->rect()1 4 QRect(0,263 1957x111)
[   177.04 ] D: _tracksModel->getItem(i)->rect()1 5 QRect(0,374 1957x111)
[   177.04 ] D: _tracksModel->getItem(i)->rect()1 6 QRect(0,485 1957x111)
[   177.04 ] D: _tracksModel->getItem(i)->rect()1 7 QRect(0,596 1957x111)
[   177.04 ] D: _tracksModel->getItem(i)->rect()1 8 QRect(0,707 1957x111)
[   177.04 ] D: _tracksModel->getItem(i)->rect()1 9 QRect(0,818 1957x111)
[   177.04 ] D: setTracksRect
[   177.04 ] D: setTracksRect
[   177.04 ] D: sltStartContentYChanged4
[   177.06 ] D: sltStartContentYChanged1
[   177.06 ] D: sltStartContentYChanged2
[   177.06 ] D: sltStartContentYChanged3
[   177.07 ] D: _tracksModel->getItem(i)->rect()1 0 QRect(0,-178 1957x111)
[   177.07 ] D: _tracksModel->getItem(i)->rect()1 1 QRect(0,-67 1957x111)
[   177.07 ] D: _tracksModel->getItem(i)->rect()1 2 QRect(0,44 1957x111)
[   177.07 ] D: _tracksModel->getItem(i)->rect()1 3 QRect(0,155 1957x111)
[   177.07 ] D: _tracksModel->getItem(i)->rect()1 4 QRect(0,266 1957x111)
[   177.07 ] D: _tracksModel->getItem(i)->rect()1 5 QRect(0,377 1957x111)
[   177.07 ] D: _tracksModel->getItem(i)->rect()1 6 QRect(0,488 1957x111)
[   177.07 ] D: _tracksModel->getItem(i)->rect()1 7 QRect(0,599 1957x111)
[   177.07 ] D: _tracksModel->getItem(i)->rect()1 8 QRect(0,710 1957x111)
[   177.07 ] D: _tracksModel->getItem(i)->rect()1 9 QRect(0,821 1957x111)
[   177.07 ] D: setTracksRect
[   177.07 ] D: setTracksRect
[   177.07 ] D: sltStartContentYChanged4
[   177.07 ] D: sltStartContentYChanged1
[   177.07 ] D: sltStartContentYChanged2
[   177.07 ] D: sltStartContentYChanged3
[   177.07 ] D: _tracksModel->getItem(i)->rect()1 0 QRect(0,-176 1957x111)
[   177.07 ] D: _tracksModel->getItem(i)->rect()1 1 QRect(0,-65 1957x111)
[   177.07 ] D: _tracksModel->getItem(i)->rect()1 2 QRect(0,46 1957x111)
[   177.07 ] D: _tracksModel->getItem(i)->rect()1 3 QRect(0,157 1957x111)
[   177.07 ] D: _tracksModel->getItem(i)->rect()1 4 QRect(0,268 1957x111)
[   177.07 ] D: _tracksModel->getItem(i)->rect()1 5 QRect(0,379 1957x111)
[   177.07 ] D: _tracksModel->getItem(i)->rect()1 6 QRect(0,490 1957x111)
[   177.07 ] D: _tracksModel->getItem(i)->rect()1 7 QRect(0,601 1957x111)
[   177.07 ] D: _tracksModel->getItem(i)->rect()1 8 QRect(0,712 1957x111)
[   177.07 ] D: _tracksModel->getItem(i)->rect()1 9 QRect(0,823 1957x111)
[   177.07 ] D: setTracksRect
[   177.07 ] D: setTracksRect
[   177.07 ] D: sltStartContentYChanged4
[   177.08 ] D: sltStartContentYChanged1
[   177.08 ] D: sltStartContentYChanged2
[   177.09 ] D: sltStartContentYChanged3
[   177.09 ] D: _tracksModel->getItem(i)->rect()1 0 QRect(0,-175 1957x111)
[   177.09 ] D: _tracksModel->getItem(i)->rect()1 1 QRect(0,-64 1957x111)
[   177.09 ] D: _tracksModel->getItem(i)->rect()1 2 QRect(0,47 1957x111)
[   177.09 ] D: _tracksModel->getItem(i)->rect()1 3 QRect(0,158 1957x111)
[   177.09 ] D: _tracksModel->getItem(i)->rect()1 4 QRect(0,269 1957x111)
[   177.09 ] D: _tracksModel->getItem(i)->rect()1 5 QRect(0,380 1957x111)
[   177.09 ] D: _tracksModel->getItem(i)->rect()1 6 QRect(0,491 1957x111)
[   177.09 ] D: _tracksModel->getItem(i)->rect()1 7 QRect(0,602 1957x111)
[   177.09 ] D: _tracksModel->getItem(i)->rect()1 8 QRect(0,713 1957x111)
[   177.09 ] D: _tracksModel->getItem(i)->rect()1 9 QRect(0,824 1957x111)
[   177.09 ] D: setTracksRect
[   177.09 ] D: setTracksRect
[   177.09 ] D: sltStartContentYChanged4
[   177.11 ] D: sltStartContentYChanged1
[   177.11 ] D: sltStartContentYChanged2
[   177.11 ] D: sltStartContentYChanged3
[   177.11 ] D: _tracksModel->getItem(i)->rect()1 0 QRect(0,-174 1957x111)
[   177.11 ] D: _tracksModel->getItem(i)->rect()1 1 QRect(0,-63 1957x111)
[   177.11 ] D: _tracksModel->getItem(i)->rect()1 2 QRect(0,48 1957x111)
[   177.11 ] D: _tracksModel->getItem(i)->rect()1 3 QRect(0,159 1957x111)
[   177.11 ] D: _tracksModel->getItem(i)->rect()1 4 QRect(0,270 1957x111)
[   177.11 ] D: _tracksModel->getItem(i)->rect()1 5 QRect(0,381 1957x111)
[   177.11 ] D: _tracksModel->getItem(i)->rect()1 6 QRect(0,492 1957x111)
[   177.12 ] D: _tracksModel->getItem(i)->rect()1 7 QRect(0,603 1957x111)
[   177.12 ] D: _tracksModel->getItem(i)->rect()1 8 QRect(0,714 1957x111)
[   177.12 ] D: _tracksModel->getItem(i)->rect()1 9 QRect(0,825 1957x111)
[   177.12 ] D: setTracksRect
[   177.12 ] D: setTracksRect
[   177.12 ] D: sltStartContentYChanged4
[   177.20 ] D: sltStartContentYChanged1
[   177.20 ] D: sltStartContentYChanged2
[   177.20 ] D: sltStartContentYChanged3
[   177.20 ] D: _tracksModel->getItem(i)->rect()1 0 QRect(0,-169 1957x111)
[   177.20 ] D: _tracksModel->getItem(i)->rect()1 1 QRect(0,-58 1957x111)
[   177.20 ] D: _tracksModel->getItem(i)->rect()1 2 QRect(0,53 1957x111)
[   177.20 ] D: _tracksModel->getItem(i)->rect()1 3 QRect(0,164 1957x111)
[   177.20 ] D: _tracksModel->getItem(i)->rect()1 4 QRect(0,275 1957x111)
[   177.20 ] D: _tracksModel->getItem(i)->rect()1 5 QRect(0,386 1957x111)
[   177.20 ] D: _tracksModel->getItem(i)->rect()1 6 QRect(0,497 1957x111)
[   177.20 ] D: _tracksModel->getItem(i)->rect()1 7 QRect(0,608 1957x111)
[   177.20 ] D: _tracksModel->getItem(i)->rect()1 8 QRect(0,719 1957x111)
[   177.20 ] D: _tracksModel->getItem(i)->rect()1 9 QRect(0,830 1957x111)
[   177.20 ] D: setTracksRect
[   177.20 ] D: setTracksRect
[   177.20 ] D: sltStartContentYChanged4
[   177.22 ] D: sltStartContentYChanged1
[   177.22 ] D: sltStartContentYChanged2
[   177.22 ] D: sltStartContentYChanged3
[   177.22 ] D: _tracksModel->getItem(i)->rect()1 0 QRect(0,-164 1957x111)
[   177.22 ] D: _tracksModel->getItem(i)->rect()1 1 QRect(0,-53 1957x111)
[   177.22 ] D: _tracksModel->getItem(i)->rect()1 2 QRect(0,58 1957x111)
[   177.22 ] D: _tracksModel->getItem(i)->rect()1 3 QRect(0,169 1957x111)
[   177.22 ] D: _tracksModel->getItem(i)->rect()1 4 QRect(0,280 1957x111)
[   177.22 ] D: _tracksModel->getItem(i)->rect()1 5 QRect(0,391 1957x111)
[   177.22 ] D: _tracksModel->getItem(i)->rect()1 6 QRect(0,502 1957x111)
[   177.22 ] D: _tracksModel->getItem(i)->rect()1 7 QRect(0,613 1957x111)
[   177.22 ] D: _tracksModel->getItem(i)->rect()1 8 QRect(0,724 1957x111)
[   177.22 ] D: _tracksModel->getItem(i)->rect()1 9 QRect(0,835 1957x111)
[   177.22 ] D: setTracksRect
[   177.22 ] D: setTracksRect
[   177.22 ] D: sltStartContentYChanged4
[   177.23 ] D: sltStartContentYChanged1
[   177.23 ] D: sltStartContentYChanged2
[   177.23 ] D: sltStartContentYChanged3
[   177.23 ] D: _tracksModel->getItem(i)->rect()1 0 QRect(0,-160 1957x111)
[   177.23 ] D: _tracksModel->getItem(i)->rect()1 1 QRect(0,-49 1957x111)
[   177.23 ] D: _tracksModel->getItem(i)->rect()1 2 QRect(0,62 1957x111)
[   177.23 ] D: _tracksModel->getItem(i)->rect()1 3 QRect(0,173 1957x111)
[   177.23 ] D: _tracksModel->getItem(i)->rect()1 4 QRect(0,284 1957x111)
[   177.23 ] D: _tracksModel->getItem(i)->rect()1 5 QRect(0,395 1957x111)
[   177.23 ] D: _tracksModel->getItem(i)->rect()1 6 QRect(0,506 1957x111)
[   177.23 ] D: _tracksModel->getItem(i)->rect()1 7 QRect(0,617 1957x111)
[   177.23 ] D: _tracksModel->getItem(i)->rect()1 8 QRect(0,728 1957x111)
[   177.23 ] D: _tracksModel->getItem(i)->rect()1 9 QRect(0,839 1957x111)
[   177.23 ] D: setTracksRect
[   177.23 ] D: setTracksRect
[   177.23 ] D: sltStartContentYChanged4
[   177.23 ] D: sltStartContentYChanged1
[   177.24 ] D: sltStartContentYChanged2
[   177.24 ] D: sltStartContentYChanged3
[   177.24 ] D: _tracksModel->getItem(i)->rect()1 0 QRect(0,-156 1957x111)
[   177.24 ] D: _tracksModel->getItem(i)->rect()1 1 QRect(0,-45 1957x111)
[   177.24 ] D: _tracksModel->getItem(i)->rect()1 2 QRect(0,66 1957x111)
[   177.24 ] D: _tracksModel->getItem(i)->rect()1 3 QRect(0,177 1957x111)
[   177.24 ] D: _tracksModel->getItem(i)->rect()1 4 QRect(0,288 1957x111)
[   177.24 ] D: _tracksModel->getItem(i)->rect()1 5 QRect(0,399 1957x111)
[   177.24 ] D: _tracksModel->getItem(i)->rect()1 6 QRect(0,510 1957x111)
[   177.24 ] D: _tracksModel->getItem(i)->rect()1 7 QRect(0,621 1957x111)
[   177.24 ] D: _tracksModel->getItem(i)->rect()1 8 QRect(0,732 1957x111)
[   177.24 ] D: _tracksModel->getItem(i)->rect()1 9 QRect(0,843 1957x111)
[   177.24 ] D: setTracksRect
[   177.24 ] D: setTracksRect
[   177.24 ] D: sltStartContentYChanged4
[   177.26 ] D: sltStartContentYChanged1
[   177.26 ] D: sltStartContentYChanged2
[   177.26 ] D: sltStartContentYChanged3
[   177.26 ] D: _tracksModel->getItem(i)->rect()1 0 QRect(0,-152 1957x111)
[   177.26 ] D: _tracksModel->getItem(i)->rect()1 1 QRect(0,-41 1957x111)
[   177.26 ] D: _tracksModel->getItem(i)->rect()1 2 QRect(0,70 1957x111)
[   177.26 ] D: _tracksModel->getItem(i)->rect()1 3 QRect(0,181 1957x111)
[   177.26 ] D: _tracksModel->getItem(i)->rect()1 4 QRect(0,292 1957x111)
[   177.26 ] D: _tracksModel->getItem(i)->rect()1 5 QRect(0,403 1957x111)
[   177.26 ] D: _tracksModel->getItem(i)->rect()1 6 QRect(0,514 1957x111)
[   177.26 ] D: _tracksModel->getItem(i)->rect()1 7 QRect(0,625 1957x111)
[   177.26 ] D: _tracksModel->getItem(i)->rect()1 8 QRect(0,736 1957x111)
[   177.26 ] D: _tracksModel->getItem(i)->rect()1 9 QRect(0,847 1957x111)
[   177.26 ] D: setTracksRect
[   177.26 ] D: setTracksRect
[   177.26 ] D: sltStartContentYChanged4
[   177.26 ] D: sltStartContentYChanged1
[   177.27 ] D: sltStartContentYChanged2
[   177.27 ] D: sltStartContentYChanged3
[   177.27 ] D: _tracksModel->getItem(i)->rect()1 0 QRect(0,-149 1957x111)
[   177.27 ] D: _tracksModel->getItem(i)->rect()1 1 QRect(0,-38 1957x111)
[   177.27 ] D: _tracksModel->getItem(i)->rect()1 2 QRect(0,73 1957x111)
[   177.27 ] D: _tracksModel->getItem(i)->rect()1 3 QRect(0,184 1957x111)
[   177.27 ] D: _tracksModel->getItem(i)->rect()1 4 QRect(0,295 1957x111)
[   177.27 ] D: _tracksModel->getItem(i)->rect()1 5 QRect(0,406 1957x111)
[   177.27 ] D: _tracksModel->getItem(i)->rect()1 6 QRect(0,517 1957x111)
[   177.27 ] D: _tracksModel->getItem(i)->rect()1 7 QRect(0,628 1957x111)
[   177.27 ] D: _tracksModel->getItem(i)->rect()1 8 QRect(0,739 1957x111)
[   177.27 ] D: _tracksModel->getItem(i)->rect()1 9 QRect(0,850 1957x111)
[   177.27 ] D: setTracksRect
[   177.27 ] D: setTracksRect
[   177.27 ] D: sltStartContentYChanged4
[   177.30 ] D: sltStartContentYChanged1
[   177.30 ] D: sltStartContentYChanged2
[   177.30 ] D: sltStartContentYChanged3
[   177.30 ] D: _tracksModel->getItem(i)->rect()1 0 QRect(0,-146 1957x111)
[   177.30 ] D: _tracksModel->getItem(i)->rect()1 1 QRect(0,-35 1957x111)
[   177.30 ] D: _tracksModel->getItem(i)->rect()1 2 QRect(0,76 1957x111)
[   177.30 ] D: _tracksModel->getItem(i)->rect()1 3 QRect(0,187 1957x111)
[   177.30 ] D: _tracksModel->getItem(i)->rect()1 4 QRect(0,298 1957x111)
[   177.30 ] D: _tracksModel->getItem(i)->rect()1 5 QRect(0,409 1957x111)
[   177.30 ] D: _tracksModel->getItem(i)->rect()1 6 QRect(0,520 1957x111)
[   177.30 ] D: _tracksModel->getItem(i)->rect()1 7 QRect(0,631 1957x111)
[   177.30 ] D: _tracksModel->getItem(i)->rect()1 8 QRect(0,742 1957x111)
[   177.30 ] D: _tracksModel->getItem(i)->rect()1 9 QRect(0,853 1957x111)
[   177.30 ] D: setTracksRect
[   177.30 ] D: setTracksRect
[   177.30 ] D: sltStartContentYChanged4
[   177.31 ] D: sltStartContentYChanged1
[   177.31 ] D: sltStartContentYChanged2
[   177.32 ] D: sltStartContentYChanged3
[   177.32 ] D: _tracksModel->getItem(i)->rect()1 0 QRect(0,-144 1957x111)
[   177.32 ] D: _tracksModel->getItem(i)->rect()1 1 QRect(0,-33 1957x111)
[   177.32 ] D: _tracksModel->getItem(i)->rect()1 2 QRect(0,78 1957x111)
[   177.32 ] D: _tracksModel->getItem(i)->rect()1 3 QRect(0,189 1957x111)
[   177.32 ] D: _tracksModel->getItem(i)->rect()1 4 QRect(0,300 1957x111)
[   177.32 ] D: _tracksModel->getItem(i)->rect()1 5 QRect(0,411 1957x111)
[   177.32 ] D: _tracksModel->getItem(i)->rect()1 6 QRect(0,522 1957x111)
[   177.32 ] D: _tracksModel->getItem(i)->rect()1 7 QRect(0,633 1957x111)
[   177.32 ] D: _tracksModel->getItem(i)->rect()1 8 QRect(0,744 1957x111)
[   177.32 ] D: _tracksModel->getItem(i)->rect()1 9 QRect(0,855 1957x111)
[   177.32 ] D: setTracksRect
[   177.32 ] D: setTracksRect
[   177.32 ] D: sltStartContentYChanged4
[   177.32 ] D: sltStartContentYChanged1
[   177.32 ] D: sltStartContentYChanged2
[   177.32 ] D: sltStartContentYChanged3
[   177.32 ] D: _tracksModel->getItem(i)->rect()1 0 QRect(0,-142 1957x111)
[   177.32 ] D: _tracksModel->getItem(i)->rect()1 1 QRect(0,-31 1957x111)
[   177.32 ] D: _tracksModel->getItem(i)->rect()1 2 QRect(0,80 1957x111)
[   177.32 ] D: _tracksModel->getItem(i)->rect()1 3 QRect(0,191 1957x111)
[   177.32 ] D: _tracksModel->getItem(i)->rect()1 4 QRect(0,302 1957x111)
[   177.32 ] D: _tracksModel->getItem(i)->rect()1 5 QRect(0,413 1957x111)
[   177.32 ] D: _tracksModel->getItem(i)->rect()1 6 QRect(0,524 1957x111)
[   177.32 ] D: _tracksModel->getItem(i)->rect()1 7 QRect(0,635 1957x111)
[   177.32 ] D: _tracksModel->getItem(i)->rect()1 8 QRect(0,746 1957x111)
[   177.32 ] D: _tracksModel->getItem(i)->rect()1 9 QRect(0,857 1957x111)
[   177.32 ] D: setTracksRect
[   177.32 ] D: setTracksRect
[   177.32 ] D: sltStartContentYChanged4
[   177.34 ] D: sltStartContentYChanged1
[   177.34 ] D: sltStartContentYChanged2
[   177.34 ] D: sltStartContentYChanged3
[   177.34 ] D: _tracksModel->getItem(i)->rect()1 0 QRect(0,-140 1957x111)
[   177.34 ] D: _tracksModel->getItem(i)->rect()1 1 QRect(0,-29 1957x111)
[   177.34 ] D: _tracksModel->getItem(i)->rect()1 2 QRect(0,82 1957x111)
[   177.34 ] D: _tracksModel->getItem(i)->rect()1 3 QRect(0,193 1957x111)
[   177.34 ] D: _tracksModel->getItem(i)->rect()1 4 QRect(0,304 1957x111)
[   177.34 ] D: _tracksModel->getItem(i)->rect()1 5 QRect(0,415 1957x111)
[   177.34 ] D: _tracksModel->getItem(i)->rect()1 6 QRect(0,526 1957x111)
[   177.34 ] D: _tracksModel->getItem(i)->rect()1 7 QRect(0,637 1957x111)
[   177.34 ] D: _tracksModel->getItem(i)->rect()1 8 QRect(0,748 1957x111)
[   177.34 ] D: _tracksModel->getItem(i)->rect()1 9 QRect(0,859 1957x111)
[   177.34 ] D: setTracksRect
[   177.34 ] D: setTracksRect
[   177.34 ] D: sltStartContentYChanged4
[   177.36 ] D: sltStartContentYChanged1
[   177.36 ] D: sltStartContentYChanged2
[   177.37 ] D: sltStartContentYChanged3
[   177.37 ] D: _tracksModel->getItem(i)->rect()1 0 QRect(0,-139 1957x111)
[   177.37 ] D: _tracksModel->getItem(i)->rect()1 1 QRect(0,-28 1957x111)
[   177.37 ] D: _tracksModel->getItem(i)->rect()1 2 QRect(0,83 1957x111)
[   177.37 ] D: _tracksModel->getItem(i)->rect()1 3 QRect(0,194 1957x111)
[   177.37 ] D: _tracksModel->getItem(i)->rect()1 4 QRect(0,305 1957x111)
[   177.37 ] D: _tracksModel->getItem(i)->rect()1 5 QRect(0,416 1957x111)
[   177.37 ] D: _tracksModel->getItem(i)->rect()1 6 QRect(0,527 1957x111)
[   177.37 ] D: _tracksModel->getItem(i)->rect()1 7 QRect(0,638 1957x111)
[   177.37 ] D: _tracksModel->getItem(i)->rect()1 8 QRect(0,749 1957x111)
[   177.37 ] D: _tracksModel->getItem(i)->rect()1 9 QRect(0,860 1957x111)
[   177.37 ] D: setTracksRect
[   177.37 ] D: setTracksRect
[   177.37 ] D: sltStartContentYChanged4
[   177.43 ] D: sltStartContentYChanged1
[   177.43 ] D: sltStartContentYChanged2
[   177.43 ] D: sltStartContentYChanged3
[   177.43 ] D: _tracksModel->getItem(i)->rect()1 0 QRect(0,-134 1957x111)
[   177.43 ] D: _tracksModel->getItem(i)->rect()1 1 QRect(0,-23 1957x111)
[   177.43 ] D: _tracksModel->getItem(i)->rect()1 2 QRect(0,88 1957x111)
[   177.43 ] D: _tracksModel->getItem(i)->rect()1 3 QRect(0,199 1957x111)
[   177.43 ] D: _tracksModel->getItem(i)->rect()1 4 QRect(0,310 1957x111)
[   177.43 ] D: _tracksModel->getItem(i)->rect()1 5 QRect(0,421 1957x111)
[   177.43 ] D: _tracksModel->getItem(i)->rect()1 6 QRect(0,532 1957x111)
[   177.43 ] D: _tracksModel->getItem(i)->rect()1 7 QRect(0,643 1957x111)
[   177.43 ] D: _tracksModel->getItem(i)->rect()1 8 QRect(0,754 1957x111)
[   177.43 ] D: _tracksModel->getItem(i)->rect()1 9 QRect(0,865 1957x111)
[   177.43 ] D: setTracksRect
[   177.43 ] D: setTracksRect
[   177.43 ] D: sltStartContentYChanged4
[   177.45 ] D: sltStartContentYChanged1
[   177.45 ] D: sltStartContentYChanged2
[   177.45 ] D: sltStartContentYChanged3
[   177.45 ] D: _tracksModel->getItem(i)->rect()1 0 QRect(0,-129 1957x111)
[   177.45 ] D: _tracksModel->getItem(i)->rect()1 1 QRect(0,-18 1957x111)
[   177.45 ] D: _tracksModel->getItem(i)->rect()1 2 QRect(0,93 1957x111)
[   177.45 ] D: _tracksModel->getItem(i)->rect()1 3 QRect(0,204 1957x111)
[   177.45 ] D: _tracksModel->getItem(i)->rect()1 4 QRect(0,315 1957x111)
[   177.45 ] D: _tracksModel->getItem(i)->rect()1 5 QRect(0,426 1957x111)
[   177.45 ] D: _tracksModel->getItem(i)->rect()1 6 QRect(0,537 1957x111)
[   177.45 ] D: _tracksModel->getItem(i)->rect()1 7 QRect(0,648 1957x111)
[   177.45 ] D: _tracksModel->getItem(i)->rect()1 8 QRect(0,759 1957x111)
[   177.45 ] D: _tracksModel->getItem(i)->rect()1 9 QRect(0,870 1957x111)
[   177.45 ] D: setTracksRect
[   177.45 ] D: setTracksRect
[   177.45 ] D: sltStartContentYChanged4
[   177.47 ] D: sltStartContentYChanged1
[   177.47 ] D: sltStartContentYChanged2
[   177.47 ] D: sltStartContentYChanged3
[   177.47 ] D: _tracksModel->getItem(i)->rect()1 0 QRect(0,-124 1957x111)
[   177.47 ] D: _tracksModel->getItem(i)->rect()1 1 QRect(0,-13 1957x111)
[   177.47 ] D: _tracksModel->getItem(i)->rect()1 2 QRect(0,98 1957x111)
[   177.47 ] D: _tracksModel->getItem(i)->rect()1 3 QRect(0,209 1957x111)
[   177.47 ] D: _tracksModel->getItem(i)->rect()1 4 QRect(0,320 1957x111)
[   177.47 ] D: _tracksModel->getItem(i)->rect()1 5 QRect(0,431 1957x111)
[   177.47 ] D: _tracksModel->getItem(i)->rect()1 6 QRect(0,542 1957x111)
[   177.47 ] D: _tracksModel->getItem(i)->rect()1 7 QRect(0,653 1957x111)
[   177.47 ] D: _tracksModel->getItem(i)->rect()1 8 QRect(0,764 1957x111)
[   177.47 ] D: _tracksModel->getItem(i)->rect()1 9 QRect(0,875 1957x111)
[   177.47 ] D: setTracksRect
[   177.47 ] D: setTracksRect
[   177.47 ] D: sltStartContentYChanged4
[   177.48 ] D: sltStartContentYChanged1
[   177.48 ] D: sltStartContentYChanged2
[   177.48 ] D: sltStartContentYChanged3
[   177.48 ] D: _tracksModel->getItem(i)->rect()1 0 QRect(0,-119 1957x111)
[   177.48 ] D: _tracksModel->getItem(i)->rect()1 1 QRect(0,-8 1957x111)
[   177.48 ] D: _tracksModel->getItem(i)->rect()1 2 QRect(0,103 1957x111)
[   177.48 ] D: _tracksModel->getItem(i)->rect()1 3 QRect(0,214 1957x111)
[   177.48 ] D: _tracksModel->getItem(i)->rect()1 4 QRect(0,325 1957x111)
[   177.48 ] D: _tracksModel->getItem(i)->rect()1 5 QRect(0,436 1957x111)
[   177.48 ] D: _tracksModel->getItem(i)->rect()1 6 QRect(0,547 1957x111)
[   177.48 ] D: _tracksModel->getItem(i)->rect()1 7 QRect(0,658 1957x111)
[   177.48 ] D: _tracksModel->getItem(i)->rect()1 8 QRect(0,769 1957x111)
[   177.48 ] D: _tracksModel->getItem(i)->rect()1 9 QRect(0,880 1957x111)
[   177.48 ] D: setTracksRect
[   177.49 ] D: setTracksRect
[   177.49 ] D: sltStartContentYChanged4
[   177.49 ] D: sltStartContentYChanged1
[   177.49 ] D: sltStartContentYChanged2
[   177.49 ] D: sltStartContentYChanged3
[   177.49 ] D: _tracksModel->getItem(i)->rect()1 0 QRect(0,-115 1957x111)
[   177.49 ] D: _tracksModel->getItem(i)->rect()1 1 QRect(0,-4 1957x111)
[   177.49 ] D: _tracksModel->getItem(i)->rect()1 2 QRect(0,107 1957x111)
[   177.49 ] D: _tracksModel->getItem(i)->rect()1 3 QRect(0,218 1957x111)
[   177.49 ] D: _tracksModel->getItem(i)->rect()1 4 QRect(0,329 1957x111)
[   177.49 ] D: _tracksModel->getItem(i)->rect()1 5 QRect(0,440 1957x111)
[   177.49 ] D: _tracksModel->getItem(i)->rect()1 6 QRect(0,551 1957x111)
[   177.49 ] D: _tracksModel->getItem(i)->rect()1 7 QRect(0,662 1957x111)
[   177.49 ] D: _tracksModel->getItem(i)->rect()1 8 QRect(0,773 1957x111)
[   177.49 ] D: _tracksModel->getItem(i)->rect()1 9 QRect(0,884 1957x111)
[   177.49 ] D: setTracksRect
[   177.49 ] D: setTracksRect
[   177.49 ] D: sltStartContentYChanged4
[   177.51 ] D: sltStartContentYChanged1
[   177.51 ] D: sltStartContentYChanged2
[   177.52 ] D: sltStartContentYChanged3
[   177.52 ] D: _tracksModel->getItem(i)->rect()1 0 QRect(0,-110 1957x111)
[   177.52 ] D: _tracksModel->getItem(i)->rect()1 1 QRect(0,1 1957x111)
[   177.52 ] D: _tracksModel->getItem(i)->rect()1 2 QRect(0,112 1957x111)
[   177.52 ] D: _tracksModel->getItem(i)->rect()1 3 QRect(0,223 1957x111)
[   177.52 ] D: _tracksModel->getItem(i)->rect()1 4 QRect(0,334 1957x111)
[   177.52 ] D: _tracksModel->getItem(i)->rect()1 5 QRect(0,445 1957x111)
[   177.52 ] D: _tracksModel->getItem(i)->rect()1 6 QRect(0,556 1957x111)
[   177.52 ] D: _tracksModel->getItem(i)->rect()1 7 QRect(0,667 1957x111)
[   177.52 ] D: _tracksModel->getItem(i)->rect()1 8 QRect(0,778 1957x111)
[   177.52 ] D: _tracksModel->getItem(i)->rect()1 9 QRect(0,889 1957x111)
[   177.52 ] D: setTracksRect
[   177.52 ] D: setTracksRect
[   177.52 ] D: sltStartContentYChanged4
[   177.52 ] D: sltStartContentYChanged1
[   177.52 ] D: sltStartContentYChanged2
[   177.52 ] D: sltStartContentYChanged3
[   177.52 ] D: _tracksModel->getItem(i)->rect()1 0 QRect(0,-106 1957x111)
[   177.52 ] D: _tracksModel->getItem(i)->rect()1 1 QRect(0,5 1957x111)
[   177.52 ] D: _tracksModel->getItem(i)->rect()1 2 QRect(0,116 1957x111)
[   177.52 ] D: _tracksModel->getItem(i)->rect()1 3 QRect(0,227 1957x111)
[   177.52 ] D: _tracksModel->getItem(i)->rect()1 4 QRect(0,338 1957x111)
[   177.52 ] D: _tracksModel->getItem(i)->rect()1 5 QRect(0,449 1957x111)
[   177.52 ] D: _tracksModel->getItem(i)->rect()1 6 QRect(0,560 1957x111)
[   177.52 ] D: _tracksModel->getItem(i)->rect()1 7 QRect(0,671 1957x111)
[   177.52 ] D: _tracksModel->getItem(i)->rect()1 8 QRect(0,782 1957x111)
[   177.52 ] D: _tracksModel->getItem(i)->rect()1 9 QRect(0,893 1957x111)
[   177.52 ] D: setTracksRect
[   177.52 ] D: setTracksRect
[   177.52 ] D: sltStartContentYChanged4
[   177.55 ] D: sltStartContentYChanged1
[   177.55 ] D: sltStartContentYChanged2
[   177.55 ] D: sltStartContentYChanged3
[   177.55 ] D: _tracksModel->getItem(i)->rect()1 0 QRect(0,-103 1957x111)
[   177.55 ] D: _tracksModel->getItem(i)->rect()1 1 QRect(0,8 1957x111)
[   177.55 ] D: _tracksModel->getItem(i)->rect()1 2 QRect(0,119 1957x111)
[   177.55 ] D: _tracksModel->getItem(i)->rect()1 3 QRect(0,230 1957x111)
[   177.55 ] D: _tracksModel->getItem(i)->rect()1 4 QRect(0,341 1957x111)
[   177.55 ] D: _tracksModel->getItem(i)->rect()1 5 QRect(0,452 1957x111)
[   177.55 ] D: _tracksModel->getItem(i)->rect()1 6 QRect(0,563 1957x111)
[   177.55 ] D: _tracksModel->getItem(i)->rect()1 7 QRect(0,674 1957x111)
[   177.55 ] D: _tracksModel->getItem(i)->rect()1 8 QRect(0,785 1957x111)
[   177.55 ] D: _tracksModel->getItem(i)->rect()1 9 QRect(0,896 1957x111)
[   177.55 ] D: setTracksRect
[   177.55 ] D: setTracksRect
[   177.55 ] D: sltStartContentYChanged4
[   177.57 ] D: sltStartContentYChanged1
[   177.57 ] D: sltStartContentYChanged2
[   177.57 ] D: sltStartContentYChanged3
[   177.57 ] D: _tracksModel->getItem(i)->rect()1 0 QRect(0,-100 1957x111)
[   177.57 ] D: _tracksModel->getItem(i)->rect()1 1 QRect(0,11 1957x111)
[   177.57 ] D: _tracksModel->getItem(i)->rect()1 2 QRect(0,122 1957x111)
[   177.57 ] D: _tracksModel->getItem(i)->rect()1 3 QRect(0,233 1957x111)
[   177.57 ] D: _tracksModel->getItem(i)->rect()1 4 QRect(0,344 1957x111)
[   177.57 ] D: _tracksModel->getItem(i)->rect()1 5 QRect(0,455 1957x111)
[   177.57 ] D: _tracksModel->getItem(i)->rect()1 6 QRect(0,566 1957x111)
[   177.57 ] D: _tracksModel->getItem(i)->rect()1 7 QRect(0,677 1957x111)
[   177.57 ] D: _tracksModel->getItem(i)->rect()1 8 QRect(0,788 1957x111)
[   177.57 ] D: _tracksModel->getItem(i)->rect()1 9 QRect(0,899 1957x111)
[   177.57 ] D: setTracksRect
[   177.57 ] D: setTracksRect
[   177.57 ] D: sltStartContentYChanged4
[   177.59 ] D: sltStartContentYChanged1
[   177.59 ] D: sltStartContentYChanged2
[   177.59 ] D: sltStartContentYChanged3
[   177.59 ] D: _tracksModel->getItem(i)->rect()1 0 QRect(0,-97 1957x111)
[   177.59 ] D: _tracksModel->getItem(i)->rect()1 1 QRect(0,14 1957x111)
[   177.59 ] D: _tracksModel->getItem(i)->rect()1 2 QRect(0,125 1957x111)
[   177.59 ] D: _tracksModel->getItem(i)->rect()1 3 QRect(0,236 1957x111)
[   177.59 ] D: _tracksModel->getItem(i)->rect()1 4 QRect(0,347 1957x111)
[   177.59 ] D: _tracksModel->getItem(i)->rect()1 5 QRect(0,458 1957x111)
[   177.59 ] D: _tracksModel->getItem(i)->rect()1 6 QRect(0,569 1957x111)
[   177.59 ] D: _tracksModel->getItem(i)->rect()1 7 QRect(0,680 1957x111)
[   177.59 ] D: _tracksModel->getItem(i)->rect()1 8 QRect(0,791 1957x111)
[   177.59 ] D: _tracksModel->getItem(i)->rect()1 9 QRect(0,902 1957x111)
[   177.59 ] D: setTracksRect
[   177.59 ] D: setTracksRect
[   177.59 ] D: sltStartContentYChanged4
[   177.61 ] D: sltStartContentYChanged1
[   177.61 ] D: sltStartContentYChanged2
[   177.61 ] D: sltStartContentYChanged3
[   177.61 ] D: _tracksModel->getItem(i)->rect()1 0 QRect(0,-94 1957x111)
[   177.61 ] D: _tracksModel->getItem(i)->rect()1 1 QRect(0,17 1957x111)
[   177.61 ] D: _tracksModel->getItem(i)->rect()1 2 QRect(0,128 1957x111)
[   177.61 ] D: _tracksModel->getItem(i)->rect()1 3 QRect(0,239 1957x111)
[   177.61 ] D: _tracksModel->getItem(i)->rect()1 4 QRect(0,350 1957x111)
[   177.61 ] D: _tracksModel->getItem(i)->rect()1 5 QRect(0,461 1957x111)
[   177.61 ] D: _tracksModel->getItem(i)->rect()1 6 QRect(0,572 1957x111)
[   177.61 ] D: _tracksModel->getItem(i)->rect()1 7 QRect(0,683 1957x111)
[   177.61 ] D: _tracksModel->getItem(i)->rect()1 8 QRect(0,794 1957x111)
[   177.61 ] D: _tracksModel->getItem(i)->rect()1 9 QRect(0,905 1957x111)
[   177.61 ] D: setTracksRect
[   177.61 ] D: setTracksRect
[   177.61 ] D: sltStartContentYChanged4
[   177.63 ] D: sltStartContentYChanged1
[   177.63 ] D: sltStartContentYChanged2
[   177.63 ] D: sltStartContentYChanged3
[   177.63 ] D: _tracksModel->getItem(i)->rect()1 0 QRect(0,-93 1957x111)
[   177.63 ] D: _tracksModel->getItem(i)->rect()1 1 QRect(0,18 1957x111)
[   177.63 ] D: _tracksModel->getItem(i)->rect()1 2 QRect(0,129 1957x111)
[   177.63 ] D: _tracksModel->getItem(i)->rect()1 3 QRect(0,240 1957x111)
[   177.63 ] D: _tracksModel->getItem(i)->rect()1 4 QRect(0,351 1957x111)
[   177.63 ] D: _tracksModel->getItem(i)->rect()1 5 QRect(0,462 1957x111)
[   177.63 ] D: _tracksModel->getItem(i)->rect()1 6 QRect(0,573 1957x111)
[   177.63 ] D: _tracksModel->getItem(i)->rect()1 7 QRect(0,684 1957x111)
[   177.63 ] D: _tracksModel->getItem(i)->rect()1 8 QRect(0,795 1957x111)
[   177.63 ] D: _tracksModel->getItem(i)->rect()1 9 QRect(0,906 1957x111)
[   177.63 ] D: setTracksRect
[   177.63 ] D: setTracksRect
[   177.63 ] D: sltStartContentYChanged4
[   177.65 ] D: sltStartContentYChanged1
[   177.65 ] D: sltStartContentYChanged2
[   177.65 ] D: sltStartContentYChanged3
[   177.65 ] D: _tracksModel->getItem(i)->rect()1 0 QRect(0,-91 1957x111)
[   177.65 ] D: _tracksModel->getItem(i)->rect()1 1 QRect(0,20 1957x111)
[   177.65 ] D: _tracksModel->getItem(i)->rect()1 2 QRect(0,131 1957x111)
[   177.65 ] D: _tracksModel->getItem(i)->rect()1 3 QRect(0,242 1957x111)
[   177.65 ] D: _tracksModel->getItem(i)->rect()1 4 QRect(0,353 1957x111)
[   177.65 ] D: _tracksModel->getItem(i)->rect()1 5 QRect(0,464 1957x111)
[   177.65 ] D: _tracksModel->getItem(i)->rect()1 6 QRect(0,575 1957x111)
[   177.65 ] D: _tracksModel->getItem(i)->rect()1 7 QRect(0,686 1957x111)
[   177.65 ] D: _tracksModel->getItem(i)->rect()1 8 QRect(0,797 1957x111)
[   177.65 ] D: _tracksModel->getItem(i)->rect()1 9 QRect(0,908 1957x111)
[   177.65 ] D: setTracksRect
[   177.65 ] D: setTracksRect
[   177.65 ] D: sltStartContentYChanged4
[   177.67 ] D: sltStartContentYChanged1
[   177.67 ] D: sltStartContentYChanged2
[   177.67 ] D: sltStartContentYChanged3
[   177.67 ] D: _tracksModel->getItem(i)->rect()1 0 QRect(0,-90 1957x111)
[   177.67 ] D: _tracksModel->getItem(i)->rect()1 1 QRect(0,21 1957x111)
[   177.67 ] D: _tracksModel->getItem(i)->rect()1 2 QRect(0,132 1957x111)
[   177.67 ] D: _tracksModel->getItem(i)->rect()1 3 QRect(0,243 1957x111)
[   177.67 ] D: _tracksModel->getItem(i)->rect()1 4 QRect(0,354 1957x111)
[   177.67 ] D: _tracksModel->getItem(i)->rect()1 5 QRect(0,465 1957x111)
[   177.67 ] D: _tracksModel->getItem(i)->rect()1 6 QRect(0,576 1957x111)
[   177.67 ] D: _tracksModel->getItem(i)->rect()1 7 QRect(0,687 1957x111)
[   177.67 ] D: _tracksModel->getItem(i)->rect()1 8 QRect(0,798 1957x111)
[   177.67 ] D: _tracksModel->getItem(i)->rect()1 9 QRect(0,909 1957x111)
[   177.67 ] D: setTracksRect
[   177.67 ] D: setTracksRect
[   177.67 ] D: sltStartContentYChanged4
[   177.68 ] D: sltStartContentYChanged1
[   177.68 ] D: sltStartContentYChanged2
[   177.68 ] D: sltStartContentYChanged3
[   177.68 ] D: _tracksModel->getItem(i)->rect()1 0 QRect(0,-85 1957x111)
[   177.68 ] D: _tracksModel->getItem(i)->rect()1 1 QRect(0,26 1957x111)
[   177.68 ] D: _tracksModel->getItem(i)->rect()1 2 QRect(0,137 1957x111)
[   177.68 ] D: _tracksModel->getItem(i)->rect()1 3 QRect(0,248 1957x111)
[   177.68 ] D: _tracksModel->getItem(i)->rect()1 4 QRect(0,359 1957x111)
[   177.68 ] D: _tracksModel->getItem(i)->rect()1 5 QRect(0,470 1957x111)
[   177.68 ] D: _tracksModel->getItem(i)->rect()1 6 QRect(0,581 1957x111)
[   177.68 ] D: _tracksModel->getItem(i)->rect()1 7 QRect(0,692 1957x111)
[   177.68 ] D: _tracksModel->getItem(i)->rect()1 8 QRect(0,803 1957x111)
[   177.68 ] D: _tracksModel->getItem(i)->rect()1 9 QRect(0,914 1957x111)
[   177.68 ] D: setTracksRect
[   177.68 ] D: setTracksRect
[   177.68 ] D: sltStartContentYChanged4
[   177.69 ] D: sltStartContentYChanged1
[   177.69 ] D: sltStartContentYChanged2
[   177.69 ] D: sltStartContentYChanged3
[   177.69 ] D: _tracksModel->getItem(i)->rect()1 0 QRect(0,-80 1957x111)
[   177.69 ] D: _tracksModel->getItem(i)->rect()1 1 QRect(0,31 1957x111)
[   177.69 ] D: _tracksModel->getItem(i)->rect()1 2 QRect(0,142 1957x111)
[   177.69 ] D: _tracksModel->getItem(i)->rect()1 3 QRect(0,253 1957x111)
[   177.69 ] D: _tracksModel->getItem(i)->rect()1 4 QRect(0,364 1957x111)
[   177.69 ] D: _tracksModel->getItem(i)->rect()1 5 QRect(0,475 1957x111)
[   177.69 ] D: _tracksModel->getItem(i)->rect()1 6 QRect(0,586 1957x111)
[   177.69 ] D: _tracksModel->getItem(i)->rect()1 7 QRect(0,697 1957x111)
[   177.69 ] D: _tracksModel->getItem(i)->rect()1 8 QRect(0,808 1957x111)
[   177.69 ] D: _tracksModel->getItem(i)->rect()1 9 QRect(0,919 1957x111)
[   177.69 ] D: setTracksRect
[   177.69 ] D: setTracksRect
[   177.69 ] D: sltStartContentYChanged4
[   177.71 ] D: sltStartContentYChanged1
[   177.71 ] D: sltStartContentYChanged2
[   177.72 ] D: sltStartContentYChanged3
[   177.72 ] D: _tracksModel->getItem(i)->rect()1 0 QRect(0,-76 1957x111)
[   177.72 ] D: _tracksModel->getItem(i)->rect()1 1 QRect(0,35 1957x111)
[   177.72 ] D: _tracksModel->getItem(i)->rect()1 2 QRect(0,146 1957x111)
[   177.72 ] D: _tracksModel->getItem(i)->rect()1 3 QRect(0,257 1957x111)
[   177.72 ] D: _tracksModel->getItem(i)->rect()1 4 QRect(0,368 1957x111)
[   177.72 ] D: _tracksModel->getItem(i)->rect()1 5 QRect(0,479 1957x111)
[   177.72 ] D: _tracksModel->getItem(i)->rect()1 6 QRect(0,590 1957x111)
[   177.72 ] D: _tracksModel->getItem(i)->rect()1 7 QRect(0,701 1957x111)
[   177.72 ] D: _tracksModel->getItem(i)->rect()1 8 QRect(0,812 1957x111)
[   177.72 ] D: _tracksModel->getItem(i)->rect()1 9 QRect(0,923 1957x111)
[   177.72 ] D: setTracksRect
[   177.72 ] D: setTracksRect
[   177.72 ] D: sltStartContentYChanged4
[   177.72 ] D: sltStartContentYChanged1
[   177.72 ] D: sltStartContentYChanged2
[   177.72 ] D: sltStartContentYChanged3
[   177.72 ] D: _tracksModel->getItem(i)->rect()1 0 QRect(0,-71 1957x111)
[   177.72 ] D: _tracksModel->getItem(i)->rect()1 1 QRect(0,40 1957x111)
[   177.72 ] D: _tracksModel->getItem(i)->rect()1 2 QRect(0,151 1957x111)
[   177.72 ] D: _tracksModel->getItem(i)->rect()1 3 QRect(0,262 1957x111)
[   177.72 ] D: _tracksModel->getItem(i)->rect()1 4 QRect(0,373 1957x111)
[   177.72 ] D: _tracksModel->getItem(i)->rect()1 5 QRect(0,484 1957x111)
[   177.72 ] D: _tracksModel->getItem(i)->rect()1 6 QRect(0,595 1957x111)
[   177.72 ] D: _tracksModel->getItem(i)->rect()1 7 QRect(0,706 1957x111)
[   177.72 ] D: _tracksModel->getItem(i)->rect()1 8 QRect(0,817 1957x111)
[   177.72 ] D: _tracksModel->getItem(i)->rect()1 9 QRect(0,928 1957x111)
[   177.72 ] D: setTracksRect
[   177.72 ] D: setTracksRect
[   177.72 ] D: sltStartContentYChanged4
[   177.74 ] D: sltStartContentYChanged1
[   177.74 ] D: sltStartContentYChanged2
[   177.74 ] D: sltStartContentYChanged3
[   177.74 ] D: _tracksModel->getItem(i)->rect()1 0 QRect(0,-66 1957x111)
[   177.74 ] D: _tracksModel->getItem(i)->rect()1 1 QRect(0,45 1957x111)
[   177.74 ] D: _tracksModel->getItem(i)->rect()1 2 QRect(0,156 1957x111)
[   177.74 ] D: _tracksModel->getItem(i)->rect()1 3 QRect(0,267 1957x111)
[   177.74 ] D: _tracksModel->getItem(i)->rect()1 4 QRect(0,378 1957x111)
[   177.74 ] D: _tracksModel->getItem(i)->rect()1 5 QRect(0,489 1957x111)
[   177.74 ] D: _tracksModel->getItem(i)->rect()1 6 QRect(0,600 1957x111)
[   177.74 ] D: _tracksModel->getItem(i)->rect()1 7 QRect(0,711 1957x111)
[   177.74 ] D: _tracksModel->getItem(i)->rect()1 8 QRect(0,822 1957x111)
[   177.74 ] D: _tracksModel->getItem(i)->rect()1 9 QRect(0,933 1957x111)
[   177.74 ] D: setTracksRect
[   177.74 ] D: setTracksRect
[   177.74 ] D: sltStartContentYChanged4
[   177.76 ] D: sltStartContentYChanged1
[   177.76 ] D: sltStartContentYChanged2
[   177.76 ] D: sltStartContentYChanged3
[   177.76 ] D: _tracksModel->getItem(i)->rect()1 0 QRect(0,-62 1957x111)
[   177.76 ] D: _tracksModel->getItem(i)->rect()1 1 QRect(0,49 1957x111)
[   177.76 ] D: _tracksModel->getItem(i)->rect()1 2 QRect(0,160 1957x111)
[   177.76 ] D: _tracksModel->getItem(i)->rect()1 3 QRect(0,271 1957x111)
[   177.76 ] D: _tracksModel->getItem(i)->rect()1 4 QRect(0,382 1957x111)
[   177.76 ] D: _tracksModel->getItem(i)->rect()1 5 QRect(0,493 1957x111)
[   177.76 ] D: _tracksModel->getItem(i)->rect()1 6 QRect(0,604 1957x111)
[   177.76 ] D: _tracksModel->getItem(i)->rect()1 7 QRect(0,715 1957x111)
[   177.76 ] D: _tracksModel->getItem(i)->rect()1 8 QRect(0,826 1957x111)
[   177.76 ] D: _tracksModel->getItem(i)->rect()1 9 QRect(0,937 1957x111)
[   177.76 ] D: setTracksRect
[   177.76 ] D: setTracksRect
[   177.76 ] D: sltStartContentYChanged4
[   177.77 ] D: sltStartContentYChanged1
[   177.77 ] D: sltStartContentYChanged2
[   177.77 ] D: sltStartContentYChanged3
[   177.77 ] D: _tracksModel->getItem(i)->rect()1 0 QRect(0,-59 1957x111)
[   177.77 ] D: _tracksModel->getItem(i)->rect()1 1 QRect(0,52 1957x111)
[   177.77 ] D: _tracksModel->getItem(i)->rect()1 2 QRect(0,163 1957x111)
[   177.77 ] D: _tracksModel->getItem(i)->rect()1 3 QRect(0,274 1957x111)
[   177.77 ] D: _tracksModel->getItem(i)->rect()1 4 QRect(0,385 1957x111)
[   177.77 ] D: _tracksModel->getItem(i)->rect()1 5 QRect(0,496 1957x111)
[   177.77 ] D: _tracksModel->getItem(i)->rect()1 6 QRect(0,607 1957x111)
[   177.77 ] D: _tracksModel->getItem(i)->rect()1 7 QRect(0,718 1957x111)
[   177.77 ] D: _tracksModel->getItem(i)->rect()1 8 QRect(0,829 1957x111)
[   177.77 ] D: _tracksModel->getItem(i)->rect()1 9 QRect(0,940 1957x111)
[   177.77 ] D: setTracksRect
[   177.77 ] D: setTracksRect
[   177.77 ] D: sltStartContentYChanged4
[   177.79 ] D: sltStartContentYChanged1
[   177.79 ] D: sltStartContentYChanged2
[   177.79 ] D: sltStartContentYChanged3
[   177.79 ] D: _tracksModel->getItem(i)->rect()1 0 QRect(0,-55 1957x111)
[   177.79 ] D: _tracksModel->getItem(i)->rect()1 1 QRect(0,56 1957x111)
[   177.79 ] D: _tracksModel->getItem(i)->rect()1 2 QRect(0,167 1957x111)
[   177.79 ] D: _tracksModel->getItem(i)->rect()1 3 QRect(0,278 1957x111)
[   177.79 ] D: _tracksModel->getItem(i)->rect()1 4 QRect(0,389 1957x111)
[   177.79 ] D: _tracksModel->getItem(i)->rect()1 5 QRect(0,500 1957x111)
[   177.79 ] D: _tracksModel->getItem(i)->rect()1 6 QRect(0,611 1957x111)
[   177.79 ] D: _tracksModel->getItem(i)->rect()1 7 QRect(0,722 1957x111)
[   177.79 ] D: _tracksModel->getItem(i)->rect()1 8 QRect(0,833 1957x111)
[   177.79 ] D: _tracksModel->getItem(i)->rect()1 9 QRect(0,944 1957x111)
[   177.79 ] D: setTracksRect
[   177.79 ] D: setTracksRect
[   177.79 ] D: sltStartContentYChanged4
[   177.81 ] D: sltStartContentYChanged1
[   177.81 ] D: sltStartContentYChanged2
[   177.82 ] D: sltStartContentYChanged3
[   177.82 ] D: _tracksModel->getItem(i)->rect()1 0 QRect(0,-53 1957x111)
[   177.82 ] D: _tracksModel->getItem(i)->rect()1 1 QRect(0,58 1957x111)
[   177.82 ] D: _tracksModel->getItem(i)->rect()1 2 QRect(0,169 1957x111)
[   177.82 ] D: _tracksModel->getItem(i)->rect()1 3 QRect(0,280 1957x111)
[   177.82 ] D: _tracksModel->getItem(i)->rect()1 4 QRect(0,391 1957x111)
[   177.82 ] D: _tracksModel->getItem(i)->rect()1 5 QRect(0,502 1957x111)
[   177.82 ] D: _tracksModel->getItem(i)->rect()1 6 QRect(0,613 1957x111)
[   177.82 ] D: _tracksModel->getItem(i)->rect()1 7 QRect(0,724 1957x111)
[   177.82 ] D: _tracksModel->getItem(i)->rect()1 8 QRect(0,835 1957x111)
[   177.82 ] D: _tracksModel->getItem(i)->rect()1 9 QRect(0,946 1957x111)
[   177.82 ] D: setTracksRect
[   177.82 ] D: setTracksRect
[   177.82 ] D: sltStartContentYChanged4
[   177.82 ] D: sltStartContentYChanged1
[   177.82 ] D: sltStartContentYChanged2
[   177.82 ] D: sltStartContentYChanged3
[   177.82 ] D: _tracksModel->getItem(i)->rect()1 0 QRect(0,-50 1957x111)
[   177.82 ] D: _tracksModel->getItem(i)->rect()1 1 QRect(0,61 1957x111)
[   177.82 ] D: _tracksModel->getItem(i)->rect()1 2 QRect(0,172 1957x111)
[   177.82 ] D: _tracksModel->getItem(i)->rect()1 3 QRect(0,283 1957x111)
[   177.82 ] D: _tracksModel->getItem(i)->rect()1 4 QRect(0,394 1957x111)
[   177.82 ] D: _tracksModel->getItem(i)->rect()1 5 QRect(0,505 1957x111)
[   177.82 ] D: _tracksModel->getItem(i)->rect()1 6 QRect(0,616 1957x111)
[   177.82 ] D: _tracksModel->getItem(i)->rect()1 7 QRect(0,727 1957x111)
[   177.82 ] D: _tracksModel->getItem(i)->rect()1 8 QRect(0,838 1957x111)
[   177.82 ] D: _tracksModel->getItem(i)->rect()1 9 QRect(0,949 1957x111)
[   177.82 ] D: setTracksRect
[   177.82 ] D: setTracksRect
[   177.82 ] D: sltStartContentYChanged4
[   177.85 ] D: sltStartContentYChanged1
[   177.85 ] D: sltStartContentYChanged2
[   177.85 ] D: sltStartContentYChanged3
[   177.85 ] D: _tracksModel->getItem(i)->rect()1 0 QRect(0,-49 1957x111)
[   177.85 ] D: _tracksModel->getItem(i)->rect()1 1 QRect(0,62 1957x111)
[   177.85 ] D: _tracksModel->getItem(i)->rect()1 2 QRect(0,173 1957x111)
[   177.85 ] D: _tracksModel->getItem(i)->rect()1 3 QRect(0,284 1957x111)
[   177.85 ] D: _tracksModel->getItem(i)->rect()1 4 QRect(0,395 1957x111)
[   177.85 ] D: _tracksModel->getItem(i)->rect()1 5 QRect(0,506 1957x111)
[   177.85 ] D: _tracksModel->getItem(i)->rect()1 6 QRect(0,617 1957x111)
[   177.85 ] D: _tracksModel->getItem(i)->rect()1 7 QRect(0,728 1957x111)
[   177.85 ] D: _tracksModel->getItem(i)->rect()1 8 QRect(0,839 1957x111)
[   177.85 ] D: _tracksModel->getItem(i)->rect()1 9 QRect(0,950 1957x111)
[   177.85 ] D: setTracksRect
[   177.85 ] D: setTracksRect
[   177.85 ] D: sltStartContentYChanged4
[   177.86 ] D: sltStartContentYChanged1
[   177.86 ] D: sltStartContentYChanged2
[   177.87 ] D: sltStartContentYChanged3
[   177.87 ] D: _tracksModel->getItem(i)->rect()1 0 QRect(0,-47 1957x111)
[   177.87 ] D: _tracksModel->getItem(i)->rect()1 1 QRect(0,64 1957x111)
[   177.87 ] D: _tracksModel->getItem(i)->rect()1 2 QRect(0,175 1957x111)
[   177.87 ] D: _tracksModel->getItem(i)->rect()1 3 QRect(0,286 1957x111)
[   177.87 ] D: _tracksModel->getItem(i)->rect()1 4 QRect(0,397 1957x111)
[   177.87 ] D: _tracksModel->getItem(i)->rect()1 5 QRect(0,508 1957x111)
[   177.87 ] D: _tracksModel->getItem(i)->rect()1 6 QRect(0,619 1957x111)
[   177.87 ] D: _tracksModel->getItem(i)->rect()1 7 QRect(0,730 1957x111)
[   177.87 ] D: _tracksModel->getItem(i)->rect()1 8 QRect(0,841 1957x111)
[   177.87 ] D: _tracksModel->getItem(i)->rect()1 9 QRect(0,952 1957x111)
[   177.87 ] D: setTracksRect
[   177.87 ] D: setTracksRect
[   177.87 ] D: sltStartContentYChanged4
[   177.87 ] D: sltStartContentYChanged1
[   177.87 ] D: sltStartContentYChanged2
[   177.87 ] D: sltStartContentYChanged3
[   177.87 ] D: _tracksModel->getItem(i)->rect()1 0 QRect(0,-46 1957x111)
[   177.87 ] D: _tracksModel->getItem(i)->rect()1 1 QRect(0,65 1957x111)
[   177.87 ] D: _tracksModel->getItem(i)->rect()1 2 QRect(0,176 1957x111)
[   177.87 ] D: _tracksModel->getItem(i)->rect()1 3 QRect(0,287 1957x111)
[   177.87 ] D: _tracksModel->getItem(i)->rect()1 4 QRect(0,398 1957x111)
[   177.87 ] D: _tracksModel->getItem(i)->rect()1 5 QRect(0,509 1957x111)
[   177.87 ] D: _tracksModel->getItem(i)->rect()1 6 QRect(0,620 1957x111)
[   177.87 ] D: _tracksModel->getItem(i)->rect()1 7 QRect(0,731 1957x111)
[   177.87 ] D: _tracksModel->getItem(i)->rect()1 8 QRect(0,842 1957x111)
[   177.87 ] D: _tracksModel->getItem(i)->rect()1 9 QRect(0,953 1957x111)
[   177.87 ] D: setTracksRect
[   177.87 ] D: setTracksRect
[   177.87 ] D: sltStartContentYChanged4
[   178.78 ] D: sltStartContentYChanged1
[   178.78 ] D: sltStartContentYChanged2
[   178.79 ] D: sltStartContentYChanged3
[   178.79 ] D: _tracksModel->getItem(i)->rect()1 0 QRect(0,-41 1957x111)
[   178.79 ] D: _tracksModel->getItem(i)->rect()1 1 QRect(0,70 1957x111)
[   178.79 ] D: _tracksModel->getItem(i)->rect()1 2 QRect(0,181 1957x111)
[   178.79 ] D: _tracksModel->getItem(i)->rect()1 3 QRect(0,292 1957x111)
[   178.79 ] D: _tracksModel->getItem(i)->rect()1 4 QRect(0,403 1957x111)
[   178.79 ] D: _tracksModel->getItem(i)->rect()1 5 QRect(0,514 1957x111)
[   178.79 ] D: _tracksModel->getItem(i)->rect()1 6 QRect(0,625 1957x111)
[   178.79 ] D: _tracksModel->getItem(i)->rect()1 7 QRect(0,736 1957x111)
[   178.79 ] D: _tracksModel->getItem(i)->rect()1 8 QRect(0,847 1957x111)
[   178.79 ] D: _tracksModel->getItem(i)->rect()1 9 QRect(0,958 1957x111)
[   178.79 ] D: setTracksRect
[   178.79 ] D: setTracksRect
[   178.79 ] D: sltStartContentYChanged4
[   178.82 ] D: sltStartContentYChanged1
[   178.82 ] D: sltStartContentYChanged2
[   178.82 ] D: sltStartContentYChanged3
[   178.82 ] D: _tracksModel->getItem(i)->rect()1 0 QRect(0,-36 1957x111)
[   178.82 ] D: _tracksModel->getItem(i)->rect()1 1 QRect(0,75 1957x111)
[   178.82 ] D: _tracksModel->getItem(i)->rect()1 2 QRect(0,186 1957x111)
[   178.82 ] D: _tracksModel->getItem(i)->rect()1 3 QRect(0,297 1957x111)
[   178.82 ] D: _tracksModel->getItem(i)->rect()1 4 QRect(0,408 1957x111)
[   178.82 ] D: _tracksModel->getItem(i)->rect()1 5 QRect(0,519 1957x111)
[   178.82 ] D: _tracksModel->getItem(i)->rect()1 6 QRect(0,630 1957x111)
[   178.82 ] D: _tracksModel->getItem(i)->rect()1 7 QRect(0,741 1957x111)
[   178.82 ] D: _tracksModel->getItem(i)->rect()1 8 QRect(0,852 1957x111)
[   178.82 ] D: _tracksModel->getItem(i)->rect()1 9 QRect(0,963 1957x111)
[   178.82 ] D: setTracksRect
[   178.82 ] D: setTracksRect
[   178.82 ] D: sltStartContentYChanged4
[   178.83 ] D: sltStartContentYChanged1
[   178.83 ] D: sltStartContentYChanged2
[   178.83 ] D: sltStartContentYChanged3
[   178.83 ] D: _tracksModel->getItem(i)->rect()1 0 QRect(0,-31 1957x111)
[   178.83 ] D: _tracksModel->getItem(i)->rect()1 1 QRect(0,80 1957x111)
[   178.83 ] D: _tracksModel->getItem(i)->rect()1 2 QRect(0,191 1957x111)
[   178.83 ] D: _tracksModel->getItem(i)->rect()1 3 QRect(0,302 1957x111)
[   178.83 ] D: _tracksModel->getItem(i)->rect()1 4 QRect(0,413 1957x111)
[   178.83 ] D: _tracksModel->getItem(i)->rect()1 5 QRect(0,524 1957x111)
[   178.83 ] D: _tracksModel->getItem(i)->rect()1 6 QRect(0,635 1957x111)
[   178.83 ] D: _tracksModel->getItem(i)->rect()1 7 QRect(0,746 1957x111)
[   178.83 ] D: _tracksModel->getItem(i)->rect()1 8 QRect(0,857 1957x111)
[   178.83 ] D: _tracksModel->getItem(i)->rect()1 9 QRect(0,968 1957x111)
[   178.83 ] D: setTracksRect
[   178.83 ] D: setTracksRect
[   178.83 ] D: sltStartContentYChanged4
[   178.84 ] D: sltStartContentYChanged1
[   178.84 ] D: sltStartContentYChanged2
[   178.84 ] D: sltStartContentYChanged3
[   178.84 ] D: _tracksModel->getItem(i)->rect()1 0 QRect(0,-26 1957x111)
[   178.84 ] D: _tracksModel->getItem(i)->rect()1 1 QRect(0,85 1957x111)
[   178.84 ] D: _tracksModel->getItem(i)->rect()1 2 QRect(0,196 1957x111)
[   178.84 ] D: _tracksModel->getItem(i)->rect()1 3 QRect(0,307 1957x111)
[   178.84 ] D: _tracksModel->getItem(i)->rect()1 4 QRect(0,418 1957x111)
[   178.84 ] D: _tracksModel->getItem(i)->rect()1 5 QRect(0,529 1957x111)
[   178.84 ] D: _tracksModel->getItem(i)->rect()1 6 QRect(0,640 1957x111)
[   178.84 ] D: _tracksModel->getItem(i)->rect()1 7 QRect(0,751 1957x111)
[   178.84 ] D: _tracksModel->getItem(i)->rect()1 8 QRect(0,862 1957x111)
[   178.84 ] D: _tracksModel->getItem(i)->rect()1 9 QRect(0,973 1957x111)
[   178.84 ] D: setTracksRect
[   178.84 ] D: setTracksRect
[   178.84 ] D: sltStartContentYChanged4
[   178.87 ] D: sltStartContentYChanged1
[   178.87 ] D: sltStartContentYChanged2
[   178.87 ] D: sltStartContentYChanged3
[   178.87 ] D: _tracksModel->getItem(i)->rect()1 0 QRect(0,-22 1957x111)
[   178.87 ] D: _tracksModel->getItem(i)->rect()1 1 QRect(0,89 1957x111)
[   178.87 ] D: _tracksModel->getItem(i)->rect()1 2 QRect(0,200 1957x111)
[   178.87 ] D: _tracksModel->getItem(i)->rect()1 3 QRect(0,311 1957x111)
[   178.87 ] D: _tracksModel->getItem(i)->rect()1 4 QRect(0,422 1957x111)
[   178.87 ] D: _tracksModel->getItem(i)->rect()1 5 QRect(0,533 1957x111)
[   178.87 ] D: _tracksModel->getItem(i)->rect()1 6 QRect(0,644 1957x111)
[   178.87 ] D: _tracksModel->getItem(i)->rect()1 7 QRect(0,755 1957x111)
[   178.87 ] D: _tracksModel->getItem(i)->rect()1 8 QRect(0,866 1957x111)
[   178.87 ] D: _tracksModel->getItem(i)->rect()1 9 QRect(0,977 1957x111)
[   178.87 ] D: setTracksRect
[   178.87 ] D: setTracksRect
[   178.87 ] D: sltStartContentYChanged4
[   178.88 ] D: sltStartContentYChanged1
[   178.88 ] D: sltStartContentYChanged2
[   178.88 ] D: sltStartContentYChanged3
[   178.88 ] D: _tracksModel->getItem(i)->rect()1 0 QRect(0,-18 1957x111)
[   178.88 ] D: _tracksModel->getItem(i)->rect()1 1 QRect(0,93 1957x111)
[   178.88 ] D: _tracksModel->getItem(i)->rect()1 2 QRect(0,204 1957x111)
[   178.88 ] D: _tracksModel->getItem(i)->rect()1 3 QRect(0,315 1957x111)
[   178.88 ] D: _tracksModel->getItem(i)->rect()1 4 QRect(0,426 1957x111)
[   178.88 ] D: _tracksModel->getItem(i)->rect()1 5 QRect(0,537 1957x111)
[   178.88 ] D: _tracksModel->getItem(i)->rect()1 6 QRect(0,648 1957x111)
[   178.88 ] D: _tracksModel->getItem(i)->rect()1 7 QRect(0,759 1957x111)
[   178.88 ] D: _tracksModel->getItem(i)->rect()1 8 QRect(0,870 1957x111)
[   178.88 ] D: _tracksModel->getItem(i)->rect()1 9 QRect(0,981 1957x111)
[   178.88 ] D: setTracksRect
[   178.88 ] D: setTracksRect
[   178.89 ] D: sltStartContentYChanged4
[   178.89 ] D: sltStartContentYChanged1
[   178.89 ] D: sltStartContentYChanged2
[   178.89 ] D: sltStartContentYChanged3
[   178.89 ] D: _tracksModel->getItem(i)->rect()1 0 QRect(0,-14 1957x111)
[   178.89 ] D: _tracksModel->getItem(i)->rect()1 1 QRect(0,97 1957x111)
[   178.89 ] D: _tracksModel->getItem(i)->rect()1 2 QRect(0,208 1957x111)
[   178.89 ] D: _tracksModel->getItem(i)->rect()1 3 QRect(0,319 1957x111)
[   178.89 ] D: _tracksModel->getItem(i)->rect()1 4 QRect(0,430 1957x111)
[   178.89 ] D: _tracksModel->getItem(i)->rect()1 5 QRect(0,541 1957x111)
[   178.89 ] D: _tracksModel->getItem(i)->rect()1 6 QRect(0,652 1957x111)
[   178.89 ] D: _tracksModel->getItem(i)->rect()1 7 QRect(0,763 1957x111)
[   178.89 ] D: _tracksModel->getItem(i)->rect()1 8 QRect(0,874 1957x111)
[   178.89 ] D: _tracksModel->getItem(i)->rect()1 9 QRect(0,985 1957x111)
[   178.89 ] D: setTracksRect
[   178.89 ] D: setTracksRect
[   178.89 ] D: sltStartContentYChanged4
[   178.92 ] D: sltStartContentYChanged1
[   178.92 ] D: sltStartContentYChanged2
[   178.92 ] D: sltStartContentYChanged3
[   178.92 ] D: _tracksModel->getItem(i)->rect()1 0 QRect(0,-11 1957x111)
[   178.92 ] D: _tracksModel->getItem(i)->rect()1 1 QRect(0,100 1957x111)
[   178.92 ] D: _tracksModel->getItem(i)->rect()1 2 QRect(0,211 1957x111)
[   178.92 ] D: _tracksModel->getItem(i)->rect()1 3 QRect(0,322 1957x111)
[   178.92 ] D: _tracksModel->getItem(i)->rect()1 4 QRect(0,433 1957x111)
[   178.92 ] D: _tracksModel->getItem(i)->rect()1 5 QRect(0,544 1957x111)
[   178.92 ] D: _tracksModel->getItem(i)->rect()1 6 QRect(0,655 1957x111)
[   178.92 ] D: _tracksModel->getItem(i)->rect()1 7 QRect(0,766 1957x111)
[   178.92 ] D: _tracksModel->getItem(i)->rect()1 8 QRect(0,877 1957x111)
[   178.92 ] D: _tracksModel->getItem(i)->rect()1 9 QRect(0,988 1957x111)
[   178.92 ] D: setTracksRect
[   178.92 ] D: setTracksRect
[   178.92 ] D: sltStartContentYChanged4
[   178.94 ] D: sltStartContentYChanged1
[   178.94 ] D: sltStartContentYChanged2
[   178.94 ] D: sltStartContentYChanged3
[   178.94 ] D: _tracksModel->getItem(i)->rect()1 0 QRect(0,-8 1957x111)
[   178.94 ] D: _tracksModel->getItem(i)->rect()1 1 QRect(0,103 1957x111)
[   178.94 ] D: _tracksModel->getItem(i)->rect()1 2 QRect(0,214 1957x111)
[   178.94 ] D: _tracksModel->getItem(i)->rect()1 3 QRect(0,325 1957x111)
[   178.94 ] D: _tracksModel->getItem(i)->rect()1 4 QRect(0,436 1957x111)
[   178.94 ] D: _tracksModel->getItem(i)->rect()1 5 QRect(0,547 1957x111)
[   178.94 ] D: _tracksModel->getItem(i)->rect()1 6 QRect(0,658 1957x111)
[   178.94 ] D: _tracksModel->getItem(i)->rect()1 7 QRect(0,769 1957x111)
[   178.94 ] D: _tracksModel->getItem(i)->rect()1 8 QRect(0,880 1957x111)
[   178.94 ] D: _tracksModel->getItem(i)->rect()1 9 QRect(0,991 1957x111)
[   178.94 ] D: setTracksRect
[   178.94 ] D: setTracksRect
[   178.94 ] D: sltStartContentYChanged4
[   178.95 ] D: sltStartContentYChanged1
[   178.95 ] D: sltStartContentYChanged2
[   178.95 ] D: sltStartContentYChanged3
[   178.95 ] D: _tracksModel->getItem(i)->rect()1 0 QRect(0,-6 1957x111)
[   178.95 ] D: _tracksModel->getItem(i)->rect()1 1 QRect(0,105 1957x111)
[   178.95 ] D: _tracksModel->getItem(i)->rect()1 2 QRect(0,216 1957x111)
[   178.95 ] D: _tracksModel->getItem(i)->rect()1 3 QRect(0,327 1957x111)
[   178.95 ] D: _tracksModel->getItem(i)->rect()1 4 QRect(0,438 1957x111)
[   178.95 ] D: _tracksModel->getItem(i)->rect()1 5 QRect(0,549 1957x111)
[   178.95 ] D: _tracksModel->getItem(i)->rect()1 6 QRect(0,660 1957x111)
[   178.95 ] D: _tracksModel->getItem(i)->rect()1 7 QRect(0,771 1957x111)
[   178.95 ] D: _tracksModel->getItem(i)->rect()1 8 QRect(0,882 1957x111)
[   178.95 ] D: _tracksModel->getItem(i)->rect()1 9 QRect(0,993 1957x111)
[   178.95 ] D: setTracksRect
[   178.95 ] D: setTracksRect
[   178.95 ] D: sltStartContentYChanged4
[   178.96 ] D: sltStartContentYChanged1
[   178.96 ] D: sltStartContentYChanged2
[   178.97 ] D: sltStartContentYChanged3
[   178.97 ] D: _tracksModel->getItem(i)->rect()1 0 QRect(0,-4 1957x111)
[   178.97 ] D: _tracksModel->getItem(i)->rect()1 1 QRect(0,107 1957x111)
[   178.97 ] D: _tracksModel->getItem(i)->rect()1 2 QRect(0,218 1957x111)
[   178.97 ] D: _tracksModel->getItem(i)->rect()1 3 QRect(0,329 1957x111)
[   178.97 ] D: _tracksModel->getItem(i)->rect()1 4 QRect(0,440 1957x111)
[   178.97 ] D: _tracksModel->getItem(i)->rect()1 5 QRect(0,551 1957x111)
[   178.97 ] D: _tracksModel->getItem(i)->rect()1 6 QRect(0,662 1957x111)
[   178.97 ] D: _tracksModel->getItem(i)->rect()1 7 QRect(0,773 1957x111)
[   178.97 ] D: _tracksModel->getItem(i)->rect()1 8 QRect(0,884 1957x111)
[   178.97 ] D: _tracksModel->getItem(i)->rect()1 9 QRect(0,995 1957x111)
[   178.97 ] D: setTracksRect
[   178.97 ] D: setTracksRect
[   178.97 ] D: sltStartContentYChanged4
[   178.98 ] D: sltStartContentYChanged1
[   178.98 ] D: sltStartContentYChanged2
[   178.98 ] D: sltStartContentYChanged3
[   178.98 ] D: _tracksModel->getItem(i)->rect()1 0 QRect(0,-3 1957x111)
[   178.98 ] D: _tracksModel->getItem(i)->rect()1 1 QRect(0,108 1957x111)
[   178.98 ] D: _tracksModel->getItem(i)->rect()1 2 QRect(0,219 1957x111)
[   178.98 ] D: _tracksModel->getItem(i)->rect()1 3 QRect(0,330 1957x111)
[   178.98 ] D: _tracksModel->getItem(i)->rect()1 4 QRect(0,441 1957x111)
[   178.98 ] D: _tracksModel->getItem(i)->rect()1 5 QRect(0,552 1957x111)
[   178.98 ] D: _tracksModel->getItem(i)->rect()1 6 QRect(0,663 1957x111)
[   178.98 ] D: _tracksModel->getItem(i)->rect()1 7 QRect(0,774 1957x111)
[   178.98 ] D: _tracksModel->getItem(i)->rect()1 8 QRect(0,885 1957x111)
[   178.98 ] D: _tracksModel->getItem(i)->rect()1 9 QRect(0,996 1957x111)
[   178.98 ] D: setTracksRect
[   178.98 ] D: setTracksRect
[   178.98 ] D: sltStartContentYChanged4
[   178.99 ] D: sltStartContentYChanged1
[   178.99 ] D: sltStartContentYChanged2
[   178.99 ] D: sltStartContentYChanged3
[   178.99 ] D: _tracksModel->getItem(i)->rect()1 0 QRect(0,-2 1957x111)
[   178.99 ] D: _tracksModel->getItem(i)->rect()1 1 QRect(0,109 1957x111)
[   178.99 ] D: _tracksModel->getItem(i)->rect()1 2 QRect(0,220 1957x111)
[   178.99 ] D: _tracksModel->getItem(i)->rect()1 3 QRect(0,331 1957x111)
[   178.99 ] D: _tracksModel->getItem(i)->rect()1 4 QRect(0,442 1957x111)
[   178.99 ] D: _tracksModel->getItem(i)->rect()1 5 QRect(0,553 1957x111)
[   178.99 ] D: _tracksModel->getItem(i)->rect()1 6 QRect(0,664 1957x111)
[   178.99 ] D: _tracksModel->getItem(i)->rect()1 7 QRect(0,775 1957x111)
[   178.99 ] D: _tracksModel->getItem(i)->rect()1 8 QRect(0,886 1957x111)
[   178.99 ] D: _tracksModel->getItem(i)->rect()1 9 QRect(0,997 1957x111)
[   178.99 ] D: setTracksRect
[   178.99 ] D: setTracksRect
[   178.99 ] D: sltStartContentYChanged4
[   179.08 ] D: sltStartContentYChanged1
[   179.08 ] D: sltStartContentYChanged2
[   179.08 ] D: sltStartContentYChanged3
[   179.08 ] D: _tracksModel->getItem(i)->rect()1 0 QRect(0,0 1957x111)
[   179.08 ] D: _tracksModel->getItem(i)->rect()1 1 QRect(0,111 1957x111)
[   179.08 ] D: _tracksModel->getItem(i)->rect()1 2 QRect(0,222 1957x111)
[   179.08 ] D: _tracksModel->getItem(i)->rect()1 3 QRect(0,333 1957x111)
[   179.08 ] D: _tracksModel->getItem(i)->rect()1 4 QRect(0,444 1957x111)
[   179.08 ] D: _tracksModel->getItem(i)->rect()1 5 QRect(0,555 1957x111)
[   179.08 ] D: _tracksModel->getItem(i)->rect()1 6 QRect(0,666 1957x111)
[   179.08 ] D: _tracksModel->getItem(i)->rect()1 7 QRect(0,777 1957x111)
[   179.08 ] D: _tracksModel->getItem(i)->rect()1 8 QRect(0,888 1957x111)
[   179.08 ] D: _tracksModel->getItem(i)->rect()1 9 QRect(0,999 1957x111)
[   179.08 ] D: setTracksRect
[   179.08 ] D: setTracksRect
[   179.08 ] D: sltStartContentYChanged4
[   180.21 ] D: sltStartContentYChanged1
[   180.21 ] D: sltStartContentYChanged2
[   180.21 ] D: sltStartContentYChanged3
[   180.21 ] D: _tracksModel->getItem(i)->rect()1 0 QRect(0,-4 1957x111)
[   180.22 ] D: _tracksModel->getItem(i)->rect()1 1 QRect(0,107 1957x111)
[   180.22 ] D: _tracksModel->getItem(i)->rect()1 2 QRect(0,218 1957x111)
[   180.22 ] D: _tracksModel->getItem(i)->rect()1 3 QRect(0,329 1957x111)
[   180.22 ] D: _tracksModel->getItem(i)->rect()1 4 QRect(0,440 1957x111)
[   180.22 ] D: _tracksModel->getItem(i)->rect()1 5 QRect(0,551 1957x111)
[   180.22 ] D: _tracksModel->getItem(i)->rect()1 6 QRect(0,662 1957x111)
[   180.22 ] D: _tracksModel->getItem(i)->rect()1 7 QRect(0,773 1957x111)
[   180.22 ] D: _tracksModel->getItem(i)->rect()1 8 QRect(0,884 1957x111)
[   180.22 ] D: _tracksModel->getItem(i)->rect()1 9 QRect(0,995 1957x111)
[   180.22 ] D: setTracksRect
[   180.22 ] D: setTracksRect
[   180.22 ] D: sltStartContentYChanged4
[   180.22 ] D: sltStartContentYChanged1
[   180.22 ] D: sltStartContentYChanged2
[   180.22 ] D: sltStartContentYChanged3
[   180.22 ] D: _tracksModel->getItem(i)->rect()1 0 QRect(0,-9 1957x111)
[   180.22 ] D: _tracksModel->getItem(i)->rect()1 1 QRect(0,102 1957x111)
[   180.22 ] D: _tracksModel->getItem(i)->rect()1 2 QRect(0,213 1957x111)
[   180.22 ] D: _tracksModel->getItem(i)->rect()1 3 QRect(0,324 1957x111)
[   180.22 ] D: _tracksModel->getItem(i)->rect()1 4 QRect(0,435 1957x111)
[   180.22 ] D: _tracksModel->getItem(i)->rect()1 5 QRect(0,546 1957x111)
[   180.22 ] D: _tracksModel->getItem(i)->rect()1 6 QRect(0,657 1957x111)
[   180.22 ] D: _tracksModel->getItem(i)->rect()1 7 QRect(0,768 1957x111)
[   180.22 ] D: _tracksModel->getItem(i)->rect()1 8 QRect(0,879 1957x111)
[   180.22 ] D: _tracksModel->getItem(i)->rect()1 9 QRect(0,990 1957x111)
[   180.22 ] D: setTracksRect
[   180.22 ] D: setTracksRect
[   180.22 ] D: sltStartContentYChanged4
[   180.23 ] D: sltStartContentYChanged1
[   180.24 ] D: sltStartContentYChanged2
[   180.24 ] D: sltStartContentYChanged3
[   180.24 ] D: _tracksModel->getItem(i)->rect()1 0 QRect(0,-14 1957x111)
[   180.24 ] D: _tracksModel->getItem(i)->rect()1 1 QRect(0,97 1957x111)
[   180.24 ] D: _tracksModel->getItem(i)->rect()1 2 QRect(0,208 1957x111)
[   180.24 ] D: _tracksModel->getItem(i)->rect()1 3 QRect(0,319 1957x111)
[   180.24 ] D: _tracksModel->getItem(i)->rect()1 4 QRect(0,430 1957x111)
[   180.24 ] D: _tracksModel->getItem(i)->rect()1 5 QRect(0,541 1957x111)
[   180.24 ] D: _tracksModel->getItem(i)->rect()1 6 QRect(0,652 1957x111)
[   180.24 ] D: _tracksModel->getItem(i)->rect()1 7 QRect(0,763 1957x111)
[   180.24 ] D: _tracksModel->getItem(i)->rect()1 8 QRect(0,874 1957x111)
[   180.24 ] D: _tracksModel->getItem(i)->rect()1 9 QRect(0,985 1957x111)
[   180.24 ] D: setTracksRect
[   180.24 ] D: setTracksRect
[   180.24 ] D: sltStartContentYChanged4
[   180.26 ] D: sltStartContentYChanged1
[   180.26 ] D: sltStartContentYChanged2
[   180.26 ] D: sltStartContentYChanged3
[   180.26 ] D: _tracksModel->getItem(i)->rect()1 0 QRect(0,-19 1957x111)
[   180.26 ] D: _tracksModel->getItem(i)->rect()1 1 QRect(0,92 1957x111)
[   180.26 ] D: _tracksModel->getItem(i)->rect()1 2 QRect(0,203 1957x111)
[   180.26 ] D: _tracksModel->getItem(i)->rect()1 3 QRect(0,314 1957x111)
[   180.26 ] D: _tracksModel->getItem(i)->rect()1 4 QRect(0,425 1957x111)
[   180.26 ] D: _tracksModel->getItem(i)->rect()1 5 QRect(0,536 1957x111)
[   180.26 ] D: _tracksModel->getItem(i)->rect()1 6 QRect(0,647 1957x111)
[   180.26 ] D: _tracksModel->getItem(i)->rect()1 7 QRect(0,758 1957x111)
[   180.26 ] D: _tracksModel->getItem(i)->rect()1 8 QRect(0,869 1957x111)
[   180.26 ] D: _tracksModel->getItem(i)->rect()1 9 QRect(0,980 1957x111)
[   180.26 ] D: setTracksRect
[   180.26 ] D: setTracksRect
[   180.26 ] D: sltStartContentYChanged4
[   180.28 ] D: sltStartContentYChanged1
[   180.28 ] D: sltStartContentYChanged2
[   180.29 ] D: sltStartContentYChanged3
[   180.29 ] D: _tracksModel->getItem(i)->rect()1 0 QRect(0,-23 1957x111)
[   180.29 ] D: _tracksModel->getItem(i)->rect()1 1 QRect(0,88 1957x111)
[   180.29 ] D: _tracksModel->getItem(i)->rect()1 2 QRect(0,199 1957x111)
[   180.29 ] D: _tracksModel->getItem(i)->rect()1 3 QRect(0,310 1957x111)
[   180.29 ] D: _tracksModel->getItem(i)->rect()1 4 QRect(0,421 1957x111)
[   180.29 ] D: _tracksModel->getItem(i)->rect()1 5 QRect(0,532 1957x111)
[   180.29 ] D: _tracksModel->getItem(i)->rect()1 6 QRect(0,643 1957x111)
[   180.29 ] D: _tracksModel->getItem(i)->rect()1 7 QRect(0,754 1957x111)
[   180.29 ] D: _tracksModel->getItem(i)->rect()1 8 QRect(0,865 1957x111)
[   180.29 ] D: _tracksModel->getItem(i)->rect()1 9 QRect(0,976 1957x111)
[   180.29 ] D: setTracksRect
[   180.29 ] D: setTracksRect
[   180.29 ] D: sltStartContentYChanged4
[   180.29 ] D: sltStartContentYChanged1
[   180.29 ] D: sltStartContentYChanged2
[   180.29 ] D: sltStartContentYChanged3
[   180.29 ] D: _tracksModel->getItem(i)->rect()1 0 QRect(0,-27 1957x111)
[   180.29 ] D: _tracksModel->getItem(i)->rect()1 1 QRect(0,84 1957x111)
[   180.29 ] D: _tracksModel->getItem(i)->rect()1 2 QRect(0,195 1957x111)
[   180.29 ] D: _tracksModel->getItem(i)->rect()1 3 QRect(0,306 1957x111)
[   180.29 ] D: _tracksModel->getItem(i)->rect()1 4 QRect(0,417 1957x111)
[   180.29 ] D: _tracksModel->getItem(i)->rect()1 5 QRect(0,528 1957x111)
[   180.29 ] D: _tracksModel->getItem(i)->rect()1 6 QRect(0,639 1957x111)
[   180.29 ] D: _tracksModel->getItem(i)->rect()1 7 QRect(0,750 1957x111)
[   180.29 ] D: _tracksModel->getItem(i)->rect()1 8 QRect(0,861 1957x111)
[   180.29 ] D: _tracksModel->getItem(i)->rect()1 9 QRect(0,972 1957x111)
[   180.29 ] D: setTracksRect
[   180.29 ] D: setTracksRect
[   180.29 ] D: sltStartContentYChanged4
[   180.32 ] D: sltStartContentYChanged1
[   180.32 ] D: sltStartContentYChanged2
[   180.32 ] D: sltStartContentYChanged3
[   180.32 ] D: _tracksModel->getItem(i)->rect()1 0 QRect(0,-31 1957x111)
[   180.32 ] D: _tracksModel->getItem(i)->rect()1 1 QRect(0,80 1957x111)
[   180.32 ] D: _tracksModel->getItem(i)->rect()1 2 QRect(0,191 1957x111)
[   180.32 ] D: _tracksModel->getItem(i)->rect()1 3 QRect(0,302 1957x111)
[   180.32 ] D: _tracksModel->getItem(i)->rect()1 4 QRect(0,413 1957x111)
[   180.32 ] D: _tracksModel->getItem(i)->rect()1 5 QRect(0,524 1957x111)
[   180.32 ] D: _tracksModel->getItem(i)->rect()1 6 QRect(0,635 1957x111)
[   180.32 ] D: _tracksModel->getItem(i)->rect()1 7 QRect(0,746 1957x111)
[   180.32 ] D: _tracksModel->getItem(i)->rect()1 8 QRect(0,857 1957x111)
[   180.32 ] D: _tracksModel->getItem(i)->rect()1 9 QRect(0,968 1957x111)
[   180.32 ] D: setTracksRect
[   180.32 ] D: setTracksRect
[   180.32 ] D: sltStartContentYChanged4
[   180.33 ] D: sltStartContentYChanged1
[   180.33 ] D: sltStartContentYChanged2
[   180.33 ] D: sltStartContentYChanged3
[   180.33 ] D: _tracksModel->getItem(i)->rect()1 0 QRect(0,-34 1957x111)
[   180.33 ] D: _tracksModel->getItem(i)->rect()1 1 QRect(0,77 1957x111)
[   180.33 ] D: _tracksModel->getItem(i)->rect()1 2 QRect(0,188 1957x111)
[   180.33 ] D: _tracksModel->getItem(i)->rect()1 3 QRect(0,299 1957x111)
[   180.33 ] D: _tracksModel->getItem(i)->rect()1 4 QRect(0,410 1957x111)
[   180.33 ] D: _tracksModel->getItem(i)->rect()1 5 QRect(0,521 1957x111)
[   180.33 ] D: _tracksModel->getItem(i)->rect()1 6 QRect(0,632 1957x111)
[   180.33 ] D: _tracksModel->getItem(i)->rect()1 7 QRect(0,743 1957x111)
[   180.33 ] D: _tracksModel->getItem(i)->rect()1 8 QRect(0,854 1957x111)
[   180.33 ] D: _tracksModel->getItem(i)->rect()1 9 QRect(0,965 1957x111)
[   180.33 ] D: setTracksRect
[   180.33 ] D: setTracksRect
[   180.33 ] D: sltStartContentYChanged4
[   180.33 ] D: sltStartContentYChanged1
[   180.34 ] D: sltStartContentYChanged2
[   180.34 ] D: sltStartContentYChanged3
[   180.34 ] D: _tracksModel->getItem(i)->rect()1 0 QRect(0,-37 1957x111)
[   180.34 ] D: _tracksModel->getItem(i)->rect()1 1 QRect(0,74 1957x111)
[   180.34 ] D: _tracksModel->getItem(i)->rect()1 2 QRect(0,185 1957x111)
[   180.34 ] D: _tracksModel->getItem(i)->rect()1 3 QRect(0,296 1957x111)
[   180.34 ] D: _tracksModel->getItem(i)->rect()1 4 QRect(0,407 1957x111)
[   180.34 ] D: _tracksModel->getItem(i)->rect()1 5 QRect(0,518 1957x111)
[   180.34 ] D: _tracksModel->getItem(i)->rect()1 6 QRect(0,629 1957x111)
[   180.34 ] D: _tracksModel->getItem(i)->rect()1 7 QRect(0,740 1957x111)
[   180.34 ] D: _tracksModel->getItem(i)->rect()1 8 QRect(0,851 1957x111)
[   180.34 ] D: _tracksModel->getItem(i)->rect()1 9 QRect(0,962 1957x111)
[   180.34 ] D: setTracksRect
[   180.34 ] D: setTracksRect
[   180.34 ] D: sltStartContentYChanged4
[   180.37 ] D: sltStartContentYChanged1
[   180.37 ] D: sltStartContentYChanged2
[   180.37 ] D: sltStartContentYChanged3
[   180.37 ] D: _tracksModel->getItem(i)->rect()1 0 QRect(0,-39 1957x111)
[   180.37 ] D: _tracksModel->getItem(i)->rect()1 1 QRect(0,72 1957x111)
[   180.37 ] D: _tracksModel->getItem(i)->rect()1 2 QRect(0,183 1957x111)
[   180.37 ] D: _tracksModel->getItem(i)->rect()1 3 QRect(0,294 1957x111)
[   180.37 ] D: _tracksModel->getItem(i)->rect()1 4 QRect(0,405 1957x111)
[   180.37 ] D: _tracksModel->getItem(i)->rect()1 5 QRect(0,516 1957x111)
[   180.37 ] D: _tracksModel->getItem(i)->rect()1 6 QRect(0,627 1957x111)
[   180.37 ] D: _tracksModel->getItem(i)->rect()1 7 QRect(0,738 1957x111)
[   180.37 ] D: _tracksModel->getItem(i)->rect()1 8 QRect(0,849 1957x111)
[   180.37 ] D: _tracksModel->getItem(i)->rect()1 9 QRect(0,960 1957x111)
[   180.37 ] D: setTracksRect
[   180.37 ] D: setTracksRect
[   180.37 ] D: sltStartContentYChanged4
[   180.38 ] D: sltStartContentYChanged1
[   180.38 ] D: sltStartContentYChanged2
[   180.38 ] D: sltStartContentYChanged3
[   180.38 ] D: _tracksModel->getItem(i)->rect()1 0 QRect(0,-41 1957x111)
[   180.38 ] D: _tracksModel->getItem(i)->rect()1 1 QRect(0,70 1957x111)
[   180.38 ] D: _tracksModel->getItem(i)->rect()1 2 QRect(0,181 1957x111)
[   180.38 ] D: _tracksModel->getItem(i)->rect()1 3 QRect(0,292 1957x111)
[   180.38 ] D: _tracksModel->getItem(i)->rect()1 4 QRect(0,403 1957x111)
[   180.38 ] D: _tracksModel->getItem(i)->rect()1 5 QRect(0,514 1957x111)
[   180.38 ] D: _tracksModel->getItem(i)->rect()1 6 QRect(0,625 1957x111)
[   180.38 ] D: _tracksModel->getItem(i)->rect()1 7 QRect(0,736 1957x111)
[   180.38 ] D: _tracksModel->getItem(i)->rect()1 8 QRect(0,847 1957x111)
[   180.38 ] D: _tracksModel->getItem(i)->rect()1 9 QRect(0,958 1957x111)
[   180.38 ] D: setTracksRect
[   180.38 ] D: setTracksRect
[   180.38 ] D: sltStartContentYChanged4
[   180.39 ] D: sltStartContentYChanged1
[   180.39 ] D: sltStartContentYChanged2
[   180.39 ] D: sltStartContentYChanged3
[   180.39 ] D: _tracksModel->getItem(i)->rect()1 0 QRect(0,-42 1957x111)
[   180.39 ] D: _tracksModel->getItem(i)->rect()1 1 QRect(0,69 1957x111)
[   180.39 ] D: _tracksModel->getItem(i)->rect()1 2 QRect(0,180 1957x111)
[   180.39 ] D: _tracksModel->getItem(i)->rect()1 3 QRect(0,291 1957x111)
[   180.39 ] D: _tracksModel->getItem(i)->rect()1 4 QRect(0,402 1957x111)
[   180.39 ] D: _tracksModel->getItem(i)->rect()1 5 QRect(0,513 1957x111)
[   180.39 ] D: _tracksModel->getItem(i)->rect()1 6 QRect(0,624 1957x111)
[   180.39 ] D: _tracksModel->getItem(i)->rect()1 7 QRect(0,735 1957x111)
[   180.39 ] D: _tracksModel->getItem(i)->rect()1 8 QRect(0,846 1957x111)
[   180.39 ] D: _tracksModel->getItem(i)->rect()1 9 QRect(0,957 1957x111)
[   180.39 ] D: setTracksRect
[   180.39 ] D: setTracksRect
[   180.39 ] D: sltStartContentYChanged4
[   180.42 ] D: sltStartContentYChanged1
[   180.42 ] D: sltStartContentYChanged2
[   180.42 ] D: sltStartContentYChanged3
[   180.42 ] D: _tracksModel->getItem(i)->rect()1 0 QRect(0,-43 1957x111)
[   180.42 ] D: _tracksModel->getItem(i)->rect()1 1 QRect(0,68 1957x111)
[   180.42 ] D: _tracksModel->getItem(i)->rect()1 2 QRect(0,179 1957x111)
[   180.42 ] D: _tracksModel->getItem(i)->rect()1 3 QRect(0,290 1957x111)
[   180.42 ] D: _tracksModel->getItem(i)->rect()1 4 QRect(0,401 1957x111)
[   180.42 ] D: _tracksModel->getItem(i)->rect()1 5 QRect(0,512 1957x111)
[   180.42 ] D: _tracksModel->getItem(i)->rect()1 6 QRect(0,623 1957x111)
[   180.42 ] D: _tracksModel->getItem(i)->rect()1 7 QRect(0,734 1957x111)
[   180.42 ] D: _tracksModel->getItem(i)->rect()1 8 QRect(0,845 1957x111)
[   180.42 ] D: _tracksModel->getItem(i)->rect()1 9 QRect(0,956 1957x111)
[   180.42 ] D: setTracksRect
[   180.42 ] D: setTracksRect
[   180.42 ] D: sltStartContentYChanged4
[   180.43 ] D: sltStartContentYChanged1
[   180.43 ] D: sltStartContentYChanged2
[   180.43 ] D: sltStartContentYChanged3
[   180.43 ] D: _tracksModel->getItem(i)->rect()1 0 QRect(0,-44 1957x111)
[   180.43 ] D: _tracksModel->getItem(i)->rect()1 1 QRect(0,67 1957x111)
[   180.43 ] D: _tracksModel->getItem(i)->rect()1 2 QRect(0,178 1957x111)
[   180.43 ] D: _tracksModel->getItem(i)->rect()1 3 QRect(0,289 1957x111)
[   180.43 ] D: _tracksModel->getItem(i)->rect()1 4 QRect(0,400 1957x111)
[   180.43 ] D: _tracksModel->getItem(i)->rect()1 5 QRect(0,511 1957x111)
[   180.43 ] D: _tracksModel->getItem(i)->rect()1 6 QRect(0,622 1957x111)
[   180.43 ] D: _tracksModel->getItem(i)->rect()1 7 QRect(0,733 1957x111)
[   180.43 ] D: _tracksModel->getItem(i)->rect()1 8 QRect(0,844 1957x111)
[   180.43 ] D: _tracksModel->getItem(i)->rect()1 9 QRect(0,955 1957x111)
[   180.43 ] D: setTracksRect
[   180.43 ] D: setTracksRect
[   180.43 ] D: sltStartContentYChanged4
[   458.05 ] D: findTrackIndexByPoint 0 QRect(0,-44 1957x111) false QPointF(535,175)
[   458.05 ] D: findTrackIndexByPoint 1 QRect(0,67 1957x111) true QPointF(535,175)
[   458.14 ] D: mouseReleaseEvent
[   462.45 ] D: LambdaFunctionPointerVoidReturnType class `public: __cdecl DGE::QtWrapper::QMLScene::QNode3D::QNode3D(class DGE::QtWrapper::QMLScene::QINode3D * __ptr64) __ptr64'::`2'::<lambda_1> Is Destroyed
[   462.45 ] D: LambdaFunctionPointerVoidReturnType class `public: __cdecl DGE::QtWrapper::QMLScene::QNode3D::QNode3D(class DGE::QtWrapper::QMLScene::QINode3D * __ptr64) __ptr64'::`2'::<lambda_1> Is Destroyed
[   462.45 ] D: LambdaFunctionPointerVoidReturnType class `protected: void __cdecl DGE::QtWrapper::QMLScene::QPerspectiveCameraController::commonInitConstructor(void) __ptr64'::`2'::<lambda_1> Is Destroyed
[   462.45 ] D: LambdaFunctionPointerVoidReturnType class `private: void __cdecl DGE::QtWrapper::QMLScene::QThirdPersonController::commonInitConstructor(void) __ptr64'::`2'::<lambda_1> Is Destroyed
[   462.45 ] D: LambdaFunctionPointerVoidReturnType class `protected: void __cdecl DGE::QtWrapper::QMLScene::QPerspectiveCameraController::commonInitConstructor(void) __ptr64'::`2'::<lambda_1> Is Destroyed
[   462.45 ] D: MemberFunctionPointer void (__cdecl DGE::QtWrapper::QMLScene::QComponent3D::*)(void) __ptr64 Is Destroyed
[   462.45 ] D: MemberFunctionPointer void (__cdecl DGE::QtWrapper::QMLScene::QThirdPersonController::*)(class std::shared_ptr<class DGE::Scene::Component>) __ptr64 Is Destroyed
[   462.45 ] D: LambdaFunctionPointerVoidReturnType class `public: __cdecl DGE::QtWrapper::QMLScene::QCameraComponent::QCameraComponent(class DGE::QtWrapper::QMLScene::QNode3D * __ptr64,bool) __ptr64'::`2'::<lambda_1> Is Destroyed
[   462.45 ] D: MemberFunctionPointer void (__cdecl DGE::QtWrapper::QMLScene::QComponent3D::*)(void) __ptr64 Is Destroyed
[   462.45 ] D: LambdaFunctionPointerVoidReturnType class `private: void __cdecl DGE::QtWrapper::QMLScene::QPerspectiveLens::commonInitConstructor(void) __ptr64'::`2'::<lambda_1> Is Destroyed
[   462.45 ] D: LambdaFunctionPointerVoidReturnType class `protected: void __cdecl DGE::QtWrapper::QMLScene::QPerspectiveCameraController::commonInitConstructor(void) __ptr64'::`2'::<lambda_1> Is Destroyed
[   462.45 ] D: LambdaFunctionPointerVoidReturnType class `private: void __cdecl DGE::QtWrapper::QMLScene::QThirdPersonController::commonInitConstructor(void) __ptr64'::`2'::<lambda_1> Is Destroyed
[   462.45 ] D: LambdaFunctionPointerVoidReturnType class `protected: void __cdecl DGE::QtWrapper::QMLScene::QPerspectiveCameraController::commonInitConstructor(void) __ptr64'::`2'::<lambda_1> Is Destroyed
[   462.45 ] D: MemberFunctionPointer void (__cdecl DGE::QtWrapper::QMLScene::QComponent3D::*)(void) __ptr64 Is Destroyed
[   462.45 ] D: MemberFunctionPointer void (__cdecl DGE::QtWrapper::QMLScene::QThirdPersonController::*)(class std::shared_ptr<class DGE::Scene::Component>) __ptr64 Is Destroyed
[   462.45 ] D: LambdaFunctionPointerVoidReturnType class `public: __cdecl DGE::QtWrapper::QMLScene::QCameraComponent::QCameraComponent(class DGE::QtWrapper::QMLScene::QNode3D * __ptr64,bool) __ptr64'::`2'::<lambda_1> Is Destroyed
[   462.45 ] D: MemberFunctionPointer void (__cdecl DGE::QtWrapper::QMLScene::QComponent3D::*)(void) __ptr64 Is Destroyed
[   462.46 ] D: LambdaFunctionPointerVoidReturnType class `private: void __cdecl DGE::QtWrapper::QMLScene::QOrthoLens::commonInitConstructor(void) __ptr64'::`2'::<lambda_1> Is Destroyed
[   462.46 ] D: LambdaFunctionPointerVoidReturnType class `protected: void __cdecl DGE::QtWrapper::QMLScene::QPerspectiveCameraController::commonInitConstructor(void) __ptr64'::`2'::<lambda_1> Is Destroyed
[   462.46 ] D: LambdaFunctionPointerVoidReturnType class `private: void __cdecl DGE::QtWrapper::QMLScene::QThirdPersonController::commonInitConstructor(void) __ptr64'::`2'::<lambda_1> Is Destroyed
[   462.46 ] D: LambdaFunctionPointerVoidReturnType class `protected: void __cdecl DGE::QtWrapper::QMLScene::QPerspectiveCameraController::commonInitConstructor(void) __ptr64'::`2'::<lambda_1> Is Destroyed
[   462.46 ] D: MemberFunctionPointer void (__cdecl DGE::QtWrapper::QMLScene::QComponent3D::*)(void) __ptr64 Is Destroyed
[   462.46 ] D: MemberFunctionPointer void (__cdecl DGE::QtWrapper::QMLScene::QThirdPersonController::*)(class std::shared_ptr<class DGE::Scene::Component>) __ptr64 Is Destroyed
[   462.46 ] D: LambdaFunctionPointerVoidReturnType class `public: __cdecl DGE::QtWrapper::QMLScene::QCameraComponent::QCameraComponent(class DGE::QtWrapper::QMLScene::QNode3D * __ptr64,bool) __ptr64'::`2'::<lambda_1> Is Destroyed
[   462.46 ] D: MemberFunctionPointer void (__cdecl DGE::QtWrapper::QMLScene::QComponent3D::*)(void) __ptr64 Is Destroyed
[   462.46 ] D: LambdaFunctionPointerVoidReturnType class `private: void __cdecl DGE::QtWrapper::QMLScene::QOrthoLens::commonInitConstructor(void) __ptr64'::`2'::<lambda_1> Is Destroyed
[   462.46 ] D: LambdaFunctionPointerVoidReturnType class `public: __cdecl DGE::QtWrapper::QMLScene::QCameraComponent::QCameraComponent(class DGE::QtWrapper::QMLScene::QNode3D * __ptr64,bool) __ptr64'::`2'::<lambda_1> Is Destroyed
[   462.46 ] D: MemberFunctionPointer void (__cdecl DGE::QtWrapper::QMLScene::QComponent3D::*)(void) __ptr64 Is Destroyed
[   462.46 ] D: LambdaFunctionPointerVoidReturnType class `private: void __cdecl DGE::QtWrapper::QMLScene::QPerspectiveLens::commonInitConstructor(void) __ptr64'::`2'::<lambda_1> Is Destroyed
[   462.46 ] D: LambdaFunctionPointerVoidReturnType class `protected: void __cdecl DGE::QtWrapper::QMLScene::QPerspectiveCameraController::commonInitConstructor(void) __ptr64'::`2'::<lambda_1> Is Destroyed
[   462.46 ] D: LambdaFunctionPointerVoidReturnType class `private: void __cdecl DGE::QtWrapper::QMLScene::QThirdPersonController::commonInitConstructor(void) __ptr64'::`2'::<lambda_1> Is Destroyed
[   462.46 ] D: LambdaFunctionPointerVoidReturnType class `protected: void __cdecl DGE::QtWrapper::QMLScene::QPerspectiveCameraController::commonInitConstructor(void) __ptr64'::`2'::<lambda_1> Is Destroyed
[   462.46 ] D: MemberFunctionPointer void (__cdecl DGE::QtWrapper::QMLScene::QComponent3D::*)(void) __ptr64 Is Destroyed
[   462.46 ] D: MemberFunctionPointer void (__cdecl DGE::QtWrapper::QMLScene::QThirdPersonController::*)(class std::shared_ptr<class DGE::Scene::Component>) __ptr64 Is Destroyed
[   462.46 ] D: LambdaFunctionPointerVoidReturnType class `public: __cdecl DGE::QtWrapper::QMLScene::QCameraComponent::QCameraComponent(class DGE::QtWrapper::QMLScene::QNode3D * __ptr64,bool) __ptr64'::`2'::<lambda_1> Is Destroyed
[   462.46 ] D: MemberFunctionPointer void (__cdecl DGE::QtWrapper::QMLScene::QComponent3D::*)(void) __ptr64 Is Destroyed
[   462.47 ] D: LambdaFunctionPointerVoidReturnType class `private: void __cdecl DGE::QtWrapper::QMLScene::QPerspectiveLens::commonInitConstructor(void) __ptr64'::`2'::<lambda_1> Is Destroyed
[   462.47 ] D: LambdaFunctionPointerVoidReturnType class `protected: void __cdecl DGE::QtWrapper::QMLScene::QPerspectiveCameraController::commonInitConstructor(void) __ptr64'::`2'::<lambda_1> Is Destroyed
[   462.47 ] D: LambdaFunctionPointerVoidReturnType class `private: void __cdecl DGE::QtWrapper::QMLScene::QThirdPersonController::commonInitConstructor(void) __ptr64'::`2'::<lambda_1> Is Destroyed
[   462.47 ] D: LambdaFunctionPointerVoidReturnType class `protected: void __cdecl DGE::QtWrapper::QMLScene::QPerspectiveCameraController::commonInitConstructor(void) __ptr64'::`2'::<lambda_1> Is Destroyed
[   462.47 ] D: MemberFunctionPointer void (__cdecl DGE::QtWrapper::QMLScene::QComponent3D::*)(void) __ptr64 Is Destroyed
[   462.47 ] D: MemberFunctionPointer void (__cdecl DGE::QtWrapper::QMLScene::QThirdPersonController::*)(class std::shared_ptr<class DGE::Scene::Component>) __ptr64 Is Destroyed
[   462.47 ] D: LambdaFunctionPointerVoidReturnType class `public: __cdecl DGE::QtWrapper::QMLScene::QCameraComponent::QCameraComponent(class DGE::QtWrapper::QMLScene::QNode3D * __ptr64,bool) __ptr64'::`2'::<lambda_1> Is Destroyed
[   462.47 ] D: MemberFunctionPointer void (__cdecl DGE::QtWrapper::QMLScene::QComponent3D::*)(void) __ptr64 Is Destroyed
[   462.47 ] D: LambdaFunctionPointerVoidReturnType class `private: void __cdecl DGE::QtWrapper::QMLScene::QOrthoLens::commonInitConstructor(void) __ptr64'::`2'::<lambda_1> Is Destroyed
[   462.47 ] D: LambdaFunctionPointerVoidReturnType class `protected: void __cdecl DGE::QtWrapper::QMLScene::QPerspectiveCameraController::commonInitConstructor(void) __ptr64'::`2'::<lambda_1> Is Destroyed
[   462.47 ] D: LambdaFunctionPointerVoidReturnType class `private: void __cdecl DGE::QtWrapper::QMLScene::QThirdPersonController::commonInitConstructor(void) __ptr64'::`2'::<lambda_1> Is Destroyed
[   462.47 ] D: LambdaFunctionPointerVoidReturnType class `protected: void __cdecl DGE::QtWrapper::QMLScene::QPerspectiveCameraController::commonInitConstructor(void) __ptr64'::`2'::<lambda_1> Is Destroyed
[   462.47 ] D: MemberFunctionPointer void (__cdecl DGE::QtWrapper::QMLScene::QComponent3D::*)(void) __ptr64 Is Destroyed
[   462.47 ] D: MemberFunctionPointer void (__cdecl DGE::QtWrapper::QMLScene::QThirdPersonController::*)(class std::shared_ptr<class DGE::Scene::Component>) __ptr64 Is Destroyed
[   462.47 ] D: LambdaFunctionPointerVoidReturnType class `public: __cdecl DGE::QtWrapper::QMLScene::QCameraComponent::QCameraComponent(class DGE::QtWrapper::QMLScene::QNode3D * __ptr64,bool) __ptr64'::`2'::<lambda_1> Is Destroyed
[   462.47 ] D: MemberFunctionPointer void (__cdecl DGE::QtWrapper::QMLScene::QComponent3D::*)(void) __ptr64 Is Destroyed
[   462.47 ] D: LambdaFunctionPointerVoidReturnType class `private: void __cdecl DGE::QtWrapper::QMLScene::QOrthoLens::commonInitConstructor(void) __ptr64'::`2'::<lambda_1> Is Destroyed
[   462.47 ] D: LambdaFunctionPointerVoidReturnType class `public: __cdecl DGE::QtWrapper::QMLScene::QCameraComponent::QCameraComponent(class DGE::QtWrapper::QMLScene::QNode3D * __ptr64,bool) __ptr64'::`2'::<lambda_1> Is Destroyed
[   462.47 ] D: MemberFunctionPointer void (__cdecl DGE::QtWrapper::QMLScene::QComponent3D::*)(void) __ptr64 Is Destroyed
[   462.47 ] D: LambdaFunctionPointerVoidReturnType class `private: void __cdecl DGE::QtWrapper::QMLScene::QPerspectiveLens::commonInitConstructor(void) __ptr64'::`2'::<lambda_1> Is Destroyed
[   462.48 ] D: LambdaFunctionPointerVoidReturnType class `protected: void __cdecl DGE::QtWrapper::QMLScene::QPerspectiveCameraController::commonInitConstructor(void) __ptr64'::`2'::<lambda_1> Is Destroyed
[   462.48 ] D: LambdaFunctionPointerVoidReturnType class `protected: void __cdecl DGE::QtWrapper::QMLScene::QPerspectiveCameraController::commonInitConstructor(void) __ptr64'::`2'::<lambda_1> Is Destroyed
[   462.48 ] D: LambdaFunctionPointerVoidReturnType class `private: void __cdecl DGE::QtWrapper::QMLScene::QThirdPersonController::commonInitConstructor(void) __ptr64'::`2'::<lambda_1> Is Destroyed
[   462.48 ] D: MemberFunctionPointer void (__cdecl DGE::QtWrapper::QMLScene::QComponent3D::*)(void) __ptr64 Is Destroyed
[   462.48 ] D: MemberFunctionPointer void (__cdecl DGE::QtWrapper::QMLScene::QThirdPersonController::*)(class std::shared_ptr<class DGE::Scene::Component>) __ptr64 Is Destroyed
[   462.48 ] D: LambdaFunctionPointerVoidReturnType class `public: __cdecl DGE::QtWrapper::QMLScene::QCameraComponent::QCameraComponent(class DGE::QtWrapper::QMLScene::QNode3D * __ptr64,bool) __ptr64'::`2'::<lambda_1> Is Destroyed
[   462.48 ] D: MemberFunctionPointer void (__cdecl DGE::QtWrapper::QMLScene::QComponent3D::*)(void) __ptr64 Is Destroyed
[   462.48 ] D: LambdaFunctionPointerVoidReturnType class `private: void __cdecl DGE::QtWrapper::QMLScene::QPerspectiveLens::commonInitConstructor(void) __ptr64'::`2'::<lambda_1> Is Destroyed
[   462.48 ] D: LambdaFunctionPointerVoidReturnType class `protected: void __cdecl DGE::QtWrapper::QMLScene::QPerspectiveCameraController::commonInitConstructor(void) __ptr64'::`2'::<lambda_1> Is Destroyed
[   462.48 ] D: LambdaFunctionPointerVoidReturnType class `protected: void __cdecl DGE::QtWrapper::QMLScene::QPerspectiveCameraController::commonInitConstructor(void) __ptr64'::`2'::<lambda_1> Is Destroyed
[   462.48 ] D: LambdaFunctionPointerVoidReturnType class `private: void __cdecl DGE::QtWrapper::QMLScene::QThirdPersonController::commonInitConstructor(void) __ptr64'::`2'::<lambda_1> Is Destroyed
[   462.48 ] D: MemberFunctionPointer void (__cdecl DGE::QtWrapper::QMLScene::QComponent3D::*)(void) __ptr64 Is Destroyed
[   462.48 ] D: MemberFunctionPointer void (__cdecl DGE::QtWrapper::QMLScene::QThirdPersonController::*)(class std::shared_ptr<class DGE::Scene::Component>) __ptr64 Is Destroyed
[   462.48 ] D: LambdaFunctionPointerVoidReturnType class `public: __cdecl DGE::QtWrapper::QMLScene::QCameraComponent::QCameraComponent(class DGE::QtWrapper::QMLScene::QNode3D * __ptr64,bool) __ptr64'::`2'::<lambda_1> Is Destroyed
[   462.48 ] D: MemberFunctionPointer void (__cdecl DGE::QtWrapper::QMLScene::QComponent3D::*)(void) __ptr64 Is Destroyed
[   462.48 ] D: LambdaFunctionPointerVoidReturnType class `private: void __cdecl DGE::QtWrapper::QMLScene::QOrthoLens::commonInitConstructor(void) __ptr64'::`2'::<lambda_1> Is Destroyed
[   462.48 ] D: LambdaFunctionPointerVoidReturnType class `protected: void __cdecl DGE::QtWrapper::QMLScene::QPerspectiveCameraController::commonInitConstructor(void) __ptr64'::`2'::<lambda_1> Is Destroyed
[   462.48 ] D: LambdaFunctionPointerVoidReturnType class `private: void __cdecl DGE::QtWrapper::QMLScene::QThirdPersonController::commonInitConstructor(void) __ptr64'::`2'::<lambda_1> Is Destroyed
[   462.48 ] D: LambdaFunctionPointerVoidReturnType class `protected: void __cdecl DGE::QtWrapper::QMLScene::QPerspectiveCameraController::commonInitConstructor(void) __ptr64'::`2'::<lambda_1> Is Destroyed
[   462.48 ] D: MemberFunctionPointer void (__cdecl DGE::QtWrapper::QMLScene::QComponent3D::*)(void) __ptr64 Is Destroyed
[   462.48 ] D: MemberFunctionPointer void (__cdecl DGE::QtWrapper::QMLScene::QThirdPersonController::*)(class std::shared_ptr<class DGE::Scene::Component>) __ptr64 Is Destroyed
[   462.48 ] D: LambdaFunctionPointerVoidReturnType class `public: __cdecl DGE::QtWrapper::QMLScene::QCameraComponent::QCameraComponent(class DGE::QtWrapper::QMLScene::QNode3D * __ptr64,bool) __ptr64'::`2'::<lambda_1> Is Destroyed
[   462.48 ] D: MemberFunctionPointer void (__cdecl DGE::QtWrapper::QMLScene::QComponent3D::*)(void) __ptr64 Is Destroyed
[   462.48 ] D: LambdaFunctionPointerVoidReturnType class `private: void __cdecl DGE::QtWrapper::QMLScene::QOrthoLens::commonInitConstructor(void) __ptr64'::`2'::<lambda_1> Is Destroyed
[   462.48 ] D: LambdaFunctionPointerVoidReturnType class `public: __cdecl DGE::QtWrapper::QMLScene::QCameraComponent::QCameraComponent(class DGE::QtWrapper::QMLScene::QNode3D * __ptr64,bool) __ptr64'::`2'::<lambda_1> Is Destroyed
[   462.48 ] D: MemberFunctionPointer void (__cdecl DGE::QtWrapper::QMLScene::QComponent3D::*)(void) __ptr64 Is Destroyed
[   462.48 ] D: LambdaFunctionPointerVoidReturnType class `private: void __cdecl DGE::QtWrapper::QMLScene::QPerspectiveLens::commonInitConstructor(void) __ptr64'::`2'::<lambda_1> Is Destroyed
[   462.64 ] D: LambdaFunctionPointerVoidReturnType class `public: __cdecl DGE::QtWrapper::QMLScene::QNode3D::QNode3D(class DGE::QtWrapper::QMLScene::QINode3D * __ptr64) __ptr64'::`2'::<lambda_1> Is Destroyed
[   462.64 ] D: LambdaFunctionPointerVoidReturnType class `public: __cdecl DGE::QtWrapper::QMLScene::QNode3D::QNode3D(class DGE::QtWrapper::QMLScene::QINode3D * __ptr64) __ptr64'::`2'::<lambda_1> Is Destroyed
[   462.64 ] D: LambdaFunctionPointerVoidReturnType class `public: __cdecl DGE::QtWrapper::QMLScene::QNode3D::QNode3D(class DGE::QtWrapper::QMLScene::QINode3D * __ptr64) __ptr64'::`2'::<lambda_1> Is Destroyed
[   462.64 ] D: LambdaFunctionPointerVoidReturnType class `public: __cdecl DGE::QtWrapper::QMLScene::QEntity3D::QEntity3D(class DGE::QtWrapper::QMLScene::QINode3D * __ptr64) __ptr64'::`2'::<lambda_2> Is Destroyed
[   462.64 ] D: LambdaFunctionPointerVoidReturnType class `public: __cdecl DGE::QtWrapper::QMLScene::QNode3D::QNode3D(class DGE::QtWrapper::QMLScene::QINode3D * __ptr64) __ptr64'::`2'::<lambda_1> Is Destroyed
[   462.64 ] D: LambdaFunctionPointerVoidReturnType class `public: __cdecl DGE::QtWrapper::QMLScene::QEntity3D::QEntity3D(class DGE::QtWrapper::QMLScene::QINode3D * __ptr64) __ptr64'::`2'::<lambda_1> Is Destroyed
[   462.64 ] D: LambdaFunctionPointerVoidReturnType class `public: __cdecl DGE::QtWrapper::QMLScene::QDShader::QDShader(class DGE::QtWrapper::QMLScene::QNode3D * __ptr64) __ptr64'::`2'::<lambda_2> Is Destroyed
[   462.64 ] D: LambdaFunctionPointerVoidReturnType class `public: __cdecl DGE::QtWrapper::QMLScene::QDShader::QDShader(class DGE::QtWrapper::QMLScene::QNode3D * __ptr64) __ptr64'::`2'::<lambda_1> Is Destroyed
[   462.64 ] D: MemberFunctionPointer void (__cdecl DGE::QtWrapper::QMLScene::QComponent3D::*)(void) __ptr64 Is Destroyed
[   462.64 ] D: LambdaFunctionPointerVoidReturnType class `public: __cdecl DGE::QtWrapper::QMLScene::QDModel::QDModel(class DGE::QtWrapper::QMLScene::QNode3D * __ptr64) __ptr64'::`2'::<lambda_2> Is Destroyed
[   462.64 ] D: MemberFunctionPointer void (__cdecl DGE::QtWrapper::QMLScene::QComponent3D::*)(void) __ptr64 Is Destroyed
[   462.64 ] D: LambdaFunctionPointerVoidReturnType class `public: __cdecl DGE::QtWrapper::QMLScene::QDModel::QDModel(class DGE::QtWrapper::QMLScene::QNode3D * __ptr64) __ptr64'::`2'::<lambda_1> Is Destroyed
[   462.64 ] D: LambdaFunctionPointerVoidReturnType class `public: __cdecl DGE::QtWrapper::QMLScene::Model::BuiltIn::QDSphere::QDSphere(class QObject * __ptr64) __ptr64'::`2'::<lambda_1> Is Destroyed
[   462.64 ] D: LambdaFunctionPointerVoidReturnType class `public: __cdecl `public: __cdecl DGE::QtWrapper::QMLScene::QDModel::QDModel(class DGE::QtWrapper::QMLScene::QNode3D * __ptr64) __ptr64'::`2'::<lambda_2>::operator()(void)const __ptr64'::`2'::<lambda_1> Is Destroyed
[   462.64 ] D: LambdaFunctionPointerVoidReturnType class `public: void __cdecl DGE::QtWrapper::QMLScene::QDModel::modelInitialize(void) __ptr64'::`5'::<lambda_1> Is Destroyed
[   462.64 ] D: MemberFunctionPointer void (__cdecl DGE::QtWrapper::QMLScene::QComponent3D::*)(void) __ptr64 Is Destroyed
[   462.64 ] D: LambdaFunctionPointerVoidReturnType class `public: __cdecl DGE::QtWrapper::QMLScene::QNode3D::QNode3D(class DGE::QtWrapper::QMLScene::QINode3D * __ptr64) __ptr64'::`2'::<lambda_1> Is Destroyed
[   462.64 ] D: LambdaFunctionPointerVoidReturnType class `public: __cdecl DGE::QtWrapper::QMLScene::QNode3D::QNode3D(class DGE::QtWrapper::QMLScene::QINode3D * __ptr64) __ptr64'::`2'::<lambda_1> Is Destroyed
[   462.64 ] D: LambdaFunctionPointerVoidReturnType class `public: __cdecl DGE::QtWrapper::QMLScene::QNode3D::QNode3D(class DGE::QtWrapper::QMLScene::QINode3D * __ptr64) __ptr64'::`2'::<lambda_1> Is Destroyed
[   462.64 ] D: LambdaFunctionPointerVoidReturnType class `public: __cdecl DGE::QtWrapper::QMLScene::QNode3D::QNode3D(class DGE::QtWrapper::QMLScene::QINode3D * __ptr64) __ptr64'::`2'::<lambda_1> Is Destroyed
[   462.64 ] D: LambdaFunctionPointerVoidReturnType class `public: __cdecl DGE::QtWrapper::QMLScene::QNode3D::QNode3D(class DGE::QtWrapper::QMLScene::QINode3D * __ptr64) __ptr64'::`2'::<lambda_1> Is Destroyed
[   462.64 ] D: LambdaFunctionPointerVoidReturnType class `public: __cdecl DGE::QtWrapper::QMLScene::QNode3D::QNode3D(class DGE::QtWrapper::QMLScene::QINode3D * __ptr64) __ptr64'::`2'::<lambda_1> Is Destroyed
[   462.64 ] D: LambdaFunctionPointerVoidReturnType class `public: __cdecl DGE::QtWrapper::QMLScene::QNode3D::QNode3D(class DGE::QtWrapper::QMLScene::QINode3D * __ptr64) __ptr64'::`2'::<lambda_1> Is Destroyed
[   462.64 ] D: LambdaFunctionPointerVoidReturnType class `public: __cdecl DGE::QtWrapper::QMLScene::QNode3D::QNode3D(class DGE::QtWrapper::QMLScene::QINode3D * __ptr64) __ptr64'::`2'::<lambda_1> Is Destroyed
[   462.64 ] D: LambdaFunctionPointerVoidReturnType class `public: __cdecl DGE::QtWrapper::QMLScene::QNode3D::QNode3D(class DGE::QtWrapper::QMLScene::QINode3D * __ptr64) __ptr64'::`2'::<lambda_1> Is Destroyed
[   462.64 ] D: LambdaFunctionPointerVoidReturnType class `public: __cdecl DGE::QtWrapper::QMLScene::QNode3D::QNode3D(class DGE::QtWrapper::QMLScene::QINode3D * __ptr64) __ptr64'::`2'::<lambda_1> Is Destroyed
[   462.64 ] D: LambdaFunctionPointerVoidReturnType class `public: __cdecl DGE::QtWrapper::QMLScene::QNode3D::QNode3D(class DGE::QtWrapper::QMLScene::QINode3D * __ptr64) __ptr64'::`2'::<lambda_1> Is Destroyed
[   462.64 ] D: LambdaFunctionPointerVoidReturnType class `public: __cdecl DGE::QtWrapper::QMLScene::QNode3D::QNode3D(class DGE::QtWrapper::QMLScene::QINode3D * __ptr64) __ptr64'::`2'::<lambda_1> Is Destroyed
[   462.64 ] D: LambdaFunctionPointerVoidReturnType class `public: __cdecl DGE::QtWrapper::QMLScene::QNode3D::QNode3D(class DGE::QtWrapper::QMLScene::QINode3D * __ptr64) __ptr64'::`2'::<lambda_1> Is Destroyed
[   462.64 ] D: LambdaFunctionPointerVoidReturnType class `public: __cdecl DGE::QtWrapper::QMLScene::QNode3D::QNode3D(class DGE::QtWrapper::QMLScene::QINode3D * __ptr64) __ptr64'::`2'::<lambda_1> Is Destroyed
[   462.64 ] D: LambdaFunctionPointerVoidReturnType class `public: __cdecl DGE::QtWrapper::QMLScene::QNode3D::QNode3D(class DGE::QtWrapper::QMLScene::QINode3D * __ptr64) __ptr64'::`2'::<lambda_1> Is Destroyed
[   462.64 ] D: LambdaFunctionPointerVoidReturnType class `public: __cdecl DGE::QtWrapper::QMLScene::QNode3D::QNode3D(class DGE::QtWrapper::QMLScene::QINode3D * __ptr64) __ptr64'::`2'::<lambda_1> Is Destroyed
[   462.64 ] D: LambdaFunctionPointerVoidReturnType class `public: __cdecl DGE::QtWrapper::QMLScene::QNode3D::QNode3D(class DGE::QtWrapper::QMLScene::QINode3D * __ptr64) __ptr64'::`2'::<lambda_1> Is Destroyed
[   462.64 ] D: LambdaFunctionPointerVoidReturnType class `public: __cdecl DGE::QtWrapper::QMLScene::QNode3D::QNode3D(class DGE::QtWrapper::QMLScene::QINode3D * __ptr64) __ptr64'::`2'::<lambda_1> Is Destroyed
[   462.64 ] D: LambdaFunctionPointerVoidReturnType class `public: __cdecl DGE::QtWrapper::QMLScene::QNode3D::QNode3D(class DGE::QtWrapper::QMLScene::QINode3D * __ptr64) __ptr64'::`2'::<lambda_1> Is Destroyed
[   462.64 ] D: LambdaFunctionPointerVoidReturnType class `public: __cdecl DGE::QtWrapper::QMLScene::QNode3D::QNode3D(class DGE::QtWrapper::QMLScene::QINode3D * __ptr64) __ptr64'::`2'::<lambda_1> Is Destroyed
[   462.65 ] D: Destroy Node with id: 2457 and name: 
[   462.65 ] D: LambdaFunctionPointerVoidReturnType class `public: __cdecl DGE::Scene::Node::Node(class std::shared_ptr<class DGE::GFX::GCore::Renderer>,class std::shared_ptr<class DGE::Core::System::Context>) __ptr64'::`2'::<lambda_1> Is Destroyed
[   462.65 ] D: Destroy Node with id: 2458 and name: 
[   462.65 ] D: LambdaFunctionPointerVoidReturnType class `public: __cdecl DGE::Scene::DEntity::DEntity(class std::shared_ptr<class DGE::GFX::GCore::Renderer>,class std::shared_ptr<class DGE::Core::System::Context>) __ptr64'::`2'::<lambda_1> Is Destroyed
[   462.65 ] D: Destroy Node with id: 2458 and name: 
[   462.65 ] D: LambdaFunctionPointerVoidReturnType class `public: __cdecl DGE::Scene::Node::Node(class std::shared_ptr<class DGE::GFX::GCore::Renderer>,class std::shared_ptr<class DGE::Core::System::Context>) __ptr64'::`2'::<lambda_1> Is Destroyed
[   462.65 ] D: LambdaFunctionPointerVoidReturnType class `public: void __cdecl DGE::QtWrapper::QMLScene::QNode3D::localScaleInitialize(void) __ptr64'::`5'::<lambda_1> Is Destroyed
[   462.65 ] D: LambdaFunctionPointerVoidReturnType class `public: void __cdecl DGE::QtWrapper::QMLScene::QNode3D::localScaleInitialize(void) __ptr64'::`5'::<lambda_1> Is Destroyed
[   462.65 ] D: LambdaFunctionPointerVoidReturnType class `public: void __cdecl DGE::QtWrapper::QMLScene::QNode3D::localScaleInitialize(void) __ptr64'::`5'::<lambda_1> Is Destroyed
[   462.65 ] D: LambdaFunctionPointerVoidReturnType class `public: void __cdecl DGE::QtWrapper::QMLScene::QNode3D::localRotationInitialize(void) __ptr64'::`5'::<lambda_1> Is Destroyed
[   462.65 ] D: LambdaFunctionPointerVoidReturnType class `public: void __cdecl DGE::QtWrapper::QMLScene::QNode3D::localRotationInitialize(void) __ptr64'::`5'::<lambda_1> Is Destroyed
[   462.65 ] D: LambdaFunctionPointerVoidReturnType class `public: void __cdecl DGE::QtWrapper::QMLScene::QNode3D::localRotationInitialize(void) __ptr64'::`5'::<lambda_1> Is Destroyed
[   462.65 ] D: LambdaFunctionPointerVoidReturnType class `public: void __cdecl DGE::QtWrapper::QMLScene::QNode3D::localPositionInitialize(void) __ptr64'::`5'::<lambda_1> Is Destroyed
[   462.65 ] D: LambdaFunctionPointerVoidReturnType class `public: void __cdecl DGE::QtWrapper::QMLScene::QNode3D::localPositionInitialize(void) __ptr64'::`5'::<lambda_1> Is Destroyed
[   462.65 ] D: LambdaFunctionPointerVoidReturnType class `public: void __cdecl DGE::QtWrapper::QMLScene::QNode3D::localPositionInitialize(void) __ptr64'::`5'::<lambda_1> Is Destroyed
[   462.65 ] D: LambdaFunctionPointerVoidReturnType class `public: void __cdecl DGE::QtWrapper::QMLScene::QNode3D::localScaleInitialize(void) __ptr64'::`5'::<lambda_1> Is Destroyed
[   462.65 ] D: LambdaFunctionPointerVoidReturnType class `public: void __cdecl DGE::QtWrapper::QMLScene::QNode3D::localScaleInitialize(void) __ptr64'::`5'::<lambda_1> Is Destroyed
[   462.65 ] D: LambdaFunctionPointerVoidReturnType class `public: void __cdecl DGE::QtWrapper::QMLScene::QNode3D::localScaleInitialize(void) __ptr64'::`5'::<lambda_1> Is Destroyed
[   462.65 ] D: LambdaFunctionPointerVoidReturnType class `public: void __cdecl DGE::QtWrapper::QMLScene::QNode3D::localScaleInitialize(void) __ptr64'::`5'::<lambda_1> Is Destroyed
[   462.65 ] D: LambdaFunctionPointerVoidReturnType class `public: void __cdecl DGE::QtWrapper::QMLScene::QNode3D::localScaleInitialize(void) __ptr64'::`5'::<lambda_1> Is Destroyed
[   462.65 ] D: LambdaFunctionPointerVoidReturnType class `public: void __cdecl DGE::QtWrapper::QMLScene::QNode3D::localScaleInitialize(void) __ptr64'::`5'::<lambda_1> Is Destroyed
[   462.65 ] D: LambdaFunctionPointerVoidReturnType class `public: void __cdecl DGE::QtWrapper::QMLScene::QNode3D::localRotationInitialize(void) __ptr64'::`5'::<lambda_1> Is Destroyed
[   462.65 ] D: LambdaFunctionPointerVoidReturnType class `public: void __cdecl DGE::QtWrapper::QMLScene::QNode3D::localRotationInitialize(void) __ptr64'::`5'::<lambda_1> Is Destroyed
[   462.65 ] D: LambdaFunctionPointerVoidReturnType class `public: void __cdecl DGE::QtWrapper::QMLScene::QNode3D::localRotationInitialize(void) __ptr64'::`5'::<lambda_1> Is Destroyed
[   462.65 ] D: LambdaFunctionPointerVoidReturnType class `public: void __cdecl DGE::QtWrapper::QMLScene::QNode3D::localRotationInitialize(void) __ptr64'::`5'::<lambda_1> Is Destroyed
[   462.65 ] D: LambdaFunctionPointerVoidReturnType class `public: void __cdecl DGE::QtWrapper::QMLScene::QNode3D::localRotationInitialize(void) __ptr64'::`5'::<lambda_1> Is Destroyed
[   462.65 ] D: LambdaFunctionPointerVoidReturnType class `public: void __cdecl DGE::QtWrapper::QMLScene::QNode3D::localRotationInitialize(void) __ptr64'::`5'::<lambda_1> Is Destroyed
[   462.65 ] D: LambdaFunctionPointerVoidReturnType class `public: void __cdecl DGE::QtWrapper::QMLScene::QNode3D::localPositionInitialize(void) __ptr64'::`5'::<lambda_1> Is Destroyed
[   462.65 ] D: LambdaFunctionPointerVoidReturnType class `public: void __cdecl DGE::QtWrapper::QMLScene::QNode3D::localPositionInitialize(void) __ptr64'::`5'::<lambda_1> Is Destroyed
[   462.65 ] D: LambdaFunctionPointerVoidReturnType class `public: void __cdecl DGE::QtWrapper::QMLScene::QNode3D::localPositionInitialize(void) __ptr64'::`5'::<lambda_1> Is Destroyed
[   462.65 ] D: LambdaFunctionPointerVoidReturnType class `public: void __cdecl DGE::QtWrapper::QMLScene::QNode3D::localPositionInitialize(void) __ptr64'::`5'::<lambda_1> Is Destroyed
[   462.65 ] D: LambdaFunctionPointerVoidReturnType class `public: void __cdecl DGE::QtWrapper::QMLScene::QNode3D::localPositionInitialize(void) __ptr64'::`5'::<lambda_1> Is Destroyed
[   462.65 ] D: LambdaFunctionPointerVoidReturnType class `public: void __cdecl DGE::QtWrapper::QMLScene::QNode3D::localPositionInitialize(void) __ptr64'::`5'::<lambda_1> Is Destroyed
[   462.65 ] D: Destroy Node with id: 2459 and name: 
[   462.65 ] D: LambdaFunctionPointerVoidReturnType class `public: __cdecl DGE::Scene::Node::Node(class std::shared_ptr<class DGE::GFX::GCore::Renderer>,class std::shared_ptr<class DGE::Core::System::Context>) __ptr64'::`2'::<lambda_1> Is Destroyed
[   462.65 ] D: Destroy Node with id: 3 and name: 
[   462.65 ] D: LambdaFunctionPointerVoidReturnType class `public: __cdecl DGE::Scene::Node::Node(class std::shared_ptr<class DGE::GFX::GCore::Renderer>,class std::shared_ptr<class DGE::Core::System::Context>) __ptr64'::`2'::<lambda_1> Is Destroyed
[   462.65 ] D: Destroy Node with id: 2493 and name: Entity#2493
[   462.65 ] D: LambdaFunctionPointerVoidReturnType class `public: __cdecl DGE::Scene::DEntity::DEntity(class std::shared_ptr<class DGE::GFX::GCore::Renderer>,class std::shared_ptr<class DGE::Core::System::Context>) __ptr64'::`2'::<lambda_1> Is Destroyed
[   462.65 ] D: Destroy Node with id: 2493 and name: Entity#2493
[   462.65 ] D: LambdaFunctionPointerVoidReturnType class `public: __cdecl DGE::Scene::Node::Node(class std::shared_ptr<class DGE::GFX::GCore::Renderer>,class std::shared_ptr<class DGE::Core::System::Context>) __ptr64'::`2'::<lambda_1> Is Destroyed
[   462.65 ] D: LambdaFunctionPointerVoidReturnType class `public: void __cdecl DGE::QtWrapper::QMLScene::QNode3D::localScaleInitialize(void) __ptr64'::`5'::<lambda_1> Is Destroyed
[   462.65 ] D: LambdaFunctionPointerVoidReturnType class `public: void __cdecl DGE::QtWrapper::QMLScene::QNode3D::localRotationInitialize(void) __ptr64'::`5'::<lambda_1> Is Destroyed
[   462.65 ] D: LambdaFunctionPointerVoidReturnType class `public: void __cdecl DGE::QtWrapper::QMLScene::QNode3D::localPositionInitialize(void) __ptr64'::`5'::<lambda_1> Is Destroyed
[   462.65 ] D: LambdaFunctionPointerVoidReturnType class `public: void __cdecl DGE::QtWrapper::QMLScene::QNode3D::localScaleInitialize(void) __ptr64'::`5'::<lambda_1> Is Destroyed
[   462.65 ] D: LambdaFunctionPointerVoidReturnType class `public: void __cdecl DGE::QtWrapper::QMLScene::QNode3D::localRotationInitialize(void) __ptr64'::`5'::<lambda_1> Is Destroyed
[   462.65 ] D: LambdaFunctionPointerVoidReturnType class `public: void __cdecl DGE::QtWrapper::QMLScene::QNode3D::localPositionInitialize(void) __ptr64'::`5'::<lambda_1> Is Destroyed
[   462.65 ] D: Destroy Node with id: 2494 and name: 
[   462.65 ] D: LambdaFunctionPointerVoidReturnType class `public: __cdecl DGE::Scene::Node::Node(class std::shared_ptr<class DGE::GFX::GCore::Renderer>,class std::shared_ptr<class DGE::Core::System::Context>) __ptr64'::`2'::<lambda_1> Is Destroyed
[   462.65 ] D: Destroy Node with id: 1 and name: 
[   462.65 ] D: LambdaFunctionPointerVoidReturnType class `public: __cdecl DGE::Scene::Node::Node(class std::shared_ptr<class DGE::GFX::GCore::Renderer>,class std::shared_ptr<class DGE::Core::System::Context>) __ptr64'::`2'::<lambda_1> Is Destroyed
[   462.65 ] D: Destroy Node with id: 2476 and name: Entity#2476
[   462.65 ] D: LambdaFunctionPointerVoidReturnType class `public: __cdecl DGE::Scene::DEntity::DEntity(class std::shared_ptr<class DGE::GFX::GCore::Renderer>,class std::shared_ptr<class DGE::Core::System::Context>) __ptr64'::`2'::<lambda_1> Is Destroyed
[   462.65 ] D: Destroy Node with id: 2476 and name: Entity#2476
[   462.65 ] D: LambdaFunctionPointerVoidReturnType class `public: __cdecl DGE::Scene::Node::Node(class std::shared_ptr<class DGE::GFX::GCore::Renderer>,class std::shared_ptr<class DGE::Core::System::Context>) __ptr64'::`2'::<lambda_1> Is Destroyed
[   462.65 ] D: LambdaFunctionPointerVoidReturnType class `public: void __cdecl DGE::QtWrapper::QMLScene::QNode3D::localScaleInitialize(void) __ptr64'::`5'::<lambda_1> Is Destroyed
[   462.65 ] D: LambdaFunctionPointerVoidReturnType class `public: void __cdecl DGE::QtWrapper::QMLScene::QNode3D::localRotationInitialize(void) __ptr64'::`5'::<lambda_1> Is Destroyed
[   462.65 ] D: LambdaFunctionPointerVoidReturnType class `public: void __cdecl DGE::QtWrapper::QMLScene::QNode3D::localPositionInitialize(void) __ptr64'::`5'::<lambda_1> Is Destroyed
[   462.65 ] D: Destroy Node with id: 2477 and name: 
[   462.65 ] D: LambdaFunctionPointerVoidReturnType class `public: __cdecl DGE::Scene::Node::Node(class std::shared_ptr<class DGE::GFX::GCore::Renderer>,class std::shared_ptr<class DGE::Core::System::Context>) __ptr64'::`2'::<lambda_1> Is Destroyed
[   462.65 ] D: Destroy Node with id: 2460 and name: CubeEntity#2460
[   462.65 ] D: LambdaFunctionPointerVoidReturnType class `public: __cdecl DGE::Scene::DEntity::DEntity(class std::shared_ptr<class DGE::GFX::GCore::Renderer>,class std::shared_ptr<class DGE::Core::System::Context>) __ptr64'::`2'::<lambda_1> Is Destroyed
[   462.65 ] D: Destroy Node with id: 2460 and name: CubeEntity#2460
[   462.65 ] D: LambdaFunctionPointerVoidReturnType class `public: __cdecl DGE::Scene::Node::Node(class std::shared_ptr<class DGE::GFX::GCore::Renderer>,class std::shared_ptr<class DGE::Core::System::Context>) __ptr64'::`2'::<lambda_1> Is Destroyed
[   462.65 ] D: LambdaFunctionPointerVoidReturnType class `public: void __cdecl DGE::QtWrapper::QMLScene::QNode3D::localScaleInitialize(void) __ptr64'::`5'::<lambda_1> Is Destroyed
[   462.65 ] D: LambdaFunctionPointerVoidReturnType class `public: void __cdecl DGE::QtWrapper::QMLScene::QNode3D::localRotationInitialize(void) __ptr64'::`5'::<lambda_1> Is Destroyed
[   462.65 ] D: LambdaFunctionPointerVoidReturnType class `public: void __cdecl DGE::QtWrapper::QMLScene::QNode3D::localPositionInitialize(void) __ptr64'::`5'::<lambda_1> Is Destroyed
[   462.65 ] D: Destroy Node with id: 2461 and name: 
[   462.65 ] D: LambdaFunctionPointerVoidReturnType class `public: __cdecl DGE::Scene::Node::Node(class std::shared_ptr<class DGE::GFX::GCore::Renderer>,class std::shared_ptr<class DGE::Core::System::Context>) __ptr64'::`2'::<lambda_1> Is Destroyed
[   462.65 ] D: Destroy Node with id: 2474 and name: Entity#2474
[   462.65 ] D: LambdaFunctionPointerVoidReturnType class `public: __cdecl DGE::Scene::DEntity::DEntity(class std::shared_ptr<class DGE::GFX::GCore::Renderer>,class std::shared_ptr<class DGE::Core::System::Context>) __ptr64'::`2'::<lambda_1> Is Destroyed
[   462.65 ] D: Destroy Node with id: 2474 and name: Entity#2474
[   462.65 ] D: LambdaFunctionPointerVoidReturnType class `public: __cdecl DGE::Scene::Node::Node(class std::shared_ptr<class DGE::GFX::GCore::Renderer>,class std::shared_ptr<class DGE::Core::System::Context>) __ptr64'::`2'::<lambda_1> Is Destroyed
[   462.65 ] D: LambdaFunctionPointerVoidReturnType class `public: void __cdecl DGE::QtWrapper::QMLScene::QNode3D::localScaleInitialize(void) __ptr64'::`5'::<lambda_1> Is Destroyed
[   462.65 ] D: LambdaFunctionPointerVoidReturnType class `public: void __cdecl DGE::QtWrapper::QMLScene::QNode3D::localRotationInitialize(void) __ptr64'::`5'::<lambda_1> Is Destroyed
[   462.65 ] D: LambdaFunctionPointerVoidReturnType class `public: void __cdecl DGE::QtWrapper::QMLScene::QNode3D::localPositionInitialize(void) __ptr64'::`5'::<lambda_1> Is Destroyed
[   462.65 ] D: Destroy Node with id: 2475 and name: 
[   462.65 ] D: LambdaFunctionPointerVoidReturnType class `public: __cdecl DGE::Scene::Node::Node(class std::shared_ptr<class DGE::GFX::GCore::Renderer>,class std::shared_ptr<class DGE::Core::System::Context>) __ptr64'::`2'::<lambda_1> Is Destroyed
[   462.65 ] D: Destroy Node with id: 2470 and name: Entity#2470
[   462.65 ] D: LambdaFunctionPointerVoidReturnType class `public: __cdecl DGE::Scene::DEntity::DEntity(class std::shared_ptr<class DGE::GFX::GCore::Renderer>,class std::shared_ptr<class DGE::Core::System::Context>) __ptr64'::`2'::<lambda_1> Is Destroyed
[   462.65 ] D: Destroy Node with id: 2470 and name: Entity#2470
[   462.65 ] D: LambdaFunctionPointerVoidReturnType class `public: __cdecl DGE::Scene::Node::Node(class std::shared_ptr<class DGE::GFX::GCore::Renderer>,class std::shared_ptr<class DGE::Core::System::Context>) __ptr64'::`2'::<lambda_1> Is Destroyed
[   462.65 ] D: LambdaFunctionPointerVoidReturnType class `public: void __cdecl DGE::QtWrapper::QMLScene::QNode3D::localScaleInitialize(void) __ptr64'::`5'::<lambda_1> Is Destroyed
[   462.65 ] D: LambdaFunctionPointerVoidReturnType class `public: void __cdecl DGE::QtWrapper::QMLScene::QNode3D::localRotationInitialize(void) __ptr64'::`5'::<lambda_1> Is Destroyed
[   462.65 ] D: LambdaFunctionPointerVoidReturnType class `public: void __cdecl DGE::QtWrapper::QMLScene::QNode3D::localPositionInitialize(void) __ptr64'::`5'::<lambda_1> Is Destroyed
[   462.65 ] D: Destroy Node with id: 2471 and name: 
[   462.65 ] D: LambdaFunctionPointerVoidReturnType class `public: __cdecl DGE::Scene::Node::Node(class std::shared_ptr<class DGE::GFX::GCore::Renderer>,class std::shared_ptr<class DGE::Core::System::Context>) __ptr64'::`2'::<lambda_1> Is Destroyed
[   462.65 ] D: Destroy Node with id: 2462 and name: Entity#2462
[   462.65 ] D: LambdaFunctionPointerVoidReturnType class `public: __cdecl DGE::Scene::DEntity::DEntity(class std::shared_ptr<class DGE::GFX::GCore::Renderer>,class std::shared_ptr<class DGE::Core::System::Context>) __ptr64'::`2'::<lambda_1> Is Destroyed
[   462.65 ] D: Destroy Node with id: 2462 and name: Entity#2462
[   462.65 ] D: LambdaFunctionPointerVoidReturnType class `public: __cdecl DGE::Scene::Node::Node(class std::shared_ptr<class DGE::GFX::GCore::Renderer>,class std::shared_ptr<class DGE::Core::System::Context>) __ptr64'::`2'::<lambda_1> Is Destroyed
[   462.65 ] D: LambdaFunctionPointerVoidReturnType class `public: void __cdecl DGE::QtWrapper::QMLScene::QNode3D::localScaleInitialize(void) __ptr64'::`5'::<lambda_1> Is Destroyed
[   462.65 ] D: LambdaFunctionPointerVoidReturnType class `public: void __cdecl DGE::QtWrapper::QMLScene::QNode3D::localRotationInitialize(void) __ptr64'::`5'::<lambda_1> Is Destroyed
[   462.65 ] D: LambdaFunctionPointerVoidReturnType class `public: void __cdecl DGE::QtWrapper::QMLScene::QNode3D::localPositionInitialize(void) __ptr64'::`5'::<lambda_1> Is Destroyed
[   462.66 ] D: Destroy Node with id: 2463 and name: 
[   462.66 ] D: LambdaFunctionPointerVoidReturnType class `public: __cdecl DGE::Scene::Node::Node(class std::shared_ptr<class DGE::GFX::GCore::Renderer>,class std::shared_ptr<class DGE::Core::System::Context>) __ptr64'::`2'::<lambda_1> Is Destroyed
[   462.66 ] D: Destroy Node with id: 2464 and name: Entity#2464
[   462.66 ] D: LambdaFunctionPointerVoidReturnType class `public: __cdecl DGE::Scene::DEntity::DEntity(class std::shared_ptr<class DGE::GFX::GCore::Renderer>,class std::shared_ptr<class DGE::Core::System::Context>) __ptr64'::`2'::<lambda_1> Is Destroyed
[   462.66 ] D: Destroy Node with id: 2464 and name: Entity#2464
[   462.66 ] D: LambdaFunctionPointerVoidReturnType class `public: __cdecl DGE::Scene::Node::Node(class std::shared_ptr<class DGE::GFX::GCore::Renderer>,class std::shared_ptr<class DGE::Core::System::Context>) __ptr64'::`2'::<lambda_1> Is Destroyed
[   462.66 ] D: LambdaFunctionPointerVoidReturnType class `public: void __cdecl DGE::QtWrapper::QMLScene::QNode3D::localScaleInitialize(void) __ptr64'::`5'::<lambda_1> Is Destroyed
[   462.66 ] D: LambdaFunctionPointerVoidReturnType class `public: void __cdecl DGE::QtWrapper::QMLScene::QNode3D::localRotationInitialize(void) __ptr64'::`5'::<lambda_1> Is Destroyed
[   462.66 ] D: LambdaFunctionPointerVoidReturnType class `public: void __cdecl DGE::QtWrapper::QMLScene::QNode3D::localPositionInitialize(void) __ptr64'::`5'::<lambda_1> Is Destroyed
[   462.66 ] D: Destroy Node with id: 2465 and name: 
[   462.66 ] D: LambdaFunctionPointerVoidReturnType class `public: __cdecl DGE::Scene::Node::Node(class std::shared_ptr<class DGE::GFX::GCore::Renderer>,class std::shared_ptr<class DGE::Core::System::Context>) __ptr64'::`2'::<lambda_1> Is Destroyed
[   462.66 ] D: Destroy Node with id: 2466 and name: Entity#2466
[   462.66 ] D: LambdaFunctionPointerVoidReturnType class `public: __cdecl DGE::Scene::DEntity::DEntity(class std::shared_ptr<class DGE::GFX::GCore::Renderer>,class std::shared_ptr<class DGE::Core::System::Context>) __ptr64'::`2'::<lambda_1> Is Destroyed
[   462.66 ] D: Destroy Node with id: 2466 and name: Entity#2466
[   462.66 ] D: LambdaFunctionPointerVoidReturnType class `public: __cdecl DGE::Scene::Node::Node(class std::shared_ptr<class DGE::GFX::GCore::Renderer>,class std::shared_ptr<class DGE::Core::System::Context>) __ptr64'::`2'::<lambda_1> Is Destroyed
[   462.66 ] D: LambdaFunctionPointerVoidReturnType class `public: void __cdecl DGE::QtWrapper::QMLScene::QNode3D::localScaleInitialize(void) __ptr64'::`5'::<lambda_1> Is Destroyed
[   462.66 ] D: LambdaFunctionPointerVoidReturnType class `public: void __cdecl DGE::QtWrapper::QMLScene::QNode3D::localRotationInitialize(void) __ptr64'::`5'::<lambda_1> Is Destroyed
[   462.66 ] D: LambdaFunctionPointerVoidReturnType class `public: void __cdecl DGE::QtWrapper::QMLScene::QNode3D::localPositionInitialize(void) __ptr64'::`5'::<lambda_1> Is Destroyed
[   462.66 ] D: Destroy Node with id: 2467 and name: 
[   462.66 ] D: LambdaFunctionPointerVoidReturnType class `public: __cdecl DGE::Scene::Node::Node(class std::shared_ptr<class DGE::GFX::GCore::Renderer>,class std::shared_ptr<class DGE::Core::System::Context>) __ptr64'::`2'::<lambda_1> Is Destroyed
[   462.66 ] D: Destroy Node with id: 2468 and name: Entity#2468
[   462.66 ] D: LambdaFunctionPointerVoidReturnType class `public: __cdecl DGE::Scene::DEntity::DEntity(class std::shared_ptr<class DGE::GFX::GCore::Renderer>,class std::shared_ptr<class DGE::Core::System::Context>) __ptr64'::`2'::<lambda_1> Is Destroyed
[   462.66 ] D: Destroy Node with id: 2468 and name: Entity#2468
[   462.66 ] D: LambdaFunctionPointerVoidReturnType class `public: __cdecl DGE::Scene::Node::Node(class std::shared_ptr<class DGE::GFX::GCore::Renderer>,class std::shared_ptr<class DGE::Core::System::Context>) __ptr64'::`2'::<lambda_1> Is Destroyed
[   462.66 ] D: LambdaFunctionPointerVoidReturnType class `public: void __cdecl DGE::QtWrapper::QMLScene::QNode3D::localScaleInitialize(void) __ptr64'::`5'::<lambda_1> Is Destroyed
[   462.66 ] D: LambdaFunctionPointerVoidReturnType class `public: void __cdecl DGE::QtWrapper::QMLScene::QNode3D::localRotationInitialize(void) __ptr64'::`5'::<lambda_1> Is Destroyed
[   462.66 ] D: LambdaFunctionPointerVoidReturnType class `public: void __cdecl DGE::QtWrapper::QMLScene::QNode3D::localPositionInitialize(void) __ptr64'::`5'::<lambda_1> Is Destroyed
[   462.66 ] D: Destroy Node with id: 2469 and name: 
[   462.66 ] D: LambdaFunctionPointerVoidReturnType class `public: __cdecl DGE::Scene::Node::Node(class std::shared_ptr<class DGE::GFX::GCore::Renderer>,class std::shared_ptr<class DGE::Core::System::Context>) __ptr64'::`2'::<lambda_1> Is Destroyed
[   462.66 ] D: Destroy Node with id: 2472 and name: Entity#2472
[   462.66 ] D: LambdaFunctionPointerVoidReturnType class `public: __cdecl DGE::Scene::DEntity::DEntity(class std::shared_ptr<class DGE::GFX::GCore::Renderer>,class std::shared_ptr<class DGE::Core::System::Context>) __ptr64'::`2'::<lambda_1> Is Destroyed
[   462.66 ] D: Destroy Node with id: 2472 and name: Entity#2472
[   462.66 ] D: LambdaFunctionPointerVoidReturnType class `public: __cdecl DGE::Scene::Node::Node(class std::shared_ptr<class DGE::GFX::GCore::Renderer>,class std::shared_ptr<class DGE::Core::System::Context>) __ptr64'::`2'::<lambda_1> Is Destroyed
[   462.66 ] D: LambdaFunctionPointerVoidReturnType class `public: void __cdecl DGE::QtWrapper::QMLScene::QNode3D::localScaleInitialize(void) __ptr64'::`5'::<lambda_1> Is Destroyed
[   462.66 ] D: LambdaFunctionPointerVoidReturnType class `public: void __cdecl DGE::QtWrapper::QMLScene::QNode3D::localRotationInitialize(void) __ptr64'::`5'::<lambda_1> Is Destroyed
[   462.66 ] D: LambdaFunctionPointerVoidReturnType class `public: void __cdecl DGE::QtWrapper::QMLScene::QNode3D::localPositionInitialize(void) __ptr64'::`5'::<lambda_1> Is Destroyed
[   462.66 ] D: Destroy Node with id: 2473 and name: 
[   462.66 ] D: LambdaFunctionPointerVoidReturnType class `public: __cdecl DGE::Scene::Node::Node(class std::shared_ptr<class DGE::GFX::GCore::Renderer>,class std::shared_ptr<class DGE::Core::System::Context>) __ptr64'::`2'::<lambda_1> Is Destroyed
[   462.66 ] D: Destroy Node with id: 2478 and name: Entity#2478
[   462.66 ] D: LambdaFunctionPointerVoidReturnType class `public: __cdecl DGE::Scene::DEntity::DEntity(class std::shared_ptr<class DGE::GFX::GCore::Renderer>,class std::shared_ptr<class DGE::Core::System::Context>) __ptr64'::`2'::<lambda_1> Is Destroyed
[   462.66 ] D: Destroy Node with id: 2478 and name: Entity#2478
[   462.66 ] D: LambdaFunctionPointerVoidReturnType class `public: __cdecl DGE::Scene::Node::Node(class std::shared_ptr<class DGE::GFX::GCore::Renderer>,class std::shared_ptr<class DGE::Core::System::Context>) __ptr64'::`2'::<lambda_1> Is Destroyed
[   462.66 ] D: LambdaFunctionPointerVoidReturnType class `public: void __cdecl DGE::QtWrapper::QMLScene::QNode3D::localScaleInitialize(void) __ptr64'::`5'::<lambda_1> Is Destroyed
[   462.66 ] D: LambdaFunctionPointerVoidReturnType class `public: void __cdecl DGE::QtWrapper::QMLScene::QNode3D::localRotationInitialize(void) __ptr64'::`5'::<lambda_1> Is Destroyed
[   462.66 ] D: LambdaFunctionPointerVoidReturnType class `public: void __cdecl DGE::QtWrapper::QMLScene::QNode3D::localPositionInitialize(void) __ptr64'::`5'::<lambda_1> Is Destroyed
[   462.66 ] D: Destroy Node with id: 2479 and name: 
[   462.66 ] D: LambdaFunctionPointerVoidReturnType class `public: __cdecl DGE::Scene::Node::Node(class std::shared_ptr<class DGE::GFX::GCore::Renderer>,class std::shared_ptr<class DGE::Core::System::Context>) __ptr64'::`2'::<lambda_1> Is Destroyed
[   462.66 ] D: Destroy Node with id: 2480 and name: Entity#2480
[   462.66 ] D: LambdaFunctionPointerVoidReturnType class `public: __cdecl DGE::Scene::DEntity::DEntity(class std::shared_ptr<class DGE::GFX::GCore::Renderer>,class std::shared_ptr<class DGE::Core::System::Context>) __ptr64'::`2'::<lambda_1> Is Destroyed
[   462.66 ] D: Destroy Node with id: 2480 and name: Entity#2480
[   462.66 ] D: LambdaFunctionPointerVoidReturnType class `public: __cdecl DGE::Scene::Node::Node(class std::shared_ptr<class DGE::GFX::GCore::Renderer>,class std::shared_ptr<class DGE::Core::System::Context>) __ptr64'::`2'::<lambda_1> Is Destroyed
[   462.66 ] D: LambdaFunctionPointerVoidReturnType class `public: void __cdecl DGE::QtWrapper::QMLScene::QNode3D::localScaleInitialize(void) __ptr64'::`5'::<lambda_1> Is Destroyed
[   462.66 ] D: LambdaFunctionPointerVoidReturnType class `public: void __cdecl DGE::QtWrapper::QMLScene::QNode3D::localRotationInitialize(void) __ptr64'::`5'::<lambda_1> Is Destroyed
[   462.66 ] D: LambdaFunctionPointerVoidReturnType class `public: void __cdecl DGE::QtWrapper::QMLScene::QNode3D::localPositionInitialize(void) __ptr64'::`5'::<lambda_1> Is Destroyed
[   462.66 ] D: Destroy Node with id: 2481 and name: 
[   462.66 ] D: LambdaFunctionPointerVoidReturnType class `public: __cdecl DGE::Scene::Node::Node(class std::shared_ptr<class DGE::GFX::GCore::Renderer>,class std::shared_ptr<class DGE::Core::System::Context>) __ptr64'::`2'::<lambda_1> Is Destroyed
[   462.66 ] D: Destroy Node with id: 2482 and name: Entity#2482
[   462.66 ] D: LambdaFunctionPointerVoidReturnType class `public: __cdecl DGE::Scene::DEntity::DEntity(class std::shared_ptr<class DGE::GFX::GCore::Renderer>,class std::shared_ptr<class DGE::Core::System::Context>) __ptr64'::`2'::<lambda_1> Is Destroyed
[   462.66 ] D: Destroy Node with id: 2482 and name: Entity#2482
[   462.66 ] D: LambdaFunctionPointerVoidReturnType class `public: __cdecl DGE::Scene::Node::Node(class std::shared_ptr<class DGE::GFX::GCore::Renderer>,class std::shared_ptr<class DGE::Core::System::Context>) __ptr64'::`2'::<lambda_1> Is Destroyed
[   462.66 ] D: LambdaFunctionPointerVoidReturnType class `public: void __cdecl DGE::QtWrapper::QMLScene::QNode3D::localScaleInitialize(void) __ptr64'::`5'::<lambda_1> Is Destroyed
[   462.66 ] D: LambdaFunctionPointerVoidReturnType class `public: void __cdecl DGE::QtWrapper::QMLScene::QNode3D::localRotationInitialize(void) __ptr64'::`5'::<lambda_1> Is Destroyed
[   462.66 ] D: LambdaFunctionPointerVoidReturnType class `public: void __cdecl DGE::QtWrapper::QMLScene::QNode3D::localPositionInitialize(void) __ptr64'::`5'::<lambda_1> Is Destroyed
[   462.66 ] D: Destroy Node with id: 2483 and name: 
[   462.66 ] D: LambdaFunctionPointerVoidReturnType class `public: __cdecl DGE::Scene::Node::Node(class std::shared_ptr<class DGE::GFX::GCore::Renderer>,class std::shared_ptr<class DGE::Core::System::Context>) __ptr64'::`2'::<lambda_1> Is Destroyed
[   462.66 ] D: Destroy Node with id: 2484 and name: CubeEntity#2484
[   462.66 ] D: LambdaFunctionPointerVoidReturnType class `public: __cdecl DGE::Scene::DEntity::DEntity(class std::shared_ptr<class DGE::GFX::GCore::Renderer>,class std::shared_ptr<class DGE::Core::System::Context>) __ptr64'::`2'::<lambda_1> Is Destroyed
[   462.66 ] D: Destroy Node with id: 2484 and name: CubeEntity#2484
[   462.66 ] D: LambdaFunctionPointerVoidReturnType class `public: __cdecl DGE::Scene::Node::Node(class std::shared_ptr<class DGE::GFX::GCore::Renderer>,class std::shared_ptr<class DGE::Core::System::Context>) __ptr64'::`2'::<lambda_1> Is Destroyed
[   462.66 ] D: LambdaFunctionPointerVoidReturnType class `public: void __cdecl DGE::QtWrapper::QMLScene::QNode3D::localScaleInitialize(void) __ptr64'::`5'::<lambda_1> Is Destroyed
[   462.66 ] D: LambdaFunctionPointerVoidReturnType class `public: void __cdecl DGE::QtWrapper::QMLScene::QNode3D::localRotationInitialize(void) __ptr64'::`5'::<lambda_1> Is Destroyed
[   462.66 ] D: LambdaFunctionPointerVoidReturnType class `public: void __cdecl DGE::QtWrapper::QMLScene::QNode3D::localPositionInitialize(void) __ptr64'::`5'::<lambda_1> Is Destroyed
[   462.66 ] D: LambdaFunctionPointerVoidReturnType class `public: void __cdecl DGE::QtWrapper::QMLScene::QNode3D::localScaleInitialize(void) __ptr64'::`5'::<lambda_1> Is Destroyed
[   462.66 ] D: LambdaFunctionPointerVoidReturnType class `public: void __cdecl DGE::QtWrapper::QMLScene::QNode3D::localRotationInitialize(void) __ptr64'::`5'::<lambda_1> Is Destroyed
[   462.66 ] D: LambdaFunctionPointerVoidReturnType class `public: void __cdecl DGE::QtWrapper::QMLScene::QNode3D::localPositionInitialize(void) __ptr64'::`5'::<lambda_1> Is Destroyed
[   462.66 ] D: Destroy Node with id: 2485 and name: 
[   462.66 ] D: LambdaFunctionPointerVoidReturnType class `public: __cdecl DGE::Scene::Node::Node(class std::shared_ptr<class DGE::GFX::GCore::Renderer>,class std::shared_ptr<class DGE::Core::System::Context>) __ptr64'::`2'::<lambda_1> Is Destroyed
[   462.67 ] D: Destroy Node with id: 2486 and name: 
[   462.67 ] D: LambdaFunctionPointerVoidReturnType class `public: __cdecl DGE::Scene::Node::Node(class std::shared_ptr<class DGE::GFX::GCore::Renderer>,class std::shared_ptr<class DGE::Core::System::Context>) __ptr64'::`2'::<lambda_1> Is Destroyed
[   462.67 ] D: LambdaFunctionPointerVoidReturnType class `public: void __cdecl DGE::QtWrapper::QMLScene::QNode3D::localScaleInitialize(void) __ptr64'::`5'::<lambda_1> Is Destroyed
[   462.67 ] D: LambdaFunctionPointerVoidReturnType class `public: void __cdecl DGE::QtWrapper::QMLScene::QNode3D::localRotationInitialize(void) __ptr64'::`5'::<lambda_1> Is Destroyed
[   462.67 ] D: LambdaFunctionPointerVoidReturnType class `public: void __cdecl DGE::QtWrapper::QMLScene::QNode3D::localPositionInitialize(void) __ptr64'::`5'::<lambda_1> Is Destroyed
[   462.67 ] D: Destroy Node with id: 2487 and name: ArrowX#2487
[   462.67 ] D: LambdaFunctionPointerVoidReturnType class `public: __cdecl DGE::Scene::DEntity::DEntity(class std::shared_ptr<class DGE::GFX::GCore::Renderer>,class std::shared_ptr<class DGE::Core::System::Context>) __ptr64'::`2'::<lambda_1> Is Destroyed
[   462.67 ] D: Destroy Node with id: 2487 and name: ArrowX#2487
[   462.67 ] D: LambdaFunctionPointerVoidReturnType class `public: __cdecl DGE::Scene::Node::Node(class std::shared_ptr<class DGE::GFX::GCore::Renderer>,class std::shared_ptr<class DGE::Core::System::Context>) __ptr64'::`2'::<lambda_1> Is Destroyed
[   462.67 ] D: LambdaFunctionPointerVoidReturnType class `public: void __cdecl DGE::QtWrapper::QMLScene::QNode3D::localScaleInitialize(void) __ptr64'::`5'::<lambda_1> Is Destroyed
[   462.67 ] D: LambdaFunctionPointerVoidReturnType class `public: void __cdecl DGE::QtWrapper::QMLScene::QNode3D::localRotationInitialize(void) __ptr64'::`5'::<lambda_1> Is Destroyed
[   462.67 ] D: LambdaFunctionPointerVoidReturnType class `public: void __cdecl DGE::QtWrapper::QMLScene::QNode3D::localPositionInitialize(void) __ptr64'::`5'::<lambda_1> Is Destroyed
[   462.67 ] D: Destroy Node with id: 2488 and name: 
[   462.67 ] D: LambdaFunctionPointerVoidReturnType class `public: __cdecl DGE::Scene::Node::Node(class std::shared_ptr<class DGE::GFX::GCore::Renderer>,class std::shared_ptr<class DGE::Core::System::Context>) __ptr64'::`2'::<lambda_1> Is Destroyed
[   462.67 ] D: Destroy Node with id: 2489 and name: ArrowY#2489
[   462.67 ] D: LambdaFunctionPointerVoidReturnType class `public: __cdecl DGE::Scene::DEntity::DEntity(class std::shared_ptr<class DGE::GFX::GCore::Renderer>,class std::shared_ptr<class DGE::Core::System::Context>) __ptr64'::`2'::<lambda_1> Is Destroyed
[   462.67 ] D: Destroy Node with id: 2489 and name: ArrowY#2489
[   462.67 ] D: LambdaFunctionPointerVoidReturnType class `public: __cdecl DGE::Scene::Node::Node(class std::shared_ptr<class DGE::GFX::GCore::Renderer>,class std::shared_ptr<class DGE::Core::System::Context>) __ptr64'::`2'::<lambda_1> Is Destroyed
[   462.67 ] D: LambdaFunctionPointerVoidReturnType class `public: void __cdecl DGE::QtWrapper::QMLScene::QNode3D::localScaleInitialize(void) __ptr64'::`5'::<lambda_1> Is Destroyed
[   462.67 ] D: LambdaFunctionPointerVoidReturnType class `public: void __cdecl DGE::QtWrapper::QMLScene::QNode3D::localRotationInitialize(void) __ptr64'::`5'::<lambda_1> Is Destroyed
[   462.67 ] D: LambdaFunctionPointerVoidReturnType class `public: void __cdecl DGE::QtWrapper::QMLScene::QNode3D::localPositionInitialize(void) __ptr64'::`5'::<lambda_1> Is Destroyed
[   462.67 ] D: Destroy Node with id: 2490 and name: 
[   462.67 ] D: LambdaFunctionPointerVoidReturnType class `public: __cdecl DGE::Scene::Node::Node(class std::shared_ptr<class DGE::GFX::GCore::Renderer>,class std::shared_ptr<class DGE::Core::System::Context>) __ptr64'::`2'::<lambda_1> Is Destroyed
[   462.67 ] D: Destroy Node with id: 2491 and name: ArrowZ#2491
[   462.67 ] D: LambdaFunctionPointerVoidReturnType class `public: __cdecl DGE::Scene::DEntity::DEntity(class std::shared_ptr<class DGE::GFX::GCore::Renderer>,class std::shared_ptr<class DGE::Core::System::Context>) __ptr64'::`2'::<lambda_1> Is Destroyed
[   462.67 ] D: Destroy Node with id: 2491 and name: ArrowZ#2491
[   462.67 ] D: LambdaFunctionPointerVoidReturnType class `public: __cdecl DGE::Scene::Node::Node(class std::shared_ptr<class DGE::GFX::GCore::Renderer>,class std::shared_ptr<class DGE::Core::System::Context>) __ptr64'::`2'::<lambda_1> Is Destroyed
[   462.67 ] D: LambdaFunctionPointerVoidReturnType class `public: void __cdecl DGE::QtWrapper::QMLScene::QNode3D::localScaleInitialize(void) __ptr64'::`5'::<lambda_1> Is Destroyed
[   462.67 ] D: LambdaFunctionPointerVoidReturnType class `public: void __cdecl DGE::QtWrapper::QMLScene::QNode3D::localRotationInitialize(void) __ptr64'::`5'::<lambda_1> Is Destroyed
[   462.67 ] D: LambdaFunctionPointerVoidReturnType class `public: void __cdecl DGE::QtWrapper::QMLScene::QNode3D::localPositionInitialize(void) __ptr64'::`5'::<lambda_1> Is Destroyed
[   462.67 ] D: Destroy Node with id: 2492 and name: 
[   462.67 ] D: LambdaFunctionPointerVoidReturnType class `public: __cdecl DGE::Scene::Node::Node(class std::shared_ptr<class DGE::GFX::GCore::Renderer>,class std::shared_ptr<class DGE::Core::System::Context>) __ptr64'::`2'::<lambda_1> Is Destroyed
[   462.67 ] D: LambdaFunctionPointerVoidReturnType class `protected: void __cdecl DGE::GFX::Primitives::Arrow::addArrowVerteces(unsigned char,bool) __ptr64'::`5'::<lambda_4> Is Destroyed
[   462.67 ] D: LambdaFunctionPointerVoidReturnType class `protected: void __cdecl DGE::GFX::Primitives::Arrow::addArrowVerteces(unsigned char,bool) __ptr64'::`5'::<lambda_4> Is Destroyed
[   462.67 ] D: LambdaFunctionPointerVoidReturnType class `protected: void __cdecl DGE::GFX::Primitives::Arrow::addArrowVerteces(unsigned char,bool) __ptr64'::`5'::<lambda_4> Is Destroyed
[   462.67 ] D: LambdaFunctionPointerVoidReturnType class `protected: void __cdecl DGE::GFX::Primitives::Arrow::addArrowVerteces(unsigned char,bool) __ptr64'::`5'::<lambda_3> Is Destroyed
[   462.67 ] D: LambdaFunctionPointerVoidReturnType class `protected: void __cdecl DGE::GFX::Primitives::Arrow::addArrowVerteces(unsigned char,bool) __ptr64'::`5'::<lambda_3> Is Destroyed
[   462.67 ] D: LambdaFunctionPointerVoidReturnType class `protected: void __cdecl DGE::GFX::Primitives::Arrow::addArrowVerteces(unsigned char,bool) __ptr64'::`5'::<lambda_3> Is Destroyed
[   462.67 ] D: LambdaFunctionPointerVoidReturnType class `protected: void __cdecl DGE::GFX::Primitives::Arrow::addArrowVerteces(unsigned char,bool) __ptr64'::`5'::<lambda_2> Is Destroyed
[   462.67 ] D: LambdaFunctionPointerVoidReturnType class `protected: void __cdecl DGE::GFX::Primitives::Arrow::addArrowVerteces(unsigned char,bool) __ptr64'::`5'::<lambda_2> Is Destroyed
[   462.67 ] D: LambdaFunctionPointerVoidReturnType class `protected: void __cdecl DGE::GFX::Primitives::Arrow::addArrowVerteces(unsigned char,bool) __ptr64'::`5'::<lambda_2> Is Destroyed
[   462.67 ] D: LambdaFunctionPointerVoidReturnType class `protected: void __cdecl DGE::GFX::Primitives::Arrow::addArrowVerteces(unsigned char,bool) __ptr64'::`5'::<lambda_1> Is Destroyed
[   462.67 ] D: LambdaFunctionPointerVoidReturnType class `protected: void __cdecl DGE::GFX::Primitives::Arrow::addArrowVerteces(unsigned char,bool) __ptr64'::`5'::<lambda_1> Is Destroyed
[   462.67 ] D: LambdaFunctionPointerVoidReturnType class `protected: void __cdecl DGE::GFX::Primitives::Arrow::addArrowVerteces(unsigned char,bool) __ptr64'::`5'::<lambda_1> Is Destroyed
[   462.67 ] D: LambdaFunctionPointerVoidReturnType class `protected: void __cdecl DGE::GFX::Primitives::Arrow::addArrowVerteces(unsigned char,bool) __ptr64'::`5'::<lambda_4> Is Destroyed
[   462.67 ] D: LambdaFunctionPointerVoidReturnType class `protected: void __cdecl DGE::GFX::Primitives::Arrow::addArrowVerteces(unsigned char,bool) __ptr64'::`5'::<lambda_3> Is Destroyed
[   462.67 ] D: LambdaFunctionPointerVoidReturnType class `protected: void __cdecl DGE::GFX::Primitives::Arrow::addArrowVerteces(unsigned char,bool) __ptr64'::`5'::<lambda_2> Is Destroyed
[   462.67 ] D: LambdaFunctionPointerVoidReturnType class `protected: void __cdecl DGE::GFX::Primitives::Arrow::addArrowVerteces(unsigned char,bool) __ptr64'::`5'::<lambda_1> Is Destroyed
[   462.67 ] D: LambdaFunctionPointerVoidReturnType class `protected: void __cdecl DGE::GFX::Primitives::Arrow::addArrowVerteces(unsigned char,bool) __ptr64'::`5'::<lambda_4> Is Destroyed
[   462.67 ] D: LambdaFunctionPointerVoidReturnType class `protected: void __cdecl DGE::GFX::Primitives::Arrow::addArrowVerteces(unsigned char,bool) __ptr64'::`5'::<lambda_3> Is Destroyed
[   462.67 ] D: LambdaFunctionPointerVoidReturnType class `protected: void __cdecl DGE::GFX::Primitives::Arrow::addArrowVerteces(unsigned char,bool) __ptr64'::`5'::<lambda_2> Is Destroyed
[   462.67 ] D: LambdaFunctionPointerVoidReturnType class `protected: void __cdecl DGE::GFX::Primitives::Arrow::addArrowVerteces(unsigned char,bool) __ptr64'::`5'::<lambda_1> Is Destroyed
[   462.68 ] D: LambdaFunctionPointerVoidReturnType class `protected: void __cdecl DGE::GFX::Primitives::Arrow::addArrowVerteces(unsigned char,bool) __ptr64'::`5'::<lambda_4> Is Destroyed
[   462.68 ] D: LambdaFunctionPointerVoidReturnType class `protected: void __cdecl DGE::GFX::Primitives::Arrow::addArrowVerteces(unsigned char,bool) __ptr64'::`5'::<lambda_3> Is Destroyed
[   462.68 ] D: LambdaFunctionPointerVoidReturnType class `protected: void __cdecl DGE::GFX::Primitives::Arrow::addArrowVerteces(unsigned char,bool) __ptr64'::`5'::<lambda_2> Is Destroyed
[   462.68 ] D: LambdaFunctionPointerVoidReturnType class `protected: void __cdecl DGE::GFX::Primitives::Arrow::addArrowVerteces(unsigned char,bool) __ptr64'::`5'::<lambda_1> Is Destroyed
[   462.68 ] D: LambdaFunctionPointerVoidReturnType class `protected: virtual void __cdecl DGE::GFX::Primitives::Triangle::regenerateVertices(bool) __ptr64'::`5'::<lambda_3> Is Destroyed
[   462.68 ] D: LambdaFunctionPointerVoidReturnType class `protected: virtual void __cdecl DGE::GFX::Primitives::Triangle::regenerateVertices(bool) __ptr64'::`5'::<lambda_2> Is Destroyed
[   462.68 ] D: LambdaFunctionPointerVoidReturnType class `protected: virtual void __cdecl DGE::GFX::Primitives::Triangle::regenerateVertices(bool) __ptr64'::`5'::<lambda_1> Is Destroyed
[   462.68 ] D: LambdaFunctionPointerVoidReturnType class `protected: virtual void __cdecl DGE::GFX::Primitives::Capsule::regenerateVertices(bool) __ptr64'::`5'::<lambda_4> Is Destroyed
[   462.68 ] D: LambdaFunctionPointerVoidReturnType class `protected: virtual void __cdecl DGE::GFX::Primitives::Capsule::regenerateVertices(bool) __ptr64'::`5'::<lambda_3> Is Destroyed
[   462.68 ] D: LambdaFunctionPointerVoidReturnType class `protected: virtual void __cdecl DGE::GFX::Primitives::Capsule::regenerateVertices(bool) __ptr64'::`5'::<lambda_2> Is Destroyed
[   462.68 ] D: LambdaFunctionPointerVoidReturnType class `protected: virtual void __cdecl DGE::GFX::Primitives::Capsule::regenerateVertices(bool) __ptr64'::`5'::<lambda_1> Is Destroyed
[   462.68 ] D: LambdaFunctionPointerVoidReturnType class `protected: virtual void __cdecl DGE::GFX::Primitives::Capsule::regenerateVertices(bool) __ptr64'::`5'::<lambda_4> Is Destroyed
[   462.68 ] D: LambdaFunctionPointerVoidReturnType class `protected: virtual void __cdecl DGE::GFX::Primitives::Capsule::regenerateVertices(bool) __ptr64'::`5'::<lambda_3> Is Destroyed
[   462.68 ] D: LambdaFunctionPointerVoidReturnType class `protected: virtual void __cdecl DGE::GFX::Primitives::Capsule::regenerateVertices(bool) __ptr64'::`5'::<lambda_2> Is Destroyed
[   462.68 ] D: LambdaFunctionPointerVoidReturnType class `protected: virtual void __cdecl DGE::GFX::Primitives::Capsule::regenerateVertices(bool) __ptr64'::`5'::<lambda_1> Is Destroyed
[   462.68 ] D: LambdaFunctionPointerVoidReturnType class `protected: virtual void __cdecl DGE::GFX::Primitives::Cylinder::regenerateVertices(bool) __ptr64'::`5'::<lambda_4> Is Destroyed
[   462.68 ] D: LambdaFunctionPointerVoidReturnType class `protected: virtual void __cdecl DGE::GFX::Primitives::Cylinder::regenerateVertices(bool) __ptr64'::`5'::<lambda_3> Is Destroyed
[   462.68 ] D: LambdaFunctionPointerVoidReturnType class `protected: virtual void __cdecl DGE::GFX::Primitives::Cylinder::regenerateVertices(bool) __ptr64'::`5'::<lambda_2> Is Destroyed
[   462.68 ] D: LambdaFunctionPointerVoidReturnType class `protected: virtual void __cdecl DGE::GFX::Primitives::Cylinder::regenerateVertices(bool) __ptr64'::`5'::<lambda_1> Is Destroyed
[   462.69 ] D: LambdaFunctionPointerVoidReturnType class `protected: virtual void __cdecl DGE::GFX::Primitives::Cylinder::regenerateVertices(bool) __ptr64'::`5'::<lambda_4> Is Destroyed
[   462.69 ] D: LambdaFunctionPointerVoidReturnType class `protected: virtual void __cdecl DGE::GFX::Primitives::Cylinder::regenerateVertices(bool) __ptr64'::`5'::<lambda_3> Is Destroyed
[   462.69 ] D: LambdaFunctionPointerVoidReturnType class `protected: virtual void __cdecl DGE::GFX::Primitives::Cylinder::regenerateVertices(bool) __ptr64'::`5'::<lambda_2> Is Destroyed
[   462.69 ] D: LambdaFunctionPointerVoidReturnType class `protected: virtual void __cdecl DGE::GFX::Primitives::Cylinder::regenerateVertices(bool) __ptr64'::`5'::<lambda_1> Is Destroyed
[   462.69 ] D: LambdaFunctionPointerVoidReturnType class `protected: virtual void __cdecl DGE::GFX::Primitives::Sphere::regenerateVertices(bool) __ptr64'::`5'::<lambda_2> Is Destroyed
[   462.69 ] D: LambdaFunctionPointerVoidReturnType class `protected: virtual void __cdecl DGE::GFX::Primitives::Sphere::regenerateVertices(bool) __ptr64'::`5'::<lambda_1> Is Destroyed
[   462.69 ] D: LambdaFunctionPointerVoidReturnType class `protected: virtual void __cdecl DGE::GFX::Primitives::Sphere::regenerateVertices(bool) __ptr64'::`5'::<lambda_2> Is Destroyed
[   462.69 ] D: LambdaFunctionPointerVoidReturnType class `protected: virtual void __cdecl DGE::GFX::Primitives::Sphere::regenerateVertices(bool) __ptr64'::`5'::<lambda_1> Is Destroyed
[   462.69 ] D: LambdaFunctionPointerVoidReturnType class `protected: virtual void __cdecl DGE::GFX::Primitives::Cube::regenerateVertices(bool) __ptr64'::`5'::<lambda_4> Is Destroyed
[   462.69 ] D: LambdaFunctionPointerVoidReturnType class `protected: virtual void __cdecl DGE::GFX::Primitives::Cube::regenerateVertices(bool) __ptr64'::`5'::<lambda_3> Is Destroyed
[   462.69 ] D: LambdaFunctionPointerVoidReturnType class `protected: virtual void __cdecl DGE::GFX::Primitives::Cube::regenerateVertices(bool) __ptr64'::`5'::<lambda_2> Is Destroyed
[   462.69 ] D: LambdaFunctionPointerVoidReturnType class `protected: virtual void __cdecl DGE::GFX::Primitives::Cube::regenerateVertices(bool) __ptr64'::`5'::<lambda_1> Is Destroyed
[   462.70 ] D: LambdaFunctionPointerVoidReturnType class `protected: virtual void __cdecl DGE::GFX::Primitives::Cube::regenerateVertices(bool) __ptr64'::`5'::<lambda_4> Is Destroyed
[   462.70 ] D: LambdaFunctionPointerVoidReturnType class `protected: virtual void __cdecl DGE::GFX::Primitives::Cube::regenerateVertices(bool) __ptr64'::`5'::<lambda_3> Is Destroyed
[   462.70 ] D: LambdaFunctionPointerVoidReturnType class `protected: virtual void __cdecl DGE::GFX::Primitives::Cube::regenerateVertices(bool) __ptr64'::`5'::<lambda_2> Is Destroyed
[   462.70 ] D: LambdaFunctionPointerVoidReturnType class `protected: virtual void __cdecl DGE::GFX::Primitives::Cube::regenerateVertices(bool) __ptr64'::`5'::<lambda_1> Is Destroyed
[   462.70 ] D: LambdaFunctionPointerVoidReturnType class `protected: virtual void __cdecl DGE::GFX::Primitives::Cube::regenerateVertices(bool) __ptr64'::`5'::<lambda_4> Is Destroyed
[   462.70 ] D: LambdaFunctionPointerVoidReturnType class `protected: virtual void __cdecl DGE::GFX::Primitives::Cube::regenerateVertices(bool) __ptr64'::`5'::<lambda_3> Is Destroyed
[   462.70 ] D: LambdaFunctionPointerVoidReturnType class `protected: virtual void __cdecl DGE::GFX::Primitives::Cube::regenerateVertices(bool) __ptr64'::`5'::<lambda_2> Is Destroyed
[   462.70 ] D: LambdaFunctionPointerVoidReturnType class `protected: virtual void __cdecl DGE::GFX::Primitives::Cube::regenerateVertices(bool) __ptr64'::`5'::<lambda_1> Is Destroyed
[   462.70 ] D: LambdaFunctionPointerVoidReturnType class `protected: virtual void __cdecl DGE::GFX::Primitives::Cube::regenerateVertices(bool) __ptr64'::`5'::<lambda_4> Is Destroyed
[   462.70 ] D: LambdaFunctionPointerVoidReturnType class `protected: virtual void __cdecl DGE::GFX::Primitives::Cube::regenerateVertices(bool) __ptr64'::`5'::<lambda_3> Is Destroyed
[   462.70 ] D: LambdaFunctionPointerVoidReturnType class `protected: virtual void __cdecl DGE::GFX::Primitives::Cube::regenerateVertices(bool) __ptr64'::`5'::<lambda_2> Is Destroyed
[   462.70 ] D: LambdaFunctionPointerVoidReturnType class `protected: virtual void __cdecl DGE::GFX::Primitives::Cube::regenerateVertices(bool) __ptr64'::`5'::<lambda_1> Is Destroyed
[   462.70 ] D: LambdaFunctionPointerVoidReturnType class `protected: virtual void __cdecl DGE::GFX::Primitives::Cube::regenerateVertices(bool) __ptr64'::`5'::<lambda_4> Is Destroyed
[   462.70 ] D: LambdaFunctionPointerVoidReturnType class `protected: virtual void __cdecl DGE::GFX::Primitives::Cube::regenerateVertices(bool) __ptr64'::`5'::<lambda_3> Is Destroyed
[   462.70 ] D: LambdaFunctionPointerVoidReturnType class `protected: virtual void __cdecl DGE::GFX::Primitives::Cube::regenerateVertices(bool) __ptr64'::`5'::<lambda_2> Is Destroyed
[   462.70 ] D: LambdaFunctionPointerVoidReturnType class `protected: virtual void __cdecl DGE::GFX::Primitives::Cube::regenerateVertices(bool) __ptr64'::`5'::<lambda_1> Is Destroyed
[   462.70 ] D: LambdaFunctionPointerVoidReturnType class `public: __cdecl DGE::Scene::AnimationController::AnimationController(class std::shared_ptr<class DGE::GFX::GCore::Renderer>,class std::shared_ptr<class DGE::Core::System::Context>) __ptr64'::`2'::<lambda_1> Is Destroyed
[   462.70 ] D: LambdaFunctionPointerVoidReturnType class `public: virtual bool __cdecl DGE::Scene::AnimationController::initialize(class std::map<class DGE::Core::BaseType::DString,class std::any,struct std::less<class DGE::Core::BaseType::DString>,class std::allocator<struct std::pair<class DGE::Core::BaseType::DString const ,class std::any> > > & __ptr64) __ptr64'::`2'::<lambda_2> Is Destroyed
[   462.70 ] D: LambdaFunctionPointer class `public: virtual bool __cdecl DGE::Scene::AnimationController::initialize(class std::map<class DGE::Core::BaseType::DString,class std::any,struct std::less<class DGE::Core::BaseType::DString>,class std::allocator<struct std::pair<class DGE::Core::BaseType::DString const ,class std::any> > > & __ptr64) __ptr64'::`2'::<lambda_1> Is Destroyed
[   462.70 ] D: LambdaFunctionPointerVoidReturnType class `protected: virtual void __cdecl DGE::GFX::Primitives::Sphere::regenerateVertices(bool) __ptr64'::`5'::<lambda_2> Is Destroyed
[   462.70 ] D: LambdaFunctionPointerVoidReturnType class `protected: virtual void __cdecl DGE::GFX::Primitives::Sphere::regenerateVertices(bool) __ptr64'::`5'::<lambda_1> Is Destroyed
[   462.70 ] D: LambdaFunctionPointerVoidReturnType class `public: void __cdecl DGE::QtWrapper::QMLScene::QDShader::fragmentSourceCodeInitialize(void) __ptr64'::`5'::<lambda_1> Is Destroyed
[   462.70 ] D: LambdaFunctionPointerVoidReturnType class `public: void __cdecl DGE::QtWrapper::QMLScene::QDShader::fragmentSourceCodeInitialize(void) __ptr64'::`5'::<lambda_1> Is Destroyed
[   462.70 ] D: LambdaFunctionPointerVoidReturnType class `public: void __cdecl DGE::QtWrapper::QMLScene::QDShader::fragmentSourceCodeInitialize(void) __ptr64'::`5'::<lambda_1> Is Destroyed
[   462.70 ] D: LambdaFunctionPointerVoidReturnType class `public: void __cdecl DGE::QtWrapper::QMLScene::QDShader::fragmentSourceCodeInitialize(void) __ptr64'::`5'::<lambda_1> Is Destroyed
[   462.70 ] D: LambdaFunctionPointerVoidReturnType class `public: void __cdecl DGE::QtWrapper::QMLScene::QDShader::fragmentSourceCodeInitialize(void) __ptr64'::`5'::<lambda_1> Is Destroyed
[   462.70 ] D: LambdaFunctionPointerVoidReturnType class `public: void __cdecl DGE::QtWrapper::QMLScene::QDShader::fragmentSourceCodeInitialize(void) __ptr64'::`5'::<lambda_1> Is Destroyed
[   462.70 ] D: LambdaFunctionPointerVoidReturnType class `public: void __cdecl DGE::QtWrapper::QMLScene::QDShader::fragmentSourceCodeInitialize(void) __ptr64'::`5'::<lambda_1> Is Destroyed
[   462.70 ] D: LambdaFunctionPointerVoidReturnType class `public: void __cdecl DGE::QtWrapper::QMLScene::QDShader::fragmentSourceCodeInitialize(void) __ptr64'::`5'::<lambda_1> Is Destroyed
[   462.70 ] D: LambdaFunctionPointerVoidReturnType class `public: void __cdecl DGE::QtWrapper::QMLScene::QDShader::fragmentSourceCodeInitialize(void) __ptr64'::`5'::<lambda_1> Is Destroyed
[   462.70 ] D: LambdaFunctionPointerVoidReturnType class `public: void __cdecl DGE::QtWrapper::QMLScene::QDShader::fragmentSourceCodeInitialize(void) __ptr64'::`5'::<lambda_1> Is Destroyed
[   462.70 ] D: LambdaFunctionPointerVoidReturnType class `public: void __cdecl DGE::QtWrapper::QMLScene::QDShader::fragmentSourceCodeInitialize(void) __ptr64'::`5'::<lambda_1> Is Destroyed
[   462.70 ] D: LambdaFunctionPointerVoidReturnType class `public: void __cdecl DGE::QtWrapper::QMLScene::QDShader::fragmentSourceCodeInitialize(void) __ptr64'::`5'::<lambda_1> Is Destroyed
[   462.70 ] D: LambdaFunctionPointerVoidReturnType class `public: void __cdecl DGE::QtWrapper::QMLScene::QDShader::fragmentSourceCodeInitialize(void) __ptr64'::`5'::<lambda_1> Is Destroyed
[   462.70 ] D: LambdaFunctionPointerVoidReturnType class `public: void __cdecl DGE::QtWrapper::QMLScene::QDShader::fragmentSourceCodeInitialize(void) __ptr64'::`5'::<lambda_1> Is Destroyed
[   462.71 ] D: LambdaFunctionPointerVoidReturnType class `public: void __cdecl DGE::QtWrapper::QMLScene::QDShader::fragmentSourceCodeInitialize(void) __ptr64'::`5'::<lambda_1> Is Destroyed
[   462.71 ] D: LambdaFunctionPointerVoidReturnType class `public: void __cdecl DGE::QtWrapper::QMLScene::QDShader::fragmentSourceCodeInitialize(void) __ptr64'::`5'::<lambda_1> Is Destroyed
[   462.71 ] D: LambdaFunctionPointerVoidReturnType class `public: void __cdecl DGE::QtWrapper::QMLScene::QDShader::fragmentSourceCodeInitialize(void) __ptr64'::`5'::<lambda_1> Is Destroyed
[   462.71 ] D: LambdaFunctionPointerVoidReturnType class `public: void __cdecl DGE::QtWrapper::QMLScene::QDShader::vertexSourceCodeInitialize(void) __ptr64'::`5'::<lambda_1> Is Destroyed
[   462.71 ] D: LambdaFunctionPointerVoidReturnType class `public: void __cdecl DGE::QtWrapper::QMLScene::QDShader::vertexSourceCodeInitialize(void) __ptr64'::`5'::<lambda_1> Is Destroyed
[   462.71 ] D: LambdaFunctionPointerVoidReturnType class `public: void __cdecl DGE::QtWrapper::QMLScene::QDShader::vertexSourceCodeInitialize(void) __ptr64'::`5'::<lambda_1> Is Destroyed
[   462.71 ] D: LambdaFunctionPointerVoidReturnType class `public: void __cdecl DGE::QtWrapper::QMLScene::QDShader::vertexSourceCodeInitialize(void) __ptr64'::`5'::<lambda_1> Is Destroyed
[   462.71 ] D: LambdaFunctionPointerVoidReturnType class `public: void __cdecl DGE::QtWrapper::QMLScene::QDShader::vertexSourceCodeInitialize(void) __ptr64'::`5'::<lambda_1> Is Destroyed
[   462.71 ] D: LambdaFunctionPointerVoidReturnType class `public: void __cdecl DGE::QtWrapper::QMLScene::QDShader::vertexSourceCodeInitialize(void) __ptr64'::`5'::<lambda_1> Is Destroyed
[   462.71 ] D: LambdaFunctionPointerVoidReturnType class `public: void __cdecl DGE::QtWrapper::QMLScene::QDShader::vertexSourceCodeInitialize(void) __ptr64'::`5'::<lambda_1> Is Destroyed
[   462.71 ] D: LambdaFunctionPointerVoidReturnType class `public: void __cdecl DGE::QtWrapper::QMLScene::QDShader::vertexSourceCodeInitialize(void) __ptr64'::`5'::<lambda_1> Is Destroyed
[   462.71 ] D: LambdaFunctionPointerVoidReturnType class `public: void __cdecl DGE::QtWrapper::QMLScene::QDShader::vertexSourceCodeInitialize(void) __ptr64'::`5'::<lambda_1> Is Destroyed
[   462.71 ] D: LambdaFunctionPointerVoidReturnType class `public: void __cdecl DGE::QtWrapper::QMLScene::QDShader::vertexSourceCodeInitialize(void) __ptr64'::`5'::<lambda_1> Is Destroyed
[   462.71 ] D: LambdaFunctionPointerVoidReturnType class `public: void __cdecl DGE::QtWrapper::QMLScene::QDShader::vertexSourceCodeInitialize(void) __ptr64'::`5'::<lambda_1> Is Destroyed
[   462.71 ] D: LambdaFunctionPointerVoidReturnType class `public: void __cdecl DGE::QtWrapper::QMLScene::QDShader::vertexSourceCodeInitialize(void) __ptr64'::`5'::<lambda_1> Is Destroyed
[   462.71 ] D: LambdaFunctionPointerVoidReturnType class `public: void __cdecl DGE::QtWrapper::QMLScene::QDShader::vertexSourceCodeInitialize(void) __ptr64'::`5'::<lambda_1> Is Destroyed
[   462.71 ] D: LambdaFunctionPointerVoidReturnType class `public: void __cdecl DGE::QtWrapper::QMLScene::QDShader::vertexSourceCodeInitialize(void) __ptr64'::`5'::<lambda_1> Is Destroyed
[   462.71 ] D: LambdaFunctionPointerVoidReturnType class `public: void __cdecl DGE::QtWrapper::QMLScene::QDShader::vertexSourceCodeInitialize(void) __ptr64'::`5'::<lambda_1> Is Destroyed
[   462.71 ] D: LambdaFunctionPointerVoidReturnType class `public: void __cdecl DGE::QtWrapper::QMLScene::QDShader::vertexSourceCodeInitialize(void) __ptr64'::`5'::<lambda_1> Is Destroyed
[   462.71 ] D: LambdaFunctionPointerVoidReturnType class `public: void __cdecl DGE::QtWrapper::QMLScene::QDShader::vertexSourceCodeInitialize(void) __ptr64'::`5'::<lambda_1> Is Destroyed
[   462.71 ] D: LambdaFunctionPointerVoidReturnType class `protected: virtual void __cdecl DGE::GFX::Primitives::Cube::regenerateVertices(bool) __ptr64'::`5'::<lambda_4> Is Destroyed
[   462.71 ] D: LambdaFunctionPointerVoidReturnType class `protected: virtual void __cdecl DGE::GFX::Primitives::Cube::regenerateVertices(bool) __ptr64'::`5'::<lambda_3> Is Destroyed
[   462.71 ] D: LambdaFunctionPointerVoidReturnType class `protected: virtual void __cdecl DGE::GFX::Primitives::Cube::regenerateVertices(bool) __ptr64'::`5'::<lambda_2> Is Destroyed
[   462.71 ] D: LambdaFunctionPointerVoidReturnType class `protected: virtual void __cdecl DGE::GFX::Primitives::Cube::regenerateVertices(bool) __ptr64'::`5'::<lambda_1> Is Destroyed
[   462.71 ] D: -----Released Scene Module-----
[   462.71 ] D: -----Released GFX Module-----
[   462.71 ] I: Log: Log file closed, 1403/3/6 21:52:36
