[     4.86 ] I: Log: Log file open in follow path at 1403/3/6 21:43:27 : C:\Users\AmirPasha\Desktop\Rpos\DAW-3\build2019\debug\Logs\Launch.log
[     4.86 ] I: The subsystem "class DGE::Core::IO::LogSystem::Logger" is registered successfully.
[     4.86 ] I: The subsystem "class DGE::Core::Windows::QtWindow" is registered successfully.
[     4.87 ] D: API version is: 4.60 ,shader version is: 4.60
[     4.87 ] I: The subsystem "class DGE::GFX::GCore::QtWrapper::QtRenderer" is registered successfully.
[     4.87 ] I: Current Render API is: 4.60
[     4.87 ] I: The subsystem "Renderer" is registered successfully.
[     4.87 ] I: The subsystem "class DGE::Core::Platforms::QtPlatform" is registered successfully.
[     4.87 ] I: The subsystem "Platform" is registered successfully.
[     4.87 ] I: The subsystem "class DGE::Core::IO::FileSystem::FileManager" is registered successfully.
[     4.87 ] I: The subsystem "class DGE::Core::CoreModule" is registered successfully.
[     4.87 ] I: The subsystem "class DGE::Core::Profiling::Profiler" is registered successfully.
[     4.87 ] I: The subsystem "class DGE::GFX::DrawablesManager" is registered successfully.
[     4.87 ] I: #version 460 core
#define GLES_Ver 460

[     4.87 ] I: The subsystem "class DGE::GFX::GraphicsManager" is registered successfully.
[     4.87 ] I: The subsystem "class DGE::GFX::GFXModule" is registered successfully.
[     4.95 ] D: Shader Compile successfully.
[     4.95 ] I: The subsystem "class DGE::Scene::ViewportManager" is registered successfully.
[     4.95 ] I: The subsystem "class DGE::Scene::SceneModule" is registered successfully.
[     4.95 ] I: The subsystem "class DGE::Managers::RenderManager" is registered successfully.
[     4.95 ] D: Engine Enabled
[     4.95 ] I: The subsystem "class DGE::Engine" is registered successfully.
[     4.95 ] D: Node with id 1 is added to Qt layer
[     4.95 ] D: Node with id 2460 is added to Qt layer
[     4.96 ] D: Node with id 2462 is added to Qt layer
[     4.96 ] D: Node with id 2464 is added to Qt layer
[     4.96 ] D: Node with id 2466 is added to Qt layer
[     4.96 ] D: Node with id 2468 is added to Qt layer
[     4.96 ] D: Node with id 2470 is added to Qt layer
[     4.96 ] D: Node with id 2472 is added to Qt layer
[     4.96 ] D: Node with id 2474 is added to Qt layer
[     4.96 ] D: Node with id 2476 is added to Qt layer
[     4.96 ] D: Node with id 2478 is added to Qt layer
[     4.96 ] D: Node with id 2480 is added to Qt layer
[     4.96 ] D: Node with id 2482 is added to Qt layer
[     4.96 ] D: Node with id 2484 is added to Qt layer
[     4.96 ] D: Node with id 2486 is added to Qt layer
[     4.96 ] D: Node with id 2487 is added to Qt layer
[     4.96 ] D: Node with id 2489 is added to Qt layer
[     4.96 ] D: Node with id 2491 is added to Qt layer
[     4.96 ] D: Node with id 3 is added to Qt layer
[     4.96 ] D: Node with id 2493 is added to Qt layer
[     4.96 ] S: New view-port registered with id: 1
[     4.96 ] S: New view-port registered with id: 2
[     4.96 ] S: New view-port registered with id: 3
[     4.96 ] S: New view-port registered with id: 4
[     4.96 ] S: New view-port registered with id: 5
[     4.96 ] S: New view-port registered with id: 6
[     5.07 ] D: Creating suitable QNanoBackend for OpenGL 4.6 context
[     5.07 ] D: Using backend: "OpenGL 3"
[     5.11 ] W: Floating point comparison needs context sanity check
[     5.11 ] D: QT onScaleChanged=  144
[     5.20 ] D: Engine Started.
[    11.16 ] D: setTracksRect
[    11.21 ] D: setTracksRect
[    11.26 ] D: setTracksRect
[    11.34 ] D: setTracksRect
[    11.44 ] D: setTracksRect
[    11.52 ] D: setTracksRect
[    11.57 ] D: setTracksRect
[    11.66 ] D: setTracksRect
[    11.71 ] D: setTracksRect
[    11.76 ] D: setTracksRect
[    11.84 ] D: setTracksRect
[    11.90 ] D: setTracksRect
[    11.92 ] D: setTracksRect
[    12.03 ] D: setTracksRect
[    12.11 ] D: setTracksRect
[    12.16 ] D: setTracksRect
[    12.23 ] D: setTracksRect
[    12.39 ] D: setTracksRect
[    12.43 ] D: setTracksRect
[    12.45 ] D: setTracksRect
[    12.49 ] D: setTracksRect
[    12.55 ] D: setTracksRect
[    15.97 ] D: setTracksRect
[    15.97 ] D: setTracksRect
[    16.04 ] D: setTracksRect
[    16.04 ] D: setTracksRect
[    16.08 ] D: setTracksRect
[    16.08 ] D: setTracksRect
[    16.14 ] D: setTracksRect
[    16.14 ] D: setTracksRect
[    16.19 ] D: setTracksRect
[    16.19 ] D: setTracksRect
[    16.24 ] D: setTracksRect
[    16.24 ] D: setTracksRect
[    16.28 ] D: setTracksRect
[    16.28 ] D: setTracksRect
[    31.36 ] D: findOverlayItems 1 0
[    31.36 ] D: "{916d186a-c788-4b0d-a30b-311c0856ab4c}" i.value()->sampleClip()->startTime()  16000 338833 338833 16000
[    31.36 ] D: findOverlayItems
[    32.38 ] D: setTracksRect
[    33.22 ] D: setTracksRect
[    33.85 ] D: setTracksRect
[    34.42 ] D: setTracksRect
[    34.98 ] D: setTracksRect
[    35.54 ] D: setTracksRect
[    36.09 ] D: setTracksRect
[    37.08 ] D: sltStartContentYChanged1
[    37.08 ] D: sltStartContentYChanged2
[    37.08 ] D: sltStartContentYChanged3
[    37.08 ] D: _tracksModel->getItem(i)->rect()1 0 QRect(0,-4 1974x111)
[    37.08 ] D: _tracksModel->getItem(i)->rect()1 1 QRect(0,107 1974x111)
[    37.08 ] D: _tracksModel->getItem(i)->rect()1 2 QRect(0,218 1974x111)
[    37.08 ] D: _tracksModel->getItem(i)->rect()1 3 QRect(0,329 1974x111)
[    37.08 ] D: _tracksModel->getItem(i)->rect()1 4 QRect(0,440 1974x111)
[    37.08 ] D: _tracksModel->getItem(i)->rect()1 5 QRect(0,551 1974x111)
[    37.08 ] D: _tracksModel->getItem(i)->rect()1 6 QRect(0,662 1974x111)
[    37.08 ] D: _tracksModel->getItem(i)->rect()1 7 QRect(0,773 1974x111)
[    37.08 ] D: _tracksModel->getItem(i)->rect()1 8 QRect(0,884 1974x111)
[    37.08 ] D: _tracksModel->getItem(i)->rect()1 9 QRect(0,995 1974x111)
[    37.08 ] D: _tracksModel->getItem(i)->rect()1 10 QRect(0,1106 1974x111)
[    37.08 ] D: setTracksRect
[    37.08 ] D: setTracksRect
[    37.08 ] D: sltStartContentYChanged4
[    37.10 ] D: sltStartContentYChanged1
[    37.10 ] D: sltStartContentYChanged2
[    37.10 ] D: sltStartContentYChanged3
[    37.10 ] D: _tracksModel->getItem(i)->rect()1 0 QRect(0,-9 1974x111)
[    37.10 ] D: _tracksModel->getItem(i)->rect()1 1 QRect(0,102 1974x111)
[    37.10 ] D: _tracksModel->getItem(i)->rect()1 2 QRect(0,213 1974x111)
[    37.10 ] D: _tracksModel->getItem(i)->rect()1 3 QRect(0,324 1974x111)
[    37.10 ] D: _tracksModel->getItem(i)->rect()1 4 QRect(0,435 1974x111)
[    37.10 ] D: _tracksModel->getItem(i)->rect()1 5 QRect(0,546 1974x111)
[    37.10 ] D: _tracksModel->getItem(i)->rect()1 6 QRect(0,657 1974x111)
[    37.10 ] D: _tracksModel->getItem(i)->rect()1 7 QRect(0,768 1974x111)
[    37.10 ] D: _tracksModel->getItem(i)->rect()1 8 QRect(0,879 1974x111)
[    37.10 ] D: _tracksModel->getItem(i)->rect()1 9 QRect(0,990 1974x111)
[    37.10 ] D: _tracksModel->getItem(i)->rect()1 10 QRect(0,1101 1974x111)
[    37.10 ] D: setTracksRect
[    37.10 ] D: setTracksRect
[    37.10 ] D: sltStartContentYChanged4
[    37.13 ] D: sltStartContentYChanged1
[    37.13 ] D: sltStartContentYChanged2
[    37.13 ] D: sltStartContentYChanged3
[    37.14 ] D: _tracksModel->getItem(i)->rect()1 0 QRect(0,-13 1974x111)
[    37.14 ] D: _tracksModel->getItem(i)->rect()1 1 QRect(0,98 1974x111)
[    37.14 ] D: _tracksModel->getItem(i)->rect()1 2 QRect(0,209 1974x111)
[    37.14 ] D: _tracksModel->getItem(i)->rect()1 3 QRect(0,320 1974x111)
[    37.14 ] D: _tracksModel->getItem(i)->rect()1 4 QRect(0,431 1974x111)
[    37.14 ] D: _tracksModel->getItem(i)->rect()1 5 QRect(0,542 1974x111)
[    37.14 ] D: _tracksModel->getItem(i)->rect()1 6 QRect(0,653 1974x111)
[    37.14 ] D: _tracksModel->getItem(i)->rect()1 7 QRect(0,764 1974x111)
[    37.14 ] D: _tracksModel->getItem(i)->rect()1 8 QRect(0,875 1974x111)
[    37.14 ] D: _tracksModel->getItem(i)->rect()1 9 QRect(0,986 1974x111)
[    37.14 ] D: _tracksModel->getItem(i)->rect()1 10 QRect(0,1097 1974x111)
[    37.14 ] D: setTracksRect
[    37.14 ] D: setTracksRect
[    37.14 ] D: sltStartContentYChanged4
[    37.15 ] D: sltStartContentYChanged1
[    37.15 ] D: sltStartContentYChanged2
[    37.15 ] D: sltStartContentYChanged3
[    37.15 ] D: _tracksModel->getItem(i)->rect()1 0 QRect(0,-18 1974x111)
[    37.15 ] D: _tracksModel->getItem(i)->rect()1 1 QRect(0,93 1974x111)
[    37.15 ] D: _tracksModel->getItem(i)->rect()1 2 QRect(0,204 1974x111)
[    37.15 ] D: _tracksModel->getItem(i)->rect()1 3 QRect(0,315 1974x111)
[    37.15 ] D: _tracksModel->getItem(i)->rect()1 4 QRect(0,426 1974x111)
[    37.15 ] D: _tracksModel->getItem(i)->rect()1 5 QRect(0,537 1974x111)
[    37.15 ] D: _tracksModel->getItem(i)->rect()1 6 QRect(0,648 1974x111)
[    37.15 ] D: _tracksModel->getItem(i)->rect()1 7 QRect(0,759 1974x111)
[    37.15 ] D: _tracksModel->getItem(i)->rect()1 8 QRect(0,870 1974x111)
[    37.15 ] D: _tracksModel->getItem(i)->rect()1 9 QRect(0,981 1974x111)
[    37.15 ] D: _tracksModel->getItem(i)->rect()1 10 QRect(0,1092 1974x111)
[    37.15 ] D: setTracksRect
[    37.15 ] D: setTracksRect
[    37.15 ] D: sltStartContentYChanged4
[    37.15 ] D: sltStartContentYChanged1
[    37.15 ] D: sltStartContentYChanged2
[    37.15 ] D: sltStartContentYChanged3
[    37.15 ] D: _tracksModel->getItem(i)->rect()1 0 QRect(0,-23 1974x111)
[    37.15 ] D: _tracksModel->getItem(i)->rect()1 1 QRect(0,88 1974x111)
[    37.15 ] D: _tracksModel->getItem(i)->rect()1 2 QRect(0,199 1974x111)
[    37.15 ] D: _tracksModel->getItem(i)->rect()1 3 QRect(0,310 1974x111)
[    37.15 ] D: _tracksModel->getItem(i)->rect()1 4 QRect(0,421 1974x111)
[    37.15 ] D: _tracksModel->getItem(i)->rect()1 5 QRect(0,532 1974x111)
[    37.15 ] D: _tracksModel->getItem(i)->rect()1 6 QRect(0,643 1974x111)
[    37.15 ] D: _tracksModel->getItem(i)->rect()1 7 QRect(0,754 1974x111)
[    37.15 ] D: _tracksModel->getItem(i)->rect()1 8 QRect(0,865 1974x111)
[    37.15 ] D: _tracksModel->getItem(i)->rect()1 9 QRect(0,976 1974x111)
[    37.15 ] D: _tracksModel->getItem(i)->rect()1 10 QRect(0,1087 1974x111)
[    37.15 ] D: setTracksRect
[    37.15 ] D: setTracksRect
[    37.16 ] D: sltStartContentYChanged4
[    37.17 ] D: sltStartContentYChanged1
[    37.17 ] D: sltStartContentYChanged2
[    37.17 ] D: sltStartContentYChanged3
[    37.17 ] D: _tracksModel->getItem(i)->rect()1 0 QRect(0,-27 1974x111)
[    37.17 ] D: _tracksModel->getItem(i)->rect()1 1 QRect(0,84 1974x111)
[    37.17 ] D: _tracksModel->getItem(i)->rect()1 2 QRect(0,195 1974x111)
[    37.17 ] D: _tracksModel->getItem(i)->rect()1 3 QRect(0,306 1974x111)
[    37.17 ] D: _tracksModel->getItem(i)->rect()1 4 QRect(0,417 1974x111)
[    37.17 ] D: _tracksModel->getItem(i)->rect()1 5 QRect(0,528 1974x111)
[    37.17 ] D: _tracksModel->getItem(i)->rect()1 6 QRect(0,639 1974x111)
[    37.17 ] D: _tracksModel->getItem(i)->rect()1 7 QRect(0,750 1974x111)
[    37.17 ] D: _tracksModel->getItem(i)->rect()1 8 QRect(0,861 1974x111)
[    37.17 ] D: _tracksModel->getItem(i)->rect()1 9 QRect(0,972 1974x111)
[    37.17 ] D: _tracksModel->getItem(i)->rect()1 10 QRect(0,1083 1974x111)
[    37.17 ] D: setTracksRect
[    37.17 ] D: setTracksRect
[    37.17 ] D: sltStartContentYChanged4
[    37.19 ] D: sltStartContentYChanged1
[    37.19 ] D: sltStartContentYChanged2
[    37.19 ] D: sltStartContentYChanged3
[    37.19 ] D: _tracksModel->getItem(i)->rect()1 0 QRect(0,-30 1974x111)
[    37.19 ] D: _tracksModel->getItem(i)->rect()1 1 QRect(0,81 1974x111)
[    37.19 ] D: _tracksModel->getItem(i)->rect()1 2 QRect(0,192 1974x111)
[    37.19 ] D: _tracksModel->getItem(i)->rect()1 3 QRect(0,303 1974x111)
[    37.19 ] D: _tracksModel->getItem(i)->rect()1 4 QRect(0,414 1974x111)
[    37.19 ] D: _tracksModel->getItem(i)->rect()1 5 QRect(0,525 1974x111)
[    37.19 ] D: _tracksModel->getItem(i)->rect()1 6 QRect(0,636 1974x111)
[    37.19 ] D: _tracksModel->getItem(i)->rect()1 7 QRect(0,747 1974x111)
[    37.19 ] D: _tracksModel->getItem(i)->rect()1 8 QRect(0,858 1974x111)
[    37.19 ] D: _tracksModel->getItem(i)->rect()1 9 QRect(0,969 1974x111)
[    37.19 ] D: _tracksModel->getItem(i)->rect()1 10 QRect(0,1080 1974x111)
[    37.19 ] D: setTracksRect
[    37.19 ] D: setTracksRect
[    37.19 ] D: sltStartContentYChanged4
[    37.22 ] D: sltStartContentYChanged1
[    37.22 ] D: sltStartContentYChanged2
[    37.22 ] D: sltStartContentYChanged3
[    37.22 ] D: _tracksModel->getItem(i)->rect()1 0 QRect(0,-34 1974x111)
[    37.22 ] D: _tracksModel->getItem(i)->rect()1 1 QRect(0,77 1974x111)
[    37.22 ] D: _tracksModel->getItem(i)->rect()1 2 QRect(0,188 1974x111)
[    37.22 ] D: _tracksModel->getItem(i)->rect()1 3 QRect(0,299 1974x111)
[    37.22 ] D: _tracksModel->getItem(i)->rect()1 4 QRect(0,410 1974x111)
[    37.23 ] D: _tracksModel->getItem(i)->rect()1 5 QRect(0,521 1974x111)
[    37.23 ] D: _tracksModel->getItem(i)->rect()1 6 QRect(0,632 1974x111)
[    37.23 ] D: _tracksModel->getItem(i)->rect()1 7 QRect(0,743 1974x111)
[    37.23 ] D: _tracksModel->getItem(i)->rect()1 8 QRect(0,854 1974x111)
[    37.23 ] D: _tracksModel->getItem(i)->rect()1 9 QRect(0,965 1974x111)
[    37.23 ] D: _tracksModel->getItem(i)->rect()1 10 QRect(0,1076 1974x111)
[    37.23 ] D: setTracksRect
[    37.23 ] D: setTracksRect
[    37.23 ] D: sltStartContentYChanged4
[    37.24 ] D: sltStartContentYChanged1
[    37.24 ] D: sltStartContentYChanged2
[    37.24 ] D: sltStartContentYChanged3
[    37.24 ] D: _tracksModel->getItem(i)->rect()1 0 QRect(0,-36 1974x111)
[    37.24 ] D: _tracksModel->getItem(i)->rect()1 1 QRect(0,75 1974x111)
[    37.24 ] D: _tracksModel->getItem(i)->rect()1 2 QRect(0,186 1974x111)
[    37.24 ] D: _tracksModel->getItem(i)->rect()1 3 QRect(0,297 1974x111)
[    37.24 ] D: _tracksModel->getItem(i)->rect()1 4 QRect(0,408 1974x111)
[    37.24 ] D: _tracksModel->getItem(i)->rect()1 5 QRect(0,519 1974x111)
[    37.24 ] D: _tracksModel->getItem(i)->rect()1 6 QRect(0,630 1974x111)
[    37.24 ] D: _tracksModel->getItem(i)->rect()1 7 QRect(0,741 1974x111)
[    37.24 ] D: _tracksModel->getItem(i)->rect()1 8 QRect(0,852 1974x111)
[    37.24 ] D: _tracksModel->getItem(i)->rect()1 9 QRect(0,963 1974x111)
[    37.24 ] D: _tracksModel->getItem(i)->rect()1 10 QRect(0,1074 1974x111)
[    37.24 ] D: setTracksRect
[    37.24 ] D: setTracksRect
[    37.24 ] D: sltStartContentYChanged4
[    37.24 ] D: sltStartContentYChanged1
[    37.24 ] D: sltStartContentYChanged2
[    37.25 ] D: sltStartContentYChanged3
[    37.25 ] D: _tracksModel->getItem(i)->rect()1 0 QRect(0,-39 1974x111)
[    37.25 ] D: _tracksModel->getItem(i)->rect()1 1 QRect(0,72 1974x111)
[    37.25 ] D: _tracksModel->getItem(i)->rect()1 2 QRect(0,183 1974x111)
[    37.25 ] D: _tracksModel->getItem(i)->rect()1 3 QRect(0,294 1974x111)
[    37.25 ] D: _tracksModel->getItem(i)->rect()1 4 QRect(0,405 1974x111)
[    37.25 ] D: _tracksModel->getItem(i)->rect()1 5 QRect(0,516 1974x111)
[    37.25 ] D: _tracksModel->getItem(i)->rect()1 6 QRect(0,627 1974x111)
[    37.25 ] D: _tracksModel->getItem(i)->rect()1 7 QRect(0,738 1974x111)
[    37.25 ] D: _tracksModel->getItem(i)->rect()1 8 QRect(0,849 1974x111)
[    37.25 ] D: _tracksModel->getItem(i)->rect()1 9 QRect(0,960 1974x111)
[    37.25 ] D: _tracksModel->getItem(i)->rect()1 10 QRect(0,1071 1974x111)
[    37.25 ] D: setTracksRect
[    37.25 ] D: setTracksRect
[    37.25 ] D: sltStartContentYChanged4
[    37.28 ] D: sltStartContentYChanged1
[    37.28 ] D: sltStartContentYChanged2
[    37.28 ] D: sltStartContentYChanged3
[    37.28 ] D: _tracksModel->getItem(i)->rect()1 0 QRect(0,-40 1974x111)
[    37.28 ] D: _tracksModel->getItem(i)->rect()1 1 QRect(0,71 1974x111)
[    37.28 ] D: _tracksModel->getItem(i)->rect()1 2 QRect(0,182 1974x111)
[    37.28 ] D: _tracksModel->getItem(i)->rect()1 3 QRect(0,293 1974x111)
[    37.28 ] D: _tracksModel->getItem(i)->rect()1 4 QRect(0,404 1974x111)
[    37.28 ] D: _tracksModel->getItem(i)->rect()1 5 QRect(0,515 1974x111)
[    37.28 ] D: _tracksModel->getItem(i)->rect()1 6 QRect(0,626 1974x111)
[    37.28 ] D: _tracksModel->getItem(i)->rect()1 7 QRect(0,737 1974x111)
[    37.28 ] D: _tracksModel->getItem(i)->rect()1 8 QRect(0,848 1974x111)
[    37.28 ] D: _tracksModel->getItem(i)->rect()1 9 QRect(0,959 1974x111)
[    37.28 ] D: _tracksModel->getItem(i)->rect()1 10 QRect(0,1070 1974x111)
[    37.28 ] D: setTracksRect
[    37.28 ] D: setTracksRect
[    37.28 ] D: sltStartContentYChanged4
[    37.28 ] D: sltStartContentYChanged1
[    37.29 ] D: sltStartContentYChanged2
[    37.29 ] D: sltStartContentYChanged3
[    37.29 ] D: _tracksModel->getItem(i)->rect()1 0 QRect(0,-42 1974x111)
[    37.29 ] D: _tracksModel->getItem(i)->rect()1 1 QRect(0,69 1974x111)
[    37.29 ] D: _tracksModel->getItem(i)->rect()1 2 QRect(0,180 1974x111)
[    37.29 ] D: _tracksModel->getItem(i)->rect()1 3 QRect(0,291 1974x111)
[    37.29 ] D: _tracksModel->getItem(i)->rect()1 4 QRect(0,402 1974x111)
[    37.29 ] D: _tracksModel->getItem(i)->rect()1 5 QRect(0,513 1974x111)
[    37.29 ] D: _tracksModel->getItem(i)->rect()1 6 QRect(0,624 1974x111)
[    37.29 ] D: _tracksModel->getItem(i)->rect()1 7 QRect(0,735 1974x111)
[    37.29 ] D: _tracksModel->getItem(i)->rect()1 8 QRect(0,846 1974x111)
[    37.29 ] D: _tracksModel->getItem(i)->rect()1 9 QRect(0,957 1974x111)
[    37.29 ] D: _tracksModel->getItem(i)->rect()1 10 QRect(0,1068 1974x111)
[    37.29 ] D: setTracksRect
[    37.29 ] D: setTracksRect
[    37.29 ] D: sltStartContentYChanged4
[    37.31 ] D: sltStartContentYChanged1
[    37.31 ] D: sltStartContentYChanged2
[    37.31 ] D: sltStartContentYChanged3
[    37.31 ] D: _tracksModel->getItem(i)->rect()1 0 QRect(0,-43 1974x111)
[    37.31 ] D: _tracksModel->getItem(i)->rect()1 1 QRect(0,68 1974x111)
[    37.31 ] D: _tracksModel->getItem(i)->rect()1 2 QRect(0,179 1974x111)
[    37.31 ] D: _tracksModel->getItem(i)->rect()1 3 QRect(0,290 1974x111)
[    37.31 ] D: _tracksModel->getItem(i)->rect()1 4 QRect(0,401 1974x111)
[    37.31 ] D: _tracksModel->getItem(i)->rect()1 5 QRect(0,512 1974x111)
[    37.31 ] D: _tracksModel->getItem(i)->rect()1 6 QRect(0,623 1974x111)
[    37.31 ] D: _tracksModel->getItem(i)->rect()1 7 QRect(0,734 1974x111)
[    37.31 ] D: _tracksModel->getItem(i)->rect()1 8 QRect(0,845 1974x111)
[    37.31 ] D: _tracksModel->getItem(i)->rect()1 9 QRect(0,956 1974x111)
[    37.31 ] D: _tracksModel->getItem(i)->rect()1 10 QRect(0,1067 1974x111)
[    37.31 ] D: setTracksRect
[    37.31 ] D: setTracksRect
[    37.31 ] D: sltStartContentYChanged4
[    37.33 ] D: sltStartContentYChanged1
[    37.33 ] D: sltStartContentYChanged2
[    37.33 ] D: sltStartContentYChanged3
[    37.33 ] D: _tracksModel->getItem(i)->rect()1 0 QRect(0,-44 1974x111)
[    37.33 ] D: _tracksModel->getItem(i)->rect()1 1 QRect(0,67 1974x111)
[    37.33 ] D: _tracksModel->getItem(i)->rect()1 2 QRect(0,178 1974x111)
[    37.33 ] D: _tracksModel->getItem(i)->rect()1 3 QRect(0,289 1974x111)
[    37.33 ] D: _tracksModel->getItem(i)->rect()1 4 QRect(0,400 1974x111)
[    37.33 ] D: _tracksModel->getItem(i)->rect()1 5 QRect(0,511 1974x111)
[    37.33 ] D: _tracksModel->getItem(i)->rect()1 6 QRect(0,622 1974x111)
[    37.33 ] D: _tracksModel->getItem(i)->rect()1 7 QRect(0,733 1974x111)
[    37.33 ] D: _tracksModel->getItem(i)->rect()1 8 QRect(0,844 1974x111)
[    37.33 ] D: _tracksModel->getItem(i)->rect()1 9 QRect(0,955 1974x111)
[    37.33 ] D: _tracksModel->getItem(i)->rect()1 10 QRect(0,1066 1974x111)
[    37.33 ] D: setTracksRect
[    37.33 ] D: setTracksRect
[    37.33 ] D: sltStartContentYChanged4
[    37.36 ] D: sltStartContentYChanged1
[    37.36 ] D: sltStartContentYChanged2
[    37.36 ] D: sltStartContentYChanged3
[    37.36 ] D: _tracksModel->getItem(i)->rect()1 0 QRect(0,-48 1974x111)
[    37.36 ] D: _tracksModel->getItem(i)->rect()1 1 QRect(0,63 1974x111)
[    37.36 ] D: _tracksModel->getItem(i)->rect()1 2 QRect(0,174 1974x111)
[    37.36 ] D: _tracksModel->getItem(i)->rect()1 3 QRect(0,285 1974x111)
[    37.36 ] D: _tracksModel->getItem(i)->rect()1 4 QRect(0,396 1974x111)
[    37.37 ] D: _tracksModel->getItem(i)->rect()1 5 QRect(0,507 1974x111)
[    37.37 ] D: _tracksModel->getItem(i)->rect()1 6 QRect(0,618 1974x111)
[    37.37 ] D: _tracksModel->getItem(i)->rect()1 7 QRect(0,729 1974x111)
[    37.37 ] D: _tracksModel->getItem(i)->rect()1 8 QRect(0,840 1974x111)
[    37.37 ] D: _tracksModel->getItem(i)->rect()1 9 QRect(0,951 1974x111)
[    37.37 ] D: _tracksModel->getItem(i)->rect()1 10 QRect(0,1062 1974x111)
[    37.37 ] D: setTracksRect
[    37.37 ] D: setTracksRect
[    37.37 ] D: sltStartContentYChanged4
[    37.39 ] D: sltStartContentYChanged1
[    37.39 ] D: sltStartContentYChanged2
[    37.39 ] D: sltStartContentYChanged3
[    37.39 ] D: _tracksModel->getItem(i)->rect()1 0 QRect(0,-53 1974x111)
[    37.39 ] D: _tracksModel->getItem(i)->rect()1 1 QRect(0,58 1974x111)
[    37.40 ] D: _tracksModel->getItem(i)->rect()1 2 QRect(0,169 1974x111)
[    37.40 ] D: _tracksModel->getItem(i)->rect()1 3 QRect(0,280 1974x111)
[    37.40 ] D: _tracksModel->getItem(i)->rect()1 4 QRect(0,391 1974x111)
[    37.40 ] D: _tracksModel->getItem(i)->rect()1 5 QRect(0,502 1974x111)
[    37.40 ] D: _tracksModel->getItem(i)->rect()1 6 QRect(0,613 1974x111)
[    37.40 ] D: _tracksModel->getItem(i)->rect()1 7 QRect(0,724 1974x111)
[    37.40 ] D: _tracksModel->getItem(i)->rect()1 8 QRect(0,835 1974x111)
[    37.40 ] D: _tracksModel->getItem(i)->rect()1 9 QRect(0,946 1974x111)
[    37.40 ] D: _tracksModel->getItem(i)->rect()1 10 QRect(0,1057 1974x111)
[    37.40 ] D: setTracksRect
[    37.40 ] D: setTracksRect
[    37.40 ] D: sltStartContentYChanged4
[    37.40 ] D: sltStartContentYChanged1
[    37.40 ] D: sltStartContentYChanged2
[    37.40 ] D: sltStartContentYChanged3
[    37.40 ] D: _tracksModel->getItem(i)->rect()1 0 QRect(0,-57 1974x111)
[    37.40 ] D: _tracksModel->getItem(i)->rect()1 1 QRect(0,54 1974x111)
[    37.40 ] D: _tracksModel->getItem(i)->rect()1 2 QRect(0,165 1974x111)
[    37.40 ] D: _tracksModel->getItem(i)->rect()1 3 QRect(0,276 1974x111)
[    37.40 ] D: _tracksModel->getItem(i)->rect()1 4 QRect(0,387 1974x111)
[    37.40 ] D: _tracksModel->getItem(i)->rect()1 5 QRect(0,498 1974x111)
[    37.40 ] D: _tracksModel->getItem(i)->rect()1 6 QRect(0,609 1974x111)
[    37.40 ] D: _tracksModel->getItem(i)->rect()1 7 QRect(0,720 1974x111)
[    37.40 ] D: _tracksModel->getItem(i)->rect()1 8 QRect(0,831 1974x111)
[    37.40 ] D: _tracksModel->getItem(i)->rect()1 9 QRect(0,942 1974x111)
[    37.40 ] D: _tracksModel->getItem(i)->rect()1 10 QRect(0,1053 1974x111)
[    37.40 ] D: setTracksRect
[    37.40 ] D: setTracksRect
[    37.40 ] D: sltStartContentYChanged4
[    37.43 ] D: sltStartContentYChanged1
[    37.43 ] D: sltStartContentYChanged2
[    37.43 ] D: sltStartContentYChanged3
[    37.43 ] D: _tracksModel->getItem(i)->rect()1 0 QRect(0,-62 1974x111)
[    37.43 ] D: _tracksModel->getItem(i)->rect()1 1 QRect(0,49 1974x111)
[    37.43 ] D: _tracksModel->getItem(i)->rect()1 2 QRect(0,160 1974x111)
[    37.43 ] D: _tracksModel->getItem(i)->rect()1 3 QRect(0,271 1974x111)
[    37.44 ] D: _tracksModel->getItem(i)->rect()1 4 QRect(0,382 1974x111)
[    37.44 ] D: _tracksModel->getItem(i)->rect()1 5 QRect(0,493 1974x111)
[    37.44 ] D: _tracksModel->getItem(i)->rect()1 6 QRect(0,604 1974x111)
[    37.44 ] D: _tracksModel->getItem(i)->rect()1 7 QRect(0,715 1974x111)
[    37.44 ] D: _tracksModel->getItem(i)->rect()1 8 QRect(0,826 1974x111)
[    37.44 ] D: _tracksModel->getItem(i)->rect()1 9 QRect(0,937 1974x111)
[    37.44 ] D: _tracksModel->getItem(i)->rect()1 10 QRect(0,1048 1974x111)
[    37.44 ] D: setTracksRect
[    37.44 ] D: setTracksRect
[    37.44 ] D: sltStartContentYChanged4
[    37.45 ] D: sltStartContentYChanged1
[    37.45 ] D: sltStartContentYChanged2
[    37.45 ] D: sltStartContentYChanged3
[    37.45 ] D: _tracksModel->getItem(i)->rect()1 0 QRect(0,-66 1974x111)
[    37.45 ] D: _tracksModel->getItem(i)->rect()1 1 QRect(0,45 1974x111)
[    37.45 ] D: _tracksModel->getItem(i)->rect()1 2 QRect(0,156 1974x111)
[    37.45 ] D: _tracksModel->getItem(i)->rect()1 3 QRect(0,267 1974x111)
[    37.45 ] D: _tracksModel->getItem(i)->rect()1 4 QRect(0,378 1974x111)
[    37.45 ] D: _tracksModel->getItem(i)->rect()1 5 QRect(0,489 1974x111)
[    37.45 ] D: _tracksModel->getItem(i)->rect()1 6 QRect(0,600 1974x111)
[    37.45 ] D: _tracksModel->getItem(i)->rect()1 7 QRect(0,711 1974x111)
[    37.45 ] D: _tracksModel->getItem(i)->rect()1 8 QRect(0,822 1974x111)
[    37.45 ] D: _tracksModel->getItem(i)->rect()1 9 QRect(0,933 1974x111)
[    37.45 ] D: _tracksModel->getItem(i)->rect()1 10 QRect(0,1044 1974x111)
[    37.46 ] D: setTracksRect
[    37.46 ] D: setTracksRect
[    37.46 ] D: sltStartContentYChanged4
[    37.47 ] D: sltStartContentYChanged1
[    37.47 ] D: sltStartContentYChanged2
[    37.47 ] D: sltStartContentYChanged3
[    37.47 ] D: _tracksModel->getItem(i)->rect()1 0 QRect(0,-70 1974x111)
[    37.47 ] D: _tracksModel->getItem(i)->rect()1 1 QRect(0,41 1974x111)
[    37.47 ] D: _tracksModel->getItem(i)->rect()1 2 QRect(0,152 1974x111)
[    37.48 ] D: _tracksModel->getItem(i)->rect()1 3 QRect(0,263 1974x111)
[    37.48 ] D: _tracksModel->getItem(i)->rect()1 4 QRect(0,374 1974x111)
[    37.48 ] D: _tracksModel->getItem(i)->rect()1 5 QRect(0,485 1974x111)
[    37.48 ] D: _tracksModel->getItem(i)->rect()1 6 QRect(0,596 1974x111)
[    37.48 ] D: _tracksModel->getItem(i)->rect()1 7 QRect(0,707 1974x111)
[    37.48 ] D: _tracksModel->getItem(i)->rect()1 8 QRect(0,818 1974x111)
[    37.48 ] D: _tracksModel->getItem(i)->rect()1 9 QRect(0,929 1974x111)
[    37.48 ] D: _tracksModel->getItem(i)->rect()1 10 QRect(0,1040 1974x111)
[    37.48 ] D: setTracksRect
[    37.48 ] D: setTracksRect
[    37.48 ] D: sltStartContentYChanged4
[    37.51 ] D: sltStartContentYChanged1
[    37.51 ] D: sltStartContentYChanged2
[    37.51 ] D: sltStartContentYChanged3
[    37.51 ] D: _tracksModel->getItem(i)->rect()1 0 QRect(0,-73 1974x111)
[    37.51 ] D: _tracksModel->getItem(i)->rect()1 1 QRect(0,38 1974x111)
[    37.51 ] D: _tracksModel->getItem(i)->rect()1 2 QRect(0,149 1974x111)
[    37.51 ] D: _tracksModel->getItem(i)->rect()1 3 QRect(0,260 1974x111)
[    37.51 ] D: _tracksModel->getItem(i)->rect()1 4 QRect(0,371 1974x111)
[    37.51 ] D: _tracksModel->getItem(i)->rect()1 5 QRect(0,482 1974x111)
[    37.51 ] D: _tracksModel->getItem(i)->rect()1 6 QRect(0,593 1974x111)
[    37.51 ] D: _tracksModel->getItem(i)->rect()1 7 QRect(0,704 1974x111)
[    37.51 ] D: _tracksModel->getItem(i)->rect()1 8 QRect(0,815 1974x111)
[    37.51 ] D: _tracksModel->getItem(i)->rect()1 9 QRect(0,926 1974x111)
[    37.51 ] D: _tracksModel->getItem(i)->rect()1 10 QRect(0,1037 1974x111)
[    37.51 ] D: setTracksRect
[    37.51 ] D: setTracksRect
[    37.51 ] D: sltStartContentYChanged4
[    37.52 ] D: sltStartContentYChanged1
[    37.52 ] D: sltStartContentYChanged2
[    37.52 ] D: sltStartContentYChanged3
[    37.52 ] D: _tracksModel->getItem(i)->rect()1 0 QRect(0,-75 1974x111)
[    37.52 ] D: _tracksModel->getItem(i)->rect()1 1 QRect(0,36 1974x111)
[    37.52 ] D: _tracksModel->getItem(i)->rect()1 2 QRect(0,147 1974x111)
[    37.52 ] D: _tracksModel->getItem(i)->rect()1 3 QRect(0,258 1974x111)
[    37.52 ] D: _tracksModel->getItem(i)->rect()1 4 QRect(0,369 1974x111)
[    37.52 ] D: _tracksModel->getItem(i)->rect()1 5 QRect(0,480 1974x111)
[    37.52 ] D: _tracksModel->getItem(i)->rect()1 6 QRect(0,591 1974x111)
[    37.52 ] D: _tracksModel->getItem(i)->rect()1 7 QRect(0,702 1974x111)
[    37.52 ] D: _tracksModel->getItem(i)->rect()1 8 QRect(0,813 1974x111)
[    37.52 ] D: _tracksModel->getItem(i)->rect()1 9 QRect(0,924 1974x111)
[    37.52 ] D: _tracksModel->getItem(i)->rect()1 10 QRect(0,1035 1974x111)
[    37.52 ] D: setTracksRect
[    37.52 ] D: setTracksRect
[    37.52 ] D: sltStartContentYChanged4
[    37.52 ] D: sltStartContentYChanged1
[    37.52 ] D: sltStartContentYChanged2
[    37.52 ] D: sltStartContentYChanged3
[    37.52 ] D: _tracksModel->getItem(i)->rect()1 0 QRect(0,-78 1974x111)
[    37.52 ] D: _tracksModel->getItem(i)->rect()1 1 QRect(0,33 1974x111)
[    37.52 ] D: _tracksModel->getItem(i)->rect()1 2 QRect(0,144 1974x111)
[    37.52 ] D: _tracksModel->getItem(i)->rect()1 3 QRect(0,255 1974x111)
[    37.52 ] D: _tracksModel->getItem(i)->rect()1 4 QRect(0,366 1974x111)
[    37.52 ] D: _tracksModel->getItem(i)->rect()1 5 QRect(0,477 1974x111)
[    37.52 ] D: _tracksModel->getItem(i)->rect()1 6 QRect(0,588 1974x111)
[    37.52 ] D: _tracksModel->getItem(i)->rect()1 7 QRect(0,699 1974x111)
[    37.52 ] D: _tracksModel->getItem(i)->rect()1 8 QRect(0,810 1974x111)
[    37.52 ] D: _tracksModel->getItem(i)->rect()1 9 QRect(0,921 1974x111)
[    37.52 ] D: _tracksModel->getItem(i)->rect()1 10 QRect(0,1032 1974x111)
[    37.52 ] D: setTracksRect
[    37.52 ] D: setTracksRect
[    37.53 ] D: sltStartContentYChanged4
[    37.55 ] D: sltStartContentYChanged1
[    37.55 ] D: sltStartContentYChanged2
[    37.56 ] D: sltStartContentYChanged3
[    37.56 ] D: _tracksModel->getItem(i)->rect()1 0 QRect(0,-79 1974x111)
[    37.56 ] D: _tracksModel->getItem(i)->rect()1 1 QRect(0,32 1974x111)
[    37.56 ] D: _tracksModel->getItem(i)->rect()1 2 QRect(0,143 1974x111)
[    37.56 ] D: _tracksModel->getItem(i)->rect()1 3 QRect(0,254 1974x111)
[    37.56 ] D: _tracksModel->getItem(i)->rect()1 4 QRect(0,365 1974x111)
[    37.56 ] D: _tracksModel->getItem(i)->rect()1 5 QRect(0,476 1974x111)
[    37.56 ] D: _tracksModel->getItem(i)->rect()1 6 QRect(0,587 1974x111)
[    37.56 ] D: _tracksModel->getItem(i)->rect()1 7 QRect(0,698 1974x111)
[    37.56 ] D: _tracksModel->getItem(i)->rect()1 8 QRect(0,809 1974x111)
[    37.56 ] D: _tracksModel->getItem(i)->rect()1 9 QRect(0,920 1974x111)
[    37.56 ] D: _tracksModel->getItem(i)->rect()1 10 QRect(0,1031 1974x111)
[    37.56 ] D: setTracksRect
[    37.56 ] D: setTracksRect
[    37.56 ] D: sltStartContentYChanged4
[    37.59 ] D: sltStartContentYChanged1
[    37.60 ] D: sltStartContentYChanged2
[    37.60 ] D: sltStartContentYChanged3
[    37.60 ] D: _tracksModel->getItem(i)->rect()1 0 QRect(0,-81 1974x111)
[    37.60 ] D: _tracksModel->getItem(i)->rect()1 1 QRect(0,30 1974x111)
[    37.60 ] D: _tracksModel->getItem(i)->rect()1 2 QRect(0,141 1974x111)
[    37.60 ] D: _tracksModel->getItem(i)->rect()1 3 QRect(0,252 1974x111)
[    37.60 ] D: _tracksModel->getItem(i)->rect()1 4 QRect(0,363 1974x111)
[    37.60 ] D: _tracksModel->getItem(i)->rect()1 5 QRect(0,474 1974x111)
[    37.60 ] D: _tracksModel->getItem(i)->rect()1 6 QRect(0,585 1974x111)
[    37.60 ] D: _tracksModel->getItem(i)->rect()1 7 QRect(0,696 1974x111)
[    37.60 ] D: _tracksModel->getItem(i)->rect()1 8 QRect(0,807 1974x111)
[    37.60 ] D: _tracksModel->getItem(i)->rect()1 9 QRect(0,918 1974x111)
[    37.60 ] D: _tracksModel->getItem(i)->rect()1 10 QRect(0,1029 1974x111)
[    37.60 ] D: setTracksRect
[    37.60 ] D: setTracksRect
[    37.60 ] D: sltStartContentYChanged4
[    37.61 ] D: sltStartContentYChanged1
[    37.61 ] D: sltStartContentYChanged2
[    37.61 ] D: sltStartContentYChanged3
[    37.61 ] D: _tracksModel->getItem(i)->rect()1 0 QRect(0,-82 1974x111)
[    37.61 ] D: _tracksModel->getItem(i)->rect()1 1 QRect(0,29 1974x111)
[    37.61 ] D: _tracksModel->getItem(i)->rect()1 2 QRect(0,140 1974x111)
[    37.61 ] D: _tracksModel->getItem(i)->rect()1 3 QRect(0,251 1974x111)
[    37.61 ] D: _tracksModel->getItem(i)->rect()1 4 QRect(0,362 1974x111)
[    37.61 ] D: _tracksModel->getItem(i)->rect()1 5 QRect(0,473 1974x111)
[    37.61 ] D: _tracksModel->getItem(i)->rect()1 6 QRect(0,584 1974x111)
[    37.61 ] D: _tracksModel->getItem(i)->rect()1 7 QRect(0,695 1974x111)
[    37.61 ] D: _tracksModel->getItem(i)->rect()1 8 QRect(0,806 1974x111)
[    37.61 ] D: _tracksModel->getItem(i)->rect()1 9 QRect(0,917 1974x111)
[    37.61 ] D: _tracksModel->getItem(i)->rect()1 10 QRect(0,1028 1974x111)
[    37.61 ] D: setTracksRect
[    37.61 ] D: setTracksRect
[    37.61 ] D: sltStartContentYChanged4
[    37.64 ] D: sltStartContentYChanged1
[    37.64 ] D: sltStartContentYChanged2
[    37.64 ] D: sltStartContentYChanged3
[    37.64 ] D: _tracksModel->getItem(i)->rect()1 0 QRect(0,-87 1974x111)
[    37.64 ] D: _tracksModel->getItem(i)->rect()1 1 QRect(0,24 1974x111)
[    37.64 ] D: _tracksModel->getItem(i)->rect()1 2 QRect(0,135 1974x111)
[    37.64 ] D: _tracksModel->getItem(i)->rect()1 3 QRect(0,246 1974x111)
[    37.64 ] D: _tracksModel->getItem(i)->rect()1 4 QRect(0,357 1974x111)
[    37.64 ] D: _tracksModel->getItem(i)->rect()1 5 QRect(0,468 1974x111)
[    37.64 ] D: _tracksModel->getItem(i)->rect()1 6 QRect(0,579 1974x111)
[    37.64 ] D: _tracksModel->getItem(i)->rect()1 7 QRect(0,690 1974x111)
[    37.64 ] D: _tracksModel->getItem(i)->rect()1 8 QRect(0,801 1974x111)
[    37.64 ] D: _tracksModel->getItem(i)->rect()1 9 QRect(0,912 1974x111)
[    37.64 ] D: _tracksModel->getItem(i)->rect()1 10 QRect(0,1023 1974x111)
[    37.64 ] D: setTracksRect
[    37.64 ] D: setTracksRect
[    37.64 ] D: sltStartContentYChanged4
[    37.65 ] D: sltStartContentYChanged1
[    37.65 ] D: sltStartContentYChanged2
[    37.65 ] D: sltStartContentYChanged3
[    37.65 ] D: _tracksModel->getItem(i)->rect()1 0 QRect(0,-92 1974x111)
[    37.65 ] D: _tracksModel->getItem(i)->rect()1 1 QRect(0,19 1974x111)
[    37.65 ] D: _tracksModel->getItem(i)->rect()1 2 QRect(0,130 1974x111)
[    37.65 ] D: _tracksModel->getItem(i)->rect()1 3 QRect(0,241 1974x111)
[    37.66 ] D: _tracksModel->getItem(i)->rect()1 4 QRect(0,352 1974x111)
[    37.66 ] D: _tracksModel->getItem(i)->rect()1 5 QRect(0,463 1974x111)
[    37.66 ] D: _tracksModel->getItem(i)->rect()1 6 QRect(0,574 1974x111)
[    37.66 ] D: _tracksModel->getItem(i)->rect()1 7 QRect(0,685 1974x111)
[    37.66 ] D: _tracksModel->getItem(i)->rect()1 8 QRect(0,796 1974x111)
[    37.66 ] D: _tracksModel->getItem(i)->rect()1 9 QRect(0,907 1974x111)
[    37.66 ] D: _tracksModel->getItem(i)->rect()1 10 QRect(0,1018 1974x111)
[    37.66 ] D: setTracksRect
[    37.66 ] D: setTracksRect
[    37.66 ] D: sltStartContentYChanged4
[    37.67 ] D: sltStartContentYChanged1
[    37.67 ] D: sltStartContentYChanged2
[    37.68 ] D: sltStartContentYChanged3
[    37.68 ] D: _tracksModel->getItem(i)->rect()1 0 QRect(0,-97 1974x111)
[    37.68 ] D: _tracksModel->getItem(i)->rect()1 1 QRect(0,14 1974x111)
[    37.68 ] D: _tracksModel->getItem(i)->rect()1 2 QRect(0,125 1974x111)
[    37.68 ] D: _tracksModel->getItem(i)->rect()1 3 QRect(0,236 1974x111)
[    37.68 ] D: _tracksModel->getItem(i)->rect()1 4 QRect(0,347 1974x111)
[    37.68 ] D: _tracksModel->getItem(i)->rect()1 5 QRect(0,458 1974x111)
[    37.68 ] D: _tracksModel->getItem(i)->rect()1 6 QRect(0,569 1974x111)
[    37.68 ] D: _tracksModel->getItem(i)->rect()1 7 QRect(0,680 1974x111)
[    37.68 ] D: _tracksModel->getItem(i)->rect()1 8 QRect(0,791 1974x111)
[    37.68 ] D: _tracksModel->getItem(i)->rect()1 9 QRect(0,902 1974x111)
[    37.68 ] D: _tracksModel->getItem(i)->rect()1 10 QRect(0,1013 1974x111)
[    37.68 ] D: setTracksRect
[    37.68 ] D: setTracksRect
[    37.68 ] D: sltStartContentYChanged4
[    37.68 ] D: sltStartContentYChanged1
[    37.68 ] D: sltStartContentYChanged2
[    37.68 ] D: sltStartContentYChanged3
[    37.68 ] D: _tracksModel->getItem(i)->rect()1 0 QRect(0,-101 1974x111)
[    37.68 ] D: _tracksModel->getItem(i)->rect()1 1 QRect(0,10 1974x111)
[    37.69 ] D: _tracksModel->getItem(i)->rect()1 2 QRect(0,121 1974x111)
[    37.69 ] D: _tracksModel->getItem(i)->rect()1 3 QRect(0,232 1974x111)
[    37.69 ] D: _tracksModel->getItem(i)->rect()1 4 QRect(0,343 1974x111)
[    37.69 ] D: _tracksModel->getItem(i)->rect()1 5 QRect(0,454 1974x111)
[    37.69 ] D: _tracksModel->getItem(i)->rect()1 6 QRect(0,565 1974x111)
[    37.69 ] D: _tracksModel->getItem(i)->rect()1 7 QRect(0,676 1974x111)
[    37.69 ] D: _tracksModel->getItem(i)->rect()1 8 QRect(0,787 1974x111)
[    37.69 ] D: _tracksModel->getItem(i)->rect()1 9 QRect(0,898 1974x111)
[    37.69 ] D: _tracksModel->getItem(i)->rect()1 10 QRect(0,1009 1974x111)
[    37.69 ] D: setTracksRect
[    37.69 ] D: setTracksRect
[    37.69 ] D: sltStartContentYChanged4
[    37.72 ] D: sltStartContentYChanged1
[    37.72 ] D: sltStartContentYChanged2
[    37.72 ] D: sltStartContentYChanged3
[    37.72 ] D: _tracksModel->getItem(i)->rect()1 0 QRect(0,-106 1974x111)
[    37.72 ] D: _tracksModel->getItem(i)->rect()1 1 QRect(0,5 1974x111)
[    37.72 ] D: _tracksModel->getItem(i)->rect()1 2 QRect(0,116 1974x111)
[    37.72 ] D: _tracksModel->getItem(i)->rect()1 3 QRect(0,227 1974x111)
[    37.72 ] D: _tracksModel->getItem(i)->rect()1 4 QRect(0,338 1974x111)
[    37.72 ] D: _tracksModel->getItem(i)->rect()1 5 QRect(0,449 1974x111)
[    37.72 ] D: _tracksModel->getItem(i)->rect()1 6 QRect(0,560 1974x111)
[    37.72 ] D: _tracksModel->getItem(i)->rect()1 7 QRect(0,671 1974x111)
[    37.72 ] D: _tracksModel->getItem(i)->rect()1 8 QRect(0,782 1974x111)
[    37.72 ] D: _tracksModel->getItem(i)->rect()1 9 QRect(0,893 1974x111)
[    37.72 ] D: _tracksModel->getItem(i)->rect()1 10 QRect(0,1004 1974x111)
[    37.72 ] D: setTracksRect
[    37.72 ] D: setTracksRect
[    37.72 ] D: sltStartContentYChanged4
[    37.76 ] D: sltStartContentYChanged1
[    37.76 ] D: sltStartContentYChanged2
[    37.76 ] D: sltStartContentYChanged3
[    37.76 ] D: _tracksModel->getItem(i)->rect()1 0 QRect(0,-109 1974x111)
[    37.76 ] D: _tracksModel->getItem(i)->rect()1 1 QRect(0,2 1974x111)
[    37.76 ] D: _tracksModel->getItem(i)->rect()1 2 QRect(0,113 1974x111)
[    37.76 ] D: _tracksModel->getItem(i)->rect()1 3 QRect(0,224 1974x111)
[    37.76 ] D: _tracksModel->getItem(i)->rect()1 4 QRect(0,335 1974x111)
[    37.76 ] D: _tracksModel->getItem(i)->rect()1 5 QRect(0,446 1974x111)
[    37.76 ] D: _tracksModel->getItem(i)->rect()1 6 QRect(0,557 1974x111)
[    37.76 ] D: _tracksModel->getItem(i)->rect()1 7 QRect(0,668 1974x111)
[    37.76 ] D: _tracksModel->getItem(i)->rect()1 8 QRect(0,779 1974x111)
[    37.76 ] D: _tracksModel->getItem(i)->rect()1 9 QRect(0,890 1974x111)
[    37.76 ] D: _tracksModel->getItem(i)->rect()1 10 QRect(0,1001 1974x111)
[    37.76 ] D: setTracksRect
[    37.76 ] D: setTracksRect
[    37.76 ] D: sltStartContentYChanged4
[    37.79 ] D: sltStartContentYChanged1
[    37.79 ] D: sltStartContentYChanged2
[    37.79 ] D: sltStartContentYChanged3
[    37.79 ] D: _tracksModel->getItem(i)->rect()1 0 QRect(0,-112 1974x111)
[    37.79 ] D: _tracksModel->getItem(i)->rect()1 1 QRect(0,-1 1974x111)
[    37.79 ] D: _tracksModel->getItem(i)->rect()1 2 QRect(0,110 1974x111)
[    37.79 ] D: _tracksModel->getItem(i)->rect()1 3 QRect(0,221 1974x111)
[    37.79 ] D: _tracksModel->getItem(i)->rect()1 4 QRect(0,332 1974x111)
[    37.79 ] D: _tracksModel->getItem(i)->rect()1 5 QRect(0,443 1974x111)
[    37.79 ] D: _tracksModel->getItem(i)->rect()1 6 QRect(0,554 1974x111)
[    37.79 ] D: _tracksModel->getItem(i)->rect()1 7 QRect(0,665 1974x111)
[    37.79 ] D: _tracksModel->getItem(i)->rect()1 8 QRect(0,776 1974x111)
[    37.79 ] D: _tracksModel->getItem(i)->rect()1 9 QRect(0,887 1974x111)
[    37.79 ] D: _tracksModel->getItem(i)->rect()1 10 QRect(0,998 1974x111)
[    37.79 ] D: setTracksRect
[    37.79 ] D: setTracksRect
[    37.79 ] D: sltStartContentYChanged4
[    37.79 ] D: sltStartContentYChanged1
[    37.79 ] D: sltStartContentYChanged2
[    37.79 ] D: sltStartContentYChanged3
[    37.79 ] D: _tracksModel->getItem(i)->rect()1 0 QRect(0,-115 1974x111)
[    37.79 ] D: _tracksModel->getItem(i)->rect()1 1 QRect(0,-4 1974x111)
[    37.79 ] D: _tracksModel->getItem(i)->rect()1 2 QRect(0,107 1974x111)
[    37.79 ] D: _tracksModel->getItem(i)->rect()1 3 QRect(0,218 1974x111)
[    37.79 ] D: _tracksModel->getItem(i)->rect()1 4 QRect(0,329 1974x111)
[    37.79 ] D: _tracksModel->getItem(i)->rect()1 5 QRect(0,440 1974x111)
[    37.79 ] D: _tracksModel->getItem(i)->rect()1 6 QRect(0,551 1974x111)
[    37.79 ] D: _tracksModel->getItem(i)->rect()1 7 QRect(0,662 1974x111)
[    37.79 ] D: _tracksModel->getItem(i)->rect()1 8 QRect(0,773 1974x111)
[    37.79 ] D: _tracksModel->getItem(i)->rect()1 9 QRect(0,884 1974x111)
[    37.79 ] D: _tracksModel->getItem(i)->rect()1 10 QRect(0,995 1974x111)
[    37.79 ] D: setTracksRect
[    37.79 ] D: setTracksRect
[    37.79 ] D: sltStartContentYChanged4
[    37.82 ] D: sltStartContentYChanged1
[    37.82 ] D: sltStartContentYChanged2
[    37.82 ] D: sltStartContentYChanged3
[    37.82 ] D: _tracksModel->getItem(i)->rect()1 0 QRect(0,-117 1974x111)
[    37.83 ] D: _tracksModel->getItem(i)->rect()1 1 QRect(0,-6 1974x111)
[    37.83 ] D: _tracksModel->getItem(i)->rect()1 2 QRect(0,105 1974x111)
[    37.83 ] D: _tracksModel->getItem(i)->rect()1 3 QRect(0,216 1974x111)
[    37.83 ] D: _tracksModel->getItem(i)->rect()1 4 QRect(0,327 1974x111)
[    37.83 ] D: _tracksModel->getItem(i)->rect()1 5 QRect(0,438 1974x111)
[    37.83 ] D: _tracksModel->getItem(i)->rect()1 6 QRect(0,549 1974x111)
[    37.83 ] D: _tracksModel->getItem(i)->rect()1 7 QRect(0,660 1974x111)
[    37.83 ] D: _tracksModel->getItem(i)->rect()1 8 QRect(0,771 1974x111)
[    37.83 ] D: _tracksModel->getItem(i)->rect()1 9 QRect(0,882 1974x111)
[    37.83 ] D: _tracksModel->getItem(i)->rect()1 10 QRect(0,993 1974x111)
[    37.83 ] D: setTracksRect
[    37.83 ] D: setTracksRect
[    37.83 ] D: sltStartContentYChanged4
[    37.86 ] D: sltStartContentYChanged1
[    37.86 ] D: sltStartContentYChanged2
[    37.86 ] D: sltStartContentYChanged3
[    37.86 ] D: _tracksModel->getItem(i)->rect()1 0 QRect(0,-119 1974x111)
[    37.86 ] D: _tracksModel->getItem(i)->rect()1 1 QRect(0,-8 1974x111)
[    37.86 ] D: _tracksModel->getItem(i)->rect()1 2 QRect(0,103 1974x111)
[    37.86 ] D: _tracksModel->getItem(i)->rect()1 3 QRect(0,214 1974x111)
[    37.86 ] D: _tracksModel->getItem(i)->rect()1 4 QRect(0,325 1974x111)
[    37.86 ] D: _tracksModel->getItem(i)->rect()1 5 QRect(0,436 1974x111)
[    37.86 ] D: _tracksModel->getItem(i)->rect()1 6 QRect(0,547 1974x111)
[    37.86 ] D: _tracksModel->getItem(i)->rect()1 7 QRect(0,658 1974x111)
[    37.86 ] D: _tracksModel->getItem(i)->rect()1 8 QRect(0,769 1974x111)
[    37.86 ] D: _tracksModel->getItem(i)->rect()1 9 QRect(0,880 1974x111)
[    37.86 ] D: _tracksModel->getItem(i)->rect()1 10 QRect(0,991 1974x111)
[    37.86 ] D: setTracksRect
[    37.86 ] D: setTracksRect
[    37.86 ] D: sltStartContentYChanged4
[    37.86 ] D: sltStartContentYChanged1
[    37.86 ] D: sltStartContentYChanged2
[    37.87 ] D: sltStartContentYChanged3
[    37.87 ] D: _tracksModel->getItem(i)->rect()1 0 QRect(0,-121 1974x111)
[    37.87 ] D: _tracksModel->getItem(i)->rect()1 1 QRect(0,-10 1974x111)
[    37.87 ] D: _tracksModel->getItem(i)->rect()1 2 QRect(0,101 1974x111)
[    37.87 ] D: _tracksModel->getItem(i)->rect()1 3 QRect(0,212 1974x111)
[    37.87 ] D: _tracksModel->getItem(i)->rect()1 4 QRect(0,323 1974x111)
[    37.87 ] D: _tracksModel->getItem(i)->rect()1 5 QRect(0,434 1974x111)
[    37.87 ] D: _tracksModel->getItem(i)->rect()1 6 QRect(0,545 1974x111)
[    37.87 ] D: _tracksModel->getItem(i)->rect()1 7 QRect(0,656 1974x111)
[    37.87 ] D: _tracksModel->getItem(i)->rect()1 8 QRect(0,767 1974x111)
[    37.87 ] D: _tracksModel->getItem(i)->rect()1 9 QRect(0,878 1974x111)
[    37.87 ] D: _tracksModel->getItem(i)->rect()1 10 QRect(0,989 1974x111)
[    37.87 ] D: setTracksRect
[    37.87 ] D: setTracksRect
[    37.87 ] D: sltStartContentYChanged4
[    37.93 ] D: sltStartContentYChanged1
[    37.93 ] D: sltStartContentYChanged2
[    37.93 ] D: sltStartContentYChanged3
[    37.93 ] D: _tracksModel->getItem(i)->rect()1 0 QRect(0,-126 1974x111)
[    37.93 ] D: _tracksModel->getItem(i)->rect()1 1 QRect(0,-15 1974x111)
[    37.93 ] D: _tracksModel->getItem(i)->rect()1 2 QRect(0,96 1974x111)
[    37.93 ] D: _tracksModel->getItem(i)->rect()1 3 QRect(0,207 1974x111)
[    37.93 ] D: _tracksModel->getItem(i)->rect()1 4 QRect(0,318 1974x111)
[    37.93 ] D: _tracksModel->getItem(i)->rect()1 5 QRect(0,429 1974x111)
[    37.93 ] D: _tracksModel->getItem(i)->rect()1 6 QRect(0,540 1974x111)
[    37.93 ] D: _tracksModel->getItem(i)->rect()1 7 QRect(0,651 1974x111)
[    37.94 ] D: _tracksModel->getItem(i)->rect()1 8 QRect(0,762 1974x111)
[    37.94 ] D: _tracksModel->getItem(i)->rect()1 9 QRect(0,873 1974x111)
[    37.94 ] D: _tracksModel->getItem(i)->rect()1 10 QRect(0,984 1974x111)
[    37.94 ] D: setTracksRect
[    37.94 ] D: setTracksRect
[    37.94 ] D: sltStartContentYChanged4
[    37.94 ] D: sltStartContentYChanged1
[    37.94 ] D: sltStartContentYChanged2
[    37.94 ] D: sltStartContentYChanged3
[    37.94 ] D: _tracksModel->getItem(i)->rect()1 0 QRect(0,-130 1974x111)
[    37.94 ] D: _tracksModel->getItem(i)->rect()1 1 QRect(0,-19 1974x111)
[    37.94 ] D: _tracksModel->getItem(i)->rect()1 2 QRect(0,92 1974x111)
[    37.94 ] D: _tracksModel->getItem(i)->rect()1 3 QRect(0,203 1974x111)
[    37.94 ] D: _tracksModel->getItem(i)->rect()1 4 QRect(0,314 1974x111)
[    37.94 ] D: _tracksModel->getItem(i)->rect()1 5 QRect(0,425 1974x111)
[    37.94 ] D: _tracksModel->getItem(i)->rect()1 6 QRect(0,536 1974x111)
[    37.94 ] D: _tracksModel->getItem(i)->rect()1 7 QRect(0,647 1974x111)
[    37.94 ] D: _tracksModel->getItem(i)->rect()1 8 QRect(0,758 1974x111)
[    37.94 ] D: _tracksModel->getItem(i)->rect()1 9 QRect(0,869 1974x111)
[    37.94 ] D: _tracksModel->getItem(i)->rect()1 10 QRect(0,980 1974x111)
[    37.94 ] D: setTracksRect
[    37.94 ] D: setTracksRect
[    37.94 ] D: sltStartContentYChanged4
[    37.95 ] D: sltStartContentYChanged1
[    37.95 ] D: sltStartContentYChanged2
[    37.96 ] D: sltStartContentYChanged3
[    37.96 ] D: _tracksModel->getItem(i)->rect()1 0 QRect(0,-134 1974x111)
[    37.96 ] D: _tracksModel->getItem(i)->rect()1 1 QRect(0,-23 1974x111)
[    37.96 ] D: _tracksModel->getItem(i)->rect()1 2 QRect(0,88 1974x111)
[    37.96 ] D: _tracksModel->getItem(i)->rect()1 3 QRect(0,199 1974x111)
[    37.96 ] D: _tracksModel->getItem(i)->rect()1 4 QRect(0,310 1974x111)
[    37.96 ] D: _tracksModel->getItem(i)->rect()1 5 QRect(0,421 1974x111)
[    37.96 ] D: _tracksModel->getItem(i)->rect()1 6 QRect(0,532 1974x111)
[    37.96 ] D: _tracksModel->getItem(i)->rect()1 7 QRect(0,643 1974x111)
[    37.96 ] D: _tracksModel->getItem(i)->rect()1 8 QRect(0,754 1974x111)
[    37.96 ] D: _tracksModel->getItem(i)->rect()1 9 QRect(0,865 1974x111)
[    37.96 ] D: _tracksModel->getItem(i)->rect()1 10 QRect(0,976 1974x111)
[    37.96 ] D: setTracksRect
[    37.96 ] D: setTracksRect
[    37.96 ] D: sltStartContentYChanged4
[    37.99 ] D: sltStartContentYChanged1
[    37.99 ] D: sltStartContentYChanged2
[    37.99 ] D: sltStartContentYChanged3
[    37.99 ] D: _tracksModel->getItem(i)->rect()1 0 QRect(0,-138 1974x111)
[    37.99 ] D: _tracksModel->getItem(i)->rect()1 1 QRect(0,-27 1974x111)
[    37.99 ] D: _tracksModel->getItem(i)->rect()1 2 QRect(0,84 1974x111)
[    37.99 ] D: _tracksModel->getItem(i)->rect()1 3 QRect(0,195 1974x111)
[    37.99 ] D: _tracksModel->getItem(i)->rect()1 4 QRect(0,306 1974x111)
[    37.99 ] D: _tracksModel->getItem(i)->rect()1 5 QRect(0,417 1974x111)
[    37.99 ] D: _tracksModel->getItem(i)->rect()1 6 QRect(0,528 1974x111)
[    37.99 ] D: _tracksModel->getItem(i)->rect()1 7 QRect(0,639 1974x111)
[    37.99 ] D: _tracksModel->getItem(i)->rect()1 8 QRect(0,750 1974x111)
[    37.99 ] D: _tracksModel->getItem(i)->rect()1 9 QRect(0,861 1974x111)
[    37.99 ] D: _tracksModel->getItem(i)->rect()1 10 QRect(0,972 1974x111)
[    37.99 ] D: setTracksRect
[    37.99 ] D: setTracksRect
[    37.99 ] D: sltStartContentYChanged4
[    37.99 ] D: sltStartContentYChanged1
[    37.99 ] D: sltStartContentYChanged2
[    37.99 ] D: sltStartContentYChanged3
[    37.99 ] D: _tracksModel->getItem(i)->rect()1 0 QRect(0,-141 1974x111)
[    37.99 ] D: _tracksModel->getItem(i)->rect()1 1 QRect(0,-30 1974x111)
[    37.99 ] D: _tracksModel->getItem(i)->rect()1 2 QRect(0,81 1974x111)
[    37.99 ] D: _tracksModel->getItem(i)->rect()1 3 QRect(0,192 1974x111)
[    37.99 ] D: _tracksModel->getItem(i)->rect()1 4 QRect(0,303 1974x111)
[    37.99 ] D: _tracksModel->getItem(i)->rect()1 5 QRect(0,414 1974x111)
[    37.99 ] D: _tracksModel->getItem(i)->rect()1 6 QRect(0,525 1974x111)
[    37.99 ] D: _tracksModel->getItem(i)->rect()1 7 QRect(0,636 1974x111)
[    37.99 ] D: _tracksModel->getItem(i)->rect()1 8 QRect(0,747 1974x111)
[    37.99 ] D: _tracksModel->getItem(i)->rect()1 9 QRect(0,858 1974x111)
[    37.99 ] D: _tracksModel->getItem(i)->rect()1 10 QRect(0,969 1974x111)
[    37.99 ] D: setTracksRect
[    37.99 ] D: setTracksRect
[    37.99 ] D: sltStartContentYChanged4
[    38.04 ] D: sltStartContentYChanged1
[    38.04 ] D: sltStartContentYChanged2
[    38.04 ] D: sltStartContentYChanged3
[    38.04 ] D: _tracksModel->getItem(i)->rect()1 0 QRect(0,-143 1974x111)
[    38.04 ] D: _tracksModel->getItem(i)->rect()1 1 QRect(0,-32 1974x111)
[    38.04 ] D: _tracksModel->getItem(i)->rect()1 2 QRect(0,79 1974x111)
[    38.04 ] D: _tracksModel->getItem(i)->rect()1 3 QRect(0,190 1974x111)
[    38.04 ] D: _tracksModel->getItem(i)->rect()1 4 QRect(0,301 1974x111)
[    38.04 ] D: _tracksModel->getItem(i)->rect()1 5 QRect(0,412 1974x111)
[    38.04 ] D: _tracksModel->getItem(i)->rect()1 6 QRect(0,523 1974x111)
[    38.04 ] D: _tracksModel->getItem(i)->rect()1 7 QRect(0,634 1974x111)
[    38.04 ] D: _tracksModel->getItem(i)->rect()1 8 QRect(0,745 1974x111)
[    38.04 ] D: _tracksModel->getItem(i)->rect()1 9 QRect(0,856 1974x111)
[    38.04 ] D: _tracksModel->getItem(i)->rect()1 10 QRect(0,967 1974x111)
[    38.04 ] D: setTracksRect
[    38.04 ] D: setTracksRect
[    38.04 ] D: sltStartContentYChanged4
[    38.05 ] D: sltStartContentYChanged1
[    38.05 ] D: sltStartContentYChanged2
[    38.05 ] D: sltStartContentYChanged3
[    38.05 ] D: _tracksModel->getItem(i)->rect()1 0 QRect(0,-146 1974x111)
[    38.05 ] D: _tracksModel->getItem(i)->rect()1 1 QRect(0,-35 1974x111)
[    38.05 ] D: _tracksModel->getItem(i)->rect()1 2 QRect(0,76 1974x111)
[    38.05 ] D: _tracksModel->getItem(i)->rect()1 3 QRect(0,187 1974x111)
[    38.05 ] D: _tracksModel->getItem(i)->rect()1 4 QRect(0,298 1974x111)
[    38.05 ] D: _tracksModel->getItem(i)->rect()1 5 QRect(0,409 1974x111)
[    38.05 ] D: _tracksModel->getItem(i)->rect()1 6 QRect(0,520 1974x111)
[    38.05 ] D: _tracksModel->getItem(i)->rect()1 7 QRect(0,631 1974x111)
[    38.05 ] D: _tracksModel->getItem(i)->rect()1 8 QRect(0,742 1974x111)
[    38.05 ] D: _tracksModel->getItem(i)->rect()1 9 QRect(0,853 1974x111)
[    38.05 ] D: _tracksModel->getItem(i)->rect()1 10 QRect(0,964 1974x111)
[    38.05 ] D: setTracksRect
[    38.05 ] D: setTracksRect
[    38.05 ] D: sltStartContentYChanged4
[    38.05 ] D: sltStartContentYChanged1
[    38.05 ] D: sltStartContentYChanged2
[    38.06 ] D: sltStartContentYChanged3
[    38.06 ] D: _tracksModel->getItem(i)->rect()1 0 QRect(0,-147 1974x111)
[    38.06 ] D: _tracksModel->getItem(i)->rect()1 1 QRect(0,-36 1974x111)
[    38.06 ] D: _tracksModel->getItem(i)->rect()1 2 QRect(0,75 1974x111)
[    38.06 ] D: _tracksModel->getItem(i)->rect()1 3 QRect(0,186 1974x111)
[    38.06 ] D: _tracksModel->getItem(i)->rect()1 4 QRect(0,297 1974x111)
[    38.06 ] D: _tracksModel->getItem(i)->rect()1 5 QRect(0,408 1974x111)
[    38.06 ] D: _tracksModel->getItem(i)->rect()1 6 QRect(0,519 1974x111)
[    38.06 ] D: _tracksModel->getItem(i)->rect()1 7 QRect(0,630 1974x111)
[    38.06 ] D: _tracksModel->getItem(i)->rect()1 8 QRect(0,741 1974x111)
[    38.06 ] D: _tracksModel->getItem(i)->rect()1 9 QRect(0,852 1974x111)
[    38.06 ] D: _tracksModel->getItem(i)->rect()1 10 QRect(0,963 1974x111)
[    38.06 ] D: setTracksRect
[    38.06 ] D: setTracksRect
[    38.06 ] D: sltStartContentYChanged4
[    38.08 ] D: sltStartContentYChanged1
[    38.08 ] D: sltStartContentYChanged2
[    38.08 ] D: sltStartContentYChanged3
[    38.08 ] D: _tracksModel->getItem(i)->rect()1 0 QRect(0,-149 1974x111)
[    38.08 ] D: _tracksModel->getItem(i)->rect()1 1 QRect(0,-38 1974x111)
[    38.09 ] D: _tracksModel->getItem(i)->rect()1 2 QRect(0,73 1974x111)
[    38.09 ] D: _tracksModel->getItem(i)->rect()1 3 QRect(0,184 1974x111)
[    38.09 ] D: _tracksModel->getItem(i)->rect()1 4 QRect(0,295 1974x111)
[    38.09 ] D: _tracksModel->getItem(i)->rect()1 5 QRect(0,406 1974x111)
[    38.09 ] D: _tracksModel->getItem(i)->rect()1 6 QRect(0,517 1974x111)
[    38.09 ] D: _tracksModel->getItem(i)->rect()1 7 QRect(0,628 1974x111)
[    38.09 ] D: _tracksModel->getItem(i)->rect()1 8 QRect(0,739 1974x111)
[    38.09 ] D: _tracksModel->getItem(i)->rect()1 9 QRect(0,850 1974x111)
[    38.09 ] D: _tracksModel->getItem(i)->rect()1 10 QRect(0,961 1974x111)
[    38.09 ] D: setTracksRect
[    38.09 ] D: setTracksRect
[    38.09 ] D: sltStartContentYChanged4
[    38.14 ] D: sltStartContentYChanged1
[    38.14 ] D: sltStartContentYChanged2
[    38.14 ] D: sltStartContentYChanged3
[    38.14 ] D: _tracksModel->getItem(i)->rect()1 0 QRect(0,-154 1974x111)
[    38.14 ] D: _tracksModel->getItem(i)->rect()1 1 QRect(0,-43 1974x111)
[    38.14 ] D: _tracksModel->getItem(i)->rect()1 2 QRect(0,68 1974x111)
[    38.14 ] D: _tracksModel->getItem(i)->rect()1 3 QRect(0,179 1974x111)
[    38.14 ] D: _tracksModel->getItem(i)->rect()1 4 QRect(0,290 1974x111)
[    38.14 ] D: _tracksModel->getItem(i)->rect()1 5 QRect(0,401 1974x111)
[    38.15 ] D: _tracksModel->getItem(i)->rect()1 6 QRect(0,512 1974x111)
[    38.15 ] D: _tracksModel->getItem(i)->rect()1 7 QRect(0,623 1974x111)
[    38.15 ] D: _tracksModel->getItem(i)->rect()1 8 QRect(0,734 1974x111)
[    38.15 ] D: _tracksModel->getItem(i)->rect()1 9 QRect(0,845 1974x111)
[    38.15 ] D: _tracksModel->getItem(i)->rect()1 10 QRect(0,956 1974x111)
[    38.15 ] D: setTracksRect
[    38.15 ] D: setTracksRect
[    38.15 ] D: sltStartContentYChanged4
[    38.15 ] D: sltStartContentYChanged1
[    38.15 ] D: sltStartContentYChanged2
[    38.15 ] D: sltStartContentYChanged3
[    38.15 ] D: _tracksModel->getItem(i)->rect()1 0 QRect(0,-159 1974x111)
[    38.15 ] D: _tracksModel->getItem(i)->rect()1 1 QRect(0,-48 1974x111)
[    38.15 ] D: _tracksModel->getItem(i)->rect()1 2 QRect(0,63 1974x111)
[    38.15 ] D: _tracksModel->getItem(i)->rect()1 3 QRect(0,174 1974x111)
[    38.15 ] D: _tracksModel->getItem(i)->rect()1 4 QRect(0,285 1974x111)
[    38.15 ] D: _tracksModel->getItem(i)->rect()1 5 QRect(0,396 1974x111)
[    38.15 ] D: _tracksModel->getItem(i)->rect()1 6 QRect(0,507 1974x111)
[    38.15 ] D: _tracksModel->getItem(i)->rect()1 7 QRect(0,618 1974x111)
[    38.15 ] D: _tracksModel->getItem(i)->rect()1 8 QRect(0,729 1974x111)
[    38.15 ] D: _tracksModel->getItem(i)->rect()1 9 QRect(0,840 1974x111)
[    38.15 ] D: _tracksModel->getItem(i)->rect()1 10 QRect(0,951 1974x111)
[    38.15 ] D: setTracksRect
[    38.15 ] D: setTracksRect
[    38.15 ] D: sltStartContentYChanged4
[    38.24 ] D: sltStartContentYChanged1
[    38.24 ] D: sltStartContentYChanged2
[    38.24 ] D: sltStartContentYChanged3
[    38.24 ] D: _tracksModel->getItem(i)->rect()1 0 QRect(0,-164 1974x111)
[    38.24 ] D: _tracksModel->getItem(i)->rect()1 1 QRect(0,-53 1974x111)
[    38.24 ] D: _tracksModel->getItem(i)->rect()1 2 QRect(0,58 1974x111)
[    38.24 ] D: _tracksModel->getItem(i)->rect()1 3 QRect(0,169 1974x111)
[    38.24 ] D: _tracksModel->getItem(i)->rect()1 4 QRect(0,280 1974x111)
[    38.24 ] D: _tracksModel->getItem(i)->rect()1 5 QRect(0,391 1974x111)
[    38.24 ] D: _tracksModel->getItem(i)->rect()1 6 QRect(0,502 1974x111)
[    38.24 ] D: _tracksModel->getItem(i)->rect()1 7 QRect(0,613 1974x111)
[    38.24 ] D: _tracksModel->getItem(i)->rect()1 8 QRect(0,724 1974x111)
[    38.24 ] D: _tracksModel->getItem(i)->rect()1 9 QRect(0,835 1974x111)
[    38.24 ] D: _tracksModel->getItem(i)->rect()1 10 QRect(0,946 1974x111)
[    38.24 ] D: setTracksRect
[    38.24 ] D: setTracksRect
[    38.24 ] D: sltStartContentYChanged4
[    38.25 ] D: sltStartContentYChanged1
[    38.25 ] D: sltStartContentYChanged2
[    38.25 ] D: sltStartContentYChanged3
[    38.25 ] D: _tracksModel->getItem(i)->rect()1 0 QRect(0,-168 1974x111)
[    38.25 ] D: _tracksModel->getItem(i)->rect()1 1 QRect(0,-57 1974x111)
[    38.25 ] D: _tracksModel->getItem(i)->rect()1 2 QRect(0,54 1974x111)
[    38.25 ] D: _tracksModel->getItem(i)->rect()1 3 QRect(0,165 1974x111)
[    38.25 ] D: _tracksModel->getItem(i)->rect()1 4 QRect(0,276 1974x111)
[    38.25 ] D: _tracksModel->getItem(i)->rect()1 5 QRect(0,387 1974x111)
[    38.25 ] D: _tracksModel->getItem(i)->rect()1 6 QRect(0,498 1974x111)
[    38.25 ] D: _tracksModel->getItem(i)->rect()1 7 QRect(0,609 1974x111)
[    38.25 ] D: _tracksModel->getItem(i)->rect()1 8 QRect(0,720 1974x111)
[    38.25 ] D: _tracksModel->getItem(i)->rect()1 9 QRect(0,831 1974x111)
[    38.25 ] D: _tracksModel->getItem(i)->rect()1 10 QRect(0,942 1974x111)
[    38.25 ] D: setTracksRect
[    38.25 ] D: setTracksRect
[    38.25 ] D: sltStartContentYChanged4
[    38.26 ] D: sltStartContentYChanged1
[    38.26 ] D: sltStartContentYChanged2
[    38.26 ] D: sltStartContentYChanged3
[    38.26 ] D: _tracksModel->getItem(i)->rect()1 0 QRect(0,-172 1974x111)
[    38.26 ] D: _tracksModel->getItem(i)->rect()1 1 QRect(0,-61 1974x111)
[    38.26 ] D: _tracksModel->getItem(i)->rect()1 2 QRect(0,50 1974x111)
[    38.26 ] D: _tracksModel->getItem(i)->rect()1 3 QRect(0,161 1974x111)
[    38.26 ] D: _tracksModel->getItem(i)->rect()1 4 QRect(0,272 1974x111)
[    38.26 ] D: _tracksModel->getItem(i)->rect()1 5 QRect(0,383 1974x111)
[    38.26 ] D: _tracksModel->getItem(i)->rect()1 6 QRect(0,494 1974x111)
[    38.26 ] D: _tracksModel->getItem(i)->rect()1 7 QRect(0,605 1974x111)
[    38.26 ] D: _tracksModel->getItem(i)->rect()1 8 QRect(0,716 1974x111)
[    38.26 ] D: _tracksModel->getItem(i)->rect()1 9 QRect(0,827 1974x111)
[    38.26 ] D: _tracksModel->getItem(i)->rect()1 10 QRect(0,938 1974x111)
[    38.26 ] D: setTracksRect
[    38.26 ] D: setTracksRect
[    38.26 ] D: sltStartContentYChanged4
[    38.31 ] D: sltStartContentYChanged1
[    38.31 ] D: sltStartContentYChanged2
[    38.31 ] D: sltStartContentYChanged3
[    38.31 ] D: _tracksModel->getItem(i)->rect()1 0 QRect(0,-176 1974x111)
[    38.31 ] D: _tracksModel->getItem(i)->rect()1 1 QRect(0,-65 1974x111)
[    38.31 ] D: _tracksModel->getItem(i)->rect()1 2 QRect(0,46 1974x111)
[    38.31 ] D: _tracksModel->getItem(i)->rect()1 3 QRect(0,157 1974x111)
[    38.31 ] D: _tracksModel->getItem(i)->rect()1 4 QRect(0,268 1974x111)
[    38.31 ] D: _tracksModel->getItem(i)->rect()1 5 QRect(0,379 1974x111)
[    38.31 ] D: _tracksModel->getItem(i)->rect()1 6 QRect(0,490 1974x111)
[    38.31 ] D: _tracksModel->getItem(i)->rect()1 7 QRect(0,601 1974x111)
[    38.31 ] D: _tracksModel->getItem(i)->rect()1 8 QRect(0,712 1974x111)
[    38.31 ] D: _tracksModel->getItem(i)->rect()1 9 QRect(0,823 1974x111)
[    38.31 ] D: _tracksModel->getItem(i)->rect()1 10 QRect(0,934 1974x111)
[    38.31 ] D: setTracksRect
[    38.31 ] D: setTracksRect
[    38.31 ] D: sltStartContentYChanged4
[    38.34 ] D: sltStartContentYChanged1
[    38.34 ] D: sltStartContentYChanged2
[    38.34 ] D: sltStartContentYChanged3
[    38.34 ] D: _tracksModel->getItem(i)->rect()1 0 QRect(0,-181 1974x111)
[    38.34 ] D: _tracksModel->getItem(i)->rect()1 1 QRect(0,-70 1974x111)
[    38.34 ] D: _tracksModel->getItem(i)->rect()1 2 QRect(0,41 1974x111)
[    38.34 ] D: _tracksModel->getItem(i)->rect()1 3 QRect(0,152 1974x111)
[    38.34 ] D: _tracksModel->getItem(i)->rect()1 4 QRect(0,263 1974x111)
[    38.34 ] D: _tracksModel->getItem(i)->rect()1 5 QRect(0,374 1974x111)
[    38.34 ] D: _tracksModel->getItem(i)->rect()1 6 QRect(0,485 1974x111)
[    38.34 ] D: _tracksModel->getItem(i)->rect()1 7 QRect(0,596 1974x111)
[    38.34 ] D: _tracksModel->getItem(i)->rect()1 8 QRect(0,707 1974x111)
[    38.34 ] D: _tracksModel->getItem(i)->rect()1 9 QRect(0,818 1974x111)
[    38.34 ] D: _tracksModel->getItem(i)->rect()1 10 QRect(0,929 1974x111)
[    38.34 ] D: setTracksRect
[    38.34 ] D: setTracksRect
[    38.34 ] D: sltStartContentYChanged4
[    38.35 ] D: sltStartContentYChanged1
[    38.35 ] D: sltStartContentYChanged2
[    38.35 ] D: sltStartContentYChanged3
[    38.35 ] D: _tracksModel->getItem(i)->rect()1 0 QRect(0,-186 1974x111)
[    38.35 ] D: _tracksModel->getItem(i)->rect()1 1 QRect(0,-75 1974x111)
[    38.35 ] D: _tracksModel->getItem(i)->rect()1 2 QRect(0,36 1974x111)
[    38.35 ] D: _tracksModel->getItem(i)->rect()1 3 QRect(0,147 1974x111)
[    38.35 ] D: _tracksModel->getItem(i)->rect()1 4 QRect(0,258 1974x111)
[    38.35 ] D: _tracksModel->getItem(i)->rect()1 5 QRect(0,369 1974x111)
[    38.35 ] D: _tracksModel->getItem(i)->rect()1 6 QRect(0,480 1974x111)
[    38.35 ] D: _tracksModel->getItem(i)->rect()1 7 QRect(0,591 1974x111)
[    38.35 ] D: _tracksModel->getItem(i)->rect()1 8 QRect(0,702 1974x111)
[    38.35 ] D: _tracksModel->getItem(i)->rect()1 9 QRect(0,813 1974x111)
[    38.35 ] D: _tracksModel->getItem(i)->rect()1 10 QRect(0,924 1974x111)
[    38.35 ] D: setTracksRect
[    38.35 ] D: setTracksRect
[    38.35 ] D: sltStartContentYChanged4
[    38.37 ] D: sltStartContentYChanged1
[    38.37 ] D: sltStartContentYChanged2
[    38.37 ] D: sltStartContentYChanged3
[    38.37 ] D: _tracksModel->getItem(i)->rect()1 0 QRect(0,-194 1974x111)
[    38.37 ] D: _tracksModel->getItem(i)->rect()1 1 QRect(0,-83 1974x111)
[    38.38 ] D: _tracksModel->getItem(i)->rect()1 2 QRect(0,28 1974x111)
[    38.38 ] D: _tracksModel->getItem(i)->rect()1 3 QRect(0,139 1974x111)
[    38.38 ] D: _tracksModel->getItem(i)->rect()1 4 QRect(0,250 1974x111)
[    38.38 ] D: _tracksModel->getItem(i)->rect()1 5 QRect(0,361 1974x111)
[    38.38 ] D: _tracksModel->getItem(i)->rect()1 6 QRect(0,472 1974x111)
[    38.38 ] D: _tracksModel->getItem(i)->rect()1 7 QRect(0,583 1974x111)
[    38.38 ] D: _tracksModel->getItem(i)->rect()1 8 QRect(0,694 1974x111)
[    38.38 ] D: _tracksModel->getItem(i)->rect()1 9 QRect(0,805 1974x111)
[    38.38 ] D: _tracksModel->getItem(i)->rect()1 10 QRect(0,916 1974x111)
[    38.38 ] D: setTracksRect
[    38.38 ] D: setTracksRect
[    38.38 ] D: sltStartContentYChanged4
[    38.44 ] D: sltStartContentYChanged1
[    38.44 ] D: sltStartContentYChanged2
[    38.44 ] D: sltStartContentYChanged3
[    38.44 ] D: _tracksModel->getItem(i)->rect()1 0 QRect(0,-204 1974x111)
[    38.44 ] D: _tracksModel->getItem(i)->rect()1 1 QRect(0,-93 1974x111)
[    38.44 ] D: _tracksModel->getItem(i)->rect()1 2 QRect(0,18 1974x111)
[    38.44 ] D: _tracksModel->getItem(i)->rect()1 3 QRect(0,129 1974x111)
[    38.44 ] D: _tracksModel->getItem(i)->rect()1 4 QRect(0,240 1974x111)
[    38.44 ] D: _tracksModel->getItem(i)->rect()1 5 QRect(0,351 1974x111)
[    38.44 ] D: _tracksModel->getItem(i)->rect()1 6 QRect(0,462 1974x111)
[    38.44 ] D: _tracksModel->getItem(i)->rect()1 7 QRect(0,573 1974x111)
[    38.45 ] D: _tracksModel->getItem(i)->rect()1 8 QRect(0,684 1974x111)
[    38.45 ] D: _tracksModel->getItem(i)->rect()1 9 QRect(0,795 1974x111)
[    38.45 ] D: _tracksModel->getItem(i)->rect()1 10 QRect(0,906 1974x111)
[    38.45 ] D: setTracksRect
[    38.45 ] D: setTracksRect
[    38.45 ] D: sltStartContentYChanged4
[    38.45 ] D: sltStartContentYChanged1
[    38.45 ] D: sltStartContentYChanged2
[    38.45 ] D: sltStartContentYChanged3
[    38.46 ] D: _tracksModel->getItem(i)->rect()1 0 QRect(0,-213 1974x111)
[    38.46 ] D: _tracksModel->getItem(i)->rect()1 1 QRect(0,-102 1974x111)
[    38.46 ] D: _tracksModel->getItem(i)->rect()1 2 QRect(0,9 1974x111)
[    38.46 ] D: _tracksModel->getItem(i)->rect()1 3 QRect(0,120 1974x111)
[    38.46 ] D: _tracksModel->getItem(i)->rect()1 4 QRect(0,231 1974x111)
[    38.46 ] D: _tracksModel->getItem(i)->rect()1 5 QRect(0,342 1974x111)
[    38.46 ] D: _tracksModel->getItem(i)->rect()1 6 QRect(0,453 1974x111)
[    38.46 ] D: _tracksModel->getItem(i)->rect()1 7 QRect(0,564 1974x111)
[    38.46 ] D: _tracksModel->getItem(i)->rect()1 8 QRect(0,675 1974x111)
[    38.46 ] D: _tracksModel->getItem(i)->rect()1 9 QRect(0,786 1974x111)
[    38.46 ] D: _tracksModel->getItem(i)->rect()1 10 QRect(0,897 1974x111)
[    38.46 ] D: setTracksRect
[    38.46 ] D: setTracksRect
[    38.46 ] D: sltStartContentYChanged4
[    38.48 ] D: sltStartContentYChanged1
[    38.48 ] D: sltStartContentYChanged2
[    38.48 ] D: sltStartContentYChanged3
[    38.48 ] D: _tracksModel->getItem(i)->rect()1 0 QRect(0,-218 1974x111)
[    38.48 ] D: _tracksModel->getItem(i)->rect()1 1 QRect(0,-107 1974x111)
[    38.49 ] D: _tracksModel->getItem(i)->rect()1 2 QRect(0,4 1974x111)
[    38.49 ] D: _tracksModel->getItem(i)->rect()1 3 QRect(0,115 1974x111)
[    38.49 ] D: _tracksModel->getItem(i)->rect()1 4 QRect(0,226 1974x111)
[    38.49 ] D: _tracksModel->getItem(i)->rect()1 5 QRect(0,337 1974x111)
[    38.49 ] D: _tracksModel->getItem(i)->rect()1 6 QRect(0,448 1974x111)
[    38.49 ] D: _tracksModel->getItem(i)->rect()1 7 QRect(0,559 1974x111)
[    38.49 ] D: _tracksModel->getItem(i)->rect()1 8 QRect(0,670 1974x111)
[    38.49 ] D: _tracksModel->getItem(i)->rect()1 9 QRect(0,781 1974x111)
[    38.49 ] D: _tracksModel->getItem(i)->rect()1 10 QRect(0,892 1974x111)
[    38.49 ] D: setTracksRect
[    38.49 ] D: setTracksRect
[    38.49 ] D: sltStartContentYChanged4
[    38.54 ] D: sltStartContentYChanged1
[    38.54 ] D: sltStartContentYChanged2
[    38.54 ] D: sltStartContentYChanged3
[    38.54 ] D: _tracksModel->getItem(i)->rect()1 0 QRect(0,-221 1974x111)
[    38.54 ] D: _tracksModel->getItem(i)->rect()1 1 QRect(0,-110 1974x111)
[    38.54 ] D: _tracksModel->getItem(i)->rect()1 2 QRect(0,1 1974x111)
[    38.54 ] D: _tracksModel->getItem(i)->rect()1 3 QRect(0,112 1974x111)
[    38.54 ] D: _tracksModel->getItem(i)->rect()1 4 QRect(0,223 1974x111)
[    38.54 ] D: _tracksModel->getItem(i)->rect()1 5 QRect(0,334 1974x111)
[    38.54 ] D: _tracksModel->getItem(i)->rect()1 6 QRect(0,445 1974x111)
[    38.54 ] D: _tracksModel->getItem(i)->rect()1 7 QRect(0,556 1974x111)
[    38.54 ] D: _tracksModel->getItem(i)->rect()1 8 QRect(0,667 1974x111)
[    38.54 ] D: _tracksModel->getItem(i)->rect()1 9 QRect(0,778 1974x111)
[    38.54 ] D: _tracksModel->getItem(i)->rect()1 10 QRect(0,889 1974x111)
[    38.54 ] D: setTracksRect
[    38.54 ] D: setTracksRect
[    38.54 ] D: sltStartContentYChanged4
[    38.55 ] D: sltStartContentYChanged1
[    38.55 ] D: sltStartContentYChanged2
[    38.55 ] D: sltStartContentYChanged3
[    38.56 ] D: _tracksModel->getItem(i)->rect()1 0 QRect(0,-224 1974x111)
[    38.56 ] D: _tracksModel->getItem(i)->rect()1 1 QRect(0,-113 1974x111)
[    38.56 ] D: _tracksModel->getItem(i)->rect()1 2 QRect(0,-2 1974x111)
[    38.56 ] D: _tracksModel->getItem(i)->rect()1 3 QRect(0,109 1974x111)
[    38.56 ] D: _tracksModel->getItem(i)->rect()1 4 QRect(0,220 1974x111)
[    38.56 ] D: _tracksModel->getItem(i)->rect()1 5 QRect(0,331 1974x111)
[    38.56 ] D: _tracksModel->getItem(i)->rect()1 6 QRect(0,442 1974x111)
[    38.56 ] D: _tracksModel->getItem(i)->rect()1 7 QRect(0,553 1974x111)
[    38.56 ] D: _tracksModel->getItem(i)->rect()1 8 QRect(0,664 1974x111)
[    38.56 ] D: _tracksModel->getItem(i)->rect()1 9 QRect(0,775 1974x111)
[    38.56 ] D: _tracksModel->getItem(i)->rect()1 10 QRect(0,886 1974x111)
[    38.56 ] D: setTracksRect
[    38.56 ] D: setTracksRect
[    38.56 ] D: sltStartContentYChanged4
[    38.57 ] D: sltStartContentYChanged1
[    38.57 ] D: sltStartContentYChanged2
[    38.58 ] D: sltStartContentYChanged3
[    38.58 ] D: _tracksModel->getItem(i)->rect()1 0 QRect(0,-225 1974x111)
[    38.58 ] D: _tracksModel->getItem(i)->rect()1 1 QRect(0,-114 1974x111)
[    38.58 ] D: _tracksModel->getItem(i)->rect()1 2 QRect(0,-3 1974x111)
[    38.58 ] D: _tracksModel->getItem(i)->rect()1 3 QRect(0,108 1974x111)
[    38.58 ] D: _tracksModel->getItem(i)->rect()1 4 QRect(0,219 1974x111)
[    38.58 ] D: _tracksModel->getItem(i)->rect()1 5 QRect(0,330 1974x111)
[    38.58 ] D: _tracksModel->getItem(i)->rect()1 6 QRect(0,441 1974x111)
[    38.58 ] D: _tracksModel->getItem(i)->rect()1 7 QRect(0,552 1974x111)
[    38.58 ] D: _tracksModel->getItem(i)->rect()1 8 QRect(0,663 1974x111)
[    38.58 ] D: _tracksModel->getItem(i)->rect()1 9 QRect(0,774 1974x111)
[    38.58 ] D: _tracksModel->getItem(i)->rect()1 10 QRect(0,885 1974x111)
[    38.58 ] D: setTracksRect
[    38.58 ] D: setTracksRect
[    38.58 ] D: sltStartContentYChanged4
[    38.77 ] D: sltStartContentYChanged1
[    38.77 ] D: sltStartContentYChanged2
[    38.77 ] D: sltStartContentYChanged3
[    38.77 ] D: _tracksModel->getItem(i)->rect()1 0 QRect(0,-231 1974x111)
[    38.77 ] D: _tracksModel->getItem(i)->rect()1 1 QRect(0,-120 1974x111)
[    38.77 ] D: _tracksModel->getItem(i)->rect()1 2 QRect(0,-9 1974x111)
[    38.77 ] D: _tracksModel->getItem(i)->rect()1 3 QRect(0,102 1974x111)
[    38.77 ] D: _tracksModel->getItem(i)->rect()1 4 QRect(0,213 1974x111)
[    38.77 ] D: _tracksModel->getItem(i)->rect()1 5 QRect(0,324 1974x111)
[    38.77 ] D: _tracksModel->getItem(i)->rect()1 6 QRect(0,435 1974x111)
[    38.77 ] D: _tracksModel->getItem(i)->rect()1 7 QRect(0,546 1974x111)
[    38.77 ] D: _tracksModel->getItem(i)->rect()1 8 QRect(0,657 1974x111)
[    38.77 ] D: _tracksModel->getItem(i)->rect()1 9 QRect(0,768 1974x111)
[    38.77 ] D: _tracksModel->getItem(i)->rect()1 10 QRect(0,879 1974x111)
[    38.77 ] D: setTracksRect
[    38.77 ] D: setTracksRect
[    38.77 ] D: sltStartContentYChanged4
[    38.78 ] D: sltStartContentYChanged1
[    38.78 ] D: sltStartContentYChanged2
[    38.78 ] D: sltStartContentYChanged3
[    38.78 ] D: _tracksModel->getItem(i)->rect()1 0 QRect(0,-240 1974x111)
[    38.78 ] D: _tracksModel->getItem(i)->rect()1 1 QRect(0,-129 1974x111)
[    38.78 ] D: _tracksModel->getItem(i)->rect()1 2 QRect(0,-18 1974x111)
[    38.78 ] D: _tracksModel->getItem(i)->rect()1 3 QRect(0,93 1974x111)
[    38.78 ] D: _tracksModel->getItem(i)->rect()1 4 QRect(0,204 1974x111)
[    38.78 ] D: _tracksModel->getItem(i)->rect()1 5 QRect(0,315 1974x111)
[    38.78 ] D: _tracksModel->getItem(i)->rect()1 6 QRect(0,426 1974x111)
[    38.78 ] D: _tracksModel->getItem(i)->rect()1 7 QRect(0,537 1974x111)
[    38.78 ] D: _tracksModel->getItem(i)->rect()1 8 QRect(0,648 1974x111)
[    38.78 ] D: _tracksModel->getItem(i)->rect()1 9 QRect(0,759 1974x111)
[    38.78 ] D: _tracksModel->getItem(i)->rect()1 10 QRect(0,870 1974x111)
[    38.78 ] D: setTracksRect
[    38.78 ] D: setTracksRect
[    38.78 ] D: sltStartContentYChanged4
[    38.82 ] D: sltStartContentYChanged1
[    38.82 ] D: sltStartContentYChanged2
[    38.82 ] D: sltStartContentYChanged3
[    38.82 ] D: _tracksModel->getItem(i)->rect()1 0 QRect(0,-244 1974x111)
[    38.82 ] D: _tracksModel->getItem(i)->rect()1 1 QRect(0,-133 1974x111)
[    38.82 ] D: _tracksModel->getItem(i)->rect()1 2 QRect(0,-22 1974x111)
[    38.82 ] D: _tracksModel->getItem(i)->rect()1 3 QRect(0,89 1974x111)
[    38.82 ] D: _tracksModel->getItem(i)->rect()1 4 QRect(0,200 1974x111)
[    38.82 ] D: _tracksModel->getItem(i)->rect()1 5 QRect(0,311 1974x111)
[    38.82 ] D: _tracksModel->getItem(i)->rect()1 6 QRect(0,422 1974x111)
[    38.82 ] D: _tracksModel->getItem(i)->rect()1 7 QRect(0,533 1974x111)
[    38.82 ] D: _tracksModel->getItem(i)->rect()1 8 QRect(0,644 1974x111)
[    38.82 ] D: _tracksModel->getItem(i)->rect()1 9 QRect(0,755 1974x111)
[    38.82 ] D: _tracksModel->getItem(i)->rect()1 10 QRect(0,866 1974x111)
[    38.82 ] D: setTracksRect
[    38.82 ] D: setTracksRect
[    38.82 ] D: sltStartContentYChanged4
[    38.84 ] D: sltStartContentYChanged1
[    38.84 ] D: sltStartContentYChanged2
[    38.84 ] D: sltStartContentYChanged3
[    38.84 ] D: _tracksModel->getItem(i)->rect()1 0 QRect(0,-253 1974x111)
[    38.84 ] D: _tracksModel->getItem(i)->rect()1 1 QRect(0,-142 1974x111)
[    38.84 ] D: _tracksModel->getItem(i)->rect()1 2 QRect(0,-31 1974x111)
[    38.84 ] D: _tracksModel->getItem(i)->rect()1 3 QRect(0,80 1974x111)
[    38.84 ] D: _tracksModel->getItem(i)->rect()1 4 QRect(0,191 1974x111)
[    38.84 ] D: _tracksModel->getItem(i)->rect()1 5 QRect(0,302 1974x111)
[    38.84 ] D: _tracksModel->getItem(i)->rect()1 6 QRect(0,413 1974x111)
[    38.84 ] D: _tracksModel->getItem(i)->rect()1 7 QRect(0,524 1974x111)
[    38.84 ] D: _tracksModel->getItem(i)->rect()1 8 QRect(0,635 1974x111)
[    38.84 ] D: _tracksModel->getItem(i)->rect()1 9 QRect(0,746 1974x111)
[    38.84 ] D: _tracksModel->getItem(i)->rect()1 10 QRect(0,857 1974x111)
[    38.84 ] D: setTracksRect
[    38.84 ] D: setTracksRect
[    38.84 ] D: sltStartContentYChanged4
[    38.84 ] D: sltStartContentYChanged1
[    38.84 ] D: sltStartContentYChanged2
[    38.85 ] D: sltStartContentYChanged3
[    38.85 ] D: _tracksModel->getItem(i)->rect()1 0 QRect(0,-259 1974x111)
[    38.85 ] D: _tracksModel->getItem(i)->rect()1 1 QRect(0,-148 1974x111)
[    38.85 ] D: _tracksModel->getItem(i)->rect()1 2 QRect(0,-37 1974x111)
[    38.85 ] D: _tracksModel->getItem(i)->rect()1 3 QRect(0,74 1974x111)
[    38.85 ] D: _tracksModel->getItem(i)->rect()1 4 QRect(0,185 1974x111)
[    38.85 ] D: _tracksModel->getItem(i)->rect()1 5 QRect(0,296 1974x111)
[    38.85 ] D: _tracksModel->getItem(i)->rect()1 6 QRect(0,407 1974x111)
[    38.85 ] D: _tracksModel->getItem(i)->rect()1 7 QRect(0,518 1974x111)
[    38.85 ] D: _tracksModel->getItem(i)->rect()1 8 QRect(0,629 1974x111)
[    38.85 ] D: _tracksModel->getItem(i)->rect()1 9 QRect(0,740 1974x111)
[    38.85 ] D: _tracksModel->getItem(i)->rect()1 10 QRect(0,851 1974x111)
[    38.85 ] D: setTracksRect
[    38.85 ] D: setTracksRect
[    38.85 ] D: sltStartContentYChanged4
[    38.87 ] D: sltStartContentYChanged1
[    38.88 ] D: sltStartContentYChanged2
[    38.88 ] D: sltStartContentYChanged3
[    38.88 ] D: _tracksModel->getItem(i)->rect()1 0 QRect(0,-264 1974x111)
[    38.88 ] D: _tracksModel->getItem(i)->rect()1 1 QRect(0,-153 1974x111)
[    38.88 ] D: _tracksModel->getItem(i)->rect()1 2 QRect(0,-42 1974x111)
[    38.88 ] D: _tracksModel->getItem(i)->rect()1 3 QRect(0,69 1974x111)
[    38.88 ] D: _tracksModel->getItem(i)->rect()1 4 QRect(0,180 1974x111)
[    38.88 ] D: _tracksModel->getItem(i)->rect()1 5 QRect(0,291 1974x111)
[    38.88 ] D: _tracksModel->getItem(i)->rect()1 6 QRect(0,402 1974x111)
[    38.88 ] D: _tracksModel->getItem(i)->rect()1 7 QRect(0,513 1974x111)
[    38.88 ] D: _tracksModel->getItem(i)->rect()1 8 QRect(0,624 1974x111)
[    38.88 ] D: _tracksModel->getItem(i)->rect()1 9 QRect(0,735 1974x111)
[    38.88 ] D: _tracksModel->getItem(i)->rect()1 10 QRect(0,846 1974x111)
[    38.88 ] D: setTracksRect
[    38.88 ] D: setTracksRect
[    38.88 ] D: sltStartContentYChanged4
[    38.92 ] D: sltStartContentYChanged1
[    38.92 ] D: sltStartContentYChanged2
[    38.92 ] D: sltStartContentYChanged3
[    38.92 ] D: _tracksModel->getItem(i)->rect()1 0 QRect(0,-267 1974x111)
[    38.92 ] D: _tracksModel->getItem(i)->rect()1 1 QRect(0,-156 1974x111)
[    38.92 ] D: _tracksModel->getItem(i)->rect()1 2 QRect(0,-45 1974x111)
[    38.92 ] D: _tracksModel->getItem(i)->rect()1 3 QRect(0,66 1974x111)
[    38.92 ] D: _tracksModel->getItem(i)->rect()1 4 QRect(0,177 1974x111)
[    38.92 ] D: _tracksModel->getItem(i)->rect()1 5 QRect(0,288 1974x111)
[    38.92 ] D: _tracksModel->getItem(i)->rect()1 6 QRect(0,399 1974x111)
[    38.92 ] D: _tracksModel->getItem(i)->rect()1 7 QRect(0,510 1974x111)
[    38.92 ] D: _tracksModel->getItem(i)->rect()1 8 QRect(0,621 1974x111)
[    38.92 ] D: _tracksModel->getItem(i)->rect()1 9 QRect(0,732 1974x111)
[    38.92 ] D: _tracksModel->getItem(i)->rect()1 10 QRect(0,843 1974x111)
[    38.92 ] D: setTracksRect
[    38.92 ] D: setTracksRect
[    38.92 ] D: sltStartContentYChanged4
[    38.93 ] D: sltStartContentYChanged1
[    38.93 ] D: sltStartContentYChanged2
[    38.93 ] D: sltStartContentYChanged3
[    38.93 ] D: _tracksModel->getItem(i)->rect()1 0 QRect(0,-271 1974x111)
[    38.93 ] D: _tracksModel->getItem(i)->rect()1 1 QRect(0,-160 1974x111)
[    38.93 ] D: _tracksModel->getItem(i)->rect()1 2 QRect(0,-49 1974x111)
[    38.93 ] D: _tracksModel->getItem(i)->rect()1 3 QRect(0,62 1974x111)
[    38.93 ] D: _tracksModel->getItem(i)->rect()1 4 QRect(0,173 1974x111)
[    38.93 ] D: _tracksModel->getItem(i)->rect()1 5 QRect(0,284 1974x111)
[    38.93 ] D: _tracksModel->getItem(i)->rect()1 6 QRect(0,395 1974x111)
[    38.93 ] D: _tracksModel->getItem(i)->rect()1 7 QRect(0,506 1974x111)
[    38.93 ] D: _tracksModel->getItem(i)->rect()1 8 QRect(0,617 1974x111)
[    38.93 ] D: _tracksModel->getItem(i)->rect()1 9 QRect(0,728 1974x111)
[    38.93 ] D: _tracksModel->getItem(i)->rect()1 10 QRect(0,839 1974x111)
[    38.93 ] D: setTracksRect
[    38.93 ] D: setTracksRect
[    38.93 ] D: sltStartContentYChanged4
[    38.98 ] D: sltStartContentYChanged1
[    38.98 ] D: sltStartContentYChanged2
[    38.98 ] D: sltStartContentYChanged3
[    38.98 ] D: _tracksModel->getItem(i)->rect()1 0 QRect(0,-273 1974x111)
[    38.98 ] D: _tracksModel->getItem(i)->rect()1 1 QRect(0,-162 1974x111)
[    38.98 ] D: _tracksModel->getItem(i)->rect()1 2 QRect(0,-51 1974x111)
[    38.98 ] D: _tracksModel->getItem(i)->rect()1 3 QRect(0,60 1974x111)
[    38.98 ] D: _tracksModel->getItem(i)->rect()1 4 QRect(0,171 1974x111)
[    38.98 ] D: _tracksModel->getItem(i)->rect()1 5 QRect(0,282 1974x111)
[    38.98 ] D: _tracksModel->getItem(i)->rect()1 6 QRect(0,393 1974x111)
[    38.98 ] D: _tracksModel->getItem(i)->rect()1 7 QRect(0,504 1974x111)
[    38.98 ] D: _tracksModel->getItem(i)->rect()1 8 QRect(0,615 1974x111)
[    38.98 ] D: _tracksModel->getItem(i)->rect()1 9 QRect(0,726 1974x111)
[    38.98 ] D: _tracksModel->getItem(i)->rect()1 10 QRect(0,837 1974x111)
[    38.98 ] D: setTracksRect
[    38.98 ] D: setTracksRect
[    38.98 ] D: sltStartContentYChanged4
[    38.99 ] D: sltStartContentYChanged1
[    38.99 ] D: sltStartContentYChanged2
[    38.99 ] D: sltStartContentYChanged3
[    38.99 ] D: _tracksModel->getItem(i)->rect()1 0 QRect(0,-274 1974x111)
[    38.99 ] D: _tracksModel->getItem(i)->rect()1 1 QRect(0,-163 1974x111)
[    38.99 ] D: _tracksModel->getItem(i)->rect()1 2 QRect(0,-52 1974x111)
[    38.99 ] D: _tracksModel->getItem(i)->rect()1 3 QRect(0,59 1974x111)
[    38.99 ] D: _tracksModel->getItem(i)->rect()1 4 QRect(0,170 1974x111)
[    38.99 ] D: _tracksModel->getItem(i)->rect()1 5 QRect(0,281 1974x111)
[    38.99 ] D: _tracksModel->getItem(i)->rect()1 6 QRect(0,392 1974x111)
[    38.99 ] D: _tracksModel->getItem(i)->rect()1 7 QRect(0,503 1974x111)
[    38.99 ] D: _tracksModel->getItem(i)->rect()1 8 QRect(0,614 1974x111)
[    38.99 ] D: _tracksModel->getItem(i)->rect()1 9 QRect(0,725 1974x111)
[    38.99 ] D: _tracksModel->getItem(i)->rect()1 10 QRect(0,836 1974x111)
[    38.99 ] D: setTracksRect
[    38.99 ] D: setTracksRect
[    38.99 ] D: sltStartContentYChanged4
[    39.03 ] D: sltStartContentYChanged1
[    39.03 ] D: sltStartContentYChanged2
[    39.03 ] D: sltStartContentYChanged3
[    39.03 ] D: _tracksModel->getItem(i)->rect()1 0 QRect(0,-279 1974x111)
[    39.03 ] D: _tracksModel->getItem(i)->rect()1 1 QRect(0,-168 1974x111)
[    39.03 ] D: _tracksModel->getItem(i)->rect()1 2 QRect(0,-57 1974x111)
[    39.03 ] D: _tracksModel->getItem(i)->rect()1 3 QRect(0,54 1974x111)
[    39.03 ] D: _tracksModel->getItem(i)->rect()1 4 QRect(0,165 1974x111)
[    39.03 ] D: _tracksModel->getItem(i)->rect()1 5 QRect(0,276 1974x111)
[    39.03 ] D: _tracksModel->getItem(i)->rect()1 6 QRect(0,387 1974x111)
[    39.03 ] D: _tracksModel->getItem(i)->rect()1 7 QRect(0,498 1974x111)
[    39.03 ] D: _tracksModel->getItem(i)->rect()1 8 QRect(0,609 1974x111)
[    39.03 ] D: _tracksModel->getItem(i)->rect()1 9 QRect(0,720 1974x111)
[    39.03 ] D: _tracksModel->getItem(i)->rect()1 10 QRect(0,831 1974x111)
[    39.03 ] D: setTracksRect
[    39.03 ] D: setTracksRect
[    39.03 ] D: sltStartContentYChanged4
[    39.05 ] D: sltStartContentYChanged1
[    39.05 ] D: sltStartContentYChanged2
[    39.05 ] D: sltStartContentYChanged3
[    39.05 ] D: _tracksModel->getItem(i)->rect()1 0 QRect(0,-284 1974x111)
[    39.05 ] D: _tracksModel->getItem(i)->rect()1 1 QRect(0,-173 1974x111)
[    39.05 ] D: _tracksModel->getItem(i)->rect()1 2 QRect(0,-62 1974x111)
[    39.05 ] D: _tracksModel->getItem(i)->rect()1 3 QRect(0,49 1974x111)
[    39.05 ] D: _tracksModel->getItem(i)->rect()1 4 QRect(0,160 1974x111)
[    39.05 ] D: _tracksModel->getItem(i)->rect()1 5 QRect(0,271 1974x111)
[    39.05 ] D: _tracksModel->getItem(i)->rect()1 6 QRect(0,382 1974x111)
[    39.05 ] D: _tracksModel->getItem(i)->rect()1 7 QRect(0,493 1974x111)
[    39.05 ] D: _tracksModel->getItem(i)->rect()1 8 QRect(0,604 1974x111)
[    39.05 ] D: _tracksModel->getItem(i)->rect()1 9 QRect(0,715 1974x111)
[    39.05 ] D: _tracksModel->getItem(i)->rect()1 10 QRect(0,826 1974x111)
[    39.05 ] D: setTracksRect
[    39.05 ] D: setTracksRect
[    39.05 ] D: sltStartContentYChanged4
[    39.05 ] D: sltStartContentYChanged1
[    39.05 ] D: sltStartContentYChanged2
[    39.06 ] D: sltStartContentYChanged3
[    39.06 ] D: _tracksModel->getItem(i)->rect()1 0 QRect(0,-288 1974x111)
[    39.06 ] D: _tracksModel->getItem(i)->rect()1 1 QRect(0,-177 1974x111)
[    39.06 ] D: _tracksModel->getItem(i)->rect()1 2 QRect(0,-66 1974x111)
[    39.06 ] D: _tracksModel->getItem(i)->rect()1 3 QRect(0,45 1974x111)
[    39.06 ] D: _tracksModel->getItem(i)->rect()1 4 QRect(0,156 1974x111)
[    39.06 ] D: _tracksModel->getItem(i)->rect()1 5 QRect(0,267 1974x111)
[    39.06 ] D: _tracksModel->getItem(i)->rect()1 6 QRect(0,378 1974x111)
[    39.06 ] D: _tracksModel->getItem(i)->rect()1 7 QRect(0,489 1974x111)
[    39.06 ] D: _tracksModel->getItem(i)->rect()1 8 QRect(0,600 1974x111)
[    39.06 ] D: _tracksModel->getItem(i)->rect()1 9 QRect(0,711 1974x111)
[    39.06 ] D: _tracksModel->getItem(i)->rect()1 10 QRect(0,822 1974x111)
[    39.06 ] D: setTracksRect
[    39.06 ] D: setTracksRect
[    39.06 ] D: sltStartContentYChanged4
[    39.11 ] D: sltStartContentYChanged1
[    39.11 ] D: sltStartContentYChanged2
[    39.12 ] D: sltStartContentYChanged3
[    39.12 ] D: _tracksModel->getItem(i)->rect()1 0 QRect(0,-294 1974x111)
[    39.12 ] D: _tracksModel->getItem(i)->rect()1 1 QRect(0,-183 1974x111)
[    39.12 ] D: _tracksModel->getItem(i)->rect()1 2 QRect(0,-72 1974x111)
[    39.12 ] D: _tracksModel->getItem(i)->rect()1 3 QRect(0,39 1974x111)
[    39.12 ] D: _tracksModel->getItem(i)->rect()1 4 QRect(0,150 1974x111)
[    39.12 ] D: _tracksModel->getItem(i)->rect()1 5 QRect(0,261 1974x111)
[    39.12 ] D: _tracksModel->getItem(i)->rect()1 6 QRect(0,372 1974x111)
[    39.12 ] D: _tracksModel->getItem(i)->rect()1 7 QRect(0,483 1974x111)
[    39.12 ] D: _tracksModel->getItem(i)->rect()1 8 QRect(0,594 1974x111)
[    39.12 ] D: _tracksModel->getItem(i)->rect()1 9 QRect(0,705 1974x111)
[    39.12 ] D: _tracksModel->getItem(i)->rect()1 10 QRect(0,816 1974x111)
[    39.12 ] D: setTracksRect
[    39.12 ] D: setTracksRect
[    39.12 ] D: sltStartContentYChanged4
[    39.13 ] D: sltStartContentYChanged1
[    39.13 ] D: sltStartContentYChanged2
[    39.13 ] D: sltStartContentYChanged3
[    39.13 ] D: _tracksModel->getItem(i)->rect()1 0 QRect(0,-298 1974x111)
[    39.13 ] D: _tracksModel->getItem(i)->rect()1 1 QRect(0,-187 1974x111)
[    39.13 ] D: _tracksModel->getItem(i)->rect()1 2 QRect(0,-76 1974x111)
[    39.13 ] D: _tracksModel->getItem(i)->rect()1 3 QRect(0,35 1974x111)
[    39.13 ] D: _tracksModel->getItem(i)->rect()1 4 QRect(0,146 1974x111)
[    39.13 ] D: _tracksModel->getItem(i)->rect()1 5 QRect(0,257 1974x111)
[    39.13 ] D: _tracksModel->getItem(i)->rect()1 6 QRect(0,368 1974x111)
[    39.13 ] D: _tracksModel->getItem(i)->rect()1 7 QRect(0,479 1974x111)
[    39.13 ] D: _tracksModel->getItem(i)->rect()1 8 QRect(0,590 1974x111)
[    39.13 ] D: _tracksModel->getItem(i)->rect()1 9 QRect(0,701 1974x111)
[    39.13 ] D: _tracksModel->getItem(i)->rect()1 10 QRect(0,812 1974x111)
[    39.13 ] D: setTracksRect
[    39.13 ] D: setTracksRect
[    39.13 ] D: sltStartContentYChanged4
[    39.14 ] D: sltStartContentYChanged1
[    39.14 ] D: sltStartContentYChanged2
[    39.14 ] D: sltStartContentYChanged3
[    39.14 ] D: _tracksModel->getItem(i)->rect()1 0 QRect(0,-302 1974x111)
[    39.14 ] D: _tracksModel->getItem(i)->rect()1 1 QRect(0,-191 1974x111)
[    39.14 ] D: _tracksModel->getItem(i)->rect()1 2 QRect(0,-80 1974x111)
[    39.14 ] D: _tracksModel->getItem(i)->rect()1 3 QRect(0,31 1974x111)
[    39.14 ] D: _tracksModel->getItem(i)->rect()1 4 QRect(0,142 1974x111)
[    39.14 ] D: _tracksModel->getItem(i)->rect()1 5 QRect(0,253 1974x111)
[    39.14 ] D: _tracksModel->getItem(i)->rect()1 6 QRect(0,364 1974x111)
[    39.14 ] D: _tracksModel->getItem(i)->rect()1 7 QRect(0,475 1974x111)
[    39.14 ] D: _tracksModel->getItem(i)->rect()1 8 QRect(0,586 1974x111)
[    39.14 ] D: _tracksModel->getItem(i)->rect()1 9 QRect(0,697 1974x111)
[    39.14 ] D: _tracksModel->getItem(i)->rect()1 10 QRect(0,808 1974x111)
[    39.14 ] D: setTracksRect
[    39.14 ] D: setTracksRect
[    39.14 ] D: sltStartContentYChanged4
[    39.15 ] D: sltStartContentYChanged1
[    39.15 ] D: sltStartContentYChanged2
[    39.15 ] D: sltStartContentYChanged3
[    39.15 ] D: _tracksModel->getItem(i)->rect()1 0 QRect(0,-306 1974x111)
[    39.15 ] D: _tracksModel->getItem(i)->rect()1 1 QRect(0,-195 1974x111)
[    39.15 ] D: _tracksModel->getItem(i)->rect()1 2 QRect(0,-84 1974x111)
[    39.15 ] D: _tracksModel->getItem(i)->rect()1 3 QRect(0,27 1974x111)
[    39.15 ] D: _tracksModel->getItem(i)->rect()1 4 QRect(0,138 1974x111)
[    39.15 ] D: _tracksModel->getItem(i)->rect()1 5 QRect(0,249 1974x111)
[    39.15 ] D: _tracksModel->getItem(i)->rect()1 6 QRect(0,360 1974x111)
[    39.15 ] D: _tracksModel->getItem(i)->rect()1 7 QRect(0,471 1974x111)
[    39.15 ] D: _tracksModel->getItem(i)->rect()1 8 QRect(0,582 1974x111)
[    39.15 ] D: _tracksModel->getItem(i)->rect()1 9 QRect(0,693 1974x111)
[    39.16 ] D: _tracksModel->getItem(i)->rect()1 10 QRect(0,804 1974x111)
[    39.16 ] D: setTracksRect
[    39.16 ] D: setTracksRect
[    39.16 ] D: sltStartContentYChanged4
[    39.18 ] D: sltStartContentYChanged1
[    39.19 ] D: sltStartContentYChanged2
[    39.19 ] D: sltStartContentYChanged3
[    39.19 ] D: _tracksModel->getItem(i)->rect()1 0 QRect(0,-309 1974x111)
[    39.19 ] D: _tracksModel->getItem(i)->rect()1 1 QRect(0,-198 1974x111)
[    39.19 ] D: _tracksModel->getItem(i)->rect()1 2 QRect(0,-87 1974x111)
[    39.19 ] D: _tracksModel->getItem(i)->rect()1 3 QRect(0,24 1974x111)
[    39.19 ] D: _tracksModel->getItem(i)->rect()1 4 QRect(0,135 1974x111)
[    39.19 ] D: _tracksModel->getItem(i)->rect()1 5 QRect(0,246 1974x111)
[    39.19 ] D: _tracksModel->getItem(i)->rect()1 6 QRect(0,357 1974x111)
[    39.19 ] D: _tracksModel->getItem(i)->rect()1 7 QRect(0,468 1974x111)
[    39.19 ] D: _tracksModel->getItem(i)->rect()1 8 QRect(0,579 1974x111)
[    39.19 ] D: _tracksModel->getItem(i)->rect()1 9 QRect(0,690 1974x111)
[    39.19 ] D: _tracksModel->getItem(i)->rect()1 10 QRect(0,801 1974x111)
[    39.19 ] D: setTracksRect
[    39.19 ] D: setTracksRect
[    39.19 ] D: sltStartContentYChanged4
[    39.20 ] D: sltStartContentYChanged1
[    39.20 ] D: sltStartContentYChanged2
[    39.20 ] D: sltStartContentYChanged3
[    39.20 ] D: _tracksModel->getItem(i)->rect()1 0 QRect(0,-312 1974x111)
[    39.20 ] D: _tracksModel->getItem(i)->rect()1 1 QRect(0,-201 1974x111)
[    39.20 ] D: _tracksModel->getItem(i)->rect()1 2 QRect(0,-90 1974x111)
[    39.20 ] D: _tracksModel->getItem(i)->rect()1 3 QRect(0,21 1974x111)
[    39.20 ] D: _tracksModel->getItem(i)->rect()1 4 QRect(0,132 1974x111)
[    39.20 ] D: _tracksModel->getItem(i)->rect()1 5 QRect(0,243 1974x111)
[    39.20 ] D: _tracksModel->getItem(i)->rect()1 6 QRect(0,354 1974x111)
[    39.20 ] D: _tracksModel->getItem(i)->rect()1 7 QRect(0,465 1974x111)
[    39.20 ] D: _tracksModel->getItem(i)->rect()1 8 QRect(0,576 1974x111)
[    39.20 ] D: _tracksModel->getItem(i)->rect()1 9 QRect(0,687 1974x111)
[    39.20 ] D: _tracksModel->getItem(i)->rect()1 10 QRect(0,798 1974x111)
[    39.20 ] D: setTracksRect
[    39.20 ] D: setTracksRect
[    39.20 ] D: sltStartContentYChanged4
[    39.21 ] D: sltStartContentYChanged1
[    39.21 ] D: sltStartContentYChanged2
[    39.21 ] D: sltStartContentYChanged3
[    39.21 ] D: _tracksModel->getItem(i)->rect()1 0 QRect(0,-314 1974x111)
[    39.21 ] D: _tracksModel->getItem(i)->rect()1 1 QRect(0,-203 1974x111)
[    39.21 ] D: _tracksModel->getItem(i)->rect()1 2 QRect(0,-92 1974x111)
[    39.21 ] D: _tracksModel->getItem(i)->rect()1 3 QRect(0,19 1974x111)
[    39.21 ] D: _tracksModel->getItem(i)->rect()1 4 QRect(0,130 1974x111)
[    39.21 ] D: _tracksModel->getItem(i)->rect()1 5 QRect(0,241 1974x111)
[    39.21 ] D: _tracksModel->getItem(i)->rect()1 6 QRect(0,352 1974x111)
[    39.21 ] D: _tracksModel->getItem(i)->rect()1 7 QRect(0,463 1974x111)
[    39.21 ] D: _tracksModel->getItem(i)->rect()1 8 QRect(0,574 1974x111)
[    39.21 ] D: _tracksModel->getItem(i)->rect()1 9 QRect(0,685 1974x111)
[    39.21 ] D: _tracksModel->getItem(i)->rect()1 10 QRect(0,796 1974x111)
[    39.21 ] D: setTracksRect
[    39.21 ] D: setTracksRect
[    39.21 ] D: sltStartContentYChanged4
[    39.21 ] D: sltStartContentYChanged1
[    39.22 ] D: sltStartContentYChanged2
[    39.22 ] D: sltStartContentYChanged3
[    39.22 ] D: _tracksModel->getItem(i)->rect()1 0 QRect(0,-315 1974x111)
[    39.22 ] D: _tracksModel->getItem(i)->rect()1 1 QRect(0,-204 1974x111)
[    39.22 ] D: _tracksModel->getItem(i)->rect()1 2 QRect(0,-93 1974x111)
[    39.22 ] D: _tracksModel->getItem(i)->rect()1 3 QRect(0,18 1974x111)
[    39.22 ] D: _tracksModel->getItem(i)->rect()1 4 QRect(0,129 1974x111)
[    39.22 ] D: _tracksModel->getItem(i)->rect()1 5 QRect(0,240 1974x111)
[    39.22 ] D: _tracksModel->getItem(i)->rect()1 6 QRect(0,351 1974x111)
[    39.22 ] D: _tracksModel->getItem(i)->rect()1 7 QRect(0,462 1974x111)
[    39.22 ] D: _tracksModel->getItem(i)->rect()1 8 QRect(0,573 1974x111)
[    39.22 ] D: _tracksModel->getItem(i)->rect()1 9 QRect(0,684 1974x111)
[    39.22 ] D: _tracksModel->getItem(i)->rect()1 10 QRect(0,795 1974x111)
[    39.22 ] D: setTracksRect
[    39.22 ] D: setTracksRect
[    39.22 ] D: sltStartContentYChanged4
[    39.23 ] D: sltStartContentYChanged1
[    39.23 ] D: sltStartContentYChanged2
[    39.24 ] D: sltStartContentYChanged3
[    39.24 ] D: _tracksModel->getItem(i)->rect()1 0 QRect(0,-317 1974x111)
[    39.24 ] D: _tracksModel->getItem(i)->rect()1 1 QRect(0,-206 1974x111)
[    39.24 ] D: _tracksModel->getItem(i)->rect()1 2 QRect(0,-95 1974x111)
[    39.24 ] D: _tracksModel->getItem(i)->rect()1 3 QRect(0,16 1974x111)
[    39.24 ] D: _tracksModel->getItem(i)->rect()1 4 QRect(0,127 1974x111)
[    39.24 ] D: _tracksModel->getItem(i)->rect()1 5 QRect(0,238 1974x111)
[    39.24 ] D: _tracksModel->getItem(i)->rect()1 6 QRect(0,349 1974x111)
[    39.24 ] D: _tracksModel->getItem(i)->rect()1 7 QRect(0,460 1974x111)
[    39.24 ] D: _tracksModel->getItem(i)->rect()1 8 QRect(0,571 1974x111)
[    39.24 ] D: _tracksModel->getItem(i)->rect()1 9 QRect(0,682 1974x111)
[    39.24 ] D: _tracksModel->getItem(i)->rect()1 10 QRect(0,793 1974x111)
[    39.24 ] D: setTracksRect
[    39.24 ] D: setTracksRect
[    39.24 ] D: sltStartContentYChanged4
[    39.26 ] D: sltStartContentYChanged1
[    39.26 ] D: sltStartContentYChanged2
[    39.26 ] D: sltStartContentYChanged3
[    39.26 ] D: _tracksModel->getItem(i)->rect()1 0 QRect(0,-318 1974x111)
[    39.26 ] D: _tracksModel->getItem(i)->rect()1 1 QRect(0,-207 1974x111)
[    39.26 ] D: _tracksModel->getItem(i)->rect()1 2 QRect(0,-96 1974x111)
[    39.26 ] D: _tracksModel->getItem(i)->rect()1 3 QRect(0,15 1974x111)
[    39.26 ] D: _tracksModel->getItem(i)->rect()1 4 QRect(0,126 1974x111)
[    39.26 ] D: _tracksModel->getItem(i)->rect()1 5 QRect(0,237 1974x111)
[    39.26 ] D: _tracksModel->getItem(i)->rect()1 6 QRect(0,348 1974x111)
[    39.26 ] D: _tracksModel->getItem(i)->rect()1 7 QRect(0,459 1974x111)
[    39.26 ] D: _tracksModel->getItem(i)->rect()1 8 QRect(0,570 1974x111)
[    39.26 ] D: _tracksModel->getItem(i)->rect()1 9 QRect(0,681 1974x111)
[    39.26 ] D: _tracksModel->getItem(i)->rect()1 10 QRect(0,792 1974x111)
[    39.26 ] D: setTracksRect
[    39.26 ] D: setTracksRect
[    39.26 ] D: sltStartContentYChanged4
[    39.29 ] D: sltStartContentYChanged1
[    39.29 ] D: sltStartContentYChanged2
[    39.29 ] D: sltStartContentYChanged3
[    39.29 ] D: _tracksModel->getItem(i)->rect()1 0 QRect(0,-319 1974x111)
[    39.29 ] D: _tracksModel->getItem(i)->rect()1 1 QRect(0,-208 1974x111)
[    39.29 ] D: _tracksModel->getItem(i)->rect()1 2 QRect(0,-97 1974x111)
[    39.29 ] D: _tracksModel->getItem(i)->rect()1 3 QRect(0,14 1974x111)
[    39.29 ] D: _tracksModel->getItem(i)->rect()1 4 QRect(0,125 1974x111)
[    39.29 ] D: _tracksModel->getItem(i)->rect()1 5 QRect(0,236 1974x111)
[    39.29 ] D: _tracksModel->getItem(i)->rect()1 6 QRect(0,347 1974x111)
[    39.29 ] D: _tracksModel->getItem(i)->rect()1 7 QRect(0,458 1974x111)
[    39.29 ] D: _tracksModel->getItem(i)->rect()1 8 QRect(0,569 1974x111)
[    39.29 ] D: _tracksModel->getItem(i)->rect()1 9 QRect(0,680 1974x111)
[    39.29 ] D: _tracksModel->getItem(i)->rect()1 10 QRect(0,791 1974x111)
[    39.29 ] D: setTracksRect
[    39.29 ] D: setTracksRect
[    39.29 ] D: sltStartContentYChanged4
[    39.35 ] D: sltStartContentYChanged1
[    39.35 ] D: sltStartContentYChanged2
[    39.35 ] D: sltStartContentYChanged3
[    39.35 ] D: _tracksModel->getItem(i)->rect()1 0 QRect(0,-323 1974x111)
[    39.35 ] D: _tracksModel->getItem(i)->rect()1 1 QRect(0,-212 1974x111)
[    39.35 ] D: _tracksModel->getItem(i)->rect()1 2 QRect(0,-101 1974x111)
[    39.35 ] D: _tracksModel->getItem(i)->rect()1 3 QRect(0,10 1974x111)
[    39.35 ] D: _tracksModel->getItem(i)->rect()1 4 QRect(0,121 1974x111)
[    39.35 ] D: _tracksModel->getItem(i)->rect()1 5 QRect(0,232 1974x111)
[    39.35 ] D: _tracksModel->getItem(i)->rect()1 6 QRect(0,343 1974x111)
[    39.35 ] D: _tracksModel->getItem(i)->rect()1 7 QRect(0,454 1974x111)
[    39.35 ] D: _tracksModel->getItem(i)->rect()1 8 QRect(0,565 1974x111)
[    39.35 ] D: _tracksModel->getItem(i)->rect()1 9 QRect(0,676 1974x111)
[    39.35 ] D: _tracksModel->getItem(i)->rect()1 10 QRect(0,787 1974x111)
[    39.35 ] D: setTracksRect
[    39.35 ] D: setTracksRect
[    39.35 ] D: sltStartContentYChanged4
[    39.35 ] D: sltStartContentYChanged1
[    39.35 ] D: sltStartContentYChanged2
[    39.36 ] D: sltStartContentYChanged3
[    39.36 ] D: _tracksModel->getItem(i)->rect()1 0 QRect(0,-328 1974x111)
[    39.36 ] D: _tracksModel->getItem(i)->rect()1 1 QRect(0,-217 1974x111)
[    39.36 ] D: _tracksModel->getItem(i)->rect()1 2 QRect(0,-106 1974x111)
[    39.36 ] D: _tracksModel->getItem(i)->rect()1 3 QRect(0,5 1974x111)
[    39.36 ] D: _tracksModel->getItem(i)->rect()1 4 QRect(0,116 1974x111)
[    39.36 ] D: _tracksModel->getItem(i)->rect()1 5 QRect(0,227 1974x111)
[    39.36 ] D: _tracksModel->getItem(i)->rect()1 6 QRect(0,338 1974x111)
[    39.36 ] D: _tracksModel->getItem(i)->rect()1 7 QRect(0,449 1974x111)
[    39.36 ] D: _tracksModel->getItem(i)->rect()1 8 QRect(0,560 1974x111)
[    39.36 ] D: _tracksModel->getItem(i)->rect()1 9 QRect(0,671 1974x111)
[    39.36 ] D: _tracksModel->getItem(i)->rect()1 10 QRect(0,782 1974x111)
[    39.36 ] D: setTracksRect
[    39.36 ] D: setTracksRect
[    39.36 ] D: sltStartContentYChanged4
[    39.41 ] D: sltStartContentYChanged1
[    39.41 ] D: sltStartContentYChanged2
[    39.41 ] D: sltStartContentYChanged3
[    39.41 ] D: _tracksModel->getItem(i)->rect()1 0 QRect(0,-333 1974x111)
[    39.41 ] D: _tracksModel->getItem(i)->rect()1 1 QRect(0,-222 1974x111)
[    39.41 ] D: _tracksModel->getItem(i)->rect()1 2 QRect(0,-111 1974x111)
[    39.41 ] D: _tracksModel->getItem(i)->rect()1 3 QRect(0,0 1974x111)
[    39.41 ] D: _tracksModel->getItem(i)->rect()1 4 QRect(0,111 1974x111)
[    39.41 ] D: _tracksModel->getItem(i)->rect()1 5 QRect(0,222 1974x111)
[    39.41 ] D: _tracksModel->getItem(i)->rect()1 6 QRect(0,333 1974x111)
[    39.41 ] D: _tracksModel->getItem(i)->rect()1 7 QRect(0,444 1974x111)
[    39.41 ] D: _tracksModel->getItem(i)->rect()1 8 QRect(0,555 1974x111)
[    39.41 ] D: _tracksModel->getItem(i)->rect()1 9 QRect(0,666 1974x111)
[    39.41 ] D: _tracksModel->getItem(i)->rect()1 10 QRect(0,777 1974x111)
[    39.41 ] D: setTracksRect
[    39.41 ] D: setTracksRect
[    39.41 ] D: sltStartContentYChanged4
[    39.44 ] D: sltStartContentYChanged1
[    39.44 ] D: sltStartContentYChanged2
[    39.44 ] D: sltStartContentYChanged3
[    39.44 ] D: _tracksModel->getItem(i)->rect()1 0 QRect(0,-337 1974x111)
[    39.44 ] D: _tracksModel->getItem(i)->rect()1 1 QRect(0,-226 1974x111)
[    39.44 ] D: _tracksModel->getItem(i)->rect()1 2 QRect(0,-115 1974x111)
[    39.44 ] D: _tracksModel->getItem(i)->rect()1 3 QRect(0,-4 1974x111)
[    39.44 ] D: _tracksModel->getItem(i)->rect()1 4 QRect(0,107 1974x111)
[    39.44 ] D: _tracksModel->getItem(i)->rect()1 5 QRect(0,218 1974x111)
[    39.44 ] D: _tracksModel->getItem(i)->rect()1 6 QRect(0,329 1974x111)
[    39.44 ] D: _tracksModel->getItem(i)->rect()1 7 QRect(0,440 1974x111)
[    39.44 ] D: _tracksModel->getItem(i)->rect()1 8 QRect(0,551 1974x111)
[    39.44 ] D: _tracksModel->getItem(i)->rect()1 9 QRect(0,662 1974x111)
[    39.44 ] D: _tracksModel->getItem(i)->rect()1 10 QRect(0,773 1974x111)
[    39.44 ] D: setTracksRect
[    39.44 ] D: setTracksRect
[    39.44 ] D: sltStartContentYChanged4
[    39.46 ] D: sltStartContentYChanged1
[    39.46 ] D: sltStartContentYChanged2
[    39.46 ] D: sltStartContentYChanged3
[    39.46 ] D: _tracksModel->getItem(i)->rect()1 0 QRect(0,-341 1974x111)
[    39.46 ] D: _tracksModel->getItem(i)->rect()1 1 QRect(0,-230 1974x111)
[    39.46 ] D: _tracksModel->getItem(i)->rect()1 2 QRect(0,-119 1974x111)
[    39.46 ] D: _tracksModel->getItem(i)->rect()1 3 QRect(0,-8 1974x111)
[    39.46 ] D: _tracksModel->getItem(i)->rect()1 4 QRect(0,103 1974x111)
[    39.46 ] D: _tracksModel->getItem(i)->rect()1 5 QRect(0,214 1974x111)
[    39.46 ] D: _tracksModel->getItem(i)->rect()1 6 QRect(0,325 1974x111)
[    39.46 ] D: _tracksModel->getItem(i)->rect()1 7 QRect(0,436 1974x111)
[    39.46 ] D: _tracksModel->getItem(i)->rect()1 8 QRect(0,547 1974x111)
[    39.46 ] D: _tracksModel->getItem(i)->rect()1 9 QRect(0,658 1974x111)
[    39.46 ] D: _tracksModel->getItem(i)->rect()1 10 QRect(0,769 1974x111)
[    39.46 ] D: setTracksRect
[    39.46 ] D: setTracksRect
[    39.46 ] D: sltStartContentYChanged4
[    39.47 ] D: sltStartContentYChanged1
[    39.47 ] D: sltStartContentYChanged2
[    39.47 ] D: sltStartContentYChanged3
[    39.47 ] D: _tracksModel->getItem(i)->rect()1 0 QRect(0,-345 1974x111)
[    39.47 ] D: _tracksModel->getItem(i)->rect()1 1 QRect(0,-234 1974x111)
[    39.47 ] D: _tracksModel->getItem(i)->rect()1 2 QRect(0,-123 1974x111)
[    39.47 ] D: _tracksModel->getItem(i)->rect()1 3 QRect(0,-12 1974x111)
[    39.47 ] D: _tracksModel->getItem(i)->rect()1 4 QRect(0,99 1974x111)
[    39.47 ] D: _tracksModel->getItem(i)->rect()1 5 QRect(0,210 1974x111)
[    39.47 ] D: _tracksModel->getItem(i)->rect()1 6 QRect(0,321 1974x111)
[    39.47 ] D: _tracksModel->getItem(i)->rect()1 7 QRect(0,432 1974x111)
[    39.47 ] D: _tracksModel->getItem(i)->rect()1 8 QRect(0,543 1974x111)
[    39.47 ] D: _tracksModel->getItem(i)->rect()1 9 QRect(0,654 1974x111)
[    39.47 ] D: _tracksModel->getItem(i)->rect()1 10 QRect(0,765 1974x111)
[    39.47 ] D: setTracksRect
[    39.47 ] D: setTracksRect
[    39.47 ] D: sltStartContentYChanged4
[    39.54 ] D: sltStartContentYChanged1
[    39.54 ] D: sltStartContentYChanged2
[    39.54 ] D: sltStartContentYChanged3
[    39.54 ] D: _tracksModel->getItem(i)->rect()1 0 QRect(0,-348 1974x111)
[    39.54 ] D: _tracksModel->getItem(i)->rect()1 1 QRect(0,-237 1974x111)
[    39.54 ] D: _tracksModel->getItem(i)->rect()1 2 QRect(0,-126 1974x111)
[    39.54 ] D: _tracksModel->getItem(i)->rect()1 3 QRect(0,-15 1974x111)
[    39.54 ] D: _tracksModel->getItem(i)->rect()1 4 QRect(0,96 1974x111)
[    39.54 ] D: _tracksModel->getItem(i)->rect()1 5 QRect(0,207 1974x111)
[    39.54 ] D: _tracksModel->getItem(i)->rect()1 6 QRect(0,318 1974x111)
[    39.54 ] D: _tracksModel->getItem(i)->rect()1 7 QRect(0,429 1974x111)
[    39.54 ] D: _tracksModel->getItem(i)->rect()1 8 QRect(0,540 1974x111)
[    39.54 ] D: _tracksModel->getItem(i)->rect()1 9 QRect(0,651 1974x111)
[    39.54 ] D: _tracksModel->getItem(i)->rect()1 10 QRect(0,762 1974x111)
[    39.54 ] D: setTracksRect
[    39.54 ] D: setTracksRect
[    39.54 ] D: sltStartContentYChanged4
[    39.55 ] D: sltStartContentYChanged1
[    39.55 ] D: sltStartContentYChanged2
[    39.55 ] D: sltStartContentYChanged3
[    39.55 ] D: _tracksModel->getItem(i)->rect()1 0 QRect(0,-351 1974x111)
[    39.55 ] D: _tracksModel->getItem(i)->rect()1 1 QRect(0,-240 1974x111)
[    39.55 ] D: _tracksModel->getItem(i)->rect()1 2 QRect(0,-129 1974x111)
[    39.55 ] D: _tracksModel->getItem(i)->rect()1 3 QRect(0,-18 1974x111)
[    39.55 ] D: _tracksModel->getItem(i)->rect()1 4 QRect(0,93 1974x111)
[    39.55 ] D: _tracksModel->getItem(i)->rect()1 5 QRect(0,204 1974x111)
[    39.55 ] D: _tracksModel->getItem(i)->rect()1 6 QRect(0,315 1974x111)
[    39.55 ] D: _tracksModel->getItem(i)->rect()1 7 QRect(0,426 1974x111)
[    39.55 ] D: _tracksModel->getItem(i)->rect()1 8 QRect(0,537 1974x111)
[    39.55 ] D: _tracksModel->getItem(i)->rect()1 9 QRect(0,648 1974x111)
[    39.55 ] D: _tracksModel->getItem(i)->rect()1 10 QRect(0,759 1974x111)
[    39.55 ] D: setTracksRect
[    39.55 ] D: setTracksRect
[    39.55 ] D: sltStartContentYChanged4
[    39.56 ] D: sltStartContentYChanged1
[    39.56 ] D: sltStartContentYChanged2
[    39.56 ] D: sltStartContentYChanged3
[    39.56 ] D: _tracksModel->getItem(i)->rect()1 0 QRect(0,-352 1974x111)
[    39.56 ] D: _tracksModel->getItem(i)->rect()1 1 QRect(0,-241 1974x111)
[    39.56 ] D: _tracksModel->getItem(i)->rect()1 2 QRect(0,-130 1974x111)
[    39.56 ] D: _tracksModel->getItem(i)->rect()1 3 QRect(0,-19 1974x111)
[    39.56 ] D: _tracksModel->getItem(i)->rect()1 4 QRect(0,92 1974x111)
[    39.56 ] D: _tracksModel->getItem(i)->rect()1 5 QRect(0,203 1974x111)
[    39.56 ] D: _tracksModel->getItem(i)->rect()1 6 QRect(0,314 1974x111)
[    39.56 ] D: _tracksModel->getItem(i)->rect()1 7 QRect(0,425 1974x111)
[    39.56 ] D: _tracksModel->getItem(i)->rect()1 8 QRect(0,536 1974x111)
[    39.56 ] D: _tracksModel->getItem(i)->rect()1 9 QRect(0,647 1974x111)
[    39.56 ] D: _tracksModel->getItem(i)->rect()1 10 QRect(0,758 1974x111)
[    39.56 ] D: setTracksRect
[    39.56 ] D: setTracksRect
[    39.56 ] D: sltStartContentYChanged4
[    39.57 ] D: sltStartContentYChanged1
[    39.57 ] D: sltStartContentYChanged2
[    39.57 ] D: sltStartContentYChanged3
[    39.57 ] D: _tracksModel->getItem(i)->rect()1 0 QRect(0,-354 1974x111)
[    39.57 ] D: _tracksModel->getItem(i)->rect()1 1 QRect(0,-243 1974x111)
[    39.57 ] D: _tracksModel->getItem(i)->rect()1 2 QRect(0,-132 1974x111)
[    39.57 ] D: _tracksModel->getItem(i)->rect()1 3 QRect(0,-21 1974x111)
[    39.57 ] D: _tracksModel->getItem(i)->rect()1 4 QRect(0,90 1974x111)
[    39.57 ] D: _tracksModel->getItem(i)->rect()1 5 QRect(0,201 1974x111)
[    39.57 ] D: _tracksModel->getItem(i)->rect()1 6 QRect(0,312 1974x111)
[    39.57 ] D: _tracksModel->getItem(i)->rect()1 7 QRect(0,423 1974x111)
[    39.57 ] D: _tracksModel->getItem(i)->rect()1 8 QRect(0,534 1974x111)
[    39.57 ] D: _tracksModel->getItem(i)->rect()1 9 QRect(0,645 1974x111)
[    39.57 ] D: _tracksModel->getItem(i)->rect()1 10 QRect(0,756 1974x111)
[    39.57 ] D: setTracksRect
[    39.57 ] D: setTracksRect
[    39.57 ] D: sltStartContentYChanged4
[    39.58 ] D: sltStartContentYChanged1
[    39.58 ] D: sltStartContentYChanged2
[    39.58 ] D: sltStartContentYChanged3
[    39.58 ] D: _tracksModel->getItem(i)->rect()1 0 QRect(0,-356 1974x111)
[    39.58 ] D: _tracksModel->getItem(i)->rect()1 1 QRect(0,-245 1974x111)
[    39.58 ] D: _tracksModel->getItem(i)->rect()1 2 QRect(0,-134 1974x111)
[    39.58 ] D: _tracksModel->getItem(i)->rect()1 3 QRect(0,-23 1974x111)
[    39.58 ] D: _tracksModel->getItem(i)->rect()1 4 QRect(0,88 1974x111)
[    39.58 ] D: _tracksModel->getItem(i)->rect()1 5 QRect(0,199 1974x111)
[    39.58 ] D: _tracksModel->getItem(i)->rect()1 6 QRect(0,310 1974x111)
[    39.58 ] D: _tracksModel->getItem(i)->rect()1 7 QRect(0,421 1974x111)
[    39.58 ] D: _tracksModel->getItem(i)->rect()1 8 QRect(0,532 1974x111)
[    39.58 ] D: _tracksModel->getItem(i)->rect()1 9 QRect(0,643 1974x111)
[    39.58 ] D: _tracksModel->getItem(i)->rect()1 10 QRect(0,754 1974x111)
[    39.58 ] D: setTracksRect
[    39.58 ] D: setTracksRect
[    39.58 ] D: sltStartContentYChanged4
[    39.60 ] D: sltStartContentYChanged1
[    39.60 ] D: sltStartContentYChanged2
[    39.60 ] D: sltStartContentYChanged3
[    39.60 ] D: _tracksModel->getItem(i)->rect()1 0 QRect(0,-361 1974x111)
[    39.60 ] D: _tracksModel->getItem(i)->rect()1 1 QRect(0,-250 1974x111)
[    39.60 ] D: _tracksModel->getItem(i)->rect()1 2 QRect(0,-139 1974x111)
[    39.61 ] D: _tracksModel->getItem(i)->rect()1 3 QRect(0,-28 1974x111)
[    39.61 ] D: _tracksModel->getItem(i)->rect()1 4 QRect(0,83 1974x111)
[    39.61 ] D: _tracksModel->getItem(i)->rect()1 5 QRect(0,194 1974x111)
[    39.61 ] D: _tracksModel->getItem(i)->rect()1 6 QRect(0,305 1974x111)
[    39.61 ] D: _tracksModel->getItem(i)->rect()1 7 QRect(0,416 1974x111)
[    39.61 ] D: _tracksModel->getItem(i)->rect()1 8 QRect(0,527 1974x111)
[    39.61 ] D: _tracksModel->getItem(i)->rect()1 9 QRect(0,638 1974x111)
[    39.61 ] D: _tracksModel->getItem(i)->rect()1 10 QRect(0,749 1974x111)
[    39.61 ] D: setTracksRect
[    39.61 ] D: setTracksRect
[    39.61 ] D: sltStartContentYChanged4
[    39.62 ] D: sltStartContentYChanged1
[    39.62 ] D: sltStartContentYChanged2
[    39.62 ] D: sltStartContentYChanged3
[    39.62 ] D: _tracksModel->getItem(i)->rect()1 0 QRect(0,-365 1974x111)
[    39.62 ] D: _tracksModel->getItem(i)->rect()1 1 QRect(0,-254 1974x111)
[    39.62 ] D: _tracksModel->getItem(i)->rect()1 2 QRect(0,-143 1974x111)
[    39.62 ] D: _tracksModel->getItem(i)->rect()1 3 QRect(0,-32 1974x111)
[    39.62 ] D: _tracksModel->getItem(i)->rect()1 4 QRect(0,79 1974x111)
[    39.62 ] D: _tracksModel->getItem(i)->rect()1 5 QRect(0,190 1974x111)
[    39.62 ] D: _tracksModel->getItem(i)->rect()1 6 QRect(0,301 1974x111)
[    39.62 ] D: _tracksModel->getItem(i)->rect()1 7 QRect(0,412 1974x111)
[    39.62 ] D: _tracksModel->getItem(i)->rect()1 8 QRect(0,523 1974x111)
[    39.62 ] D: _tracksModel->getItem(i)->rect()1 9 QRect(0,634 1974x111)
[    39.62 ] D: _tracksModel->getItem(i)->rect()1 10 QRect(0,745 1974x111)
[    39.62 ] D: setTracksRect
[    39.62 ] D: setTracksRect
[    39.62 ] D: sltStartContentYChanged4
[    39.65 ] D: sltStartContentYChanged1
[    39.65 ] D: sltStartContentYChanged2
[    39.65 ] D: sltStartContentYChanged3
[    39.65 ] D: _tracksModel->getItem(i)->rect()1 0 QRect(0,-370 1974x111)
[    39.65 ] D: _tracksModel->getItem(i)->rect()1 1 QRect(0,-259 1974x111)
[    39.65 ] D: _tracksModel->getItem(i)->rect()1 2 QRect(0,-148 1974x111)
[    39.65 ] D: _tracksModel->getItem(i)->rect()1 3 QRect(0,-37 1974x111)
[    39.65 ] D: _tracksModel->getItem(i)->rect()1 4 QRect(0,74 1974x111)
[    39.65 ] D: _tracksModel->getItem(i)->rect()1 5 QRect(0,185 1974x111)
[    39.65 ] D: _tracksModel->getItem(i)->rect()1 6 QRect(0,296 1974x111)
[    39.65 ] D: _tracksModel->getItem(i)->rect()1 7 QRect(0,407 1974x111)
[    39.65 ] D: _tracksModel->getItem(i)->rect()1 8 QRect(0,518 1974x111)
[    39.65 ] D: _tracksModel->getItem(i)->rect()1 9 QRect(0,629 1974x111)
[    39.65 ] D: _tracksModel->getItem(i)->rect()1 10 QRect(0,740 1974x111)
[    39.65 ] D: setTracksRect
[    39.65 ] D: setTracksRect
[    39.65 ] D: sltStartContentYChanged4
[    39.66 ] D: sltStartContentYChanged1
[    39.66 ] D: sltStartContentYChanged2
[    39.67 ] D: sltStartContentYChanged3
[    39.67 ] D: _tracksModel->getItem(i)->rect()1 0 QRect(0,-375 1974x111)
[    39.67 ] D: _tracksModel->getItem(i)->rect()1 1 QRect(0,-264 1974x111)
[    39.67 ] D: _tracksModel->getItem(i)->rect()1 2 QRect(0,-153 1974x111)
[    39.67 ] D: _tracksModel->getItem(i)->rect()1 3 QRect(0,-42 1974x111)
[    39.67 ] D: _tracksModel->getItem(i)->rect()1 4 QRect(0,69 1974x111)
[    39.67 ] D: _tracksModel->getItem(i)->rect()1 5 QRect(0,180 1974x111)
[    39.67 ] D: _tracksModel->getItem(i)->rect()1 6 QRect(0,291 1974x111)
[    39.67 ] D: _tracksModel->getItem(i)->rect()1 7 QRect(0,402 1974x111)
[    39.67 ] D: _tracksModel->getItem(i)->rect()1 8 QRect(0,513 1974x111)
[    39.67 ] D: _tracksModel->getItem(i)->rect()1 9 QRect(0,624 1974x111)
[    39.67 ] D: _tracksModel->getItem(i)->rect()1 10 QRect(0,735 1974x111)
[    39.67 ] D: setTracksRect
[    39.67 ] D: setTracksRect
[    39.67 ] D: sltStartContentYChanged4
[    39.68 ] D: sltStartContentYChanged1
[    39.68 ] D: sltStartContentYChanged2
[    39.69 ] D: sltStartContentYChanged3
[    39.69 ] D: _tracksModel->getItem(i)->rect()1 0 QRect(0,-380 1974x111)
[    39.69 ] D: _tracksModel->getItem(i)->rect()1 1 QRect(0,-269 1974x111)
[    39.69 ] D: _tracksModel->getItem(i)->rect()1 2 QRect(0,-158 1974x111)
[    39.69 ] D: _tracksModel->getItem(i)->rect()1 3 QRect(0,-47 1974x111)
[    39.69 ] D: _tracksModel->getItem(i)->rect()1 4 QRect(0,64 1974x111)
[    39.69 ] D: _tracksModel->getItem(i)->rect()1 5 QRect(0,175 1974x111)
[    39.69 ] D: _tracksModel->getItem(i)->rect()1 6 QRect(0,286 1974x111)
[    39.69 ] D: _tracksModel->getItem(i)->rect()1 7 QRect(0,397 1974x111)
[    39.69 ] D: _tracksModel->getItem(i)->rect()1 8 QRect(0,508 1974x111)
[    39.69 ] D: _tracksModel->getItem(i)->rect()1 9 QRect(0,619 1974x111)
[    39.69 ] D: _tracksModel->getItem(i)->rect()1 10 QRect(0,730 1974x111)
[    39.69 ] D: setTracksRect
[    39.69 ] D: setTracksRect
[    39.69 ] D: sltStartContentYChanged4
[    39.70 ] D: sltStartContentYChanged1
[    39.70 ] D: sltStartContentYChanged2
[    39.70 ] D: sltStartContentYChanged3
[    39.70 ] D: _tracksModel->getItem(i)->rect()1 0 QRect(0,-384 1974x111)
[    39.70 ] D: _tracksModel->getItem(i)->rect()1 1 QRect(0,-273 1974x111)
[    39.70 ] D: _tracksModel->getItem(i)->rect()1 2 QRect(0,-162 1974x111)
[    39.70 ] D: _tracksModel->getItem(i)->rect()1 3 QRect(0,-51 1974x111)
[    39.70 ] D: _tracksModel->getItem(i)->rect()1 4 QRect(0,60 1974x111)
[    39.70 ] D: _tracksModel->getItem(i)->rect()1 5 QRect(0,171 1974x111)
[    39.70 ] D: _tracksModel->getItem(i)->rect()1 6 QRect(0,282 1974x111)
[    39.70 ] D: _tracksModel->getItem(i)->rect()1 7 QRect(0,393 1974x111)
[    39.70 ] D: _tracksModel->getItem(i)->rect()1 8 QRect(0,504 1974x111)
[    39.70 ] D: _tracksModel->getItem(i)->rect()1 9 QRect(0,615 1974x111)
[    39.70 ] D: _tracksModel->getItem(i)->rect()1 10 QRect(0,726 1974x111)
[    39.70 ] D: setTracksRect
[    39.70 ] D: setTracksRect
[    39.70 ] D: sltStartContentYChanged4
[    39.72 ] D: sltStartContentYChanged1
[    39.72 ] D: sltStartContentYChanged2
[    39.72 ] D: sltStartContentYChanged3
[    39.72 ] D: _tracksModel->getItem(i)->rect()1 0 QRect(0,-387 1974x111)
[    39.72 ] D: _tracksModel->getItem(i)->rect()1 1 QRect(0,-276 1974x111)
[    39.72 ] D: _tracksModel->getItem(i)->rect()1 2 QRect(0,-165 1974x111)
[    39.72 ] D: _tracksModel->getItem(i)->rect()1 3 QRect(0,-54 1974x111)
[    39.72 ] D: _tracksModel->getItem(i)->rect()1 4 QRect(0,57 1974x111)
[    39.72 ] D: _tracksModel->getItem(i)->rect()1 5 QRect(0,168 1974x111)
[    39.72 ] D: _tracksModel->getItem(i)->rect()1 6 QRect(0,279 1974x111)
[    39.72 ] D: _tracksModel->getItem(i)->rect()1 7 QRect(0,390 1974x111)
[    39.72 ] D: _tracksModel->getItem(i)->rect()1 8 QRect(0,501 1974x111)
[    39.72 ] D: _tracksModel->getItem(i)->rect()1 9 QRect(0,612 1974x111)
[    39.72 ] D: _tracksModel->getItem(i)->rect()1 10 QRect(0,723 1974x111)
[    39.72 ] D: setTracksRect
[    39.72 ] D: setTracksRect
[    39.72 ] D: sltStartContentYChanged4
[    39.73 ] D: sltStartContentYChanged1
[    39.73 ] D: sltStartContentYChanged2
[    39.73 ] D: sltStartContentYChanged3
[    39.73 ] D: _tracksModel->getItem(i)->rect()1 0 QRect(0,-390 1974x111)
[    39.73 ] D: _tracksModel->getItem(i)->rect()1 1 QRect(0,-279 1974x111)
[    39.73 ] D: _tracksModel->getItem(i)->rect()1 2 QRect(0,-168 1974x111)
[    39.73 ] D: _tracksModel->getItem(i)->rect()1 3 QRect(0,-57 1974x111)
[    39.73 ] D: _tracksModel->getItem(i)->rect()1 4 QRect(0,54 1974x111)
[    39.73 ] D: _tracksModel->getItem(i)->rect()1 5 QRect(0,165 1974x111)
[    39.73 ] D: _tracksModel->getItem(i)->rect()1 6 QRect(0,276 1974x111)
[    39.73 ] D: _tracksModel->getItem(i)->rect()1 7 QRect(0,387 1974x111)
[    39.73 ] D: _tracksModel->getItem(i)->rect()1 8 QRect(0,498 1974x111)
[    39.73 ] D: _tracksModel->getItem(i)->rect()1 9 QRect(0,609 1974x111)
[    39.73 ] D: _tracksModel->getItem(i)->rect()1 10 QRect(0,720 1974x111)
[    39.73 ] D: setTracksRect
[    39.73 ] D: setTracksRect
[    39.73 ] D: sltStartContentYChanged4
[    39.74 ] D: sltStartContentYChanged1
[    39.74 ] D: sltStartContentYChanged2
[    39.74 ] D: sltStartContentYChanged3
[    39.74 ] D: _tracksModel->getItem(i)->rect()1 0 QRect(0,-393 1974x111)
[    39.74 ] D: _tracksModel->getItem(i)->rect()1 1 QRect(0,-282 1974x111)
[    39.74 ] D: _tracksModel->getItem(i)->rect()1 2 QRect(0,-171 1974x111)
[    39.74 ] D: _tracksModel->getItem(i)->rect()1 3 QRect(0,-60 1974x111)
[    39.74 ] D: _tracksModel->getItem(i)->rect()1 4 QRect(0,51 1974x111)
[    39.74 ] D: _tracksModel->getItem(i)->rect()1 5 QRect(0,162 1974x111)
[    39.74 ] D: _tracksModel->getItem(i)->rect()1 6 QRect(0,273 1974x111)
[    39.74 ] D: _tracksModel->getItem(i)->rect()1 7 QRect(0,384 1974x111)
[    39.74 ] D: _tracksModel->getItem(i)->rect()1 8 QRect(0,495 1974x111)
[    39.74 ] D: _tracksModel->getItem(i)->rect()1 9 QRect(0,606 1974x111)
[    39.74 ] D: _tracksModel->getItem(i)->rect()1 10 QRect(0,717 1974x111)
[    39.74 ] D: setTracksRect
[    39.74 ] D: setTracksRect
[    39.74 ] D: sltStartContentYChanged4
[    41.67 ] D: setTracksRect
[    41.71 ] E: Src: D:\QD-27-3dEnvironmentToolbox\EngineLib\Core/System/Context.hpp:47:DGE::Core::System::Context::registerEvent:  A duplicate event with name "nodeAddedToScene" is registered for object "class DGE::Scene::SceneNode_SceneNode1"
[    41.71 ] E: Src: D:\QD-27-3dEnvironmentToolbox\EngineLib\Core/System/Context.hpp:47:DGE::Core::System::Context::registerEvent:  A duplicate event with name "nodeRemovedFromScene" is registered for object "class DGE::Scene::SceneNode_SceneNode1"
[    41.71 ] E: Src: D:\QD-27-3dEnvironmentToolbox\EngineLib\Core/System/Context.hpp:47:DGE::Core::System::Context::registerEvent:  A duplicate event with name "componentAddedToScene" is registered for object "class DGE::Scene::SceneNode_SceneNode1"
[    41.71 ] E: Src: D:\QD-27-3dEnvironmentToolbox\EngineLib\Core/System/Context.hpp:47:DGE::Core::System::Context::registerEvent:  A duplicate event with name "componentRemovedFromScene" is registered for object "class DGE::Scene::SceneNode_SceneNode1"
[    41.72 ] D: Shader Compile successfully.
[    41.72 ] D: Shader Compile successfully.
[    41.72 ] D: Shader Compile successfully.
[    41.72 ] D: Shader Compile successfully.
[    41.72 ] D: Shader Compile successfully.
[    41.72 ] D: Shader Compile successfully.
[    41.72 ] D: Shader Compile successfully.
[    41.73 ] D: Shader Compile successfully.
[    41.73 ] D: Shader Compile successfully.
[    41.73 ] D: Shader Compile successfully.
[    41.73 ] D: Shader Compile successfully.
[    41.73 ] D: Shader Compile successfully.
[    41.73 ] D: Shader Compile successfully.
[    41.73 ] D: Shader Compile successfully.
[    41.73 ] D: Shader Compile successfully.
[    41.74 ] D: Shader Compile successfully.
[    41.74 ] D: Shader Compile successfully.
[    43.96 ] D: sltStartContentYChanged1
[    43.96 ] D: sltStartContentYChanged2
[    43.96 ] D: sltStartContentYChanged3
[    43.96 ] D: _tracksModel->getItem(i)->rect()1 0 QRect(0,-397 1974x111)
[    43.96 ] D: _tracksModel->getItem(i)->rect()1 1 QRect(0,-286 1974x111)
[    43.96 ] D: _tracksModel->getItem(i)->rect()1 2 QRect(0,-175 1974x111)
[    43.96 ] D: _tracksModel->getItem(i)->rect()1 3 QRect(0,-64 1974x111)
[    43.96 ] D: _tracksModel->getItem(i)->rect()1 4 QRect(0,47 1974x111)
[    43.96 ] D: _tracksModel->getItem(i)->rect()1 5 QRect(0,158 1974x111)
[    43.96 ] D: _tracksModel->getItem(i)->rect()1 6 QRect(0,269 1974x111)
[    43.96 ] D: _tracksModel->getItem(i)->rect()1 7 QRect(0,380 1974x111)
[    43.96 ] D: _tracksModel->getItem(i)->rect()1 8 QRect(0,491 1974x111)
[    43.96 ] D: _tracksModel->getItem(i)->rect()1 9 QRect(0,602 1974x111)
[    43.96 ] D: _tracksModel->getItem(i)->rect()1 10 QRect(0,713 1974x111)
[    43.96 ] D: setTracksRect
[    43.97 ] D: setTracksRect
[    43.97 ] D: sltStartContentYChanged4
[    44.04 ] D: sltStartContentYChanged1
[    44.04 ] D: sltStartContentYChanged2
[    44.04 ] D: sltStartContentYChanged3
[    44.04 ] D: _tracksModel->getItem(i)->rect()1 0 QRect(0,-402 1974x111)
[    44.04 ] D: _tracksModel->getItem(i)->rect()1 1 QRect(0,-291 1974x111)
[    44.04 ] D: _tracksModel->getItem(i)->rect()1 2 QRect(0,-180 1974x111)
[    44.04 ] D: _tracksModel->getItem(i)->rect()1 3 QRect(0,-69 1974x111)
[    44.04 ] D: _tracksModel->getItem(i)->rect()1 4 QRect(0,42 1974x111)
[    44.04 ] D: _tracksModel->getItem(i)->rect()1 5 QRect(0,153 1974x111)
[    44.04 ] D: _tracksModel->getItem(i)->rect()1 6 QRect(0,264 1974x111)
[    44.04 ] D: _tracksModel->getItem(i)->rect()1 7 QRect(0,375 1974x111)
[    44.04 ] D: _tracksModel->getItem(i)->rect()1 8 QRect(0,486 1974x111)
[    44.04 ] D: _tracksModel->getItem(i)->rect()1 9 QRect(0,597 1974x111)
[    44.04 ] D: _tracksModel->getItem(i)->rect()1 10 QRect(0,708 1974x111)
[    44.04 ] D: setTracksRect
[    44.04 ] D: setTracksRect
[    44.04 ] D: sltStartContentYChanged4
[    44.05 ] D: sltStartContentYChanged1
[    44.05 ] D: sltStartContentYChanged2
[    44.05 ] D: sltStartContentYChanged3
[    44.05 ] D: _tracksModel->getItem(i)->rect()1 0 QRect(0,-406 1974x111)
[    44.05 ] D: _tracksModel->getItem(i)->rect()1 1 QRect(0,-295 1974x111)
[    44.05 ] D: _tracksModel->getItem(i)->rect()1 2 QRect(0,-184 1974x111)
[    44.05 ] D: _tracksModel->getItem(i)->rect()1 3 QRect(0,-73 1974x111)
[    44.05 ] D: _tracksModel->getItem(i)->rect()1 4 QRect(0,38 1974x111)
[    44.05 ] D: _tracksModel->getItem(i)->rect()1 5 QRect(0,149 1974x111)
[    44.05 ] D: _tracksModel->getItem(i)->rect()1 6 QRect(0,260 1974x111)
[    44.05 ] D: _tracksModel->getItem(i)->rect()1 7 QRect(0,371 1974x111)
[    44.05 ] D: _tracksModel->getItem(i)->rect()1 8 QRect(0,482 1974x111)
[    44.05 ] D: _tracksModel->getItem(i)->rect()1 9 QRect(0,593 1974x111)
[    44.05 ] D: _tracksModel->getItem(i)->rect()1 10 QRect(0,704 1974x111)
[    44.05 ] D: setTracksRect
[    44.05 ] D: setTracksRect
[    44.05 ] D: sltStartContentYChanged4
[    44.07 ] D: sltStartContentYChanged1
[    44.07 ] D: sltStartContentYChanged2
[    44.07 ] D: sltStartContentYChanged3
[    44.07 ] D: _tracksModel->getItem(i)->rect()1 0 QRect(0,-410 1974x111)
[    44.07 ] D: _tracksModel->getItem(i)->rect()1 1 QRect(0,-299 1974x111)
[    44.07 ] D: _tracksModel->getItem(i)->rect()1 2 QRect(0,-188 1974x111)
[    44.08 ] D: _tracksModel->getItem(i)->rect()1 3 QRect(0,-77 1974x111)
[    44.08 ] D: _tracksModel->getItem(i)->rect()1 4 QRect(0,34 1974x111)
[    44.08 ] D: _tracksModel->getItem(i)->rect()1 5 QRect(0,145 1974x111)
[    44.08 ] D: _tracksModel->getItem(i)->rect()1 6 QRect(0,256 1974x111)
[    44.08 ] D: _tracksModel->getItem(i)->rect()1 7 QRect(0,367 1974x111)
[    44.08 ] D: _tracksModel->getItem(i)->rect()1 8 QRect(0,478 1974x111)
[    44.08 ] D: _tracksModel->getItem(i)->rect()1 9 QRect(0,589 1974x111)
[    44.08 ] D: _tracksModel->getItem(i)->rect()1 10 QRect(0,700 1974x111)
[    44.08 ] D: setTracksRect
[    44.08 ] D: setTracksRect
[    44.08 ] D: sltStartContentYChanged4
[    44.13 ] D: sltStartContentYChanged1
[    44.13 ] D: sltStartContentYChanged2
[    44.14 ] D: sltStartContentYChanged3
[    44.14 ] D: _tracksModel->getItem(i)->rect()1 0 QRect(0,-414 1974x111)
[    44.14 ] D: _tracksModel->getItem(i)->rect()1 1 QRect(0,-303 1974x111)
[    44.14 ] D: _tracksModel->getItem(i)->rect()1 2 QRect(0,-192 1974x111)
[    44.14 ] D: _tracksModel->getItem(i)->rect()1 3 QRect(0,-81 1974x111)
[    44.14 ] D: _tracksModel->getItem(i)->rect()1 4 QRect(0,30 1974x111)
[    44.14 ] D: _tracksModel->getItem(i)->rect()1 5 QRect(0,141 1974x111)
[    44.14 ] D: _tracksModel->getItem(i)->rect()1 6 QRect(0,252 1974x111)
[    44.14 ] D: _tracksModel->getItem(i)->rect()1 7 QRect(0,363 1974x111)
[    44.14 ] D: _tracksModel->getItem(i)->rect()1 8 QRect(0,474 1974x111)
[    44.14 ] D: _tracksModel->getItem(i)->rect()1 9 QRect(0,585 1974x111)
[    44.14 ] D: _tracksModel->getItem(i)->rect()1 10 QRect(0,696 1974x111)
[    44.14 ] D: setTracksRect
[    44.14 ] D: setTracksRect
[    44.14 ] D: sltStartContentYChanged4
[    44.18 ] D: sltStartContentYChanged1
[    44.18 ] D: sltStartContentYChanged2
[    44.18 ] D: sltStartContentYChanged3
[    44.18 ] D: _tracksModel->getItem(i)->rect()1 0 QRect(0,-417 1974x111)
[    44.18 ] D: _tracksModel->getItem(i)->rect()1 1 QRect(0,-306 1974x111)
[    44.18 ] D: _tracksModel->getItem(i)->rect()1 2 QRect(0,-195 1974x111)
[    44.18 ] D: _tracksModel->getItem(i)->rect()1 3 QRect(0,-84 1974x111)
[    44.18 ] D: _tracksModel->getItem(i)->rect()1 4 QRect(0,27 1974x111)
[    44.18 ] D: _tracksModel->getItem(i)->rect()1 5 QRect(0,138 1974x111)
[    44.18 ] D: _tracksModel->getItem(i)->rect()1 6 QRect(0,249 1974x111)
[    44.18 ] D: _tracksModel->getItem(i)->rect()1 7 QRect(0,360 1974x111)
[    44.18 ] D: _tracksModel->getItem(i)->rect()1 8 QRect(0,471 1974x111)
[    44.18 ] D: _tracksModel->getItem(i)->rect()1 9 QRect(0,582 1974x111)
[    44.18 ] D: _tracksModel->getItem(i)->rect()1 10 QRect(0,693 1974x111)
[    44.18 ] D: setTracksRect
[    44.18 ] D: setTracksRect
[    44.18 ] D: sltStartContentYChanged4
[    44.22 ] D: sltStartContentYChanged1
[    44.22 ] D: sltStartContentYChanged2
[    44.22 ] D: sltStartContentYChanged3
[    44.22 ] D: _tracksModel->getItem(i)->rect()1 0 QRect(0,-423 1974x111)
[    44.22 ] D: _tracksModel->getItem(i)->rect()1 1 QRect(0,-312 1974x111)
[    44.22 ] D: _tracksModel->getItem(i)->rect()1 2 QRect(0,-201 1974x111)
[    44.22 ] D: _tracksModel->getItem(i)->rect()1 3 QRect(0,-90 1974x111)
[    44.22 ] D: _tracksModel->getItem(i)->rect()1 4 QRect(0,21 1974x111)
[    44.22 ] D: _tracksModel->getItem(i)->rect()1 5 QRect(0,132 1974x111)
[    44.22 ] D: _tracksModel->getItem(i)->rect()1 6 QRect(0,243 1974x111)
[    44.22 ] D: _tracksModel->getItem(i)->rect()1 7 QRect(0,354 1974x111)
[    44.22 ] D: _tracksModel->getItem(i)->rect()1 8 QRect(0,465 1974x111)
[    44.22 ] D: _tracksModel->getItem(i)->rect()1 9 QRect(0,576 1974x111)
[    44.22 ] D: _tracksModel->getItem(i)->rect()1 10 QRect(0,687 1974x111)
[    44.22 ] D: setTracksRect
[    44.22 ] D: setTracksRect
[    44.22 ] D: sltStartContentYChanged4
[    44.25 ] D: sltStartContentYChanged1
[    44.25 ] D: sltStartContentYChanged2
[    44.26 ] D: sltStartContentYChanged3
[    44.26 ] D: _tracksModel->getItem(i)->rect()1 0 QRect(0,-428 1974x111)
[    44.26 ] D: _tracksModel->getItem(i)->rect()1 1 QRect(0,-317 1974x111)
[    44.26 ] D: _tracksModel->getItem(i)->rect()1 2 QRect(0,-206 1974x111)
[    44.26 ] D: _tracksModel->getItem(i)->rect()1 3 QRect(0,-95 1974x111)
[    44.26 ] D: _tracksModel->getItem(i)->rect()1 4 QRect(0,16 1974x111)
[    44.26 ] D: _tracksModel->getItem(i)->rect()1 5 QRect(0,127 1974x111)
[    44.26 ] D: _tracksModel->getItem(i)->rect()1 6 QRect(0,238 1974x111)
[    44.26 ] D: _tracksModel->getItem(i)->rect()1 7 QRect(0,349 1974x111)
[    44.26 ] D: _tracksModel->getItem(i)->rect()1 8 QRect(0,460 1974x111)
[    44.26 ] D: _tracksModel->getItem(i)->rect()1 9 QRect(0,571 1974x111)
[    44.26 ] D: _tracksModel->getItem(i)->rect()1 10 QRect(0,682 1974x111)
[    44.26 ] D: setTracksRect
[    44.26 ] D: setTracksRect
[    44.26 ] D: sltStartContentYChanged4
[    44.32 ] D: sltStartContentYChanged1
[    44.32 ] D: sltStartContentYChanged2
[    44.32 ] D: sltStartContentYChanged3
[    44.32 ] D: _tracksModel->getItem(i)->rect()1 0 QRect(0,-437 1974x111)
[    44.32 ] D: _tracksModel->getItem(i)->rect()1 1 QRect(0,-326 1974x111)
[    44.32 ] D: _tracksModel->getItem(i)->rect()1 2 QRect(0,-215 1974x111)
[    44.32 ] D: _tracksModel->getItem(i)->rect()1 3 QRect(0,-104 1974x111)
[    44.32 ] D: _tracksModel->getItem(i)->rect()1 4 QRect(0,7 1974x111)
[    44.33 ] D: _tracksModel->getItem(i)->rect()1 5 QRect(0,118 1974x111)
[    44.33 ] D: _tracksModel->getItem(i)->rect()1 6 QRect(0,229 1974x111)
[    44.33 ] D: _tracksModel->getItem(i)->rect()1 7 QRect(0,340 1974x111)
[    44.33 ] D: _tracksModel->getItem(i)->rect()1 8 QRect(0,451 1974x111)
[    44.33 ] D: _tracksModel->getItem(i)->rect()1 9 QRect(0,562 1974x111)
[    44.33 ] D: _tracksModel->getItem(i)->rect()1 10 QRect(0,673 1974x111)
[    44.33 ] D: setTracksRect
[    44.33 ] D: setTracksRect
[    44.33 ] D: sltStartContentYChanged4
[    44.39 ] D: sltStartContentYChanged1
[    44.39 ] D: sltStartContentYChanged2
[    44.39 ] D: sltStartContentYChanged3
[    44.39 ] D: _tracksModel->getItem(i)->rect()1 0 QRect(0,-444 1974x111)
[    44.39 ] D: _tracksModel->getItem(i)->rect()1 1 QRect(0,-333 1974x111)
[    44.39 ] D: _tracksModel->getItem(i)->rect()1 2 QRect(0,-222 1974x111)
[    44.39 ] D: _tracksModel->getItem(i)->rect()1 3 QRect(0,-111 1974x111)
[    44.39 ] D: _tracksModel->getItem(i)->rect()1 4 QRect(0,0 1974x111)
[    44.39 ] D: _tracksModel->getItem(i)->rect()1 5 QRect(0,111 1974x111)
[    44.39 ] D: _tracksModel->getItem(i)->rect()1 6 QRect(0,222 1974x111)
[    44.39 ] D: _tracksModel->getItem(i)->rect()1 7 QRect(0,333 1974x111)
[    44.39 ] D: _tracksModel->getItem(i)->rect()1 8 QRect(0,444 1974x111)
[    44.39 ] D: _tracksModel->getItem(i)->rect()1 9 QRect(0,555 1974x111)
[    44.39 ] D: _tracksModel->getItem(i)->rect()1 10 QRect(0,666 1974x111)
[    44.39 ] D: setTracksRect
[    44.39 ] D: setTracksRect
[    44.39 ] D: sltStartContentYChanged4
[    44.42 ] D: sltStartContentYChanged1
[    44.42 ] D: sltStartContentYChanged2
[    44.42 ] D: sltStartContentYChanged3
[    44.42 ] D: _tracksModel->getItem(i)->rect()1 0 QRect(0,-450 1974x111)
[    44.42 ] D: _tracksModel->getItem(i)->rect()1 1 QRect(0,-339 1974x111)
[    44.42 ] D: _tracksModel->getItem(i)->rect()1 2 QRect(0,-228 1974x111)
[    44.42 ] D: _tracksModel->getItem(i)->rect()1 3 QRect(0,-117 1974x111)
[    44.42 ] D: _tracksModel->getItem(i)->rect()1 4 QRect(0,-6 1974x111)
[    44.42 ] D: _tracksModel->getItem(i)->rect()1 5 QRect(0,105 1974x111)
[    44.42 ] D: _tracksModel->getItem(i)->rect()1 6 QRect(0,216 1974x111)
[    44.42 ] D: _tracksModel->getItem(i)->rect()1 7 QRect(0,327 1974x111)
[    44.42 ] D: _tracksModel->getItem(i)->rect()1 8 QRect(0,438 1974x111)
[    44.42 ] D: _tracksModel->getItem(i)->rect()1 9 QRect(0,549 1974x111)
[    44.42 ] D: _tracksModel->getItem(i)->rect()1 10 QRect(0,660 1974x111)
[    44.42 ] D: setTracksRect
[    44.42 ] D: setTracksRect
[    44.42 ] D: sltStartContentYChanged4
[    44.42 ] D: sltStartContentYChanged1
[    44.42 ] D: sltStartContentYChanged2
[    44.43 ] D: sltStartContentYChanged3
[    44.43 ] D: _tracksModel->getItem(i)->rect()1 0 QRect(0,-454 1974x111)
[    44.43 ] D: _tracksModel->getItem(i)->rect()1 1 QRect(0,-343 1974x111)
[    44.43 ] D: _tracksModel->getItem(i)->rect()1 2 QRect(0,-232 1974x111)
[    44.43 ] D: _tracksModel->getItem(i)->rect()1 3 QRect(0,-121 1974x111)
[    44.43 ] D: _tracksModel->getItem(i)->rect()1 4 QRect(0,-10 1974x111)
[    44.43 ] D: _tracksModel->getItem(i)->rect()1 5 QRect(0,101 1974x111)
[    44.43 ] D: _tracksModel->getItem(i)->rect()1 6 QRect(0,212 1974x111)
[    44.43 ] D: _tracksModel->getItem(i)->rect()1 7 QRect(0,323 1974x111)
[    44.43 ] D: _tracksModel->getItem(i)->rect()1 8 QRect(0,434 1974x111)
[    44.43 ] D: _tracksModel->getItem(i)->rect()1 9 QRect(0,545 1974x111)
[    44.43 ] D: _tracksModel->getItem(i)->rect()1 10 QRect(0,656 1974x111)
[    44.43 ] D: setTracksRect
[    44.43 ] D: setTracksRect
[    44.43 ] D: sltStartContentYChanged4
[    44.49 ] D: sltStartContentYChanged1
[    44.49 ] D: sltStartContentYChanged2
[    44.49 ] D: sltStartContentYChanged3
[    44.49 ] D: _tracksModel->getItem(i)->rect()1 0 QRect(0,-458 1974x111)
[    44.49 ] D: _tracksModel->getItem(i)->rect()1 1 QRect(0,-347 1974x111)
[    44.49 ] D: _tracksModel->getItem(i)->rect()1 2 QRect(0,-236 1974x111)
[    44.49 ] D: _tracksModel->getItem(i)->rect()1 3 QRect(0,-125 1974x111)
[    44.49 ] D: _tracksModel->getItem(i)->rect()1 4 QRect(0,-14 1974x111)
[    44.49 ] D: _tracksModel->getItem(i)->rect()1 5 QRect(0,97 1974x111)
[    44.49 ] D: _tracksModel->getItem(i)->rect()1 6 QRect(0,208 1974x111)
[    44.49 ] D: _tracksModel->getItem(i)->rect()1 7 QRect(0,319 1974x111)
[    44.49 ] D: _tracksModel->getItem(i)->rect()1 8 QRect(0,430 1974x111)
[    44.49 ] D: _tracksModel->getItem(i)->rect()1 9 QRect(0,541 1974x111)
[    44.49 ] D: _tracksModel->getItem(i)->rect()1 10 QRect(0,652 1974x111)
[    44.49 ] D: setTracksRect
[    44.49 ] D: setTracksRect
[    44.49 ] D: sltStartContentYChanged4
[    44.59 ] D: sltStartContentYChanged1
[    44.59 ] D: sltStartContentYChanged2
[    44.59 ] D: sltStartContentYChanged3
[    44.59 ] D: _tracksModel->getItem(i)->rect()1 0 QRect(0,-466 1974x111)
[    44.59 ] D: _tracksModel->getItem(i)->rect()1 1 QRect(0,-355 1974x111)
[    44.59 ] D: _tracksModel->getItem(i)->rect()1 2 QRect(0,-244 1974x111)
[    44.59 ] D: _tracksModel->getItem(i)->rect()1 3 QRect(0,-133 1974x111)
[    44.59 ] D: _tracksModel->getItem(i)->rect()1 4 QRect(0,-22 1974x111)
[    44.59 ] D: _tracksModel->getItem(i)->rect()1 5 QRect(0,89 1974x111)
[    44.59 ] D: _tracksModel->getItem(i)->rect()1 6 QRect(0,200 1974x111)
[    44.59 ] D: _tracksModel->getItem(i)->rect()1 7 QRect(0,311 1974x111)
[    44.59 ] D: _tracksModel->getItem(i)->rect()1 8 QRect(0,422 1974x111)
[    44.59 ] D: _tracksModel->getItem(i)->rect()1 9 QRect(0,533 1974x111)
[    44.59 ] D: _tracksModel->getItem(i)->rect()1 10 QRect(0,644 1974x111)
[    44.59 ] D: setTracksRect
[    44.59 ] D: setTracksRect
[    44.59 ] D: sltStartContentYChanged4
[    44.59 ] D: sltStartContentYChanged1
[    44.59 ] D: sltStartContentYChanged2
[    44.59 ] D: sltStartContentYChanged3
[    44.59 ] D: _tracksModel->getItem(i)->rect()1 0 QRect(0,-473 1974x111)
[    44.59 ] D: _tracksModel->getItem(i)->rect()1 1 QRect(0,-362 1974x111)
[    44.60 ] D: _tracksModel->getItem(i)->rect()1 2 QRect(0,-251 1974x111)
[    44.60 ] D: _tracksModel->getItem(i)->rect()1 3 QRect(0,-140 1974x111)
[    44.60 ] D: _tracksModel->getItem(i)->rect()1 4 QRect(0,-29 1974x111)
[    44.60 ] D: _tracksModel->getItem(i)->rect()1 5 QRect(0,82 1974x111)
[    44.60 ] D: _tracksModel->getItem(i)->rect()1 6 QRect(0,193 1974x111)
[    44.60 ] D: _tracksModel->getItem(i)->rect()1 7 QRect(0,304 1974x111)
[    44.60 ] D: _tracksModel->getItem(i)->rect()1 8 QRect(0,415 1974x111)
[    44.60 ] D: _tracksModel->getItem(i)->rect()1 9 QRect(0,526 1974x111)
[    44.60 ] D: _tracksModel->getItem(i)->rect()1 10 QRect(0,637 1974x111)
[    44.60 ] D: setTracksRect
[    44.60 ] D: setTracksRect
[    44.60 ] D: sltStartContentYChanged4
[    44.62 ] D: sltStartContentYChanged1
[    44.62 ] D: sltStartContentYChanged2
[    44.63 ] D: sltStartContentYChanged3
[    44.63 ] D: _tracksModel->getItem(i)->rect()1 0 QRect(0,-480 1974x111)
[    44.63 ] D: _tracksModel->getItem(i)->rect()1 1 QRect(0,-369 1974x111)
[    44.63 ] D: _tracksModel->getItem(i)->rect()1 2 QRect(0,-258 1974x111)
[    44.63 ] D: _tracksModel->getItem(i)->rect()1 3 QRect(0,-147 1974x111)
[    44.63 ] D: _tracksModel->getItem(i)->rect()1 4 QRect(0,-36 1974x111)
[    44.63 ] D: _tracksModel->getItem(i)->rect()1 5 QRect(0,75 1974x111)
[    44.63 ] D: _tracksModel->getItem(i)->rect()1 6 QRect(0,186 1974x111)
[    44.63 ] D: _tracksModel->getItem(i)->rect()1 7 QRect(0,297 1974x111)
[    44.63 ] D: _tracksModel->getItem(i)->rect()1 8 QRect(0,408 1974x111)
[    44.63 ] D: _tracksModel->getItem(i)->rect()1 9 QRect(0,519 1974x111)
[    44.63 ] D: _tracksModel->getItem(i)->rect()1 10 QRect(0,630 1974x111)
[    44.63 ] D: setTracksRect
[    44.63 ] D: setTracksRect
[    44.63 ] D: sltStartContentYChanged4
[    44.69 ] D: sltStartContentYChanged1
[    44.69 ] D: sltStartContentYChanged2
[    44.69 ] D: sltStartContentYChanged3
[    44.69 ] D: _tracksModel->getItem(i)->rect()1 0 QRect(0,-487 1974x111)
[    44.69 ] D: _tracksModel->getItem(i)->rect()1 1 QRect(0,-376 1974x111)
[    44.69 ] D: _tracksModel->getItem(i)->rect()1 2 QRect(0,-265 1974x111)
[    44.69 ] D: _tracksModel->getItem(i)->rect()1 3 QRect(0,-154 1974x111)
[    44.69 ] D: _tracksModel->getItem(i)->rect()1 4 QRect(0,-43 1974x111)
[    44.69 ] D: _tracksModel->getItem(i)->rect()1 5 QRect(0,68 1974x111)
[    44.69 ] D: _tracksModel->getItem(i)->rect()1 6 QRect(0,179 1974x111)
[    44.69 ] D: _tracksModel->getItem(i)->rect()1 7 QRect(0,290 1974x111)
[    44.69 ] D: _tracksModel->getItem(i)->rect()1 8 QRect(0,401 1974x111)
[    44.69 ] D: _tracksModel->getItem(i)->rect()1 9 QRect(0,512 1974x111)
[    44.69 ] D: _tracksModel->getItem(i)->rect()1 10 QRect(0,623 1974x111)
[    44.69 ] D: setTracksRect
[    44.69 ] D: setTracksRect
[    44.69 ] D: sltStartContentYChanged4
[    44.69 ] D: sltStartContentYChanged1
[    44.70 ] D: sltStartContentYChanged2
[    44.70 ] D: sltStartContentYChanged3
[    44.70 ] D: _tracksModel->getItem(i)->rect()1 0 QRect(0,-492 1974x111)
[    44.70 ] D: _tracksModel->getItem(i)->rect()1 1 QRect(0,-381 1974x111)
[    44.70 ] D: _tracksModel->getItem(i)->rect()1 2 QRect(0,-270 1974x111)
[    44.70 ] D: _tracksModel->getItem(i)->rect()1 3 QRect(0,-159 1974x111)
[    44.70 ] D: _tracksModel->getItem(i)->rect()1 4 QRect(0,-48 1974x111)
[    44.70 ] D: _tracksModel->getItem(i)->rect()1 5 QRect(0,63 1974x111)
[    44.70 ] D: _tracksModel->getItem(i)->rect()1 6 QRect(0,174 1974x111)
[    44.70 ] D: _tracksModel->getItem(i)->rect()1 7 QRect(0,285 1974x111)
[    44.70 ] D: _tracksModel->getItem(i)->rect()1 8 QRect(0,396 1974x111)
[    44.70 ] D: _tracksModel->getItem(i)->rect()1 9 QRect(0,507 1974x111)
[    44.70 ] D: _tracksModel->getItem(i)->rect()1 10 QRect(0,618 1974x111)
[    44.70 ] D: setTracksRect
[    44.70 ] D: setTracksRect
[    44.70 ] D: sltStartContentYChanged4
[    44.76 ] D: sltStartContentYChanged1
[    44.76 ] D: sltStartContentYChanged2
[    44.76 ] D: sltStartContentYChanged3
[    44.76 ] D: _tracksModel->getItem(i)->rect()1 0 QRect(0,-494 1974x111)
[    44.76 ] D: _tracksModel->getItem(i)->rect()1 1 QRect(0,-383 1974x111)
[    44.76 ] D: _tracksModel->getItem(i)->rect()1 2 QRect(0,-272 1974x111)
[    44.76 ] D: _tracksModel->getItem(i)->rect()1 3 QRect(0,-161 1974x111)
[    44.76 ] D: _tracksModel->getItem(i)->rect()1 4 QRect(0,-50 1974x111)
[    44.76 ] D: _tracksModel->getItem(i)->rect()1 5 QRect(0,61 1974x111)
[    44.76 ] D: _tracksModel->getItem(i)->rect()1 6 QRect(0,172 1974x111)
[    44.76 ] D: _tracksModel->getItem(i)->rect()1 7 QRect(0,283 1974x111)
[    44.76 ] D: _tracksModel->getItem(i)->rect()1 8 QRect(0,394 1974x111)
[    44.76 ] D: _tracksModel->getItem(i)->rect()1 9 QRect(0,505 1974x111)
[    44.76 ] D: _tracksModel->getItem(i)->rect()1 10 QRect(0,616 1974x111)
[    44.76 ] D: setTracksRect
[    44.76 ] D: setTracksRect
[    44.76 ] D: sltStartContentYChanged4
[    44.76 ] D: sltStartContentYChanged1
[    44.76 ] D: sltStartContentYChanged2
[    44.76 ] D: sltStartContentYChanged3
[    44.76 ] D: _tracksModel->getItem(i)->rect()1 0 QRect(0,-495 1974x111)
[    44.76 ] D: _tracksModel->getItem(i)->rect()1 1 QRect(0,-384 1974x111)
[    44.76 ] D: _tracksModel->getItem(i)->rect()1 2 QRect(0,-273 1974x111)
[    44.76 ] D: _tracksModel->getItem(i)->rect()1 3 QRect(0,-162 1974x111)
[    44.76 ] D: _tracksModel->getItem(i)->rect()1 4 QRect(0,-51 1974x111)
[    44.76 ] D: _tracksModel->getItem(i)->rect()1 5 QRect(0,60 1974x111)
[    44.76 ] D: _tracksModel->getItem(i)->rect()1 6 QRect(0,171 1974x111)
[    44.76 ] D: _tracksModel->getItem(i)->rect()1 7 QRect(0,282 1974x111)
[    44.76 ] D: _tracksModel->getItem(i)->rect()1 8 QRect(0,393 1974x111)
[    44.76 ] D: _tracksModel->getItem(i)->rect()1 9 QRect(0,504 1974x111)
[    44.76 ] D: _tracksModel->getItem(i)->rect()1 10 QRect(0,615 1974x111)
[    44.76 ] D: setTracksRect
[    44.76 ] D: setTracksRect
[    44.76 ] D: sltStartContentYChanged4
[    44.83 ] D: sltStartContentYChanged1
[    44.83 ] D: sltStartContentYChanged2
[    44.83 ] D: sltStartContentYChanged3
[    44.83 ] D: _tracksModel->getItem(i)->rect()1 0 QRect(0,-496 1974x111)
[    44.83 ] D: _tracksModel->getItem(i)->rect()1 1 QRect(0,-385 1974x111)
[    44.83 ] D: _tracksModel->getItem(i)->rect()1 2 QRect(0,-274 1974x111)
[    44.83 ] D: _tracksModel->getItem(i)->rect()1 3 QRect(0,-163 1974x111)
[    44.83 ] D: _tracksModel->getItem(i)->rect()1 4 QRect(0,-52 1974x111)
[    44.83 ] D: _tracksModel->getItem(i)->rect()1 5 QRect(0,59 1974x111)
[    44.83 ] D: _tracksModel->getItem(i)->rect()1 6 QRect(0,170 1974x111)
[    44.83 ] D: _tracksModel->getItem(i)->rect()1 7 QRect(0,281 1974x111)
[    44.83 ] D: _tracksModel->getItem(i)->rect()1 8 QRect(0,392 1974x111)
[    44.83 ] D: _tracksModel->getItem(i)->rect()1 9 QRect(0,503 1974x111)
[    44.83 ] D: _tracksModel->getItem(i)->rect()1 10 QRect(0,614 1974x111)
[    44.83 ] D: setTracksRect
[    44.83 ] D: setTracksRect
[    44.83 ] D: sltStartContentYChanged4
[    49.19 ] D: setTracksRect
[    50.60 ] D: setTracksRect
[    53.38 ] D: findOverlayItems 1 2
[    53.38 ] D: "{f98a009b-7bd7-4281-a423-dda724eb9859}" i.value()->sampleClip()->startTime()  33000 48483.9 48483.9 33000
[    53.38 ] D: findOverlayItems
[    56.75 ] D: sltStartContentYChanged1
[    56.75 ] D: sltStartContentYChanged2
[    56.76 ] D: sltStartContentYChanged3
[    56.76 ] D: _tracksModel->getItem(i)->rect()1 0 QRect(0,-393 1974x111)
[    56.76 ] D: _tracksModel->getItem(i)->rect()1 1 QRect(0,-282 1974x111)
[    56.76 ] D: _tracksModel->getItem(i)->rect()1 2 QRect(0,-171 1974x111)
[    56.76 ] D: _tracksModel->getItem(i)->rect()1 3 QRect(0,-60 1974x111)
[    56.76 ] D: _tracksModel->getItem(i)->rect()1 4 QRect(0,51 1974x111)
[    56.76 ] D: _tracksModel->getItem(i)->rect()1 5 QRect(0,162 1974x111)
[    56.76 ] D: _tracksModel->getItem(i)->rect()1 6 QRect(0,273 1974x111)
[    56.76 ] D: _tracksModel->getItem(i)->rect()1 7 QRect(0,384 1974x111)
[    56.76 ] D: _tracksModel->getItem(i)->rect()1 8 QRect(0,495 1974x111)
[    56.76 ] D: _tracksModel->getItem(i)->rect()1 9 QRect(0,606 1974x111)
[    56.76 ] D: _tracksModel->getItem(i)->rect()1 10 QRect(0,717 1974x111)
[    56.76 ] D: setTracksRect
[    56.76 ] D: setTracksRect
[    56.76 ] D: sltStartContentYChanged4
[    56.79 ] D: sltStartContentYChanged1
[    56.79 ] D: sltStartContentYChanged2
[    56.79 ] D: sltStartContentYChanged3
[    56.79 ] D: _tracksModel->getItem(i)->rect()1 0 QRect(0,-402 1974x111)
[    56.79 ] D: _tracksModel->getItem(i)->rect()1 1 QRect(0,-291 1974x111)
[    56.79 ] D: _tracksModel->getItem(i)->rect()1 2 QRect(0,-180 1974x111)
[    56.80 ] D: _tracksModel->getItem(i)->rect()1 3 QRect(0,-69 1974x111)
[    56.80 ] D: _tracksModel->getItem(i)->rect()1 4 QRect(0,42 1974x111)
[    56.80 ] D: _tracksModel->getItem(i)->rect()1 5 QRect(0,153 1974x111)
[    56.80 ] D: _tracksModel->getItem(i)->rect()1 6 QRect(0,264 1974x111)
[    56.80 ] D: _tracksModel->getItem(i)->rect()1 7 QRect(0,375 1974x111)
[    56.80 ] D: _tracksModel->getItem(i)->rect()1 8 QRect(0,486 1974x111)
[    56.80 ] D: _tracksModel->getItem(i)->rect()1 9 QRect(0,597 1974x111)
[    56.80 ] D: _tracksModel->getItem(i)->rect()1 10 QRect(0,708 1974x111)
[    56.80 ] D: setTracksRect
[    56.80 ] D: setTracksRect
[    56.80 ] D: sltStartContentYChanged4
[    56.86 ] D: sltStartContentYChanged1
[    56.86 ] D: sltStartContentYChanged2
[    56.87 ] D: sltStartContentYChanged3
[    56.87 ] D: _tracksModel->getItem(i)->rect()1 0 QRect(0,-419 1974x111)
[    56.87 ] D: _tracksModel->getItem(i)->rect()1 1 QRect(0,-308 1974x111)
[    56.87 ] D: _tracksModel->getItem(i)->rect()1 2 QRect(0,-197 1974x111)
[    56.87 ] D: _tracksModel->getItem(i)->rect()1 3 QRect(0,-86 1974x111)
[    56.87 ] D: _tracksModel->getItem(i)->rect()1 4 QRect(0,25 1974x111)
[    56.87 ] D: _tracksModel->getItem(i)->rect()1 5 QRect(0,136 1974x111)
[    56.87 ] D: _tracksModel->getItem(i)->rect()1 6 QRect(0,247 1974x111)
[    56.87 ] D: _tracksModel->getItem(i)->rect()1 7 QRect(0,358 1974x111)
[    56.87 ] D: _tracksModel->getItem(i)->rect()1 8 QRect(0,469 1974x111)
[    56.87 ] D: _tracksModel->getItem(i)->rect()1 9 QRect(0,580 1974x111)
[    56.87 ] D: _tracksModel->getItem(i)->rect()1 10 QRect(0,691 1974x111)
[    56.87 ] D: setTracksRect
[    56.87 ] D: setTracksRect
[    56.87 ] D: sltStartContentYChanged4
[    56.90 ] D: sltStartContentYChanged1
[    56.90 ] D: sltStartContentYChanged2
[    56.91 ] D: sltStartContentYChanged3
[    56.91 ] D: _tracksModel->getItem(i)->rect()1 0 QRect(0,-430 1974x111)
[    56.91 ] D: _tracksModel->getItem(i)->rect()1 1 QRect(0,-319 1974x111)
[    56.91 ] D: _tracksModel->getItem(i)->rect()1 2 QRect(0,-208 1974x111)
[    56.91 ] D: _tracksModel->getItem(i)->rect()1 3 QRect(0,-97 1974x111)
[    56.91 ] D: _tracksModel->getItem(i)->rect()1 4 QRect(0,14 1974x111)
[    56.91 ] D: _tracksModel->getItem(i)->rect()1 5 QRect(0,125 1974x111)
[    56.91 ] D: _tracksModel->getItem(i)->rect()1 6 QRect(0,236 1974x111)
[    56.91 ] D: _tracksModel->getItem(i)->rect()1 7 QRect(0,347 1974x111)
[    56.91 ] D: _tracksModel->getItem(i)->rect()1 8 QRect(0,458 1974x111)
[    56.91 ] D: _tracksModel->getItem(i)->rect()1 9 QRect(0,569 1974x111)
[    56.91 ] D: _tracksModel->getItem(i)->rect()1 10 QRect(0,680 1974x111)
[    56.91 ] D: setTracksRect
[    56.91 ] D: setTracksRect
[    56.91 ] D: sltStartContentYChanged4
[    56.98 ] D: sltStartContentYChanged1
[    56.98 ] D: sltStartContentYChanged2
[    56.98 ] D: sltStartContentYChanged3
[    56.98 ] D: _tracksModel->getItem(i)->rect()1 0 QRect(0,-440 1974x111)
[    56.98 ] D: _tracksModel->getItem(i)->rect()1 1 QRect(0,-329 1974x111)
[    56.98 ] D: _tracksModel->getItem(i)->rect()1 2 QRect(0,-218 1974x111)
[    56.98 ] D: _tracksModel->getItem(i)->rect()1 3 QRect(0,-107 1974x111)
[    56.98 ] D: _tracksModel->getItem(i)->rect()1 4 QRect(0,4 1974x111)
[    56.99 ] D: _tracksModel->getItem(i)->rect()1 5 QRect(0,115 1974x111)
[    56.99 ] D: _tracksModel->getItem(i)->rect()1 6 QRect(0,226 1974x111)
[    56.99 ] D: _tracksModel->getItem(i)->rect()1 7 QRect(0,337 1974x111)
[    56.99 ] D: _tracksModel->getItem(i)->rect()1 8 QRect(0,448 1974x111)
[    56.99 ] D: _tracksModel->getItem(i)->rect()1 9 QRect(0,559 1974x111)
[    56.99 ] D: _tracksModel->getItem(i)->rect()1 10 QRect(0,670 1974x111)
[    56.99 ] D: setTracksRect
[    56.99 ] D: setTracksRect
[    56.99 ] D: sltStartContentYChanged4
[    56.99 ] D: sltStartContentYChanged1
[    56.99 ] D: sltStartContentYChanged2
[    56.99 ] D: sltStartContentYChanged3
[    56.99 ] D: _tracksModel->getItem(i)->rect()1 0 QRect(0,-444 1974x111)
[    56.99 ] D: _tracksModel->getItem(i)->rect()1 1 QRect(0,-333 1974x111)
[    56.99 ] D: _tracksModel->getItem(i)->rect()1 2 QRect(0,-222 1974x111)
[    56.99 ] D: _tracksModel->getItem(i)->rect()1 3 QRect(0,-111 1974x111)
[    56.99 ] D: _tracksModel->getItem(i)->rect()1 4 QRect(0,0 1974x111)
[    56.99 ] D: _tracksModel->getItem(i)->rect()1 5 QRect(0,111 1974x111)
[    56.99 ] D: _tracksModel->getItem(i)->rect()1 6 QRect(0,222 1974x111)
[    56.99 ] D: _tracksModel->getItem(i)->rect()1 7 QRect(0,333 1974x111)
[    56.99 ] D: _tracksModel->getItem(i)->rect()1 8 QRect(0,444 1974x111)
[    56.99 ] D: _tracksModel->getItem(i)->rect()1 9 QRect(0,555 1974x111)
[    56.99 ] D: _tracksModel->getItem(i)->rect()1 10 QRect(0,666 1974x111)
[    56.99 ] D: setTracksRect
[    56.99 ] D: setTracksRect
[    56.99 ] D: sltStartContentYChanged4
[    57.07 ] D: sltStartContentYChanged1
[    57.07 ] D: sltStartContentYChanged2
[    57.07 ] D: sltStartContentYChanged3
[    57.07 ] D: _tracksModel->getItem(i)->rect()1 0 QRect(0,-449 1974x111)
[    57.07 ] D: _tracksModel->getItem(i)->rect()1 1 QRect(0,-338 1974x111)
[    57.07 ] D: _tracksModel->getItem(i)->rect()1 2 QRect(0,-227 1974x111)
[    57.08 ] D: _tracksModel->getItem(i)->rect()1 3 QRect(0,-116 1974x111)
[    57.08 ] D: _tracksModel->getItem(i)->rect()1 4 QRect(0,-5 1974x111)
[    57.08 ] D: _tracksModel->getItem(i)->rect()1 5 QRect(0,106 1974x111)
[    57.08 ] D: _tracksModel->getItem(i)->rect()1 6 QRect(0,217 1974x111)
[    57.08 ] D: _tracksModel->getItem(i)->rect()1 7 QRect(0,328 1974x111)
[    57.08 ] D: _tracksModel->getItem(i)->rect()1 8 QRect(0,439 1974x111)
[    57.08 ] D: _tracksModel->getItem(i)->rect()1 9 QRect(0,550 1974x111)
[    57.08 ] D: _tracksModel->getItem(i)->rect()1 10 QRect(0,661 1974x111)
[    57.08 ] D: setTracksRect
[    57.08 ] D: setTracksRect
[    57.08 ] D: sltStartContentYChanged4
[    57.17 ] D: sltStartContentYChanged1
[    57.17 ] D: sltStartContentYChanged2
[    57.18 ] D: sltStartContentYChanged3
[    57.18 ] D: _tracksModel->getItem(i)->rect()1 0 QRect(0,-457 1974x111)
[    57.18 ] D: _tracksModel->getItem(i)->rect()1 1 QRect(0,-346 1974x111)
[    57.18 ] D: _tracksModel->getItem(i)->rect()1 2 QRect(0,-235 1974x111)
[    57.18 ] D: _tracksModel->getItem(i)->rect()1 3 QRect(0,-124 1974x111)
[    57.18 ] D: _tracksModel->getItem(i)->rect()1 4 QRect(0,-13 1974x111)
[    57.18 ] D: _tracksModel->getItem(i)->rect()1 5 QRect(0,98 1974x111)
[    57.18 ] D: _tracksModel->getItem(i)->rect()1 6 QRect(0,209 1974x111)
[    57.18 ] D: _tracksModel->getItem(i)->rect()1 7 QRect(0,320 1974x111)
[    57.18 ] D: _tracksModel->getItem(i)->rect()1 8 QRect(0,431 1974x111)
[    57.18 ] D: _tracksModel->getItem(i)->rect()1 9 QRect(0,542 1974x111)
[    57.18 ] D: _tracksModel->getItem(i)->rect()1 10 QRect(0,653 1974x111)
[    57.18 ] D: setTracksRect
[    57.18 ] D: setTracksRect
[    57.18 ] D: sltStartContentYChanged4
[    57.22 ] D: sltStartContentYChanged1
[    57.22 ] D: sltStartContentYChanged2
[    57.22 ] D: sltStartContentYChanged3
[    57.22 ] D: _tracksModel->getItem(i)->rect()1 0 QRect(0,-465 1974x111)
[    57.22 ] D: _tracksModel->getItem(i)->rect()1 1 QRect(0,-354 1974x111)
[    57.22 ] D: _tracksModel->getItem(i)->rect()1 2 QRect(0,-243 1974x111)
[    57.22 ] D: _tracksModel->getItem(i)->rect()1 3 QRect(0,-132 1974x111)
[    57.22 ] D: _tracksModel->getItem(i)->rect()1 4 QRect(0,-21 1974x111)
[    57.22 ] D: _tracksModel->getItem(i)->rect()1 5 QRect(0,90 1974x111)
[    57.22 ] D: _tracksModel->getItem(i)->rect()1 6 QRect(0,201 1974x111)
[    57.22 ] D: _tracksModel->getItem(i)->rect()1 7 QRect(0,312 1974x111)
[    57.22 ] D: _tracksModel->getItem(i)->rect()1 8 QRect(0,423 1974x111)
[    57.22 ] D: _tracksModel->getItem(i)->rect()1 9 QRect(0,534 1974x111)
[    57.22 ] D: _tracksModel->getItem(i)->rect()1 10 QRect(0,645 1974x111)
[    57.22 ] D: setTracksRect
[    57.22 ] D: setTracksRect
[    57.22 ] D: sltStartContentYChanged4
[    57.25 ] D: sltStartContentYChanged1
[    57.25 ] D: sltStartContentYChanged2
[    57.25 ] D: sltStartContentYChanged3
[    57.25 ] D: _tracksModel->getItem(i)->rect()1 0 QRect(0,-474 1974x111)
[    57.25 ] D: _tracksModel->getItem(i)->rect()1 1 QRect(0,-363 1974x111)
[    57.26 ] D: _tracksModel->getItem(i)->rect()1 2 QRect(0,-252 1974x111)
[    57.26 ] D: _tracksModel->getItem(i)->rect()1 3 QRect(0,-141 1974x111)
[    57.26 ] D: _tracksModel->getItem(i)->rect()1 4 QRect(0,-30 1974x111)
[    57.26 ] D: _tracksModel->getItem(i)->rect()1 5 QRect(0,81 1974x111)
[    57.26 ] D: _tracksModel->getItem(i)->rect()1 6 QRect(0,192 1974x111)
[    57.26 ] D: _tracksModel->getItem(i)->rect()1 7 QRect(0,303 1974x111)
[    57.26 ] D: _tracksModel->getItem(i)->rect()1 8 QRect(0,414 1974x111)
[    57.26 ] D: _tracksModel->getItem(i)->rect()1 9 QRect(0,525 1974x111)
[    57.26 ] D: _tracksModel->getItem(i)->rect()1 10 QRect(0,636 1974x111)
[    57.26 ] D: setTracksRect
[    57.26 ] D: setTracksRect
[    57.26 ] D: sltStartContentYChanged4
[    57.30 ] D: sltStartContentYChanged1
[    57.30 ] D: sltStartContentYChanged2
[    57.31 ] D: sltStartContentYChanged3
[    57.31 ] D: _tracksModel->getItem(i)->rect()1 0 QRect(0,-480 1974x111)
[    57.31 ] D: _tracksModel->getItem(i)->rect()1 1 QRect(0,-369 1974x111)
[    57.31 ] D: _tracksModel->getItem(i)->rect()1 2 QRect(0,-258 1974x111)
[    57.31 ] D: _tracksModel->getItem(i)->rect()1 3 QRect(0,-147 1974x111)
[    57.31 ] D: _tracksModel->getItem(i)->rect()1 4 QRect(0,-36 1974x111)
[    57.31 ] D: _tracksModel->getItem(i)->rect()1 5 QRect(0,75 1974x111)
[    57.31 ] D: _tracksModel->getItem(i)->rect()1 6 QRect(0,186 1974x111)
[    57.31 ] D: _tracksModel->getItem(i)->rect()1 7 QRect(0,297 1974x111)
[    57.31 ] D: _tracksModel->getItem(i)->rect()1 8 QRect(0,408 1974x111)
[    57.31 ] D: _tracksModel->getItem(i)->rect()1 9 QRect(0,519 1974x111)
[    57.31 ] D: _tracksModel->getItem(i)->rect()1 10 QRect(0,630 1974x111)
[    57.31 ] D: setTracksRect
[    57.31 ] D: setTracksRect
[    57.31 ] D: sltStartContentYChanged4
[    57.34 ] D: sltStartContentYChanged1
[    57.34 ] D: sltStartContentYChanged2
[    57.34 ] D: sltStartContentYChanged3
[    57.34 ] D: _tracksModel->getItem(i)->rect()1 0 QRect(0,-485 1974x111)
[    57.34 ] D: _tracksModel->getItem(i)->rect()1 1 QRect(0,-374 1974x111)
[    57.34 ] D: _tracksModel->getItem(i)->rect()1 2 QRect(0,-263 1974x111)
[    57.34 ] D: _tracksModel->getItem(i)->rect()1 3 QRect(0,-152 1974x111)
[    57.34 ] D: _tracksModel->getItem(i)->rect()1 4 QRect(0,-41 1974x111)
[    57.34 ] D: _tracksModel->getItem(i)->rect()1 5 QRect(0,70 1974x111)
[    57.34 ] D: _tracksModel->getItem(i)->rect()1 6 QRect(0,181 1974x111)
[    57.34 ] D: _tracksModel->getItem(i)->rect()1 7 QRect(0,292 1974x111)
[    57.34 ] D: _tracksModel->getItem(i)->rect()1 8 QRect(0,403 1974x111)
[    57.34 ] D: _tracksModel->getItem(i)->rect()1 9 QRect(0,514 1974x111)
[    57.34 ] D: _tracksModel->getItem(i)->rect()1 10 QRect(0,625 1974x111)
[    57.34 ] D: setTracksRect
[    57.34 ] D: setTracksRect
[    57.34 ] D: sltStartContentYChanged4
[    57.34 ] D: sltStartContentYChanged1
[    57.34 ] D: sltStartContentYChanged2
[    57.35 ] D: sltStartContentYChanged3
[    57.35 ] D: _tracksModel->getItem(i)->rect()1 0 QRect(0,-486 1974x111)
[    57.35 ] D: _tracksModel->getItem(i)->rect()1 1 QRect(0,-375 1974x111)
[    57.35 ] D: _tracksModel->getItem(i)->rect()1 2 QRect(0,-264 1974x111)
[    57.35 ] D: _tracksModel->getItem(i)->rect()1 3 QRect(0,-153 1974x111)
[    57.35 ] D: _tracksModel->getItem(i)->rect()1 4 QRect(0,-42 1974x111)
[    57.35 ] D: _tracksModel->getItem(i)->rect()1 5 QRect(0,69 1974x111)
[    57.35 ] D: _tracksModel->getItem(i)->rect()1 6 QRect(0,180 1974x111)
[    57.35 ] D: _tracksModel->getItem(i)->rect()1 7 QRect(0,291 1974x111)
[    57.35 ] D: _tracksModel->getItem(i)->rect()1 8 QRect(0,402 1974x111)
[    57.35 ] D: _tracksModel->getItem(i)->rect()1 9 QRect(0,513 1974x111)
[    57.35 ] D: _tracksModel->getItem(i)->rect()1 10 QRect(0,624 1974x111)
[    57.35 ] D: setTracksRect
[    57.35 ] D: setTracksRect
[    57.35 ] D: sltStartContentYChanged4
[    57.38 ] D: sltStartContentYChanged1
[    57.38 ] D: sltStartContentYChanged2
[    57.38 ] D: sltStartContentYChanged3
[    57.38 ] D: _tracksModel->getItem(i)->rect()1 0 QRect(0,-487 1974x111)
[    57.38 ] D: _tracksModel->getItem(i)->rect()1 1 QRect(0,-376 1974x111)
[    57.38 ] D: _tracksModel->getItem(i)->rect()1 2 QRect(0,-265 1974x111)
[    57.38 ] D: _tracksModel->getItem(i)->rect()1 3 QRect(0,-154 1974x111)
[    57.38 ] D: _tracksModel->getItem(i)->rect()1 4 QRect(0,-43 1974x111)
[    57.38 ] D: _tracksModel->getItem(i)->rect()1 5 QRect(0,68 1974x111)
[    57.38 ] D: _tracksModel->getItem(i)->rect()1 6 QRect(0,179 1974x111)
[    57.38 ] D: _tracksModel->getItem(i)->rect()1 7 QRect(0,290 1974x111)
[    57.38 ] D: _tracksModel->getItem(i)->rect()1 8 QRect(0,401 1974x111)
[    57.38 ] D: _tracksModel->getItem(i)->rect()1 9 QRect(0,512 1974x111)
[    57.38 ] D: _tracksModel->getItem(i)->rect()1 10 QRect(0,623 1974x111)
[    57.38 ] D: setTracksRect
[    57.38 ] D: setTracksRect
[    57.38 ] D: sltStartContentYChanged4
[    57.54 ] D: sltStartContentYChanged1
[    57.54 ] D: sltStartContentYChanged2
[    57.54 ] D: sltStartContentYChanged3
[    57.54 ] D: _tracksModel->getItem(i)->rect()1 0 QRect(0,-481 1974x111)
[    57.54 ] D: _tracksModel->getItem(i)->rect()1 1 QRect(0,-370 1974x111)
[    57.54 ] D: _tracksModel->getItem(i)->rect()1 2 QRect(0,-259 1974x111)
[    57.54 ] D: _tracksModel->getItem(i)->rect()1 3 QRect(0,-148 1974x111)
[    57.54 ] D: _tracksModel->getItem(i)->rect()1 4 QRect(0,-37 1974x111)
[    57.54 ] D: _tracksModel->getItem(i)->rect()1 5 QRect(0,74 1974x111)
[    57.54 ] D: _tracksModel->getItem(i)->rect()1 6 QRect(0,185 1974x111)
[    57.54 ] D: _tracksModel->getItem(i)->rect()1 7 QRect(0,296 1974x111)
[    57.54 ] D: _tracksModel->getItem(i)->rect()1 8 QRect(0,407 1974x111)
[    57.54 ] D: _tracksModel->getItem(i)->rect()1 9 QRect(0,518 1974x111)
[    57.54 ] D: _tracksModel->getItem(i)->rect()1 10 QRect(0,629 1974x111)
[    57.54 ] D: setTracksRect
[    57.54 ] D: setTracksRect
[    57.54 ] D: sltStartContentYChanged4
[    57.57 ] D: sltStartContentYChanged1
[    57.57 ] D: sltStartContentYChanged2
[    57.57 ] D: sltStartContentYChanged3
[    57.57 ] D: _tracksModel->getItem(i)->rect()1 0 QRect(0,-470 1974x111)
[    57.57 ] D: _tracksModel->getItem(i)->rect()1 1 QRect(0,-359 1974x111)
[    57.57 ] D: _tracksModel->getItem(i)->rect()1 2 QRect(0,-248 1974x111)
[    57.57 ] D: _tracksModel->getItem(i)->rect()1 3 QRect(0,-137 1974x111)
[    57.57 ] D: _tracksModel->getItem(i)->rect()1 4 QRect(0,-26 1974x111)
[    57.57 ] D: _tracksModel->getItem(i)->rect()1 5 QRect(0,85 1974x111)
[    57.57 ] D: _tracksModel->getItem(i)->rect()1 6 QRect(0,196 1974x111)
[    57.57 ] D: _tracksModel->getItem(i)->rect()1 7 QRect(0,307 1974x111)
[    57.57 ] D: _tracksModel->getItem(i)->rect()1 8 QRect(0,418 1974x111)
[    57.57 ] D: _tracksModel->getItem(i)->rect()1 9 QRect(0,529 1974x111)
[    57.57 ] D: _tracksModel->getItem(i)->rect()1 10 QRect(0,640 1974x111)
[    57.57 ] D: setTracksRect
[    57.57 ] D: setTracksRect
[    57.57 ] D: sltStartContentYChanged4
[    57.63 ] D: sltStartContentYChanged1
[    57.63 ] D: sltStartContentYChanged2
[    57.63 ] D: sltStartContentYChanged3
[    57.63 ] D: _tracksModel->getItem(i)->rect()1 0 QRect(0,-460 1974x111)
[    57.63 ] D: _tracksModel->getItem(i)->rect()1 1 QRect(0,-349 1974x111)
[    57.64 ] D: _tracksModel->getItem(i)->rect()1 2 QRect(0,-238 1974x111)
[    57.64 ] D: _tracksModel->getItem(i)->rect()1 3 QRect(0,-127 1974x111)
[    57.64 ] D: _tracksModel->getItem(i)->rect()1 4 QRect(0,-16 1974x111)
[    57.64 ] D: _tracksModel->getItem(i)->rect()1 5 QRect(0,95 1974x111)
[    57.64 ] D: _tracksModel->getItem(i)->rect()1 6 QRect(0,206 1974x111)
[    57.64 ] D: _tracksModel->getItem(i)->rect()1 7 QRect(0,317 1974x111)
[    57.64 ] D: _tracksModel->getItem(i)->rect()1 8 QRect(0,428 1974x111)
[    57.64 ] D: _tracksModel->getItem(i)->rect()1 9 QRect(0,539 1974x111)
[    57.64 ] D: _tracksModel->getItem(i)->rect()1 10 QRect(0,650 1974x111)
[    57.64 ] D: setTracksRect
[    57.64 ] D: setTracksRect
[    57.64 ] D: sltStartContentYChanged4
[    57.67 ] D: sltStartContentYChanged1
[    57.67 ] D: sltStartContentYChanged2
[    57.67 ] D: sltStartContentYChanged3
[    57.67 ] D: _tracksModel->getItem(i)->rect()1 0 QRect(0,-453 1974x111)
[    57.67 ] D: _tracksModel->getItem(i)->rect()1 1 QRect(0,-342 1974x111)
[    57.67 ] D: _tracksModel->getItem(i)->rect()1 2 QRect(0,-231 1974x111)
[    57.67 ] D: _tracksModel->getItem(i)->rect()1 3 QRect(0,-120 1974x111)
[    57.67 ] D: _tracksModel->getItem(i)->rect()1 4 QRect(0,-9 1974x111)
[    57.67 ] D: _tracksModel->getItem(i)->rect()1 5 QRect(0,102 1974x111)
[    57.67 ] D: _tracksModel->getItem(i)->rect()1 6 QRect(0,213 1974x111)
[    57.67 ] D: _tracksModel->getItem(i)->rect()1 7 QRect(0,324 1974x111)
[    57.67 ] D: _tracksModel->getItem(i)->rect()1 8 QRect(0,435 1974x111)
[    57.67 ] D: _tracksModel->getItem(i)->rect()1 9 QRect(0,546 1974x111)
[    57.67 ] D: _tracksModel->getItem(i)->rect()1 10 QRect(0,657 1974x111)
[    57.67 ] D: setTracksRect
[    57.67 ] D: setTracksRect
[    57.67 ] D: sltStartContentYChanged4
[    57.70 ] D: sltStartContentYChanged1
[    57.70 ] D: sltStartContentYChanged2
[    57.70 ] D: sltStartContentYChanged3
[    57.70 ] D: _tracksModel->getItem(i)->rect()1 0 QRect(0,-447 1974x111)
[    57.70 ] D: _tracksModel->getItem(i)->rect()1 1 QRect(0,-336 1974x111)
[    57.70 ] D: _tracksModel->getItem(i)->rect()1 2 QRect(0,-225 1974x111)
[    57.70 ] D: _tracksModel->getItem(i)->rect()1 3 QRect(0,-114 1974x111)
[    57.70 ] D: _tracksModel->getItem(i)->rect()1 4 QRect(0,-3 1974x111)
[    57.70 ] D: _tracksModel->getItem(i)->rect()1 5 QRect(0,108 1974x111)
[    57.70 ] D: _tracksModel->getItem(i)->rect()1 6 QRect(0,219 1974x111)
[    57.70 ] D: _tracksModel->getItem(i)->rect()1 7 QRect(0,330 1974x111)
[    57.70 ] D: _tracksModel->getItem(i)->rect()1 8 QRect(0,441 1974x111)
[    57.70 ] D: _tracksModel->getItem(i)->rect()1 9 QRect(0,552 1974x111)
[    57.70 ] D: _tracksModel->getItem(i)->rect()1 10 QRect(0,663 1974x111)
[    57.70 ] D: setTracksRect
[    57.70 ] D: setTracksRect
[    57.70 ] D: sltStartContentYChanged4
[    57.73 ] D: sltStartContentYChanged1
[    57.73 ] D: sltStartContentYChanged2
[    57.73 ] D: sltStartContentYChanged3
[    57.73 ] D: _tracksModel->getItem(i)->rect()1 0 QRect(0,-444 1974x111)
[    57.73 ] D: _tracksModel->getItem(i)->rect()1 1 QRect(0,-333 1974x111)
[    57.73 ] D: _tracksModel->getItem(i)->rect()1 2 QRect(0,-222 1974x111)
[    57.73 ] D: _tracksModel->getItem(i)->rect()1 3 QRect(0,-111 1974x111)
[    57.73 ] D: _tracksModel->getItem(i)->rect()1 4 QRect(0,0 1974x111)
[    57.73 ] D: _tracksModel->getItem(i)->rect()1 5 QRect(0,111 1974x111)
[    57.73 ] D: _tracksModel->getItem(i)->rect()1 6 QRect(0,222 1974x111)
[    57.73 ] D: _tracksModel->getItem(i)->rect()1 7 QRect(0,333 1974x111)
[    57.73 ] D: _tracksModel->getItem(i)->rect()1 8 QRect(0,444 1974x111)
[    57.73 ] D: _tracksModel->getItem(i)->rect()1 9 QRect(0,555 1974x111)
[    57.73 ] D: _tracksModel->getItem(i)->rect()1 10 QRect(0,666 1974x111)
[    57.73 ] D: setTracksRect
[    57.73 ] D: setTracksRect
[    57.73 ] D: sltStartContentYChanged4
[    57.73 ] D: sltStartContentYChanged1
[    57.73 ] D: sltStartContentYChanged2
[    57.74 ] D: sltStartContentYChanged3
[    57.74 ] D: _tracksModel->getItem(i)->rect()1 0 QRect(0,-441 1974x111)
[    57.74 ] D: _tracksModel->getItem(i)->rect()1 1 QRect(0,-330 1974x111)
[    57.74 ] D: _tracksModel->getItem(i)->rect()1 2 QRect(0,-219 1974x111)
[    57.74 ] D: _tracksModel->getItem(i)->rect()1 3 QRect(0,-108 1974x111)
[    57.74 ] D: _tracksModel->getItem(i)->rect()1 4 QRect(0,3 1974x111)
[    57.74 ] D: _tracksModel->getItem(i)->rect()1 5 QRect(0,114 1974x111)
[    57.74 ] D: _tracksModel->getItem(i)->rect()1 6 QRect(0,225 1974x111)
[    57.74 ] D: _tracksModel->getItem(i)->rect()1 7 QRect(0,336 1974x111)
[    57.74 ] D: _tracksModel->getItem(i)->rect()1 8 QRect(0,447 1974x111)
[    57.74 ] D: _tracksModel->getItem(i)->rect()1 9 QRect(0,558 1974x111)
[    57.74 ] D: _tracksModel->getItem(i)->rect()1 10 QRect(0,669 1974x111)
[    57.74 ] D: setTracksRect
[    57.74 ] D: setTracksRect
[    57.74 ] D: sltStartContentYChanged4
[    57.80 ] D: sltStartContentYChanged1
[    57.80 ] D: sltStartContentYChanged2
[    57.81 ] D: sltStartContentYChanged3
[    57.81 ] D: _tracksModel->getItem(i)->rect()1 0 QRect(0,-440 1974x111)
[    57.81 ] D: _tracksModel->getItem(i)->rect()1 1 QRect(0,-329 1974x111)
[    57.81 ] D: _tracksModel->getItem(i)->rect()1 2 QRect(0,-218 1974x111)
[    57.81 ] D: _tracksModel->getItem(i)->rect()1 3 QRect(0,-107 1974x111)
[    57.81 ] D: _tracksModel->getItem(i)->rect()1 4 QRect(0,4 1974x111)
[    57.81 ] D: _tracksModel->getItem(i)->rect()1 5 QRect(0,115 1974x111)
[    57.81 ] D: _tracksModel->getItem(i)->rect()1 6 QRect(0,226 1974x111)
[    57.81 ] D: _tracksModel->getItem(i)->rect()1 7 QRect(0,337 1974x111)
[    57.81 ] D: _tracksModel->getItem(i)->rect()1 8 QRect(0,448 1974x111)
[    57.81 ] D: _tracksModel->getItem(i)->rect()1 9 QRect(0,559 1974x111)
[    57.81 ] D: _tracksModel->getItem(i)->rect()1 10 QRect(0,670 1974x111)
[    57.81 ] D: setTracksRect
[    57.81 ] D: setTracksRect
[    57.81 ] D: sltStartContentYChanged4
[    58.00 ] D: sltStartContentYChanged1
[    58.00 ] D: sltStartContentYChanged2
[    58.00 ] D: sltStartContentYChanged3
[    58.00 ] D: _tracksModel->getItem(i)->rect()1 0 QRect(0,-420 1974x111)
[    58.00 ] D: _tracksModel->getItem(i)->rect()1 1 QRect(0,-309 1974x111)
[    58.00 ] D: _tracksModel->getItem(i)->rect()1 2 QRect(0,-198 1974x111)
[    58.00 ] D: _tracksModel->getItem(i)->rect()1 3 QRect(0,-87 1974x111)
[    58.00 ] D: _tracksModel->getItem(i)->rect()1 4 QRect(0,24 1974x111)
[    58.00 ] D: _tracksModel->getItem(i)->rect()1 5 QRect(0,135 1974x111)
[    58.00 ] D: _tracksModel->getItem(i)->rect()1 6 QRect(0,246 1974x111)
[    58.00 ] D: _tracksModel->getItem(i)->rect()1 7 QRect(0,357 1974x111)
[    58.00 ] D: _tracksModel->getItem(i)->rect()1 8 QRect(0,468 1974x111)
[    58.00 ] D: _tracksModel->getItem(i)->rect()1 9 QRect(0,579 1974x111)
[    58.00 ] D: _tracksModel->getItem(i)->rect()1 10 QRect(0,690 1974x111)
[    58.00 ] D: setTracksRect
[    58.00 ] D: setTracksRect
[    58.00 ] D: sltStartContentYChanged4
[    58.05 ] D: sltStartContentYChanged1
[    58.05 ] D: sltStartContentYChanged2
[    58.05 ] D: sltStartContentYChanged3
[    58.05 ] D: _tracksModel->getItem(i)->rect()1 0 QRect(0,-415 1974x111)
[    58.05 ] D: _tracksModel->getItem(i)->rect()1 1 QRect(0,-304 1974x111)
[    58.05 ] D: _tracksModel->getItem(i)->rect()1 2 QRect(0,-193 1974x111)
[    58.05 ] D: _tracksModel->getItem(i)->rect()1 3 QRect(0,-82 1974x111)
[    58.05 ] D: _tracksModel->getItem(i)->rect()1 4 QRect(0,29 1974x111)
[    58.05 ] D: _tracksModel->getItem(i)->rect()1 5 QRect(0,140 1974x111)
[    58.05 ] D: _tracksModel->getItem(i)->rect()1 6 QRect(0,251 1974x111)
[    58.05 ] D: _tracksModel->getItem(i)->rect()1 7 QRect(0,362 1974x111)
[    58.05 ] D: _tracksModel->getItem(i)->rect()1 8 QRect(0,473 1974x111)
[    58.05 ] D: _tracksModel->getItem(i)->rect()1 9 QRect(0,584 1974x111)
[    58.05 ] D: _tracksModel->getItem(i)->rect()1 10 QRect(0,695 1974x111)
[    58.05 ] D: setTracksRect
[    58.05 ] D: setTracksRect
[    58.05 ] D: sltStartContentYChanged4
[    58.09 ] D: sltStartContentYChanged1
[    58.09 ] D: sltStartContentYChanged2
[    58.09 ] D: sltStartContentYChanged3
[    58.09 ] D: _tracksModel->getItem(i)->rect()1 0 QRect(0,-410 1974x111)
[    58.09 ] D: _tracksModel->getItem(i)->rect()1 1 QRect(0,-299 1974x111)
[    58.09 ] D: _tracksModel->getItem(i)->rect()1 2 QRect(0,-188 1974x111)
[    58.09 ] D: _tracksModel->getItem(i)->rect()1 3 QRect(0,-77 1974x111)
[    58.09 ] D: _tracksModel->getItem(i)->rect()1 4 QRect(0,34 1974x111)
[    58.09 ] D: _tracksModel->getItem(i)->rect()1 5 QRect(0,145 1974x111)
[    58.09 ] D: _tracksModel->getItem(i)->rect()1 6 QRect(0,256 1974x111)
[    58.09 ] D: _tracksModel->getItem(i)->rect()1 7 QRect(0,367 1974x111)
[    58.09 ] D: _tracksModel->getItem(i)->rect()1 8 QRect(0,478 1974x111)
[    58.09 ] D: _tracksModel->getItem(i)->rect()1 9 QRect(0,589 1974x111)
[    58.09 ] D: _tracksModel->getItem(i)->rect()1 10 QRect(0,700 1974x111)
[    58.09 ] D: setTracksRect
[    58.09 ] D: setTracksRect
[    58.09 ] D: sltStartContentYChanged4
[    58.14 ] D: sltStartContentYChanged1
[    58.14 ] D: sltStartContentYChanged2
[    58.14 ] D: sltStartContentYChanged3
[    58.14 ] D: _tracksModel->getItem(i)->rect()1 0 QRect(0,-400 1974x111)
[    58.14 ] D: _tracksModel->getItem(i)->rect()1 1 QRect(0,-289 1974x111)
[    58.14 ] D: _tracksModel->getItem(i)->rect()1 2 QRect(0,-178 1974x111)
[    58.14 ] D: _tracksModel->getItem(i)->rect()1 3 QRect(0,-67 1974x111)
[    58.14 ] D: _tracksModel->getItem(i)->rect()1 4 QRect(0,44 1974x111)
[    58.14 ] D: _tracksModel->getItem(i)->rect()1 5 QRect(0,155 1974x111)
[    58.14 ] D: _tracksModel->getItem(i)->rect()1 6 QRect(0,266 1974x111)
[    58.14 ] D: _tracksModel->getItem(i)->rect()1 7 QRect(0,377 1974x111)
[    58.14 ] D: _tracksModel->getItem(i)->rect()1 8 QRect(0,488 1974x111)
[    58.14 ] D: _tracksModel->getItem(i)->rect()1 9 QRect(0,599 1974x111)
[    58.14 ] D: _tracksModel->getItem(i)->rect()1 10 QRect(0,710 1974x111)
[    58.14 ] D: setTracksRect
[    58.14 ] D: setTracksRect
[    58.14 ] D: sltStartContentYChanged4
[    58.15 ] D: sltStartContentYChanged1
[    58.15 ] D: sltStartContentYChanged2
[    58.15 ] D: sltStartContentYChanged3
[    58.15 ] D: _tracksModel->getItem(i)->rect()1 0 QRect(0,-385 1974x111)
[    58.15 ] D: _tracksModel->getItem(i)->rect()1 1 QRect(0,-274 1974x111)
[    58.15 ] D: _tracksModel->getItem(i)->rect()1 2 QRect(0,-163 1974x111)
[    58.15 ] D: _tracksModel->getItem(i)->rect()1 3 QRect(0,-52 1974x111)
[    58.15 ] D: _tracksModel->getItem(i)->rect()1 4 QRect(0,59 1974x111)
[    58.15 ] D: _tracksModel->getItem(i)->rect()1 5 QRect(0,170 1974x111)
[    58.15 ] D: _tracksModel->getItem(i)->rect()1 6 QRect(0,281 1974x111)
[    58.15 ] D: _tracksModel->getItem(i)->rect()1 7 QRect(0,392 1974x111)
[    58.15 ] D: _tracksModel->getItem(i)->rect()1 8 QRect(0,503 1974x111)
[    58.15 ] D: _tracksModel->getItem(i)->rect()1 9 QRect(0,614 1974x111)
[    58.15 ] D: _tracksModel->getItem(i)->rect()1 10 QRect(0,725 1974x111)
[    58.15 ] D: setTracksRect
[    58.15 ] D: setTracksRect
[    58.15 ] D: sltStartContentYChanged4
[    58.19 ] D: sltStartContentYChanged1
[    58.19 ] D: sltStartContentYChanged2
[    58.19 ] D: sltStartContentYChanged3
[    58.19 ] D: _tracksModel->getItem(i)->rect()1 0 QRect(0,-378 1974x111)
[    58.19 ] D: _tracksModel->getItem(i)->rect()1 1 QRect(0,-267 1974x111)
[    58.19 ] D: _tracksModel->getItem(i)->rect()1 2 QRect(0,-156 1974x111)
[    58.19 ] D: _tracksModel->getItem(i)->rect()1 3 QRect(0,-45 1974x111)
[    58.19 ] D: _tracksModel->getItem(i)->rect()1 4 QRect(0,66 1974x111)
[    58.19 ] D: _tracksModel->getItem(i)->rect()1 5 QRect(0,177 1974x111)
[    58.19 ] D: _tracksModel->getItem(i)->rect()1 6 QRect(0,288 1974x111)
[    58.19 ] D: _tracksModel->getItem(i)->rect()1 7 QRect(0,399 1974x111)
[    58.19 ] D: _tracksModel->getItem(i)->rect()1 8 QRect(0,510 1974x111)
[    58.19 ] D: _tracksModel->getItem(i)->rect()1 9 QRect(0,621 1974x111)
[    58.19 ] D: _tracksModel->getItem(i)->rect()1 10 QRect(0,732 1974x111)
[    58.19 ] D: setTracksRect
[    58.19 ] D: setTracksRect
[    58.19 ] D: sltStartContentYChanged4
[    58.25 ] D: sltStartContentYChanged1
[    58.25 ] D: sltStartContentYChanged2
[    58.25 ] D: sltStartContentYChanged3
[    58.26 ] D: _tracksModel->getItem(i)->rect()1 0 QRect(0,-373 1974x111)
[    58.26 ] D: _tracksModel->getItem(i)->rect()1 1 QRect(0,-262 1974x111)
[    58.26 ] D: _tracksModel->getItem(i)->rect()1 2 QRect(0,-151 1974x111)
[    58.26 ] D: _tracksModel->getItem(i)->rect()1 3 QRect(0,-40 1974x111)
[    58.26 ] D: _tracksModel->getItem(i)->rect()1 4 QRect(0,71 1974x111)
[    58.26 ] D: _tracksModel->getItem(i)->rect()1 5 QRect(0,182 1974x111)
[    58.26 ] D: _tracksModel->getItem(i)->rect()1 6 QRect(0,293 1974x111)
[    58.26 ] D: _tracksModel->getItem(i)->rect()1 7 QRect(0,404 1974x111)
[    58.26 ] D: _tracksModel->getItem(i)->rect()1 8 QRect(0,515 1974x111)
[    58.26 ] D: _tracksModel->getItem(i)->rect()1 9 QRect(0,626 1974x111)
[    58.26 ] D: _tracksModel->getItem(i)->rect()1 10 QRect(0,737 1974x111)
[    58.26 ] D: setTracksRect
[    58.26 ] D: setTracksRect
[    58.26 ] D: sltStartContentYChanged4
[    58.29 ] D: sltStartContentYChanged1
[    58.29 ] D: sltStartContentYChanged2
[    58.29 ] D: sltStartContentYChanged3
[    58.29 ] D: _tracksModel->getItem(i)->rect()1 0 QRect(0,-370 1974x111)
[    58.29 ] D: _tracksModel->getItem(i)->rect()1 1 QRect(0,-259 1974x111)
[    58.29 ] D: _tracksModel->getItem(i)->rect()1 2 QRect(0,-148 1974x111)
[    58.29 ] D: _tracksModel->getItem(i)->rect()1 3 QRect(0,-37 1974x111)
[    58.29 ] D: _tracksModel->getItem(i)->rect()1 4 QRect(0,74 1974x111)
[    58.29 ] D: _tracksModel->getItem(i)->rect()1 5 QRect(0,185 1974x111)
[    58.29 ] D: _tracksModel->getItem(i)->rect()1 6 QRect(0,296 1974x111)
[    58.29 ] D: _tracksModel->getItem(i)->rect()1 7 QRect(0,407 1974x111)
[    58.29 ] D: _tracksModel->getItem(i)->rect()1 8 QRect(0,518 1974x111)
[    58.29 ] D: _tracksModel->getItem(i)->rect()1 9 QRect(0,629 1974x111)
[    58.29 ] D: _tracksModel->getItem(i)->rect()1 10 QRect(0,740 1974x111)
[    58.29 ] D: setTracksRect
[    58.29 ] D: setTracksRect
[    58.29 ] D: sltStartContentYChanged4
[    58.37 ] D: sltStartContentYChanged1
[    58.37 ] D: sltStartContentYChanged2
[    58.37 ] D: sltStartContentYChanged3
[    58.37 ] D: _tracksModel->getItem(i)->rect()1 0 QRect(0,-362 1974x111)
[    58.37 ] D: _tracksModel->getItem(i)->rect()1 1 QRect(0,-251 1974x111)
[    58.37 ] D: _tracksModel->getItem(i)->rect()1 2 QRect(0,-140 1974x111)
[    58.37 ] D: _tracksModel->getItem(i)->rect()1 3 QRect(0,-29 1974x111)
[    58.37 ] D: _tracksModel->getItem(i)->rect()1 4 QRect(0,82 1974x111)
[    58.37 ] D: _tracksModel->getItem(i)->rect()1 5 QRect(0,193 1974x111)
[    58.37 ] D: _tracksModel->getItem(i)->rect()1 6 QRect(0,304 1974x111)
[    58.37 ] D: _tracksModel->getItem(i)->rect()1 7 QRect(0,415 1974x111)
[    58.37 ] D: _tracksModel->getItem(i)->rect()1 8 QRect(0,526 1974x111)
[    58.37 ] D: _tracksModel->getItem(i)->rect()1 9 QRect(0,637 1974x111)
[    58.37 ] D: _tracksModel->getItem(i)->rect()1 10 QRect(0,748 1974x111)
[    58.37 ] D: setTracksRect
[    58.37 ] D: setTracksRect
[    58.37 ] D: sltStartContentYChanged4
[    58.38 ] D: sltStartContentYChanged1
[    58.38 ] D: sltStartContentYChanged2
[    58.38 ] D: sltStartContentYChanged3
[    58.38 ] D: _tracksModel->getItem(i)->rect()1 0 QRect(0,-349 1974x111)
[    58.38 ] D: _tracksModel->getItem(i)->rect()1 1 QRect(0,-238 1974x111)
[    58.38 ] D: _tracksModel->getItem(i)->rect()1 2 QRect(0,-127 1974x111)
[    58.38 ] D: _tracksModel->getItem(i)->rect()1 3 QRect(0,-16 1974x111)
[    58.38 ] D: _tracksModel->getItem(i)->rect()1 4 QRect(0,95 1974x111)
[    58.38 ] D: _tracksModel->getItem(i)->rect()1 5 QRect(0,206 1974x111)
[    58.38 ] D: _tracksModel->getItem(i)->rect()1 6 QRect(0,317 1974x111)
[    58.38 ] D: _tracksModel->getItem(i)->rect()1 7 QRect(0,428 1974x111)
[    58.38 ] D: _tracksModel->getItem(i)->rect()1 8 QRect(0,539 1974x111)
[    58.38 ] D: _tracksModel->getItem(i)->rect()1 9 QRect(0,650 1974x111)
[    58.38 ] D: _tracksModel->getItem(i)->rect()1 10 QRect(0,761 1974x111)
[    58.38 ] D: setTracksRect
[    58.38 ] D: setTracksRect
[    58.38 ] D: sltStartContentYChanged4
[    58.43 ] D: sltStartContentYChanged1
[    58.43 ] D: sltStartContentYChanged2
[    58.44 ] D: sltStartContentYChanged3
[    58.44 ] D: _tracksModel->getItem(i)->rect()1 0 QRect(0,-342 1974x111)
[    58.44 ] D: _tracksModel->getItem(i)->rect()1 1 QRect(0,-231 1974x111)
[    58.44 ] D: _tracksModel->getItem(i)->rect()1 2 QRect(0,-120 1974x111)
[    58.44 ] D: _tracksModel->getItem(i)->rect()1 3 QRect(0,-9 1974x111)
[    58.44 ] D: _tracksModel->getItem(i)->rect()1 4 QRect(0,102 1974x111)
[    58.44 ] D: _tracksModel->getItem(i)->rect()1 5 QRect(0,213 1974x111)
[    58.44 ] D: _tracksModel->getItem(i)->rect()1 6 QRect(0,324 1974x111)
[    58.44 ] D: _tracksModel->getItem(i)->rect()1 7 QRect(0,435 1974x111)
[    58.44 ] D: _tracksModel->getItem(i)->rect()1 8 QRect(0,546 1974x111)
[    58.44 ] D: _tracksModel->getItem(i)->rect()1 9 QRect(0,657 1974x111)
[    58.44 ] D: _tracksModel->getItem(i)->rect()1 10 QRect(0,768 1974x111)
[    58.44 ] D: setTracksRect
[    58.44 ] D: setTracksRect
[    58.44 ] D: sltStartContentYChanged4
[    58.48 ] D: sltStartContentYChanged1
[    58.48 ] D: sltStartContentYChanged2
[    58.48 ] D: sltStartContentYChanged3
[    58.48 ] D: _tracksModel->getItem(i)->rect()1 0 QRect(0,-338 1974x111)
[    58.48 ] D: _tracksModel->getItem(i)->rect()1 1 QRect(0,-227 1974x111)
[    58.48 ] D: _tracksModel->getItem(i)->rect()1 2 QRect(0,-116 1974x111)
[    58.48 ] D: _tracksModel->getItem(i)->rect()1 3 QRect(0,-5 1974x111)
[    58.48 ] D: _tracksModel->getItem(i)->rect()1 4 QRect(0,106 1974x111)
[    58.48 ] D: _tracksModel->getItem(i)->rect()1 5 QRect(0,217 1974x111)
[    58.48 ] D: _tracksModel->getItem(i)->rect()1 6 QRect(0,328 1974x111)
[    58.48 ] D: _tracksModel->getItem(i)->rect()1 7 QRect(0,439 1974x111)
[    58.48 ] D: _tracksModel->getItem(i)->rect()1 8 QRect(0,550 1974x111)
[    58.48 ] D: _tracksModel->getItem(i)->rect()1 9 QRect(0,661 1974x111)
[    58.48 ] D: _tracksModel->getItem(i)->rect()1 10 QRect(0,772 1974x111)
[    58.48 ] D: setTracksRect
[    58.48 ] D: setTracksRect
[    58.48 ] D: sltStartContentYChanged4
[    58.48 ] D: sltStartContentYChanged1
[    58.48 ] D: sltStartContentYChanged2
[    58.48 ] D: sltStartContentYChanged3
[    58.48 ] D: _tracksModel->getItem(i)->rect()1 0 QRect(0,-333 1974x111)
[    58.48 ] D: _tracksModel->getItem(i)->rect()1 1 QRect(0,-222 1974x111)
[    58.48 ] D: _tracksModel->getItem(i)->rect()1 2 QRect(0,-111 1974x111)
[    58.49 ] D: _tracksModel->getItem(i)->rect()1 3 QRect(0,0 1974x111)
[    58.49 ] D: _tracksModel->getItem(i)->rect()1 4 QRect(0,111 1974x111)
[    58.49 ] D: _tracksModel->getItem(i)->rect()1 5 QRect(0,222 1974x111)
[    58.49 ] D: _tracksModel->getItem(i)->rect()1 6 QRect(0,333 1974x111)
[    58.49 ] D: _tracksModel->getItem(i)->rect()1 7 QRect(0,444 1974x111)
[    58.49 ] D: _tracksModel->getItem(i)->rect()1 8 QRect(0,555 1974x111)
[    58.49 ] D: _tracksModel->getItem(i)->rect()1 9 QRect(0,666 1974x111)
[    58.49 ] D: _tracksModel->getItem(i)->rect()1 10 QRect(0,777 1974x111)
[    58.49 ] D: setTracksRect
[    58.49 ] D: setTracksRect
[    58.49 ] D: sltStartContentYChanged4
[    58.55 ] D: sltStartContentYChanged1
[    58.55 ] D: sltStartContentYChanged2
[    58.55 ] D: sltStartContentYChanged3
[    58.55 ] D: _tracksModel->getItem(i)->rect()1 0 QRect(0,-332 1974x111)
[    58.55 ] D: _tracksModel->getItem(i)->rect()1 1 QRect(0,-221 1974x111)
[    58.55 ] D: _tracksModel->getItem(i)->rect()1 2 QRect(0,-110 1974x111)
[    58.55 ] D: _tracksModel->getItem(i)->rect()1 3 QRect(0,1 1974x111)
[    58.55 ] D: _tracksModel->getItem(i)->rect()1 4 QRect(0,112 1974x111)
[    58.55 ] D: _tracksModel->getItem(i)->rect()1 5 QRect(0,223 1974x111)
[    58.55 ] D: _tracksModel->getItem(i)->rect()1 6 QRect(0,334 1974x111)
[    58.55 ] D: _tracksModel->getItem(i)->rect()1 7 QRect(0,445 1974x111)
[    58.55 ] D: _tracksModel->getItem(i)->rect()1 8 QRect(0,556 1974x111)
[    58.55 ] D: _tracksModel->getItem(i)->rect()1 9 QRect(0,667 1974x111)
[    58.55 ] D: _tracksModel->getItem(i)->rect()1 10 QRect(0,778 1974x111)
[    58.55 ] D: setTracksRect
[    58.55 ] D: setTracksRect
[    58.55 ] D: sltStartContentYChanged4
[    58.62 ] D: sltStartContentYChanged1
[    58.62 ] D: sltStartContentYChanged2
[    58.62 ] D: sltStartContentYChanged3
[    58.62 ] D: _tracksModel->getItem(i)->rect()1 0 QRect(0,-324 1974x111)
[    58.62 ] D: _tracksModel->getItem(i)->rect()1 1 QRect(0,-213 1974x111)
[    58.62 ] D: _tracksModel->getItem(i)->rect()1 2 QRect(0,-102 1974x111)
[    58.63 ] D: _tracksModel->getItem(i)->rect()1 3 QRect(0,9 1974x111)
[    58.63 ] D: _tracksModel->getItem(i)->rect()1 4 QRect(0,120 1974x111)
[    58.63 ] D: _tracksModel->getItem(i)->rect()1 5 QRect(0,231 1974x111)
[    58.63 ] D: _tracksModel->getItem(i)->rect()1 6 QRect(0,342 1974x111)
[    58.63 ] D: _tracksModel->getItem(i)->rect()1 7 QRect(0,453 1974x111)
[    58.63 ] D: _tracksModel->getItem(i)->rect()1 8 QRect(0,564 1974x111)
[    58.63 ] D: _tracksModel->getItem(i)->rect()1 9 QRect(0,675 1974x111)
[    58.63 ] D: _tracksModel->getItem(i)->rect()1 10 QRect(0,786 1974x111)
[    58.63 ] D: setTracksRect
[    58.63 ] D: setTracksRect
[    58.63 ] D: sltStartContentYChanged4
[    58.64 ] D: sltStartContentYChanged1
[    58.64 ] D: sltStartContentYChanged2
[    58.64 ] D: sltStartContentYChanged3
[    58.64 ] D: _tracksModel->getItem(i)->rect()1 0 QRect(0,-319 1974x111)
[    58.64 ] D: _tracksModel->getItem(i)->rect()1 1 QRect(0,-208 1974x111)
[    58.64 ] D: _tracksModel->getItem(i)->rect()1 2 QRect(0,-97 1974x111)
[    58.64 ] D: _tracksModel->getItem(i)->rect()1 3 QRect(0,14 1974x111)
[    58.64 ] D: _tracksModel->getItem(i)->rect()1 4 QRect(0,125 1974x111)
[    58.64 ] D: _tracksModel->getItem(i)->rect()1 5 QRect(0,236 1974x111)
[    58.64 ] D: _tracksModel->getItem(i)->rect()1 6 QRect(0,347 1974x111)
[    58.64 ] D: _tracksModel->getItem(i)->rect()1 7 QRect(0,458 1974x111)
[    58.64 ] D: _tracksModel->getItem(i)->rect()1 8 QRect(0,569 1974x111)
[    58.64 ] D: _tracksModel->getItem(i)->rect()1 9 QRect(0,680 1974x111)
[    58.64 ] D: _tracksModel->getItem(i)->rect()1 10 QRect(0,791 1974x111)
[    58.64 ] D: setTracksRect
[    58.64 ] D: setTracksRect
[    58.64 ] D: sltStartContentYChanged4
[    58.67 ] D: sltStartContentYChanged1
[    58.67 ] D: sltStartContentYChanged2
[    58.67 ] D: sltStartContentYChanged3
[    58.67 ] D: _tracksModel->getItem(i)->rect()1 0 QRect(0,-312 1974x111)
[    58.67 ] D: _tracksModel->getItem(i)->rect()1 1 QRect(0,-201 1974x111)
[    58.67 ] D: _tracksModel->getItem(i)->rect()1 2 QRect(0,-90 1974x111)
[    58.67 ] D: _tracksModel->getItem(i)->rect()1 3 QRect(0,21 1974x111)
[    58.67 ] D: _tracksModel->getItem(i)->rect()1 4 QRect(0,132 1974x111)
[    58.67 ] D: _tracksModel->getItem(i)->rect()1 5 QRect(0,243 1974x111)
[    58.67 ] D: _tracksModel->getItem(i)->rect()1 6 QRect(0,354 1974x111)
[    58.67 ] D: _tracksModel->getItem(i)->rect()1 7 QRect(0,465 1974x111)
[    58.67 ] D: _tracksModel->getItem(i)->rect()1 8 QRect(0,576 1974x111)
[    58.67 ] D: _tracksModel->getItem(i)->rect()1 9 QRect(0,687 1974x111)
[    58.67 ] D: _tracksModel->getItem(i)->rect()1 10 QRect(0,798 1974x111)
[    58.67 ] D: setTracksRect
[    58.67 ] D: setTracksRect
[    58.67 ] D: sltStartContentYChanged4
[    58.74 ] D: sltStartContentYChanged1
[    58.74 ] D: sltStartContentYChanged2
[    58.74 ] D: sltStartContentYChanged3
[    58.74 ] D: _tracksModel->getItem(i)->rect()1 0 QRect(0,-307 1974x111)
[    58.74 ] D: _tracksModel->getItem(i)->rect()1 1 QRect(0,-196 1974x111)
[    58.74 ] D: _tracksModel->getItem(i)->rect()1 2 QRect(0,-85 1974x111)
[    58.74 ] D: _tracksModel->getItem(i)->rect()1 3 QRect(0,26 1974x111)
[    58.74 ] D: _tracksModel->getItem(i)->rect()1 4 QRect(0,137 1974x111)
[    58.74 ] D: _tracksModel->getItem(i)->rect()1 5 QRect(0,248 1974x111)
[    58.74 ] D: _tracksModel->getItem(i)->rect()1 6 QRect(0,359 1974x111)
[    58.74 ] D: _tracksModel->getItem(i)->rect()1 7 QRect(0,470 1974x111)
[    58.74 ] D: _tracksModel->getItem(i)->rect()1 8 QRect(0,581 1974x111)
[    58.74 ] D: _tracksModel->getItem(i)->rect()1 9 QRect(0,692 1974x111)
[    58.74 ] D: _tracksModel->getItem(i)->rect()1 10 QRect(0,803 1974x111)
[    58.74 ] D: setTracksRect
[    58.74 ] D: setTracksRect
[    58.74 ] D: sltStartContentYChanged4
[    58.78 ] D: sltStartContentYChanged1
[    58.78 ] D: sltStartContentYChanged2
[    58.78 ] D: sltStartContentYChanged3
[    58.78 ] D: _tracksModel->getItem(i)->rect()1 0 QRect(0,-304 1974x111)
[    58.78 ] D: _tracksModel->getItem(i)->rect()1 1 QRect(0,-193 1974x111)
[    58.78 ] D: _tracksModel->getItem(i)->rect()1 2 QRect(0,-82 1974x111)
[    58.78 ] D: _tracksModel->getItem(i)->rect()1 3 QRect(0,29 1974x111)
[    58.78 ] D: _tracksModel->getItem(i)->rect()1 4 QRect(0,140 1974x111)
[    58.78 ] D: _tracksModel->getItem(i)->rect()1 5 QRect(0,251 1974x111)
[    58.78 ] D: _tracksModel->getItem(i)->rect()1 6 QRect(0,362 1974x111)
[    58.78 ] D: _tracksModel->getItem(i)->rect()1 7 QRect(0,473 1974x111)
[    58.78 ] D: _tracksModel->getItem(i)->rect()1 8 QRect(0,584 1974x111)
[    58.78 ] D: _tracksModel->getItem(i)->rect()1 9 QRect(0,695 1974x111)
[    58.78 ] D: _tracksModel->getItem(i)->rect()1 10 QRect(0,806 1974x111)
[    58.78 ] D: setTracksRect
[    58.78 ] D: setTracksRect
[    58.78 ] D: sltStartContentYChanged4
[    58.82 ] D: sltStartContentYChanged1
[    58.82 ] D: sltStartContentYChanged2
[    58.82 ] D: sltStartContentYChanged3
[    58.82 ] D: _tracksModel->getItem(i)->rect()1 0 QRect(0,-302 1974x111)
[    58.83 ] D: _tracksModel->getItem(i)->rect()1 1 QRect(0,-191 1974x111)
[    58.83 ] D: _tracksModel->getItem(i)->rect()1 2 QRect(0,-80 1974x111)
[    58.83 ] D: _tracksModel->getItem(i)->rect()1 3 QRect(0,31 1974x111)
[    58.83 ] D: _tracksModel->getItem(i)->rect()1 4 QRect(0,142 1974x111)
[    58.83 ] D: _tracksModel->getItem(i)->rect()1 5 QRect(0,253 1974x111)
[    58.83 ] D: _tracksModel->getItem(i)->rect()1 6 QRect(0,364 1974x111)
[    58.83 ] D: _tracksModel->getItem(i)->rect()1 7 QRect(0,475 1974x111)
[    58.83 ] D: _tracksModel->getItem(i)->rect()1 8 QRect(0,586 1974x111)
[    58.83 ] D: _tracksModel->getItem(i)->rect()1 9 QRect(0,697 1974x111)
[    58.83 ] D: _tracksModel->getItem(i)->rect()1 10 QRect(0,808 1974x111)
[    58.83 ] D: setTracksRect
[    58.83 ] D: setTracksRect
[    58.83 ] D: sltStartContentYChanged4
[    58.90 ] D: sltStartContentYChanged1
[    58.90 ] D: sltStartContentYChanged2
[    58.90 ] D: sltStartContentYChanged3
[    58.90 ] D: _tracksModel->getItem(i)->rect()1 0 QRect(0,-284 1974x111)
[    58.90 ] D: _tracksModel->getItem(i)->rect()1 1 QRect(0,-173 1974x111)
[    58.90 ] D: _tracksModel->getItem(i)->rect()1 2 QRect(0,-62 1974x111)
[    58.90 ] D: _tracksModel->getItem(i)->rect()1 3 QRect(0,49 1974x111)
[    58.90 ] D: _tracksModel->getItem(i)->rect()1 4 QRect(0,160 1974x111)
[    58.90 ] D: _tracksModel->getItem(i)->rect()1 5 QRect(0,271 1974x111)
[    58.90 ] D: _tracksModel->getItem(i)->rect()1 6 QRect(0,382 1974x111)
[    58.90 ] D: _tracksModel->getItem(i)->rect()1 7 QRect(0,493 1974x111)
[    58.90 ] D: _tracksModel->getItem(i)->rect()1 8 QRect(0,604 1974x111)
[    58.90 ] D: _tracksModel->getItem(i)->rect()1 9 QRect(0,715 1974x111)
[    58.90 ] D: _tracksModel->getItem(i)->rect()1 10 QRect(0,826 1974x111)
[    58.90 ] D: setTracksRect
[    58.90 ] D: setTracksRect
[    58.90 ] D: sltStartContentYChanged4
[    58.97 ] D: sltStartContentYChanged1
[    58.97 ] D: sltStartContentYChanged2
[    58.97 ] D: sltStartContentYChanged3
[    58.97 ] D: _tracksModel->getItem(i)->rect()1 0 QRect(0,-274 1974x111)
[    58.97 ] D: _tracksModel->getItem(i)->rect()1 1 QRect(0,-163 1974x111)
[    58.97 ] D: _tracksModel->getItem(i)->rect()1 2 QRect(0,-52 1974x111)
[    58.97 ] D: _tracksModel->getItem(i)->rect()1 3 QRect(0,59 1974x111)
[    58.97 ] D: _tracksModel->getItem(i)->rect()1 4 QRect(0,170 1974x111)
[    58.97 ] D: _tracksModel->getItem(i)->rect()1 5 QRect(0,281 1974x111)
[    58.97 ] D: _tracksModel->getItem(i)->rect()1 6 QRect(0,392 1974x111)
[    58.97 ] D: _tracksModel->getItem(i)->rect()1 7 QRect(0,503 1974x111)
[    58.97 ] D: _tracksModel->getItem(i)->rect()1 8 QRect(0,614 1974x111)
[    58.97 ] D: _tracksModel->getItem(i)->rect()1 9 QRect(0,725 1974x111)
[    58.97 ] D: _tracksModel->getItem(i)->rect()1 10 QRect(0,836 1974x111)
[    58.97 ] D: setTracksRect
[    58.97 ] D: setTracksRect
[    58.97 ] D: sltStartContentYChanged4
[    59.00 ] D: sltStartContentYChanged1
[    59.00 ] D: sltStartContentYChanged2
[    59.00 ] D: sltStartContentYChanged3
[    59.00 ] D: _tracksModel->getItem(i)->rect()1 0 QRect(0,-265 1974x111)
[    59.00 ] D: _tracksModel->getItem(i)->rect()1 1 QRect(0,-154 1974x111)
[    59.00 ] D: _tracksModel->getItem(i)->rect()1 2 QRect(0,-43 1974x111)
[    59.01 ] D: _tracksModel->getItem(i)->rect()1 3 QRect(0,68 1974x111)
[    59.01 ] D: _tracksModel->getItem(i)->rect()1 4 QRect(0,179 1974x111)
[    59.01 ] D: _tracksModel->getItem(i)->rect()1 5 QRect(0,290 1974x111)
[    59.01 ] D: _tracksModel->getItem(i)->rect()1 6 QRect(0,401 1974x111)
[    59.01 ] D: _tracksModel->getItem(i)->rect()1 7 QRect(0,512 1974x111)
[    59.01 ] D: _tracksModel->getItem(i)->rect()1 8 QRect(0,623 1974x111)
[    59.01 ] D: _tracksModel->getItem(i)->rect()1 9 QRect(0,734 1974x111)
[    59.01 ] D: _tracksModel->getItem(i)->rect()1 10 QRect(0,845 1974x111)
[    59.01 ] D: setTracksRect
[    59.01 ] D: setTracksRect
[    59.01 ] D: sltStartContentYChanged4
[    59.01 ] D: sltStartContentYChanged1
[    59.01 ] D: sltStartContentYChanged2
[    59.01 ] D: sltStartContentYChanged3
[    59.01 ] D: _tracksModel->getItem(i)->rect()1 0 QRect(0,-259 1974x111)
[    59.01 ] D: _tracksModel->getItem(i)->rect()1 1 QRect(0,-148 1974x111)
[    59.01 ] D: _tracksModel->getItem(i)->rect()1 2 QRect(0,-37 1974x111)
[    59.01 ] D: _tracksModel->getItem(i)->rect()1 3 QRect(0,74 1974x111)
[    59.01 ] D: _tracksModel->getItem(i)->rect()1 4 QRect(0,185 1974x111)
[    59.01 ] D: _tracksModel->getItem(i)->rect()1 5 QRect(0,296 1974x111)
[    59.01 ] D: _tracksModel->getItem(i)->rect()1 6 QRect(0,407 1974x111)
[    59.01 ] D: _tracksModel->getItem(i)->rect()1 7 QRect(0,518 1974x111)
[    59.01 ] D: _tracksModel->getItem(i)->rect()1 8 QRect(0,629 1974x111)
[    59.01 ] D: _tracksModel->getItem(i)->rect()1 9 QRect(0,740 1974x111)
[    59.01 ] D: _tracksModel->getItem(i)->rect()1 10 QRect(0,851 1974x111)
[    59.01 ] D: setTracksRect
[    59.01 ] D: setTracksRect
[    59.01 ] D: sltStartContentYChanged4
[    59.08 ] D: sltStartContentYChanged1
[    59.08 ] D: sltStartContentYChanged2
[    59.08 ] D: sltStartContentYChanged3
[    59.08 ] D: _tracksModel->getItem(i)->rect()1 0 QRect(0,-255 1974x111)
[    59.08 ] D: _tracksModel->getItem(i)->rect()1 1 QRect(0,-144 1974x111)
[    59.08 ] D: _tracksModel->getItem(i)->rect()1 2 QRect(0,-33 1974x111)
[    59.08 ] D: _tracksModel->getItem(i)->rect()1 3 QRect(0,78 1974x111)
[    59.08 ] D: _tracksModel->getItem(i)->rect()1 4 QRect(0,189 1974x111)
[    59.08 ] D: _tracksModel->getItem(i)->rect()1 5 QRect(0,300 1974x111)
[    59.09 ] D: _tracksModel->getItem(i)->rect()1 6 QRect(0,411 1974x111)
[    59.09 ] D: _tracksModel->getItem(i)->rect()1 7 QRect(0,522 1974x111)
[    59.09 ] D: _tracksModel->getItem(i)->rect()1 8 QRect(0,633 1974x111)
[    59.09 ] D: _tracksModel->getItem(i)->rect()1 9 QRect(0,744 1974x111)
[    59.09 ] D: _tracksModel->getItem(i)->rect()1 10 QRect(0,855 1974x111)
[    59.09 ] D: setTracksRect
[    59.09 ] D: setTracksRect
[    59.09 ] D: sltStartContentYChanged4
[    59.09 ] D: sltStartContentYChanged1
[    59.09 ] D: sltStartContentYChanged2
[    59.09 ] D: sltStartContentYChanged3
[    59.09 ] D: _tracksModel->getItem(i)->rect()1 0 QRect(0,-245 1974x111)
[    59.09 ] D: _tracksModel->getItem(i)->rect()1 1 QRect(0,-134 1974x111)
[    59.09 ] D: _tracksModel->getItem(i)->rect()1 2 QRect(0,-23 1974x111)
[    59.09 ] D: _tracksModel->getItem(i)->rect()1 3 QRect(0,88 1974x111)
[    59.09 ] D: _tracksModel->getItem(i)->rect()1 4 QRect(0,199 1974x111)
[    59.09 ] D: _tracksModel->getItem(i)->rect()1 5 QRect(0,310 1974x111)
[    59.09 ] D: _tracksModel->getItem(i)->rect()1 6 QRect(0,421 1974x111)
[    59.09 ] D: _tracksModel->getItem(i)->rect()1 7 QRect(0,532 1974x111)
[    59.09 ] D: _tracksModel->getItem(i)->rect()1 8 QRect(0,643 1974x111)
[    59.09 ] D: _tracksModel->getItem(i)->rect()1 9 QRect(0,754 1974x111)
[    59.09 ] D: _tracksModel->getItem(i)->rect()1 10 QRect(0,865 1974x111)
[    59.09 ] D: setTracksRect
[    59.09 ] D: setTracksRect
[    59.09 ] D: sltStartContentYChanged4
[    59.18 ] D: sltStartContentYChanged1
[    59.18 ] D: sltStartContentYChanged2
[    59.19 ] D: sltStartContentYChanged3
[    59.19 ] D: _tracksModel->getItem(i)->rect()1 0 QRect(0,-231 1974x111)
[    59.19 ] D: _tracksModel->getItem(i)->rect()1 1 QRect(0,-120 1974x111)
[    59.19 ] D: _tracksModel->getItem(i)->rect()1 2 QRect(0,-9 1974x111)
[    59.19 ] D: _tracksModel->getItem(i)->rect()1 3 QRect(0,102 1974x111)
[    59.19 ] D: _tracksModel->getItem(i)->rect()1 4 QRect(0,213 1974x111)
[    59.19 ] D: _tracksModel->getItem(i)->rect()1 5 QRect(0,324 1974x111)
[    59.19 ] D: _tracksModel->getItem(i)->rect()1 6 QRect(0,435 1974x111)
[    59.19 ] D: _tracksModel->getItem(i)->rect()1 7 QRect(0,546 1974x111)
[    59.19 ] D: _tracksModel->getItem(i)->rect()1 8 QRect(0,657 1974x111)
[    59.19 ] D: _tracksModel->getItem(i)->rect()1 9 QRect(0,768 1974x111)
[    59.19 ] D: _tracksModel->getItem(i)->rect()1 10 QRect(0,879 1974x111)
[    59.19 ] D: setTracksRect
[    59.19 ] D: setTracksRect
[    59.19 ] D: sltStartContentYChanged4
[    59.21 ] D: sltStartContentYChanged1
[    59.21 ] D: sltStartContentYChanged2
[    59.22 ] D: sltStartContentYChanged3
[    59.22 ] D: _tracksModel->getItem(i)->rect()1 0 QRect(0,-225 1974x111)
[    59.22 ] D: _tracksModel->getItem(i)->rect()1 1 QRect(0,-114 1974x111)
[    59.22 ] D: _tracksModel->getItem(i)->rect()1 2 QRect(0,-3 1974x111)
[    59.22 ] D: _tracksModel->getItem(i)->rect()1 3 QRect(0,108 1974x111)
[    59.22 ] D: _tracksModel->getItem(i)->rect()1 4 QRect(0,219 1974x111)
[    59.22 ] D: _tracksModel->getItem(i)->rect()1 5 QRect(0,330 1974x111)
[    59.22 ] D: _tracksModel->getItem(i)->rect()1 6 QRect(0,441 1974x111)
[    59.22 ] D: _tracksModel->getItem(i)->rect()1 7 QRect(0,552 1974x111)
[    59.22 ] D: _tracksModel->getItem(i)->rect()1 8 QRect(0,663 1974x111)
[    59.22 ] D: _tracksModel->getItem(i)->rect()1 9 QRect(0,774 1974x111)
[    59.22 ] D: _tracksModel->getItem(i)->rect()1 10 QRect(0,885 1974x111)
[    59.22 ] D: setTracksRect
[    59.22 ] D: setTracksRect
[    59.22 ] D: sltStartContentYChanged4
[    59.29 ] D: sltStartContentYChanged1
[    59.29 ] D: sltStartContentYChanged2
[    59.29 ] D: sltStartContentYChanged3
[    59.29 ] D: _tracksModel->getItem(i)->rect()1 0 QRect(0,-219 1974x111)
[    59.29 ] D: _tracksModel->getItem(i)->rect()1 1 QRect(0,-108 1974x111)
[    59.29 ] D: _tracksModel->getItem(i)->rect()1 2 QRect(0,3 1974x111)
[    59.29 ] D: _tracksModel->getItem(i)->rect()1 3 QRect(0,114 1974x111)
[    59.29 ] D: _tracksModel->getItem(i)->rect()1 4 QRect(0,225 1974x111)
[    59.29 ] D: _tracksModel->getItem(i)->rect()1 5 QRect(0,336 1974x111)
[    59.29 ] D: _tracksModel->getItem(i)->rect()1 6 QRect(0,447 1974x111)
[    59.29 ] D: _tracksModel->getItem(i)->rect()1 7 QRect(0,558 1974x111)
[    59.29 ] D: _tracksModel->getItem(i)->rect()1 8 QRect(0,669 1974x111)
[    59.29 ] D: _tracksModel->getItem(i)->rect()1 9 QRect(0,780 1974x111)
[    59.29 ] D: _tracksModel->getItem(i)->rect()1 10 QRect(0,891 1974x111)
[    59.29 ] D: setTracksRect
[    59.29 ] D: setTracksRect
[    59.29 ] D: sltStartContentYChanged4
[    59.32 ] D: sltStartContentYChanged1
[    59.32 ] D: sltStartContentYChanged2
[    59.33 ] D: sltStartContentYChanged3
[    59.33 ] D: _tracksModel->getItem(i)->rect()1 0 QRect(0,-216 1974x111)
[    59.33 ] D: _tracksModel->getItem(i)->rect()1 1 QRect(0,-105 1974x111)
[    59.33 ] D: _tracksModel->getItem(i)->rect()1 2 QRect(0,6 1974x111)
[    59.33 ] D: _tracksModel->getItem(i)->rect()1 3 QRect(0,117 1974x111)
[    59.33 ] D: _tracksModel->getItem(i)->rect()1 4 QRect(0,228 1974x111)
[    59.33 ] D: _tracksModel->getItem(i)->rect()1 5 QRect(0,339 1974x111)
[    59.33 ] D: _tracksModel->getItem(i)->rect()1 6 QRect(0,450 1974x111)
[    59.33 ] D: _tracksModel->getItem(i)->rect()1 7 QRect(0,561 1974x111)
[    59.33 ] D: _tracksModel->getItem(i)->rect()1 8 QRect(0,672 1974x111)
[    59.33 ] D: _tracksModel->getItem(i)->rect()1 9 QRect(0,783 1974x111)
[    59.33 ] D: _tracksModel->getItem(i)->rect()1 10 QRect(0,894 1974x111)
[    59.33 ] D: setTracksRect
[    59.33 ] D: setTracksRect
[    59.33 ] D: sltStartContentYChanged4
[    59.42 ] D: sltStartContentYChanged1
[    59.42 ] D: sltStartContentYChanged2
[    59.42 ] D: sltStartContentYChanged3
[    59.42 ] D: _tracksModel->getItem(i)->rect()1 0 QRect(0,-207 1974x111)
[    59.42 ] D: _tracksModel->getItem(i)->rect()1 1 QRect(0,-96 1974x111)
[    59.42 ] D: _tracksModel->getItem(i)->rect()1 2 QRect(0,15 1974x111)
[    59.42 ] D: _tracksModel->getItem(i)->rect()1 3 QRect(0,126 1974x111)
[    59.42 ] D: _tracksModel->getItem(i)->rect()1 4 QRect(0,237 1974x111)
[    59.42 ] D: _tracksModel->getItem(i)->rect()1 5 QRect(0,348 1974x111)
[    59.42 ] D: _tracksModel->getItem(i)->rect()1 6 QRect(0,459 1974x111)
[    59.42 ] D: _tracksModel->getItem(i)->rect()1 7 QRect(0,570 1974x111)
[    59.42 ] D: _tracksModel->getItem(i)->rect()1 8 QRect(0,681 1974x111)
[    59.42 ] D: _tracksModel->getItem(i)->rect()1 9 QRect(0,792 1974x111)
[    59.42 ] D: _tracksModel->getItem(i)->rect()1 10 QRect(0,903 1974x111)
[    59.42 ] D: setTracksRect
[    59.42 ] D: setTracksRect
[    59.42 ] D: sltStartContentYChanged4
[    59.46 ] D: sltStartContentYChanged1
[    59.46 ] D: sltStartContentYChanged2
[    59.46 ] D: sltStartContentYChanged3
[    59.46 ] D: _tracksModel->getItem(i)->rect()1 0 QRect(0,-199 1974x111)
[    59.46 ] D: _tracksModel->getItem(i)->rect()1 1 QRect(0,-88 1974x111)
[    59.46 ] D: _tracksModel->getItem(i)->rect()1 2 QRect(0,23 1974x111)
[    59.46 ] D: _tracksModel->getItem(i)->rect()1 3 QRect(0,134 1974x111)
[    59.46 ] D: _tracksModel->getItem(i)->rect()1 4 QRect(0,245 1974x111)
[    59.46 ] D: _tracksModel->getItem(i)->rect()1 5 QRect(0,356 1974x111)
[    59.46 ] D: _tracksModel->getItem(i)->rect()1 6 QRect(0,467 1974x111)
[    59.46 ] D: _tracksModel->getItem(i)->rect()1 7 QRect(0,578 1974x111)
[    59.46 ] D: _tracksModel->getItem(i)->rect()1 8 QRect(0,689 1974x111)
[    59.46 ] D: _tracksModel->getItem(i)->rect()1 9 QRect(0,800 1974x111)
[    59.46 ] D: _tracksModel->getItem(i)->rect()1 10 QRect(0,911 1974x111)
[    59.46 ] D: setTracksRect
[    59.46 ] D: setTracksRect
[    59.46 ] D: sltStartContentYChanged4
[    59.49 ] D: sltStartContentYChanged1
[    59.49 ] D: sltStartContentYChanged2
[    59.49 ] D: sltStartContentYChanged3
[    59.49 ] D: _tracksModel->getItem(i)->rect()1 0 QRect(0,-191 1974x111)
[    59.49 ] D: _tracksModel->getItem(i)->rect()1 1 QRect(0,-80 1974x111)
[    59.49 ] D: _tracksModel->getItem(i)->rect()1 2 QRect(0,31 1974x111)
[    59.49 ] D: _tracksModel->getItem(i)->rect()1 3 QRect(0,142 1974x111)
[    59.49 ] D: _tracksModel->getItem(i)->rect()1 4 QRect(0,253 1974x111)
[    59.49 ] D: _tracksModel->getItem(i)->rect()1 5 QRect(0,364 1974x111)
[    59.49 ] D: _tracksModel->getItem(i)->rect()1 6 QRect(0,475 1974x111)
[    59.49 ] D: _tracksModel->getItem(i)->rect()1 7 QRect(0,586 1974x111)
[    59.49 ] D: _tracksModel->getItem(i)->rect()1 8 QRect(0,697 1974x111)
[    59.49 ] D: _tracksModel->getItem(i)->rect()1 9 QRect(0,808 1974x111)
[    59.49 ] D: _tracksModel->getItem(i)->rect()1 10 QRect(0,919 1974x111)
[    59.49 ] D: setTracksRect
[    59.49 ] D: setTracksRect
[    59.49 ] D: sltStartContentYChanged4
[    59.52 ] D: sltStartContentYChanged1
[    59.52 ] D: sltStartContentYChanged2
[    59.52 ] D: sltStartContentYChanged3
[    59.52 ] D: _tracksModel->getItem(i)->rect()1 0 QRect(0,-185 1974x111)
[    59.52 ] D: _tracksModel->getItem(i)->rect()1 1 QRect(0,-74 1974x111)
[    59.52 ] D: _tracksModel->getItem(i)->rect()1 2 QRect(0,37 1974x111)
[    59.52 ] D: _tracksModel->getItem(i)->rect()1 3 QRect(0,148 1974x111)
[    59.52 ] D: _tracksModel->getItem(i)->rect()1 4 QRect(0,259 1974x111)
[    59.52 ] D: _tracksModel->getItem(i)->rect()1 5 QRect(0,370 1974x111)
[    59.52 ] D: _tracksModel->getItem(i)->rect()1 6 QRect(0,481 1974x111)
[    59.52 ] D: _tracksModel->getItem(i)->rect()1 7 QRect(0,592 1974x111)
[    59.52 ] D: _tracksModel->getItem(i)->rect()1 8 QRect(0,703 1974x111)
[    59.52 ] D: _tracksModel->getItem(i)->rect()1 9 QRect(0,814 1974x111)
[    59.52 ] D: _tracksModel->getItem(i)->rect()1 10 QRect(0,925 1974x111)
[    59.52 ] D: setTracksRect
[    59.52 ] D: setTracksRect
[    59.52 ] D: sltStartContentYChanged4
[    59.52 ] D: sltStartContentYChanged1
[    59.53 ] D: sltStartContentYChanged2
[    59.53 ] D: sltStartContentYChanged3
[    59.53 ] D: _tracksModel->getItem(i)->rect()1 0 QRect(0,-181 1974x111)
[    59.53 ] D: _tracksModel->getItem(i)->rect()1 1 QRect(0,-70 1974x111)
[    59.53 ] D: _tracksModel->getItem(i)->rect()1 2 QRect(0,41 1974x111)
[    59.53 ] D: _tracksModel->getItem(i)->rect()1 3 QRect(0,152 1974x111)
[    59.53 ] D: _tracksModel->getItem(i)->rect()1 4 QRect(0,263 1974x111)
[    59.53 ] D: _tracksModel->getItem(i)->rect()1 5 QRect(0,374 1974x111)
[    59.53 ] D: _tracksModel->getItem(i)->rect()1 6 QRect(0,485 1974x111)
[    59.53 ] D: _tracksModel->getItem(i)->rect()1 7 QRect(0,596 1974x111)
[    59.53 ] D: _tracksModel->getItem(i)->rect()1 8 QRect(0,707 1974x111)
[    59.53 ] D: _tracksModel->getItem(i)->rect()1 9 QRect(0,818 1974x111)
[    59.53 ] D: _tracksModel->getItem(i)->rect()1 10 QRect(0,929 1974x111)
[    59.53 ] D: setTracksRect
[    59.53 ] D: setTracksRect
[    59.53 ] D: sltStartContentYChanged4
[    59.59 ] D: sltStartContentYChanged1
[    59.59 ] D: sltStartContentYChanged2
[    59.59 ] D: sltStartContentYChanged3
[    59.59 ] D: _tracksModel->getItem(i)->rect()1 0 QRect(0,-178 1974x111)
[    59.59 ] D: _tracksModel->getItem(i)->rect()1 1 QRect(0,-67 1974x111)
[    59.59 ] D: _tracksModel->getItem(i)->rect()1 2 QRect(0,44 1974x111)
[    59.59 ] D: _tracksModel->getItem(i)->rect()1 3 QRect(0,155 1974x111)
[    59.59 ] D: _tracksModel->getItem(i)->rect()1 4 QRect(0,266 1974x111)
[    59.59 ] D: _tracksModel->getItem(i)->rect()1 5 QRect(0,377 1974x111)
[    59.59 ] D: _tracksModel->getItem(i)->rect()1 6 QRect(0,488 1974x111)
[    59.59 ] D: _tracksModel->getItem(i)->rect()1 7 QRect(0,599 1974x111)
[    59.59 ] D: _tracksModel->getItem(i)->rect()1 8 QRect(0,710 1974x111)
[    59.59 ] D: _tracksModel->getItem(i)->rect()1 9 QRect(0,821 1974x111)
[    59.59 ] D: _tracksModel->getItem(i)->rect()1 10 QRect(0,932 1974x111)
[    59.59 ] D: setTracksRect
[    59.59 ] D: setTracksRect
[    59.59 ] D: sltStartContentYChanged4
[    59.69 ] D: sltStartContentYChanged1
[    59.69 ] D: sltStartContentYChanged2
[    59.69 ] D: sltStartContentYChanged3
[    59.69 ] D: _tracksModel->getItem(i)->rect()1 0 QRect(0,-167 1974x111)
[    59.69 ] D: _tracksModel->getItem(i)->rect()1 1 QRect(0,-56 1974x111)
[    59.69 ] D: _tracksModel->getItem(i)->rect()1 2 QRect(0,55 1974x111)
[    59.69 ] D: _tracksModel->getItem(i)->rect()1 3 QRect(0,166 1974x111)
[    59.69 ] D: _tracksModel->getItem(i)->rect()1 4 QRect(0,277 1974x111)
[    59.69 ] D: _tracksModel->getItem(i)->rect()1 5 QRect(0,388 1974x111)
[    59.69 ] D: _tracksModel->getItem(i)->rect()1 6 QRect(0,499 1974x111)
[    59.69 ] D: _tracksModel->getItem(i)->rect()1 7 QRect(0,610 1974x111)
[    59.69 ] D: _tracksModel->getItem(i)->rect()1 8 QRect(0,721 1974x111)
[    59.69 ] D: _tracksModel->getItem(i)->rect()1 9 QRect(0,832 1974x111)
[    59.69 ] D: _tracksModel->getItem(i)->rect()1 10 QRect(0,943 1974x111)
[    59.69 ] D: setTracksRect
[    59.69 ] D: setTracksRect
[    59.70 ] D: sltStartContentYChanged4
[    59.73 ] D: sltStartContentYChanged1
[    59.73 ] D: sltStartContentYChanged2
[    59.74 ] D: sltStartContentYChanged3
[    59.74 ] D: _tracksModel->getItem(i)->rect()1 0 QRect(0,-161 1974x111)
[    59.74 ] D: _tracksModel->getItem(i)->rect()1 1 QRect(0,-50 1974x111)
[    59.74 ] D: _tracksModel->getItem(i)->rect()1 2 QRect(0,61 1974x111)
[    59.74 ] D: _tracksModel->getItem(i)->rect()1 3 QRect(0,172 1974x111)
[    59.74 ] D: _tracksModel->getItem(i)->rect()1 4 QRect(0,283 1974x111)
[    59.74 ] D: _tracksModel->getItem(i)->rect()1 5 QRect(0,394 1974x111)
[    59.74 ] D: _tracksModel->getItem(i)->rect()1 6 QRect(0,505 1974x111)
[    59.74 ] D: _tracksModel->getItem(i)->rect()1 7 QRect(0,616 1974x111)
[    59.74 ] D: _tracksModel->getItem(i)->rect()1 8 QRect(0,727 1974x111)
[    59.74 ] D: _tracksModel->getItem(i)->rect()1 9 QRect(0,838 1974x111)
[    59.74 ] D: _tracksModel->getItem(i)->rect()1 10 QRect(0,949 1974x111)
[    59.74 ] D: setTracksRect
[    59.74 ] D: setTracksRect
[    59.74 ] D: sltStartContentYChanged4
[    59.78 ] D: sltStartContentYChanged1
[    59.78 ] D: sltStartContentYChanged2
[    59.78 ] D: sltStartContentYChanged3
[    59.78 ] D: _tracksModel->getItem(i)->rect()1 0 QRect(0,-154 1974x111)
[    59.78 ] D: _tracksModel->getItem(i)->rect()1 1 QRect(0,-43 1974x111)
[    59.78 ] D: _tracksModel->getItem(i)->rect()1 2 QRect(0,68 1974x111)
[    59.78 ] D: _tracksModel->getItem(i)->rect()1 3 QRect(0,179 1974x111)
[    59.78 ] D: _tracksModel->getItem(i)->rect()1 4 QRect(0,290 1974x111)
[    59.78 ] D: _tracksModel->getItem(i)->rect()1 5 QRect(0,401 1974x111)
[    59.78 ] D: _tracksModel->getItem(i)->rect()1 6 QRect(0,512 1974x111)
[    59.78 ] D: _tracksModel->getItem(i)->rect()1 7 QRect(0,623 1974x111)
[    59.78 ] D: _tracksModel->getItem(i)->rect()1 8 QRect(0,734 1974x111)
[    59.78 ] D: _tracksModel->getItem(i)->rect()1 9 QRect(0,845 1974x111)
[    59.78 ] D: _tracksModel->getItem(i)->rect()1 10 QRect(0,956 1974x111)
[    59.78 ] D: setTracksRect
[    59.78 ] D: setTracksRect
[    59.78 ] D: sltStartContentYChanged4
[    59.78 ] D: sltStartContentYChanged1
[    59.78 ] D: sltStartContentYChanged2
[    59.78 ] D: sltStartContentYChanged3
[    59.78 ] D: _tracksModel->getItem(i)->rect()1 0 QRect(0,-149 1974x111)
[    59.78 ] D: _tracksModel->getItem(i)->rect()1 1 QRect(0,-38 1974x111)
[    59.78 ] D: _tracksModel->getItem(i)->rect()1 2 QRect(0,73 1974x111)
[    59.78 ] D: _tracksModel->getItem(i)->rect()1 3 QRect(0,184 1974x111)
[    59.78 ] D: _tracksModel->getItem(i)->rect()1 4 QRect(0,295 1974x111)
[    59.78 ] D: _tracksModel->getItem(i)->rect()1 5 QRect(0,406 1974x111)
[    59.78 ] D: _tracksModel->getItem(i)->rect()1 6 QRect(0,517 1974x111)
[    59.78 ] D: _tracksModel->getItem(i)->rect()1 7 QRect(0,628 1974x111)
[    59.78 ] D: _tracksModel->getItem(i)->rect()1 8 QRect(0,739 1974x111)
[    59.78 ] D: _tracksModel->getItem(i)->rect()1 9 QRect(0,850 1974x111)
[    59.78 ] D: _tracksModel->getItem(i)->rect()1 10 QRect(0,961 1974x111)
[    59.78 ] D: setTracksRect
[    59.78 ] D: setTracksRect
[    59.79 ] D: sltStartContentYChanged4
[    59.90 ] D: sltStartContentYChanged1
[    59.90 ] D: sltStartContentYChanged2
[    59.90 ] D: sltStartContentYChanged3
[    59.90 ] D: _tracksModel->getItem(i)->rect()1 0 QRect(0,-148 1974x111)
[    59.90 ] D: _tracksModel->getItem(i)->rect()1 1 QRect(0,-37 1974x111)
[    59.90 ] D: _tracksModel->getItem(i)->rect()1 2 QRect(0,74 1974x111)
[    59.90 ] D: _tracksModel->getItem(i)->rect()1 3 QRect(0,185 1974x111)
[    59.90 ] D: _tracksModel->getItem(i)->rect()1 4 QRect(0,296 1974x111)
[    59.90 ] D: _tracksModel->getItem(i)->rect()1 5 QRect(0,407 1974x111)
[    59.90 ] D: _tracksModel->getItem(i)->rect()1 6 QRect(0,518 1974x111)
[    59.90 ] D: _tracksModel->getItem(i)->rect()1 7 QRect(0,629 1974x111)
[    59.90 ] D: _tracksModel->getItem(i)->rect()1 8 QRect(0,740 1974x111)
[    59.90 ] D: _tracksModel->getItem(i)->rect()1 9 QRect(0,851 1974x111)
[    59.90 ] D: _tracksModel->getItem(i)->rect()1 10 QRect(0,962 1974x111)
[    59.90 ] D: setTracksRect
[    59.90 ] D: setTracksRect
[    59.90 ] D: sltStartContentYChanged4
[    59.93 ] D: sltStartContentYChanged1
[    59.93 ] D: sltStartContentYChanged2
[    59.93 ] D: sltStartContentYChanged3
[    59.93 ] D: _tracksModel->getItem(i)->rect()1 0 QRect(0,-130 1974x111)
[    59.93 ] D: _tracksModel->getItem(i)->rect()1 1 QRect(0,-19 1974x111)
[    59.93 ] D: _tracksModel->getItem(i)->rect()1 2 QRect(0,92 1974x111)
[    59.93 ] D: _tracksModel->getItem(i)->rect()1 3 QRect(0,203 1974x111)
[    59.93 ] D: _tracksModel->getItem(i)->rect()1 4 QRect(0,314 1974x111)
[    59.93 ] D: _tracksModel->getItem(i)->rect()1 5 QRect(0,425 1974x111)
[    59.93 ] D: _tracksModel->getItem(i)->rect()1 6 QRect(0,536 1974x111)
[    59.93 ] D: _tracksModel->getItem(i)->rect()1 7 QRect(0,647 1974x111)
[    59.93 ] D: _tracksModel->getItem(i)->rect()1 8 QRect(0,758 1974x111)
[    59.93 ] D: _tracksModel->getItem(i)->rect()1 9 QRect(0,869 1974x111)
[    59.93 ] D: _tracksModel->getItem(i)->rect()1 10 QRect(0,980 1974x111)
[    59.93 ] D: setTracksRect
[    59.93 ] D: setTracksRect
[    59.93 ] D: sltStartContentYChanged4
[    60.09 ] D: sltStartContentYChanged1
[    60.09 ] D: sltStartContentYChanged2
[    60.10 ] D: sltStartContentYChanged3
[    60.10 ] D: _tracksModel->getItem(i)->rect()1 0 QRect(0,-111 1974x111)
[    60.10 ] D: _tracksModel->getItem(i)->rect()1 1 QRect(0,0 1974x111)
[    60.10 ] D: _tracksModel->getItem(i)->rect()1 2 QRect(0,111 1974x111)
[    60.10 ] D: _tracksModel->getItem(i)->rect()1 3 QRect(0,222 1974x111)
[    60.10 ] D: _tracksModel->getItem(i)->rect()1 4 QRect(0,333 1974x111)
[    60.10 ] D: _tracksModel->getItem(i)->rect()1 5 QRect(0,444 1974x111)
[    60.10 ] D: _tracksModel->getItem(i)->rect()1 6 QRect(0,555 1974x111)
[    60.10 ] D: _tracksModel->getItem(i)->rect()1 7 QRect(0,666 1974x111)
[    60.10 ] D: _tracksModel->getItem(i)->rect()1 8 QRect(0,777 1974x111)
[    60.10 ] D: _tracksModel->getItem(i)->rect()1 9 QRect(0,888 1974x111)
[    60.10 ] D: _tracksModel->getItem(i)->rect()1 10 QRect(0,999 1974x111)
[    60.10 ] D: setTracksRect
[    60.10 ] D: setTracksRect
[    60.10 ] D: sltStartContentYChanged4
[    60.13 ] D: sltStartContentYChanged1
[    60.13 ] D: sltStartContentYChanged2
[    60.13 ] D: sltStartContentYChanged3
[    60.13 ] D: _tracksModel->getItem(i)->rect()1 0 QRect(0,-106 1974x111)
[    60.13 ] D: _tracksModel->getItem(i)->rect()1 1 QRect(0,5 1974x111)
[    60.13 ] D: _tracksModel->getItem(i)->rect()1 2 QRect(0,116 1974x111)
[    60.13 ] D: _tracksModel->getItem(i)->rect()1 3 QRect(0,227 1974x111)
[    60.13 ] D: _tracksModel->getItem(i)->rect()1 4 QRect(0,338 1974x111)
[    60.13 ] D: _tracksModel->getItem(i)->rect()1 5 QRect(0,449 1974x111)
[    60.13 ] D: _tracksModel->getItem(i)->rect()1 6 QRect(0,560 1974x111)
[    60.13 ] D: _tracksModel->getItem(i)->rect()1 7 QRect(0,671 1974x111)
[    60.13 ] D: _tracksModel->getItem(i)->rect()1 8 QRect(0,782 1974x111)
[    60.13 ] D: _tracksModel->getItem(i)->rect()1 9 QRect(0,893 1974x111)
[    60.13 ] D: _tracksModel->getItem(i)->rect()1 10 QRect(0,1004 1974x111)
[    60.13 ] D: setTracksRect
[    60.13 ] D: setTracksRect
[    60.13 ] D: sltStartContentYChanged4
[    60.13 ] D: sltStartContentYChanged1
[    60.13 ] D: sltStartContentYChanged2
[    60.13 ] D: sltStartContentYChanged3
[    60.13 ] D: _tracksModel->getItem(i)->rect()1 0 QRect(0,-102 1974x111)
[    60.13 ] D: _tracksModel->getItem(i)->rect()1 1 QRect(0,9 1974x111)
[    60.13 ] D: _tracksModel->getItem(i)->rect()1 2 QRect(0,120 1974x111)
[    60.13 ] D: _tracksModel->getItem(i)->rect()1 3 QRect(0,231 1974x111)
[    60.13 ] D: _tracksModel->getItem(i)->rect()1 4 QRect(0,342 1974x111)
[    60.13 ] D: _tracksModel->getItem(i)->rect()1 5 QRect(0,453 1974x111)
[    60.13 ] D: _tracksModel->getItem(i)->rect()1 6 QRect(0,564 1974x111)
[    60.13 ] D: _tracksModel->getItem(i)->rect()1 7 QRect(0,675 1974x111)
[    60.13 ] D: _tracksModel->getItem(i)->rect()1 8 QRect(0,786 1974x111)
[    60.13 ] D: _tracksModel->getItem(i)->rect()1 9 QRect(0,897 1974x111)
[    60.13 ] D: _tracksModel->getItem(i)->rect()1 10 QRect(0,1008 1974x111)
[    60.13 ] D: setTracksRect
[    60.13 ] D: setTracksRect
[    60.13 ] D: sltStartContentYChanged4
[    60.17 ] D: sltStartContentYChanged1
[    60.17 ] D: sltStartContentYChanged2
[    60.17 ] D: sltStartContentYChanged3
[    60.17 ] D: _tracksModel->getItem(i)->rect()1 0 QRect(0,-100 1974x111)
[    60.17 ] D: _tracksModel->getItem(i)->rect()1 1 QRect(0,11 1974x111)
[    60.17 ] D: _tracksModel->getItem(i)->rect()1 2 QRect(0,122 1974x111)
[    60.17 ] D: _tracksModel->getItem(i)->rect()1 3 QRect(0,233 1974x111)
[    60.17 ] D: _tracksModel->getItem(i)->rect()1 4 QRect(0,344 1974x111)
[    60.17 ] D: _tracksModel->getItem(i)->rect()1 5 QRect(0,455 1974x111)
[    60.17 ] D: _tracksModel->getItem(i)->rect()1 6 QRect(0,566 1974x111)
[    60.17 ] D: _tracksModel->getItem(i)->rect()1 7 QRect(0,677 1974x111)
[    60.17 ] D: _tracksModel->getItem(i)->rect()1 8 QRect(0,788 1974x111)
[    60.17 ] D: _tracksModel->getItem(i)->rect()1 9 QRect(0,899 1974x111)
[    60.17 ] D: _tracksModel->getItem(i)->rect()1 10 QRect(0,1010 1974x111)
[    60.17 ] D: setTracksRect
[    60.17 ] D: setTracksRect
[    60.17 ] D: sltStartContentYChanged4
[    60.79 ] D: sltStartContentYChanged1
[    60.79 ] D: sltStartContentYChanged2
[    60.79 ] D: sltStartContentYChanged3
[    60.80 ] D: _tracksModel->getItem(i)->rect()1 0 QRect(0,-111 1974x111)
[    60.80 ] D: _tracksModel->getItem(i)->rect()1 1 QRect(0,0 1974x111)
[    60.80 ] D: _tracksModel->getItem(i)->rect()1 2 QRect(0,111 1974x111)
[    60.80 ] D: _tracksModel->getItem(i)->rect()1 3 QRect(0,222 1974x111)
[    60.80 ] D: _tracksModel->getItem(i)->rect()1 4 QRect(0,333 1974x111)
[    60.80 ] D: _tracksModel->getItem(i)->rect()1 5 QRect(0,444 1974x111)
[    60.80 ] D: _tracksModel->getItem(i)->rect()1 6 QRect(0,555 1974x111)
[    60.80 ] D: _tracksModel->getItem(i)->rect()1 7 QRect(0,666 1974x111)
[    60.80 ] D: _tracksModel->getItem(i)->rect()1 8 QRect(0,777 1974x111)
[    60.80 ] D: _tracksModel->getItem(i)->rect()1 9 QRect(0,888 1974x111)
[    60.80 ] D: _tracksModel->getItem(i)->rect()1 10 QRect(0,999 1974x111)
[    60.80 ] D: setTracksRect
[    60.80 ] D: setTracksRect
[    60.80 ] D: sltStartContentYChanged4
[    60.83 ] D: sltStartContentYChanged1
[    60.83 ] D: sltStartContentYChanged2
[    60.83 ] D: sltStartContentYChanged3
[    60.83 ] D: _tracksModel->getItem(i)->rect()1 0 QRect(0,-119 1974x111)
[    60.83 ] D: _tracksModel->getItem(i)->rect()1 1 QRect(0,-8 1974x111)
[    60.83 ] D: _tracksModel->getItem(i)->rect()1 2 QRect(0,103 1974x111)
[    60.83 ] D: _tracksModel->getItem(i)->rect()1 3 QRect(0,214 1974x111)
[    60.83 ] D: _tracksModel->getItem(i)->rect()1 4 QRect(0,325 1974x111)
[    60.83 ] D: _tracksModel->getItem(i)->rect()1 5 QRect(0,436 1974x111)
[    60.83 ] D: _tracksModel->getItem(i)->rect()1 6 QRect(0,547 1974x111)
[    60.83 ] D: _tracksModel->getItem(i)->rect()1 7 QRect(0,658 1974x111)
[    60.83 ] D: _tracksModel->getItem(i)->rect()1 8 QRect(0,769 1974x111)
[    60.83 ] D: _tracksModel->getItem(i)->rect()1 9 QRect(0,880 1974x111)
[    60.83 ] D: _tracksModel->getItem(i)->rect()1 10 QRect(0,991 1974x111)
[    60.83 ] D: setTracksRect
[    60.83 ] D: setTracksRect
[    60.83 ] D: sltStartContentYChanged4
[    60.83 ] D: sltStartContentYChanged1
[    60.83 ] D: sltStartContentYChanged2
[    60.83 ] D: sltStartContentYChanged3
[    60.83 ] D: _tracksModel->getItem(i)->rect()1 0 QRect(0,-127 1974x111)
[    60.83 ] D: _tracksModel->getItem(i)->rect()1 1 QRect(0,-16 1974x111)
[    60.83 ] D: _tracksModel->getItem(i)->rect()1 2 QRect(0,95 1974x111)
[    60.83 ] D: _tracksModel->getItem(i)->rect()1 3 QRect(0,206 1974x111)
[    60.83 ] D: _tracksModel->getItem(i)->rect()1 4 QRect(0,317 1974x111)
[    60.83 ] D: _tracksModel->getItem(i)->rect()1 5 QRect(0,428 1974x111)
[    60.83 ] D: _tracksModel->getItem(i)->rect()1 6 QRect(0,539 1974x111)
[    60.83 ] D: _tracksModel->getItem(i)->rect()1 7 QRect(0,650 1974x111)
[    60.83 ] D: _tracksModel->getItem(i)->rect()1 8 QRect(0,761 1974x111)
[    60.83 ] D: _tracksModel->getItem(i)->rect()1 9 QRect(0,872 1974x111)
[    60.83 ] D: _tracksModel->getItem(i)->rect()1 10 QRect(0,983 1974x111)
[    60.83 ] D: setTracksRect
[    60.83 ] D: setTracksRect
[    60.83 ] D: sltStartContentYChanged4
[    60.88 ] D: sltStartContentYChanged1
[    60.88 ] D: sltStartContentYChanged2
[    60.88 ] D: sltStartContentYChanged3
[    60.88 ] D: _tracksModel->getItem(i)->rect()1 0 QRect(0,-136 1974x111)
[    60.88 ] D: _tracksModel->getItem(i)->rect()1 1 QRect(0,-25 1974x111)
[    60.88 ] D: _tracksModel->getItem(i)->rect()1 2 QRect(0,86 1974x111)
[    60.88 ] D: _tracksModel->getItem(i)->rect()1 3 QRect(0,197 1974x111)
[    60.88 ] D: _tracksModel->getItem(i)->rect()1 4 QRect(0,308 1974x111)
[    60.88 ] D: _tracksModel->getItem(i)->rect()1 5 QRect(0,419 1974x111)
[    60.88 ] D: _tracksModel->getItem(i)->rect()1 6 QRect(0,530 1974x111)
[    60.88 ] D: _tracksModel->getItem(i)->rect()1 7 QRect(0,641 1974x111)
[    60.88 ] D: _tracksModel->getItem(i)->rect()1 8 QRect(0,752 1974x111)
[    60.88 ] D: _tracksModel->getItem(i)->rect()1 9 QRect(0,863 1974x111)
[    60.88 ] D: _tracksModel->getItem(i)->rect()1 10 QRect(0,974 1974x111)
[    60.88 ] D: setTracksRect
[    60.88 ] D: setTracksRect
[    60.88 ] D: sltStartContentYChanged4
[    60.98 ] D: sltStartContentYChanged1
[    60.98 ] D: sltStartContentYChanged2
[    60.98 ] D: sltStartContentYChanged3
[    60.98 ] D: _tracksModel->getItem(i)->rect()1 0 QRect(0,-142 1974x111)
[    60.98 ] D: _tracksModel->getItem(i)->rect()1 1 QRect(0,-31 1974x111)
[    60.98 ] D: _tracksModel->getItem(i)->rect()1 2 QRect(0,80 1974x111)
[    60.98 ] D: _tracksModel->getItem(i)->rect()1 3 QRect(0,191 1974x111)
[    60.98 ] D: _tracksModel->getItem(i)->rect()1 4 QRect(0,302 1974x111)
[    60.98 ] D: _tracksModel->getItem(i)->rect()1 5 QRect(0,413 1974x111)
[    60.98 ] D: _tracksModel->getItem(i)->rect()1 6 QRect(0,524 1974x111)
[    60.99 ] D: _tracksModel->getItem(i)->rect()1 7 QRect(0,635 1974x111)
[    60.99 ] D: _tracksModel->getItem(i)->rect()1 8 QRect(0,746 1974x111)
[    60.99 ] D: _tracksModel->getItem(i)->rect()1 9 QRect(0,857 1974x111)
[    60.99 ] D: _tracksModel->getItem(i)->rect()1 10 QRect(0,968 1974x111)
[    60.99 ] D: setTracksRect
[    60.99 ] D: setTracksRect
[    60.99 ] D: sltStartContentYChanged4
[    63.33 ] D: setTracksRect
[    74.05 ] D: LambdaFunctionPointerVoidReturnType class `public: __cdecl DGE::QtWrapper::QMLScene::QNode3D::QNode3D(class DGE::QtWrapper::QMLScene::QINode3D * __ptr64) __ptr64'::`2'::<lambda_1> Is Destroyed
[    74.05 ] D: LambdaFunctionPointerVoidReturnType class `public: __cdecl DGE::QtWrapper::QMLScene::QNode3D::QNode3D(class DGE::QtWrapper::QMLScene::QINode3D * __ptr64) __ptr64'::`2'::<lambda_1> Is Destroyed
[    74.06 ] D: LambdaFunctionPointerVoidReturnType class `protected: void __cdecl DGE::QtWrapper::QMLScene::QPerspectiveCameraController::commonInitConstructor(void) __ptr64'::`2'::<lambda_1> Is Destroyed
[    74.06 ] D: LambdaFunctionPointerVoidReturnType class `private: void __cdecl DGE::QtWrapper::QMLScene::QThirdPersonController::commonInitConstructor(void) __ptr64'::`2'::<lambda_1> Is Destroyed
[    74.06 ] D: LambdaFunctionPointerVoidReturnType class `protected: void __cdecl DGE::QtWrapper::QMLScene::QPerspectiveCameraController::commonInitConstructor(void) __ptr64'::`2'::<lambda_1> Is Destroyed
[    74.06 ] D: MemberFunctionPointer void (__cdecl DGE::QtWrapper::QMLScene::QComponent3D::*)(void) __ptr64 Is Destroyed
[    74.06 ] D: MemberFunctionPointer void (__cdecl DGE::QtWrapper::QMLScene::QThirdPersonController::*)(class std::shared_ptr<class DGE::Scene::Component>) __ptr64 Is Destroyed
[    74.06 ] D: LambdaFunctionPointerVoidReturnType class `public: __cdecl DGE::QtWrapper::QMLScene::QCameraComponent::QCameraComponent(class DGE::QtWrapper::QMLScene::QNode3D * __ptr64,bool) __ptr64'::`2'::<lambda_1> Is Destroyed
[    74.06 ] D: MemberFunctionPointer void (__cdecl DGE::QtWrapper::QMLScene::QComponent3D::*)(void) __ptr64 Is Destroyed
[    74.06 ] D: LambdaFunctionPointerVoidReturnType class `private: void __cdecl DGE::QtWrapper::QMLScene::QPerspectiveLens::commonInitConstructor(void) __ptr64'::`2'::<lambda_1> Is Destroyed
[    74.06 ] D: LambdaFunctionPointerVoidReturnType class `protected: void __cdecl DGE::QtWrapper::QMLScene::QPerspectiveCameraController::commonInitConstructor(void) __ptr64'::`2'::<lambda_1> Is Destroyed
[    74.06 ] D: LambdaFunctionPointerVoidReturnType class `protected: void __cdecl DGE::QtWrapper::QMLScene::QPerspectiveCameraController::commonInitConstructor(void) __ptr64'::`2'::<lambda_1> Is Destroyed
[    74.06 ] D: LambdaFunctionPointerVoidReturnType class `private: void __cdecl DGE::QtWrapper::QMLScene::QThirdPersonController::commonInitConstructor(void) __ptr64'::`2'::<lambda_1> Is Destroyed
[    74.06 ] D: MemberFunctionPointer void (__cdecl DGE::QtWrapper::QMLScene::QComponent3D::*)(void) __ptr64 Is Destroyed
[    74.06 ] D: MemberFunctionPointer void (__cdecl DGE::QtWrapper::QMLScene::QThirdPersonController::*)(class std::shared_ptr<class DGE::Scene::Component>) __ptr64 Is Destroyed
[    74.06 ] D: LambdaFunctionPointerVoidReturnType class `public: __cdecl DGE::QtWrapper::QMLScene::QCameraComponent::QCameraComponent(class DGE::QtWrapper::QMLScene::QNode3D * __ptr64,bool) __ptr64'::`2'::<lambda_1> Is Destroyed
[    74.06 ] D: MemberFunctionPointer void (__cdecl DGE::QtWrapper::QMLScene::QComponent3D::*)(void) __ptr64 Is Destroyed
[    74.06 ] D: LambdaFunctionPointerVoidReturnType class `private: void __cdecl DGE::QtWrapper::QMLScene::QOrthoLens::commonInitConstructor(void) __ptr64'::`2'::<lambda_1> Is Destroyed
[    74.06 ] D: LambdaFunctionPointerVoidReturnType class `private: void __cdecl DGE::QtWrapper::QMLScene::QThirdPersonController::commonInitConstructor(void) __ptr64'::`2'::<lambda_1> Is Destroyed
[    74.06 ] D: LambdaFunctionPointerVoidReturnType class `protected: void __cdecl DGE::QtWrapper::QMLScene::QPerspectiveCameraController::commonInitConstructor(void) __ptr64'::`2'::<lambda_1> Is Destroyed
[    74.06 ] D: LambdaFunctionPointerVoidReturnType class `protected: void __cdecl DGE::QtWrapper::QMLScene::QPerspectiveCameraController::commonInitConstructor(void) __ptr64'::`2'::<lambda_1> Is Destroyed
[    74.06 ] D: MemberFunctionPointer void (__cdecl DGE::QtWrapper::QMLScene::QComponent3D::*)(void) __ptr64 Is Destroyed
[    74.06 ] D: MemberFunctionPointer void (__cdecl DGE::QtWrapper::QMLScene::QThirdPersonController::*)(class std::shared_ptr<class DGE::Scene::Component>) __ptr64 Is Destroyed
[    74.06 ] D: LambdaFunctionPointerVoidReturnType class `public: __cdecl DGE::QtWrapper::QMLScene::QCameraComponent::QCameraComponent(class DGE::QtWrapper::QMLScene::QNode3D * __ptr64,bool) __ptr64'::`2'::<lambda_1> Is Destroyed
[    74.06 ] D: MemberFunctionPointer void (__cdecl DGE::QtWrapper::QMLScene::QComponent3D::*)(void) __ptr64 Is Destroyed
[    74.06 ] D: LambdaFunctionPointerVoidReturnType class `private: void __cdecl DGE::QtWrapper::QMLScene::QOrthoLens::commonInitConstructor(void) __ptr64'::`2'::<lambda_1> Is Destroyed
[    74.07 ] D: LambdaFunctionPointerVoidReturnType class `public: __cdecl DGE::QtWrapper::QMLScene::QCameraComponent::QCameraComponent(class DGE::QtWrapper::QMLScene::QNode3D * __ptr64,bool) __ptr64'::`2'::<lambda_1> Is Destroyed
[    74.07 ] D: MemberFunctionPointer void (__cdecl DGE::QtWrapper::QMLScene::QComponent3D::*)(void) __ptr64 Is Destroyed
[    74.07 ] D: LambdaFunctionPointerVoidReturnType class `private: void __cdecl DGE::QtWrapper::QMLScene::QPerspectiveLens::commonInitConstructor(void) __ptr64'::`2'::<lambda_1> Is Destroyed
[    74.08 ] D: LambdaFunctionPointerVoidReturnType class `protected: void __cdecl DGE::QtWrapper::QMLScene::QPerspectiveCameraController::commonInitConstructor(void) __ptr64'::`2'::<lambda_1> Is Destroyed
[    74.08 ] D: LambdaFunctionPointerVoidReturnType class `private: void __cdecl DGE::QtWrapper::QMLScene::QThirdPersonController::commonInitConstructor(void) __ptr64'::`2'::<lambda_1> Is Destroyed
[    74.08 ] D: LambdaFunctionPointerVoidReturnType class `protected: void __cdecl DGE::QtWrapper::QMLScene::QPerspectiveCameraController::commonInitConstructor(void) __ptr64'::`2'::<lambda_1> Is Destroyed
[    74.08 ] D: MemberFunctionPointer void (__cdecl DGE::QtWrapper::QMLScene::QComponent3D::*)(void) __ptr64 Is Destroyed
[    74.08 ] D: MemberFunctionPointer void (__cdecl DGE::QtWrapper::QMLScene::QThirdPersonController::*)(class std::shared_ptr<class DGE::Scene::Component>) __ptr64 Is Destroyed
[    74.08 ] D: LambdaFunctionPointerVoidReturnType class `public: __cdecl DGE::QtWrapper::QMLScene::QCameraComponent::QCameraComponent(class DGE::QtWrapper::QMLScene::QNode3D * __ptr64,bool) __ptr64'::`2'::<lambda_1> Is Destroyed
[    74.08 ] D: MemberFunctionPointer void (__cdecl DGE::QtWrapper::QMLScene::QComponent3D::*)(void) __ptr64 Is Destroyed
[    74.08 ] D: LambdaFunctionPointerVoidReturnType class `private: void __cdecl DGE::QtWrapper::QMLScene::QPerspectiveLens::commonInitConstructor(void) __ptr64'::`2'::<lambda_1> Is Destroyed
[    74.08 ] D: LambdaFunctionPointerVoidReturnType class `protected: void __cdecl DGE::QtWrapper::QMLScene::QPerspectiveCameraController::commonInitConstructor(void) __ptr64'::`2'::<lambda_1> Is Destroyed
[    74.08 ] D: LambdaFunctionPointerVoidReturnType class `private: void __cdecl DGE::QtWrapper::QMLScene::QThirdPersonController::commonInitConstructor(void) __ptr64'::`2'::<lambda_1> Is Destroyed
[    74.08 ] D: LambdaFunctionPointerVoidReturnType class `protected: void __cdecl DGE::QtWrapper::QMLScene::QPerspectiveCameraController::commonInitConstructor(void) __ptr64'::`2'::<lambda_1> Is Destroyed
[    74.08 ] D: MemberFunctionPointer void (__cdecl DGE::QtWrapper::QMLScene::QComponent3D::*)(void) __ptr64 Is Destroyed
[    74.08 ] D: MemberFunctionPointer void (__cdecl DGE::QtWrapper::QMLScene::QThirdPersonController::*)(class std::shared_ptr<class DGE::Scene::Component>) __ptr64 Is Destroyed
[    74.08 ] D: LambdaFunctionPointerVoidReturnType class `public: __cdecl DGE::QtWrapper::QMLScene::QCameraComponent::QCameraComponent(class DGE::QtWrapper::QMLScene::QNode3D * __ptr64,bool) __ptr64'::`2'::<lambda_1> Is Destroyed
[    74.08 ] D: MemberFunctionPointer void (__cdecl DGE::QtWrapper::QMLScene::QComponent3D::*)(void) __ptr64 Is Destroyed
[    74.08 ] D: LambdaFunctionPointerVoidReturnType class `private: void __cdecl DGE::QtWrapper::QMLScene::QOrthoLens::commonInitConstructor(void) __ptr64'::`2'::<lambda_1> Is Destroyed
[    74.08 ] D: LambdaFunctionPointerVoidReturnType class `protected: void __cdecl DGE::QtWrapper::QMLScene::QPerspectiveCameraController::commonInitConstructor(void) __ptr64'::`2'::<lambda_1> Is Destroyed
[    74.08 ] D: LambdaFunctionPointerVoidReturnType class `private: void __cdecl DGE::QtWrapper::QMLScene::QThirdPersonController::commonInitConstructor(void) __ptr64'::`2'::<lambda_1> Is Destroyed
[    74.08 ] D: LambdaFunctionPointerVoidReturnType class `protected: void __cdecl DGE::QtWrapper::QMLScene::QPerspectiveCameraController::commonInitConstructor(void) __ptr64'::`2'::<lambda_1> Is Destroyed
[    74.08 ] D: MemberFunctionPointer void (__cdecl DGE::QtWrapper::QMLScene::QComponent3D::*)(void) __ptr64 Is Destroyed
[    74.08 ] D: MemberFunctionPointer void (__cdecl DGE::QtWrapper::QMLScene::QThirdPersonController::*)(class std::shared_ptr<class DGE::Scene::Component>) __ptr64 Is Destroyed
[    74.08 ] D: LambdaFunctionPointerVoidReturnType class `public: __cdecl DGE::QtWrapper::QMLScene::QCameraComponent::QCameraComponent(class DGE::QtWrapper::QMLScene::QNode3D * __ptr64,bool) __ptr64'::`2'::<lambda_1> Is Destroyed
[    74.08 ] D: MemberFunctionPointer void (__cdecl DGE::QtWrapper::QMLScene::QComponent3D::*)(void) __ptr64 Is Destroyed
[    74.08 ] D: LambdaFunctionPointerVoidReturnType class `private: void __cdecl DGE::QtWrapper::QMLScene::QOrthoLens::commonInitConstructor(void) __ptr64'::`2'::<lambda_1> Is Destroyed
[    74.08 ] D: LambdaFunctionPointerVoidReturnType class `public: __cdecl DGE::QtWrapper::QMLScene::QCameraComponent::QCameraComponent(class DGE::QtWrapper::QMLScene::QNode3D * __ptr64,bool) __ptr64'::`2'::<lambda_1> Is Destroyed
[    74.08 ] D: MemberFunctionPointer void (__cdecl DGE::QtWrapper::QMLScene::QComponent3D::*)(void) __ptr64 Is Destroyed
[    74.08 ] D: LambdaFunctionPointerVoidReturnType class `private: void __cdecl DGE::QtWrapper::QMLScene::QPerspectiveLens::commonInitConstructor(void) __ptr64'::`2'::<lambda_1> Is Destroyed
[    74.09 ] D: LambdaFunctionPointerVoidReturnType class `protected: void __cdecl DGE::QtWrapper::QMLScene::QPerspectiveCameraController::commonInitConstructor(void) __ptr64'::`2'::<lambda_1> Is Destroyed
[    74.09 ] D: LambdaFunctionPointerVoidReturnType class `private: void __cdecl DGE::QtWrapper::QMLScene::QThirdPersonController::commonInitConstructor(void) __ptr64'::`2'::<lambda_1> Is Destroyed
[    74.09 ] D: LambdaFunctionPointerVoidReturnType class `protected: void __cdecl DGE::QtWrapper::QMLScene::QPerspectiveCameraController::commonInitConstructor(void) __ptr64'::`2'::<lambda_1> Is Destroyed
[    74.09 ] D: MemberFunctionPointer void (__cdecl DGE::QtWrapper::QMLScene::QComponent3D::*)(void) __ptr64 Is Destroyed
[    74.09 ] D: MemberFunctionPointer void (__cdecl DGE::QtWrapper::QMLScene::QThirdPersonController::*)(class std::shared_ptr<class DGE::Scene::Component>) __ptr64 Is Destroyed
[    74.09 ] D: LambdaFunctionPointerVoidReturnType class `public: __cdecl DGE::QtWrapper::QMLScene::QCameraComponent::QCameraComponent(class DGE::QtWrapper::QMLScene::QNode3D * __ptr64,bool) __ptr64'::`2'::<lambda_1> Is Destroyed
[    74.09 ] D: MemberFunctionPointer void (__cdecl DGE::QtWrapper::QMLScene::QComponent3D::*)(void) __ptr64 Is Destroyed
[    74.09 ] D: LambdaFunctionPointerVoidReturnType class `private: void __cdecl DGE::QtWrapper::QMLScene::QPerspectiveLens::commonInitConstructor(void) __ptr64'::`2'::<lambda_1> Is Destroyed
[    74.09 ] D: LambdaFunctionPointerVoidReturnType class `private: void __cdecl DGE::QtWrapper::QMLScene::QThirdPersonController::commonInitConstructor(void) __ptr64'::`2'::<lambda_1> Is Destroyed
[    74.09 ] D: LambdaFunctionPointerVoidReturnType class `protected: void __cdecl DGE::QtWrapper::QMLScene::QPerspectiveCameraController::commonInitConstructor(void) __ptr64'::`2'::<lambda_1> Is Destroyed
[    74.09 ] D: LambdaFunctionPointerVoidReturnType class `protected: void __cdecl DGE::QtWrapper::QMLScene::QPerspectiveCameraController::commonInitConstructor(void) __ptr64'::`2'::<lambda_1> Is Destroyed
[    74.09 ] D: MemberFunctionPointer void (__cdecl DGE::QtWrapper::QMLScene::QComponent3D::*)(void) __ptr64 Is Destroyed
[    74.09 ] D: MemberFunctionPointer void (__cdecl DGE::QtWrapper::QMLScene::QThirdPersonController::*)(class std::shared_ptr<class DGE::Scene::Component>) __ptr64 Is Destroyed
[    74.09 ] D: LambdaFunctionPointerVoidReturnType class `public: __cdecl DGE::QtWrapper::QMLScene::QCameraComponent::QCameraComponent(class DGE::QtWrapper::QMLScene::QNode3D * __ptr64,bool) __ptr64'::`2'::<lambda_1> Is Destroyed
[    74.09 ] D: MemberFunctionPointer void (__cdecl DGE::QtWrapper::QMLScene::QComponent3D::*)(void) __ptr64 Is Destroyed
[    74.09 ] D: LambdaFunctionPointerVoidReturnType class `private: void __cdecl DGE::QtWrapper::QMLScene::QOrthoLens::commonInitConstructor(void) __ptr64'::`2'::<lambda_1> Is Destroyed
[    74.09 ] D: LambdaFunctionPointerVoidReturnType class `protected: void __cdecl DGE::QtWrapper::QMLScene::QPerspectiveCameraController::commonInitConstructor(void) __ptr64'::`2'::<lambda_1> Is Destroyed
[    74.09 ] D: LambdaFunctionPointerVoidReturnType class `protected: void __cdecl DGE::QtWrapper::QMLScene::QPerspectiveCameraController::commonInitConstructor(void) __ptr64'::`2'::<lambda_1> Is Destroyed
[    74.09 ] D: LambdaFunctionPointerVoidReturnType class `private: void __cdecl DGE::QtWrapper::QMLScene::QThirdPersonController::commonInitConstructor(void) __ptr64'::`2'::<lambda_1> Is Destroyed
[    74.09 ] D: MemberFunctionPointer void (__cdecl DGE::QtWrapper::QMLScene::QComponent3D::*)(void) __ptr64 Is Destroyed
[    74.09 ] D: MemberFunctionPointer void (__cdecl DGE::QtWrapper::QMLScene::QThirdPersonController::*)(class std::shared_ptr<class DGE::Scene::Component>) __ptr64 Is Destroyed
[    74.09 ] D: LambdaFunctionPointerVoidReturnType class `public: __cdecl DGE::QtWrapper::QMLScene::QCameraComponent::QCameraComponent(class DGE::QtWrapper::QMLScene::QNode3D * __ptr64,bool) __ptr64'::`2'::<lambda_1> Is Destroyed
[    74.09 ] D: MemberFunctionPointer void (__cdecl DGE::QtWrapper::QMLScene::QComponent3D::*)(void) __ptr64 Is Destroyed
[    74.09 ] D: LambdaFunctionPointerVoidReturnType class `private: void __cdecl DGE::QtWrapper::QMLScene::QOrthoLens::commonInitConstructor(void) __ptr64'::`2'::<lambda_1> Is Destroyed
[    74.09 ] D: LambdaFunctionPointerVoidReturnType class `public: __cdecl DGE::QtWrapper::QMLScene::QCameraComponent::QCameraComponent(class DGE::QtWrapper::QMLScene::QNode3D * __ptr64,bool) __ptr64'::`2'::<lambda_1> Is Destroyed
[    74.10 ] D: MemberFunctionPointer void (__cdecl DGE::QtWrapper::QMLScene::QComponent3D::*)(void) __ptr64 Is Destroyed
[    74.10 ] D: LambdaFunctionPointerVoidReturnType class `private: void __cdecl DGE::QtWrapper::QMLScene::QPerspectiveLens::commonInitConstructor(void) __ptr64'::`2'::<lambda_1> Is Destroyed
[    74.29 ] D: -----Released Scene Module-----
[    74.29 ] D: -----Released GFX Module-----
[    74.29 ] I: Log: Log file closed, 1403/3/6 21:44:37
