[     4.66 ] I: Log: Log file open in follow path at 1403/5/28 22:18:21 : C:\Users\AmirPasha\Desktop\Rpos\DAW-3\build2019\debug\Logs\Launch.log
[     4.66 ] I: The subsystem "class DGE::Core::IO::LogSystem::Logger" is registered successfully.
[     4.66 ] I: The subsystem "class DGE::Core::Windows::QtWindow" is registered successfully.
[     4.66 ] D: API version is: 4.60 ,shader version is: 4.60
[     4.66 ] I: The subsystem "class DGE::GFX::GCore::QtWrapper::QtRenderer" is registered successfully.
[     4.66 ] I: Current Render API is: 4.60
[     4.66 ] I: The subsystem "Renderer" is registered successfully.
[     4.66 ] I: The subsystem "class DGE::Core::Platforms::QtPlatform" is registered successfully.
[     4.66 ] I: The subsystem "Platform" is registered successfully.
[     4.66 ] I: The subsystem "class DGE::Core::IO::FileSystem::FileManager" is registered successfully.
[     4.66 ] I: The subsystem "class DGE::Core::CoreModule" is registered successfully.
[     4.66 ] I: The subsystem "class DGE::Core::Profiling::Profiler" is registered successfully.
[     4.66 ] I: The subsystem "class DGE::GFX::DrawablesManager" is registered successfully.
[     4.66 ] I: #version 460 core
#define GLES_Ver 460

[     4.66 ] I: The subsystem "class DGE::GFX::GraphicsManager" is registered successfully.
[     4.66 ] I: The subsystem "class DGE::GFX::GFXModule" is registered successfully.
[     4.74 ] D: Shader Compile successfully.
[     4.74 ] I: The subsystem "class DGE::Scene::ViewportManager" is registered successfully.
[     4.74 ] I: The subsystem "class DGE::Scene::SceneModule" is registered successfully.
[     4.74 ] I: The subsystem "class DGE::Managers::RenderManager" is registered successfully.
[     4.74 ] D: Engine Enabled
[     4.74 ] I: The subsystem "class DGE::Engine" is registered successfully.
[     4.74 ] D: Node with id 1 is added to Qt layer
[     4.74 ] D: Node with id 2460 is added to Qt layer
[     4.74 ] D: Node with id 2462 is added to Qt layer
[     4.74 ] D: Node with id 2464 is added to Qt layer
[     4.74 ] D: Node with id 2466 is added to Qt layer
[     4.74 ] D: Node with id 2468 is added to Qt layer
[     4.74 ] D: Node with id 2470 is added to Qt layer
[     4.74 ] D: Node with id 2472 is added to Qt layer
[     4.74 ] D: Node with id 2474 is added to Qt layer
[     4.74 ] D: Node with id 2476 is added to Qt layer
[     4.75 ] D: Node with id 2478 is added to Qt layer
[     4.75 ] D: Node with id 2480 is added to Qt layer
[     4.75 ] D: Node with id 2482 is added to Qt layer
[     4.75 ] D: Node with id 2484 is added to Qt layer
[     4.75 ] D: Node with id 2486 is added to Qt layer
[     4.75 ] D: Node with id 2487 is added to Qt layer
[     4.75 ] D: Node with id 2489 is added to Qt layer
[     4.75 ] D: Node with id 2491 is added to Qt layer
[     4.75 ] D: Node with id 3 is added to Qt layer
[     4.75 ] D: Node with id 2493 is added to Qt layer
[     4.75 ] S: New view-port registered with id: 1
[     4.75 ] S: New view-port registered with id: 2
[     4.75 ] S: New view-port registered with id: 3
[     4.75 ] S: New view-port registered with id: 4
[     4.75 ] S: New view-port registered with id: 5
[     4.75 ] S: New view-port registered with id: 6
[     4.86 ] D: Creating suitable QNanoBackend for OpenGL 4.6 context
[     4.86 ] D: Using backend: "OpenGL 3"
[     4.89 ] W: Floating point comparison needs context sanity check
[     4.89 ] D: QT onScaleChanged=  144
[     4.91 ] W: ShaderEffectSource: 'recursive' must be set to true when rendering recursively.
[     4.92 ] W: ShaderEffectSource: 'recursive' must be set to true when rendering recursively.
[     4.92 ] W: ShaderEffectSource: 'recursive' must be set to true when rendering recursively.
[     4.92 ] W: ShaderEffectSource: 'recursive' must be set to true when rendering recursively.
[     5.09 ] D: Engine Started.
[     6.27 ] D: findTrackIndexByPoint 0 QRect(0,0 1707x111) false QPointF(187,199)
[     6.27 ] D: findTrackIndexByPoint 1 QRect(0,111 1707x111) true QPointF(187,199)
[     6.31 ] D: _automationChanging false
[     6.31 ] D: findTrackIndexByPoint 0 QRect(0,0 1707x111) false QPointF(188,199)
[     6.31 ] D: findTrackIndexByPoint 1 QRect(0,111 1707x111) true QPointF(188,199)
[     6.31 ] D: mouseMove2
[     8.23 ] D: P1 -363
[     8.23 ] D: P14
[     8.24 ] W: qrc:/main.qml:663: TypeError: Cannot read property 'contentY' of undefined
[     8.24 ] D: P1 -365
[     8.24 ] D: P14
[     8.24 ] D: P1 -364
[     8.24 ] D: P14
[     8.24 ] W: qrc:/main.qml:663: TypeError: Cannot read property 'contentY' of undefined
[     8.24 ] D: P1 -364
[     8.24 ] D: P14
[     8.25 ] D: P1 -364
[     8.25 ] D: P14
[     8.25 ] W: qrc:/main.qml:663: TypeError: Cannot read property 'contentY' of undefined
[     8.25 ] D: P1 -364
[     8.25 ] D: P14
[     8.25 ] D: P1 -364
[     8.25 ] D: P14
[     8.25 ] D: P1 -364
[     8.25 ] D: P14
[     8.26 ] D: P1 -364
[     8.26 ] D: P14
[     8.27 ] W: qrc:/main.qml:663: TypeError: Cannot read property 'contentY' of undefined
[     8.27 ] D: P1 -363
[     8.27 ] D: P14
[     8.27 ] D: P1 -363
[     8.27 ] D: P14
[     8.28 ] D: P1 -363
[     8.28 ] D: P14
[     8.29 ] D: P1 -363
[     8.29 ] D: P14
[     8.29 ] W: qrc:/main.qml:663: TypeError: Cannot read property 'contentY' of undefined
[     8.29 ] D: P1 -363
[     8.29 ] D: P14
[     8.29 ] W: qrc:/main.qml:663: TypeError: Cannot read property 'contentY' of undefined
[     8.30 ] D: P1 -363
[     8.30 ] D: P14
[     8.31 ] W: qrc:/main.qml:663: TypeError: Cannot read property 'contentY' of undefined
[     8.31 ] D: P1 -363
[     8.31 ] D: P14
[     8.31 ] W: qrc:/main.qml:663: TypeError: Cannot read property 'contentY' of undefined
[     8.31 ] D: P1 -363
[     8.31 ] D: P14
[     8.32 ] D: P1 -363
[     8.32 ] D: P14
[     8.32 ] W: qrc:/main.qml:663: TypeError: Cannot read property 'contentY' of undefined
[     8.32 ] D: P1 -363
[     8.32 ] D: P14
[     8.34 ] D: P1 -363
[     8.34 ] D: P14
[     8.34 ] W: qrc:/main.qml:663: TypeError: Cannot read property 'contentY' of undefined
[     8.34 ] D: P1 -363
[     8.34 ] D: P14
[     8.35 ] D: P1 -363
[     8.35 ] D: P14
[     8.35 ] W: qrc:/main.qml:663: TypeError: Cannot read property 'contentY' of undefined
[     8.36 ] D: P1 -362
[     8.36 ] D: P14
[     8.36 ] D: P1 -362
[     8.36 ] D: P14
[     8.36 ] W: qrc:/main.qml:663: TypeError: Cannot read property 'contentY' of undefined
[     8.37 ] D: P1 -360
[     8.37 ] D: P14
[     8.37 ] W: qrc:/main.qml:663: TypeError: Cannot read property 'contentY' of undefined
[     8.37 ] D: P1 -360
[     8.37 ] D: P14
[     8.39 ] D: P1 -359
[     8.39 ] D: P14
[     8.39 ] W: qrc:/main.qml:663: TypeError: Cannot read property 'contentY' of undefined
[     8.39 ] D: P1 -356
[     8.39 ] D: P14
[     8.39 ] W: qrc:/main.qml:663: TypeError: Cannot read property 'contentY' of undefined
[     8.39 ] D: P1 -356
[     8.39 ] D: P14
[     8.40 ] D: P1 -354
[     8.40 ] D: P14
[     8.40 ] W: qrc:/main.qml:663: TypeError: Cannot read property 'contentY' of undefined
[     8.41 ] D: P1 -354
[     8.41 ] D: P14
[     8.41 ] W: qrc:/main.qml:663: TypeError: Cannot read property 'contentY' of undefined
[     8.41 ] D: P1 -353
[     8.41 ] D: P14
[     8.42 ] D: P1 -353
[     8.42 ] D: P14
[     8.42 ] W: qrc:/main.qml:663: TypeError: Cannot read property 'contentY' of undefined
[     8.42 ] D: P1 -351
[     8.42 ] D: P14
[     8.43 ] D: P1 -349
[     8.43 ] D: P14
[     8.44 ] D: P1 -349
[     8.44 ] D: P14
[     8.44 ] W: qrc:/main.qml:663: TypeError: Cannot read property 'contentY' of undefined
[     8.44 ] D: P1 -348
[     8.44 ] D: P14
[     8.44 ] W: qrc:/main.qml:663: TypeError: Cannot read property 'contentY' of undefined
[     8.44 ] D: P1 -347
[     8.44 ] D: P14
[     8.45 ] D: P1 -347
[     8.45 ] D: P14
[     8.45 ] W: qrc:/main.qml:663: TypeError: Cannot read property 'contentY' of undefined
[     8.46 ] D: P1 -346
[     8.46 ] D: P14
[     8.46 ] D: P1 -346
[     8.46 ] D: P14
[     8.47 ] W: qrc:/main.qml:663: TypeError: Cannot read property 'contentY' of undefined
[     8.47 ] D: P1 -345
[     8.47 ] D: P14
[     8.47 ] D: P1 -344
[     8.47 ] D: P14
[     8.48 ] D: P1 -344
[     8.48 ] D: P14
[     8.48 ] D: P1 -344
[     8.49 ] D: P14
[     8.49 ] W: qrc:/main.qml:663: TypeError: Cannot read property 'contentY' of undefined
[     8.49 ] D: P1 -342
[     8.49 ] D: P14
[     8.49 ] W: qrc:/main.qml:663: TypeError: Cannot read property 'contentY' of undefined
[     8.50 ] D: P1 -340
[     8.50 ] D: P14
[     8.51 ] D: P1 -338
[     8.51 ] D: P14
[     8.51 ] W: qrc:/main.qml:663: TypeError: Cannot read property 'contentY' of undefined
[     8.51 ] D: P1 -337
[     8.51 ] D: P14
[     8.52 ] D: P1 -337
[     8.52 ] D: P14
[     8.52 ] W: qrc:/main.qml:663: TypeError: Cannot read property 'contentY' of undefined
[     8.52 ] D: P1 -337
[     8.52 ] D: P14
[     8.54 ] D: P1 -336
[     8.54 ] D: P14
[     8.54 ] W: qrc:/main.qml:663: TypeError: Cannot read property 'contentY' of undefined
[     8.54 ] D: P1 -336
[     8.54 ] D: P14
[     8.54 ] D: P1 -336
[     8.54 ] D: P14
[     8.55 ] D: P1 -335
[     8.55 ] D: P14
[     8.56 ] W: qrc:/main.qml:663: TypeError: Cannot read property 'contentY' of undefined
[     8.56 ] D: P1 -335
[     8.56 ] D: P14
[     8.56 ] W: qrc:/main.qml:663: TypeError: Cannot read property 'contentY' of undefined
[     8.57 ] D: P1 -335
[     8.57 ] D: P14
[     8.57 ] W: qrc:/main.qml:663: TypeError: Cannot read property 'contentY' of undefined
[     8.57 ] D: P1 -334
[     8.57 ] D: P14
[     8.57 ] D: P1 -334
[     8.57 ] D: P14
[     8.59 ] D: P1 -334
[     8.59 ] D: P14
[     8.59 ] W: qrc:/main.qml:663: TypeError: Cannot read property 'contentY' of undefined
[     8.59 ] D: P1 -334
[     8.59 ] D: P14
[     8.59 ] D: P1 -334
[     8.59 ] D: P14
[     8.60 ] D: P1 -334
[     8.60 ] D: P14
[     8.60 ] W: qrc:/main.qml:663: TypeError: Cannot read property 'contentY' of undefined
[     8.61 ] D: P1 -334
[     8.61 ] D: P14
[     8.61 ] D: P1 -334
[     8.61 ] D: P14
[     8.61 ] W: qrc:/main.qml:663: TypeError: Cannot read property 'contentY' of undefined
[     8.62 ] D: P1 -334
[     8.62 ] D: P14
[     8.62 ] W: qrc:/main.qml:663: TypeError: Cannot read property 'contentY' of undefined
[     8.62 ] D: P1 -334
[     8.62 ] D: P14
[     8.62 ] D: P1 -334
[     8.62 ] D: P14
[     8.64 ] D: P1 -333
[     8.64 ] D: P14
[     8.64 ] W: qrc:/main.qml:663: TypeError: Cannot read property 'contentY' of undefined
[     8.64 ] D: P1 -333
[     8.64 ] D: P14
[     8.64 ] W: qrc:/main.qml:663: TypeError: Cannot read property 'contentY' of undefined
[     8.65 ] D: P1 -332
[     8.65 ] D: P14
[     8.65 ] W: qrc:/main.qml:663: TypeError: Cannot read property 'contentY' of undefined
[     8.66 ] D: P1 -332
[     8.66 ] D: P14
[     8.66 ] W: qrc:/main.qml:663: TypeError: Cannot read property 'contentY' of undefined
[     8.66 ] D: P1 -332
[     8.66 ] D: P14
[     8.67 ] D: P1 -332
[     8.67 ] D: P14
[     8.67 ] W: qrc:/main.qml:663: TypeError: Cannot read property 'contentY' of undefined
[     8.67 ] D: P1 -332
[     8.67 ] D: P14
[     8.68 ] D: P1 -332
[     8.68 ] D: P14
[     8.69 ] D: P1 -332
[     8.69 ] D: P14
[     8.69 ] W: qrc:/main.qml:663: TypeError: Cannot read property 'contentY' of undefined
[     8.69 ] D: P1 -332
[     8.69 ] D: P14
[     8.69 ] D: P1 -332
[     8.69 ] D: P14
[     8.69 ] W: qrc:/main.qml:663: TypeError: Cannot read property 'contentY' of undefined
[     8.70 ] D: P1 -332
[     8.70 ] D: P14
[     8.70 ] W: qrc:/main.qml:663: TypeError: Cannot read property 'contentY' of undefined
[     8.71 ] D: P1 -332
[     8.71 ] D: P14
[     8.71 ] D: P1 -332
[     8.71 ] D: P14
[     8.71 ] D: P1 -332
[     8.71 ] D: P14
[     8.71 ] W: qrc:/main.qml:663: TypeError: Cannot read property 'contentY' of undefined
[     8.72 ] W: qrc:/main.qml:663: TypeError: Cannot read property 'contentY' of undefined
[     8.72 ] D: P1 -332
[     8.72 ] D: P14
[     8.72 ] D: P1 -332
[     8.72 ] D: P14
[     8.73 ] D: P1 -332
[     8.73 ] D: P14
[     8.73 ] D: P1 -332
[     8.73 ] D: P14
[     8.74 ] D: P1 -333
[     8.74 ] D: P14
[     8.74 ] W: qrc:/main.qml:663: TypeError: Cannot read property 'contentY' of undefined
[     8.75 ] D: P1 -333
[     8.75 ] D: P14
[     8.76 ] D: P1 -333
[     8.76 ] D: P14
[     8.76 ] W: qrc:/main.qml:663: TypeError: Cannot read property 'contentY' of undefined
[     8.76 ] D: P1 -333
[     8.76 ] D: P14
[     8.77 ] W: qrc:/main.qml:663: TypeError: Cannot read property 'contentY' of undefined
[     8.77 ] D: P1 -334
[     8.77 ] D: P14
[     8.77 ] D: P1 -334
[     8.77 ] D: P14
[     8.79 ] D: P1 -335
[     8.79 ] D: P14
[     8.79 ] W: qrc:/main.qml:663: TypeError: Cannot read property 'contentY' of undefined
[     8.79 ] W: qrc:/main.qml:663: TypeError: Cannot read property 'contentY' of undefined
[     8.79 ] D: P1 -335
[     8.79 ] D: P14
[     8.80 ] D: P1 -335
[     8.80 ] D: P14
[     8.80 ] W: qrc:/main.qml:663: TypeError: Cannot read property 'contentY' of undefined
[     8.81 ] D: P1 -335
[     8.81 ] D: P14
[     8.81 ] W: qrc:/main.qml:663: TypeError: Cannot read property 'contentY' of undefined
[     8.82 ] W: qrc:/main.qml:663: TypeError: Cannot read property 'contentY' of undefined
[     8.84 ] W: qrc:/main.qml:663: TypeError: Cannot read property 'contentY' of undefined
[     8.84 ] W: qrc:/main.qml:663: TypeError: Cannot read property 'contentY' of undefined
[     8.84 ] D: P1 -335
[     8.84 ] D: P14
[     8.85 ] W: qrc:/main.qml:663: TypeError: Cannot read property 'contentY' of undefined
[     8.86 ] W: qrc:/main.qml:663: TypeError: Cannot read property 'contentY' of undefined
[     8.87 ] W: qrc:/main.qml:663: TypeError: Cannot read property 'contentY' of undefined
[     8.87 ] D: P1 -335
[     8.87 ] D: P14
[     8.88 ] W: qrc:/main.qml:663: TypeError: Cannot read property 'contentY' of undefined
[     8.89 ] W: qrc:/main.qml:663: TypeError: Cannot read property 'contentY' of undefined
[     8.90 ] W: qrc:/main.qml:663: TypeError: Cannot read property 'contentY' of undefined
[     8.91 ] W: qrc:/main.qml:663: TypeError: Cannot read property 'contentY' of undefined
[     8.92 ] W: qrc:/main.qml:663: TypeError: Cannot read property 'contentY' of undefined
[     8.93 ] W: qrc:/main.qml:663: TypeError: Cannot read property 'contentY' of undefined
[     8.94 ] W: qrc:/main.qml:663: TypeError: Cannot read property 'contentY' of undefined
[     8.95 ] W: qrc:/main.qml:663: TypeError: Cannot read property 'contentY' of undefined
[     8.96 ] W: qrc:/main.qml:663: TypeError: Cannot read property 'contentY' of undefined
[     8.97 ] W: qrc:/main.qml:663: TypeError: Cannot read property 'contentY' of undefined
[     8.98 ] W: qrc:/main.qml:663: TypeError: Cannot read property 'contentY' of undefined
[     8.99 ] W: qrc:/main.qml:663: TypeError: Cannot read property 'contentY' of undefined
[     9.00 ] W: qrc:/main.qml:663: TypeError: Cannot read property 'contentY' of undefined
[     9.00 ] D: P1 -335
[     9.00 ] D: P14
[     9.02 ] D: sltPositionChanged 573300
[     9.02 ] D: frame_offset 0 0 10
[     9.02 ] D: findOverlayItems 1 1
[     9.02 ] D: "{43a34d7a-fbc2-4c36-8a26-2f863de06008}" i.value()->sampleClip()->startTime()  13000 28483.9 28483.9 13000
[     9.02 ] D: findOverlayItems
[     9.02 ] D: frame_offset 0 1 10
[     9.02 ] D: sltPositionChanged 573300
[     9.02 ] D: frame_offset 0 0 10
[     9.02 ] D: frame_offset 0 1 10
[     9.03 ] D: frame_offset 0 2 10
[     9.03 ] D: frame_offset 0 3 10
[     9.03 ] D: frame_offset 0 4 10
[     9.04 ] W: qrc:/main.qml:663: TypeError: Cannot read property 'contentY' of undefined
[     9.05 ] W: qrc:/main.qml:663: TypeError: Cannot read property 'contentY' of undefined
[     9.06 ] W: qrc:/main.qml:663: TypeError: Cannot read property 'contentY' of undefined
[     9.07 ] W: qrc:/main.qml:663: TypeError: Cannot read property 'contentY' of undefined
[     9.08 ] W: qrc:/main.qml:663: TypeError: Cannot read property 'contentY' of undefined
[     9.09 ] W: qrc:/main.qml:663: TypeError: Cannot read property 'contentY' of undefined
[     9.10 ] W: qrc:/main.qml:663: TypeError: Cannot read property 'contentY' of undefined
[     9.11 ] W: qrc:/main.qml:663: TypeError: Cannot read property 'contentY' of undefined
[     9.12 ] W: qrc:/main.qml:663: TypeError: Cannot read property 'contentY' of undefined
[     9.13 ] W: qrc:/main.qml:663: TypeError: Cannot read property 'contentY' of undefined
[     9.14 ] W: qrc:/main.qml:663: TypeError: Cannot read property 'contentY' of undefined
[     9.15 ] W: qrc:/main.qml:663: TypeError: Cannot read property 'contentY' of undefined
[     9.17 ] W: qrc:/main.qml:663: TypeError: Cannot read property 'contentY' of undefined
[     9.19 ] W: qrc:/main.qml:663: TypeError: Cannot read property 'contentY' of undefined
[     9.19 ] W: qrc:/main.qml:663: TypeError: Cannot read property 'contentY' of undefined
[     9.20 ] W: qrc:/main.qml:663: TypeError: Cannot read property 'contentY' of undefined
[     9.21 ] W: qrc:/main.qml:663: TypeError: Cannot read property 'contentY' of undefined
[     9.22 ] W: qrc:/main.qml:663: TypeError: Cannot read property 'contentY' of undefined
[     9.23 ] W: qrc:/main.qml:663: TypeError: Cannot read property 'contentY' of undefined
[     9.24 ] W: qrc:/main.qml:663: TypeError: Cannot read property 'contentY' of undefined
[     9.25 ] W: qrc:/main.qml:663: TypeError: Cannot read property 'contentY' of undefined
[     9.27 ] W: qrc:/main.qml:663: TypeError: Cannot read property 'contentY' of undefined
[     9.28 ] W: qrc:/main.qml:663: TypeError: Cannot read property 'contentY' of undefined
[     9.29 ] W: qrc:/main.qml:663: TypeError: Cannot read property 'contentY' of undefined
[     9.30 ] W: qrc:/main.qml:663: TypeError: Cannot read property 'contentY' of undefined
[     9.31 ] W: qrc:/main.qml:663: TypeError: Cannot read property 'contentY' of undefined
[     9.32 ] W: qrc:/main.qml:663: TypeError: Cannot read property 'contentY' of undefined
[     9.33 ] W: qrc:/main.qml:663: TypeError: Cannot read property 'contentY' of undefined
[     9.34 ] W: qrc:/main.qml:663: TypeError: Cannot read property 'contentY' of undefined
[     9.35 ] W: qrc:/main.qml:663: TypeError: Cannot read property 'contentY' of undefined
[     9.36 ] W: qrc:/main.qml:663: TypeError: Cannot read property 'contentY' of undefined
[     9.37 ] W: qrc:/main.qml:663: TypeError: Cannot read property 'contentY' of undefined
[     9.38 ] W: qrc:/main.qml:663: TypeError: Cannot read property 'contentY' of undefined
[     9.39 ] W: qrc:/main.qml:663: TypeError: Cannot read property 'contentY' of undefined
[     9.40 ] W: qrc:/main.qml:663: TypeError: Cannot read property 'contentY' of undefined
[     9.41 ] W: qrc:/main.qml:663: TypeError: Cannot read property 'contentY' of undefined
[     9.42 ] W: qrc:/main.qml:663: TypeError: Cannot read property 'contentY' of undefined
[     9.43 ] W: qrc:/main.qml:663: TypeError: Cannot read property 'contentY' of undefined
[     9.44 ] W: qrc:/main.qml:663: TypeError: Cannot read property 'contentY' of undefined
[     9.45 ] W: qrc:/main.qml:663: TypeError: Cannot read property 'contentY' of undefined
[     9.46 ] W: qrc:/main.qml:663: TypeError: Cannot read property 'contentY' of undefined
[     9.47 ] W: qrc:/main.qml:663: TypeError: Cannot read property 'contentY' of undefined
[     9.48 ] W: qrc:/main.qml:663: TypeError: Cannot read property 'contentY' of undefined
[     9.49 ] W: qrc:/main.qml:663: TypeError: Cannot read property 'contentY' of undefined
[     9.50 ] W: qrc:/main.qml:663: TypeError: Cannot read property 'contentY' of undefined
[     9.51 ] W: qrc:/main.qml:663: TypeError: Cannot read property 'contentY' of undefined
[     9.52 ] W: qrc:/main.qml:663: TypeError: Cannot read property 'contentY' of undefined
[     9.53 ] W: qrc:/main.qml:663: TypeError: Cannot read property 'contentY' of undefined
[     9.54 ] W: qrc:/main.qml:663: TypeError: Cannot read property 'contentY' of undefined
[     9.55 ] W: qrc:/main.qml:663: TypeError: Cannot read property 'contentY' of undefined
[     9.56 ] W: qrc:/main.qml:663: TypeError: Cannot read property 'contentY' of undefined
[     9.57 ] W: qrc:/main.qml:663: TypeError: Cannot read property 'contentY' of undefined
[     9.58 ] W: qrc:/main.qml:663: TypeError: Cannot read property 'contentY' of undefined
[     9.59 ] W: qrc:/main.qml:663: TypeError: Cannot read property 'contentY' of undefined
[     9.60 ] W: qrc:/main.qml:663: TypeError: Cannot read property 'contentY' of undefined
[     9.61 ] W: qrc:/main.qml:663: TypeError: Cannot read property 'contentY' of undefined
[     9.62 ] W: qrc:/main.qml:663: TypeError: Cannot read property 'contentY' of undefined
[     9.63 ] W: qrc:/main.qml:663: TypeError: Cannot read property 'contentY' of undefined
[     9.64 ] W: qrc:/main.qml:663: TypeError: Cannot read property 'contentY' of undefined
[     9.65 ] W: qrc:/main.qml:663: TypeError: Cannot read property 'contentY' of undefined
[     9.66 ] W: qrc:/main.qml:663: TypeError: Cannot read property 'contentY' of undefined
[     9.67 ] W: qrc:/main.qml:663: TypeError: Cannot read property 'contentY' of undefined
[     9.68 ] W: qrc:/main.qml:663: TypeError: Cannot read property 'contentY' of undefined
[     9.69 ] W: qrc:/main.qml:663: TypeError: Cannot read property 'contentY' of undefined
[     9.70 ] W: qrc:/main.qml:663: TypeError: Cannot read property 'contentY' of undefined
[     9.71 ] W: qrc:/main.qml:663: TypeError: Cannot read property 'contentY' of undefined
[     9.72 ] W: qrc:/main.qml:663: TypeError: Cannot read property 'contentY' of undefined
[     9.73 ] W: qrc:/main.qml:663: TypeError: Cannot read property 'contentY' of undefined
[     9.74 ] W: qrc:/main.qml:663: TypeError: Cannot read property 'contentY' of undefined
[     9.75 ] W: qrc:/main.qml:663: TypeError: Cannot read property 'contentY' of undefined
[     9.77 ] W: qrc:/main.qml:663: TypeError: Cannot read property 'contentY' of undefined
[     9.78 ] W: qrc:/main.qml:663: TypeError: Cannot read property 'contentY' of undefined
[     9.79 ] W: qrc:/main.qml:663: TypeError: Cannot read property 'contentY' of undefined
[     9.80 ] W: qrc:/main.qml:663: TypeError: Cannot read property 'contentY' of undefined
[     9.81 ] W: qrc:/main.qml:663: TypeError: Cannot read property 'contentY' of undefined
[     9.82 ] W: qrc:/main.qml:663: TypeError: Cannot read property 'contentY' of undefined
[     9.83 ] W: qrc:/main.qml:663: TypeError: Cannot read property 'contentY' of undefined
[     9.84 ] W: qrc:/main.qml:663: TypeError: Cannot read property 'contentY' of undefined
[     9.85 ] W: qrc:/main.qml:663: TypeError: Cannot read property 'contentY' of undefined
[     9.86 ] W: qrc:/main.qml:663: TypeError: Cannot read property 'contentY' of undefined
[     9.87 ] W: qrc:/main.qml:663: TypeError: Cannot read property 'contentY' of undefined
[     9.88 ] W: qrc:/main.qml:663: TypeError: Cannot read property 'contentY' of undefined
[     9.89 ] W: qrc:/main.qml:663: TypeError: Cannot read property 'contentY' of undefined
[     9.90 ] W: qrc:/main.qml:663: TypeError: Cannot read property 'contentY' of undefined
[     9.91 ] W: qrc:/main.qml:663: TypeError: Cannot read property 'contentY' of undefined
[     9.92 ] W: qrc:/main.qml:663: TypeError: Cannot read property 'contentY' of undefined
[     9.93 ] W: qrc:/main.qml:663: TypeError: Cannot read property 'contentY' of undefined
[     9.94 ] W: qrc:/main.qml:663: TypeError: Cannot read property 'contentY' of undefined
[     9.95 ] W: qrc:/main.qml:663: TypeError: Cannot read property 'contentY' of undefined
[     9.96 ] W: qrc:/main.qml:663: TypeError: Cannot read property 'contentY' of undefined
[     9.97 ] W: qrc:/main.qml:663: TypeError: Cannot read property 'contentY' of undefined
[     9.98 ] W: qrc:/main.qml:663: TypeError: Cannot read property 'contentY' of undefined
[     9.99 ] W: qrc:/main.qml:663: TypeError: Cannot read property 'contentY' of undefined
[    10.00 ] W: qrc:/main.qml:663: TypeError: Cannot read property 'contentY' of undefined
[    10.01 ] W: qrc:/main.qml:663: TypeError: Cannot read property 'contentY' of undefined
[    10.02 ] W: qrc:/main.qml:663: TypeError: Cannot read property 'contentY' of undefined
[    10.03 ] W: qrc:/main.qml:663: TypeError: Cannot read property 'contentY' of undefined
[    10.04 ] W: qrc:/main.qml:663: TypeError: Cannot read property 'contentY' of undefined
[    10.05 ] W: qrc:/main.qml:663: TypeError: Cannot read property 'contentY' of undefined
[    10.06 ] W: qrc:/main.qml:663: TypeError: Cannot read property 'contentY' of undefined
[    10.07 ] W: qrc:/main.qml:663: TypeError: Cannot read property 'contentY' of undefined
[    10.08 ] W: qrc:/main.qml:663: TypeError: Cannot read property 'contentY' of undefined
[    10.09 ] W: qrc:/main.qml:663: TypeError: Cannot read property 'contentY' of undefined
[    10.10 ] W: qrc:/main.qml:663: TypeError: Cannot read property 'contentY' of undefined
[    10.11 ] W: qrc:/main.qml:663: TypeError: Cannot read property 'contentY' of undefined
[    10.12 ] W: qrc:/main.qml:663: TypeError: Cannot read property 'contentY' of undefined
[    10.13 ] W: qrc:/main.qml:663: TypeError: Cannot read property 'contentY' of undefined
[    10.14 ] W: qrc:/main.qml:663: TypeError: Cannot read property 'contentY' of undefined
[    10.15 ] W: qrc:/main.qml:663: TypeError: Cannot read property 'contentY' of undefined
[    10.16 ] W: qrc:/main.qml:663: TypeError: Cannot read property 'contentY' of undefined
[    10.17 ] W: qrc:/main.qml:663: TypeError: Cannot read property 'contentY' of undefined
[    10.18 ] W: qrc:/main.qml:663: TypeError: Cannot read property 'contentY' of undefined
[    10.19 ] W: qrc:/main.qml:663: TypeError: Cannot read property 'contentY' of undefined
[    10.20 ] W: qrc:/main.qml:663: TypeError: Cannot read property 'contentY' of undefined
[    10.21 ] W: qrc:/main.qml:663: TypeError: Cannot read property 'contentY' of undefined
[    10.22 ] W: qrc:/main.qml:663: TypeError: Cannot read property 'contentY' of undefined
[    10.23 ] W: qrc:/main.qml:663: TypeError: Cannot read property 'contentY' of undefined
[    10.24 ] W: qrc:/main.qml:663: TypeError: Cannot read property 'contentY' of undefined
[    10.25 ] W: qrc:/main.qml:663: TypeError: Cannot read property 'contentY' of undefined
[    10.26 ] W: qrc:/main.qml:663: TypeError: Cannot read property 'contentY' of undefined
[    10.27 ] W: qrc:/main.qml:663: TypeError: Cannot read property 'contentY' of undefined
[    10.28 ] W: qrc:/main.qml:663: TypeError: Cannot read property 'contentY' of undefined
[    10.29 ] W: qrc:/main.qml:663: TypeError: Cannot read property 'contentY' of undefined
[    10.30 ] W: qrc:/main.qml:663: TypeError: Cannot read property 'contentY' of undefined
[    10.31 ] W: qrc:/main.qml:663: TypeError: Cannot read property 'contentY' of undefined
[    10.32 ] W: qrc:/main.qml:663: TypeError: Cannot read property 'contentY' of undefined
[    10.33 ] W: qrc:/main.qml:663: TypeError: Cannot read property 'contentY' of undefined
[    10.34 ] W: qrc:/main.qml:663: TypeError: Cannot read property 'contentY' of undefined
[    10.35 ] W: qrc:/main.qml:663: TypeError: Cannot read property 'contentY' of undefined
[    10.36 ] W: qrc:/main.qml:663: TypeError: Cannot read property 'contentY' of undefined
[    10.37 ] W: qrc:/main.qml:663: TypeError: Cannot read property 'contentY' of undefined
[    10.38 ] W: qrc:/main.qml:663: TypeError: Cannot read property 'contentY' of undefined
[    10.39 ] W: qrc:/main.qml:663: TypeError: Cannot read property 'contentY' of undefined
[    10.40 ] W: qrc:/main.qml:663: TypeError: Cannot read property 'contentY' of undefined
[    10.41 ] W: qrc:/main.qml:663: TypeError: Cannot read property 'contentY' of undefined
[    10.42 ] W: qrc:/main.qml:663: TypeError: Cannot read property 'contentY' of undefined
[    10.43 ] W: qrc:/main.qml:663: TypeError: Cannot read property 'contentY' of undefined
[    10.44 ] W: qrc:/main.qml:663: TypeError: Cannot read property 'contentY' of undefined
[    10.45 ] W: qrc:/main.qml:663: TypeError: Cannot read property 'contentY' of undefined
[    10.46 ] W: qrc:/main.qml:663: TypeError: Cannot read property 'contentY' of undefined
[    10.47 ] W: qrc:/main.qml:663: TypeError: Cannot read property 'contentY' of undefined
[    10.48 ] W: qrc:/main.qml:663: TypeError: Cannot read property 'contentY' of undefined
[    10.49 ] W: qrc:/main.qml:663: TypeError: Cannot read property 'contentY' of undefined
[    10.50 ] W: qrc:/main.qml:663: TypeError: Cannot read property 'contentY' of undefined
[    10.52 ] W: qrc:/main.qml:663: TypeError: Cannot read property 'contentY' of undefined
[    10.53 ] W: qrc:/main.qml:663: TypeError: Cannot read property 'contentY' of undefined
[    10.54 ] W: qrc:/main.qml:663: TypeError: Cannot read property 'contentY' of undefined
[    10.55 ] W: qrc:/main.qml:663: TypeError: Cannot read property 'contentY' of undefined
[    10.56 ] W: qrc:/main.qml:663: TypeError: Cannot read property 'contentY' of undefined
[    10.57 ] W: qrc:/main.qml:663: TypeError: Cannot read property 'contentY' of undefined
[    10.58 ] W: qrc:/main.qml:663: TypeError: Cannot read property 'contentY' of undefined
[    10.59 ] W: qrc:/main.qml:663: TypeError: Cannot read property 'contentY' of undefined
[    10.60 ] W: qrc:/main.qml:663: TypeError: Cannot read property 'contentY' of undefined
[    10.61 ] W: qrc:/main.qml:663: TypeError: Cannot read property 'contentY' of undefined
[    10.62 ] W: qrc:/main.qml:663: TypeError: Cannot read property 'contentY' of undefined
[    10.63 ] W: qrc:/main.qml:663: TypeError: Cannot read property 'contentY' of undefined
[    10.64 ] W: qrc:/main.qml:663: TypeError: Cannot read property 'contentY' of undefined
[    10.65 ] W: qrc:/main.qml:663: TypeError: Cannot read property 'contentY' of undefined
[    10.66 ] W: qrc:/main.qml:663: TypeError: Cannot read property 'contentY' of undefined
[    10.67 ] W: qrc:/main.qml:663: TypeError: Cannot read property 'contentY' of undefined
[    10.68 ] W: qrc:/main.qml:663: TypeError: Cannot read property 'contentY' of undefined
[    10.69 ] W: qrc:/main.qml:663: TypeError: Cannot read property 'contentY' of undefined
[    10.70 ] W: qrc:/main.qml:663: TypeError: Cannot read property 'contentY' of undefined
[    10.71 ] W: qrc:/main.qml:663: TypeError: Cannot read property 'contentY' of undefined
[    10.72 ] W: qrc:/main.qml:663: TypeError: Cannot read property 'contentY' of undefined
[    10.73 ] W: qrc:/main.qml:663: TypeError: Cannot read property 'contentY' of undefined
[    10.74 ] W: qrc:/main.qml:663: TypeError: Cannot read property 'contentY' of undefined
[    10.75 ] W: qrc:/main.qml:663: TypeError: Cannot read property 'contentY' of undefined
[    10.77 ] W: qrc:/main.qml:663: TypeError: Cannot read property 'contentY' of undefined
[    10.78 ] W: qrc:/main.qml:663: TypeError: Cannot read property 'contentY' of undefined
[    10.79 ] W: qrc:/main.qml:663: TypeError: Cannot read property 'contentY' of undefined
[    10.80 ] W: qrc:/main.qml:663: TypeError: Cannot read property 'contentY' of undefined
[    10.81 ] W: qrc:/main.qml:663: TypeError: Cannot read property 'contentY' of undefined
[    10.82 ] W: qrc:/main.qml:663: TypeError: Cannot read property 'contentY' of undefined
[    10.83 ] W: qrc:/main.qml:663: TypeError: Cannot read property 'contentY' of undefined
[    10.84 ] W: qrc:/main.qml:663: TypeError: Cannot read property 'contentY' of undefined
[    10.85 ] W: qrc:/main.qml:663: TypeError: Cannot read property 'contentY' of undefined
[    10.86 ] W: qrc:/main.qml:663: TypeError: Cannot read property 'contentY' of undefined
[    10.87 ] W: qrc:/main.qml:663: TypeError: Cannot read property 'contentY' of undefined
[    10.88 ] W: qrc:/main.qml:663: TypeError: Cannot read property 'contentY' of undefined
[    10.89 ] W: qrc:/main.qml:663: TypeError: Cannot read property 'contentY' of undefined
[    10.90 ] W: qrc:/main.qml:663: TypeError: Cannot read property 'contentY' of undefined
[    10.91 ] W: qrc:/main.qml:663: TypeError: Cannot read property 'contentY' of undefined
[    10.92 ] W: qrc:/main.qml:663: TypeError: Cannot read property 'contentY' of undefined
[    10.93 ] W: qrc:/main.qml:663: TypeError: Cannot read property 'contentY' of undefined
[    10.94 ] W: qrc:/main.qml:663: TypeError: Cannot read property 'contentY' of undefined
[    10.95 ] W: qrc:/main.qml:663: TypeError: Cannot read property 'contentY' of undefined
[    10.96 ] W: qrc:/main.qml:663: TypeError: Cannot read property 'contentY' of undefined
[    10.97 ] W: qrc:/main.qml:663: TypeError: Cannot read property 'contentY' of undefined
[    10.98 ] W: qrc:/main.qml:663: TypeError: Cannot read property 'contentY' of undefined
[    10.99 ] W: qrc:/main.qml:663: TypeError: Cannot read property 'contentY' of undefined
[    11.00 ] W: qrc:/main.qml:663: TypeError: Cannot read property 'contentY' of undefined
[    11.02 ] W: qrc:/main.qml:663: TypeError: Cannot read property 'contentY' of undefined
[    11.03 ] W: qrc:/main.qml:663: TypeError: Cannot read property 'contentY' of undefined
[    11.04 ] W: qrc:/main.qml:663: TypeError: Cannot read property 'contentY' of undefined
[    11.05 ] W: qrc:/main.qml:663: TypeError: Cannot read property 'contentY' of undefined
[    11.06 ] W: qrc:/main.qml:663: TypeError: Cannot read property 'contentY' of undefined
[    11.07 ] W: qrc:/main.qml:663: TypeError: Cannot read property 'contentY' of undefined
[    11.08 ] W: qrc:/main.qml:663: TypeError: Cannot read property 'contentY' of undefined
[    11.09 ] W: qrc:/main.qml:663: TypeError: Cannot read property 'contentY' of undefined
[    11.10 ] W: qrc:/main.qml:663: TypeError: Cannot read property 'contentY' of undefined
[    11.11 ] W: qrc:/main.qml:663: TypeError: Cannot read property 'contentY' of undefined
[    11.12 ] W: qrc:/main.qml:663: TypeError: Cannot read property 'contentY' of undefined
[    11.13 ] W: qrc:/main.qml:663: TypeError: Cannot read property 'contentY' of undefined
[    11.14 ] W: qrc:/main.qml:663: TypeError: Cannot read property 'contentY' of undefined
[    11.15 ] W: qrc:/main.qml:663: TypeError: Cannot read property 'contentY' of undefined
[    11.16 ] W: qrc:/main.qml:663: TypeError: Cannot read property 'contentY' of undefined
[    11.17 ] W: qrc:/main.qml:663: TypeError: Cannot read property 'contentY' of undefined
[    11.18 ] W: qrc:/main.qml:663: TypeError: Cannot read property 'contentY' of undefined
[    11.19 ] W: qrc:/main.qml:663: TypeError: Cannot read property 'contentY' of undefined
[    11.20 ] W: qrc:/main.qml:663: TypeError: Cannot read property 'contentY' of undefined
[    11.21 ] W: qrc:/main.qml:663: TypeError: Cannot read property 'contentY' of undefined
[    11.22 ] W: qrc:/main.qml:663: TypeError: Cannot read property 'contentY' of undefined
[    11.23 ] W: qrc:/main.qml:663: TypeError: Cannot read property 'contentY' of undefined
[    11.24 ] W: qrc:/main.qml:663: TypeError: Cannot read property 'contentY' of undefined
[    11.25 ] W: qrc:/main.qml:663: TypeError: Cannot read property 'contentY' of undefined
[    11.27 ] W: qrc:/main.qml:663: TypeError: Cannot read property 'contentY' of undefined
[    11.28 ] W: qrc:/main.qml:663: TypeError: Cannot read property 'contentY' of undefined
[    11.29 ] W: qrc:/main.qml:663: TypeError: Cannot read property 'contentY' of undefined
[    11.30 ] W: qrc:/main.qml:663: TypeError: Cannot read property 'contentY' of undefined
[    11.31 ] W: qrc:/main.qml:663: TypeError: Cannot read property 'contentY' of undefined
[    11.32 ] W: qrc:/main.qml:663: TypeError: Cannot read property 'contentY' of undefined
[    11.33 ] W: qrc:/main.qml:663: TypeError: Cannot read property 'contentY' of undefined
[    11.34 ] W: qrc:/main.qml:663: TypeError: Cannot read property 'contentY' of undefined
[    11.35 ] W: qrc:/main.qml:663: TypeError: Cannot read property 'contentY' of undefined
[    11.36 ] W: qrc:/main.qml:663: TypeError: Cannot read property 'contentY' of undefined
[    11.37 ] W: qrc:/main.qml:663: TypeError: Cannot read property 'contentY' of undefined
[    11.38 ] W: qrc:/main.qml:663: TypeError: Cannot read property 'contentY' of undefined
[    11.39 ] W: qrc:/main.qml:663: TypeError: Cannot read property 'contentY' of undefined
[    11.40 ] W: qrc:/main.qml:663: TypeError: Cannot read property 'contentY' of undefined
[    11.41 ] W: qrc:/main.qml:663: TypeError: Cannot read property 'contentY' of undefined
[    11.42 ] W: qrc:/main.qml:663: TypeError: Cannot read property 'contentY' of undefined
[    11.43 ] W: qrc:/main.qml:663: TypeError: Cannot read property 'contentY' of undefined
[    11.44 ] W: qrc:/main.qml:663: TypeError: Cannot read property 'contentY' of undefined
[    11.45 ] W: qrc:/main.qml:663: TypeError: Cannot read property 'contentY' of undefined
[    11.46 ] W: qrc:/main.qml:663: TypeError: Cannot read property 'contentY' of undefined
[    11.47 ] W: qrc:/main.qml:663: TypeError: Cannot read property 'contentY' of undefined
[    11.48 ] W: qrc:/main.qml:663: TypeError: Cannot read property 'contentY' of undefined
[    11.49 ] W: qrc:/main.qml:663: TypeError: Cannot read property 'contentY' of undefined
[    11.50 ] W: qrc:/main.qml:663: TypeError: Cannot read property 'contentY' of undefined
[    11.52 ] W: qrc:/main.qml:663: TypeError: Cannot read property 'contentY' of undefined
[    11.53 ] W: qrc:/main.qml:663: TypeError: Cannot read property 'contentY' of undefined
[    11.54 ] W: qrc:/main.qml:663: TypeError: Cannot read property 'contentY' of undefined
[    11.55 ] W: qrc:/main.qml:663: TypeError: Cannot read property 'contentY' of undefined
[    11.56 ] W: qrc:/main.qml:663: TypeError: Cannot read property 'contentY' of undefined
[    11.57 ] W: qrc:/main.qml:663: TypeError: Cannot read property 'contentY' of undefined
[    11.58 ] W: qrc:/main.qml:663: TypeError: Cannot read property 'contentY' of undefined
[    11.59 ] W: qrc:/main.qml:663: TypeError: Cannot read property 'contentY' of undefined
[    11.60 ] W: qrc:/main.qml:663: TypeError: Cannot read property 'contentY' of undefined
[    11.61 ] W: qrc:/main.qml:663: TypeError: Cannot read property 'contentY' of undefined
[    11.62 ] W: qrc:/main.qml:663: TypeError: Cannot read property 'contentY' of undefined
[    11.63 ] W: qrc:/main.qml:663: TypeError: Cannot read property 'contentY' of undefined
[    11.64 ] W: qrc:/main.qml:663: TypeError: Cannot read property 'contentY' of undefined
[    11.65 ] W: qrc:/main.qml:663: TypeError: Cannot read property 'contentY' of undefined
[    11.66 ] W: qrc:/main.qml:663: TypeError: Cannot read property 'contentY' of undefined
[    11.67 ] W: qrc:/main.qml:663: TypeError: Cannot read property 'contentY' of undefined
[    11.68 ] W: qrc:/main.qml:663: TypeError: Cannot read property 'contentY' of undefined
[    11.69 ] W: qrc:/main.qml:663: TypeError: Cannot read property 'contentY' of undefined
[    11.70 ] W: qrc:/main.qml:663: TypeError: Cannot read property 'contentY' of undefined
[    11.71 ] W: qrc:/main.qml:663: TypeError: Cannot read property 'contentY' of undefined
[    11.72 ] W: qrc:/main.qml:663: TypeError: Cannot read property 'contentY' of undefined
[    11.73 ] W: qrc:/main.qml:663: TypeError: Cannot read property 'contentY' of undefined
[    11.74 ] W: qrc:/main.qml:663: TypeError: Cannot read property 'contentY' of undefined
[    11.75 ] W: qrc:/main.qml:663: TypeError: Cannot read property 'contentY' of undefined
[    11.77 ] W: qrc:/main.qml:663: TypeError: Cannot read property 'contentY' of undefined
[    11.78 ] W: qrc:/main.qml:663: TypeError: Cannot read property 'contentY' of undefined
[    11.79 ] W: qrc:/main.qml:663: TypeError: Cannot read property 'contentY' of undefined
[    11.80 ] W: qrc:/main.qml:663: TypeError: Cannot read property 'contentY' of undefined
[    11.81 ] W: qrc:/main.qml:663: TypeError: Cannot read property 'contentY' of undefined
[    11.82 ] W: qrc:/main.qml:663: TypeError: Cannot read property 'contentY' of undefined
[    11.83 ] W: qrc:/main.qml:663: TypeError: Cannot read property 'contentY' of undefined
[    11.84 ] W: qrc:/main.qml:663: TypeError: Cannot read property 'contentY' of undefined
[    11.85 ] W: qrc:/main.qml:663: TypeError: Cannot read property 'contentY' of undefined
[    11.86 ] W: qrc:/main.qml:663: TypeError: Cannot read property 'contentY' of undefined
[    11.87 ] W: qrc:/main.qml:663: TypeError: Cannot read property 'contentY' of undefined
[    11.88 ] W: qrc:/main.qml:663: TypeError: Cannot read property 'contentY' of undefined
[    11.89 ] W: qrc:/main.qml:663: TypeError: Cannot read property 'contentY' of undefined
[    11.90 ] W: qrc:/main.qml:663: TypeError: Cannot read property 'contentY' of undefined
[    11.91 ] W: qrc:/main.qml:663: TypeError: Cannot read property 'contentY' of undefined
[    11.92 ] W: qrc:/main.qml:663: TypeError: Cannot read property 'contentY' of undefined
[    11.93 ] W: qrc:/main.qml:663: TypeError: Cannot read property 'contentY' of undefined
[    11.94 ] W: qrc:/main.qml:663: TypeError: Cannot read property 'contentY' of undefined
[    11.95 ] W: qrc:/main.qml:663: TypeError: Cannot read property 'contentY' of undefined
[    11.96 ] W: qrc:/main.qml:663: TypeError: Cannot read property 'contentY' of undefined
[    11.97 ] W: qrc:/main.qml:663: TypeError: Cannot read property 'contentY' of undefined
[    11.98 ] W: qrc:/main.qml:663: TypeError: Cannot read property 'contentY' of undefined
[    11.99 ] W: qrc:/main.qml:663: TypeError: Cannot read property 'contentY' of undefined
[    12.00 ] W: qrc:/main.qml:663: TypeError: Cannot read property 'contentY' of undefined
[    12.01 ] W: qrc:/main.qml:663: TypeError: Cannot read property 'contentY' of undefined
[    12.02 ] W: qrc:/main.qml:663: TypeError: Cannot read property 'contentY' of undefined
[    12.03 ] W: qrc:/main.qml:663: TypeError: Cannot read property 'contentY' of undefined
[    12.04 ] W: qrc:/main.qml:663: TypeError: Cannot read property 'contentY' of undefined
[    12.05 ] W: qrc:/main.qml:663: TypeError: Cannot read property 'contentY' of undefined
[    12.06 ] W: qrc:/main.qml:663: TypeError: Cannot read property 'contentY' of undefined
[    12.07 ] W: qrc:/main.qml:663: TypeError: Cannot read property 'contentY' of undefined
[    12.08 ] W: qrc:/main.qml:663: TypeError: Cannot read property 'contentY' of undefined
[    12.09 ] W: qrc:/main.qml:663: TypeError: Cannot read property 'contentY' of undefined
[    12.10 ] W: qrc:/main.qml:663: TypeError: Cannot read property 'contentY' of undefined
[    12.11 ] W: qrc:/main.qml:663: TypeError: Cannot read property 'contentY' of undefined
[    12.12 ] W: qrc:/main.qml:663: TypeError: Cannot read property 'contentY' of undefined
[    12.13 ] W: qrc:/main.qml:663: TypeError: Cannot read property 'contentY' of undefined
[    12.14 ] W: qrc:/main.qml:663: TypeError: Cannot read property 'contentY' of undefined
[    12.15 ] W: qrc:/main.qml:663: TypeError: Cannot read property 'contentY' of undefined
[    12.16 ] W: qrc:/main.qml:663: TypeError: Cannot read property 'contentY' of undefined
[    12.17 ] W: qrc:/main.qml:663: TypeError: Cannot read property 'contentY' of undefined
[    12.18 ] W: qrc:/main.qml:663: TypeError: Cannot read property 'contentY' of undefined
[    12.19 ] W: qrc:/main.qml:663: TypeError: Cannot read property 'contentY' of undefined
[    12.20 ] W: qrc:/main.qml:663: TypeError: Cannot read property 'contentY' of undefined
[    12.21 ] W: qrc:/main.qml:663: TypeError: Cannot read property 'contentY' of undefined
[    12.22 ] W: qrc:/main.qml:663: TypeError: Cannot read property 'contentY' of undefined
[    12.23 ] W: qrc:/main.qml:663: TypeError: Cannot read property 'contentY' of undefined
[    12.24 ] W: qrc:/main.qml:663: TypeError: Cannot read property 'contentY' of undefined
[    12.25 ] W: qrc:/main.qml:663: TypeError: Cannot read property 'contentY' of undefined
[    12.27 ] W: qrc:/main.qml:663: TypeError: Cannot read property 'contentY' of undefined
[    12.28 ] W: qrc:/main.qml:663: TypeError: Cannot read property 'contentY' of undefined
[    12.29 ] W: qrc:/main.qml:663: TypeError: Cannot read property 'contentY' of undefined
[    12.30 ] W: qrc:/main.qml:663: TypeError: Cannot read property 'contentY' of undefined
[    12.31 ] W: qrc:/main.qml:663: TypeError: Cannot read property 'contentY' of undefined
[    12.32 ] W: qrc:/main.qml:663: TypeError: Cannot read property 'contentY' of undefined
[    12.33 ] W: qrc:/main.qml:663: TypeError: Cannot read property 'contentY' of undefined
[    12.34 ] W: qrc:/main.qml:663: TypeError: Cannot read property 'contentY' of undefined
[    12.35 ] W: qrc:/main.qml:663: TypeError: Cannot read property 'contentY' of undefined
[    12.36 ] W: qrc:/main.qml:663: TypeError: Cannot read property 'contentY' of undefined
[    12.37 ] W: qrc:/main.qml:663: TypeError: Cannot read property 'contentY' of undefined
[    12.38 ] W: qrc:/main.qml:663: TypeError: Cannot read property 'contentY' of undefined
[    12.39 ] W: qrc:/main.qml:663: TypeError: Cannot read property 'contentY' of undefined
[    12.40 ] W: qrc:/main.qml:663: TypeError: Cannot read property 'contentY' of undefined
[    12.41 ] W: qrc:/main.qml:663: TypeError: Cannot read property 'contentY' of undefined
[    12.42 ] W: qrc:/main.qml:663: TypeError: Cannot read property 'contentY' of undefined
[    12.43 ] W: qrc:/main.qml:663: TypeError: Cannot read property 'contentY' of undefined
[    12.44 ] W: qrc:/main.qml:663: TypeError: Cannot read property 'contentY' of undefined
[    12.45 ] W: qrc:/main.qml:663: TypeError: Cannot read property 'contentY' of undefined
[    12.46 ] W: qrc:/main.qml:663: TypeError: Cannot read property 'contentY' of undefined
[    12.47 ] W: qrc:/main.qml:663: TypeError: Cannot read property 'contentY' of undefined
[    12.48 ] W: qrc:/main.qml:663: TypeError: Cannot read property 'contentY' of undefined
[    12.49 ] W: qrc:/main.qml:663: TypeError: Cannot read property 'contentY' of undefined
[    12.50 ] W: qrc:/main.qml:663: TypeError: Cannot read property 'contentY' of undefined
[    12.51 ] W: qrc:/main.qml:663: TypeError: Cannot read property 'contentY' of undefined
[    12.52 ] W: qrc:/main.qml:663: TypeError: Cannot read property 'contentY' of undefined
[    12.53 ] W: qrc:/main.qml:663: TypeError: Cannot read property 'contentY' of undefined
[    12.54 ] W: qrc:/main.qml:663: TypeError: Cannot read property 'contentY' of undefined
[    12.55 ] W: qrc:/main.qml:663: TypeError: Cannot read property 'contentY' of undefined
[    12.56 ] W: qrc:/main.qml:663: TypeError: Cannot read property 'contentY' of undefined
[    12.57 ] W: qrc:/main.qml:663: TypeError: Cannot read property 'contentY' of undefined
[    12.59 ] W: qrc:/main.qml:663: TypeError: Cannot read property 'contentY' of undefined
[    12.59 ] W: qrc:/main.qml:663: TypeError: Cannot read property 'contentY' of undefined
[    12.60 ] W: qrc:/main.qml:663: TypeError: Cannot read property 'contentY' of undefined
[    12.61 ] W: qrc:/main.qml:663: TypeError: Cannot read property 'contentY' of undefined
[    12.62 ] W: qrc:/main.qml:663: TypeError: Cannot read property 'contentY' of undefined
[    12.63 ] W: qrc:/main.qml:663: TypeError: Cannot read property 'contentY' of undefined
[    12.64 ] W: qrc:/main.qml:663: TypeError: Cannot read property 'contentY' of undefined
[    12.65 ] W: qrc:/main.qml:663: TypeError: Cannot read property 'contentY' of undefined
[    12.66 ] W: qrc:/main.qml:663: TypeError: Cannot read property 'contentY' of undefined
[    12.67 ] W: qrc:/main.qml:663: TypeError: Cannot read property 'contentY' of undefined
[    12.68 ] W: qrc:/main.qml:663: TypeError: Cannot read property 'contentY' of undefined
[    12.69 ] W: qrc:/main.qml:663: TypeError: Cannot read property 'contentY' of undefined
[    12.70 ] W: qrc:/main.qml:663: TypeError: Cannot read property 'contentY' of undefined
[    12.71 ] W: qrc:/main.qml:663: TypeError: Cannot read property 'contentY' of undefined
[    12.72 ] W: qrc:/main.qml:663: TypeError: Cannot read property 'contentY' of undefined
[    12.73 ] W: qrc:/main.qml:663: TypeError: Cannot read property 'contentY' of undefined
[    12.74 ] W: qrc:/main.qml:663: TypeError: Cannot read property 'contentY' of undefined
[    12.75 ] W: qrc:/main.qml:663: TypeError: Cannot read property 'contentY' of undefined
[    12.77 ] W: qrc:/main.qml:663: TypeError: Cannot read property 'contentY' of undefined
[    12.78 ] W: qrc:/main.qml:663: TypeError: Cannot read property 'contentY' of undefined
[    12.79 ] W: qrc:/main.qml:663: TypeError: Cannot read property 'contentY' of undefined
[    12.80 ] W: qrc:/main.qml:663: TypeError: Cannot read property 'contentY' of undefined
[    12.81 ] W: qrc:/main.qml:663: TypeError: Cannot read property 'contentY' of undefined
[    12.82 ] W: qrc:/main.qml:663: TypeError: Cannot read property 'contentY' of undefined
[    12.83 ] W: qrc:/main.qml:663: TypeError: Cannot read property 'contentY' of undefined
[    12.84 ] W: qrc:/main.qml:663: TypeError: Cannot read property 'contentY' of undefined
[    12.85 ] W: qrc:/main.qml:663: TypeError: Cannot read property 'contentY' of undefined
[    12.86 ] W: qrc:/main.qml:663: TypeError: Cannot read property 'contentY' of undefined
[    12.87 ] W: qrc:/main.qml:663: TypeError: Cannot read property 'contentY' of undefined
[    12.88 ] W: qrc:/main.qml:663: TypeError: Cannot read property 'contentY' of undefined
[    12.89 ] W: qrc:/main.qml:663: TypeError: Cannot read property 'contentY' of undefined
[    12.90 ] W: qrc:/main.qml:663: TypeError: Cannot read property 'contentY' of undefined
[    12.91 ] W: qrc:/main.qml:663: TypeError: Cannot read property 'contentY' of undefined
[    12.92 ] W: qrc:/main.qml:663: TypeError: Cannot read property 'contentY' of undefined
[    12.93 ] W: qrc:/main.qml:663: TypeError: Cannot read property 'contentY' of undefined
[    12.94 ] W: qrc:/main.qml:663: TypeError: Cannot read property 'contentY' of undefined
[    12.95 ] W: qrc:/main.qml:663: TypeError: Cannot read property 'contentY' of undefined
[    12.96 ] W: qrc:/main.qml:663: TypeError: Cannot read property 'contentY' of undefined
[    12.97 ] W: qrc:/main.qml:663: TypeError: Cannot read property 'contentY' of undefined
[    12.98 ] W: qrc:/main.qml:663: TypeError: Cannot read property 'contentY' of undefined
[    12.99 ] W: qrc:/main.qml:663: TypeError: Cannot read property 'contentY' of undefined
[    13.00 ] W: qrc:/main.qml:663: TypeError: Cannot read property 'contentY' of undefined
[    13.01 ] W: qrc:/main.qml:663: TypeError: Cannot read property 'contentY' of undefined
[    13.02 ] W: qrc:/main.qml:663: TypeError: Cannot read property 'contentY' of undefined
[    13.03 ] W: qrc:/main.qml:663: TypeError: Cannot read property 'contentY' of undefined
[    13.04 ] W: qrc:/main.qml:663: TypeError: Cannot read property 'contentY' of undefined
[    13.05 ] W: qrc:/main.qml:663: TypeError: Cannot read property 'contentY' of undefined
[    13.06 ] W: qrc:/main.qml:663: TypeError: Cannot read property 'contentY' of undefined
[    13.07 ] W: qrc:/main.qml:663: TypeError: Cannot read property 'contentY' of undefined
[    13.08 ] W: qrc:/main.qml:663: TypeError: Cannot read property 'contentY' of undefined
[    13.09 ] W: qrc:/main.qml:663: TypeError: Cannot read property 'contentY' of undefined
[    13.10 ] W: qrc:/main.qml:663: TypeError: Cannot read property 'contentY' of undefined
[    13.11 ] W: qrc:/main.qml:663: TypeError: Cannot read property 'contentY' of undefined
[    13.12 ] W: qrc:/main.qml:663: TypeError: Cannot read property 'contentY' of undefined
[    13.13 ] W: qrc:/main.qml:663: TypeError: Cannot read property 'contentY' of undefined
[    13.14 ] W: qrc:/main.qml:663: TypeError: Cannot read property 'contentY' of undefined
[    13.15 ] W: qrc:/main.qml:663: TypeError: Cannot read property 'contentY' of undefined
[    13.16 ] W: qrc:/main.qml:663: TypeError: Cannot read property 'contentY' of undefined
[    13.17 ] W: qrc:/main.qml:663: TypeError: Cannot read property 'contentY' of undefined
[    13.18 ] W: qrc:/main.qml:663: TypeError: Cannot read property 'contentY' of undefined
[    13.19 ] W: qrc:/main.qml:663: TypeError: Cannot read property 'contentY' of undefined
[    13.20 ] W: qrc:/main.qml:663: TypeError: Cannot read property 'contentY' of undefined
[    13.21 ] W: qrc:/main.qml:663: TypeError: Cannot read property 'contentY' of undefined
[    13.22 ] W: qrc:/main.qml:663: TypeError: Cannot read property 'contentY' of undefined
[    13.23 ] W: qrc:/main.qml:663: TypeError: Cannot read property 'contentY' of undefined
[    13.24 ] W: qrc:/main.qml:663: TypeError: Cannot read property 'contentY' of undefined
[    13.25 ] W: qrc:/main.qml:663: TypeError: Cannot read property 'contentY' of undefined
[    13.26 ] W: qrc:/main.qml:663: TypeError: Cannot read property 'contentY' of undefined
[    13.27 ] W: qrc:/main.qml:663: TypeError: Cannot read property 'contentY' of undefined
[    13.28 ] W: qrc:/main.qml:663: TypeError: Cannot read property 'contentY' of undefined
[    13.29 ] W: qrc:/main.qml:663: TypeError: Cannot read property 'contentY' of undefined
[    13.30 ] W: qrc:/main.qml:663: TypeError: Cannot read property 'contentY' of undefined
[    13.31 ] W: qrc:/main.qml:663: TypeError: Cannot read property 'contentY' of undefined
[    13.32 ] W: qrc:/main.qml:663: TypeError: Cannot read property 'contentY' of undefined
[    13.33 ] W: qrc:/main.qml:663: TypeError: Cannot read property 'contentY' of undefined
[    13.34 ] W: qrc:/main.qml:663: TypeError: Cannot read property 'contentY' of undefined
[    13.35 ] W: qrc:/main.qml:663: TypeError: Cannot read property 'contentY' of undefined
[    13.36 ] W: qrc:/main.qml:663: TypeError: Cannot read property 'contentY' of undefined
[    13.37 ] W: qrc:/main.qml:663: TypeError: Cannot read property 'contentY' of undefined
[    13.38 ] W: qrc:/main.qml:663: TypeError: Cannot read property 'contentY' of undefined
[    13.39 ] W: qrc:/main.qml:663: TypeError: Cannot read property 'contentY' of undefined
[    13.40 ] W: qrc:/main.qml:663: TypeError: Cannot read property 'contentY' of undefined
[    13.41 ] W: qrc:/main.qml:663: TypeError: Cannot read property 'contentY' of undefined
[    13.42 ] W: qrc:/main.qml:663: TypeError: Cannot read property 'contentY' of undefined
[    13.44 ] W: qrc:/main.qml:663: TypeError: Cannot read property 'contentY' of undefined
[    13.45 ] W: qrc:/main.qml:663: TypeError: Cannot read property 'contentY' of undefined
[    13.46 ] W: qrc:/main.qml:663: TypeError: Cannot read property 'contentY' of undefined
[    13.47 ] W: qrc:/main.qml:663: TypeError: Cannot read property 'contentY' of undefined
[    13.48 ] W: qrc:/main.qml:663: TypeError: Cannot read property 'contentY' of undefined
[    13.49 ] W: qrc:/main.qml:663: TypeError: Cannot read property 'contentY' of undefined
[    13.50 ] W: qrc:/TrackPanels/Audio/Automation/AutomationDropMenu.qml:239: ReferenceError: scaleSize2 is not defined
[    13.50 ] W: qrc:/TrackPanels/Audio/Automation/AutomationDropMenu.qml:237: ReferenceError: scaleSize2 is not defined
[    13.50 ] W: qrc:/TrackPanels/Audio/Automation/AutomationDropMenu.qml:218: ReferenceError: scaleSize2 is not defined
[    13.50 ] W: qrc:/TrackPanels/Audio/Automation/AutomationDropMenu.qml:199: ReferenceError: scaleSize2 is not defined
[    13.50 ] W: qrc:/TrackPanels/Audio/Automation/AutomationDropMenu.qml:198: ReferenceError: scaleSize2 is not defined
[    13.50 ] W: qrc:/TrackPanels/Audio/Automation/AutomationDropMenu.qml:208: ReferenceError: scaleSize2 is not defined
[    13.50 ] W: qrc:/TrackPanels/Audio/Automation/AutomationDropMenu.qml:204: ReferenceError: scaleSize2 is not defined
[    13.50 ] W: qrc:/TrackPanels/Audio/Automation/AutomationDropMenu.qml:195: ReferenceError: scaleSize2 is not defined
[    13.50 ] W: qrc:/TrackPanels/Audio/Automation/AutomationDropMenu.qml:218: ReferenceError: scaleSize2 is not defined
[    13.50 ] W: qrc:/TrackPanels/Audio/Automation/AutomationDropMenu.qml:199: ReferenceError: scaleSize2 is not defined
[    13.50 ] W: qrc:/TrackPanels/Audio/Automation/AutomationDropMenu.qml:198: ReferenceError: scaleSize2 is not defined
[    13.50 ] W: qrc:/TrackPanels/Audio/Automation/AutomationDropMenu.qml:208: ReferenceError: scaleSize2 is not defined
[    13.50 ] W: qrc:/TrackPanels/Audio/Automation/AutomationDropMenu.qml:204: ReferenceError: scaleSize2 is not defined
[    13.50 ] W: qrc:/TrackPanels/Audio/Automation/AutomationDropMenu.qml:195: ReferenceError: scaleSize2 is not defined
[    13.51 ] W: qrc:/TrackPanels/Audio/Automation/AutomationDropMenu.qml:218: ReferenceError: scaleSize2 is not defined
[    13.51 ] W: qrc:/TrackPanels/Audio/Automation/AutomationDropMenu.qml:199: ReferenceError: scaleSize2 is not defined
[    13.51 ] W: qrc:/TrackPanels/Audio/Automation/AutomationDropMenu.qml:198: ReferenceError: scaleSize2 is not defined
[    13.51 ] W: qrc:/TrackPanels/Audio/Automation/AutomationDropMenu.qml:208: ReferenceError: scaleSize2 is not defined
[    13.51 ] W: qrc:/TrackPanels/Audio/Automation/AutomationDropMenu.qml:204: ReferenceError: scaleSize2 is not defined
[    13.51 ] W: qrc:/TrackPanels/Audio/Automation/AutomationDropMenu.qml:195: ReferenceError: scaleSize2 is not defined
[    13.51 ] W: qrc:/TrackPanels/Audio/Automation/AutomationDropMenu.qml:218: ReferenceError: scaleSize2 is not defined
[    13.51 ] W: qrc:/TrackPanels/Audio/Automation/AutomationDropMenu.qml:199: ReferenceError: scaleSize2 is not defined
[    13.51 ] W: qrc:/TrackPanels/Audio/Automation/AutomationDropMenu.qml:198: ReferenceError: scaleSize2 is not defined
[    13.51 ] W: qrc:/TrackPanels/Audio/Automation/AutomationDropMenu.qml:208: ReferenceError: scaleSize2 is not defined
[    13.51 ] W: qrc:/TrackPanels/Audio/Automation/AutomationDropMenu.qml:204: ReferenceError: scaleSize2 is not defined
[    13.51 ] W: qrc:/TrackPanels/Audio/Automation/AutomationDropMenu.qml:195: ReferenceError: scaleSize2 is not defined
[    13.51 ] W: qrc:/TrackPanels/Audio/Automation/AutomationDropMenu.qml:218: ReferenceError: scaleSize2 is not defined
[    13.51 ] W: qrc:/TrackPanels/Audio/Automation/AutomationDropMenu.qml:199: ReferenceError: scaleSize2 is not defined
[    13.51 ] W: qrc:/TrackPanels/Audio/Automation/AutomationDropMenu.qml:198: ReferenceError: scaleSize2 is not defined
[    13.51 ] W: qrc:/TrackPanels/Audio/Automation/AutomationDropMenu.qml:208: ReferenceError: scaleSize2 is not defined
[    13.51 ] W: qrc:/TrackPanels/Audio/Automation/AutomationDropMenu.qml:204: ReferenceError: scaleSize2 is not defined
[    13.51 ] W: qrc:/TrackPanels/Audio/Automation/AutomationDropMenu.qml:195: ReferenceError: scaleSize2 is not defined
[    13.52 ] W: qrc:/TrackPanels/Audio/Automation/AutomationDropMenu.qml:218: ReferenceError: scaleSize2 is not defined
[    13.52 ] W: qrc:/TrackPanels/Audio/Automation/AutomationDropMenu.qml:199: ReferenceError: scaleSize2 is not defined
[    13.52 ] W: qrc:/TrackPanels/Audio/Automation/AutomationDropMenu.qml:198: ReferenceError: scaleSize2 is not defined
[    13.52 ] W: qrc:/TrackPanels/Audio/Automation/AutomationDropMenu.qml:208: ReferenceError: scaleSize2 is not defined
[    13.52 ] W: qrc:/TrackPanels/Audio/Automation/AutomationDropMenu.qml:204: ReferenceError: scaleSize2 is not defined
[    13.52 ] W: qrc:/TrackPanels/Audio/Automation/AutomationDropMenu.qml:195: ReferenceError: scaleSize2 is not defined
[    13.52 ] W: qrc:/TrackPanels/Audio/Automation/AutomationDropMenu.qml:218: ReferenceError: scaleSize2 is not defined
[    13.52 ] W: qrc:/TrackPanels/Audio/Automation/AutomationDropMenu.qml:199: ReferenceError: scaleSize2 is not defined
[    13.52 ] W: qrc:/TrackPanels/Audio/Automation/AutomationDropMenu.qml:198: ReferenceError: scaleSize2 is not defined
[    13.52 ] W: qrc:/TrackPanels/Audio/Automation/AutomationDropMenu.qml:208: ReferenceError: scaleSize2 is not defined
[    13.52 ] W: qrc:/TrackPanels/Audio/Automation/AutomationDropMenu.qml:204: ReferenceError: scaleSize2 is not defined
[    13.52 ] W: qrc:/TrackPanels/Audio/Automation/AutomationDropMenu.qml:195: ReferenceError: scaleSize2 is not defined
[    13.52 ] W: qrc:/TrackPanels/Audio/Automation/AutomationDropMenu.qml:218: ReferenceError: scaleSize2 is not defined
[    13.52 ] W: qrc:/TrackPanels/Audio/Automation/AutomationDropMenu.qml:199: ReferenceError: scaleSize2 is not defined
[    13.52 ] W: qrc:/TrackPanels/Audio/Automation/AutomationDropMenu.qml:198: ReferenceError: scaleSize2 is not defined
[    13.52 ] W: qrc:/TrackPanels/Audio/Automation/AutomationDropMenu.qml:208: ReferenceError: scaleSize2 is not defined
[    13.52 ] W: qrc:/TrackPanels/Audio/Automation/AutomationDropMenu.qml:204: ReferenceError: scaleSize2 is not defined
[    13.52 ] W: qrc:/TrackPanels/Audio/Automation/AutomationDropMenu.qml:195: ReferenceError: scaleSize2 is not defined
[    13.53 ] W: qrc:/TrackPanels/Audio/Automation/AutomationDropMenu.qml:218: ReferenceError: scaleSize2 is not defined
[    13.53 ] W: qrc:/TrackPanels/Audio/Automation/AutomationDropMenu.qml:199: ReferenceError: scaleSize2 is not defined
[    13.53 ] W: qrc:/TrackPanels/Audio/Automation/AutomationDropMenu.qml:198: ReferenceError: scaleSize2 is not defined
[    13.53 ] W: qrc:/TrackPanels/Audio/Automation/AutomationDropMenu.qml:208: ReferenceError: scaleSize2 is not defined
[    13.53 ] W: qrc:/TrackPanels/Audio/Automation/AutomationDropMenu.qml:204: ReferenceError: scaleSize2 is not defined
[    13.53 ] W: qrc:/TrackPanels/Audio/Automation/AutomationDropMenu.qml:195: ReferenceError: scaleSize2 is not defined
[    13.53 ] W: qrc:/TrackPanels/Audio/Automation/AutomationDropMenu.qml:218: ReferenceError: scaleSize2 is not defined
[    13.53 ] W: qrc:/TrackPanels/Audio/Automation/AutomationDropMenu.qml:199: ReferenceError: scaleSize2 is not defined
[    13.53 ] W: qrc:/TrackPanels/Audio/Automation/AutomationDropMenu.qml:198: ReferenceError: scaleSize2 is not defined
[    13.53 ] W: qrc:/TrackPanels/Audio/Automation/AutomationDropMenu.qml:208: ReferenceError: scaleSize2 is not defined
[    13.53 ] W: qrc:/TrackPanels/Audio/Automation/AutomationDropMenu.qml:204: ReferenceError: scaleSize2 is not defined
[    13.53 ] W: qrc:/TrackPanels/Audio/Automation/AutomationDropMenu.qml:195: ReferenceError: scaleSize2 is not defined
[    13.53 ] W: qrc:/TrackPanels/Audio/Automation/AutomationDropMenu.qml:218: ReferenceError: scaleSize2 is not defined
[    13.53 ] W: qrc:/TrackPanels/Audio/Automation/AutomationDropMenu.qml:199: ReferenceError: scaleSize2 is not defined
[    13.53 ] W: qrc:/TrackPanels/Audio/Automation/AutomationDropMenu.qml:198: ReferenceError: scaleSize2 is not defined
[    13.53 ] W: qrc:/TrackPanels/Audio/Automation/AutomationDropMenu.qml:208: ReferenceError: scaleSize2 is not defined
[    13.53 ] W: qrc:/TrackPanels/Audio/Automation/AutomationDropMenu.qml:204: ReferenceError: scaleSize2 is not defined
[    13.53 ] W: qrc:/TrackPanels/Audio/Automation/AutomationDropMenu.qml:195: ReferenceError: scaleSize2 is not defined
[    13.53 ] W: qrc:/TrackPanels/Audio/Automation/AutomationDropMenu.qml:218: ReferenceError: scaleSize2 is not defined
[    13.53 ] W: qrc:/TrackPanels/Audio/Automation/AutomationDropMenu.qml:199: ReferenceError: scaleSize2 is not defined
[    13.53 ] W: qrc:/TrackPanels/Audio/Automation/AutomationDropMenu.qml:198: ReferenceError: scaleSize2 is not defined
[    13.53 ] W: qrc:/TrackPanels/Audio/Automation/AutomationDropMenu.qml:208: ReferenceError: scaleSize2 is not defined
[    13.53 ] W: qrc:/TrackPanels/Audio/Automation/AutomationDropMenu.qml:204: ReferenceError: scaleSize2 is not defined
[    13.53 ] W: qrc:/TrackPanels/Audio/Automation/AutomationDropMenu.qml:195: ReferenceError: scaleSize2 is not defined
[    13.54 ] W: qrc:/main.qml:663: TypeError: Cannot read property 'contentY' of undefined
[    13.55 ] W: qrc:/main.qml:663: TypeError: Cannot read property 'contentY' of undefined
[    13.56 ] W: qrc:/main.qml:663: TypeError: Cannot read property 'contentY' of undefined
[    13.57 ] W: qrc:/main.qml:663: TypeError: Cannot read property 'contentY' of undefined
[    13.58 ] W: qrc:/main.qml:663: TypeError: Cannot read property 'contentY' of undefined
[    13.59 ] W: qrc:/main.qml:663: TypeError: Cannot read property 'contentY' of undefined
[    13.60 ] W: qrc:/main.qml:663: TypeError: Cannot read property 'contentY' of undefined
[    13.61 ] W: qrc:/main.qml:663: TypeError: Cannot read property 'contentY' of undefined
[    13.62 ] W: qrc:/main.qml:663: TypeError: Cannot read property 'contentY' of undefined
[    13.63 ] W: qrc:/main.qml:663: TypeError: Cannot read property 'contentY' of undefined
[    13.64 ] W: qrc:/main.qml:663: TypeError: Cannot read property 'contentY' of undefined
[    13.65 ] W: qrc:/main.qml:663: TypeError: Cannot read property 'contentY' of undefined
[    13.66 ] W: qrc:/main.qml:663: TypeError: Cannot read property 'contentY' of undefined
[    13.67 ] W: qrc:/main.qml:663: TypeError: Cannot read property 'contentY' of undefined
[    13.68 ] W: qrc:/main.qml:663: TypeError: Cannot read property 'contentY' of undefined
[    13.69 ] W: qrc:/main.qml:663: TypeError: Cannot read property 'contentY' of undefined
[    13.70 ] W: qrc:/main.qml:663: TypeError: Cannot read property 'contentY' of undefined
[    13.71 ] W: qrc:/main.qml:663: TypeError: Cannot read property 'contentY' of undefined
[    13.72 ] W: qrc:/main.qml:663: TypeError: Cannot read property 'contentY' of undefined
[    13.73 ] W: qrc:/main.qml:663: TypeError: Cannot read property 'contentY' of undefined
[    13.74 ] W: qrc:/main.qml:663: TypeError: Cannot read property 'contentY' of undefined
[    13.75 ] W: qrc:/main.qml:663: TypeError: Cannot read property 'contentY' of undefined
[    13.76 ] W: qrc:/main.qml:663: TypeError: Cannot read property 'contentY' of undefined
[    13.77 ] W: qrc:/main.qml:663: TypeError: Cannot read property 'contentY' of undefined
[    13.78 ] W: qrc:/main.qml:663: TypeError: Cannot read property 'contentY' of undefined
[    13.79 ] W: qrc:/main.qml:663: TypeError: Cannot read property 'contentY' of undefined
[    13.80 ] W: qrc:/main.qml:663: TypeError: Cannot read property 'contentY' of undefined
[    13.81 ] W: qrc:/main.qml:663: TypeError: Cannot read property 'contentY' of undefined
[    13.82 ] W: qrc:/main.qml:663: TypeError: Cannot read property 'contentY' of undefined
[    13.83 ] W: qrc:/main.qml:663: TypeError: Cannot read property 'contentY' of undefined
[    13.84 ] W: qrc:/main.qml:663: TypeError: Cannot read property 'contentY' of undefined
[    13.85 ] W: qrc:/main.qml:663: TypeError: Cannot read property 'contentY' of undefined
[    13.86 ] W: qrc:/main.qml:663: TypeError: Cannot read property 'contentY' of undefined
[    13.87 ] W: qrc:/main.qml:663: TypeError: Cannot read property 'contentY' of undefined
[    13.88 ] W: qrc:/main.qml:663: TypeError: Cannot read property 'contentY' of undefined
[    13.89 ] W: qrc:/main.qml:663: TypeError: Cannot read property 'contentY' of undefined
[    13.90 ] W: qrc:/main.qml:663: TypeError: Cannot read property 'contentY' of undefined
[    13.91 ] W: qrc:/main.qml:663: TypeError: Cannot read property 'contentY' of undefined
[    13.92 ] W: qrc:/main.qml:663: TypeError: Cannot read property 'contentY' of undefined
[    13.93 ] W: qrc:/main.qml:663: TypeError: Cannot read property 'contentY' of undefined
[    13.94 ] W: qrc:/main.qml:663: TypeError: Cannot read property 'contentY' of undefined
[    13.95 ] W: qrc:/main.qml:663: TypeError: Cannot read property 'contentY' of undefined
[    13.96 ] W: qrc:/main.qml:663: TypeError: Cannot read property 'contentY' of undefined
[    13.97 ] W: qrc:/main.qml:663: TypeError: Cannot read property 'contentY' of undefined
[    13.99 ] W: qrc:/main.qml:663: TypeError: Cannot read property 'contentY' of undefined
[    13.99 ] W: qrc:/main.qml:663: TypeError: Cannot read property 'contentY' of undefined
[    14.00 ] W: qrc:/main.qml:663: TypeError: Cannot read property 'contentY' of undefined
[    14.01 ] W: qrc:/main.qml:663: TypeError: Cannot read property 'contentY' of undefined
[    14.02 ] W: qrc:/main.qml:663: TypeError: Cannot read property 'contentY' of undefined
[    14.03 ] W: qrc:/main.qml:663: TypeError: Cannot read property 'contentY' of undefined
[    14.04 ] W: qrc:/main.qml:663: TypeError: Cannot read property 'contentY' of undefined
[    14.05 ] W: qrc:/main.qml:663: TypeError: Cannot read property 'contentY' of undefined
[    14.06 ] W: qrc:/main.qml:663: TypeError: Cannot read property 'contentY' of undefined
[    14.07 ] W: qrc:/main.qml:663: TypeError: Cannot read property 'contentY' of undefined
[    14.09 ] W: qrc:/main.qml:663: TypeError: Cannot read property 'contentY' of undefined
[    14.09 ] W: qrc:/main.qml:663: TypeError: Cannot read property 'contentY' of undefined
[    14.10 ] W: qrc:/main.qml:663: TypeError: Cannot read property 'contentY' of undefined
[    14.11 ] W: qrc:/main.qml:663: TypeError: Cannot read property 'contentY' of undefined
[    14.12 ] W: qrc:/main.qml:663: TypeError: Cannot read property 'contentY' of undefined
[    14.13 ] W: qrc:/main.qml:663: TypeError: Cannot read property 'contentY' of undefined
[    14.14 ] W: qrc:/main.qml:663: TypeError: Cannot read property 'contentY' of undefined
[    14.15 ] W: qrc:/main.qml:663: TypeError: Cannot read property 'contentY' of undefined
[    14.16 ] W: qrc:/main.qml:663: TypeError: Cannot read property 'contentY' of undefined
[    14.17 ] W: qrc:/main.qml:663: TypeError: Cannot read property 'contentY' of undefined
[    14.18 ] W: qrc:/main.qml:663: TypeError: Cannot read property 'contentY' of undefined
[    14.19 ] W: qrc:/main.qml:663: TypeError: Cannot read property 'contentY' of undefined
[    14.20 ] W: qrc:/main.qml:663: TypeError: Cannot read property 'contentY' of undefined
[    14.21 ] W: qrc:/main.qml:663: TypeError: Cannot read property 'contentY' of undefined
[    14.22 ] W: qrc:/main.qml:663: TypeError: Cannot read property 'contentY' of undefined
[    14.23 ] W: qrc:/main.qml:663: TypeError: Cannot read property 'contentY' of undefined
[    14.24 ] W: qrc:/main.qml:663: TypeError: Cannot read property 'contentY' of undefined
[    14.25 ] W: qrc:/main.qml:663: TypeError: Cannot read property 'contentY' of undefined
[    14.27 ] W: qrc:/main.qml:663: TypeError: Cannot read property 'contentY' of undefined
[    14.28 ] W: qrc:/main.qml:663: TypeError: Cannot read property 'contentY' of undefined
[    14.29 ] W: qrc:/main.qml:663: TypeError: Cannot read property 'contentY' of undefined
[    14.30 ] W: qrc:/main.qml:663: TypeError: Cannot read property 'contentY' of undefined
[    14.31 ] W: qrc:/main.qml:663: TypeError: Cannot read property 'contentY' of undefined
[    14.32 ] W: qrc:/main.qml:663: TypeError: Cannot read property 'contentY' of undefined
[    14.33 ] W: qrc:/main.qml:663: TypeError: Cannot read property 'contentY' of undefined
[    14.34 ] W: qrc:/main.qml:663: TypeError: Cannot read property 'contentY' of undefined
[    14.35 ] W: qrc:/main.qml:663: TypeError: Cannot read property 'contentY' of undefined
[    14.36 ] W: qrc:/main.qml:663: TypeError: Cannot read property 'contentY' of undefined
[    14.37 ] W: qrc:/main.qml:663: TypeError: Cannot read property 'contentY' of undefined
[    14.38 ] W: qrc:/main.qml:663: TypeError: Cannot read property 'contentY' of undefined
[    14.39 ] W: qrc:/main.qml:663: TypeError: Cannot read property 'contentY' of undefined
[    14.40 ] W: qrc:/main.qml:663: TypeError: Cannot read property 'contentY' of undefined
[    14.41 ] W: qrc:/main.qml:663: TypeError: Cannot read property 'contentY' of undefined
[    14.42 ] W: qrc:/main.qml:663: TypeError: Cannot read property 'contentY' of undefined
[    14.43 ] W: qrc:/main.qml:663: TypeError: Cannot read property 'contentY' of undefined
[    14.44 ] W: qrc:/main.qml:663: TypeError: Cannot read property 'contentY' of undefined
[    14.45 ] W: qrc:/main.qml:663: TypeError: Cannot read property 'contentY' of undefined
[    14.46 ] W: qrc:/main.qml:663: TypeError: Cannot read property 'contentY' of undefined
[    14.47 ] W: qrc:/main.qml:663: TypeError: Cannot read property 'contentY' of undefined
[    14.48 ] W: qrc:/main.qml:663: TypeError: Cannot read property 'contentY' of undefined
[    14.49 ] W: qrc:/main.qml:663: TypeError: Cannot read property 'contentY' of undefined
[    14.50 ] W: qrc:/main.qml:663: TypeError: Cannot read property 'contentY' of undefined
[    14.52 ] W: qrc:/main.qml:663: TypeError: Cannot read property 'contentY' of undefined
[    14.53 ] W: qrc:/main.qml:663: TypeError: Cannot read property 'contentY' of undefined
[    14.54 ] W: qrc:/main.qml:663: TypeError: Cannot read property 'contentY' of undefined
[    14.55 ] W: qrc:/main.qml:663: TypeError: Cannot read property 'contentY' of undefined
[    14.56 ] W: qrc:/main.qml:663: TypeError: Cannot read property 'contentY' of undefined
[    14.57 ] W: qrc:/main.qml:663: TypeError: Cannot read property 'contentY' of undefined
[    14.58 ] W: qrc:/main.qml:663: TypeError: Cannot read property 'contentY' of undefined
[    14.59 ] W: qrc:/main.qml:663: TypeError: Cannot read property 'contentY' of undefined
[    14.60 ] W: qrc:/main.qml:663: TypeError: Cannot read property 'contentY' of undefined
[    14.61 ] W: qrc:/main.qml:663: TypeError: Cannot read property 'contentY' of undefined
[    14.62 ] W: qrc:/main.qml:663: TypeError: Cannot read property 'contentY' of undefined
[    14.63 ] W: qrc:/main.qml:663: TypeError: Cannot read property 'contentY' of undefined
[    14.64 ] W: qrc:/main.qml:663: TypeError: Cannot read property 'contentY' of undefined
[    14.65 ] W: qrc:/main.qml:663: TypeError: Cannot read property 'contentY' of undefined
[    14.66 ] W: qrc:/main.qml:663: TypeError: Cannot read property 'contentY' of undefined
[    14.67 ] W: qrc:/main.qml:663: TypeError: Cannot read property 'contentY' of undefined
[    14.68 ] W: qrc:/main.qml:663: TypeError: Cannot read property 'contentY' of undefined
[    14.69 ] W: qrc:/main.qml:663: TypeError: Cannot read property 'contentY' of undefined
[    14.70 ] W: qrc:/main.qml:663: TypeError: Cannot read property 'contentY' of undefined
[    14.71 ] W: qrc:/main.qml:663: TypeError: Cannot read property 'contentY' of undefined
[    14.72 ] W: qrc:/main.qml:663: TypeError: Cannot read property 'contentY' of undefined
[    14.73 ] W: qrc:/main.qml:663: TypeError: Cannot read property 'contentY' of undefined
[    14.74 ] W: qrc:/main.qml:663: TypeError: Cannot read property 'contentY' of undefined
[    14.75 ] W: qrc:/main.qml:663: TypeError: Cannot read property 'contentY' of undefined
[    14.76 ] W: qrc:/main.qml:663: TypeError: Cannot read property 'contentY' of undefined
[    14.77 ] W: qrc:/main.qml:663: TypeError: Cannot read property 'contentY' of undefined
[    14.78 ] W: qrc:/main.qml:663: TypeError: Cannot read property 'contentY' of undefined
[    14.79 ] W: qrc:/main.qml:663: TypeError: Cannot read property 'contentY' of undefined
[    14.80 ] W: qrc:/main.qml:663: TypeError: Cannot read property 'contentY' of undefined
[    14.81 ] W: qrc:/main.qml:663: TypeError: Cannot read property 'contentY' of undefined
[    14.82 ] W: qrc:/main.qml:663: TypeError: Cannot read property 'contentY' of undefined
[    14.83 ] W: qrc:/main.qml:663: TypeError: Cannot read property 'contentY' of undefined
[    14.84 ] W: qrc:/main.qml:663: TypeError: Cannot read property 'contentY' of undefined
[    14.85 ] W: qrc:/main.qml:663: TypeError: Cannot read property 'contentY' of undefined
[    14.86 ] W: qrc:/main.qml:663: TypeError: Cannot read property 'contentY' of undefined
[    14.87 ] W: qrc:/main.qml:663: TypeError: Cannot read property 'contentY' of undefined
[    14.88 ] W: qrc:/main.qml:663: TypeError: Cannot read property 'contentY' of undefined
[    14.89 ] W: qrc:/main.qml:663: TypeError: Cannot read property 'contentY' of undefined
[    14.90 ] W: qrc:/main.qml:663: TypeError: Cannot read property 'contentY' of undefined
[    14.92 ] W: qrc:/main.qml:663: TypeError: Cannot read property 'contentY' of undefined
[    14.94 ] W: qrc:/main.qml:663: TypeError: Cannot read property 'contentY' of undefined
[    14.94 ] W: qrc:/main.qml:663: TypeError: Cannot read property 'contentY' of undefined
[    14.95 ] W: qrc:/main.qml:663: TypeError: Cannot read property 'contentY' of undefined
[    14.96 ] W: qrc:/main.qml:663: TypeError: Cannot read property 'contentY' of undefined
[    14.97 ] W: qrc:/main.qml:663: TypeError: Cannot read property 'contentY' of undefined
[    14.98 ] W: qrc:/main.qml:663: TypeError: Cannot read property 'contentY' of undefined
[    14.99 ] W: qrc:/main.qml:663: TypeError: Cannot read property 'contentY' of undefined
[    15.00 ] W: qrc:/main.qml:663: TypeError: Cannot read property 'contentY' of undefined
[    15.01 ] W: qrc:/main.qml:663: TypeError: Cannot read property 'contentY' of undefined
[    15.02 ] W: qrc:/main.qml:663: TypeError: Cannot read property 'contentY' of undefined
[    15.03 ] W: qrc:/main.qml:663: TypeError: Cannot read property 'contentY' of undefined
[    15.04 ] W: qrc:/main.qml:663: TypeError: Cannot read property 'contentY' of undefined
[    15.05 ] W: qrc:/main.qml:663: TypeError: Cannot read property 'contentY' of undefined
[    15.06 ] W: qrc:/main.qml:663: TypeError: Cannot read property 'contentY' of undefined
[    15.07 ] W: qrc:/main.qml:663: TypeError: Cannot read property 'contentY' of undefined
[    15.08 ] W: qrc:/main.qml:663: TypeError: Cannot read property 'contentY' of undefined
[    15.09 ] W: qrc:/main.qml:663: TypeError: Cannot read property 'contentY' of undefined
[    15.10 ] W: qrc:/main.qml:663: TypeError: Cannot read property 'contentY' of undefined
[    15.11 ] W: qrc:/main.qml:663: TypeError: Cannot read property 'contentY' of undefined
[    15.12 ] W: qrc:/main.qml:663: TypeError: Cannot read property 'contentY' of undefined
[    15.13 ] W: qrc:/main.qml:663: TypeError: Cannot read property 'contentY' of undefined
[    15.14 ] W: qrc:/main.qml:663: TypeError: Cannot read property 'contentY' of undefined
[    15.15 ] W: qrc:/main.qml:663: TypeError: Cannot read property 'contentY' of undefined
[    15.16 ] W: qrc:/main.qml:663: TypeError: Cannot read property 'contentY' of undefined
[    15.17 ] W: qrc:/main.qml:663: TypeError: Cannot read property 'contentY' of undefined
[    15.18 ] W: qrc:/main.qml:663: TypeError: Cannot read property 'contentY' of undefined
[    15.19 ] W: qrc:/main.qml:663: TypeError: Cannot read property 'contentY' of undefined
[    15.20 ] W: qrc:/main.qml:663: TypeError: Cannot read property 'contentY' of undefined
[    15.21 ] W: qrc:/main.qml:663: TypeError: Cannot read property 'contentY' of undefined
[    15.22 ] W: qrc:/main.qml:663: TypeError: Cannot read property 'contentY' of undefined
[    15.24 ] W: qrc:/main.qml:663: TypeError: Cannot read property 'contentY' of undefined
[    15.25 ] W: qrc:/main.qml:663: TypeError: Cannot read property 'contentY' of undefined
[    15.27 ] W: qrc:/main.qml:663: TypeError: Cannot read property 'contentY' of undefined
[    15.28 ] W: qrc:/main.qml:663: TypeError: Cannot read property 'contentY' of undefined
[    15.29 ] W: qrc:/main.qml:663: TypeError: Cannot read property 'contentY' of undefined
[    15.30 ] W: qrc:/main.qml:663: TypeError: Cannot read property 'contentY' of undefined
[    15.31 ] W: qrc:/main.qml:663: TypeError: Cannot read property 'contentY' of undefined
[    15.32 ] W: qrc:/main.qml:663: TypeError: Cannot read property 'contentY' of undefined
[    15.34 ] W: qrc:/main.qml:663: TypeError: Cannot read property 'contentY' of undefined
[    15.34 ] W: qrc:/main.qml:663: TypeError: Cannot read property 'contentY' of undefined
[    15.35 ] W: qrc:/main.qml:663: TypeError: Cannot read property 'contentY' of undefined
[    15.37 ] W: qrc:/main.qml:663: TypeError: Cannot read property 'contentY' of undefined
[    15.39 ] W: qrc:/main.qml:663: TypeError: Cannot read property 'contentY' of undefined
[    15.39 ] W: qrc:/main.qml:663: TypeError: Cannot read property 'contentY' of undefined
[    15.40 ] W: qrc:/main.qml:663: TypeError: Cannot read property 'contentY' of undefined
[    15.42 ] W: qrc:/main.qml:663: TypeError: Cannot read property 'contentY' of undefined
[    15.44 ] W: qrc:/main.qml:663: TypeError: Cannot read property 'contentY' of undefined
[    15.44 ] W: qrc:/main.qml:663: TypeError: Cannot read property 'contentY' of undefined
[    15.47 ] W: qrc:/main.qml:663: TypeError: Cannot read property 'contentY' of undefined
[    15.48 ] W: qrc:/main.qml:663: TypeError: Cannot read property 'contentY' of undefined
[    15.49 ] W: qrc:/main.qml:663: TypeError: Cannot read property 'contentY' of undefined
[    15.50 ] W: qrc:/main.qml:663: TypeError: Cannot read property 'contentY' of undefined
[    15.52 ] W: qrc:/main.qml:663: TypeError: Cannot read property 'contentY' of undefined
[    15.53 ] W: qrc:/main.qml:663: TypeError: Cannot read property 'contentY' of undefined
[    15.54 ] W: qrc:/main.qml:663: TypeError: Cannot read property 'contentY' of undefined
[    15.55 ] W: qrc:/main.qml:663: TypeError: Cannot read property 'contentY' of undefined
[    15.57 ] W: qrc:/main.qml:663: TypeError: Cannot read property 'contentY' of undefined
[    15.59 ] W: qrc:/main.qml:663: TypeError: Cannot read property 'contentY' of undefined
[    15.59 ] W: qrc:/main.qml:663: TypeError: Cannot read property 'contentY' of undefined
[    15.60 ] W: qrc:/main.qml:663: TypeError: Cannot read property 'contentY' of undefined
[    15.61 ] W: qrc:/main.qml:663: TypeError: Cannot read property 'contentY' of undefined
[    15.62 ] W: qrc:/main.qml:663: TypeError: Cannot read property 'contentY' of undefined
[    15.63 ] W: qrc:/main.qml:663: TypeError: Cannot read property 'contentY' of undefined
[    15.64 ] W: qrc:/main.qml:663: TypeError: Cannot read property 'contentY' of undefined
[    15.65 ] W: qrc:/main.qml:663: TypeError: Cannot read property 'contentY' of undefined
[    15.66 ] W: qrc:/main.qml:663: TypeError: Cannot read property 'contentY' of undefined
[    15.67 ] W: qrc:/main.qml:663: TypeError: Cannot read property 'contentY' of undefined
[    15.68 ] W: qrc:/main.qml:663: TypeError: Cannot read property 'contentY' of undefined
[    15.69 ] W: qrc:/main.qml:663: TypeError: Cannot read property 'contentY' of undefined
[    15.70 ] W: qrc:/main.qml:663: TypeError: Cannot read property 'contentY' of undefined
[    15.71 ] W: qrc:/main.qml:663: TypeError: Cannot read property 'contentY' of undefined
[    15.72 ] W: qrc:/main.qml:663: TypeError: Cannot read property 'contentY' of undefined
[    15.73 ] W: qrc:/main.qml:663: TypeError: Cannot read property 'contentY' of undefined
[    15.74 ] W: qrc:/main.qml:663: TypeError: Cannot read property 'contentY' of undefined
[    15.75 ] W: qrc:/main.qml:663: TypeError: Cannot read property 'contentY' of undefined
[    15.76 ] W: qrc:/main.qml:663: TypeError: Cannot read property 'contentY' of undefined
[    15.77 ] W: qrc:/main.qml:663: TypeError: Cannot read property 'contentY' of undefined
[    15.78 ] W: qrc:/main.qml:663: TypeError: Cannot read property 'contentY' of undefined
[    15.79 ] W: qrc:/main.qml:663: TypeError: Cannot read property 'contentY' of undefined
[    15.80 ] W: qrc:/main.qml:663: TypeError: Cannot read property 'contentY' of undefined
[    15.81 ] W: qrc:/main.qml:663: TypeError: Cannot read property 'contentY' of undefined
[    15.82 ] W: qrc:/main.qml:663: TypeError: Cannot read property 'contentY' of undefined
[    15.83 ] W: qrc:/main.qml:663: TypeError: Cannot read property 'contentY' of undefined
[    15.84 ] W: qrc:/main.qml:663: TypeError: Cannot read property 'contentY' of undefined
[    15.85 ] W: qrc:/main.qml:663: TypeError: Cannot read property 'contentY' of undefined
[    15.87 ] W: qrc:/main.qml:663: TypeError: Cannot read property 'contentY' of undefined
[    15.89 ] W: qrc:/main.qml:663: TypeError: Cannot read property 'contentY' of undefined
[    15.89 ] W: qrc:/main.qml:663: TypeError: Cannot read property 'contentY' of undefined
[    15.90 ] W: qrc:/main.qml:663: TypeError: Cannot read property 'contentY' of undefined
[    15.92 ] W: qrc:/main.qml:663: TypeError: Cannot read property 'contentY' of undefined
[    15.94 ] W: qrc:/main.qml:663: TypeError: Cannot read property 'contentY' of undefined
[    15.94 ] W: qrc:/main.qml:663: TypeError: Cannot read property 'contentY' of undefined
[    15.95 ] W: qrc:/main.qml:663: TypeError: Cannot read property 'contentY' of undefined
[    15.96 ] W: qrc:/main.qml:663: TypeError: Cannot read property 'contentY' of undefined
[    15.97 ] W: qrc:/main.qml:663: TypeError: Cannot read property 'contentY' of undefined
[    15.98 ] W: qrc:/main.qml:663: TypeError: Cannot read property 'contentY' of undefined
[    15.99 ] W: qrc:/main.qml:663: TypeError: Cannot read property 'contentY' of undefined
[    16.00 ] W: qrc:/main.qml:663: TypeError: Cannot read property 'contentY' of undefined
[    16.02 ] W: qrc:/main.qml:663: TypeError: Cannot read property 'contentY' of undefined
[    16.03 ] W: qrc:/main.qml:663: TypeError: Cannot read property 'contentY' of undefined
[    16.04 ] W: qrc:/main.qml:663: TypeError: Cannot read property 'contentY' of undefined
[    16.05 ] W: qrc:/main.qml:663: TypeError: Cannot read property 'contentY' of undefined
[    16.07 ] W: qrc:/main.qml:663: TypeError: Cannot read property 'contentY' of undefined
[    16.08 ] W: qrc:/main.qml:663: TypeError: Cannot read property 'contentY' of undefined
[    16.09 ] W: qrc:/main.qml:663: TypeError: Cannot read property 'contentY' of undefined
[    16.10 ] W: qrc:/main.qml:663: TypeError: Cannot read property 'contentY' of undefined
[    16.12 ] W: qrc:/main.qml:663: TypeError: Cannot read property 'contentY' of undefined
[    16.13 ] W: qrc:/main.qml:663: TypeError: Cannot read property 'contentY' of undefined
[    16.14 ] W: qrc:/main.qml:663: TypeError: Cannot read property 'contentY' of undefined
[    16.15 ] W: qrc:/main.qml:663: TypeError: Cannot read property 'contentY' of undefined
[    16.16 ] W: qrc:/main.qml:663: TypeError: Cannot read property 'contentY' of undefined
[    16.17 ] W: qrc:/main.qml:663: TypeError: Cannot read property 'contentY' of undefined
[    16.18 ] W: qrc:/main.qml:663: TypeError: Cannot read property 'contentY' of undefined
[    16.19 ] W: qrc:/main.qml:663: TypeError: Cannot read property 'contentY' of undefined
[    16.20 ] W: qrc:/main.qml:663: TypeError: Cannot read property 'contentY' of undefined
[    16.21 ] W: qrc:/main.qml:663: TypeError: Cannot read property 'contentY' of undefined
[    16.22 ] W: qrc:/main.qml:663: TypeError: Cannot read property 'contentY' of undefined
[    16.24 ] W: qrc:/main.qml:663: TypeError: Cannot read property 'contentY' of undefined
[    16.24 ] W: qrc:/main.qml:663: TypeError: Cannot read property 'contentY' of undefined
[    16.25 ] W: qrc:/main.qml:663: TypeError: Cannot read property 'contentY' of undefined
[    16.27 ] W: qrc:/main.qml:663: TypeError: Cannot read property 'contentY' of undefined
[    16.28 ] W: qrc:/main.qml:663: TypeError: Cannot read property 'contentY' of undefined
[    16.29 ] W: qrc:/main.qml:663: TypeError: Cannot read property 'contentY' of undefined
[    16.30 ] W: qrc:/main.qml:663: TypeError: Cannot read property 'contentY' of undefined
[    16.31 ] W: qrc:/main.qml:663: TypeError: Cannot read property 'contentY' of undefined
[    16.32 ] W: qrc:/main.qml:663: TypeError: Cannot read property 'contentY' of undefined
[    16.33 ] W: qrc:/main.qml:663: TypeError: Cannot read property 'contentY' of undefined
[    16.34 ] W: qrc:/main.qml:663: TypeError: Cannot read property 'contentY' of undefined
[    16.35 ] W: qrc:/main.qml:663: TypeError: Cannot read property 'contentY' of undefined
[    16.36 ] W: qrc:/main.qml:663: TypeError: Cannot read property 'contentY' of undefined
[    16.37 ] W: qrc:/main.qml:663: TypeError: Cannot read property 'contentY' of undefined
[    16.38 ] W: qrc:/main.qml:663: TypeError: Cannot read property 'contentY' of undefined
[    16.39 ] W: qrc:/main.qml:663: TypeError: Cannot read property 'contentY' of undefined
[    16.40 ] W: qrc:/main.qml:663: TypeError: Cannot read property 'contentY' of undefined
[    16.41 ] W: qrc:/main.qml:663: TypeError: Cannot read property 'contentY' of undefined
[    16.42 ] W: qrc:/main.qml:663: TypeError: Cannot read property 'contentY' of undefined
[    16.43 ] W: qrc:/main.qml:663: TypeError: Cannot read property 'contentY' of undefined
[    16.44 ] W: qrc:/main.qml:663: TypeError: Cannot read property 'contentY' of undefined
[    16.45 ] W: qrc:/main.qml:663: TypeError: Cannot read property 'contentY' of undefined
[    16.46 ] W: qrc:/main.qml:663: TypeError: Cannot read property 'contentY' of undefined
[    16.47 ] W: qrc:/main.qml:663: TypeError: Cannot read property 'contentY' of undefined
[    16.48 ] W: qrc:/main.qml:663: TypeError: Cannot read property 'contentY' of undefined
[    16.49 ] W: qrc:/main.qml:663: TypeError: Cannot read property 'contentY' of undefined
[    16.50 ] W: qrc:/main.qml:663: TypeError: Cannot read property 'contentY' of undefined
[    16.52 ] W: qrc:/main.qml:663: TypeError: Cannot read property 'contentY' of undefined
[    16.53 ] W: qrc:/main.qml:663: TypeError: Cannot read property 'contentY' of undefined
[    16.54 ] W: qrc:/main.qml:663: TypeError: Cannot read property 'contentY' of undefined
[    16.55 ] W: qrc:/main.qml:663: TypeError: Cannot read property 'contentY' of undefined
[    16.56 ] W: qrc:/main.qml:663: TypeError: Cannot read property 'contentY' of undefined
[    16.57 ] W: qrc:/main.qml:663: TypeError: Cannot read property 'contentY' of undefined
[    16.58 ] W: qrc:/main.qml:663: TypeError: Cannot read property 'contentY' of undefined
[    16.59 ] W: qrc:/main.qml:663: TypeError: Cannot read property 'contentY' of undefined
[    16.60 ] W: qrc:/main.qml:663: TypeError: Cannot read property 'contentY' of undefined
[    16.61 ] W: qrc:/main.qml:663: TypeError: Cannot read property 'contentY' of undefined
[    16.62 ] W: qrc:/main.qml:663: TypeError: Cannot read property 'contentY' of undefined
[    16.63 ] W: qrc:/main.qml:663: TypeError: Cannot read property 'contentY' of undefined
[    16.64 ] W: qrc:/main.qml:663: TypeError: Cannot read property 'contentY' of undefined
[    16.65 ] W: qrc:/main.qml:663: TypeError: Cannot read property 'contentY' of undefined
[    16.66 ] W: qrc:/main.qml:663: TypeError: Cannot read property 'contentY' of undefined
[    16.67 ] W: qrc:/main.qml:663: TypeError: Cannot read property 'contentY' of undefined
[    16.68 ] W: qrc:/main.qml:663: TypeError: Cannot read property 'contentY' of undefined
[    16.69 ] W: qrc:/main.qml:663: TypeError: Cannot read property 'contentY' of undefined
[    16.70 ] W: qrc:/main.qml:663: TypeError: Cannot read property 'contentY' of undefined
[    16.71 ] W: qrc:/main.qml:663: TypeError: Cannot read property 'contentY' of undefined
[    16.72 ] W: qrc:/main.qml:663: TypeError: Cannot read property 'contentY' of undefined
[    16.73 ] W: qrc:/main.qml:663: TypeError: Cannot read property 'contentY' of undefined
[    16.74 ] W: qrc:/main.qml:663: TypeError: Cannot read property 'contentY' of undefined
[    16.75 ] W: qrc:/main.qml:663: TypeError: Cannot read property 'contentY' of undefined
[    16.77 ] W: qrc:/main.qml:663: TypeError: Cannot read property 'contentY' of undefined
[    16.78 ] W: qrc:/main.qml:663: TypeError: Cannot read property 'contentY' of undefined
[    16.79 ] W: qrc:/main.qml:663: TypeError: Cannot read property 'contentY' of undefined
[    16.80 ] W: qrc:/main.qml:663: TypeError: Cannot read property 'contentY' of undefined
[    16.81 ] W: qrc:/main.qml:663: TypeError: Cannot read property 'contentY' of undefined
[    16.82 ] W: qrc:/main.qml:663: TypeError: Cannot read property 'contentY' of undefined
[    16.83 ] W: qrc:/main.qml:663: TypeError: Cannot read property 'contentY' of undefined
[    16.84 ] W: qrc:/main.qml:663: TypeError: Cannot read property 'contentY' of undefined
[    16.85 ] W: qrc:/main.qml:663: TypeError: Cannot read property 'contentY' of undefined
[    16.86 ] W: qrc:/main.qml:663: TypeError: Cannot read property 'contentY' of undefined
[    16.87 ] W: qrc:/main.qml:663: TypeError: Cannot read property 'contentY' of undefined
[    16.88 ] W: qrc:/main.qml:663: TypeError: Cannot read property 'contentY' of undefined
[    16.89 ] W: qrc:/main.qml:663: TypeError: Cannot read property 'contentY' of undefined
[    16.90 ] W: qrc:/main.qml:663: TypeError: Cannot read property 'contentY' of undefined
[    16.91 ] W: qrc:/main.qml:663: TypeError: Cannot read property 'contentY' of undefined
[    16.92 ] W: qrc:/main.qml:663: TypeError: Cannot read property 'contentY' of undefined
[    16.93 ] W: qrc:/main.qml:663: TypeError: Cannot read property 'contentY' of undefined
[    16.94 ] W: qrc:/main.qml:663: TypeError: Cannot read property 'contentY' of undefined
[    16.95 ] W: qrc:/main.qml:663: TypeError: Cannot read property 'contentY' of undefined
[    16.96 ] W: qrc:/main.qml:663: TypeError: Cannot read property 'contentY' of undefined
[    16.97 ] W: qrc:/main.qml:663: TypeError: Cannot read property 'contentY' of undefined
[    16.98 ] W: qrc:/main.qml:663: TypeError: Cannot read property 'contentY' of undefined
[    16.99 ] W: qrc:/main.qml:663: TypeError: Cannot read property 'contentY' of undefined
[    17.00 ] W: qrc:/main.qml:663: TypeError: Cannot read property 'contentY' of undefined
[    17.02 ] W: qrc:/main.qml:663: TypeError: Cannot read property 'contentY' of undefined
[    17.03 ] W: qrc:/main.qml:663: TypeError: Cannot read property 'contentY' of undefined
[    17.04 ] W: qrc:/main.qml:663: TypeError: Cannot read property 'contentY' of undefined
[    17.05 ] W: qrc:/main.qml:663: TypeError: Cannot read property 'contentY' of undefined
[    17.06 ] W: qrc:/main.qml:663: TypeError: Cannot read property 'contentY' of undefined
[    17.07 ] W: qrc:/main.qml:663: TypeError: Cannot read property 'contentY' of undefined
[    17.08 ] W: qrc:/main.qml:663: TypeError: Cannot read property 'contentY' of undefined
[    17.09 ] W: qrc:/main.qml:663: TypeError: Cannot read property 'contentY' of undefined
[    17.10 ] W: qrc:/main.qml:663: TypeError: Cannot read property 'contentY' of undefined
[    17.11 ] W: qrc:/main.qml:663: TypeError: Cannot read property 'contentY' of undefined
[    17.12 ] W: qrc:/main.qml:663: TypeError: Cannot read property 'contentY' of undefined
[    17.13 ] W: qrc:/main.qml:663: TypeError: Cannot read property 'contentY' of undefined
[    17.14 ] W: qrc:/main.qml:663: TypeError: Cannot read property 'contentY' of undefined
[    17.15 ] W: qrc:/main.qml:663: TypeError: Cannot read property 'contentY' of undefined
[    17.16 ] W: qrc:/main.qml:663: TypeError: Cannot read property 'contentY' of undefined
[    17.17 ] W: qrc:/main.qml:663: TypeError: Cannot read property 'contentY' of undefined
[    17.18 ] W: qrc:/main.qml:663: TypeError: Cannot read property 'contentY' of undefined
[    17.19 ] W: qrc:/main.qml:663: TypeError: Cannot read property 'contentY' of undefined
[    17.20 ] W: qrc:/main.qml:663: TypeError: Cannot read property 'contentY' of undefined
[    17.21 ] W: qrc:/main.qml:663: TypeError: Cannot read property 'contentY' of undefined
[    17.22 ] W: qrc:/main.qml:663: TypeError: Cannot read property 'contentY' of undefined
[    17.23 ] W: qrc:/main.qml:663: TypeError: Cannot read property 'contentY' of undefined
[    17.24 ] W: qrc:/main.qml:663: TypeError: Cannot read property 'contentY' of undefined
[    17.25 ] W: qrc:/main.qml:663: TypeError: Cannot read property 'contentY' of undefined
[    17.26 ] W: qrc:/main.qml:663: TypeError: Cannot read property 'contentY' of undefined
[    17.27 ] W: qrc:/main.qml:663: TypeError: Cannot read property 'contentY' of undefined
[    17.28 ] W: qrc:/main.qml:663: TypeError: Cannot read property 'contentY' of undefined
[    17.29 ] W: qrc:/main.qml:663: TypeError: Cannot read property 'contentY' of undefined
[    17.30 ] W: qrc:/main.qml:663: TypeError: Cannot read property 'contentY' of undefined
[    17.31 ] W: qrc:/main.qml:663: TypeError: Cannot read property 'contentY' of undefined
[    17.32 ] W: qrc:/main.qml:663: TypeError: Cannot read property 'contentY' of undefined
[    17.33 ] W: qrc:/main.qml:663: TypeError: Cannot read property 'contentY' of undefined
[    17.34 ] W: qrc:/main.qml:663: TypeError: Cannot read property 'contentY' of undefined
[    17.35 ] W: qrc:/main.qml:663: TypeError: Cannot read property 'contentY' of undefined
[    17.36 ] W: qrc:/main.qml:663: TypeError: Cannot read property 'contentY' of undefined
[    17.37 ] W: qrc:/main.qml:663: TypeError: Cannot read property 'contentY' of undefined
[    17.38 ] W: qrc:/main.qml:663: TypeError: Cannot read property 'contentY' of undefined
[    17.39 ] W: qrc:/main.qml:663: TypeError: Cannot read property 'contentY' of undefined
[    17.40 ] W: qrc:/main.qml:663: TypeError: Cannot read property 'contentY' of undefined
[    17.41 ] W: qrc:/main.qml:663: TypeError: Cannot read property 'contentY' of undefined
[    17.42 ] W: qrc:/main.qml:663: TypeError: Cannot read property 'contentY' of undefined
[    17.43 ] W: qrc:/main.qml:663: TypeError: Cannot read property 'contentY' of undefined
[    17.44 ] W: qrc:/main.qml:663: TypeError: Cannot read property 'contentY' of undefined
[    17.45 ] W: qrc:/main.qml:663: TypeError: Cannot read property 'contentY' of undefined
[    17.46 ] W: qrc:/main.qml:663: TypeError: Cannot read property 'contentY' of undefined
[    17.47 ] W: qrc:/main.qml:663: TypeError: Cannot read property 'contentY' of undefined
[    17.49 ] W: qrc:/main.qml:663: TypeError: Cannot read property 'contentY' of undefined
[    17.49 ] W: qrc:/main.qml:663: TypeError: Cannot read property 'contentY' of undefined
[    17.50 ] W: qrc:/main.qml:663: TypeError: Cannot read property 'contentY' of undefined
[    17.51 ] W: qrc:/main.qml:663: TypeError: Cannot read property 'contentY' of undefined
[    17.52 ] W: qrc:/main.qml:663: TypeError: Cannot read property 'contentY' of undefined
[    17.53 ] W: qrc:/main.qml:663: TypeError: Cannot read property 'contentY' of undefined
[    17.54 ] W: qrc:/main.qml:663: TypeError: Cannot read property 'contentY' of undefined
[    17.55 ] W: qrc:/main.qml:663: TypeError: Cannot read property 'contentY' of undefined
[    17.56 ] W: qrc:/main.qml:663: TypeError: Cannot read property 'contentY' of undefined
[    17.57 ] W: qrc:/main.qml:663: TypeError: Cannot read property 'contentY' of undefined
[    17.58 ] W: qrc:/main.qml:663: TypeError: Cannot read property 'contentY' of undefined
[    17.59 ] W: qrc:/main.qml:663: TypeError: Cannot read property 'contentY' of undefined
[    17.60 ] W: qrc:/main.qml:663: TypeError: Cannot read property 'contentY' of undefined
[    17.61 ] W: qrc:/main.qml:663: TypeError: Cannot read property 'contentY' of undefined
[    17.62 ] W: qrc:/main.qml:663: TypeError: Cannot read property 'contentY' of undefined
[    17.63 ] W: qrc:/main.qml:663: TypeError: Cannot read property 'contentY' of undefined
[    17.64 ] W: qrc:/main.qml:663: TypeError: Cannot read property 'contentY' of undefined
[    17.65 ] W: qrc:/main.qml:663: TypeError: Cannot read property 'contentY' of undefined
[    17.66 ] W: qrc:/main.qml:663: TypeError: Cannot read property 'contentY' of undefined
[    17.67 ] W: qrc:/main.qml:663: TypeError: Cannot read property 'contentY' of undefined
[    17.68 ] W: qrc:/main.qml:663: TypeError: Cannot read property 'contentY' of undefined
[    17.69 ] W: qrc:/main.qml:663: TypeError: Cannot read property 'contentY' of undefined
[    17.70 ] W: qrc:/main.qml:663: TypeError: Cannot read property 'contentY' of undefined
[    17.71 ] W: qrc:/main.qml:663: TypeError: Cannot read property 'contentY' of undefined
[    17.72 ] W: qrc:/main.qml:663: TypeError: Cannot read property 'contentY' of undefined
[    17.74 ] W: qrc:/main.qml:663: TypeError: Cannot read property 'contentY' of undefined
[    17.74 ] W: qrc:/main.qml:663: TypeError: Cannot read property 'contentY' of undefined
[    17.75 ] W: qrc:/main.qml:663: TypeError: Cannot read property 'contentY' of undefined
[    17.76 ] W: qrc:/main.qml:663: TypeError: Cannot read property 'contentY' of undefined
[    17.77 ] W: qrc:/main.qml:663: TypeError: Cannot read property 'contentY' of undefined
[    17.78 ] W: qrc:/main.qml:663: TypeError: Cannot read property 'contentY' of undefined
[    17.79 ] W: qrc:/main.qml:663: TypeError: Cannot read property 'contentY' of undefined
[    17.80 ] W: qrc:/main.qml:663: TypeError: Cannot read property 'contentY' of undefined
[    17.81 ] W: qrc:/main.qml:663: TypeError: Cannot read property 'contentY' of undefined
[    17.82 ] W: qrc:/main.qml:663: TypeError: Cannot read property 'contentY' of undefined
[    17.83 ] W: qrc:/main.qml:663: TypeError: Cannot read property 'contentY' of undefined
[    17.84 ] W: qrc:/main.qml:663: TypeError: Cannot read property 'contentY' of undefined
[    17.85 ] W: qrc:/main.qml:663: TypeError: Cannot read property 'contentY' of undefined
[    17.86 ] W: qrc:/main.qml:663: TypeError: Cannot read property 'contentY' of undefined
[    17.87 ] W: qrc:/main.qml:663: TypeError: Cannot read property 'contentY' of undefined
[    17.88 ] W: qrc:/main.qml:663: TypeError: Cannot read property 'contentY' of undefined
[    17.89 ] W: qrc:/main.qml:663: TypeError: Cannot read property 'contentY' of undefined
[    17.90 ] W: qrc:/main.qml:663: TypeError: Cannot read property 'contentY' of undefined
[    17.91 ] W: qrc:/main.qml:663: TypeError: Cannot read property 'contentY' of undefined
[    17.92 ] W: qrc:/main.qml:663: TypeError: Cannot read property 'contentY' of undefined
[    17.93 ] W: qrc:/main.qml:663: TypeError: Cannot read property 'contentY' of undefined
[    17.94 ] W: qrc:/main.qml:663: TypeError: Cannot read property 'contentY' of undefined
[    17.95 ] W: qrc:/main.qml:663: TypeError: Cannot read property 'contentY' of undefined
[    17.96 ] W: qrc:/main.qml:663: TypeError: Cannot read property 'contentY' of undefined
[    17.97 ] W: qrc:/main.qml:663: TypeError: Cannot read property 'contentY' of undefined
[    17.98 ] W: qrc:/main.qml:663: TypeError: Cannot read property 'contentY' of undefined
[    17.99 ] W: qrc:/main.qml:663: TypeError: Cannot read property 'contentY' of undefined
[    18.00 ] W: qrc:/main.qml:663: TypeError: Cannot read property 'contentY' of undefined
[    18.01 ] W: qrc:/main.qml:663: TypeError: Cannot read property 'contentY' of undefined
[    18.02 ] W: qrc:/main.qml:663: TypeError: Cannot read property 'contentY' of undefined
[    18.03 ] W: qrc:/main.qml:663: TypeError: Cannot read property 'contentY' of undefined
[    18.04 ] W: qrc:/main.qml:663: TypeError: Cannot read property 'contentY' of undefined
[    18.05 ] W: qrc:/main.qml:663: TypeError: Cannot read property 'contentY' of undefined
[    18.06 ] W: qrc:/main.qml:663: TypeError: Cannot read property 'contentY' of undefined
[    18.07 ] W: qrc:/main.qml:663: TypeError: Cannot read property 'contentY' of undefined
[    18.09 ] W: qrc:/main.qml:663: TypeError: Cannot read property 'contentY' of undefined
[    18.09 ] W: qrc:/main.qml:663: TypeError: Cannot read property 'contentY' of undefined
[    18.10 ] W: qrc:/main.qml:663: TypeError: Cannot read property 'contentY' of undefined
[    18.12 ] W: qrc:/main.qml:663: TypeError: Cannot read property 'contentY' of undefined
[    18.14 ] W: qrc:/main.qml:663: TypeError: Cannot read property 'contentY' of undefined
[    18.14 ] W: qrc:/main.qml:663: TypeError: Cannot read property 'contentY' of undefined
[    18.15 ] W: qrc:/main.qml:663: TypeError: Cannot read property 'contentY' of undefined
[    18.16 ] W: qrc:/main.qml:663: TypeError: Cannot read property 'contentY' of undefined
[    18.19 ] W: qrc:/main.qml:663: TypeError: Cannot read property 'contentY' of undefined
[    18.19 ] W: qrc:/main.qml:663: TypeError: Cannot read property 'contentY' of undefined
[    18.20 ] W: qrc:/main.qml:663: TypeError: Cannot read property 'contentY' of undefined
[    18.22 ] W: qrc:/main.qml:663: TypeError: Cannot read property 'contentY' of undefined
[    18.24 ] W: qrc:/main.qml:663: TypeError: Cannot read property 'contentY' of undefined
[    18.24 ] W: qrc:/main.qml:663: TypeError: Cannot read property 'contentY' of undefined
[    18.25 ] W: qrc:/main.qml:663: TypeError: Cannot read property 'contentY' of undefined
[    18.27 ] W: qrc:/main.qml:663: TypeError: Cannot read property 'contentY' of undefined
[    18.28 ] W: qrc:/main.qml:663: TypeError: Cannot read property 'contentY' of undefined
[    18.29 ] W: qrc:/main.qml:663: TypeError: Cannot read property 'contentY' of undefined
[    18.30 ] W: qrc:/main.qml:663: TypeError: Cannot read property 'contentY' of undefined
[    18.31 ] W: qrc:/main.qml:663: TypeError: Cannot read property 'contentY' of undefined
[    18.32 ] W: qrc:/main.qml:663: TypeError: Cannot read property 'contentY' of undefined
[    18.33 ] W: qrc:/main.qml:663: TypeError: Cannot read property 'contentY' of undefined
[    18.34 ] W: qrc:/main.qml:663: TypeError: Cannot read property 'contentY' of undefined
[    18.35 ] W: qrc:/main.qml:663: TypeError: Cannot read property 'contentY' of undefined
[    18.36 ] W: qrc:/main.qml:663: TypeError: Cannot read property 'contentY' of undefined
[    18.37 ] W: qrc:/main.qml:663: TypeError: Cannot read property 'contentY' of undefined
[    18.39 ] W: qrc:/main.qml:663: TypeError: Cannot read property 'contentY' of undefined
[    18.40 ] W: qrc:/main.qml:663: TypeError: Cannot read property 'contentY' of undefined
[    18.42 ] W: qrc:/main.qml:663: TypeError: Cannot read property 'contentY' of undefined
[    18.44 ] W: qrc:/main.qml:663: TypeError: Cannot read property 'contentY' of undefined
[    18.44 ] W: qrc:/main.qml:663: TypeError: Cannot read property 'contentY' of undefined
[    18.45 ] W: qrc:/main.qml:663: TypeError: Cannot read property 'contentY' of undefined
[    18.47 ] W: qrc:/main.qml:663: TypeError: Cannot read property 'contentY' of undefined
[    18.49 ] W: qrc:/main.qml:663: TypeError: Cannot read property 'contentY' of undefined
[    18.49 ] W: qrc:/main.qml:663: TypeError: Cannot read property 'contentY' of undefined
[    18.50 ] W: qrc:/main.qml:663: TypeError: Cannot read property 'contentY' of undefined
[    18.52 ] W: qrc:/main.qml:663: TypeError: Cannot read property 'contentY' of undefined
[    18.53 ] W: qrc:/main.qml:663: TypeError: Cannot read property 'contentY' of undefined
[    18.54 ] W: qrc:/main.qml:663: TypeError: Cannot read property 'contentY' of undefined
[    18.55 ] W: qrc:/main.qml:663: TypeError: Cannot read property 'contentY' of undefined
[    18.56 ] W: qrc:/main.qml:663: TypeError: Cannot read property 'contentY' of undefined
[    18.57 ] W: qrc:/main.qml:663: TypeError: Cannot read property 'contentY' of undefined
[    18.58 ] W: qrc:/main.qml:663: TypeError: Cannot read property 'contentY' of undefined
[    18.59 ] W: qrc:/main.qml:663: TypeError: Cannot read property 'contentY' of undefined
[    18.60 ] W: qrc:/main.qml:663: TypeError: Cannot read property 'contentY' of undefined
[    18.61 ] W: qrc:/main.qml:663: TypeError: Cannot read property 'contentY' of undefined
[    18.62 ] W: qrc:/main.qml:663: TypeError: Cannot read property 'contentY' of undefined
[    18.63 ] W: qrc:/main.qml:663: TypeError: Cannot read property 'contentY' of undefined
[    18.64 ] W: qrc:/main.qml:663: TypeError: Cannot read property 'contentY' of undefined
[    18.65 ] W: qrc:/main.qml:663: TypeError: Cannot read property 'contentY' of undefined
[    18.66 ] W: qrc:/main.qml:663: TypeError: Cannot read property 'contentY' of undefined
[    18.67 ] W: qrc:/main.qml:663: TypeError: Cannot read property 'contentY' of undefined
[    18.68 ] W: qrc:/main.qml:663: TypeError: Cannot read property 'contentY' of undefined
[    18.69 ] W: qrc:/main.qml:663: TypeError: Cannot read property 'contentY' of undefined
[    18.70 ] W: qrc:/main.qml:663: TypeError: Cannot read property 'contentY' of undefined
[    18.71 ] W: qrc:/main.qml:663: TypeError: Cannot read property 'contentY' of undefined
[    18.72 ] W: qrc:/main.qml:663: TypeError: Cannot read property 'contentY' of undefined
[    18.74 ] W: qrc:/main.qml:663: TypeError: Cannot read property 'contentY' of undefined
[    18.74 ] W: qrc:/main.qml:663: TypeError: Cannot read property 'contentY' of undefined
[    18.75 ] W: qrc:/main.qml:663: TypeError: Cannot read property 'contentY' of undefined
[    18.76 ] W: qrc:/main.qml:663: TypeError: Cannot read property 'contentY' of undefined
[    18.77 ] W: qrc:/main.qml:663: TypeError: Cannot read property 'contentY' of undefined
[    18.78 ] W: qrc:/main.qml:663: TypeError: Cannot read property 'contentY' of undefined
[    18.79 ] W: qrc:/main.qml:663: TypeError: Cannot read property 'contentY' of undefined
[    18.80 ] W: qrc:/main.qml:663: TypeError: Cannot read property 'contentY' of undefined
[    18.81 ] W: qrc:/main.qml:663: TypeError: Cannot read property 'contentY' of undefined
[    18.82 ] W: qrc:/main.qml:663: TypeError: Cannot read property 'contentY' of undefined
[    18.83 ] W: qrc:/main.qml:663: TypeError: Cannot read property 'contentY' of undefined
[    18.84 ] W: qrc:/main.qml:663: TypeError: Cannot read property 'contentY' of undefined
[    18.85 ] W: qrc:/main.qml:663: TypeError: Cannot read property 'contentY' of undefined
[    18.86 ] W: qrc:/main.qml:663: TypeError: Cannot read property 'contentY' of undefined
[    18.87 ] W: qrc:/main.qml:663: TypeError: Cannot read property 'contentY' of undefined
[    18.88 ] W: qrc:/main.qml:663: TypeError: Cannot read property 'contentY' of undefined
[    18.89 ] W: qrc:/main.qml:663: TypeError: Cannot read property 'contentY' of undefined
[    18.90 ] W: qrc:/main.qml:663: TypeError: Cannot read property 'contentY' of undefined
[    18.91 ] W: qrc:/main.qml:663: TypeError: Cannot read property 'contentY' of undefined
[    18.92 ] W: qrc:/main.qml:663: TypeError: Cannot read property 'contentY' of undefined
[    18.94 ] W: qrc:/main.qml:663: TypeError: Cannot read property 'contentY' of undefined
[    18.95 ] W: qrc:/main.qml:663: TypeError: Cannot read property 'contentY' of undefined
[    18.97 ] W: qrc:/main.qml:663: TypeError: Cannot read property 'contentY' of undefined
[    18.99 ] W: qrc:/main.qml:663: TypeError: Cannot read property 'contentY' of undefined
[    18.99 ] W: qrc:/main.qml:663: TypeError: Cannot read property 'contentY' of undefined
[    19.00 ] W: qrc:/main.qml:663: TypeError: Cannot read property 'contentY' of undefined
[    19.02 ] W: qrc:/main.qml:663: TypeError: Cannot read property 'contentY' of undefined
[    19.03 ] W: qrc:/main.qml:663: TypeError: Cannot read property 'contentY' of undefined
[    19.04 ] W: qrc:/main.qml:663: TypeError: Cannot read property 'contentY' of undefined
[    19.05 ] W: qrc:/main.qml:663: TypeError: Cannot read property 'contentY' of undefined
[    19.06 ] W: qrc:/main.qml:663: TypeError: Cannot read property 'contentY' of undefined
[    19.07 ] W: qrc:/main.qml:663: TypeError: Cannot read property 'contentY' of undefined
[    19.08 ] W: qrc:/main.qml:663: TypeError: Cannot read property 'contentY' of undefined
[    19.09 ] W: qrc:/main.qml:663: TypeError: Cannot read property 'contentY' of undefined
[    19.10 ] W: qrc:/main.qml:663: TypeError: Cannot read property 'contentY' of undefined
[    19.11 ] W: qrc:/main.qml:663: TypeError: Cannot read property 'contentY' of undefined
[    19.12 ] W: qrc:/main.qml:663: TypeError: Cannot read property 'contentY' of undefined
[    19.13 ] W: qrc:/main.qml:663: TypeError: Cannot read property 'contentY' of undefined
[    19.14 ] W: qrc:/main.qml:663: TypeError: Cannot read property 'contentY' of undefined
[    19.15 ] W: qrc:/main.qml:663: TypeError: Cannot read property 'contentY' of undefined
[    19.16 ] W: qrc:/main.qml:663: TypeError: Cannot read property 'contentY' of undefined
[    19.17 ] W: qrc:/main.qml:663: TypeError: Cannot read property 'contentY' of undefined
[    19.18 ] W: qrc:/main.qml:663: TypeError: Cannot read property 'contentY' of undefined
[    19.19 ] W: qrc:/main.qml:663: TypeError: Cannot read property 'contentY' of undefined
[    19.20 ] W: qrc:/main.qml:663: TypeError: Cannot read property 'contentY' of undefined
[    19.21 ] W: qrc:/main.qml:663: TypeError: Cannot read property 'contentY' of undefined
[    19.22 ] W: qrc:/main.qml:663: TypeError: Cannot read property 'contentY' of undefined
[    19.24 ] W: qrc:/main.qml:663: TypeError: Cannot read property 'contentY' of undefined
[    19.24 ] W: qrc:/main.qml:663: TypeError: Cannot read property 'contentY' of undefined
[    19.25 ] W: qrc:/main.qml:663: TypeError: Cannot read property 'contentY' of undefined
[    19.26 ] W: qrc:/main.qml:663: TypeError: Cannot read property 'contentY' of undefined
[    19.27 ] W: qrc:/main.qml:663: TypeError: Cannot read property 'contentY' of undefined
[    19.28 ] W: qrc:/main.qml:663: TypeError: Cannot read property 'contentY' of undefined
[    19.29 ] W: qrc:/main.qml:663: TypeError: Cannot read property 'contentY' of undefined
[    19.30 ] W: qrc:/main.qml:663: TypeError: Cannot read property 'contentY' of undefined
[    19.31 ] W: qrc:/main.qml:663: TypeError: Cannot read property 'contentY' of undefined
[    19.32 ] W: qrc:/main.qml:663: TypeError: Cannot read property 'contentY' of undefined
[    19.33 ] W: qrc:/main.qml:663: TypeError: Cannot read property 'contentY' of undefined
[    19.34 ] W: qrc:/main.qml:663: TypeError: Cannot read property 'contentY' of undefined
[    19.35 ] W: qrc:/main.qml:663: TypeError: Cannot read property 'contentY' of undefined
[    19.36 ] W: qrc:/main.qml:663: TypeError: Cannot read property 'contentY' of undefined
[    19.37 ] W: qrc:/main.qml:663: TypeError: Cannot read property 'contentY' of undefined
[    19.38 ] W: qrc:/main.qml:663: TypeError: Cannot read property 'contentY' of undefined
[    19.39 ] W: qrc:/main.qml:663: TypeError: Cannot read property 'contentY' of undefined
[    19.40 ] W: qrc:/main.qml:663: TypeError: Cannot read property 'contentY' of undefined
[    19.41 ] W: qrc:/main.qml:663: TypeError: Cannot read property 'contentY' of undefined
[    19.42 ] W: qrc:/main.qml:663: TypeError: Cannot read property 'contentY' of undefined
[    19.43 ] W: qrc:/main.qml:663: TypeError: Cannot read property 'contentY' of undefined
[    19.44 ] W: qrc:/main.qml:663: TypeError: Cannot read property 'contentY' of undefined
[    19.45 ] W: qrc:/main.qml:663: TypeError: Cannot read property 'contentY' of undefined
[    19.46 ] W: qrc:/main.qml:663: TypeError: Cannot read property 'contentY' of undefined
[    19.47 ] W: qrc:/main.qml:663: TypeError: Cannot read property 'contentY' of undefined
[    19.48 ] W: qrc:/main.qml:663: TypeError: Cannot read property 'contentY' of undefined
[    19.49 ] W: qrc:/main.qml:663: TypeError: Cannot read property 'contentY' of undefined
[    19.50 ] W: qrc:/main.qml:663: TypeError: Cannot read property 'contentY' of undefined
[    19.51 ] W: qrc:/main.qml:663: TypeError: Cannot read property 'contentY' of undefined
[    19.52 ] W: qrc:/main.qml:663: TypeError: Cannot read property 'contentY' of undefined
[    19.53 ] W: qrc:/main.qml:663: TypeError: Cannot read property 'contentY' of undefined
[    19.54 ] W: qrc:/main.qml:663: TypeError: Cannot read property 'contentY' of undefined
[    19.55 ] W: qrc:/main.qml:663: TypeError: Cannot read property 'contentY' of undefined
[    19.56 ] W: qrc:/main.qml:663: TypeError: Cannot read property 'contentY' of undefined
[    19.57 ] W: qrc:/main.qml:663: TypeError: Cannot read property 'contentY' of undefined
[    19.58 ] W: qrc:/main.qml:663: TypeError: Cannot read property 'contentY' of undefined
[    19.59 ] W: qrc:/main.qml:663: TypeError: Cannot read property 'contentY' of undefined
[    19.60 ] W: qrc:/main.qml:663: TypeError: Cannot read property 'contentY' of undefined
[    19.61 ] W: qrc:/main.qml:663: TypeError: Cannot read property 'contentY' of undefined
[    19.62 ] W: qrc:/main.qml:663: TypeError: Cannot read property 'contentY' of undefined
[    19.63 ] W: qrc:/main.qml:663: TypeError: Cannot read property 'contentY' of undefined
[    19.64 ] W: qrc:/main.qml:663: TypeError: Cannot read property 'contentY' of undefined
[    19.65 ] W: qrc:/main.qml:663: TypeError: Cannot read property 'contentY' of undefined
[    19.66 ] W: qrc:/main.qml:663: TypeError: Cannot read property 'contentY' of undefined
[    19.67 ] W: qrc:/main.qml:663: TypeError: Cannot read property 'contentY' of undefined
[    19.68 ] W: qrc:/main.qml:663: TypeError: Cannot read property 'contentY' of undefined
[    19.69 ] W: qrc:/main.qml:663: TypeError: Cannot read property 'contentY' of undefined
[    19.70 ] W: qrc:/main.qml:663: TypeError: Cannot read property 'contentY' of undefined
[    19.71 ] W: qrc:/main.qml:663: TypeError: Cannot read property 'contentY' of undefined
[    19.72 ] W: qrc:/main.qml:663: TypeError: Cannot read property 'contentY' of undefined
[    19.73 ] W: qrc:/main.qml:663: TypeError: Cannot read property 'contentY' of undefined
[    19.74 ] W: qrc:/main.qml:663: TypeError: Cannot read property 'contentY' of undefined
[    19.75 ] W: qrc:/main.qml:663: TypeError: Cannot read property 'contentY' of undefined
[    19.76 ] W: qrc:/main.qml:663: TypeError: Cannot read property 'contentY' of undefined
[    19.77 ] W: qrc:/main.qml:663: TypeError: Cannot read property 'contentY' of undefined
[    19.78 ] W: qrc:/main.qml:663: TypeError: Cannot read property 'contentY' of undefined
[    19.79 ] W: qrc:/main.qml:663: TypeError: Cannot read property 'contentY' of undefined
[    19.80 ] W: qrc:/main.qml:663: TypeError: Cannot read property 'contentY' of undefined
[    19.81 ] W: qrc:/main.qml:663: TypeError: Cannot read property 'contentY' of undefined
[    19.82 ] W: qrc:/main.qml:663: TypeError: Cannot read property 'contentY' of undefined
[    19.83 ] W: qrc:/main.qml:663: TypeError: Cannot read property 'contentY' of undefined
[    19.84 ] W: qrc:/main.qml:663: TypeError: Cannot read property 'contentY' of undefined
[    19.85 ] W: qrc:/main.qml:663: TypeError: Cannot read property 'contentY' of undefined
[    19.86 ] W: qrc:/main.qml:663: TypeError: Cannot read property 'contentY' of undefined
[    19.87 ] W: qrc:/main.qml:663: TypeError: Cannot read property 'contentY' of undefined
[    19.88 ] W: qrc:/main.qml:663: TypeError: Cannot read property 'contentY' of undefined
[    19.89 ] W: qrc:/main.qml:663: TypeError: Cannot read property 'contentY' of undefined
[    19.90 ] W: qrc:/main.qml:663: TypeError: Cannot read property 'contentY' of undefined
[    19.91 ] W: qrc:/main.qml:663: TypeError: Cannot read property 'contentY' of undefined
[    19.92 ] W: qrc:/main.qml:663: TypeError: Cannot read property 'contentY' of undefined
[    19.93 ] W: qrc:/main.qml:663: TypeError: Cannot read property 'contentY' of undefined
[    19.94 ] W: qrc:/main.qml:663: TypeError: Cannot read property 'contentY' of undefined
[    19.95 ] W: qrc:/main.qml:663: TypeError: Cannot read property 'contentY' of undefined
[    19.96 ] W: qrc:/main.qml:663: TypeError: Cannot read property 'contentY' of undefined
[    19.97 ] W: qrc:/main.qml:663: TypeError: Cannot read property 'contentY' of undefined
[    19.98 ] W: qrc:/main.qml:663: TypeError: Cannot read property 'contentY' of undefined
[    19.99 ] W: qrc:/main.qml:663: TypeError: Cannot read property 'contentY' of undefined
[    20.00 ] W: qrc:/main.qml:663: TypeError: Cannot read property 'contentY' of undefined
[    20.02 ] W: qrc:/main.qml:663: TypeError: Cannot read property 'contentY' of undefined
[    20.03 ] W: qrc:/main.qml:663: TypeError: Cannot read property 'contentY' of undefined
[    20.04 ] W: qrc:/main.qml:663: TypeError: Cannot read property 'contentY' of undefined
[    20.05 ] W: qrc:/main.qml:663: TypeError: Cannot read property 'contentY' of undefined
[    20.06 ] W: qrc:/main.qml:663: TypeError: Cannot read property 'contentY' of undefined
[    20.07 ] W: qrc:/main.qml:663: TypeError: Cannot read property 'contentY' of undefined
[    20.08 ] W: qrc:/main.qml:663: TypeError: Cannot read property 'contentY' of undefined
[    20.09 ] W: qrc:/main.qml:663: TypeError: Cannot read property 'contentY' of undefined
[    20.10 ] W: qrc:/main.qml:663: TypeError: Cannot read property 'contentY' of undefined
[    20.11 ] W: qrc:/main.qml:663: TypeError: Cannot read property 'contentY' of undefined
[    20.12 ] W: qrc:/main.qml:663: TypeError: Cannot read property 'contentY' of undefined
[    20.13 ] W: qrc:/main.qml:663: TypeError: Cannot read property 'contentY' of undefined
[    20.14 ] W: qrc:/main.qml:663: TypeError: Cannot read property 'contentY' of undefined
[    20.15 ] W: qrc:/main.qml:663: TypeError: Cannot read property 'contentY' of undefined
[    20.16 ] W: qrc:/main.qml:663: TypeError: Cannot read property 'contentY' of undefined
[    20.17 ] W: qrc:/main.qml:663: TypeError: Cannot read property 'contentY' of undefined
[    20.18 ] W: qrc:/main.qml:663: TypeError: Cannot read property 'contentY' of undefined
[    20.19 ] W: qrc:/main.qml:663: TypeError: Cannot read property 'contentY' of undefined
[    20.20 ] W: qrc:/main.qml:663: TypeError: Cannot read property 'contentY' of undefined
[    20.21 ] W: qrc:/main.qml:663: TypeError: Cannot read property 'contentY' of undefined
[    20.22 ] W: qrc:/main.qml:663: TypeError: Cannot read property 'contentY' of undefined
[    20.23 ] W: qrc:/main.qml:663: TypeError: Cannot read property 'contentY' of undefined
[    20.24 ] W: qrc:/main.qml:663: TypeError: Cannot read property 'contentY' of undefined
[    20.25 ] W: qrc:/main.qml:663: TypeError: Cannot read property 'contentY' of undefined
[    20.27 ] W: qrc:/main.qml:663: TypeError: Cannot read property 'contentY' of undefined
[    20.28 ] W: qrc:/main.qml:663: TypeError: Cannot read property 'contentY' of undefined
[    20.29 ] W: qrc:/main.qml:663: TypeError: Cannot read property 'contentY' of undefined
[    20.30 ] W: qrc:/main.qml:663: TypeError: Cannot read property 'contentY' of undefined
[    20.31 ] W: qrc:/main.qml:663: TypeError: Cannot read property 'contentY' of undefined
[    20.32 ] W: qrc:/main.qml:663: TypeError: Cannot read property 'contentY' of undefined
[    20.33 ] W: qrc:/main.qml:663: TypeError: Cannot read property 'contentY' of undefined
[    20.34 ] W: qrc:/main.qml:663: TypeError: Cannot read property 'contentY' of undefined
[    20.35 ] W: qrc:/main.qml:663: TypeError: Cannot read property 'contentY' of undefined
[    20.36 ] W: qrc:/main.qml:663: TypeError: Cannot read property 'contentY' of undefined
[    20.37 ] W: qrc:/main.qml:663: TypeError: Cannot read property 'contentY' of undefined
[    20.38 ] W: qrc:/main.qml:663: TypeError: Cannot read property 'contentY' of undefined
[    20.39 ] W: qrc:/main.qml:663: TypeError: Cannot read property 'contentY' of undefined
[    20.40 ] W: qrc:/main.qml:663: TypeError: Cannot read property 'contentY' of undefined
[    20.41 ] W: qrc:/main.qml:663: TypeError: Cannot read property 'contentY' of undefined
[    20.42 ] W: qrc:/main.qml:663: TypeError: Cannot read property 'contentY' of undefined
[    20.43 ] W: qrc:/main.qml:663: TypeError: Cannot read property 'contentY' of undefined
[    20.44 ] W: qrc:/main.qml:663: TypeError: Cannot read property 'contentY' of undefined
[    20.45 ] W: qrc:/main.qml:663: TypeError: Cannot read property 'contentY' of undefined
[    20.46 ] W: qrc:/main.qml:663: TypeError: Cannot read property 'contentY' of undefined
[    20.47 ] W: qrc:/main.qml:663: TypeError: Cannot read property 'contentY' of undefined
[    20.48 ] W: qrc:/main.qml:663: TypeError: Cannot read property 'contentY' of undefined
[    20.49 ] W: qrc:/main.qml:663: TypeError: Cannot read property 'contentY' of undefined
[    20.50 ] W: qrc:/main.qml:663: TypeError: Cannot read property 'contentY' of undefined
[    20.52 ] W: qrc:/main.qml:663: TypeError: Cannot read property 'contentY' of undefined
[    20.53 ] W: qrc:/main.qml:663: TypeError: Cannot read property 'contentY' of undefined
[    20.54 ] W: qrc:/main.qml:663: TypeError: Cannot read property 'contentY' of undefined
[    20.55 ] W: qrc:/main.qml:663: TypeError: Cannot read property 'contentY' of undefined
[    20.56 ] W: qrc:/main.qml:663: TypeError: Cannot read property 'contentY' of undefined
[    20.57 ] W: qrc:/main.qml:663: TypeError: Cannot read property 'contentY' of undefined
[    20.58 ] W: qrc:/main.qml:663: TypeError: Cannot read property 'contentY' of undefined
[    20.59 ] W: qrc:/main.qml:663: TypeError: Cannot read property 'contentY' of undefined
[    20.60 ] W: qrc:/main.qml:663: TypeError: Cannot read property 'contentY' of undefined
[    20.61 ] W: qrc:/main.qml:663: TypeError: Cannot read property 'contentY' of undefined
[    20.62 ] W: qrc:/main.qml:663: TypeError: Cannot read property 'contentY' of undefined
[    20.63 ] W: qrc:/main.qml:663: TypeError: Cannot read property 'contentY' of undefined
[    20.64 ] W: qrc:/main.qml:663: TypeError: Cannot read property 'contentY' of undefined
[    20.65 ] W: qrc:/main.qml:663: TypeError: Cannot read property 'contentY' of undefined
[    20.66 ] W: qrc:/main.qml:663: TypeError: Cannot read property 'contentY' of undefined
[    20.67 ] W: qrc:/main.qml:663: TypeError: Cannot read property 'contentY' of undefined
[    20.68 ] W: qrc:/main.qml:663: TypeError: Cannot read property 'contentY' of undefined
[    20.69 ] W: qrc:/main.qml:663: TypeError: Cannot read property 'contentY' of undefined
[    20.70 ] W: qrc:/main.qml:663: TypeError: Cannot read property 'contentY' of undefined
[    20.71 ] W: qrc:/main.qml:663: TypeError: Cannot read property 'contentY' of undefined
[    20.72 ] W: qrc:/main.qml:663: TypeError: Cannot read property 'contentY' of undefined
[    20.74 ] W: qrc:/main.qml:663: TypeError: Cannot read property 'contentY' of undefined
[    20.74 ] W: qrc:/main.qml:663: TypeError: Cannot read property 'contentY' of undefined
[    20.75 ] W: qrc:/main.qml:663: TypeError: Cannot read property 'contentY' of undefined
[    20.76 ] W: qrc:/main.qml:663: TypeError: Cannot read property 'contentY' of undefined
[    20.77 ] W: qrc:/main.qml:663: TypeError: Cannot read property 'contentY' of undefined
[    20.78 ] W: qrc:/main.qml:663: TypeError: Cannot read property 'contentY' of undefined
[    20.79 ] W: qrc:/main.qml:663: TypeError: Cannot read property 'contentY' of undefined
[    20.80 ] W: qrc:/main.qml:663: TypeError: Cannot read property 'contentY' of undefined
[    20.81 ] W: qrc:/main.qml:663: TypeError: Cannot read property 'contentY' of undefined
[    20.82 ] W: qrc:/main.qml:663: TypeError: Cannot read property 'contentY' of undefined
[    20.83 ] W: qrc:/main.qml:663: TypeError: Cannot read property 'contentY' of undefined
[    20.84 ] W: qrc:/main.qml:663: TypeError: Cannot read property 'contentY' of undefined
[    20.85 ] W: qrc:/main.qml:663: TypeError: Cannot read property 'contentY' of undefined
[    20.86 ] W: qrc:/main.qml:663: TypeError: Cannot read property 'contentY' of undefined
[    20.87 ] W: qrc:/main.qml:663: TypeError: Cannot read property 'contentY' of undefined
[    20.88 ] W: qrc:/main.qml:663: TypeError: Cannot read property 'contentY' of undefined
[    20.89 ] W: qrc:/main.qml:663: TypeError: Cannot read property 'contentY' of undefined
[    20.90 ] W: qrc:/main.qml:663: TypeError: Cannot read property 'contentY' of undefined
[    20.91 ] W: qrc:/main.qml:663: TypeError: Cannot read property 'contentY' of undefined
[    20.92 ] W: qrc:/main.qml:663: TypeError: Cannot read property 'contentY' of undefined
[    20.93 ] W: qrc:/main.qml:663: TypeError: Cannot read property 'contentY' of undefined
[    20.94 ] W: qrc:/main.qml:663: TypeError: Cannot read property 'contentY' of undefined
[    20.95 ] W: qrc:/main.qml:663: TypeError: Cannot read property 'contentY' of undefined
[    20.96 ] W: qrc:/main.qml:663: TypeError: Cannot read property 'contentY' of undefined
[    20.97 ] W: qrc:/main.qml:663: TypeError: Cannot read property 'contentY' of undefined
[    20.98 ] W: qrc:/main.qml:663: TypeError: Cannot read property 'contentY' of undefined
[    20.99 ] W: qrc:/main.qml:663: TypeError: Cannot read property 'contentY' of undefined
[    21.00 ] W: qrc:/main.qml:663: TypeError: Cannot read property 'contentY' of undefined
[    21.01 ] W: qrc:/main.qml:663: TypeError: Cannot read property 'contentY' of undefined
[    21.02 ] W: qrc:/main.qml:663: TypeError: Cannot read property 'contentY' of undefined
[    21.03 ] W: qrc:/main.qml:663: TypeError: Cannot read property 'contentY' of undefined
[    21.04 ] W: qrc:/main.qml:663: TypeError: Cannot read property 'contentY' of undefined
[    21.05 ] W: qrc:/main.qml:663: TypeError: Cannot read property 'contentY' of undefined
[    21.06 ] W: qrc:/main.qml:663: TypeError: Cannot read property 'contentY' of undefined
[    21.07 ] W: qrc:/main.qml:663: TypeError: Cannot read property 'contentY' of undefined
[    21.08 ] W: qrc:/main.qml:663: TypeError: Cannot read property 'contentY' of undefined
[    21.09 ] W: qrc:/main.qml:663: TypeError: Cannot read property 'contentY' of undefined
[    21.10 ] W: qrc:/main.qml:663: TypeError: Cannot read property 'contentY' of undefined
[    21.11 ] W: qrc:/main.qml:663: TypeError: Cannot read property 'contentY' of undefined
[    21.12 ] W: qrc:/main.qml:663: TypeError: Cannot read property 'contentY' of undefined
[    21.13 ] W: qrc:/main.qml:663: TypeError: Cannot read property 'contentY' of undefined
[    21.14 ] W: qrc:/main.qml:663: TypeError: Cannot read property 'contentY' of undefined
[    21.15 ] W: qrc:/main.qml:663: TypeError: Cannot read property 'contentY' of undefined
[    21.16 ] W: qrc:/main.qml:663: TypeError: Cannot read property 'contentY' of undefined
[    21.17 ] W: qrc:/main.qml:663: TypeError: Cannot read property 'contentY' of undefined
[    21.18 ] W: qrc:/main.qml:663: TypeError: Cannot read property 'contentY' of undefined
[    21.19 ] W: qrc:/main.qml:663: TypeError: Cannot read property 'contentY' of undefined
[    21.20 ] W: qrc:/main.qml:663: TypeError: Cannot read property 'contentY' of undefined
[    21.21 ] W: qrc:/main.qml:663: TypeError: Cannot read property 'contentY' of undefined
[    21.22 ] W: qrc:/main.qml:663: TypeError: Cannot read property 'contentY' of undefined
[    21.24 ] W: qrc:/main.qml:663: TypeError: Cannot read property 'contentY' of undefined
[    21.24 ] W: qrc:/main.qml:663: TypeError: Cannot read property 'contentY' of undefined
[    21.25 ] W: qrc:/main.qml:663: TypeError: Cannot read property 'contentY' of undefined
[    21.26 ] W: qrc:/main.qml:663: TypeError: Cannot read property 'contentY' of undefined
[    21.27 ] W: qrc:/main.qml:663: TypeError: Cannot read property 'contentY' of undefined
[    21.28 ] W: qrc:/main.qml:663: TypeError: Cannot read property 'contentY' of undefined
[    21.29 ] W: qrc:/main.qml:663: TypeError: Cannot read property 'contentY' of undefined
[    21.30 ] W: qrc:/main.qml:663: TypeError: Cannot read property 'contentY' of undefined
[    21.31 ] W: qrc:/main.qml:663: TypeError: Cannot read property 'contentY' of undefined
[    21.32 ] W: qrc:/main.qml:663: TypeError: Cannot read property 'contentY' of undefined
[    21.33 ] W: qrc:/main.qml:663: TypeError: Cannot read property 'contentY' of undefined
[    21.34 ] W: qrc:/main.qml:663: TypeError: Cannot read property 'contentY' of undefined
[    21.35 ] W: qrc:/main.qml:663: TypeError: Cannot read property 'contentY' of undefined
[    21.36 ] W: qrc:/main.qml:663: TypeError: Cannot read property 'contentY' of undefined
[    21.37 ] W: qrc:/main.qml:663: TypeError: Cannot read property 'contentY' of undefined
[    21.38 ] W: qrc:/main.qml:663: TypeError: Cannot read property 'contentY' of undefined
[    21.39 ] W: qrc:/main.qml:663: TypeError: Cannot read property 'contentY' of undefined
[    21.40 ] W: qrc:/main.qml:663: TypeError: Cannot read property 'contentY' of undefined
[    21.41 ] W: qrc:/main.qml:663: TypeError: Cannot read property 'contentY' of undefined
[    21.42 ] W: qrc:/main.qml:663: TypeError: Cannot read property 'contentY' of undefined
[    21.43 ] W: qrc:/main.qml:663: TypeError: Cannot read property 'contentY' of undefined
[    21.44 ] W: qrc:/main.qml:663: TypeError: Cannot read property 'contentY' of undefined
[    21.45 ] W: qrc:/main.qml:663: TypeError: Cannot read property 'contentY' of undefined
[    21.46 ] W: qrc:/main.qml:663: TypeError: Cannot read property 'contentY' of undefined
[    21.47 ] W: qrc:/main.qml:663: TypeError: Cannot read property 'contentY' of undefined
[    21.48 ] W: qrc:/main.qml:663: TypeError: Cannot read property 'contentY' of undefined
[    21.49 ] W: qrc:/main.qml:663: TypeError: Cannot read property 'contentY' of undefined
[    21.50 ] W: qrc:/main.qml:663: TypeError: Cannot read property 'contentY' of undefined
[    21.51 ] W: qrc:/main.qml:663: TypeError: Cannot read property 'contentY' of undefined
[    21.52 ] W: qrc:/main.qml:663: TypeError: Cannot read property 'contentY' of undefined
[    21.53 ] W: qrc:/main.qml:663: TypeError: Cannot read property 'contentY' of undefined
[    21.54 ] W: qrc:/main.qml:663: TypeError: Cannot read property 'contentY' of undefined
[    21.55 ] W: qrc:/main.qml:663: TypeError: Cannot read property 'contentY' of undefined
[    21.56 ] W: qrc:/main.qml:663: TypeError: Cannot read property 'contentY' of undefined
[    21.57 ] W: qrc:/main.qml:663: TypeError: Cannot read property 'contentY' of undefined
[    21.58 ] W: qrc:/main.qml:663: TypeError: Cannot read property 'contentY' of undefined
[    21.59 ] W: qrc:/main.qml:663: TypeError: Cannot read property 'contentY' of undefined
[    21.60 ] W: qrc:/main.qml:663: TypeError: Cannot read property 'contentY' of undefined
[    21.61 ] W: qrc:/main.qml:663: TypeError: Cannot read property 'contentY' of undefined
[    21.62 ] W: qrc:/main.qml:663: TypeError: Cannot read property 'contentY' of undefined
[    21.63 ] W: qrc:/main.qml:663: TypeError: Cannot read property 'contentY' of undefined
[    21.64 ] W: qrc:/main.qml:663: TypeError: Cannot read property 'contentY' of undefined
[    21.65 ] W: qrc:/main.qml:663: TypeError: Cannot read property 'contentY' of undefined
[    21.66 ] W: qrc:/main.qml:663: TypeError: Cannot read property 'contentY' of undefined
[    21.67 ] W: qrc:/main.qml:663: TypeError: Cannot read property 'contentY' of undefined
[    21.68 ] W: qrc:/main.qml:663: TypeError: Cannot read property 'contentY' of undefined
[    21.69 ] W: qrc:/main.qml:663: TypeError: Cannot read property 'contentY' of undefined
[    21.70 ] W: qrc:/main.qml:663: TypeError: Cannot read property 'contentY' of undefined
[    21.71 ] W: qrc:/main.qml:663: TypeError: Cannot read property 'contentY' of undefined
[    21.72 ] W: qrc:/main.qml:663: TypeError: Cannot read property 'contentY' of undefined
[    21.74 ] W: qrc:/main.qml:663: TypeError: Cannot read property 'contentY' of undefined
[    21.74 ] W: qrc:/main.qml:663: TypeError: Cannot read property 'contentY' of undefined
[    21.75 ] W: qrc:/main.qml:663: TypeError: Cannot read property 'contentY' of undefined
[    21.76 ] W: qrc:/main.qml:663: TypeError: Cannot read property 'contentY' of undefined
[    21.77 ] W: qrc:/main.qml:663: TypeError: Cannot read property 'contentY' of undefined
[    21.78 ] W: qrc:/main.qml:663: TypeError: Cannot read property 'contentY' of undefined
[    21.79 ] W: qrc:/main.qml:663: TypeError: Cannot read property 'contentY' of undefined
[    21.80 ] W: qrc:/main.qml:663: TypeError: Cannot read property 'contentY' of undefined
[    21.81 ] W: qrc:/main.qml:663: TypeError: Cannot read property 'contentY' of undefined
[    21.82 ] W: qrc:/main.qml:663: TypeError: Cannot read property 'contentY' of undefined
[    21.83 ] W: qrc:/main.qml:663: TypeError: Cannot read property 'contentY' of undefined
[    21.84 ] W: qrc:/main.qml:663: TypeError: Cannot read property 'contentY' of undefined
[    21.85 ] W: qrc:/main.qml:663: TypeError: Cannot read property 'contentY' of undefined
[    21.86 ] W: qrc:/main.qml:663: TypeError: Cannot read property 'contentY' of undefined
[    21.87 ] W: qrc:/main.qml:663: TypeError: Cannot read property 'contentY' of undefined
[    21.88 ] W: qrc:/main.qml:663: TypeError: Cannot read property 'contentY' of undefined
[    21.89 ] W: qrc:/main.qml:663: TypeError: Cannot read property 'contentY' of undefined
[    21.90 ] W: qrc:/main.qml:663: TypeError: Cannot read property 'contentY' of undefined
[    21.91 ] W: qrc:/main.qml:663: TypeError: Cannot read property 'contentY' of undefined
[    21.92 ] W: qrc:/main.qml:663: TypeError: Cannot read property 'contentY' of undefined
[    21.93 ] W: qrc:/main.qml:663: TypeError: Cannot read property 'contentY' of undefined
[    21.94 ] W: qrc:/main.qml:663: TypeError: Cannot read property 'contentY' of undefined
[    21.95 ] W: qrc:/main.qml:663: TypeError: Cannot read property 'contentY' of undefined
[    21.96 ] W: qrc:/main.qml:663: TypeError: Cannot read property 'contentY' of undefined
[    21.97 ] W: qrc:/main.qml:663: TypeError: Cannot read property 'contentY' of undefined
[    21.98 ] W: qrc:/main.qml:663: TypeError: Cannot read property 'contentY' of undefined
[    21.99 ] W: qrc:/main.qml:663: TypeError: Cannot read property 'contentY' of undefined
[    22.00 ] W: qrc:/main.qml:663: TypeError: Cannot read property 'contentY' of undefined
[    22.01 ] W: qrc:/main.qml:663: TypeError: Cannot read property 'contentY' of undefined
[    22.02 ] W: qrc:/main.qml:663: TypeError: Cannot read property 'contentY' of undefined
[    22.03 ] W: qrc:/main.qml:663: TypeError: Cannot read property 'contentY' of undefined
[    22.04 ] W: qrc:/main.qml:663: TypeError: Cannot read property 'contentY' of undefined
[    22.05 ] W: qrc:/main.qml:663: TypeError: Cannot read property 'contentY' of undefined
[    22.06 ] W: qrc:/main.qml:663: TypeError: Cannot read property 'contentY' of undefined
[    22.07 ] W: qrc:/main.qml:663: TypeError: Cannot read property 'contentY' of undefined
[    22.08 ] W: qrc:/main.qml:663: TypeError: Cannot read property 'contentY' of undefined
[    22.09 ] W: qrc:/main.qml:663: TypeError: Cannot read property 'contentY' of undefined
[    22.10 ] W: qrc:/main.qml:663: TypeError: Cannot read property 'contentY' of undefined
[    22.11 ] W: qrc:/main.qml:663: TypeError: Cannot read property 'contentY' of undefined
[    22.12 ] W: qrc:/main.qml:663: TypeError: Cannot read property 'contentY' of undefined
[    22.13 ] W: qrc:/main.qml:663: TypeError: Cannot read property 'contentY' of undefined
[    22.14 ] W: qrc:/main.qml:663: TypeError: Cannot read property 'contentY' of undefined
[    22.15 ] W: qrc:/main.qml:663: TypeError: Cannot read property 'contentY' of undefined
[    22.16 ] W: qrc:/main.qml:663: TypeError: Cannot read property 'contentY' of undefined
[    22.17 ] W: qrc:/main.qml:663: TypeError: Cannot read property 'contentY' of undefined
[    22.18 ] W: qrc:/main.qml:663: TypeError: Cannot read property 'contentY' of undefined
[    22.19 ] W: qrc:/main.qml:663: TypeError: Cannot read property 'contentY' of undefined
[    22.20 ] W: qrc:/main.qml:663: TypeError: Cannot read property 'contentY' of undefined
[    22.21 ] W: qrc:/main.qml:663: TypeError: Cannot read property 'contentY' of undefined
[    22.22 ] W: qrc:/main.qml:663: TypeError: Cannot read property 'contentY' of undefined
[    22.24 ] W: qrc:/main.qml:663: TypeError: Cannot read property 'contentY' of undefined
[    22.24 ] W: qrc:/main.qml:663: TypeError: Cannot read property 'contentY' of undefined
[    22.25 ] W: qrc:/main.qml:663: TypeError: Cannot read property 'contentY' of undefined
[    22.27 ] W: qrc:/main.qml:663: TypeError: Cannot read property 'contentY' of undefined
[    22.28 ] W: qrc:/main.qml:663: TypeError: Cannot read property 'contentY' of undefined
[    22.29 ] W: qrc:/main.qml:663: TypeError: Cannot read property 'contentY' of undefined
[    22.30 ] W: qrc:/main.qml:663: TypeError: Cannot read property 'contentY' of undefined
[    22.31 ] W: qrc:/main.qml:663: TypeError: Cannot read property 'contentY' of undefined
[    22.32 ] W: qrc:/main.qml:663: TypeError: Cannot read property 'contentY' of undefined
[    22.33 ] W: qrc:/main.qml:663: TypeError: Cannot read property 'contentY' of undefined
[    22.34 ] W: qrc:/main.qml:663: TypeError: Cannot read property 'contentY' of undefined
[    22.35 ] W: qrc:/main.qml:663: TypeError: Cannot read property 'contentY' of undefined
[    22.36 ] W: qrc:/main.qml:663: TypeError: Cannot read property 'contentY' of undefined
[    22.37 ] W: qrc:/main.qml:663: TypeError: Cannot read property 'contentY' of undefined
[    22.38 ] W: qrc:/main.qml:663: TypeError: Cannot read property 'contentY' of undefined
[    22.39 ] W: qrc:/main.qml:663: TypeError: Cannot read property 'contentY' of undefined
[    22.40 ] W: qrc:/main.qml:663: TypeError: Cannot read property 'contentY' of undefined
[    22.41 ] W: qrc:/main.qml:663: TypeError: Cannot read property 'contentY' of undefined
[    22.42 ] W: qrc:/main.qml:663: TypeError: Cannot read property 'contentY' of undefined
[    22.43 ] W: qrc:/main.qml:663: TypeError: Cannot read property 'contentY' of undefined
[    22.44 ] W: qrc:/main.qml:663: TypeError: Cannot read property 'contentY' of undefined
[    22.45 ] W: qrc:/main.qml:663: TypeError: Cannot read property 'contentY' of undefined
[    22.46 ] W: qrc:/main.qml:663: TypeError: Cannot read property 'contentY' of undefined
[    22.47 ] W: qrc:/main.qml:663: TypeError: Cannot read property 'contentY' of undefined
[    22.48 ] W: qrc:/main.qml:663: TypeError: Cannot read property 'contentY' of undefined
[    22.49 ] W: qrc:/main.qml:663: TypeError: Cannot read property 'contentY' of undefined
[    22.50 ] W: qrc:/main.qml:663: TypeError: Cannot read property 'contentY' of undefined
[    22.51 ] W: qrc:/main.qml:663: TypeError: Cannot read property 'contentY' of undefined
[    22.52 ] W: qrc:/main.qml:663: TypeError: Cannot read property 'contentY' of undefined
[    22.53 ] W: qrc:/main.qml:663: TypeError: Cannot read property 'contentY' of undefined
[    22.54 ] W: qrc:/main.qml:663: TypeError: Cannot read property 'contentY' of undefined
[    22.55 ] W: qrc:/main.qml:663: TypeError: Cannot read property 'contentY' of undefined
[    22.56 ] W: qrc:/main.qml:663: TypeError: Cannot read property 'contentY' of undefined
[    22.57 ] W: qrc:/main.qml:663: TypeError: Cannot read property 'contentY' of undefined
[    22.58 ] W: qrc:/main.qml:663: TypeError: Cannot read property 'contentY' of undefined
[    22.59 ] W: qrc:/main.qml:663: TypeError: Cannot read property 'contentY' of undefined
[    22.60 ] W: qrc:/main.qml:663: TypeError: Cannot read property 'contentY' of undefined
[    22.61 ] W: qrc:/main.qml:663: TypeError: Cannot read property 'contentY' of undefined
[    22.62 ] W: qrc:/main.qml:663: TypeError: Cannot read property 'contentY' of undefined
[    22.63 ] W: qrc:/main.qml:663: TypeError: Cannot read property 'contentY' of undefined
[    22.64 ] W: qrc:/main.qml:663: TypeError: Cannot read property 'contentY' of undefined
[    22.65 ] W: qrc:/main.qml:663: TypeError: Cannot read property 'contentY' of undefined
[    22.66 ] W: qrc:/main.qml:663: TypeError: Cannot read property 'contentY' of undefined
[    22.67 ] W: qrc:/main.qml:663: TypeError: Cannot read property 'contentY' of undefined
[    22.68 ] W: qrc:/main.qml:663: TypeError: Cannot read property 'contentY' of undefined
[    22.69 ] W: qrc:/main.qml:663: TypeError: Cannot read property 'contentY' of undefined
[    22.70 ] W: qrc:/main.qml:663: TypeError: Cannot read property 'contentY' of undefined
[    22.71 ] W: qrc:/main.qml:663: TypeError: Cannot read property 'contentY' of undefined
[    22.72 ] W: qrc:/main.qml:663: TypeError: Cannot read property 'contentY' of undefined
[    22.74 ] W: qrc:/main.qml:663: TypeError: Cannot read property 'contentY' of undefined
[    22.74 ] W: qrc:/main.qml:663: TypeError: Cannot read property 'contentY' of undefined
[    22.75 ] W: qrc:/main.qml:663: TypeError: Cannot read property 'contentY' of undefined
[    22.76 ] W: qrc:/main.qml:663: TypeError: Cannot read property 'contentY' of undefined
[    22.77 ] W: qrc:/main.qml:663: TypeError: Cannot read property 'contentY' of undefined
[    22.78 ] W: qrc:/main.qml:663: TypeError: Cannot read property 'contentY' of undefined
[    22.79 ] W: qrc:/main.qml:663: TypeError: Cannot read property 'contentY' of undefined
[    22.80 ] W: qrc:/main.qml:663: TypeError: Cannot read property 'contentY' of undefined
[    22.81 ] W: qrc:/main.qml:663: TypeError: Cannot read property 'contentY' of undefined
[    22.82 ] W: qrc:/main.qml:663: TypeError: Cannot read property 'contentY' of undefined
[    22.83 ] W: qrc:/main.qml:663: TypeError: Cannot read property 'contentY' of undefined
[    22.84 ] W: qrc:/main.qml:663: TypeError: Cannot read property 'contentY' of undefined
[    22.85 ] W: qrc:/main.qml:663: TypeError: Cannot read property 'contentY' of undefined
[    22.86 ] W: qrc:/main.qml:663: TypeError: Cannot read property 'contentY' of undefined
[    22.87 ] W: qrc:/main.qml:663: TypeError: Cannot read property 'contentY' of undefined
[    22.88 ] W: qrc:/main.qml:663: TypeError: Cannot read property 'contentY' of undefined
[    22.89 ] W: qrc:/main.qml:663: TypeError: Cannot read property 'contentY' of undefined
[    22.90 ] W: qrc:/main.qml:663: TypeError: Cannot read property 'contentY' of undefined
[    22.91 ] W: qrc:/main.qml:663: TypeError: Cannot read property 'contentY' of undefined
[    22.92 ] W: qrc:/main.qml:663: TypeError: Cannot read property 'contentY' of undefined
[    22.93 ] W: qrc:/main.qml:663: TypeError: Cannot read property 'contentY' of undefined
[    22.94 ] W: qrc:/main.qml:663: TypeError: Cannot read property 'contentY' of undefined
[    22.95 ] W: qrc:/main.qml:663: TypeError: Cannot read property 'contentY' of undefined
[    22.96 ] W: qrc:/main.qml:663: TypeError: Cannot read property 'contentY' of undefined
[    22.97 ] W: qrc:/main.qml:663: TypeError: Cannot read property 'contentY' of undefined
[    22.99 ] W: qrc:/main.qml:663: TypeError: Cannot read property 'contentY' of undefined
[    22.99 ] W: qrc:/main.qml:663: TypeError: Cannot read property 'contentY' of undefined
[    23.00 ] W: qrc:/main.qml:663: TypeError: Cannot read property 'contentY' of undefined
[    23.02 ] W: qrc:/main.qml:663: TypeError: Cannot read property 'contentY' of undefined
[    23.03 ] W: qrc:/main.qml:663: TypeError: Cannot read property 'contentY' of undefined
[    23.04 ] W: qrc:/main.qml:663: TypeError: Cannot read property 'contentY' of undefined
[    23.05 ] W: qrc:/main.qml:663: TypeError: Cannot read property 'contentY' of undefined
[    23.06 ] W: qrc:/main.qml:663: TypeError: Cannot read property 'contentY' of undefined
[    23.07 ] W: qrc:/main.qml:663: TypeError: Cannot read property 'contentY' of undefined
[    23.08 ] W: qrc:/main.qml:663: TypeError: Cannot read property 'contentY' of undefined
[    23.09 ] W: qrc:/main.qml:663: TypeError: Cannot read property 'contentY' of undefined
[    23.10 ] W: qrc:/main.qml:663: TypeError: Cannot read property 'contentY' of undefined
[    23.11 ] W: qrc:/main.qml:663: TypeError: Cannot read property 'contentY' of undefined
[    23.12 ] W: qrc:/main.qml:663: TypeError: Cannot read property 'contentY' of undefined
[    23.13 ] W: qrc:/main.qml:663: TypeError: Cannot read property 'contentY' of undefined
[    23.14 ] W: qrc:/main.qml:663: TypeError: Cannot read property 'contentY' of undefined
[    23.15 ] W: qrc:/main.qml:663: TypeError: Cannot read property 'contentY' of undefined
[    23.16 ] W: qrc:/main.qml:663: TypeError: Cannot read property 'contentY' of undefined
[    23.17 ] W: qrc:/main.qml:663: TypeError: Cannot read property 'contentY' of undefined
[    23.18 ] W: qrc:/main.qml:663: TypeError: Cannot read property 'contentY' of undefined
[    23.19 ] W: qrc:/main.qml:663: TypeError: Cannot read property 'contentY' of undefined
[    23.20 ] W: qrc:/main.qml:663: TypeError: Cannot read property 'contentY' of undefined
[    23.21 ] W: qrc:/main.qml:663: TypeError: Cannot read property 'contentY' of undefined
[    23.22 ] W: qrc:/main.qml:663: TypeError: Cannot read property 'contentY' of undefined
[    23.24 ] W: qrc:/main.qml:663: TypeError: Cannot read property 'contentY' of undefined
[    23.24 ] W: qrc:/main.qml:663: TypeError: Cannot read property 'contentY' of undefined
[    23.25 ] W: qrc:/main.qml:663: TypeError: Cannot read property 'contentY' of undefined
[    23.26 ] W: qrc:/main.qml:663: TypeError: Cannot read property 'contentY' of undefined
[    23.27 ] W: qrc:/main.qml:663: TypeError: Cannot read property 'contentY' of undefined
[    23.28 ] W: qrc:/main.qml:663: TypeError: Cannot read property 'contentY' of undefined
[    23.29 ] W: qrc:/main.qml:663: TypeError: Cannot read property 'contentY' of undefined
[    23.30 ] W: qrc:/main.qml:663: TypeError: Cannot read property 'contentY' of undefined
[    23.31 ] W: qrc:/main.qml:663: TypeError: Cannot read property 'contentY' of undefined
[    23.32 ] W: qrc:/main.qml:663: TypeError: Cannot read property 'contentY' of undefined
[    23.33 ] W: qrc:/main.qml:663: TypeError: Cannot read property 'contentY' of undefined
[    23.34 ] W: qrc:/main.qml:663: TypeError: Cannot read property 'contentY' of undefined
[    23.35 ] W: qrc:/main.qml:663: TypeError: Cannot read property 'contentY' of undefined
[    23.36 ] W: qrc:/main.qml:663: TypeError: Cannot read property 'contentY' of undefined
[    23.37 ] W: qrc:/main.qml:663: TypeError: Cannot read property 'contentY' of undefined
[    23.38 ] W: qrc:/main.qml:663: TypeError: Cannot read property 'contentY' of undefined
[    23.39 ] W: qrc:/main.qml:663: TypeError: Cannot read property 'contentY' of undefined
[    23.40 ] W: qrc:/main.qml:663: TypeError: Cannot read property 'contentY' of undefined
[    23.41 ] W: qrc:/main.qml:663: TypeError: Cannot read property 'contentY' of undefined
[    23.42 ] W: qrc:/main.qml:663: TypeError: Cannot read property 'contentY' of undefined
[    23.43 ] W: qrc:/main.qml:663: TypeError: Cannot read property 'contentY' of undefined
[    23.44 ] W: qrc:/main.qml:663: TypeError: Cannot read property 'contentY' of undefined
[    23.45 ] W: qrc:/main.qml:663: TypeError: Cannot read property 'contentY' of undefined
[    23.46 ] W: qrc:/main.qml:663: TypeError: Cannot read property 'contentY' of undefined
[    23.47 ] W: qrc:/main.qml:663: TypeError: Cannot read property 'contentY' of undefined
[    23.48 ] W: qrc:/main.qml:663: TypeError: Cannot read property 'contentY' of undefined
[    23.49 ] W: qrc:/main.qml:663: TypeError: Cannot read property 'contentY' of undefined
[    23.50 ] W: qrc:/main.qml:663: TypeError: Cannot read property 'contentY' of undefined
[    23.52 ] W: qrc:/main.qml:663: TypeError: Cannot read property 'contentY' of undefined
[    23.53 ] W: qrc:/main.qml:663: TypeError: Cannot read property 'contentY' of undefined
[    23.54 ] W: qrc:/main.qml:663: TypeError: Cannot read property 'contentY' of undefined
[    23.55 ] W: qrc:/main.qml:663: TypeError: Cannot read property 'contentY' of undefined
[    23.56 ] W: qrc:/main.qml:663: TypeError: Cannot read property 'contentY' of undefined
[    23.57 ] W: qrc:/main.qml:663: TypeError: Cannot read property 'contentY' of undefined
[    23.58 ] W: qrc:/main.qml:663: TypeError: Cannot read property 'contentY' of undefined
[    23.59 ] W: qrc:/main.qml:663: TypeError: Cannot read property 'contentY' of undefined
[    23.60 ] W: qrc:/main.qml:663: TypeError: Cannot read property 'contentY' of undefined
[    23.61 ] W: qrc:/main.qml:663: TypeError: Cannot read property 'contentY' of undefined
[    23.62 ] W: qrc:/main.qml:663: TypeError: Cannot read property 'contentY' of undefined
[    23.63 ] W: qrc:/main.qml:663: TypeError: Cannot read property 'contentY' of undefined
[    23.64 ] W: qrc:/main.qml:663: TypeError: Cannot read property 'contentY' of undefined
[    23.65 ] W: qrc:/main.qml:663: TypeError: Cannot read property 'contentY' of undefined
[    23.66 ] W: qrc:/main.qml:663: TypeError: Cannot read property 'contentY' of undefined
[    23.67 ] W: qrc:/main.qml:663: TypeError: Cannot read property 'contentY' of undefined
[    23.68 ] W: qrc:/main.qml:663: TypeError: Cannot read property 'contentY' of undefined
[    23.69 ] W: qrc:/main.qml:663: TypeError: Cannot read property 'contentY' of undefined
[    23.70 ] W: qrc:/main.qml:663: TypeError: Cannot read property 'contentY' of undefined
[    23.71 ] W: qrc:/main.qml:663: TypeError: Cannot read property 'contentY' of undefined
[    23.72 ] W: qrc:/main.qml:663: TypeError: Cannot read property 'contentY' of undefined
[    23.74 ] W: qrc:/main.qml:663: TypeError: Cannot read property 'contentY' of undefined
[    23.74 ] W: qrc:/main.qml:663: TypeError: Cannot read property 'contentY' of undefined
[    23.75 ] W: qrc:/main.qml:663: TypeError: Cannot read property 'contentY' of undefined
[    23.76 ] W: qrc:/main.qml:663: TypeError: Cannot read property 'contentY' of undefined
[    23.77 ] W: qrc:/main.qml:663: TypeError: Cannot read property 'contentY' of undefined
[    23.78 ] W: qrc:/main.qml:663: TypeError: Cannot read property 'contentY' of undefined
[    23.79 ] W: qrc:/main.qml:663: TypeError: Cannot read property 'contentY' of undefined
[    23.80 ] W: qrc:/main.qml:663: TypeError: Cannot read property 'contentY' of undefined
[    23.81 ] W: qrc:/main.qml:663: TypeError: Cannot read property 'contentY' of undefined
[    23.82 ] W: qrc:/main.qml:663: TypeError: Cannot read property 'contentY' of undefined
[    23.83 ] W: qrc:/main.qml:663: TypeError: Cannot read property 'contentY' of undefined
[    23.84 ] W: qrc:/main.qml:663: TypeError: Cannot read property 'contentY' of undefined
[    23.85 ] W: qrc:/main.qml:663: TypeError: Cannot read property 'contentY' of undefined
[    23.86 ] W: qrc:/main.qml:663: TypeError: Cannot read property 'contentY' of undefined
[    23.87 ] W: qrc:/main.qml:663: TypeError: Cannot read property 'contentY' of undefined
[    23.88 ] W: qrc:/main.qml:663: TypeError: Cannot read property 'contentY' of undefined
[    23.89 ] W: qrc:/main.qml:663: TypeError: Cannot read property 'contentY' of undefined
[    23.90 ] W: qrc:/main.qml:663: TypeError: Cannot read property 'contentY' of undefined
[    23.91 ] W: qrc:/main.qml:663: TypeError: Cannot read property 'contentY' of undefined
[    23.92 ] W: qrc:/main.qml:663: TypeError: Cannot read property 'contentY' of undefined
[    23.93 ] W: qrc:/main.qml:663: TypeError: Cannot read property 'contentY' of undefined
[    23.94 ] W: qrc:/main.qml:663: TypeError: Cannot read property 'contentY' of undefined
[    23.95 ] W: qrc:/main.qml:663: TypeError: Cannot read property 'contentY' of undefined
[    23.96 ] W: qrc:/main.qml:663: TypeError: Cannot read property 'contentY' of undefined
[    23.97 ] W: qrc:/main.qml:663: TypeError: Cannot read property 'contentY' of undefined
[    23.99 ] W: qrc:/main.qml:663: TypeError: Cannot read property 'contentY' of undefined
[    23.99 ] W: qrc:/main.qml:663: TypeError: Cannot read property 'contentY' of undefined
[    24.00 ] W: qrc:/main.qml:663: TypeError: Cannot read property 'contentY' of undefined
[    24.02 ] W: qrc:/main.qml:663: TypeError: Cannot read property 'contentY' of undefined
[    24.03 ] W: qrc:/main.qml:663: TypeError: Cannot read property 'contentY' of undefined
[    24.04 ] W: qrc:/main.qml:663: TypeError: Cannot read property 'contentY' of undefined
[    24.05 ] W: qrc:/main.qml:663: TypeError: Cannot read property 'contentY' of undefined
[    24.06 ] W: qrc:/main.qml:663: TypeError: Cannot read property 'contentY' of undefined
[    24.07 ] W: qrc:/main.qml:663: TypeError: Cannot read property 'contentY' of undefined
[    24.09 ] W: qrc:/main.qml:663: TypeError: Cannot read property 'contentY' of undefined
[    24.10 ] W: qrc:/main.qml:663: TypeError: Cannot read property 'contentY' of undefined
[    24.12 ] W: qrc:/main.qml:663: TypeError: Cannot read property 'contentY' of undefined
[    24.14 ] W: qrc:/main.qml:663: TypeError: Cannot read property 'contentY' of undefined
[    24.15 ] W: qrc:/main.qml:663: TypeError: Cannot read property 'contentY' of undefined
[    24.17 ] W: qrc:/main.qml:663: TypeError: Cannot read property 'contentY' of undefined
[    24.18 ] W: qrc:/main.qml:663: TypeError: Cannot read property 'contentY' of undefined
[    24.19 ] W: qrc:/main.qml:663: TypeError: Cannot read property 'contentY' of undefined
[    24.20 ] W: qrc:/main.qml:663: TypeError: Cannot read property 'contentY' of undefined
[    24.22 ] W: qrc:/main.qml:663: TypeError: Cannot read property 'contentY' of undefined
[    24.24 ] W: qrc:/main.qml:663: TypeError: Cannot read property 'contentY' of undefined
[    24.24 ] W: qrc:/main.qml:663: TypeError: Cannot read property 'contentY' of undefined
[    24.25 ] W: qrc:/main.qml:663: TypeError: Cannot read property 'contentY' of undefined
[    24.27 ] W: qrc:/main.qml:663: TypeError: Cannot read property 'contentY' of undefined
[    24.29 ] W: qrc:/main.qml:663: TypeError: Cannot read property 'contentY' of undefined
[    24.29 ] W: qrc:/main.qml:663: TypeError: Cannot read property 'contentY' of undefined
[    24.30 ] W: qrc:/main.qml:663: TypeError: Cannot read property 'contentY' of undefined
[    24.31 ] W: qrc:/main.qml:663: TypeError: Cannot read property 'contentY' of undefined
[    24.32 ] W: qrc:/main.qml:663: TypeError: Cannot read property 'contentY' of undefined
[    24.34 ] W: qrc:/main.qml:663: TypeError: Cannot read property 'contentY' of undefined
[    24.34 ] W: qrc:/main.qml:663: TypeError: Cannot read property 'contentY' of undefined
[    24.35 ] W: qrc:/main.qml:663: TypeError: Cannot read property 'contentY' of undefined
[    24.37 ] W: qrc:/main.qml:663: TypeError: Cannot read property 'contentY' of undefined
[    24.38 ] W: qrc:/main.qml:663: TypeError: Cannot read property 'contentY' of undefined
[    24.39 ] W: qrc:/main.qml:663: TypeError: Cannot read property 'contentY' of undefined
[    24.40 ] W: qrc:/main.qml:663: TypeError: Cannot read property 'contentY' of undefined
[    24.41 ] W: qrc:/main.qml:663: TypeError: Cannot read property 'contentY' of undefined
[    24.42 ] W: qrc:/main.qml:663: TypeError: Cannot read property 'contentY' of undefined
[    24.43 ] W: qrc:/main.qml:663: TypeError: Cannot read property 'contentY' of undefined
[    24.44 ] W: qrc:/main.qml:663: TypeError: Cannot read property 'contentY' of undefined
[    24.45 ] W: qrc:/main.qml:663: TypeError: Cannot read property 'contentY' of undefined
[    24.46 ] W: qrc:/main.qml:663: TypeError: Cannot read property 'contentY' of undefined
[    24.47 ] W: qrc:/main.qml:663: TypeError: Cannot read property 'contentY' of undefined
[    24.48 ] W: qrc:/main.qml:663: TypeError: Cannot read property 'contentY' of undefined
[    24.49 ] W: qrc:/main.qml:663: TypeError: Cannot read property 'contentY' of undefined
[    24.50 ] W: qrc:/main.qml:663: TypeError: Cannot read property 'contentY' of undefined
[    24.51 ] W: qrc:/main.qml:663: TypeError: Cannot read property 'contentY' of undefined
[    24.52 ] W: qrc:/main.qml:663: TypeError: Cannot read property 'contentY' of undefined
[    24.53 ] W: qrc:/main.qml:663: TypeError: Cannot read property 'contentY' of undefined
[    24.54 ] W: qrc:/main.qml:663: TypeError: Cannot read property 'contentY' of undefined
[    24.55 ] W: qrc:/main.qml:663: TypeError: Cannot read property 'contentY' of undefined
[    24.56 ] W: qrc:/main.qml:663: TypeError: Cannot read property 'contentY' of undefined
[    24.57 ] W: qrc:/main.qml:663: TypeError: Cannot read property 'contentY' of undefined
[    24.58 ] W: qrc:/main.qml:663: TypeError: Cannot read property 'contentY' of undefined
[    24.59 ] W: qrc:/main.qml:663: TypeError: Cannot read property 'contentY' of undefined
[    24.60 ] W: qrc:/main.qml:663: TypeError: Cannot read property 'contentY' of undefined
[    24.61 ] W: qrc:/main.qml:663: TypeError: Cannot read property 'contentY' of undefined
[    24.62 ] W: qrc:/main.qml:663: TypeError: Cannot read property 'contentY' of undefined
[    24.63 ] W: qrc:/main.qml:663: TypeError: Cannot read property 'contentY' of undefined
[    24.64 ] W: qrc:/main.qml:663: TypeError: Cannot read property 'contentY' of undefined
[    24.65 ] W: qrc:/main.qml:663: TypeError: Cannot read property 'contentY' of undefined
[    24.66 ] W: qrc:/main.qml:663: TypeError: Cannot read property 'contentY' of undefined
[    24.67 ] W: qrc:/main.qml:663: TypeError: Cannot read property 'contentY' of undefined
[    24.68 ] W: qrc:/main.qml:663: TypeError: Cannot read property 'contentY' of undefined
[    24.69 ] W: qrc:/main.qml:663: TypeError: Cannot read property 'contentY' of undefined
[    24.70 ] W: qrc:/main.qml:663: TypeError: Cannot read property 'contentY' of undefined
[    24.71 ] W: qrc:/main.qml:663: TypeError: Cannot read property 'contentY' of undefined
[    24.72 ] W: qrc:/main.qml:663: TypeError: Cannot read property 'contentY' of undefined
[    24.73 ] W: qrc:/main.qml:663: TypeError: Cannot read property 'contentY' of undefined
[    24.74 ] W: qrc:/main.qml:663: TypeError: Cannot read property 'contentY' of undefined
[    24.75 ] W: qrc:/main.qml:663: TypeError: Cannot read property 'contentY' of undefined
[    24.77 ] W: qrc:/main.qml:663: TypeError: Cannot read property 'contentY' of undefined
[    24.78 ] W: qrc:/main.qml:663: TypeError: Cannot read property 'contentY' of undefined
[    24.79 ] W: qrc:/main.qml:663: TypeError: Cannot read property 'contentY' of undefined
[    24.80 ] W: qrc:/main.qml:663: TypeError: Cannot read property 'contentY' of undefined
[    24.81 ] W: qrc:/main.qml:663: TypeError: Cannot read property 'contentY' of undefined
[    24.82 ] W: qrc:/main.qml:663: TypeError: Cannot read property 'contentY' of undefined
[    24.83 ] W: qrc:/main.qml:663: TypeError: Cannot read property 'contentY' of undefined
[    24.84 ] W: qrc:/main.qml:663: TypeError: Cannot read property 'contentY' of undefined
[    24.85 ] W: qrc:/main.qml:663: TypeError: Cannot read property 'contentY' of undefined
[    24.86 ] W: qrc:/main.qml:663: TypeError: Cannot read property 'contentY' of undefined
[    24.87 ] W: qrc:/main.qml:663: TypeError: Cannot read property 'contentY' of undefined
[    24.88 ] W: qrc:/main.qml:663: TypeError: Cannot read property 'contentY' of undefined
[    24.89 ] W: qrc:/main.qml:663: TypeError: Cannot read property 'contentY' of undefined
[    24.90 ] W: qrc:/main.qml:663: TypeError: Cannot read property 'contentY' of undefined
[    24.91 ] W: qrc:/main.qml:663: TypeError: Cannot read property 'contentY' of undefined
[    24.92 ] W: qrc:/main.qml:663: TypeError: Cannot read property 'contentY' of undefined
[    24.93 ] W: qrc:/main.qml:663: TypeError: Cannot read property 'contentY' of undefined
[    24.94 ] W: qrc:/main.qml:663: TypeError: Cannot read property 'contentY' of undefined
[    24.95 ] W: qrc:/main.qml:663: TypeError: Cannot read property 'contentY' of undefined
[    24.96 ] W: qrc:/main.qml:663: TypeError: Cannot read property 'contentY' of undefined
[    24.97 ] W: qrc:/main.qml:663: TypeError: Cannot read property 'contentY' of undefined
[    24.98 ] W: qrc:/main.qml:663: TypeError: Cannot read property 'contentY' of undefined
[    24.99 ] W: qrc:/main.qml:663: TypeError: Cannot read property 'contentY' of undefined
[    25.00 ] W: qrc:/main.qml:663: TypeError: Cannot read property 'contentY' of undefined
[    25.01 ] W: qrc:/main.qml:663: TypeError: Cannot read property 'contentY' of undefined
[    25.02 ] W: qrc:/main.qml:663: TypeError: Cannot read property 'contentY' of undefined
[    25.03 ] W: qrc:/main.qml:663: TypeError: Cannot read property 'contentY' of undefined
[    25.04 ] W: qrc:/main.qml:663: TypeError: Cannot read property 'contentY' of undefined
[    25.05 ] W: qrc:/main.qml:663: TypeError: Cannot read property 'contentY' of undefined
[    25.06 ] W: qrc:/main.qml:663: TypeError: Cannot read property 'contentY' of undefined
[    25.07 ] W: qrc:/main.qml:663: TypeError: Cannot read property 'contentY' of undefined
[    25.08 ] W: qrc:/main.qml:663: TypeError: Cannot read property 'contentY' of undefined
[    25.09 ] W: qrc:/main.qml:663: TypeError: Cannot read property 'contentY' of undefined
[    25.10 ] W: qrc:/main.qml:663: TypeError: Cannot read property 'contentY' of undefined
[    25.11 ] W: qrc:/main.qml:663: TypeError: Cannot read property 'contentY' of undefined
[    25.12 ] W: qrc:/main.qml:663: TypeError: Cannot read property 'contentY' of undefined
[    25.13 ] W: qrc:/main.qml:663: TypeError: Cannot read property 'contentY' of undefined
[    25.14 ] W: qrc:/main.qml:663: TypeError: Cannot read property 'contentY' of undefined
[    25.15 ] W: qrc:/main.qml:663: TypeError: Cannot read property 'contentY' of undefined
[    25.16 ] W: qrc:/main.qml:663: TypeError: Cannot read property 'contentY' of undefined
[    25.17 ] W: qrc:/main.qml:663: TypeError: Cannot read property 'contentY' of undefined
[    25.18 ] W: qrc:/main.qml:663: TypeError: Cannot read property 'contentY' of undefined
[    25.19 ] W: qrc:/main.qml:663: TypeError: Cannot read property 'contentY' of undefined
[    25.20 ] W: qrc:/main.qml:663: TypeError: Cannot read property 'contentY' of undefined
[    25.21 ] W: qrc:/main.qml:663: TypeError: Cannot read property 'contentY' of undefined
[    25.22 ] W: qrc:/main.qml:663: TypeError: Cannot read property 'contentY' of undefined
[    25.24 ] W: qrc:/main.qml:663: TypeError: Cannot read property 'contentY' of undefined
[    25.24 ] W: qrc:/main.qml:663: TypeError: Cannot read property 'contentY' of undefined
[    25.25 ] W: qrc:/main.qml:663: TypeError: Cannot read property 'contentY' of undefined
[    25.26 ] W: qrc:/main.qml:663: TypeError: Cannot read property 'contentY' of undefined
[    25.27 ] W: qrc:/main.qml:663: TypeError: Cannot read property 'contentY' of undefined
[    25.28 ] W: qrc:/main.qml:663: TypeError: Cannot read property 'contentY' of undefined
[    25.29 ] W: qrc:/main.qml:663: TypeError: Cannot read property 'contentY' of undefined
[    25.30 ] W: qrc:/main.qml:663: TypeError: Cannot read property 'contentY' of undefined
[    25.31 ] W: qrc:/main.qml:663: TypeError: Cannot read property 'contentY' of undefined
[    25.32 ] W: qrc:/main.qml:663: TypeError: Cannot read property 'contentY' of undefined
[    25.33 ] W: qrc:/main.qml:663: TypeError: Cannot read property 'contentY' of undefined
[    25.34 ] W: qrc:/main.qml:663: TypeError: Cannot read property 'contentY' of undefined
[    25.35 ] W: qrc:/main.qml:663: TypeError: Cannot read property 'contentY' of undefined
[    25.36 ] W: qrc:/main.qml:663: TypeError: Cannot read property 'contentY' of undefined
[    25.37 ] W: qrc:/main.qml:663: TypeError: Cannot read property 'contentY' of undefined
[    25.38 ] W: qrc:/main.qml:663: TypeError: Cannot read property 'contentY' of undefined
[    25.39 ] W: qrc:/main.qml:663: TypeError: Cannot read property 'contentY' of undefined
[    25.40 ] W: qrc:/main.qml:663: TypeError: Cannot read property 'contentY' of undefined
[    25.41 ] W: qrc:/main.qml:663: TypeError: Cannot read property 'contentY' of undefined
[    25.42 ] W: qrc:/main.qml:663: TypeError: Cannot read property 'contentY' of undefined
[    25.43 ] W: qrc:/main.qml:663: TypeError: Cannot read property 'contentY' of undefined
[    25.44 ] W: qrc:/main.qml:663: TypeError: Cannot read property 'contentY' of undefined
[    25.45 ] W: qrc:/main.qml:663: TypeError: Cannot read property 'contentY' of undefined
[    25.46 ] W: qrc:/main.qml:663: TypeError: Cannot read property 'contentY' of undefined
[    25.47 ] W: qrc:/main.qml:663: TypeError: Cannot read property 'contentY' of undefined
[    25.49 ] W: qrc:/main.qml:663: TypeError: Cannot read property 'contentY' of undefined
[    25.49 ] W: qrc:/main.qml:663: TypeError: Cannot read property 'contentY' of undefined
[    25.50 ] W: qrc:/main.qml:663: TypeError: Cannot read property 'contentY' of undefined
[    25.52 ] W: qrc:/main.qml:663: TypeError: Cannot read property 'contentY' of undefined
[    25.54 ] W: qrc:/main.qml:663: TypeError: Cannot read property 'contentY' of undefined
[    25.54 ] W: qrc:/main.qml:663: TypeError: Cannot read property 'contentY' of undefined
[    25.55 ] W: qrc:/main.qml:663: TypeError: Cannot read property 'contentY' of undefined
[    25.56 ] W: qrc:/main.qml:663: TypeError: Cannot read property 'contentY' of undefined
[    25.57 ] W: qrc:/main.qml:663: TypeError: Cannot read property 'contentY' of undefined
[    25.59 ] W: qrc:/main.qml:663: TypeError: Cannot read property 'contentY' of undefined
[    25.59 ] W: qrc:/main.qml:663: TypeError: Cannot read property 'contentY' of undefined
[    25.60 ] W: qrc:/main.qml:663: TypeError: Cannot read property 'contentY' of undefined
[    25.61 ] W: qrc:/main.qml:663: TypeError: Cannot read property 'contentY' of undefined
[    25.62 ] W: qrc:/main.qml:663: TypeError: Cannot read property 'contentY' of undefined
[    25.64 ] W: qrc:/main.qml:663: TypeError: Cannot read property 'contentY' of undefined
[    25.64 ] W: qrc:/main.qml:663: TypeError: Cannot read property 'contentY' of undefined
[    25.65 ] W: qrc:/main.qml:663: TypeError: Cannot read property 'contentY' of undefined
[    25.66 ] W: qrc:/main.qml:663: TypeError: Cannot read property 'contentY' of undefined
[    25.67 ] W: qrc:/main.qml:663: TypeError: Cannot read property 'contentY' of undefined
[    25.68 ] W: qrc:/main.qml:663: TypeError: Cannot read property 'contentY' of undefined
[    25.69 ] W: qrc:/main.qml:663: TypeError: Cannot read property 'contentY' of undefined
[    25.70 ] W: qrc:/main.qml:663: TypeError: Cannot read property 'contentY' of undefined
[    25.71 ] W: qrc:/main.qml:663: TypeError: Cannot read property 'contentY' of undefined
[    25.72 ] W: qrc:/main.qml:663: TypeError: Cannot read property 'contentY' of undefined
[    25.72 ] D: findTrackIndexByPoint 0 QRect(0,0 1707x111) false QPointF(98,175)
[    25.72 ] D: findTrackIndexByPoint 1 QRect(0,111 1707x111) true QPointF(98,175)
[    25.73 ] D: setMultiEq
[    25.73 ] W: qrc:/main.qml:663: TypeError: Cannot read property 'contentY' of undefined
[    25.74 ] W: qrc:/main.qml:663: TypeError: Cannot read property 'contentY' of undefined
[    25.76 ] W: qrc:/main.qml:663: TypeError: Cannot read property 'contentY' of undefined
[    25.76 ] W: qrc:/main.qml:663: TypeError: Cannot read property 'contentY' of undefined
[    25.77 ] W: qrc:/main.qml:663: TypeError: Cannot read property 'contentY' of undefined
[    25.78 ] W: qrc:/main.qml:663: TypeError: Cannot read property 'contentY' of undefined
[    35.70 ] D: findTrackIndexByPoint 0 QRect(0,0 1707x111) false QPointF(119,196)
[    35.70 ] D: findTrackIndexByPoint 1 QRect(0,111 1707x111) true QPointF(119,196)
[    35.70 ] D: setMultiEq
[    43.99 ] D: findTrackIndexByPoint 0 QRect(0,0 1707x111) true QPointF(74,54)
[    46.15 ] D: P1 -459
[    46.16 ] D: P1 -419
[    46.16 ] D: P1 -416
[    46.16 ] D: P1 -413
[    46.17 ] D: P1 -408
[    46.17 ] D: P1 -404
[    46.19 ] D: P1 -393
[    46.19 ] D: P1 -392
[    46.19 ] D: P1 -391
[    46.20 ] D: P1 -391
[    46.21 ] D: P1 -390
[    46.21 ] D: P1 -390
[    46.22 ] D: P1 -390
[    46.22 ] D: P1 -389
[    46.23 ] D: P1 -389
[    46.24 ] D: P1 -389
[    46.26 ] D: P1 -389
[    46.26 ] D: P1 -389
[    46.27 ] D: P1 -389
[    46.28 ] D: P1 -389
[    46.28 ] D: P1 -389
[    46.29 ] D: P1 -389
[    46.29 ] D: P1 -389
[    46.29 ] D: P1 -389
[    46.31 ] D: P1 -389
[    46.31 ] D: P1 -389
[    46.31 ] D: P1 -389
[    46.32 ] D: P1 -389
[    46.32 ] D: P1 -389
[    46.33 ] D: P1 -389
[    46.34 ] D: P1 -389
[    46.34 ] D: P1 -389
[    46.35 ] D: P1 -389
[    46.35 ] D: P1 -389
[    46.36 ] D: P1 -389
[    46.36 ] D: P1 -389
[    46.37 ] D: P1 -389
[    46.38 ] D: P1 -390
[    46.38 ] D: P1 -391
[    46.39 ] D: P1 -391
[    46.39 ] D: P1 -391
[    46.40 ] D: P1 -391
[    46.40 ] D: P1 -392
[    46.41 ] D: P1 -392
[    46.42 ] D: P1 -392
[    46.42 ] D: P1 -392
[    46.43 ] D: P1 -392
[    46.43 ] D: P1 -392
[    46.44 ] D: P1 -392
[    46.44 ] D: P1 -392
[    46.44 ] D: P1 -392
[    46.45 ] D: P1 -392
[    46.46 ] D: P1 -392
[    46.46 ] D: P1 -392
[    46.46 ] D: P1 -392
[    46.47 ] D: P1 -392
[    46.47 ] D: P1 -392
[    46.48 ] D: P1 -392
[    46.48 ] D: P1 -392
[    46.49 ] D: P1 -392
[    46.51 ] D: P1 -392
[    46.67 ] D: sltPositionChanged 396900
[    46.67 ] D: frame_offset 0 0 10
[    46.68 ] D: frame_offset 0 1 10
[    46.68 ] D: frame_offset 0 2 10
[    46.68 ] D: frame_offset 0 3 10
[    46.68 ] D: frame_offset 0 4 10
[    46.69 ] D: findOverlayItems 1 0
[    46.69 ] D: "{3e279d50-b801-41c7-961a-18dad29dc14b}" i.value()->sampleClip()->startTime()  9000 24483.9 24483.9 9000
[    46.69 ] D: findOverlayItems
[    46.70 ] D: sltPositionChanged 396900
[    46.70 ] D: frame_offset 0 0 10
[    46.71 ] D: frame_offset 0 1 10
[    46.71 ] D: frame_offset 0 2 10
[    46.71 ] D: frame_offset 0 3 10
[    46.71 ] D: frame_offset 0 4 10
[    48.85 ] W: qrc:/TrackPanels/Audio/Automation/Automation.qml:0: ReferenceError: theme is not defined
[    49.74 ] D: findTrackIndexByPoint 0 QRect(0,0 1707x111) true QPointF(148,69)
[    49.76 ] D: p1 QRect(0,27 1707x81) 8222.22 0.518519 69
[    49.76 ] D: p1 QRect(0,27 1707x81) 8222.22 0.518519 69
[    49.76 ] D: p2 QRect(0,27 1707x81) 8222.22 0.518519
[    49.82 ] D: p1 QRect(0,27 1707x81) 8222.22 0.518519 69
[    49.82 ] D: p1 QRect(0,27 1707x81) 8222.22 0.518519 69
[    49.82 ] D: p1 QRect(0,27 1707x81) 8222.22 0.518519 69
[    49.82 ] D: p2 QRect(0,27 1707x81) 8222.22 0.518519
[    49.90 ] D: p1 QRect(0,27 1707x81) 8333.33 0.518519 69
[    49.90 ] D: p1 QRect(0,27 1707x81) 8333.33 0.518519 69
[    49.90 ] D: p1 QRect(0,27 1707x81) 8333.33 0.518519 69
[    49.90 ] D: p2 QRect(0,27 1707x81) 8333.33 0.518519
[    49.92 ] D: p1 QRect(0,27 1707x81) 8555.56 0.506173 68
[    49.92 ] D: p1 QRect(0,27 1707x81) 8555.56 0.506173 68
[    49.92 ] D: p1 QRect(0,27 1707x81) 8555.56 0.506173 68
[    49.92 ] D: p2 QRect(0,27 1707x81) 8555.56 0.506173
[    49.94 ] D: p1 QRect(0,27 1707x81) 8666.67 0.493827 67
[    49.94 ] D: p1 QRect(0,27 1707x81) 8666.67 0.493827 67
[    49.94 ] D: p1 QRect(0,27 1707x81) 8666.67 0.493827 67
[    49.94 ] D: p2 QRect(0,27 1707x81) 8666.67 0.493827
[    49.96 ] D: p1 QRect(0,27 1707x81) 8666.67 0.481481 66
[    49.96 ] D: p1 QRect(0,27 1707x81) 8666.67 0.481481 66
[    49.96 ] D: p1 QRect(0,27 1707x81) 8666.67 0.481481 66
[    49.96 ] D: p2 QRect(0,27 1707x81) 8666.67 0.481481
[    49.97 ] D: p1 QRect(0,27 1707x81) 8666.67 0.481481 66
[    49.97 ] D: p1 QRect(0,27 1707x81) 8666.67 0.481481 66
[    49.97 ] D: p1 QRect(0,27 1707x81) 8666.67 0.481481 66
[    49.97 ] D: p2 QRect(0,27 1707x81) 8666.67 0.481481
[    50.15 ] D: p1 QRect(0,27 1707x81) 8777.78 0.481481 66
[    50.15 ] D: p1 QRect(0,27 1707x81) 8777.78 0.481481 66
[    50.15 ] D: p1 QRect(0,27 1707x81) 8777.78 0.481481 66
[    50.15 ] D: p2 QRect(0,27 1707x81) 8777.78 0.481481
[    50.19 ] D: p1 QRect(0,27 1707x81) 8833.33 0.481481 66
[    50.19 ] D: p1 QRect(0,27 1707x81) 8833.33 0.481481 66
[    50.19 ] D: p1 QRect(0,27 1707x81) 8833.33 0.481481 66
[    50.19 ] D: p2 QRect(0,27 1707x81) 8833.33 0.481481
[    50.22 ] D: p1 QRect(0,27 1707x81) 8888.89 0.481481 66
[    50.22 ] D: p1 QRect(0,27 1707x81) 8888.89 0.481481 66
[    50.22 ] D: p1 QRect(0,27 1707x81) 8888.89 0.481481 66
[    50.22 ] D: p2 QRect(0,27 1707x81) 8888.89 0.481481
[    50.26 ] D: p1 QRect(0,27 1707x81) 9000 0.493827 67
[    50.26 ] D: p1 QRect(0,27 1707x81) 9000 0.493827 67
[    50.26 ] D: p1 QRect(0,27 1707x81) 9000 0.493827 67
[    50.26 ] D: p2 QRect(0,27 1707x81) 9000 0.493827
[    50.27 ] D: p1 QRect(0,27 1707x81) 9055.56 0.493827 67
[    50.27 ] D: p1 QRect(0,27 1707x81) 9055.56 0.493827 67
[    50.27 ] D: p1 QRect(0,27 1707x81) 9055.56 0.493827 67
[    50.27 ] D: p2 QRect(0,27 1707x81) 9055.56 0.493827
[    50.29 ] D: p1 QRect(0,27 1707x81) 9055.56 0.493827 67
[    50.29 ] D: p1 QRect(0,27 1707x81) 9055.56 0.493827 67
[    50.29 ] D: p1 QRect(0,27 1707x81) 9055.56 0.493827 67
[    50.29 ] D: p2 QRect(0,27 1707x81) 9055.56 0.493827
[    50.32 ] D: p1 QRect(0,27 1707x81) 9166.67 0.493827 67
[    50.32 ] D: p1 QRect(0,27 1707x81) 9166.67 0.493827 67
[    50.32 ] D: p1 QRect(0,27 1707x81) 9166.67 0.493827 67
[    50.32 ] D: p2 QRect(0,27 1707x81) 9166.67 0.493827
[    50.34 ] D: p1 QRect(0,27 1707x81) 9166.67 0.493827 67
[    50.34 ] D: p1 QRect(0,27 1707x81) 9166.67 0.493827 67
[    50.34 ] D: p1 QRect(0,27 1707x81) 9166.67 0.493827 67
[    50.34 ] D: p2 QRect(0,27 1707x81) 9166.67 0.493827
[    50.35 ] D: p1 QRect(0,27 1707x81) 9222.22 0.493827 67
[    50.35 ] D: p1 QRect(0,27 1707x81) 9222.22 0.493827 67
[    50.35 ] D: p1 QRect(0,27 1707x81) 9222.22 0.493827 67
[    50.35 ] D: p2 QRect(0,27 1707x81) 9222.22 0.493827
[    50.39 ] D: findTrackIndexByPoint 0 QRect(0,0 1707x111) true QPointF(167,67)
[    50.39 ] D: p1 QRect(0,27 1707x81) 9277.78 0.493827 67
[    50.39 ] D: p1 QRect(0,27 1707x81) 9277.78 0.493827 67
[    50.39 ] D: p1 QRect(0,27 1707x81) 9277.78 0.493827 67
[    50.39 ] D: p2 QRect(0,27 1707x81) 9277.78 0.493827
[    50.40 ] D: _automationChanging false
[    50.40 ] D: mouseMove2
[    50.41 ] D: p1 QRect(0,27 1707x81) 9277.78 0.493827 67
[    50.41 ] D: p1 QRect(0,27 1707x81) 9277.78 0.493827 67
[    50.41 ] D: p1 QRect(0,27 1707x81) 9277.78 0.493827 67
[    50.41 ] D: p2 QRect(0,27 1707x81) 9277.78 0.493827
[    50.42 ] D: _automationChanging false
[    50.42 ] D: mouseMove2
[    50.42 ] D: p1 QRect(0,27 1707x81) 9277.78 0.493827 67
[    50.42 ] D: p1 QRect(0,27 1707x81) 9277.78 0.493827 67
[    50.42 ] D: p1 QRect(0,27 1707x81) 9277.78 0.493827 67
[    50.42 ] D: p2 QRect(0,27 1707x81) 9277.78 0.493827
[    50.44 ] D: p1 QRect(0,27 1707x81) 9277.78 0.493827 67
[    50.44 ] D: p1 QRect(0,27 1707x81) 9277.78 0.493827 67
[    50.44 ] D: p1 QRect(0,27 1707x81) 9277.78 0.493827 67
[    50.44 ] D: p2 QRect(0,27 1707x81) 9277.78 0.493827
[    50.45 ] D: _automationChanging false
[    50.45 ] D: mouseMove2
[    50.47 ] D: _automationChanging false
[    50.47 ] D: mouseMove2
[    50.47 ] D: _automationChanging false
[    50.47 ] D: mouseMove2
[    50.47 ] D: p1 QRect(0,27 1707x81) 9277.78 0.493827 67
[    50.47 ] D: p1 QRect(0,27 1707x81) 9277.78 0.493827 67
[    50.47 ] D: p1 QRect(0,27 1707x81) 9277.78 0.493827 67
[    50.47 ] D: p2 QRect(0,27 1707x81) 9277.78 0.493827
[    50.47 ] D: _automationChanging false
[    50.47 ] D: mouseMove2
[    50.49 ] D: _automationChanging false
[    50.49 ] D: mouseMove2
[    50.49 ] D: _automationChanging false
[    50.49 ] D: mouseMove2
[    50.49 ] D: p1 QRect(0,27 1707x81) 9277.78 0.493827 67
[    50.49 ] D: p1 QRect(0,27 1707x81) 9277.78 0.493827 67
[    50.49 ] D: p1 QRect(0,27 1707x81) 9277.78 0.493827 67
[    50.49 ] D: p2 QRect(0,27 1707x81) 9277.78 0.493827
[    50.49 ] D: _automationChanging false
[    50.49 ] D: mouseMove2
[    50.50 ] D: _automationChanging false
[    50.50 ] D: mouseMove2
[    50.51 ] D: p1 QRect(0,27 1707x81) 9277.78 0.493827 67
[    50.51 ] D: p1 QRect(0,27 1707x81) 9277.78 0.493827 67
[    50.51 ] D: p1 QRect(0,27 1707x81) 9277.78 0.493827 67
[    50.51 ] D: p2 QRect(0,27 1707x81) 9277.78 0.493827
[    50.51 ] D: _automationChanging false
[    50.51 ] D: mouseMove2
[    50.51 ] D: _automationChanging false
[    50.51 ] D: mouseMove2
[    50.52 ] D: _automationChanging false
[    50.52 ] D: mouseMove2
[    50.52 ] D: _automationChanging false
[    50.52 ] D: mouseMove2
[    50.52 ] D: p1 QRect(0,27 1707x81) 9277.78 0.493827 67
[    50.52 ] D: p1 QRect(0,27 1707x81) 9277.78 0.493827 67
[    50.52 ] D: p1 QRect(0,27 1707x81) 9277.78 0.493827 67
[    50.52 ] D: p2 QRect(0,27 1707x81) 9277.78 0.493827
[    50.54 ] D: _automationChanging false
[    50.54 ] D: mouseMove2
[    50.54 ] D: _automationChanging false
[    50.54 ] D: mouseMove2
[    50.54 ] D: p1 QRect(0,27 1707x81) 9277.78 0.493827 67
[    50.54 ] D: p1 QRect(0,27 1707x81) 9277.78 0.493827 67
[    50.54 ] D: p1 QRect(0,27 1707x81) 9277.78 0.493827 67
[    50.54 ] D: p2 QRect(0,27 1707x81) 9277.78 0.493827
[    50.54 ] D: _automationChanging false
[    50.54 ] D: mouseMove2
[    50.54 ] D: _automationChanging false
[    50.54 ] D: mouseMove2
[    50.55 ] D: _automationChanging false
[    50.55 ] D: mouseMove2
[    50.56 ] D: p1 QRect(0,27 1707x81) 9277.78 0.493827 67
[    50.56 ] D: p1 QRect(0,27 1707x81) 9277.78 0.493827 67
[    50.56 ] D: p1 QRect(0,27 1707x81) 9277.78 0.493827 67
[    50.56 ] D: p2 QRect(0,27 1707x81) 9277.78 0.493827
[    50.56 ] D: _automationChanging false
[    50.56 ] D: mouseMove2
[    50.56 ] D: _automationChanging false
[    50.56 ] D: mouseMove2
[    50.57 ] D: _automationChanging false
[    50.57 ] D: mouseMove2
[    50.57 ] D: _automationChanging false
[    50.57 ] D: mouseMove2
[    50.57 ] D: _automationChanging false
[    50.57 ] D: mouseMove2
[    50.57 ] D: p1 QRect(0,27 1707x81) 9277.78 0.493827 67
[    50.57 ] D: p1 QRect(0,27 1707x81) 9277.78 0.493827 67
[    50.57 ] D: p1 QRect(0,27 1707x81) 9277.78 0.493827 67
[    50.57 ] D: p2 QRect(0,27 1707x81) 9277.78 0.493827
[    50.59 ] D: _automationChanging false
[    50.59 ] D: mouseMove2
[    50.59 ] D: _automationChanging false
[    50.59 ] D: mouseMove2
[    50.59 ] D: _automationChanging false
[    50.59 ] D: mouseMove2
[    50.59 ] D: p1 QRect(0,27 1707x81) 9277.78 0.493827 67
[    50.59 ] D: p1 QRect(0,27 1707x81) 9277.78 0.493827 67
[    50.59 ] D: p1 QRect(0,27 1707x81) 9277.78 0.493827 67
[    50.59 ] D: p2 QRect(0,27 1707x81) 9277.78 0.493827
[    50.60 ] D: _automationChanging false
[    50.60 ] D: mouseMove2
[    50.60 ] D: p1 QRect(0,27 1707x81) 9277.78 0.493827 67
[    50.60 ] D: p1 QRect(0,27 1707x81) 9277.78 0.493827 67
[    50.60 ] D: p1 QRect(0,27 1707x81) 9277.78 0.493827 67
[    50.60 ] D: p2 QRect(0,27 1707x81) 9277.78 0.493827
[    50.60 ] D: _automationChanging false
[    50.60 ] D: mouseMove2
[    50.62 ] D: _automationChanging false
[    50.62 ] D: mouseMove2
[    50.62 ] D: p1 QRect(0,27 1707x81) 9277.78 0.493827 67
[    50.62 ] D: p1 QRect(0,27 1707x81) 9277.78 0.493827 67
[    50.62 ] D: p1 QRect(0,27 1707x81) 9277.78 0.493827 67
[    50.62 ] D: p2 QRect(0,27 1707x81) 9277.78 0.493827
[    50.62 ] D: _automationChanging false
[    50.63 ] D: mouseMove2
[    50.64 ] D: _automationChanging false
[    50.64 ] D: mouseMove2
[    50.64 ] D: _automationChanging false
[    50.64 ] D: mouseMove2
[    50.64 ] D: p1 QRect(0,27 1707x81) 9277.78 0.493827 67
[    50.64 ] D: p1 QRect(0,27 1707x81) 9277.78 0.493827 67
[    50.64 ] D: p1 QRect(0,27 1707x81) 9277.78 0.493827 67
[    50.64 ] D: p2 QRect(0,27 1707x81) 9277.78 0.493827
[    50.65 ] D: _automationChanging false
[    50.65 ] D: mouseMove2
[    50.65 ] D: _automationChanging false
[    50.65 ] D: mouseMove2
[    50.65 ] D: _automationChanging false
[    50.65 ] D: mouseMove2
[    50.65 ] D: p1 QRect(0,27 1707x81) 9277.78 0.493827 67
[    50.65 ] D: p1 QRect(0,27 1707x81) 9277.78 0.493827 67
[    50.65 ] D: p1 QRect(0,27 1707x81) 9277.78 0.493827 67
[    50.65 ] D: _automationChanging false
[    50.65 ] D: mouseMove2
[    50.65 ] D: p2 QRect(0,27 1707x81) 9277.78 0.493827
[    50.67 ] D: _automationChanging false
[    50.67 ] D: mouseMove2
[    50.67 ] D: p1 QRect(0,27 1707x81) 9277.78 0.493827 67
[    50.67 ] D: p1 QRect(0,27 1707x81) 9277.78 0.493827 67
[    50.67 ] D: p1 QRect(0,27 1707x81) 9277.78 0.493827 67
[    50.67 ] D: p2 QRect(0,27 1707x81) 9277.78 0.493827
[    50.68 ] D: _automationChanging false
[    50.68 ] D: mouseMove2
[    50.69 ] D: _automationChanging false
[    50.69 ] D: mouseMove2
[    50.69 ] D: _automationChanging false
[    50.69 ] D: mouseMove2
[    50.69 ] D: p1 QRect(0,27 1707x81) 9277.78 0.493827 67
[    50.69 ] D: p1 QRect(0,27 1707x81) 9277.78 0.493827 67
[    50.69 ] D: p1 QRect(0,27 1707x81) 9277.78 0.493827 67
[    50.69 ] D: p2 QRect(0,27 1707x81) 9277.78 0.493827
[    50.70 ] D: _automationChanging false
[    50.70 ] D: mouseMove2
[    50.71 ] D: _automationChanging false
[    50.71 ] D: mouseMove2
[    50.71 ] D: _automationChanging false
[    50.71 ] D: mouseMove2
[    50.72 ] D: _automationChanging false
[    50.72 ] D: mouseMove2
[    50.72 ] D: _automationChanging false
[    50.72 ] D: mouseMove2
[    50.74 ] D: _automationChanging false
[    50.74 ] D: mouseMove2
[    50.74 ] D: _automationChanging false
[    50.74 ] D: mouseMove2
[    50.75 ] D: _automationChanging false
[    50.75 ] D: mouseMove2
[    50.75 ] D: _automationChanging false
[    50.75 ] D: mouseMove2
[    50.77 ] D: _automationChanging false
[    50.77 ] D: mouseMove2
[    50.78 ] D: _automationChanging false
[    50.78 ] D: mouseMove2
[    50.79 ] D: _automationChanging false
[    50.79 ] D: mouseMove2
[    50.79 ] D: _automationChanging false
[    50.79 ] D: mouseMove2
[    50.80 ] D: _automationChanging false
[    50.80 ] D: mouseMove2
[    50.82 ] D: _automationChanging false
[    50.82 ] D: mouseMove2
[    50.84 ] D: _automationChanging false
[    50.84 ] D: mouseMove2
[    50.84 ] D: _automationChanging false
[    50.84 ] D: mouseMove2
[    50.85 ] D: _automationChanging false
[    50.85 ] D: mouseMove2
[    50.87 ] D: _automationChanging false
[    50.87 ] D: mouseMove2
[    51.12 ] D: _automationChanging false
[    51.12 ] D: mouseMove2
[    51.13 ] D: _automationChanging false
[    51.13 ] D: mouseMove2
[    51.13 ] D: _automationChanging false
[    51.13 ] D: mouseMove2
[    51.14 ] D: _automationChanging false
[    51.14 ] D: mouseMove2
[    51.14 ] D: _automationChanging false
[    51.14 ] D: mouseMove2
[    51.14 ] D: _automationChanging false
[    51.14 ] D: mouseMove2
[    51.15 ] D: _automationChanging false
[    51.15 ] D: mouseMove2
[    51.15 ] D: _automationChanging false
[    51.16 ] D: mouseMove2
[    51.16 ] D: _automationChanging false
[    51.16 ] D: mouseMove2
[    51.16 ] D: _automationChanging false
[    51.16 ] D: mouseMove2
[    51.17 ] D: _automationChanging false
[    51.17 ] D: mouseMove2
[    51.17 ] D: _automationChanging false
[    51.17 ] D: mouseMove2
[    51.19 ] D: _automationChanging false
[    51.19 ] D: mouseMove2
[    51.19 ] D: _automationChanging false
[    51.19 ] D: mouseMove2
[    51.20 ] D: _automationChanging false
[    51.21 ] D: mouseMove2
[    51.23 ] D: _automationChanging false
[    51.23 ] D: mouseMove2
[    51.24 ] D: _automationChanging false
[    51.24 ] D: mouseMove2
[    51.25 ] D: _automationChanging false
[    51.26 ] D: mouseMove2
[    51.26 ] D: _automationChanging false
[    51.26 ] D: mouseMove2
[    51.26 ] D: _automationChanging false
[    51.26 ] D: mouseMove2
[    51.27 ] D: _automationChanging false
[    51.27 ] D: mouseMove2
[    51.27 ] D: _automationChanging false
[    51.27 ] D: mouseMove2
[    51.29 ] D: _automationChanging false
[    51.29 ] D: mouseMove2
[    51.29 ] D: _automationChanging false
[    51.29 ] D: mouseMove2
[    51.29 ] D: _automationChanging false
[    51.29 ] D: mouseMove2
[    51.29 ] D: _automationChanging false
[    51.29 ] D: mouseMove2
[    51.29 ] D: _automationChanging false
[    51.29 ] D: mouseMove2
[    51.30 ] D: _automationChanging false
[    51.31 ] D: mouseMove2
[    51.31 ] D: _automationChanging false
[    51.31 ] D: mouseMove2
[    51.31 ] D: _automationChanging false
[    51.31 ] D: mouseMove2
[    51.31 ] D: _automationChanging false
[    51.31 ] D: mouseMove2
[    51.31 ] D: _automationChanging false
[    51.31 ] D: mouseMove2
[    51.32 ] D: _automationChanging false
[    51.32 ] D: mouseMove2
[    51.32 ] D: _automationChanging false
[    51.32 ] D: mouseMove2
[    51.33 ] D: _automationChanging false
[    51.33 ] D: mouseMove2
[    51.34 ] D: _automationChanging false
[    51.34 ] D: mouseMove2
[    51.34 ] D: _automationChanging false
[    51.34 ] D: mouseMove2
[    51.34 ] D: _automationChanging false
[    51.34 ] D: mouseMove2
[    51.34 ] D: _automationChanging false
[    51.34 ] D: mouseMove2
[    51.35 ] D: _automationChanging false
[    51.35 ] D: mouseMove2
[    51.35 ] D: _automationChanging false
[    51.35 ] D: mouseMove2
[    51.35 ] D: _automationChanging false
[    51.35 ] D: mouseMove2
[    51.36 ] D: _automationChanging false
[    51.36 ] D: mouseMove2
[    51.37 ] D: _automationChanging false
[    51.37 ] D: mouseMove2
[    51.37 ] D: _automationChanging false
[    51.37 ] D: mouseMove2
[    51.38 ] D: _automationChanging false
[    51.38 ] D: mouseMove2
[    51.39 ] D: _automationChanging false
[    51.39 ] D: mouseMove2
[    51.40 ] D: _automationChanging false
[    51.40 ] D: mouseMove2
[    51.40 ] D: _automationChanging false
[    51.40 ] D: mouseMove2
[    51.41 ] D: _automationChanging false
[    51.41 ] D: mouseMove2
[    51.42 ] D: _automationChanging false
[    51.42 ] D: mouseMove2
[    51.44 ] D: _automationChanging false
[    51.44 ] D: mouseMove2
[    51.44 ] D: _automationChanging false
[    51.44 ] D: mouseMove2
[    51.44 ] D: _automationChanging false
[    51.44 ] D: mouseMove2
[    51.45 ] D: _automationChanging false
[    51.46 ] D: mouseMove2
[    51.46 ] D: _automationChanging false
[    51.46 ] D: mouseMove2
[    51.47 ] D: _automationChanging false
[    51.47 ] D: mouseMove2
[    51.49 ] D: _automationChanging false
[    51.49 ] D: mouseMove2
[    51.49 ] D: _automationChanging false
[    51.49 ] D: mouseMove2
[    51.50 ] D: _automationChanging false
[    51.50 ] D: mouseMove2
[    51.51 ] D: _automationChanging false
[    51.51 ] D: mouseMove2
[    51.51 ] D: _automationChanging false
[    51.51 ] D: mouseMove2
[    51.52 ] D: _automationChanging false
[    51.52 ] D: mouseMove2
[    51.54 ] D: _automationChanging false
[    51.54 ] D: mouseMove2
[    51.54 ] D: _automationChanging false
[    51.54 ] D: mouseMove2
[    51.55 ] D: _automationChanging false
[    51.55 ] D: mouseMove2
[    51.56 ] D: _automationChanging false
[    51.56 ] D: mouseMove2
[    51.56 ] D: _automationChanging false
[    51.56 ] D: mouseMove2
[    51.57 ] D: _automationChanging false
[    51.57 ] D: mouseMove2
[    51.57 ] D: _automationChanging false
[    51.57 ] D: mouseMove2
[    51.59 ] D: _automationChanging false
[    51.59 ] D: mouseMove2
[    51.59 ] D: _automationChanging false
[    51.59 ] D: mouseMove2
[    51.59 ] D: _automationChanging false
[    51.59 ] D: mouseMove2
[    51.60 ] D: _automationChanging false
[    51.60 ] D: mouseMove2
[    51.60 ] D: _automationChanging false
[    51.60 ] D: mouseMove2
[    51.61 ] D: _automationChanging false
[    51.61 ] D: mouseMove2
[    51.62 ] D: _automationChanging false
[    51.62 ] D: mouseMove2
[    51.62 ] D: _automationChanging false
[    51.62 ] D: mouseMove2
[    51.62 ] D: _automationChanging false
[    51.63 ] D: mouseMove2
[    51.64 ] D: _automationChanging false
[    51.64 ] D: mouseMove2
[    51.65 ] D: _automationChanging false
[    51.65 ] D: mouseMove2
[    51.65 ] D: _automationChanging false
[    51.65 ] D: mouseMove2
[    51.66 ] D: _automationChanging false
[    51.66 ] D: mouseMove2
[    51.67 ] D: _automationChanging false
[    51.67 ] D: mouseMove2
[    51.67 ] D: _automationChanging false
[    51.67 ] D: mouseMove2
[    51.69 ] D: _automationChanging false
[    51.69 ] D: mouseMove2
[    51.70 ] D: _automationChanging false
[    51.70 ] D: mouseMove2
[    51.72 ] D: _automationChanging false
[    51.72 ] D: mouseMove2
[    51.72 ] D: _automationChanging false
[    51.72 ] D: mouseMove2
[    51.74 ] D: _automationChanging false
[    51.74 ] D: mouseMove2
[    51.74 ] D: _automationChanging false
[    51.74 ] D: mouseMove2
[    51.75 ] D: _automationChanging false
[    51.75 ] D: mouseMove2
[    51.76 ] D: _automationChanging false
[    51.76 ] D: mouseMove2
[    51.76 ] D: _automationChanging false
[    51.76 ] D: mouseMove2
[    51.77 ] D: _automationChanging false
[    51.77 ] D: mouseMove2
[    51.77 ] D: _automationChanging false
[    51.77 ] D: mouseMove2
[    51.78 ] D: _automationChanging false
[    51.78 ] D: mouseMove2
[    51.79 ] D: _automationChanging false
[    51.79 ] D: mouseMove2
[    51.80 ] D: _automationChanging false
[    51.81 ] D: mouseMove2
[    51.81 ] D: _automationChanging false
[    51.81 ] D: mouseMove2
[    51.81 ] D: _automationChanging false
[    51.81 ] D: mouseMove2
[    51.81 ] D: _automationChanging false
[    51.81 ] D: mouseMove2
[    51.82 ] D: _automationChanging false
[    51.82 ] D: mouseMove2
[    51.82 ] D: _automationChanging false
[    51.82 ] D: mouseMove2
[    51.83 ] D: _automationChanging false
[    51.83 ] D: mouseMove2
[    51.83 ] D: _automationChanging false
[    51.83 ] D: mouseMove2
[    51.84 ] D: _automationChanging false
[    51.84 ] D: mouseMove2
[    51.84 ] D: _automationChanging false
[    51.84 ] D: mouseMove2
[    51.85 ] D: _automationChanging false
[    51.85 ] D: mouseMove2
[    51.87 ] D: _automationChanging false
[    51.87 ] D: mouseMove2
[    51.87 ] D: _automationChanging false
[    51.87 ] D: mouseMove2
[    51.89 ] D: _automationChanging false
[    51.89 ] D: mouseMove2
[    51.96 ] D: _automationChanging false
[    51.96 ] D: mouseMove2
[    51.97 ] D: _automationChanging false
[    51.97 ] D: mouseMove2
[    51.97 ] D: _automationChanging false
[    51.97 ] D: mouseMove2
[    51.97 ] D: _automationChanging false
[    51.97 ] D: mouseMove2
[    51.99 ] D: _automationChanging false
[    51.99 ] D: mouseMove2
[    51.99 ] D: _automationChanging false
[    51.99 ] D: mouseMove2
[    51.99 ] D: _automationChanging false
[    51.99 ] D: mouseMove2
[    52.00 ] D: _automationChanging false
[    52.00 ] D: mouseMove2
[    52.01 ] D: _automationChanging false
[    52.01 ] D: mouseMove2
[    52.02 ] D: _automationChanging false
[    52.02 ] D: mouseMove2
[    52.02 ] D: _automationChanging false
[    52.02 ] D: mouseMove2
[    52.02 ] D: _automationChanging false
[    52.02 ] D: mouseMove2
[    52.04 ] D: _automationChanging false
[    52.04 ] D: mouseMove2
[    52.04 ] D: _automationChanging false
[    52.04 ] D: mouseMove2
[    52.04 ] D: _automationChanging false
[    52.04 ] D: mouseMove2
[    52.04 ] D: _automationChanging false
[    52.04 ] D: mouseMove2
[    52.04 ] D: _automationChanging false
[    52.04 ] D: mouseMove2
[    52.05 ] D: _automationChanging false
[    52.05 ] D: mouseMove2
[    52.06 ] D: _automationChanging false
[    52.06 ] D: mouseMove2
[    52.07 ] D: _automationChanging false
[    52.07 ] D: mouseMove2
[    52.07 ] D: _automationChanging false
[    52.07 ] D: mouseMove2
[    52.09 ] D: _automationChanging false
[    52.09 ] D: mouseMove2
[    52.09 ] D: _automationChanging false
[    52.09 ] D: mouseMove2
[    52.09 ] D: _automationChanging false
[    52.09 ] D: mouseMove2
[    52.10 ] D: _automationChanging false
[    52.10 ] D: mouseMove2
[    52.12 ] D: _automationChanging false
[    52.12 ] D: mouseMove2
[    52.15 ] D: _automationChanging false
[    52.15 ] D: mouseMove2
[    52.20 ] D: _automationChanging false
[    52.20 ] D: mouseMove2
[    52.22 ] D: _automationChanging false
[    52.22 ] D: mouseMove2
[    52.22 ] D: _automationChanging false
[    52.22 ] D: mouseMove2
[    52.24 ] D: _automationChanging false
[    52.24 ] D: mouseMove2
[    52.24 ] D: _automationChanging false
[    52.24 ] D: mouseMove2
[    52.24 ] D: _automationChanging false
[    52.24 ] D: mouseMove2
[    52.25 ] D: _automationChanging false
[    52.26 ] D: mouseMove2
[    52.26 ] D: _automationChanging false
[    52.26 ] D: mouseMove2
[    52.27 ] D: _automationChanging false
[    52.27 ] D: mouseMove2
[    52.27 ] D: _automationChanging false
[    52.27 ] D: mouseMove2
[    52.29 ] D: _automationChanging false
[    52.29 ] D: mouseMove2
[    52.29 ] D: _automationChanging false
[    52.29 ] D: mouseMove2
[    52.31 ] D: _automationChanging false
[    52.31 ] D: mouseMove2
[    52.44 ] D: _automationChanging false
[    52.44 ] D: mouseMove2
[    52.44 ] D: _automationChanging false
[    52.44 ] D: mouseMove2
[    52.45 ] D: _automationChanging false
[    52.46 ] D: mouseMove2
[    52.46 ] D: _automationChanging false
[    52.46 ] D: mouseMove2
[    52.47 ] D: _automationChanging false
[    52.47 ] D: mouseMove2
[    52.47 ] D: _automationChanging false
[    52.47 ] D: mouseMove2
[    52.49 ] D: _automationChanging false
[    52.49 ] D: mouseMove2
[    52.49 ] D: _automationChanging false
[    52.49 ] D: mouseMove2
[    52.50 ] D: _automationChanging false
[    52.51 ] D: mouseMove2
[    52.51 ] D: _automationChanging false
[    52.51 ] D: mouseMove2
[    52.52 ] D: _automationChanging false
[    52.52 ] D: mouseMove2
[    52.53 ] D: _automationChanging false
[    52.53 ] D: mouseMove2
[    52.54 ] D: _automationChanging false
[    52.54 ] D: mouseMove2
[    52.54 ] D: _automationChanging false
[    52.54 ] D: mouseMove2
[    52.54 ] D: _automationChanging false
[    52.54 ] D: mouseMove2
[    52.56 ] D: _automationChanging false
[    52.56 ] D: mouseMove2
[    52.57 ] D: _automationChanging false
[    52.57 ] D: mouseMove2
[    52.59 ] D: _automationChanging false
[    52.59 ] D: mouseMove2
[    52.60 ] D: _automationChanging false
[    52.60 ] D: mouseMove2
[    52.64 ] D: _automationChanging false
[    52.64 ] D: mouseMove2
[    52.69 ] D: _automationChanging false
[    52.69 ] D: mouseMove2
[    52.70 ] D: _automationChanging false
[    52.70 ] D: mouseMove2
[    52.72 ] D: _automationChanging false
[    52.72 ] D: mouseMove2
[    52.72 ] D: _automationChanging false
[    52.72 ] D: mouseMove2
[    52.72 ] D: _automationChanging false
[    52.72 ] D: mouseMove2
[    52.74 ] D: _automationChanging false
[    52.74 ] D: mouseMove2
[    52.74 ] D: _automationChanging false
[    52.74 ] D: mouseMove2
[    52.75 ] D: _automationChanging false
[    52.75 ] D: mouseMove2
[    52.75 ] D: _automationChanging false
[    52.75 ] D: mouseMove2
[    52.76 ] D: _automationChanging false
[    52.76 ] D: mouseMove2
[    52.76 ] D: _automationChanging false
[    52.76 ] D: mouseMove2
[    52.77 ] D: _automationChanging false
[    52.77 ] D: mouseMove2
[    52.78 ] D: _automationChanging false
[    52.78 ] D: mouseMove2
[    52.79 ] D: _automationChanging false
[    52.79 ] D: mouseMove2
[    52.81 ] D: _automationChanging false
[    52.81 ] D: mouseMove2
[    52.82 ] D: _automationChanging false
[    52.82 ] D: mouseMove2
[    52.84 ] D: _automationChanging false
[    52.84 ] D: mouseMove2
[    52.85 ] D: _automationChanging false
[    52.85 ] D: mouseMove2
[    52.87 ] D: _automationChanging false
[    52.87 ] D: mouseMove2
[    52.87 ] D: _automationChanging false
[    52.87 ] D: mouseMove2
[    53.00 ] D: _automationChanging false
[    53.00 ] D: mouseMove2
[    53.03 ] D: _automationChanging false
[    53.03 ] D: mouseMove2
[    53.05 ] D: _automationChanging false
[    53.05 ] D: mouseMove2
[    53.15 ] D: _automationChanging false
[    53.15 ] D: mouseMove2
[    53.17 ] D: _automationChanging false
[    53.17 ] D: mouseMove2
[    53.19 ] D: _automationChanging false
[    53.19 ] D: mouseMove2
[    53.19 ] D: _automationChanging false
[    53.19 ] D: mouseMove2
[    53.20 ] D: _automationChanging false
[    53.20 ] D: mouseMove2
[    53.20 ] D: _automationChanging false
[    53.21 ] D: mouseMove2
[    53.21 ] D: _automationChanging false
[    53.21 ] D: mouseMove2
[    53.22 ] D: _automationChanging false
[    53.22 ] D: mouseMove2
[    53.22 ] D: _automationChanging false
[    53.22 ] D: mouseMove2
[    53.24 ] D: _automationChanging false
[    53.24 ] D: mouseMove2
[    53.24 ] D: _automationChanging false
[    53.24 ] D: mouseMove2
[    53.24 ] D: _automationChanging false
[    53.24 ] D: mouseMove2
[    53.25 ] D: _automationChanging false
[    53.25 ] D: mouseMove2
[    53.26 ] D: _automationChanging false
[    53.26 ] D: mouseMove2
[    53.27 ] D: _automationChanging false
[    53.27 ] D: mouseMove2
[    53.28 ] D: _automationChanging false
[    53.28 ] D: mouseMove2
[    53.29 ] D: _automationChanging false
[    53.29 ] D: mouseMove2
[    53.31 ] D: _automationChanging false
[    53.31 ] D: mouseMove2
[    53.33 ] D: _automationChanging false
[    53.33 ] D: mouseMove2
[    53.35 ] D: _automationChanging false
[    53.35 ] D: mouseMove2
[    53.36 ] D: _automationChanging false
[    53.36 ] D: mouseMove2
[    53.37 ] D: _automationChanging false
[    53.37 ] D: mouseMove2
[    53.38 ] D: _automationChanging false
[    53.38 ] D: mouseMove2
[    53.39 ] D: _automationChanging false
[    53.39 ] D: mouseMove2
[    53.40 ] D: _automationChanging false
[    53.40 ] D: mouseMove2
[    53.41 ] D: _automationChanging false
[    53.41 ] D: mouseMove2
[    53.42 ] D: _automationChanging false
[    53.42 ] D: mouseMove2
[    53.42 ] D: _automationChanging false
[    53.42 ] D: mouseMove2
[    53.44 ] D: _automationChanging false
[    53.44 ] D: mouseMove2
[    53.44 ] D: _automationChanging false
[    53.44 ] D: mouseMove2
[    53.44 ] D: _automationChanging false
[    53.44 ] D: mouseMove2
[    53.45 ] D: _automationChanging false
[    53.45 ] D: mouseMove2
[    53.46 ] D: _automationChanging false
[    53.46 ] D: mouseMove2
[    53.47 ] D: _automationChanging false
[    53.47 ] D: mouseMove2
[    53.47 ] D: _automationChanging false
[    53.47 ] D: mouseMove2
[    53.49 ] D: _automationChanging false
[    53.49 ] D: mouseMove2
[    53.50 ] D: _automationChanging false
[    53.51 ] D: mouseMove2
[    53.53 ] D: _automationChanging false
[    53.53 ] D: mouseMove2
[    53.64 ] D: _automationChanging false
[    53.64 ] D: mouseMove2
[    53.65 ] D: _automationChanging false
[    53.65 ] D: mouseMove2
[    53.65 ] D: _automationChanging false
[    53.65 ] D: mouseMove2
[    53.65 ] D: _automationChanging false
[    53.65 ] D: mouseMove2
[    53.66 ] D: _automationChanging false
[    53.66 ] D: mouseMove2
[    53.67 ] D: _automationChanging false
[    53.67 ] D: mouseMove2
[    53.67 ] D: _automationChanging false
[    53.67 ] D: mouseMove2
[    53.68 ] D: _automationChanging false
[    53.68 ] D: mouseMove2
[    53.69 ] D: _automationChanging false
[    53.69 ] D: mouseMove2
[    53.69 ] D: _automationChanging false
[    53.69 ] D: mouseMove2
[    53.70 ] D: _automationChanging false
[    53.70 ] D: mouseMove2
[    53.71 ] D: _automationChanging false
[    53.71 ] D: mouseMove2
[    53.71 ] D: _automationChanging false
[    53.71 ] D: mouseMove2
[    53.71 ] D: _automationChanging false
[    53.71 ] D: mouseMove2
[    53.72 ] D: _automationChanging false
[    53.72 ] D: mouseMove2
[    53.72 ] D: _automationChanging false
[    53.72 ] D: mouseMove2
[    53.74 ] D: _automationChanging false
[    53.74 ] D: mouseMove2
[    53.74 ] D: _automationChanging false
[    53.74 ] D: mouseMove2
[    53.74 ] D: _automationChanging false
[    53.74 ] D: mouseMove2
[    53.74 ] D: _automationChanging false
[    53.74 ] D: mouseMove2
[    53.75 ] D: _automationChanging false
[    53.76 ] D: mouseMove2
[    53.76 ] D: _automationChanging false
[    53.76 ] D: mouseMove2
[    53.77 ] D: _automationChanging false
[    53.77 ] D: mouseMove2
[    53.79 ] D: _automationChanging false
[    53.79 ] D: mouseMove2
[    53.81 ] D: _automationChanging false
[    53.81 ] D: mouseMove2
[    53.81 ] D: _automationChanging false
[    53.81 ] D: mouseMove2
[    53.84 ] D: _automationChanging false
[    53.84 ] D: mouseMove2
[    53.86 ] D: _automationChanging false
[    53.86 ] D: mouseMove2
[    53.89 ] D: _automationChanging false
[    53.89 ] D: mouseMove2
[    54.07 ] D: _automationChanging false
[    54.07 ] D: mouseMove2
[    54.08 ] D: _automationChanging false
[    54.08 ] D: mouseMove2
[    54.08 ] D: _automationChanging false
[    54.08 ] D: mouseMove2
[    54.08 ] D: _automationChanging false
[    54.08 ] D: mouseMove2
[    54.08 ] D: _automationChanging false
[    54.08 ] D: mouseMove2
[    54.09 ] D: _automationChanging false
[    54.09 ] D: mouseMove2
[    54.10 ] D: _automationChanging false
[    54.10 ] D: mouseMove2
[    54.10 ] D: _automationChanging false
[    54.10 ] D: mouseMove2
[    54.10 ] D: _automationChanging false
[    54.11 ] D: mouseMove2
[    54.11 ] D: _automationChanging false
[    54.11 ] D: mouseMove2
[    54.12 ] D: _automationChanging false
[    54.12 ] D: mouseMove2
[    54.14 ] D: _automationChanging false
[    54.14 ] D: mouseMove2
[    54.14 ] D: _automationChanging false
[    54.14 ] D: mouseMove2
[    54.14 ] D: _automationChanging false
[    54.14 ] D: mouseMove2
[    54.14 ] D: _automationChanging false
[    54.14 ] D: mouseMove2
[    54.14 ] D: _automationChanging false
[    54.14 ] D: mouseMove2
[    54.15 ] D: _automationChanging false
[    54.15 ] D: mouseMove2
[    54.15 ] D: _automationChanging false
[    54.15 ] D: mouseMove2
[    54.16 ] D: _automationChanging false
[    54.16 ] D: mouseMove2
[    54.17 ] D: _automationChanging false
[    54.17 ] D: mouseMove2
[    54.18 ] D: _automationChanging false
[    54.18 ] D: mouseMove2
[    54.19 ] D: _automationChanging false
[    54.19 ] D: mouseMove2
[    54.19 ] D: _automationChanging false
[    54.19 ] D: mouseMove2
[    54.20 ] D: _automationChanging false
[    54.20 ] D: mouseMove2
[    54.21 ] D: _automationChanging false
[    54.21 ] D: mouseMove2
[    54.21 ] D: _automationChanging false
[    54.21 ] D: mouseMove2
[    54.21 ] D: _automationChanging false
[    54.21 ] D: mouseMove2
[    54.22 ] D: _automationChanging false
[    54.22 ] D: mouseMove2
[    54.22 ] D: _automationChanging false
[    54.22 ] D: mouseMove2
[    54.24 ] D: _automationChanging false
[    54.24 ] D: mouseMove2
[    54.24 ] D: _automationChanging false
[    54.24 ] D: mouseMove2
[    54.25 ] D: _automationChanging false
[    54.26 ] D: mouseMove2
[    54.26 ] D: _automationChanging false
[    54.26 ] D: mouseMove2
[    54.27 ] D: _automationChanging false
[    54.27 ] D: mouseMove2
[    54.29 ] D: _automationChanging false
[    54.29 ] D: mouseMove2
[    54.29 ] D: _automationChanging false
[    54.29 ] D: mouseMove2
[    54.31 ] D: _automationChanging false
[    54.31 ] D: mouseMove2
[    54.31 ] D: _automationChanging false
[    54.31 ] D: mouseMove2
[    54.32 ] D: _automationChanging false
[    54.32 ] D: mouseMove2
[    54.34 ] D: _automationChanging false
[    54.34 ] D: mouseMove2
[    54.35 ] D: _automationChanging false
[    54.35 ] D: mouseMove2
[    54.35 ] D: _automationChanging false
[    54.35 ] D: mouseMove2
[    54.37 ] D: _automationChanging false
[    54.37 ] D: mouseMove2
[    54.37 ] D: _automationChanging false
[    54.37 ] D: mouseMove2
[    54.37 ] D: _automationChanging false
[    54.37 ] D: mouseMove2
[    54.39 ] D: _automationChanging false
[    54.39 ] D: mouseMove2
[    54.39 ] D: _automationChanging false
[    54.39 ] D: mouseMove2
[    54.39 ] D: _automationChanging false
[    54.39 ] D: mouseMove2
[    54.40 ] D: _automationChanging false
[    54.40 ] D: mouseMove2
[    54.40 ] D: _automationChanging false
[    54.40 ] D: mouseMove2
[    54.41 ] D: _automationChanging false
[    54.41 ] D: mouseMove2
[    54.41 ] D: _automationChanging false
[    54.41 ] D: mouseMove2
[    54.42 ] D: _automationChanging false
[    54.42 ] D: mouseMove2
[    54.43 ] D: _automationChanging false
[    54.43 ] D: mouseMove2
[    54.44 ] D: _automationChanging false
[    54.44 ] D: mouseMove2
[    54.44 ] D: _automationChanging false
[    54.44 ] D: mouseMove2
[    54.45 ] D: _automationChanging false
[    54.45 ] D: mouseMove2
[    54.46 ] D: _automationChanging false
[    54.46 ] D: mouseMove2
[    54.47 ] D: _automationChanging false
[    54.47 ] D: mouseMove2
[    54.47 ] D: _automationChanging false
[    54.47 ] D: mouseMove2
[    54.49 ] D: _automationChanging false
[    54.49 ] D: mouseMove2
[    54.49 ] D: _automationChanging false
[    54.49 ] D: mouseMove2
[    54.50 ] D: _automationChanging false
[    54.50 ] D: mouseMove2
[    54.51 ] D: _automationChanging false
[    54.51 ] D: mouseMove2
[    54.52 ] D: _automationChanging false
[    54.52 ] D: mouseMove2
[    54.54 ] D: _automationChanging false
[    54.54 ] D: mouseMove2
[    54.54 ] D: _automationChanging false
[    54.54 ] D: mouseMove2
[    54.54 ] D: _automationChanging false
[    54.54 ] D: mouseMove2
[    54.55 ] D: _automationChanging false
[    54.55 ] D: mouseMove2
[    54.56 ] D: _automationChanging false
[    54.56 ] D: mouseMove2
[    54.56 ] D: _automationChanging false
[    54.56 ] D: mouseMove2
[    54.57 ] D: _automationChanging false
[    54.57 ] D: mouseMove2
[    54.57 ] D: _automationChanging false
[    54.57 ] D: mouseMove2
[    54.58 ] D: _automationChanging false
[    54.58 ] D: mouseMove2
[    54.59 ] D: _automationChanging false
[    54.59 ] D: mouseMove2
[    54.60 ] D: _automationChanging false
[    54.60 ] D: mouseMove2
[    54.61 ] D: _automationChanging false
[    54.61 ] D: mouseMove2
[    54.61 ] D: _automationChanging false
[    54.61 ] D: mouseMove2
[    54.62 ] D: _automationChanging false
[    54.62 ] D: mouseMove2
[    54.62 ] D: _automationChanging false
[    54.62 ] D: mouseMove2
[    54.64 ] D: _automationChanging false
[    54.64 ] D: mouseMove2
[    54.64 ] D: _automationChanging false
[    54.64 ] D: mouseMove2
[    54.64 ] D: _automationChanging false
[    54.64 ] D: mouseMove2
[    54.65 ] D: _automationChanging false
[    54.65 ] D: mouseMove2
[    54.66 ] D: _automationChanging false
[    54.66 ] D: mouseMove2
[    54.67 ] D: _automationChanging false
[    54.67 ] D: mouseMove2
[    54.67 ] D: _automationChanging false
[    54.67 ] D: mouseMove2
[    54.69 ] D: _automationChanging false
[    54.69 ] D: mouseMove2
[    54.69 ] D: _automationChanging false
[    54.69 ] D: mouseMove2
[    54.70 ] D: _automationChanging false
[    54.70 ] D: mouseMove2
[    54.71 ] D: _automationChanging false
[    54.71 ] D: mouseMove2
[    54.71 ] D: _automationChanging false
[    54.71 ] D: mouseMove2
[    54.71 ] D: _automationChanging false
[    54.71 ] D: mouseMove2
[    54.72 ] D: _automationChanging false
[    54.72 ] D: mouseMove2
[    54.73 ] D: _automationChanging false
[    54.73 ] D: mouseMove2
[    54.73 ] D: _automationChanging false
[    54.73 ] D: mouseMove2
[    54.74 ] D: _automationChanging false
[    54.74 ] D: mouseMove2
[    54.74 ] D: _automationChanging false
[    54.74 ] D: mouseMove2
[    54.74 ] D: _automationChanging false
[    54.74 ] D: mouseMove2
[    54.75 ] D: _automationChanging false
[    54.76 ] D: mouseMove2
[    54.77 ] D: _automationChanging false
[    54.77 ] D: mouseMove2
[    54.77 ] D: _automationChanging false
[    54.77 ] D: mouseMove2
[    54.77 ] D: _automationChanging false
[    54.77 ] D: mouseMove2
[    54.79 ] D: _automationChanging false
[    54.79 ] D: mouseMove2
[    54.79 ] D: _automationChanging false
[    54.79 ] D: mouseMove2
[    54.79 ] D: _automationChanging false
[    54.79 ] D: mouseMove2
[    54.81 ] D: _automationChanging false
[    54.81 ] D: mouseMove2
[    54.81 ] D: _automationChanging false
[    54.81 ] D: mouseMove2
[    54.81 ] D: _automationChanging false
[    54.81 ] D: mouseMove2
[    54.82 ] D: _automationChanging false
[    54.82 ] D: mouseMove2
[    54.82 ] D: _automationChanging false
[    54.82 ] D: mouseMove2
[    54.84 ] D: _automationChanging false
[    54.84 ] D: mouseMove2
[    54.84 ] D: _automationChanging false
[    54.84 ] D: mouseMove2
[    54.85 ] D: _automationChanging false
[    54.85 ] D: mouseMove2
[    54.86 ] D: _automationChanging false
[    54.86 ] D: mouseMove2
[    54.87 ] D: _automationChanging false
[    54.87 ] D: mouseMove2
[    54.89 ] D: _automationChanging false
[    54.89 ] D: mouseMove2
[    54.89 ] D: _automationChanging false
[    54.89 ] D: mouseMove2
[    54.90 ] D: _automationChanging false
[    54.90 ] D: mouseMove2
[    54.92 ] D: _automationChanging false
[    54.92 ] D: mouseMove2
[    54.93 ] D: _automationChanging false
[    54.93 ] D: mouseMove2
[    54.94 ] D: _automationChanging false
[    54.94 ] D: mouseMove2
[    54.95 ] D: _automationChanging false
[    54.95 ] D: mouseMove2
[    54.97 ] D: _automationChanging false
[    54.97 ] D: mouseMove2
[    54.97 ] D: _automationChanging false
[    54.98 ] D: mouseMove2
[    55.10 ] D: _automationChanging false
[    55.10 ] D: mouseMove2
[    55.11 ] D: _automationChanging false
[    55.11 ] D: mouseMove2
[    55.11 ] D: _automationChanging false
[    55.11 ] D: mouseMove2
[    55.12 ] D: _automationChanging false
[    55.12 ] D: mouseMove2
[    55.12 ] D: _automationChanging false
[    55.12 ] D: mouseMove2
[    55.14 ] D: _automationChanging false
[    55.14 ] D: mouseMove2
[    55.14 ] D: _automationChanging false
[    55.14 ] D: mouseMove2
[    55.14 ] D: _automationChanging false
[    55.14 ] D: mouseMove2
[    55.14 ] D: _automationChanging false
[    55.14 ] D: mouseMove2
[    55.15 ] D: _automationChanging false
[    55.15 ] D: mouseMove2
[    55.16 ] D: _automationChanging false
[    55.16 ] D: mouseMove2
[    55.17 ] D: _automationChanging false
[    55.17 ] D: mouseMove2
[    55.17 ] D: _automationChanging false
[    55.17 ] D: mouseMove2
[    55.17 ] D: _automationChanging false
[    55.17 ] D: mouseMove2
[    55.19 ] D: _automationChanging false
[    55.19 ] D: mouseMove2
[    55.19 ] D: _automationChanging false
[    55.19 ] D: mouseMove2
[    55.19 ] D: _automationChanging false
[    55.19 ] D: mouseMove2
[    55.19 ] D: _automationChanging false
[    55.19 ] D: mouseMove2
[    55.19 ] D: _automationChanging false
[    55.19 ] D: mouseMove2
[    55.20 ] D: _automationChanging false
[    55.20 ] D: mouseMove2
[    55.21 ] D: _automationChanging false
[    55.21 ] D: mouseMove2
[    55.21 ] D: _automationChanging false
[    55.21 ] D: mouseMove2
[    55.21 ] D: _automationChanging false
[    55.21 ] D: mouseMove2
[    55.22 ] D: _automationChanging false
[    55.22 ] D: mouseMove2
[    55.22 ] D: _automationChanging false
[    55.22 ] D: mouseMove2
[    55.34 ] D: _automationChanging false
[    55.34 ] D: mouseMove2
[    55.35 ] D: _automationChanging false
[    55.35 ] D: mouseMove2
[    55.35 ] D: _automationChanging false
[    55.35 ] D: mouseMove2
[    55.37 ] D: _automationChanging false
[    55.37 ] D: mouseMove2
[    55.38 ] D: _automationChanging false
[    55.38 ] D: mouseMove2
[    55.39 ] D: _automationChanging false
[    55.39 ] D: mouseMove2
[    55.40 ] D: _automationChanging false
[    55.40 ] D: mouseMove2
[    55.42 ] D: _automationChanging false
[    55.42 ] D: mouseMove2
[    55.44 ] D: _automationChanging false
[    55.44 ] D: mouseMove2
[    55.44 ] D: _automationChanging false
[    55.44 ] D: mouseMove2
[    55.47 ] D: _automationChanging false
[    55.47 ] D: mouseMove2
[    55.49 ] D: _automationChanging false
[    55.49 ] D: mouseMove2
[    55.79 ] D: p1 QRect(0,27 1707x81) 12500 0.777778 90
[    55.79 ] D: p1 QRect(0,27 1707x81) 12500 0.777778 90
[    55.79 ] D: p1 QRect(0,27 1707x81) 12500 0.777778 90
[    55.79 ] D: p1 QRect(0,27 1707x81) 12500 0.777778 90
[    55.79 ] D: p2 QRect(0,27 1707x81) 12500 0.777778
[    55.97 ] D: p1 QRect(0,27 1707x81) 12111.1 0.777778 90
[    55.97 ] D: p1 QRect(0,27 1707x81) 12111.1 0.777778 90
[    55.97 ] D: p1 QRect(0,27 1707x81) 12111.1 0.777778 90
[    55.97 ] D: p2 QRect(0,27 1707x81) 12111.1 0.777778
[    55.97 ] D: p1 QRect(0,27 1707x81) 12111.1 0.777778 90
[    55.99 ] D: p1 QRect(0,27 1707x81) 11777.8 0.802469 92
[    55.99 ] D: p1 QRect(0,27 1707x81) 11777.8 0.802469 92
[    55.99 ] D: p1 QRect(0,27 1707x81) 11777.8 0.802469 92
[    55.99 ] D: p2 QRect(0,27 1707x81) 11777.8 0.802469
[    55.99 ] D: p1 QRect(0,27 1707x81) 11777.8 0.802469 92
[    56.01 ] D: p1 QRect(0,27 1707x81) 11277.8 0.82716 94
[    56.01 ] D: p1 QRect(0,27 1707x81) 11277.8 0.82716 94
[    56.01 ] D: p1 QRect(0,27 1707x81) 11277.8 0.82716 94
[    56.01 ] D: p1 QRect(0,27 1707x81) 11277.8 0.82716 94
[    56.02 ] D: p1 QRect(0,27 1707x81) 10555.6 0.839506 95
[    56.02 ] D: p1 QRect(0,27 1707x81) 10555.6 0.839506 95
[    56.02 ] D: p1 QRect(0,27 1707x81) 10555.6 0.839506 95
[    56.02 ] D: p1 QRect(0,27 1707x81) 10555.6 0.839506 95
[    56.04 ] D: p1 QRect(0,27 1707x81) 9388.89 0.839506 95
[    56.04 ] D: p1 QRect(0,27 1707x81) 9388.89 0.839506 95
[    56.04 ] D: p1 QRect(0,27 1707x81) 9388.89 0.839506 95
[    56.04 ] D: p1 QRect(0,27 1707x81) 9388.89 0.839506 95
[    56.06 ] D: p1 QRect(0,27 1707x81) 7777.78 0.839506 95
[    56.06 ] D: p1 QRect(0,27 1707x81) 7777.78 0.839506 95
[    56.06 ] D: p1 QRect(0,27 1707x81) 7777.78 0.839506 95
[    56.06 ] D: p1 QRect(0,27 1707x81) 7777.78 0.839506 95
[    56.07 ] D: p1 QRect(0,27 1707x81) 6277.78 0.82716 94
[    56.07 ] D: p1 QRect(0,27 1707x81) 6277.78 0.82716 94
[    56.07 ] D: p1 QRect(0,27 1707x81) 6277.78 0.82716 94
[    56.07 ] D: p1 QRect(0,27 1707x81) 6277.78 0.82716 94
[    56.09 ] D: p1 QRect(0,27 1707x81) 4888.89 0.82716 94
[    56.09 ] D: p1 QRect(0,27 1707x81) 4888.89 0.82716 94
[    56.09 ] D: p1 QRect(0,27 1707x81) 4888.89 0.82716 94
[    56.09 ] D: p1 QRect(0,27 1707x81) 4888.89 0.82716 94
[    56.11 ] D: p1 QRect(0,27 1707x81) 3722.22 0.814815 93
[    56.11 ] D: p1 QRect(0,27 1707x81) 3722.22 0.814815 93
[    56.11 ] D: p1 QRect(0,27 1707x81) 3722.22 0.814815 93
[    56.11 ] D: p1 QRect(0,27 1707x81) 3722.22 0.814815 93
[    56.12 ] D: p1 QRect(0,27 1707x81) 2888.89 0.814815 93
[    56.12 ] D: p1 QRect(0,27 1707x81) 2888.89 0.814815 93
[    56.12 ] D: p1 QRect(0,27 1707x81) 2888.89 0.814815 93
[    56.12 ] D: p1 QRect(0,27 1707x81) 2888.89 0.814815 93
[    56.14 ] D: p1 QRect(0,27 1707x81) 2333.33 0.802469 92
[    56.14 ] D: p1 QRect(0,27 1707x81) 2333.33 0.802469 92
[    56.14 ] D: p1 QRect(0,27 1707x81) 2333.33 0.802469 92
[    56.14 ] D: p1 QRect(0,27 1707x81) 2333.33 0.802469 92
[    56.16 ] D: p1 QRect(0,27 1707x81) 1777.78 0.790123 91
[    56.16 ] D: p1 QRect(0,27 1707x81) 1777.78 0.790123 91
[    56.16 ] D: p1 QRect(0,27 1707x81) 1777.78 0.790123 91
[    56.16 ] D: p1 QRect(0,27 1707x81) 1777.78 0.790123 91
[    56.17 ] D: p1 QRect(0,27 1707x81) 1333.33 0.777778 90
[    56.17 ] D: p1 QRect(0,27 1707x81) 1333.33 0.777778 90
[    56.17 ] D: p1 QRect(0,27 1707x81) 1333.33 0.777778 90
[    56.17 ] D: p1 QRect(0,27 1707x81) 1333.33 0.777778 90
[    56.19 ] D: p1 QRect(0,27 1707x81) 833.333 0.765432 89
[    56.19 ] D: p1 QRect(0,27 1707x81) 833.333 0.765432 89
[    56.19 ] D: p1 QRect(0,27 1707x81) 833.333 0.765432 89
[    56.19 ] D: p1 QRect(0,27 1707x81) 833.333 0.765432 89
[    56.21 ] D: p1 QRect(0,27 1707x81) 277.778 0.753086 88
[    56.21 ] D: p1 QRect(0,27 1707x81) 277.778 0.753086 88
[    56.21 ] D: p1 QRect(0,27 1707x81) 277.778 0.753086 88
[    56.21 ] D: p1 QRect(0,27 1707x81) 277.778 0.753086 88
[    56.22 ] D: p1 QRect(0,27 1707x81) 166.667 0.753086 88
[    56.22 ] D: p1 QRect(0,27 1707x81) 166.667 0.753086 88
[    56.22 ] D: p1 QRect(0,27 1707x81) 166.667 0.753086 88
[    56.22 ] D: p1 QRect(0,27 1707x81) 166.667 0.753086 88
[    57.35 ] D: p1 QRect(0,27 1707x81) 1500 0.419753 61
[    57.35 ] D: p2 QRect(0,27 1707x81) 1500 0.419753
[    57.35 ] D: p1 QRect(0,27 1707x81) 1500 0.419753 61
[    57.35 ] D: p1 QRect(0,27 1707x81) 1500 0.419753 61
[    57.35 ] D: p1 QRect(0,27 1707x81) 1500 0.419753 61
[    57.37 ] D: p1 QRect(0,27 1707x81) 3388.89 0.382716 58
[    57.37 ] D: p1 QRect(0,27 1707x81) 3388.89 0.382716 58
[    57.37 ] D: p1 QRect(0,27 1707x81) 3388.89 0.382716 58
[    57.37 ] D: p1 QRect(0,27 1707x81) 3388.89 0.382716 58
[    57.39 ] D: p1 QRect(0,27 1707x81) 4444.44 0.382716 58
[    57.39 ] D: p1 QRect(0,27 1707x81) 4444.44 0.382716 58
[    57.39 ] D: p1 QRect(0,27 1707x81) 4444.44 0.382716 58
[    57.39 ] D: p1 QRect(0,27 1707x81) 4444.44 0.382716 58
[    57.41 ] D: p1 QRect(0,27 1707x81) 5166.67 0.382716 58
[    57.41 ] D: p1 QRect(0,27 1707x81) 5166.67 0.382716 58
[    57.41 ] D: p1 QRect(0,27 1707x81) 5166.67 0.382716 58
[    57.41 ] D: p1 QRect(0,27 1707x81) 5166.67 0.382716 58
[    57.42 ] D: p1 QRect(0,27 1707x81) 5444.44 0.37037 57
[    57.42 ] D: p1 QRect(0,27 1707x81) 5444.44 0.37037 57
[    57.42 ] D: p1 QRect(0,27 1707x81) 5444.44 0.37037 57
[    57.42 ] D: p1 QRect(0,27 1707x81) 5444.44 0.37037 57
[    57.44 ] D: p1 QRect(0,27 1707x81) 5666.67 0.37037 57
[    57.44 ] D: p1 QRect(0,27 1707x81) 5666.67 0.37037 57
[    57.44 ] D: p1 QRect(0,27 1707x81) 5666.67 0.37037 57
[    57.44 ] D: p1 QRect(0,27 1707x81) 5666.67 0.37037 57
[    57.46 ] D: p1 QRect(0,27 1707x81) 5777.78 0.37037 57
[    57.46 ] D: p1 QRect(0,27 1707x81) 5777.78 0.37037 57
[    57.46 ] D: p1 QRect(0,27 1707x81) 5777.78 0.37037 57
[    57.46 ] D: p1 QRect(0,27 1707x81) 5777.78 0.37037 57
[    57.47 ] D: p1 QRect(0,27 1707x81) 5944.44 0.37037 57
[    57.47 ] D: p1 QRect(0,27 1707x81) 5944.44 0.37037 57
[    57.47 ] D: p1 QRect(0,27 1707x81) 5944.44 0.37037 57
[    57.47 ] D: p1 QRect(0,27 1707x81) 5944.44 0.37037 57
[    57.49 ] D: p1 QRect(0,27 1707x81) 6055.56 0.37037 57
[    57.49 ] D: p1 QRect(0,27 1707x81) 6055.56 0.37037 57
[    57.49 ] D: p1 QRect(0,27 1707x81) 6055.56 0.37037 57
[    57.49 ] D: p1 QRect(0,27 1707x81) 6055.56 0.37037 57
[    57.51 ] D: p1 QRect(0,27 1707x81) 6277.78 0.37037 57
[    57.51 ] D: p1 QRect(0,27 1707x81) 6277.78 0.37037 57
[    57.51 ] D: p1 QRect(0,27 1707x81) 6277.78 0.37037 57
[    57.51 ] D: p1 QRect(0,27 1707x81) 6277.78 0.37037 57
[    57.52 ] D: p1 QRect(0,27 1707x81) 6444.44 0.37037 57
[    57.52 ] D: p1 QRect(0,27 1707x81) 6444.44 0.37037 57
[    57.52 ] D: p1 QRect(0,27 1707x81) 6444.44 0.37037 57
[    57.52 ] D: p1 QRect(0,27 1707x81) 6444.44 0.37037 57
[    57.54 ] D: p1 QRect(0,27 1707x81) 6666.67 0.37037 57
[    57.54 ] D: p1 QRect(0,27 1707x81) 6666.67 0.37037 57
[    57.54 ] D: p1 QRect(0,27 1707x81) 6666.67 0.37037 57
[    57.54 ] D: p1 QRect(0,27 1707x81) 6666.67 0.37037 57
[    57.56 ] D: p1 QRect(0,27 1707x81) 6833.33 0.358025 56
[    57.56 ] D: p1 QRect(0,27 1707x81) 6833.33 0.358025 56
[    57.56 ] D: p1 QRect(0,27 1707x81) 6833.33 0.358025 56
[    57.56 ] D: p1 QRect(0,27 1707x81) 6833.33 0.358025 56
[    57.57 ] D: p1 QRect(0,27 1707x81) 6888.89 0.358025 56
[    57.57 ] D: p1 QRect(0,27 1707x81) 6888.89 0.358025 56
[    57.57 ] D: p1 QRect(0,27 1707x81) 6888.89 0.358025 56
[    57.57 ] D: p1 QRect(0,27 1707x81) 6888.89 0.358025 56
[    57.64 ] D: p1 QRect(0,27 1707x81) 7000 0.358025 56
[    57.64 ] D: p1 QRect(0,27 1707x81) 7000 0.358025 56
[    57.64 ] D: p1 QRect(0,27 1707x81) 7000 0.358025 56
[    57.64 ] D: p1 QRect(0,27 1707x81) 7000 0.358025 56
[    57.65 ] D: p1 QRect(0,27 1707x81) 7055.56 0.37037 57
[    57.65 ] D: p1 QRect(0,27 1707x81) 7055.56 0.37037 57
[    57.65 ] D: p1 QRect(0,27 1707x81) 7055.56 0.37037 57
[    57.65 ] D: p1 QRect(0,27 1707x81) 7055.56 0.37037 57
[    57.67 ] D: p1 QRect(0,27 1707x81) 7222.22 0.37037 57
[    57.67 ] D: p1 QRect(0,27 1707x81) 7222.22 0.37037 57
[    57.67 ] D: p1 QRect(0,27 1707x81) 7222.22 0.37037 57
[    57.67 ] D: p1 QRect(0,27 1707x81) 7222.22 0.37037 57
[    57.69 ] D: p1 QRect(0,27 1707x81) 7388.89 0.395062 59
[    57.69 ] D: p1 QRect(0,27 1707x81) 7388.89 0.395062 59
[    57.69 ] D: p1 QRect(0,27 1707x81) 7388.89 0.395062 59
[    57.69 ] D: p1 QRect(0,27 1707x81) 7388.89 0.395062 59
[    57.71 ] D: p1 QRect(0,27 1707x81) 7611.11 0.407407 60
[    57.71 ] D: p1 QRect(0,27 1707x81) 7611.11 0.407407 60
[    57.71 ] D: p2 QRect(0,27 1707x81) 7611.11 0.407407
[    57.71 ] D: p1 QRect(0,27 1707x81) 7611.11 0.407407 60
[    57.71 ] D: p1 QRect(0,27 1707x81) 7611.11 0.407407 60
[    57.72 ] D: p1 QRect(0,27 1707x81) 7777.78 0.419753 61
[    57.72 ] D: p1 QRect(0,27 1707x81) 7777.78 0.419753 61
[    57.72 ] D: p2 QRect(0,27 1707x81) 7777.78 0.419753
[    57.72 ] D: p1 QRect(0,27 1707x81) 7777.78 0.419753 61
[    57.72 ] D: p1 QRect(0,27 1707x81) 7777.78 0.419753 61
[    57.74 ] D: p1 QRect(0,27 1707x81) 7833.33 0.444444 63
[    57.74 ] D: p1 QRect(0,27 1707x81) 7833.33 0.444444 63
[    57.74 ] D: p2 QRect(0,27 1707x81) 7833.33 0.444444
[    57.74 ] D: p1 QRect(0,27 1707x81) 7833.33 0.444444 63
[    57.74 ] D: p1 QRect(0,27 1707x81) 7888.89 0.444444 63
[    57.76 ] D: p1 QRect(0,27 1707x81) 7944.44 0.45679 64
[    57.76 ] D: p1 QRect(0,27 1707x81) 7944.44 0.45679 64
[    57.76 ] D: p2 QRect(0,27 1707x81) 7944.44 0.45679
[    57.76 ] D: p1 QRect(0,27 1707x81) 7944.44 0.45679 64
[    57.76 ] D: p1 QRect(0,27 1707x81) 7944.44 0.45679 64
[    57.77 ] D: p1 QRect(0,27 1707x81) 8000 0.45679 64
[    57.77 ] D: p1 QRect(0,27 1707x81) 8000 0.45679 64
[    57.77 ] D: p2 QRect(0,27 1707x81) 8000 0.45679
[    57.77 ] D: p1 QRect(0,27 1707x81) 8000 0.45679 64
[    57.77 ] D: p1 QRect(0,27 1707x81) 8000 0.45679 64
[    57.79 ] D: p1 QRect(0,27 1707x81) 8000 0.469136 65
[    57.79 ] D: p1 QRect(0,27 1707x81) 8000 0.469136 65
[    57.79 ] D: p2 QRect(0,27 1707x81) 8000 0.469136
[    57.79 ] D: p1 QRect(0,27 1707x81) 8000 0.469136 65
[    57.79 ] D: p1 QRect(0,27 1707x81) 8000 0.469136 65
[    57.94 ] D: p1 QRect(0,27 1707x81) 8055.56 0.469136 65
[    57.94 ] D: p1 QRect(0,27 1707x81) 8055.56 0.469136 65
[    57.94 ] D: p2 QRect(0,27 1707x81) 8055.56 0.469136
[    57.94 ] D: p1 QRect(0,27 1707x81) 8055.56 0.469136 65
[    57.94 ] D: p1 QRect(0,27 1707x81) 8055.56 0.469136 65
[    58.01 ] D: p1 QRect(0,27 1707x81) 8111.11 0.469136 65
[    58.01 ] D: p1 QRect(0,27 1707x81) 8111.11 0.469136 65
[    58.01 ] D: p2 QRect(0,27 1707x81) 8111.11 0.469136
[    58.01 ] D: p1 QRect(0,27 1707x81) 8111.11 0.469136 65
[    58.01 ] D: p1 QRect(0,27 1707x81) 8111.11 0.469136 65
[    59.25 ] D: findTrackIndexByPoint 0 QRect(0,0 1707x111) true QPointF(146,65)
[    59.27 ] D: p1 QRect(0,27 1707x81) 8111.11 0.469136 65
[    59.27 ] D: p1 QRect(0,27 1707x81) 8111.11 0.469136 65
[    59.27 ] D: p2 QRect(0,27 1707x81) 8111.11 0.469136
[    59.27 ] D: p1 QRect(0,27 1707x81) 8111.11 0.469136 65
[    59.27 ] D: p1 QRect(0,27 1707x81) 8111.11 0.469136 65
[    59.45 ] D: _automationChanging false
[    59.46 ] D: mouseMove2
[    59.47 ] D: _automationChanging false
[    59.47 ] D: mouseMove2
[    59.49 ] D: _automationChanging false
[    59.49 ] D: mouseMove2
[    59.51 ] D: _automationChanging false
[    59.51 ] D: mouseMove2
[    59.52 ] D: _automationChanging false
[    59.52 ] D: mouseMove2
[    59.53 ] D: _automationChanging false
[    59.53 ] D: mouseMove2
[    59.54 ] D: _automationChanging false
[    59.54 ] D: mouseMove2
[    59.56 ] D: _automationChanging false
[    59.56 ] D: mouseMove2
[    59.56 ] D: _automationChanging false
[    59.56 ] D: mouseMove2
[    59.57 ] D: _automationChanging false
[    59.57 ] D: mouseMove2
[    59.59 ] D: _automationChanging false
[    59.59 ] D: mouseMove2
[    59.60 ] D: _automationChanging false
[    59.61 ] D: mouseMove2
[    59.61 ] D: _automationChanging false
[    59.61 ] D: mouseMove2
[    59.62 ] D: _automationChanging false
[    59.62 ] D: mouseMove2
[    59.64 ] D: _automationChanging false
[    59.64 ] D: mouseMove2
[    59.65 ] D: _automationChanging false
[    59.65 ] D: mouseMove2
[    59.66 ] D: _automationChanging false
[    59.66 ] D: mouseMove2
[    59.66 ] D: _automationChanging false
[    59.66 ] D: mouseMove2
[    59.67 ] D: _automationChanging false
[    59.67 ] D: mouseMove2
[    59.69 ] D: _automationChanging false
[    59.69 ] D: mouseMove2
[    59.69 ] D: _automationChanging false
[    59.69 ] D: mouseMove2
[    59.71 ] D: _automationChanging false
[    59.71 ] D: mouseMove2
[    59.72 ] D: _automationChanging false
[    59.72 ] D: mouseMove2
[    59.74 ] D: _automationChanging false
[    59.74 ] D: mouseMove2
[    59.74 ] D: _automationChanging false
[    59.74 ] D: mouseMove2
[    59.77 ] D: _automationChanging false
[    59.77 ] D: mouseMove2
[    59.79 ] D: _automationChanging false
[    59.79 ] D: mouseMove2
[    59.79 ] D: _automationChanging false
[    59.79 ] D: mouseMove2
[    59.81 ] D: _automationChanging false
[    59.81 ] D: mouseMove2
[    59.81 ] D: _automationChanging false
[    59.81 ] D: mouseMove2
[    59.82 ] D: _automationChanging false
[    59.82 ] D: mouseMove2
[    59.95 ] D: _automationChanging false
[    59.95 ] D: mouseMove2
[    59.96 ] D: _automationChanging false
[    59.96 ] D: mouseMove2
[    59.97 ] D: _automationChanging false
[    59.97 ] D: mouseMove2
[    59.98 ] D: _automationChanging false
[    59.98 ] D: mouseMove2
[    59.98 ] D: _automationChanging false
[    59.98 ] D: mouseMove2
[    59.99 ] D: _automationChanging false
[    59.99 ] D: mouseMove2
[    59.99 ] D: _automationChanging false
[    59.99 ] D: mouseMove2
[    60.01 ] D: _automationChanging false
[    60.01 ] D: mouseMove2
[    60.01 ] D: _automationChanging false
[    60.01 ] D: mouseMove2
[    60.01 ] D: _automationChanging false
[    60.01 ] D: mouseMove2
[    60.02 ] D: _automationChanging false
[    60.02 ] D: mouseMove2
[    60.04 ] D: _automationChanging false
[    60.04 ] D: mouseMove2
[    60.04 ] D: _automationChanging false
[    60.04 ] D: mouseMove2
[    60.06 ] D: _automationChanging false
[    60.06 ] D: mouseMove2
[    60.21 ] D: _automationChanging false
[    60.21 ] D: mouseMove2
[    60.21 ] D: _automationChanging false
[    60.21 ] D: mouseMove2
[    60.23 ] D: _automationChanging false
[    60.23 ] D: mouseMove2
[    60.24 ] D: _automationChanging false
[    60.24 ] D: mouseMove2
[    60.24 ] D: _automationChanging false
[    60.24 ] D: mouseMove2
[    60.24 ] D: _automationChanging false
[    60.24 ] D: mouseMove2
[    60.25 ] D: _automationChanging false
[    60.26 ] D: mouseMove2
[    60.26 ] D: _automationChanging false
[    60.26 ] D: mouseMove2
[    60.27 ] D: _automationChanging false
[    60.27 ] D: mouseMove2
[    60.29 ] D: _automationChanging false
[    60.29 ] D: mouseMove2
[    60.29 ] D: _automationChanging false
[    60.29 ] D: mouseMove2
[    60.31 ] D: _automationChanging false
[    60.31 ] D: mouseMove2
[    60.31 ] D: _automationChanging false
[    60.31 ] D: mouseMove2
[    60.32 ] D: _automationChanging false
[    60.32 ] D: mouseMove2
[    60.33 ] D: _automationChanging false
[    60.33 ] D: mouseMove2
[    60.34 ] D: _automationChanging false
[    60.34 ] D: mouseMove2
[    60.35 ] D: _automationChanging false
[    60.35 ] D: mouseMove2
[    60.36 ] D: _automationChanging false
[    60.36 ] D: mouseMove2
[    60.37 ] D: _automationChanging false
[    60.37 ] D: mouseMove2
[    60.39 ] D: _automationChanging false
[    60.39 ] D: mouseMove2
[    60.41 ] D: _automationChanging false
[    60.41 ] D: mouseMove2
[    60.55 ] D: _automationChanging false
[    60.55 ] D: mouseMove2
[    60.74 ] D: p1 QRect(0,27 1707x81) 8222.22 0.37037 57
[    60.74 ] D: p1 QRect(0,27 1707x81) 8222.22 0.37037 57
[    60.74 ] D: p1 QRect(0,27 1707x81) 8222.22 0.37037 57
[    60.74 ] D: p2 QRect(0,27 1707x81) 8222.22 0.37037
[    60.74 ] D: p1 QRect(0,27 1707x81) 8222.22 0.37037 57
[    60.82 ] D: p1 QRect(0,27 1707x81) 8111.11 0.37037 57
[    60.82 ] D: p1 QRect(0,27 1707x81) 8111.11 0.37037 57
[    60.82 ] D: p2 QRect(0,27 1707x81) 8111.11 0.37037
[    60.82 ] D: p1 QRect(0,27 1707x81) 8111.11 0.37037 57
[    60.82 ] D: p1 QRect(0,27 1707x81) 8111.11 0.37037 57
[    60.84 ] D: p1 QRect(0,27 1707x81) 7888.89 0.382716 58
[    60.84 ] D: p1 QRect(0,27 1707x81) 7888.89 0.382716 58
[    60.84 ] D: p2 QRect(0,27 1707x81) 7888.89 0.382716
[    60.84 ] D: p1 QRect(0,27 1707x81) 7833.33 0.395062 59
[    60.84 ] D: p1 QRect(0,27 1707x81) 7833.33 0.395062 59
[    60.86 ] D: p1 QRect(0,27 1707x81) 7555.56 0.407407 60
[    60.86 ] D: p1 QRect(0,27 1707x81) 7555.56 0.407407 60
[    60.86 ] D: p2 QRect(0,27 1707x81) 7555.56 0.407407
[    60.86 ] D: p1 QRect(0,27 1707x81) 7555.56 0.407407 60
[    60.86 ] D: p1 QRect(0,27 1707x81) 7555.56 0.407407 60
[    60.87 ] D: p1 QRect(0,27 1707x81) 7166.67 0.419753 61
[    60.87 ] D: p1 QRect(0,27 1707x81) 7166.67 0.419753 61
[    60.87 ] D: p2 QRect(0,27 1707x81) 7166.67 0.419753
[    60.87 ] D: p1 QRect(0,27 1707x81) 7166.67 0.419753 61
[    60.87 ] D: p1 QRect(0,27 1707x81) 7166.67 0.419753 61
[    60.89 ] D: p1 QRect(0,27 1707x81) 6611.11 0.45679 64
[    60.89 ] D: p1 QRect(0,27 1707x81) 6611.11 0.45679 64
[    60.89 ] D: p2 QRect(0,27 1707x81) 6611.11 0.45679
[    60.89 ] D: p1 QRect(0,27 1707x81) 6611.11 0.45679 64
[    60.89 ] D: p1 QRect(0,27 1707x81) 6611.11 0.45679 64
[    60.91 ] D: p1 QRect(0,27 1707x81) 5833.33 0.493827 67
[    60.91 ] D: p1 QRect(0,27 1707x81) 5833.33 0.493827 67
[    60.91 ] D: p2 QRect(0,27 1707x81) 5833.33 0.493827
[    60.91 ] D: p1 QRect(0,27 1707x81) 5833.33 0.493827 67
[    60.91 ] D: p1 QRect(0,27 1707x81) 5833.33 0.493827 67
[    60.92 ] D: p1 QRect(0,27 1707x81) 4722.22 0.518519 69
[    60.92 ] D: p1 QRect(0,27 1707x81) 4722.22 0.518519 69
[    60.92 ] D: p2 QRect(0,27 1707x81) 4722.22 0.518519
[    60.92 ] D: p1 QRect(0,27 1707x81) 4722.22 0.518519 69
[    60.92 ] D: p1 QRect(0,27 1707x81) 4722.22 0.518519 69
[    60.94 ] D: p1 QRect(0,27 1707x81) 3111.11 0.530864 70
[    60.94 ] D: p2 QRect(0,27 1707x81) 3111.11 0.530864
[    60.94 ] D: p1 QRect(0,27 1707x81) 2888.89 0.530864 70
[    60.94 ] D: p1 QRect(0,27 1707x81) 2888.89 0.530864 70
[    60.94 ] D: p1 QRect(0,27 1707x81) 2888.89 0.530864 70
[    60.96 ] D: p1 QRect(0,27 1707x81) 944.444 0.54321 71
[    60.96 ] D: p2 QRect(0,27 1707x81) 944.444 0.54321
[    60.96 ] D: p1 QRect(0,27 1707x81) 944.444 0.54321 71
[    60.96 ] D: p1 QRect(0,27 1707x81) 944.444 0.54321 71
[    60.96 ] D: p1 QRect(0,27 1707x81) 944.444 0.54321 71
[    60.97 ] D: p1 QRect(0,27 1707x81) 333.333 0.54321 71
[    60.97 ] D: p2 QRect(0,27 1707x81) 333.333 0.54321
[    60.97 ] D: p1 QRect(0,27 1707x81) 333.333 0.54321 71
[    60.97 ] D: p1 QRect(0,27 1707x81) 333.333 0.54321 71
[    60.97 ] D: p1 QRect(0,27 1707x81) 333.333 0.54321 71
[    60.99 ] D: p1 QRect(0,27 1707x81) 333.333 0.54321 71
[    60.99 ] D: p2 QRect(0,27 1707x81) 333.333 0.54321
[    60.99 ] D: p1 QRect(0,27 1707x81) 333.333 0.54321 71
[    60.99 ] D: p1 QRect(0,27 1707x81) 333.333 0.54321 71
[    60.99 ] D: p1 QRect(0,27 1707x81) 333.333 0.54321 71
[    62.93 ] D: automationLaneControl "X"
[    62.93 ] D: ADDED -1 "X" 3
[    62.93 ] F: Src: C