[     4.55 ] I: Log: Log file open in follow path at 1403/4/14 10:23:56 : C:\Users\AmirPasha\Desktop\Rpos\DAW-3\build2019\debug\Logs\Launch.log
[     4.55 ] I: The subsystem "class DGE::Core::IO::LogSystem::Logger" is registered successfully.
[     4.55 ] I: The subsystem "class DGE::Core::Windows::QtWindow" is registered successfully.
[     4.55 ] D: API version is: 4.60 ,shader version is: 4.60
[     4.55 ] I: The subsystem "class DGE::GFX::GCore::QtWrapper::QtRenderer" is registered successfully.
[     4.55 ] I: Current Render API is: 4.60
[     4.55 ] I: The subsystem "Renderer" is registered successfully.
[     4.55 ] I: The subsystem "class DGE::Core::Platforms::QtPlatform" is registered successfully.
[     4.55 ] I: The subsystem "Platform" is registered successfully.
[     4.55 ] I: The subsystem "class DGE::Core::IO::FileSystem::FileManager" is registered successfully.
[     4.55 ] I: The subsystem "class DGE::Core::CoreModule" is registered successfully.
[     4.55 ] I: The subsystem "class DGE::Core::Profiling::Profiler" is registered successfully.
[     4.55 ] I: The subsystem "class DGE::GFX::DrawablesManager" is registered successfully.
[     4.55 ] I: #version 460 core
#define GLES_Ver 460

[     4.55 ] I: The subsystem "class DGE::GFX::GraphicsManager" is registered successfully.
[     4.55 ] I: The subsystem "class DGE::GFX::GFXModule" is registered successfully.
[     4.63 ] D: Shader Compile successfully.
[     4.63 ] I: The subsystem "class DGE::Scene::ViewportManager" is registered successfully.
[     4.63 ] I: The subsystem "class DGE::Scene::SceneModule" is registered successfully.
[     4.63 ] I: The subsystem "class DGE::Managers::RenderManager" is registered successfully.
[     4.63 ] D: Engine Enabled
[     4.63 ] I: The subsystem "class DGE::Engine" is registered successfully.
[     4.63 ] D: Node with id 1 is added to Qt layer
[     4.63 ] D: Node with id 2460 is added to Qt layer
[     4.63 ] D: Node with id 2462 is added to Qt layer
[     4.63 ] D: Node with id 2464 is added to Qt layer
[     4.63 ] D: Node with id 2466 is added to Qt layer
[     4.63 ] D: Node with id 2468 is added to Qt layer
[     4.63 ] D: Node with id 2470 is added to Qt layer
[     4.63 ] D: Node with id 2472 is added to Qt layer
[     4.63 ] D: Node with id 2474 is added to Qt layer
[     4.63 ] D: Node with id 2476 is added to Qt layer
[     4.63 ] D: Node with id 2478 is added to Qt layer
[     4.63 ] D: Node with id 2480 is added to Qt layer
[     4.63 ] D: Node with id 2482 is added to Qt layer
[     4.64 ] D: Node with id 2484 is added to Qt layer
[     4.64 ] D: Node with id 2486 is added to Qt layer
[     4.64 ] D: Node with id 2487 is added to Qt layer
[     4.64 ] D: Node with id 2489 is added to Qt layer
[     4.64 ] D: Node with id 2491 is added to Qt layer
[     4.64 ] D: Node with id 3 is added to Qt layer
[     4.64 ] D: Node with id 2493 is added to Qt layer
[     4.64 ] S: New view-port registered with id: 1
[     4.64 ] S: New view-port registered with id: 2
[     4.64 ] S: New view-port registered with id: 3
[     4.64 ] S: New view-port registered with id: 4
[     4.64 ] S: New view-port registered with id: 5
[     4.64 ] S: New view-port registered with id: 6
[     4.74 ] D: Creating suitable QNanoBackend for OpenGL 4.6 context
[     4.74 ] D: Using backend: "OpenGL 3"
[     4.77 ] W: Floating point comparison needs context sanity check
[     4.77 ] D: QT onScaleChanged=  144
[     4.96 ] D: Engine Started.
[   265.18 ] W: Model size of -60 is less than 0
[   279.86 ] D: "C:/Users/AmirPasha/Desktop/Rpos/DAW-3/daw-3-SampleEditor/visr_config/generic/bs2051-0+5+0.xml"
[   279.87 ] D: numberOfSpeakersAndSubs 6
[   279.90 ] D: "C:/Users/AmirPasha/Desktop/Rpos/DAW-3/daw-3-SampleEditor/visr_config/generic/bs2051-0+5+0.xml"
[   279.90 ] D: numberOfSpeakersAndSubs 6
[   279.92 ] D: "C:/Users/AmirPasha/Desktop/Rpos/DAW-3/daw-3-SampleEditor/visr_config/generic/bs2051-0+5+0.xml"
[   279.93 ] D: numberOfSpeakersAndSubs 6
[   279.95 ] D: "C:/Users/AmirPasha/Desktop/Rpos/DAW-3/daw-3-SampleEditor/visr_config/generic/bs2051-0+5+0.xml"
[   279.95 ] D: numberOfSpeakersAndSubs 6
[   279.97 ] D: "C:/Users/AmirPasha/Desktop/Rpos/DAW-3/daw-3-SampleEditor/visr_config/generic/bs2051-0+5+0.xml"
[   279.98 ] D: numberOfSpeakersAndSubs 6
[   280.01 ] D: "C:/Users/AmirPasha/Desktop/Rpos/DAW-3/daw-3-SampleEditor/visr_config/generic/bs2051-0+5+0.xml"
[   280.01 ] D: numberOfSpeakersAndSubs 6
[   280.04 ] D: "C:/Users/AmirPasha/Desktop/Rpos/DAW-3/daw-3-SampleEditor/visr_config/generic/bs2051-0+5+0.xml"
[   280.04 ] D: numberOfSpeakersAndSubs 6
[   280.06 ] D: "C:/Users/AmirPasha/Desktop/Rpos/DAW-3/daw-3-SampleEditor/visr_config/generic/bs2051-0+5+0.xml"
[   280.06 ] D: numberOfSpeakersAndSubs 6
[   280.08 ] D: "C:/Users/AmirPasha/Desktop/Rpos/DAW-3/daw-3-SampleEditor/visr_config/generic/bs2051-0+5+0.xml"
[   280.09 ] D: numberOfSpeakersAndSubs 6
[   280.12 ] D: "C:/Users/AmirPasha/Desktop/Rpos/DAW-3/daw-3-SampleEditor/visr_config/generic/bs2051-0+5+0.xml"
[   280.12 ] D: numberOfSpeakersAndSubs 6
[   280.14 ] D: "C:/Users/AmirPasha/Desktop/Rpos/DAW-3/daw-3-SampleEditor/visr_config/generic/bs2051-0+5+0.xml"
[   280.15 ] D: numberOfSpeakersAndSubs 6
[   280.17 ] D: "C:/Users/AmirPasha/Desktop/Rpos/DAW-3/daw-3-SampleEditor/visr_config/generic/bs2051-0+5+0.xml"
[   280.17 ] D: numberOfSpeakersAndSubs 6
[   280.19 ] D: "C:/Users/AmirPasha/Desktop/Rpos/DAW-3/daw-3-SampleEditor/visr_config/generic/bs2051-0+5+0.xml"
[   280.20 ] D: numberOfSpeakersAndSubs 6
[   280.23 ] D: "C:/Users/AmirPasha/Desktop/Rpos/DAW-3/daw-3-SampleEditor/visr_config/generic/bs2051-0+5+0.xml"
[   280.23 ] D: numberOfSpeakersAndSubs 6
[   280.26 ] D: "C:/Users/AmirPasha/Desktop/Rpos/DAW-3/daw-3-SampleEditor/visr_config/generic/bs2051-0+5+0.xml"
[   280.26 ] D: numberOfSpeakersAndSubs 6
[   280.28 ] D: "C:/Users/AmirPasha/Desktop/Rpos/DAW-3/daw-3-SampleEditor/visr_config/generic/bs2051-0+5+0.xml"
[   280.28 ] D: numberOfSpeakersAndSubs 6
[   280.32 ] W: Model size of -1 is less than 0
[   288.66 ] D: P1 -415
[   288.66 ] D: P14
[   288.66 ] D: P1 -416
[   288.66 ] D: P14
[   288.66 ] D: P1 -418
[   288.66 ] D: P14
[   288.66 ] D: P1 -419
[   288.66 ] D: P14
[   288.66 ] D: P1 -420
[   288.66 ] D: P14
[   288.67 ] D: P1 -424
[   288.67 ] D: P14
[   288.67 ] D: P1 -425
[   288.68 ] D: P14
[   288.68 ] D: P1 -427
[   288.68 ] D: P14
[   288.68 ] D: P1 -427
[   288.68 ] D: P14
[   288.69 ] D: P1 -428
[   288.69 ] D: P14
[   288.69 ] D: P1 -432
[   288.69 ] D: P14
[   288.69 ] D: P1 -433
[   288.69 ] D: P14
[   288.70 ] D: P1 -435
[   288.70 ] D: P14
[   288.71 ] D: P1 -436
[   288.71 ] D: P14
[   288.71 ] D: P1 -437
[   288.71 ] D: P14
[   288.71 ] D: P1 -437
[   288.71 ] D: P14
[   288.71 ] D: P1 -438
[   288.71 ] D: P14
[   288.73 ] D: P1 -438
[   288.73 ] D: P14
[   288.84 ] D: P1 -439
[   288.84 ] D: P14
[   288.85 ] D: P1 -440
[   288.85 ] D: P14
[   288.86 ] D: P1 -442
[   288.86 ] D: P1 -443
[   288.86 ] D: P1 -443
[   288.86 ] D: P1 -444
[   288.87 ] D: P1 -447
[   288.88 ] D: P1 -448
[   288.88 ] D: P1 -449
[   288.89 ] D: P1 -450
[   288.89 ] D: P1 -455
[   288.90 ] D: P1 -457
[   288.90 ] D: P1 -457
[   288.90 ] D: P1 -459
[   288.91 ] D: P1 -463
[   288.91 ] D: P1 -465
[   288.91 ] D: P1 -467
[   288.92 ] D: P1 -468
[   288.93 ] D: P1 -473
[   288.93 ] D: P1 -474
[   288.93 ] D: P1 -475
[   288.94 ] D: P1 -476
[   288.94 ] D: P1 -480
[   288.94 ] D: P1 -481
[   288.96 ] D: P1 -482
[   288.96 ] D: P1 -484
[   288.96 ] D: P1 -485
[   288.97 ] D: P1 -486
[   288.98 ] D: P1 -488
[   288.99 ] D: P1 -489
[   289.06 ] D: sltPositionChanged 529200
[   289.06 ] D: frame_offset 0 0 10
[   289.06 ] D: findOverlayItems 1 0
[   289.06 ] D: "{51ee4249-908e-4e6e-aac4-ae4c748dbb41}" i.value()->sampleClip()->startTime()  12000 27483.9 27483.9 12000
[   289.06 ] D: findOverlayItems
[   289.06 ] D: frame_offset 0 1 10
[   289.06 ] D: frame_offset 0 2 10
[   289.07 ] D: frame_offset 0 3 10
[   289.07 ] D: frame_offset 0 4 10
[   289.08 ] D: sltPositionChanged 529200
[   289.08 ] D: frame_offset 0 0 10
[   289.08 ] D: frame_offset 0 1 10
[   289.08 ] D: frame_offset 0 2 10
[   289.08 ] D: frame_offset 0 3 10
[   289.09 ] D: frame_offset 0 4 10
[   289.49 ] D: findTrackIndexByPoint 0 QRect(0,0 1957x111) true QPointF(193,64)
[   289.56 ] D: mouseReleaseEvent
[   289.71 ] D: _requestForLoading false false
[   289.71 ] D: _requestForLoading2
[   289.71 ] D: _numberOfSampleBuffer 1
[   289.71 ] D: START TO load 0
[   289.71 ] D: sltPositionChanged 485100 true
[   289.71 ] D: START TO load 1
[   289.71 ] D: START TO load 2
[   289.71 ] D: START TO load 3
[   289.71 ] D: frame_offset 0 0 10
[   289.72 ] D: frame_offset 0 1 10
[   289.72 ] D: frame_offset 0 2 10
[   289.72 ] D: frame_offset 0 3 10
[   289.72 ] D: frame_offset 0 4 10
[   289.73 ] D: sltFirstBufferFilled ("{51ee4249-908e-4e6e-aac4-ae4c748dbb41}") "{51ee4249-908e-4e6e-aac4-ae4c748dbb41}" true
[   289.73 ] D: _requestForLoading true false
[   290.73 ] W: QObject::startTimer: Timers cannot be started from another thread
[   292.23 ] D: AsyncFileReader 0 5
[   293.53 ] D: CHANGED 0 true
[   293.83 ] D: CHANGED 1 true
[   294.27 ] D: CHANGED 1 false
[   295.17 ] D: findTrackIndexByPoint 0 QRect(0,0 1957x111) true QPointF(202,65)
[   295.25 ] D: mouseReleaseEvent
[   295.60 ] D: _requestForLoading false false
[   295.60 ] D: _requestForLoading2
[   295.60 ] D: _numberOfSampleBuffer 1
[   295.60 ] D: START TO load 0
[   295.60 ] D: sltPositionChanged 485100 true
[   295.60 ] D: START TO load 1
[   295.60 ] D: START TO load 2
[   295.60 ] D: START TO load 3
[   295.60 ] D: frame_offset 0 0 10
[   295.61 ] D: frame_offset 0 1 10
[   295.61 ] D: frame_offset 0 2 10
[   295.61 ] D: frame_offset 0 3 10
[   295.61 ] D: frame_offset 0 4 10
[   295.61 ] D: sltFirstBufferFilled ("{51ee4249-908e-4e6e-aac4-ae4c748dbb41}") "{51ee4249-908e-4e6e-aac4-ae4c748dbb41}" true
[   295.61 ] D: _requestForLoading true false
[   296.62 ] D: CHECKED 0 0
[   296.62 ] D: CHECKED 0 0
[   296.64 ] D: CHECKED 0 0
[   296.64 ] D: CHECKED 0 0
[   296.64 ] D: CHECKED 0 0
[   296.65 ] D: CHECKED 0 0
[   296.65 ] D: CHECKED 0 0
[   296.65 ] D: CHECKED 0 0
[   296.67 ] D: CHECKED 0 0
[   296.67 ] D: CHECKED 0 0
[   296.67 ] D: CHECKED 0 0
[   296.69 ] D: CHECKED 0 0
[   296.69 ] D: CHECKED 0 0
[   296.69 ] D: CHECKED 0 0
[   296.71 ] D: CHECKED 0 0
[   296.71 ] D: CHECKED 0 0
[   296.71 ] D: CHECKED 0 0
[   296.72 ] D: CHECKED 0 0
[   296.72 ] D: CHECKED 0 0
[   296.72 ] D: CHECKED 0 0
[   296.74 ] D: CHECKED 0 0
[   296.74 ] D: CHECKED 0 0
[   296.74 ] D: CHECKED 0 0
[   296.76 ] D: CHECKED 0 0
[   296.76 ] D: CHECKED 0 0
[   296.76 ] D: CHECKED 0 0
[   296.77 ] D: CHECKED 0 0
[   296.77 ] D: CHECKED 0 0
[   296.77 ] D: CHECKED 0 0
[   296.79 ] D: CHECKED 0 0
[   296.79 ] D: CHECKED 0 0
[   296.79 ] D: CHECKED 0 0
[   296.81 ] D: CHECKED 0 0
[   296.81 ] D: CHECKED 0 0
[   296.81 ] D: CHECKED 0 0
[   296.83 ] D: CHECKED 0 0
[   296.83 ] D: CHECKED 0 0
[   296.83 ] D: CHECKED 0 0
[   296.84 ] D: CHECKED 0 0
[   296.84 ] D: CHECKED 0 0
[   296.84 ] D: CHECKED 0 0
[   296.86 ] D: CHECKED 0 0
[   296.86 ] D: CHECKED 0 0
[   296.86 ] D: CHECKED 0 0
[   296.88 ] D: CHECKED 0 0
[   296.88 ] D: CHECKED 0 0
[   296.88 ] D: CHECKED 0 0
[   296.90 ] D: CHECKED 0 0
[   296.90 ] D: CHECKED 0 0
[   296.90 ] D: CHECKED 0 0
[   296.91 ] D: CHECKED 0 0
[   296.91 ] D: CHECKED 0 0
[   296.91 ] D: CHECKED 0 0
[   296.93 ] D: CHECKED 0 0
[   296.93 ] D: CHECKED 0 0
[   296.93 ] D: CHECKED 0 0
[   296.95 ] D: CHECKED 0 0
[   296.95 ] D: CHECKED 0 0
[   296.95 ] D: CHECKED 0 0
[   296.97 ] D: CHECKED 0 0
[   296.97 ] D: CHECKED 0 0
[   296.97 ] D: CHECKED 0 0
[   296.98 ] D: CHECKED 0 0
[   296.98 ] D: CHECKED 0 0
[   296.98 ] D: CHECKED 0 0
[   297.00 ] D: CHECKED 0 0
[   297.00 ] D: CHECKED 0 0
[   297.00 ] D: CHECKED 0 0
[   297.02 ] D: CHECKED 0 0
[   297.02 ] D: CHECKED 0 0
[   297.02 ] D: CHECKED 0 0
[   297.04 ] D: CHECKED 0 0
[   297.04 ] D: CHECKED 0 0
[   297.04 ] D: CHECKED 0 0
[   297.05 ] D: CHECKED 0 0
[   297.05 ] D: CHECKED 0 0
[   297.05 ] D: CHECKED 0 0
[   297.07 ] D: CHECKED 0 0
[   297.07 ] D: CHECKED 0 0
[   297.07 ] D: CHECKED 0 0
[   297.09 ] D: CHECKED 0 0
[   297.09 ] D: CHECKED 0 0
[   297.09 ] D: CHECKED 0 0
[   297.11 ] D: CHECKED 0 0
[   297.11 ] D: CHECKED 0 0
[   297.11 ] D: CHECKED 0 0
[   297.12 ] D: CHECKED 0 0
[   297.12 ] D: CHECKED 0 0
[   297.12 ] D: CHECKED 0 0
[   297.14 ] D: CHECKED 0 0
[   297.14 ] D: CHECKED 0 0
[   297.14 ] D: CHECKED 0 0
[   297.16 ] D: CHECKED 0 0
[   297.16 ] D: CHECKED 0 0
[   297.16 ] D: CHECKED 0 0
[   297.18 ] D: CHECKED 0 0
[   297.18 ] D: CHECKED 0 0
[   297.18 ] D: CHECKED 0 0
[   297.19 ] D: CHECKED 0 0
[   297.19 ] D: CHECKED 0 0
[   297.19 ] D: CHECKED 0 0
[   297.21 ] D: CHECKED 0 0
[   297.21 ] D: CHECKED 0 0
[   297.21 ] D: CHECKED 0 0
[   297.23 ] D: CHECKED 0 0
[   297.23 ] D: CHECKED 0 0
[   297.23 ] D: CHECKED 0 0
[   297.24 ] D: CHECKED 0 0
[   297.24 ] D: CHECKED 0 0
[   297.24 ] D: CHECKED 0 0
[   297.26 ] D: CHECKED 0 0
[   297.26 ] D: CHECKED 0 0
[   297.26 ] D: CHECKED 0 0
[   297.28 ] D: CHECKED 0 0
[   297.28 ] D: CHECKED 0 0
[   297.28 ] D: CHECKED 0 0
[   297.30 ] D: CHECKED 0 0
[   297.30 ] D: CHECKED 0 0
[   297.30 ] D: CHECKED 0 0
[   297.31 ] D: CHECKED 0 0
[   297.31 ] D: CHECKED 0 0
[   297.31 ] D: CHECKED 0 0
[   297.33 ] D: CHECKED 0 0
[   297.33 ] D: CHECKED 0 0
[   297.33 ] D: CHECKED 0 0
[   297.35 ] D: CHECKED 0 0
[   297.35 ] D: CHECKED 0 0
[   297.35 ] D: CHECKED 0 0
[   297.37 ] D: CHECKED 0 0
[   297.37 ] D: CHECKED 0 0
[   297.37 ] D: CHECKED 0 0
[   297.38 ] D: CHECKED 0 0
[   297.38 ] D: CHECKED 0 0
[   297.38 ] D: CHECKED 0 0
[   297.40 ] D: CHECKED 0 0
[   297.40 ] D: CHECKED 0 0
[   297.40 ] D: CHECKED 0 0
[   297.42 ] D: CHECKED 0 0
[   297.42 ] D: CHECKED 0 0
[   297.42 ] D: CHECKED 0 0
[   297.44 ] D: CHECKED 0 0
[   297.44 ] D: CHECKED 0 0
[   297.44 ] D: CHECKED 0 0
[   297.45 ] D: CHECKED 0 0
[   297.45 ] D: CHECKED 0 0
[   297.45 ] D: CHECKED 0 0
[   297.47 ] D: CHECKED 0 0
[   297.47 ] D: CHECKED 0 0
[   297.47 ] D: CHECKED 0 0
[   297.49 ] D: CHECKED 0 0
[   297.49 ] D: CHECKED 0 0
[   297.49 ] D: CHECKED 0 0
[   297.51 ] D: CHECKED 0 0
[   297.51 ] D: CHECKED 0 0
[   297.51 ] D: CHECKED 0 0
[   297.52 ] D: CHECKED 0 0
[   297.52 ] D: CHECKED 0 0
[   297.52 ] D: CHECKED 0 0
[   297.54 ] D: CHECKED 0 0
[   297.54 ] D: CHECKED 0 0
[   297.54 ] D: CHECKED 0 0
[   297.56 ] D: CHECKED 0 0
[   297.56 ] D: CHECKED 0 0
[   297.56 ] D: CHECKED 0 0
[   297.58 ] D: CHECKED 0 0
[   297.58 ] D: CHECKED 0 0
[   297.58 ] D: CHECKED 0 0
[   297.59 ] D: CHECKED 0 0
[   297.59 ] D: CHECKED 0 0
[   297.59 ] D: CHECKED 0 0
[   297.61 ] D: CHECKED 0 0
[   297.61 ] D: CHECKED 0 0
[   297.61 ] D: CHECKED 0 0
[   297.63 ] D: CHECKED 0 0
[   297.63 ] D: CHECKED 0 0
[   297.63 ] D: CHECKED 0 0
[   297.65 ] D: CHECKED 0 0
[   297.65 ] D: CHECKED 0 0
[   297.65 ] D: CHECKED 0 0
[   297.66 ] D: CHECKED 0 0
[   297.66 ] D: CHECKED 0 0
[   297.66 ] D: CHECKED 0 0
[   297.68 ] D: CHECKED 0 0
[   297.68 ] D: CHECKED 0 0
[   297.68 ] D: CHECKED 0 0
[   297.70 ] D: CHECKED 0 0
[   297.70 ] D: CHECKED 0 0
[   297.70 ] D: CHECKED 0 0
[   297.72 ] D: CHECKED 0 0
[   297.72 ] D: CHECKED 0 0
[   297.72 ] D: CHECKED 0 0
[   297.73 ] D: CHECKED 0 0
[   297.73 ] D: CHECKED 0 0
[   297.73 ] D: CHECKED 0 0
[   297.75 ] D: CHECKED 0 0
[   297.75 ] D: CHECKED 0 0
[   297.75 ] D: CHECKED 0 0
[   297.77 ] D: CHECKED 0 0
[   297.77 ] D: CHECKED 0 0
[   297.77 ] D: CHECKED 0 0
[   297.78 ] D: CHECKED 0 0
[   297.78 ] D: CHECKED 0 0
[   297.78 ] D: CHECKED 0 0
[   297.80 ] D: CHECKED 0 0
[   297.80 ] D: CHECKED 0 0
[   297.80 ] D: CHECKED 0 0
[   297.82 ] D: CHECKED 0 0
[   297.82 ] D: CHECKED 0 0
[   297.82 ] D: CHECKED 0 0
[   297.84 ] D: CHECKED 0 0
[   297.84 ] D: CHECKED 0 0
[   297.84 ] D: CHECKED 0 0
[   297.85 ] D: CHECKED 0 0
[   297.85 ] D: CHECKED 0 0
[   297.85 ] D: CHECKED 0 0
[   297.87 ] D: CHECKED 0 0
[   297.87 ] D: CHECKED 0 0
[   297.87 ] D: CHECKED 0 0
[   297.89 ] D: CHECKED 0 0
[   297.89 ] D: CHECKED 0 0
[   297.89 ] D: CHECKED 0 0
[   297.91 ] D: CHECKED 0 0
[   297.91 ] D: CHECKED 0 0
[   297.91 ] D: CHECKED 0 0
[   297.92 ] D: CHECKED 0 0
[   297.92 ] D: CHECKED 0 0
[   297.92 ] D: CHECKED 0 0
[   297.94 ] D: CHECKED 0 0
[   297.94 ] D: CHECKED 0 0
[   297.94 ] D: CHECKED 0 0
[   298.28 ] D: CHANGED 0 false
[   298.66 ] D: CHANGED 1 true
[   299.15 ] D: CHANGED 2 true
[   300.19 ] D: CHANGED 2 false
[   301.25 ] D: findTrackIndexByPoint 0 QRect(0,0 1957x111) true QPointF(179,65)
[   301.25 ] D: _automationChanging false
[   301.25 ] D: findTrackIndexByPoint 0 QRect(0,0 1957x111) true QPointF(181,64)
[   301.25 ] D: mouseMove2
[   301.25 ] D: _automationChanging false
[   301.25 ] D: findTrackIndexByPoint 0 QRect(0,0 1957x111) true QPointF(182,64)
[   301.25 ] D: mouseMove2
[   301.26 ] D: _automationChanging false
[   301.26 ] D: findTrackIndexByPoint 0 QRect(0,0 1957x111) true QPointF(184,63)
[   301.26 ] D: mouseMove2
[   301.30 ] D: mouseReleaseEvent
[   302.15 ] D: CHANGED 0 true
[   302.84 ] D: findTrackIndexByPoint 0 QRect(0,0 1957x111) true QPointF(147,63)
[   302.90 ] D: mouseReleaseEvent
[   303.33 ] D: _requestForLoading false false
[   303.33 ] D: _requestForLoading2
[   303.33 ] D: _numberOfSampleBuffer 1
[   303.33 ] D: START TO load 0
[   303.33 ] D: sltPositionChanged 352800 true
[   303.33 ] D: START TO load 1
[   303.33 ] D: START TO load 2
[   303.33 ] D: START TO load 3
[   303.33 ] D: frame_offset 0 0 10
[   303.33 ] D: frame_offset 0 1 10
[   303.33 ] D: frame_offset 0 2 10
[   303.34 ] D: frame_offset 0 3 10
[   303.34 ] D: frame_offset 0 4 10
[   303.34 ] D: sltFirstBufferFilled ("{51ee4249-908e-4e6e-aac4-ae4c748dbb41}") "{51ee4249-908e-4e6e-aac4-ae4c748dbb41}" true
[   303.34 ] D: _requestForLoading true false
[   307.35 ] D: CHECKED 0 0
[   307.35 ] D: CHECKED 1 1
[   307.36 ] D: CHECKED 0 0
[   307.36 ] D: CHECKED 1 1
[   307.36 ] D: CHECKED 0 0
[   307.36 ] D: CHECKED 1 1
[   307.36 ] D: CHECKED 0 0
[   307.36 ] D: CHECKED 1 1
[   307.38 ] D: CHECKED 0 0
[   307.38 ] D: CHECKED 1 1
[   307.38 ] D: CHECKED 0 0
[   307.38 ] D: CHECKED 1 1
[   307.38 ] D: CHECKED 0 0
[   307.38 ] D: CHECKED 1 1
[   307.40 ] D: CHECKED 0 0
[   307.40 ] D: CHECKED 1 1
[   307.40 ] D: CHECKED 0 0
[   307.40 ] D: CHECKED 1 1
[   307.40 ] D: CHECKED 0 0
[   307.40 ] D: CHECKED 1 1
[   307.42 ] D: CHECKED 0 0
[   307.42 ] D: CHECKED 1 1
[   307.42 ] D: CHECKED 0 0
[   307.42 ] D: CHECKED 1 1
[   307.42 ] D: CHECKED 0 0
[   307.42 ] D: CHECKED 1 1
[   307.43 ] D: CHECKED 0 0
[   307.43 ] D: CHECKED 1 1
[   307.43 ] D: CHECKED 0 0
[   307.43 ] D: CHECKED 1 1
[   307.43 ] D: CHECKED 0 0
[   307.43 ] D: CHECKED 1 1
[   307.45 ] D: CHECKED 0 0
[   307.45 ] D: CHECKED 1 1
[   307.45 ] D: CHECKED 0 0
[   307.45 ] D: CHECKED 1 1
[   307.45 ] D: CHECKED 0 0
[   307.45 ] D: CHECKED 1 1
[   307.47 ] D: CHECKED 0 0
[   307.47 ] D: CHECKED 1 1
[   307.47 ] D: CHECKED 0 0
[   307.47 ] D: CHECKED 1 1
[   307.47 ] D: CHECKED 0 0
[   307.47 ] D: CHECKED 1 1
[   307.48 ] D: CHECKED 0 0
[   307.48 ] D: CHECKED 1 1
[   307.48 ] D: CHECKED 0 0
[   307.48 ] D: CHECKED 1 1
[   307.48 ] D: CHECKED 0 0
[   307.48 ] D: CHECKED 1 1
[   307.50 ] D: CHECKED 0 0
[   307.50 ] D: CHECKED 1 1
[   307.50 ] D: CHECKED 0 0
[   307.50 ] D: CHECKED 1 1
[   307.50 ] D: CHECKED 0 0
[   307.50 ] D: CHECKED 1 1
[   307.52 ] D: CHECKED 0 0
[   307.52 ] D: CHECKED 1 1
[   307.52 ] D: CHECKED 0 0
[   307.52 ] D: CHECKED 1 1
[   307.52 ] D: CHECKED 0 0
[   307.52 ] D: CHECKED 1 1
[   307.54 ] D: CHECKED 0 0
[   307.54 ] D: CHECKED 1 1
[   307.54 ] D: CHECKED 0 0
[   307.54 ] D: CHECKED 1 1
[   307.54 ] D: CHECKED 0 0
[   307.54 ] D: CHECKED 1 1
[   307.55 ] D: CHECKED 0 0
[   307.55 ] D: CHECKED 1 1
[   307.55 ] D: CHECKED 0 0
[   307.55 ] D: CHECKED 1 1
[   307.55 ] D: CHECKED 0 0
[   307.55 ] D: CHECKED 1 1
[   307.57 ] D: CHECKED 0 0
[   307.57 ] D: CHECKED 1 1
[   307.57 ] D: CHECKED 0 0
[   307.57 ] D: CHECKED 1 1
[   307.57 ] D: CHECKED 0 0
[   307.57 ] D: CHECKED 1 1
[   307.59 ] D: CHECKED 0 0
[   307.59 ] D: CHECKED 1 1
[   307.59 ] D: CHECKED 0 0
[   307.59 ] D: CHECKED 1 1
[   307.59 ] D: CHECKED 0 0
[   307.59 ] D: CHECKED 1 1
[   307.61 ] D: CHECKED 0 0
[   307.61 ] D: CHECKED 1 1
[   307.61 ] D: CHECKED 0 0
[   307.61 ] D: CHECKED 1 1
[   307.61 ] D: CHECKED 0 0
[   307.61 ] D: CHECKED 1 1
[   307.62 ] D: CHECKED 0 0
[   307.62 ] D: CHECKED 1 1
[   307.62 ] D: CHECKED 0 0
[   307.62 ] D: CHECKED 1 1
[   307.62 ] D: CHECKED 0 0
[   307.62 ] D: CHECKED 1 1
[   307.64 ] D: CHECKED 0 0
[   307.64 ] D: CHECKED 1 1
[   307.64 ] D: CHECKED 0 0
[   307.64 ] D: CHECKED 1 1
[   307.64 ] D: CHECKED 0 0
[   307.64 ] D: CHECKED 1 1
[   307.66 ] D: CHECKED 0 0
[   307.66 ] D: CHECKED 1 1
[   307.66 ] D: CHECKED 0 0
[   307.66 ] D: CHECKED 1 1
[   307.66 ] D: CHECKED 0 0
[   307.66 ] D: CHECKED 1 1
[   307.68 ] D: CHECKED 0 0
[   307.68 ] D: CHECKED 1 1
[   307.68 ] D: CHECKED 0 0
[   307.68 ] D: CHECKED 1 1
[   307.68 ] D: CHECKED 0 0
[   307.68 ] D: CHECKED 1 1
[   307.69 ] D: CHECKED 0 0
[   307.69 ] D: CHECKED 1 1
[   307.69 ] D: CHECKED 0 0
[   307.69 ] D: CHECKED 1 1
[   307.69 ] D: CHECKED 0 0
[   307.69 ] D: CHECKED 1 1
[   307.71 ] D: CHECKED 0 0
[   307.71 ] D: CHECKED 1 1
[   307.71 ] D: CHECKED 0 0
[   307.71 ] D: CHECKED 1 1
[   307.71 ] D: CHECKED 0 0
[   307.71 ] D: CHECKED 1 1
[   307.73 ] D: CHECKED 0 0
[   307.73 ] D: CHECKED 1 1
[   307.73 ] D: CHECKED 0 0
[   307.73 ] D: CHECKED 1 1
[   307.73 ] D: CHECKED 0 0
[   307.73 ] D: CHECKED 1 1
[   307.75 ] D: CHECKED 0 0
[   307.75 ] D: CHECKED 1 1
[   307.75 ] D: CHECKED 0 0
[   307.75 ] D: CHECKED 1 1
[   307.75 ] D: CHECKED 0 0
[   307.75 ] D: CHECKED 1 1
[   307.76 ] D: CHECKED 0 0
[   307.76 ] D: CHECKED 1 1
[   307.76 ] D: CHECKED 0 0
[   307.76 ] D: CHECKED 1 1
[   307.76 ] D: CHECKED 0 0
[   307.76 ] D: CHECKED 1 1
[   307.78 ] D: CHECKED 0 0
[   307.78 ] D: CHECKED 1 1
[   307.78 ] D: CHECKED 0 0
[   307.78 ] D: CHECKED 1 1
[   307.78 ] D: CHECKED 0 0
[   307.78 ] D: CHECKED 1 1
[   307.80 ] D: CHECKED 0 0
[   307.80 ] D: CHECKED 1 1
[   307.80 ] D: CHECKED 0 0
[   307.80 ] D: CHECKED 1 1
[   307.80 ] D: CHECKED 0 0
[   307.80 ] D: CHECKED 1 1
[   307.82 ] D: CHECKED 0 0
[   307.82 ] D: CHECKED 1 1
[   307.82 ] D: CHECKED 0 0
[   307.82 ] D: CHECKED 1 1
[   307.82 ] D: CHECKED 0 0
[   307.82 ] D: CHECKED 1 1
[   307.83 ] D: CHECKED 0 0
[   307.83 ] D: CHECKED 1 1
[   307.83 ] D: CHECKED 0 0
[   307.83 ] D: CHECKED 1 1
[   307.83 ] D: CHECKED 0 0
[   307.83 ] D: CHECKED 1 1
[   307.85 ] D: CHECKED 0 0
[   307.85 ] D: CHECKED 1 1
[   307.85 ] D: CHECKED 0 0
[   307.85 ] D: CHECKED 1 1
[   307.85 ] D: CHECKED 0 0
[   307.85 ] D: CHECKED 1 1
[   307.87 ] D: CHECKED 0 0
[   307.87 ] D: CHECKED 1 1
[   307.87 ] D: CHECKED 0 0
[   307.87 ] D: CHECKED 1 1
[   307.87 ] D: CHECKED 0 0
[   307.87 ] D: CHECKED 1 1
[   307.89 ] D: CHECKED 0 0
[   307.89 ] D: CHECKED 1 1
[   307.89 ] D: CHECKED 0 0
[   307.89 ] D: CHECKED 1 1
[   307.89 ] D: CHECKED 0 0
[   307.89 ] D: CHECKED 1 1
[   307.90 ] D: CHECKED 0 0
[   307.90 ] D: CHECKED 1 1
[   307.90 ] D: CHECKED 0 0
[   307.90 ] D: CHECKED 1 1
[   307.90 ] D: CHECKED 0 0
[   307.90 ] D: CHECKED 1 1
[   307.92 ] D: CHECKED 0 0
[   307.92 ] D: CHECKED 1 1
[   307.92 ] D: CHECKED 0 0
[   307.92 ] D: CHECKED 1 1
[   307.92 ] D: CHECKED 0 0
[   307.92 ] D: CHECKED 1 1
[   307.94 ] D: CHECKED 0 0
[   307.94 ] D: CHECKED 1 1
[   307.94 ] D: CHECKED 0 0
[   307.94 ] D: CHECKED 1 1
[   307.94 ] D: CHECKED 0 0
[   307.94 ] D: CHECKED 1 1
[   307.96 ] D: CHECKED 0 0
[   307.96 ] D: CHECKED 1 1
[   307.96 ] D: CHECKED 0 0
[   307.96 ] D: CHECKED 1 1
[   307.96 ] D: CHECKED 0 0
[   307.96 ] D: CHECKED 1 1
[   307.97 ] D: CHECKED 0 0
[   307.97 ] D: CHECKED 1 1
[   307.97 ] D: CHECKED 0 0
[   307.97 ] D: CHECKED 1 1
[   307.97 ] D: CHECKED 0 0
[   307.97 ] D: CHECKED 1 1
[   307.99 ] D: CHECKED 0 0
[   307.99 ] D: CHECKED 1 1
[   307.99 ] D: CHECKED 0 0
[   307.99 ] D: CHECKED 1 1
[   307.99 ] D: CHECKED 0 0
[   307.99 ] D: CHECKED 1 1
[   308.01 ] D: CHECKED 0 0
[   308.01 ] D: CHECKED 1 1
[   308.01 ] D: CHECKED 0 0
[   308.01 ] D: CHECKED 1 1
[   308.01 ] D: CHECKED 0 0
[   308.01 ] D: CHECKED 1 1
[   308.02 ] D: CHECKED 0 0
[   308.02 ] D: CHECKED 1 1
[   308.02 ] D: CHECKED 0 0
[   308.02 ] D: CHECKED 1 1
[   308.02 ] D: CHECKED 0 0
[   308.02 ] D: CHECKED 1 1
[   308.04 ] D: CHECKED 0 0
[   308.04 ] D: CHECKED 1 1
[   308.04 ] D: CHECKED 0 0
[   308.04 ] D: CHECKED 1 1
[   308.04 ] D: CHECKED 0 0
[   308.04 ] D: CHECKED 1 1
[   308.06 ] D: CHECKED 0 0
[   308.06 ] D: CHECKED 1 1
[   308.06 ] D: CHECKED 0 0
[   308.06 ] D: CHECKED 1 1
[   308.06 ] D: CHECKED 0 0
[   308.06 ] D: CHECKED 1 1
[   308.08 ] D: CHECKED 0 0
[   308.08 ] D: CHECKED 1 1
[   308.08 ] D: CHECKED 0 0
[   308.08 ] D: CHECKED 1 1
[   308.08 ] D: CHECKED 0 0
[   308.08 ] D: CHECKED 1 1
[   308.09 ] D: CHECKED 0 0
[   308.09 ] D: CHECKED 1 1
[   308.09 ] D: CHECKED 0 0
[   308.09 ] D: CHECKED 1 1
[   308.09 ] D: CHECKED 0 0
[   308.09 ] D: CHECKED 1 1
[   308.11 ] D: CHECKED 0 0
[   308.11 ] D: CHECKED 1 1
[   308.11 ] D: CHECKED 0 0
[   308.11 ] D: CHECKED 1 1
[   308.11 ] D: CHECKED 0 0
[   308.11 ] D: CHECKED 1 1
[   308.13 ] D: CHECKED 0 0
[   308.13 ] D: CHECKED 1 1
[   308.13 ] D: CHECKED 0 0
[   308.13 ] D: CHECKED 1 1
[   308.13 ] D: CHECKED 0 0
[   308.13 ] D: CHECKED 1 1
[   308.15 ] D: CHECKED 0 0
[   308.15 ] D: CHECKED 1 1
[   308.15 ] D: CHECKED 0 0
[   308.15 ] D: CHECKED 1 1
[   308.15 ] D: CHECKED 0 0
[   308.15 ] D: CHECKED 1 1
[   308.16 ] D: CHECKED 0 0
[   308.16 ] D: CHECKED 1 1
[   308.16 ] D: CHECKED 0 0
[   308.16 ] D: CHECKED 1 1
[   308.16 ] D: CHECKED 0 0
[   308.16 ] D: CHECKED 1 1
[   308.18 ] D: CHECKED 0 0
[   308.18 ] D: CHECKED 1 1
[   308.18 ] D: CHECKED 0 0
[   308.18 ] D: CHECKED 1 1
[   308.18 ] D: CHECKED 0 0
[   308.18 ] D: CHECKED 1 1
[   308.20 ] D: CHECKED 0 0
[   308.20 ] D: CHECKED 1 1
[   308.20 ] D: CHECKED 0 0
[   308.20 ] D: CHECKED 1 1
[   308.20 ] D: CHECKED 0 0
[   308.20 ] D: CHECKED 1 1
[   308.22 ] D: CHECKED 0 0
[   308.22 ] D: CHECKED 1 1
[   308.22 ] D: CHECKED 0 0
[   308.22 ] D: CHECKED 1 1
[   308.22 ] D: CHECKED 0 0
[   308.22 ] D: CHECKED 1 1
[   308.23 ] D: CHECKED 0 0
[   308.23 ] D: CHECKED 1 1
[   308.23 ] D: CHECKED 0 0
[   308.23 ] D: CHECKED 1 1
[   308.23 ] D: CHECKED 0 0
[   308.23 ] D: CHECKED 1 1
[   308.25 ] D: CHECKED 0 0
[   308.25 ] D: CHECKED 1 1
[   308.25 ] D: CHECKED 0 0
[   308.25 ] D: CHECKED 1 1
[   308.25 ] D: CHECKED 0 0
[   308.25 ] D: CHECKED 1 1
[   308.27 ] D: CHECKED 0 0
[   308.27 ] D: CHECKED 1 1
[   308.27 ] D: CHECKED 0 0
[   308.27 ] D: CHECKED 1 1
[   308.27 ] D: CHECKED 0 0
[   308.27 ] D: CHECKED 1 1
[   308.29 ] D: CHECKED 0 0
[   308.29 ] D: CHECKED 1 1
[   308.29 ] D: CHECKED 0 0
[   308.29 ] D: CHECKED 1 1
[   308.29 ] D: CHECKED 0 0
[   308.29 ] D: CHECKED 1 1
[   308.30 ] D: CHECKED 0 0
[   308.30 ] D: CHECKED 1 1
[   308.30 ] D: CHECKED 0 0
[   308.30 ] D: CHECKED 1 1
[   308.30 ] D: CHECKED 0 0
[   308.30 ] D: CHECKED 1 1
[   308.32 ] D: CHECKED 0 0
[   308.32 ] D: CHECKED 1 1
[   308.32 ] D: CHECKED 0 0
[   308.32 ] D: CHECKED 1 1
[   308.32 ] D: CHECKED 0 0
[   308.32 ] D: CHECKED 1 1
[   308.34 ] D: CHECKED 0 0
[   308.34 ] D: CHECKED 1 1
[   308.34 ] D: CHECKED 0 0
[   308.34 ] D: CHECKED 1 1
[   308.34 ] D: CHECKED 0 0
[   308.34 ] D: CHECKED 1 1
[   308.36 ] D: CHECKED 0 0
[   308.36 ] D: CHECKED 1 1
[   308.36 ] D: CHECKED 0 0
[   308.36 ] D: CHECKED 1 1
[   308.36 ] D: CHECKED 0 0
[   308.36 ] D: CHECKED 1 1
[   308.37 ] D: CHECKED 0 0
[   308.37 ] D: CHECKED 1 1
[   308.37 ] D: CHECKED 0 0
[   308.37 ] D: CHECKED 1 1
[   308.37 ] D: CHECKED 0 0
[   308.37 ] D: CHECKED 1 1
[   308.39 ] D: CHECKED 0 0
[   308.39 ] D: CHECKED 1 1
[   308.39 ] D: CHECKED 0 0
[   308.39 ] D: CHECKED 1 1
[   308.39 ] D: CHECKED 0 0
[   308.39 ] D: CHECKED 1 1
[   308.41 ] D: CHECKED 0 0
[   308.41 ] D: CHECKED 1 1
[   308.41 ] D: CHECKED 0 0
[   308.41 ] D: CHECKED 1 1
[   308.41 ] D: CHECKED 0 0
[   308.41 ] D: CHECKED 1 1
[   308.43 ] D: CHECKED 0 0
[   308.43 ] D: CHECKED 1 1
[   308.43 ] D: CHECKED 0 0
[   308.43 ] D: CHECKED 1 1
[   308.43 ] D: CHECKED 0 0
[   308.43 ] D: CHECKED 1 1
[   308.44 ] D: CHECKED 0 0
[   308.44 ] D: CHECKED 1 1
[   308.44 ] D: CHECKED 0 0
[   308.44 ] D: CHECKED 1 1
[   308.44 ] D: CHECKED 0 0
[   308.44 ] D: CHECKED 1 1
[   308.46 ] D: CHECKED 0 0
[   308.46 ] D: CHECKED 1 1
[   308.46 ] D: CHECKED 0 0
[   308.46 ] D: CHECKED 1 1
[   308.46 ] D: CHECKED 0 0
[   308.46 ] D: CHECKED 1 1
[   308.48 ] D: CHECKED 0 0
[   308.48 ] D: CHECKED 1 1
[   308.48 ] D: CHECKED 0 0
[   308.48 ] D: CHECKED 1 1
[   308.48 ] D: CHECKED 0 0
[   308.48 ] D: CHECKED 1 1
[   308.49 ] D: CHECKED 0 0
[   308.49 ] D: CHECKED 1 1
[   308.49 ] D: CHECKED 0 0
[   308.49 ] D: CHECKED 1 1
[   308.49 ] D: CHECKED 0 0
[   308.49 ] D: CHECKED 1 1
[   308.51 ] D: CHECKED 0 0
[   308.51 ] D: CHECKED 1 1
[   308.51 ] D: CHECKED 0 0
[   308.51 ] D: CHECKED 1 1
[   308.51 ] D: CHECKED 0 0
[   308.51 ] D: CHECKED 1 1
[   308.53 ] D: CHECKED 0 0
[   308.53 ] D: CHECKED 1 1
[   308.53 ] D: CHECKED 0 0
[   308.53 ] D: CHECKED 1 1
[   308.53 ] D: CHECKED 0 0
[   308.53 ] D: CHECKED 1 1
[   308.55 ] D: CHECKED 0 0
[   308.55 ] D: CHECKED 1 1
[   308.55 ] D: CHECKED 0 0
[   308.55 ] D: CHECKED 1 1
[   308.55 ] D: CHECKED 0 0
[   308.55 ] D: CHECKED 1 1
[   308.56 ] D: CHECKED 0 0
[   308.56 ] D: CHECKED 1 1
[   308.56 ] D: CHECKED 0 0
[   308.56 ] D: CHECKED 1 1
[   308.56 ] D: CHECKED 0 0
[   308.56 ] D: CHECKED 1 1
[   308.58 ] D: CHECKED 0 0
[   308.58 ] D: CHECKED 1 1
[   308.58 ] D: CHECKED 0 0
[   308.58 ] D: CHECKED 1 1
[   308.58 ] D: CHECKED 0 0
[   308.58 ] D: CHECKED 1 1
[   308.60 ] D: CHECKED 0 0
[   308.60 ] D: CHECKED 1 1
[   308.60 ] D: CHECKED 0 0
[   308.60 ] D: CHECKED 1 1
[   308.60 ] D: CHECKED 0 0
[   308.60 ] D: CHECKED 1 1
[   308.62 ] D: CHECKED 0 0
[   308.62 ] D: CHECKED 1 1
[   308.62 ] D: CHECKED 0 0
[   308.62 ] D: CHECKED 1 1
[   308.62 ] D: CHECKED 0 0
[   308.62 ] D: CHECKED 1 1
[   308.63 ] D: CHECKED 0 0
[   308.63 ] D: CHECKED 1 1
[   308.63 ] D: CHECKED 0 0
[   308.63 ] D: CHECKED 1 1
[   308.63 ] D: CHECKED 0 0
[   308.63 ] D: CHECKED 1 1
[   308.65 ] D: CHECKED 0 0
[   308.65 ] D: CHECKED 1 1
[   308.65 ] D: CHECKED 0 0
[   308.65 ] D: CHECKED 1 1
[   308.65 ] D: CHECKED 0 0
[   308.65 ] D: CHECKED 1 1
[   308.67 ] D: CHECKED 0 0
[   308.67 ] D: CHECKED 1 1
[   308.67 ] D: CHECKED 0 0
[   308.67 ] D: CHECKED 1 1
[   308.67 ] D: CHECKED 0 0
[   308.67 ] D: CHECKED 1 1
[   308.69 ] D: CHECKED 0 0
[   308.69 ] D: CHECKED 1 1
[   308.69 ] D: CHECKED 0 0
[   308.69 ] D: CHECKED 1 1
[   308.69 ] D: CHECKED 0 0
[   308.69 ] D: CHECKED 1 1
[   308.70 ] D: CHECKED 0 0
[   308.70 ] D: CHECKED 1 1
[   308.70 ] D: CHECKED 0 0
[   308.70 ] D: CHECKED 1 1
[   308.70 ] D: CHECKED 0 0
[   308.70 ] D: CHECKED 1 1
[   308.72 ] D: CHECKED 0 0
[   308.72 ] D: CHECKED 1 1
[   308.72 ] D: CHECKED 0 0
[   308.72 ] D: CHECKED 1 1
[   308.72 ] D: CHECKED 0 0
[   308.72 ] D: CHECKED 1 1
[   308.74 ] D: CHECKED 0 0
[   308.74 ] D: CHECKED 1 1
[   308.74 ] D: CHECKED 0 0
[   308.74 ] D: CHECKED 1 1
[   308.74 ] D: CHECKED 0 0
[   308.74 ] D: CHECKED 1 1
[   308.76 ] D: CHECKED 0 0
[   308.76 ] D: CHECKED 1 1
[   308.76 ] D: CHECKED 0 0
[   308.76 ] D: CHECKED 1 1
[   308.76 ] D: CHECKED 0 0
[   308.76 ] D: CHECKED 1 1
[   308.77 ] D: CHECKED 0 0
[   308.77 ] D: CHECKED 1 1
[   308.77 ] D: CHECKED 0 0
[   308.77 ] D: CHECKED 1 1
[   308.77 ] D: CHECKED 0 0
[   308.77 ] D: CHECKED 1 1
[   308.79 ] D: CHECKED 0 0
[   308.79 ] D: CHECKED 1 1
[   308.79 ] D: CHECKED 0 0
[   308.79 ] D: CHECKED 1 1
[   308.79 ] D: CHECKED 0 0
[   308.79 ] D: CHECKED 1 1
[   308.81 ] D: CHECKED 0 0
[   308.81 ] D: CHECKED 1 1
[   308.81 ] D: CHECKED 0 0
[   308.81 ] D: CHECKED 1 1
[   308.81 ] D: CHECKED 0 0
[   308.81 ] D: CHECKED 1 1
[   308.83 ] D: CHECKED 0 0
[   308.83 ] D: CHECKED 1 1
[   308.83 ] D: CHECKED 0 0
[   308.83 ] D: CHECKED 1 1
[   308.83 ] D: CHECKED 0 0
[   308.83 ] D: CHECKED 1 1
[   308.84 ] D: AsyncFileReader 0 5
[   308.84 ] D: CHECKED 0 0
[   308.84 ] D: CHECKED 1 1
[   308.84 ] D: CHECKED 0 0
[   308.84 ] D: CHECKED 1 1
[   308.84 ] D: CHECKED 0 0
[   308.84 ] D: CHECKED 1 1
[   308.86 ] D: CHECKED 0 0
[   308.86 ] D: CHECKED 1 1
[   308.86 ] D: CHECKED 0 0
[   308.86 ] D: CHECKED 1 1
[   308.86 ] D: CHECKED 0 0
[   308.86 ] D: CHECKED 1 1
[   308.88 ] D: CHECKED 0 0
[   308.88 ] D: CHECKED 1 1
[   308.88 ] D: CHECKED 0 0
[   308.88 ] D: CHECKED 1 1
[   308.88 ] D: CHECKED 0 0
[   308.88 ] D: CHECKED 1 1
[   308.90 ] D: CHECKED 0 0
[   308.90 ] D: CHECKED 1 1
[   308.90 ] D: CHECKED 0 0
[   308.90 ] D: CHECKED 1 1
[   308.90 ] D: CHECKED 0 0
[   308.90 ] D: CHECKED 1 1
[   308.91 ] D: CHECKED 0 0
[   308.91 ] D: CHECKED 1 1
[   308.91 ] D: CHECKED 0 0
[   308.91 ] D: CHECKED 1 1
[   308.91 ] D: CHECKED 0 0
[   308.91 ] D: CHECKED 1 1
[   308.93 ] D: CHECKED 0 0
[   308.93 ] D: CHECKED 1 1
[   308.93 ] D: CHECKED 0 0
[   308.93 ] D: CHECKED 1 1
[   308.93 ] D: CHECKED 0 0
[   308.93 ] D: CHECKED 1 1
[   308.95 ] D: CHECKED 0 0
[   308.95 ] D: CHECKED 1 1
[   308.95 ] D: CHECKED 0 0
[   308.95 ] D: CHECKED 1 1
[   308.95 ] D: CHECKED 0 0
[   308.95 ] D: CHECKED 1 1
[   308.97 ] D: CHECKED 0 0
[   308.97 ] D: CHECKED 1 1
[   308.97 ] D: CHECKED 0 0
[   308.97 ] D: CHECKED 1 1
[   308.97 ] D: CHECKED 0 0
[   308.97 ] D: CHECKED 1 1
[   308.98 ] D: CHECKED 0 0
[   308.98 ] D: CHECKED 1 1
[   308.98 ] D: CHECKED 0 0
[   308.98 ] D: CHECKED 1 1
[   308.98 ] D: CHECKED 0 0
[   308.98 ] D: CHECKED 1 1
[   309.00 ] D: CHECKED 0 0
[   309.00 ] D: CHECKED 1 1
[   309.00 ] D: CHECKED 0 0
[   309.00 ] D: CHECKED 1 1
[   309.00 ] D: CHECKED 0 0
[   309.00 ] D: CHECKED 1 1
[   309.02 ] D: CHECKED 0 0
[   309.02 ] D: CHECKED 1 1
[   309.02 ] D: CHECKED 0 0
[   309.02 ] D: CHECKED 1 1
[   309.02 ] D: CHECKED 0 0
[   309.02 ] D: CHECKED 1 1
[   309.03 ] D: CHECKED 0 0
[   309.03 ] D: CHECKED 1 1
[   309.03 ] D: CHECKED 0 0
[   309.03 ] D: CHECKED 1 1
[   309.03 ] D: CHECKED 0 0
[   309.03 ] D: CHECKED 1 1
[   309.05 ] D: CHECKED 0 0
[   309.05 ] D: CHECKED 1 1
[   309.05 ] D: CHECKED 0 0
[   309.05 ] D: CHECKED 1 1
[   309.05 ] D: CHECKED 0 0
[   309.05 ] D: CHECKED 1 1
[   309.07 ] D: CHECKED 0 0
[   309.07 ] D: CHECKED 1 1
[   309.07 ] D: CHECKED 0 0
[   309.07 ] D: CHECKED 1 1
[   309.07 ] D: CHECKED 0 0
[   309.07 ] D: CHECKED 1 1
[   309.09 ] D: CHECKED 0 0
[   309.09 ] D: CHECKED 1 1
[   309.09 ] D: CHECKED 0 0
[   309.09 ] D: CHECKED 1 1
[   309.09 ] D: CHECKED 0 0
[   309.09 ] D: CHECKED 1 1
[   309.10 ] D: CHECKED 0 0
[   309.10 ] D: CHECKED 1 1
[   309.10 ] D: CHECKED 0 0
[   309.10 ] D: CHECKED 1 1
[   309.10 ] D: CHECKED 0 0
[   309.10 ] D: CHECKED 1 1
[   309.12 ] D: CHECKED 0 0
[   309.12 ] D: CHECKED 1 1
[   309.12 ] D: CHECKED 0 0
[   309.12 ] D: CHECKED 1 1
[   309.12 ] D: CHECKED 0 0
[   309.12 ] D: CHECKED 1 1
[   309.14 ] D: CHECKED 0 0
[   309.14 ] D: CHECKED 1 1
[   309.14 ] D: CHECKED 0 0
[   309.14 ] D: CHECKED 1 1
[   309.14 ] D: CHECKED 0 0
[   309.14 ] D: CHECKED 1 1
[   309.16 ] D: CHECKED 0 0
[   309.16 ] D: CHECKED 1 1
[   309.16 ] D: CHECKED 0 0
[   309.16 ] D: CHECKED 1 1
[   309.16 ] D: CHECKED 0 0
[   309.16 ] D: CHECKED 1 1
[   309.17 ] D: CHECKED 0 0
[   309.17 ] D: CHECKED 1 1
[   309.17 ] D: CHECKED 0 0
[   309.17 ] D: CHECKED 1 1
[   309.17 ] D: CHECKED 0 0
[   309.17 ] D: CHECKED 1 1
[   309.19 ] D: CHECKED 0 0
[   309.19 ] D: CHECKED 1 1
[   309.19 ] D: CHECKED 0 0
[   309.19 ] D: CHECKED 1 1
[   309.19 ] D: CHECKED 0 0
[   309.19 ] D: CHECKED 1 1
[   309.21 ] D: CHECKED 0 0
[   309.21 ] D: CHECKED 1 1
[   309.21 ] D: CHECKED 0 0
[   309.21 ] D: CHECKED 1 1
[   309.21 ] D: CHECKED 0 0
[   309.21 ] D: CHECKED 1 1
[   309.23 ] D: CHECKED 0 0
[   309.23 ] D: CHECKED 1 1
[   309.23 ] D: CHECKED 0 0
[   309.23 ] D: CHECKED 1 1
[   309.23 ] D: CHECKED 0 0
[   309.23 ] D: CHECKED 1 1
[   309.24 ] D: CHECKED 0 0
[   309.24 ] D: CHECKED 1 1
[   309.24 ] D: CHECKED 0 0
[   309.24 ] D: CHECKED 1 1
[   309.24 ] D: CHECKED 0 0
[   309.24 ] D: CHECKED 1 1
[   309.26 ] D: CHECKED 0 0
[   309.26 ] D: CHECKED 1 1
[   309.26 ] D: CHECKED 0 0
[   309.26 ] D: CHECKED 1 1
[   309.26 ] D: CHECKED 0 0
[   309.26 ] D: CHECKED 1 1
[   309.28 ] D: CHECKED 0 0
[   309.28 ] D: CHECKED 1 1
[   309.28 ] D: CHECKED 0 0
[   309.28 ] D: CHECKED 1 1
[   309.28 ] D: CHECKED 0 0
[   309.28 ] D: CHECKED 1 1
[   309.30 ] D: CHECKED 0 0
[   309.30 ] D: CHECKED 1 1
[   309.30 ] D: CHECKED 0 0
[   309.30 ] D: CHECKED 1 1
[   309.30 ] D: CHECKED 0 0
[   309.30 ] D: CHECKED 1 1
[   309.31 ] D: CHECKED 0 0
[   309.31 ] D: CHECKED 1 1
[   309.31 ] D: CHECKED 0 0
[   309.31 ] D: CHECKED 1 1
[   309.31 ] D: CHECKED 0 0
[   309.31 ] D: CHECKED 1 1
[   309.33 ] D: CHECKED 0 0
[   309.33 ] D: CHECKED 1 1
[   309.33 ] D: CHECKED 0 0
[   309.33 ] D: CHECKED 1 1
[   309.33 ] D: CHECKED 0 0
[   309.33 ] D: CHECKED 1 1
[   309.35 ] D: CHECKED 0 0
[   309.35 ] D: CHECKED 1 1
[   309.35 ] D: CHECKED 0 0
[   309.35 ] D: CHECKED 1 1
[   309.35 ] D: CHECKED 0 0
[   309.35 ] D: CHECKED 1 1
[   309.37 ] D: CHECKED 0 0
[   309.37 ] D: CHECKED 1 1
[   309.37 ] D: CHECKED 0 0
[   309.37 ] D: CHECKED 1 1
[   309.37 ] D: CHECKED 0 0
[   309.37 ] D: CHECKED 1 1
[   309.38 ] D: CHECKED 0 0
[   309.38 ] D: CHECKED 1 1
[   309.38 ] D: CHECKED 0 0
[   309.38 ] D: CHECKED 1 1
[   309.38 ] D: CHECKED 0 0
[   309.38 ] D: CHECKED 1 1
[   309.40 ] D: CHECKED 0 0
[   309.40 ] D: CHECKED 1 1
[   309.40 ] D: CHECKED 0 0
[   309.40 ] D: CHECKED 1 1
[   309.40 ] D: CHECKED 0 0
[   309.40 ] D: CHECKED 1 1
[   309.42 ] D: CHECKED 0 0
[   309.42 ] D: CHECKED 1 1
[   309.42 ] D: CHECKED 0 0
[   309.42 ] D: CHECKED 1 1
[   309.42 ] D: CHECKED 0 0
[   309.42 ] D: CHECKED 1 1
[   309.44 ] D: CHECKED 0 0
[   309.44 ] D: CHECKED 1 1
[   309.44 ] D: CHECKED 0 0
[   309.44 ] D: CHECKED 1 1
[   309.44 ] D: CHECKED 0 0
[   309.44 ] D: CHECKED 1 1
[   309.45 ] D: CHECKED 0 0
[   309.45 ] D: CHECKED 1 1
[   309.45 ] D: CHECKED 0 0
[   309.45 ] D: CHECKED 1 1
[   309.45 ] D: CHECKED 0 0
[   309.45 ] D: CHECKED 1 1
[   309.47 ] D: CHECKED 0 0
[   309.47 ] D: CHECKED 1 1
[   309.47 ] D: CHECKED 0 0
[   309.47 ] D: CHECKED 1 1
[   309.47 ] D: CHECKED 0 0
[   309.47 ] D: CHECKED 1 1
[   309.49 ] D: CHECKED 0 0
[   309.49 ] D: CHECKED 1 1
[   309.49 ] D: CHECKED 0 0
[   309.49 ] D: CHECKED 1 1
[   309.49 ] D: CHECKED 0 0
[   309.49 ] D: CHECKED 1 1
[   309.51 ] D: CHECKED 0 0
[   309.51 ] D: CHECKED 1 1
[   309.51 ] D: CHECKED 0 0
[   309.51 ] D: CHECKED 1 1
[   309.51 ] D: CHECKED 0 0
[   309.51 ] D: CHECKED 1 1
[   309.52 ] D: CHECKED 0 0
[   309.52 ] D: CHECKED 1 1
[   309.52 ] D: CHECKED 0 0
[   309.52 ] D: CHECKED 1 1
[   309.52 ] D: CHECKED 0 0
[   309.52 ] D: CHECKED 1 1
[   309.54 ] D: CHECKED 0 0
[   309.54 ] D: CHECKED 1 1
[   309.54 ] D: CHECKED 0 0
[   309.54 ] D: CHECKED 1 1
[   309.54 ] D: CHECKED 0 0
[   309.54 ] D: CHECKED 1 1
[   309.56 ] D: CHECKED 0 0
[   309.56 ] D: CHECKED 1 1
[   309.56 ] D: CHECKED 0 0
[   309.56 ] D: CHECKED 1 1
[   309.56 ] D: CHECKED 0 0
[   309.56 ] D: CHECKED 1 1
[   309.57 ] D: CHECKED 0 0
[   309.57 ] D: CHECKED 1 1
[   309.57 ] D: CHECKED 0 0
[   309.57 ] D: CHECKED 1 1
[   309.57 ] D: CHECKED 0 0
[   309.57 ] D: CHECKED 1 1
[   309.59 ] D: CHECKED 0 0
[   309.59 ] D: CHECKED 1 1
[   309.59 ] D: CHECKED 0 0
[   309.59 ] D: CHECKED 1 1
[   309.59 ] D: CHECKED 0 0
[   309.59 ] D: CHECKED 1 1
[   309.61 ] D: CHECKED 0 0
[   309.61 ] D: CHECKED 1 1
[   309.61 ] D: CHECKED 0 0
[   309.61 ] D: CHECKED 1 1
[   309.61 ] D: CHECKED 0 0
[   309.61 ] D: CHECKED 1 1
[   309.63 ] D: CHECKED 0 0
[   309.63 ] D: CHECKED 1 1
[   309.63 ] D: CHECKED 0 0
[   309.63 ] D: CHECKED 1 1
[   309.63 ] D: CHECKED 0 0
[   309.63 ] D: CHECKED 1 1
[   309.64 ] D: CHECKED 0 0
[   309.64 ] D: CHECKED 1 1
[   309.64 ] D: CHECKED 0 0
[   309.64 ] D: CHECKED 1 1
[   309.64 ] D: CHECKED 0 0
[   309.64 ] D: CHECKED 1 1
[   309.66 ] D: CHECKED 0 0
[   309.66 ] D: CHECKED 1 1
[   309.66 ] D: CHECKED 0 0
[   309.66 ] D: CHECKED 1 1
[   309.66 ] D: CHECKED 0 0
[   309.66 ] D: CHECKED 1 1
[   309.68 ] D: CHECKED 0 0
[   309.68 ] D: CHECKED 1 1
[   309.68 ] D: CHECKED 0 0
[   309.68 ] D: CHECKED 1 1
[   309.68 ] D: CHECKED 0 0
[   309.68 ] D: CHECKED 1 1
[   309.70 ] D: CHECKED 0 0
[   309.70 ] D: CHECKED 1 1
[   309.70 ] D: CHECKED 0 0
[   309.70 ] D: CHECKED 1 1
[   309.70 ] D: CHECKED 0 0
[   309.70 ] D: CHECKED 1 1
[   309.71 ] D: CHECKED 0 0
[   309.71 ] D: CHECKED 1 1
[   309.71 ] D: CHECKED 0 0
[   309.71 ] D: CHECKED 1 1
[   309.71 ] D: CHECKED 0 0
[   309.71 ] D: CHECKED 1 1
[   309.73 ] D: CHECKED 0 0
[   309.73 ] D: CHECKED 1 1
[   309.73 ] D: CHECKED 0 0
[   309.73 ] D: CHECKED 1 1
[   309.73 ] D: CHECKED 0 0
[   309.73 ] D: CHECKED 1 1
[   309.75 ] D: CHECKED 0 0
[   309.75 ] D: CHECKED 1 1
[   309.75 ] D: CHECKED 0 0
[   309.75 ] D: CHECKED 1 1
[   309.75 ] D: CHECKED 0 0
[   309.75 ] D: CHECKED 1 1
[   309.77 ] D: CHECKED 0 0
[   309.77 ] D: CHECKED 1 1
[   309.77 ] D: CHECKED 0 0
[   309.77 ] D: CHECKED 1 1
[   309.77 ] D: CHECKED 0 0
[   309.77 ] D: CHECKED 1 1
[   309.78 ] D: CHECKED 0 0
[   309.78 ] D: CHECKED 1 1
[   309.78 ] D: CHECKED 0 0
[   309.78 ] D: CHECKED 1 1
[   309.78 ] D: CHECKED 0 0
[   309.78 ] D: CHECKED 1 1
[   309.80 ] D: CHECKED 0 0
[   309.80 ] D: CHECKED 1 1
[   309.80 ] D: CHECKED 0 0
[   309.80 ] D: CHECKED 1 1
[   309.80 ] D: CHECKED 0 0
[   309.80 ] D: CHECKED 1 1
[   309.82 ] D: CHECKED 0 0
[   309.82 ] D: CHECKED 1 1
[   309.82 ] D: CHECKED 0 0
[   309.82 ] D: CHECKED 1 1
[   309.82 ] D: CHECKED 0 0
[   309.82 ] D: CHECKED 1 1
[   309.84 ] D: CHECKED 0 0
[   309.84 ] D: CHECKED 1 1
[   309.84 ] D: CHECKED 0 0
[   309.84 ] D: CHECKED 1 1
[   309.84 ] D: CHECKED 0 0
[   309.84 ] D: CHECKED 1 1
[   309.85 ] D: CHECKED 0 0
[   309.85 ] D: CHECKED 1 1
[   309.85 ] D: CHECKED 0 0
[   309.85 ] D: CHECKED 1 1
[   309.85 ] D: CHECKED 0 0
[   309.85 ] D: CHECKED 1 1
[   309.87 ] D: CHECKED 0 0
[   309.87 ] D: CHECKED 1 1
[   309.87 ] D: CHECKED 0 0
[   309.87 ] D: CHECKED 1 1
[   309.87 ] D: CHECKED 0 0
[   309.87 ] D: CHECKED 1 1
[   309.89 ] D: CHECKED 0 0
[   309.89 ] D: CHECKED 1 1
[   309.89 ] D: CHECKED 0 0
[   309.89 ] D: CHECKED 1 1
[   309.89 ] D: CHECKED 0 0
[   309.89 ] D: CHECKED 1 1
[   309.91 ] D: CHECKED 0 0
[   309.91 ] D: CHECKED 1 1
[   309.91 ] D: CHECKED 0 0
[   309.91 ] D: CHECKED 1 1
[   309.91 ] D: CHECKED 0 0
[   309.91 ] D: CHECKED 1 1
[   309.92 ] D: CHECKED 0 0
[   309.92 ] D: CHECKED 1 1
[   309.92 ] D: CHECKED 0 0
[   309.92 ] D: CHECKED 1 1
[   309.92 ] D: CHECKED 0 0
[   309.92 ] D: CHECKED 1 1
[   309.94 ] D: CHECKED 0 0
[   309.94 ] D: CHECKED 1 1
[   309.94 ] D: CHECKED 0 0
[   309.94 ] D: CHECKED 1 1
[   309.94 ] D: CHECKED 0 0
[   309.94 ] D: CHECKED 1 1
[   309.96 ] D: CHECKED 0 0
[   309.96 ] D: CHECKED 1 1
[   309.96 ] D: CHECKED 0 0
[   309.96 ] D: CHECKED 1 1
[   309.96 ] D: CHECKED 0 0
[   309.96 ] D: CHECKED 1 1
[   309.98 ] D: CHECKED 0 0
[   309.98 ] D: CHECKED 1 1
[   309.98 ] D: CHECKED 0 0
[   309.98 ] D: CHECKED 1 1
[   309.98 ] D: CHECKED 0 0
[   309.98 ] D: CHECKED 1 1
[   309.99 ] D: CHECKED 0 0
[   309.99 ] D: CHECKED 1 1
[   309.99 ] D: CHECKED 0 0
[   309.99 ] D: CHECKED 1 1
[   309.99 ] D: CHECKED 0 0
[   309.99 ] D: CHECKED 1 1
[   310.01 ] D: CHECKED 0 0
[   310.01 ] D: CHECKED 1 1
[   310.01 ] D: CHECKED 0 0
[   310.01 ] D: CHECKED 1 1
[   310.01 ] D: CHECKED 0 0
[   310.01 ] D: CHECKED 1 1
[   310.03 ] D: CHECKED 0 0
[   310.03 ] D: CHECKED 1 1
[   310.03 ] D: CHECKED 0 0
[   310.03 ] D: CHECKED 1 1
[   310.03 ] D: CHECKED 0 0
[   310.03 ] D: CHECKED 1 1
[   310.04 ] D: CHECKED 0 0
[   310.04 ] D: CHECKED 1 1
[   310.04 ] D: CHECKED 0 0
[   310.04 ] D: CHECKED 1 1
[   310.04 ] D: CHECKED 0 0
[   310.04 ] D: CHECKED 1 1
[   310.06 ] D: CHECKED 0 0
[   310.06 ] D: CHECKED 1 1
[   310.06 ] D: CHECKED 0 0
[   310.06 ] D: CHECKED 1 1
[   310.06 ] D: CHECKED 0 0
[   310.06 ] D: CHECKED 1 1
[   310.08 ] D: CHECKED 0 0
[   310.08 ] D: CHECKED 1 1
[   310.08 ] D: CHECKED 0 0
[   310.08 ] D: CHECKED 1 1
[   310.08 ] D: CHECKED 0 0
[   310.08 ] D: CHECKED 1 1
[   310.10 ] D: CHECKED 0 0
[   310.10 ] D: CHECKED 1 1
[   310.10 ] D: CHECKED 0 0
[   310.10 ] D: CHECKED 1 1
[   310.10 ] D: CHECKED 0 0
[   310.10 ] D: CHECKED 1 1
[   310.11 ] D: CHECKED 0 0
[   310.11 ] D: CHECKED 1 1
[   310.11 ] D: CHECKED 0 0
[   310.11 ] D: CHECKED 1 1
[   310.11 ] D: CHECKED 0 0
[   310.11 ] D: CHECKED 1 1
[   310.13 ] D: CHECKED 0 0
[   310.13 ] D: CHECKED 1 1
[   310.13 ] D: CHECKED 0 0
[   310.13 ] D: CHECKED 1 1
[   310.13 ] D: CHECKED 0 0
[   310.13 ] D: CHECKED 1 1
[   310.15 ] D: CHECKED 0 0
[   310.15 ] D: CHECKED 1 1
[   310.15 ] D: CHECKED 0 0
[   310.15 ] D: CHECKED 1 1
[   310.15 ] D: CHECKED 0 0
[   310.15 ] D: CHECKED 1 1
[   310.17 ] D: CHECKED 0 0
[   310.17 ] D: CHECKED 1 1
[   310.17 ] D: CHECKED 0 0
[   310.17 ] D: CHECKED 1 1
[   310.17 ] D: CHECKED 0 0
[   310.17 ] D: CHECKED 1 1
[   310.18 ] D: CHECKED 0 0
[   310.18 ] D: CHECKED 1 1
[   310.18 ] D: CHECKED 0 0
[   310.18 ] D: CHECKED 1 1
[   310.18 ] D: CHECKED 0 0
[   310.18 ] D: CHECKED 1 1
[   310.20 ] D: CHECKED 0 0
[   310.20 ] D: CHECKED 1 1
[   310.20 ] D: CHECKED 0 0
[   310.20 ] D: CHECKED 1 1
[   310.20 ] D: CHECKED 0 0
[   310.20 ] D: CHECKED 1 1
[   310.22 ] D: CHECKED 0 0
[   310.22 ] D: CHECKED 1 1
[   310.22 ] D: CHECKED 0 0
[   310.22 ] D: CHECKED 1 1
[   310.22 ] D: CHECKED 0 0
[   310.22 ] D: CHECKED 1 1
[   310.24 ] D: CHECKED 0 0
[   310.24 ] D: CHECKED 1 1
[   310.24 ] D: CHECKED 0 0
[   310.24 ] D: CHECKED 1 1
[   310.24 ] D: CHECKED 0 0
[   310.24 ] D: CHECKED 1 1
[   310.25 ] D: CHECKED 0 0
[   310.25 ] D: CHECKED 1 1
[   310.25 ] D: CHECKED 0 0
[   310.25 ] D: CHECKED 1 1
[   310.25 ] D: CHECKED 0 0
[   310.25 ] D: CHECKED 1 1
[   310.27 ] D: CHECKED 0 0
[   310.27 ] D: CHECKED 1 1
[   310.27 ] D: CHECKED 0 0
[   310.27 ] D: CHECKED 1 1
[   310.27 ] D: CHECKED 0 0
[   310.27 ] D: CHECKED 1 1
[   310.29 ] D: CHECKED 0 0
[   310.29 ] D: CHECKED 1 1
[   310.29 ] D: CHECKED 0 0
[   310.29 ] D: CHECKED 1 1
[   310.29 ] D: CHECKED 0 0
[   310.29 ] D: CHECKED 1 1
[   310.31 ] D: CHECKED 0 0
[   310.31 ] D: CHECKED 1 1
[   310.31 ] D: CHECKED 0 0
[   310.31 ] D: CHECKED 1 1
[   310.31 ] D: CHECKED 0 0
[   310.31 ] D: CHECKED 1 1
[   310.32 ] D: CHECKED 0 0
[   310.32 ] D: CHECKED 1 1
[   310.32 ] D: AsyncFileReader 1 6
[   310.32 ] D: CHECKED 0 0
[   310.32 ] D: CHECKED 1 1
[   310.32 ] D: CHECKED 0 0
[   310.32 ] D: CHECKED 1 1
[   310.34 ] D: CHECKED 0 0
[   310.34 ] D: CHECKED 1 1
[   310.34 ] D: CHECKED 0 0
[   310.34 ] D: CHECKED 1 1
[   310.34 ] D: CHECKED 0 0
[   310.34 ] D: CHECKED 1 1
[   310.36 ] D: CHECKED 0 0
[   310.36 ] D: CHECKED 1 1
[   310.36 ] D: CHECKED 0 0
[   310.36 ] D: CHECKED 1 1
[   310.36 ] D: CHECKED 0 0
[   310.36 ] D: CHECKED 1 1
[   310.38 ] D: CHECKED 0 0
[   310.38 ] D: CHECKED 1 1
[   310.38 ] D: CHECKED 0 0
[   310.38 ] D: CHECKED 1 1
[   310.38 ] D: CHECKED 0 0
[   310.38 ] D: CHECKED 1 1
[   310.39 ] D: CHECKED 0 0
[   310.39 ] D: CHECKED 1 1
[   310.39 ] D: CHECKED 0 0
[   310.39 ] D: CHECKED 1 1
[   310.39 ] D: CHECKED 0 0
[   310.39 ] D: CHECKED 1 1
[   310.41 ] D: CHECKED 0 0
[   310.41 ] D: CHECKED 1 1
[   310.41 ] D: CHECKED 0 0
[   310.41 ] D: CHECKED 1 1
[   310.41 ] D: CHECKED 0 0
[   310.41 ] D: CHECKED 1 1
[   310.43 ] D: CHECKED 0 0
[   310.43 ] D: CHECKED 1 1
[   310.43 ] D: CHECKED 0 0
[   310.43 ] D: CHECKED 1 1
[   310.43 ] D: CHECKED 0 0
[   310.43 ] D: CHECKED 1 1
[   310.45 ] D: CHECKED 0 0
[   310.45 ] D: CHECKED 1 1
[   310.45 ] D: CHECKED 0 0
[   310.45 ] D: CHECKED 1 1
[   310.45 ] D: CHECKED 0 0
[   310.45 ] D: CHECKED 1 1
[   310.46 ] D: CHECKED 0 0
[   310.46 ] D: CHECKED 1 1
[   310.46 ] D: CHECKED 0 0
[   310.46 ] D: CHECKED 1 1
[   310.46 ] D: CHECKED 0 0
[   310.46 ] D: CHECKED 1 1
[   310.48 ] D: CHECKED 0 0
[   310.48 ] D: CHECKED 1 1
[   310.48 ] D: CHECKED 0 0
[   310.48 ] D: CHECKED 1 1
[   310.48 ] D: CHECKED 0 0
[   310.48 ] D: CHECKED 1 1
[   310.50 ] D: CHECKED 0 0
[   310.50 ] D: CHECKED 1 1
[   310.50 ] D: CHECKED 0 0
[   310.50 ] D: CHECKED 1 1
[   310.50 ] D: CHECKED 0 0
[   310.50 ] D: CHECKED 1 1
[   310.52 ] D: CHECKED 0 0
[   310.52 ] D: CHECKED 1 1
[   310.52 ] D: CHECKED 0 0
[   310.52 ] D: CHECKED 1 1
[   310.52 ] D: CHECKED 0 0
[   310.52 ] D: CHECKED 1 1
[   310.53 ] D: CHECKED 0 0
[   310.53 ] D: CHECKED 1 1
[   310.53 ] D: CHECKED 0 0
[   310.53 ] D: CHECKED 1 1
[   310.53 ] D: CHECKED 0 0
[   310.53 ] D: CHECKED 1 1
[   310.55 ] D: CHECKED 0 0
[   310.55 ] D: CHECKED 1 1
[   310.55 ] D: CHECKED 0 0
[   310.55 ] D: CHECKED 1 1
[   310.55 ] D: CHECKED 0 0
[   310.55 ] D: CHECKED 1 1
[   310.57 ] D: CHECKED 0 0
[   310.57 ] D: CHECKED 1 1
[   310.57 ] D: CHECKED 0 0
[   310.57 ] D: CHECKED 1 1
[   310.57 ] D: CHECKED 0 0
[   310.57 ] D: CHECKED 1 1
[   310.58 ] D: CHECKED 0 0
[   310.58 ] D: CHECKED 1 1
[   310.58 ] D: CHECKED 0 0
[   310.58 ] D: CHECKED 1 1
[   310.58 ] D: CHECKED 0 0
[   310.58 ] D: CHECKED 1 1
[   310.60 ] D: CHECKED 0 0
[   310.60 ] D: CHECKED 1 1
[   310.60 ] D: CHECKED 0 0
[   310.60 ] D: CHECKED 1 1
[   310.60 ] D: CHECKED 0 0
[   310.60 ] D: CHECKED 1 1
[   310.62 ] D: CHECKED 0 0
[   310.62 ] D: CHECKED 1 1
[   310.62 ] D: CHECKED 0 0
[   310.62 ] D: CHECKED 1 1
[   310.62 ] D: CHECKED 0 0
[   310.62 ] D: CHECKED 1 1
[   310.64 ] D: CHECKED 0 0
[   310.64 ] D: CHECKED 1 1
[   310.64 ] D: CHECKED 0 0
[   310.64 ] D: CHECKED 1 1
[   310.64 ] D: CHECKED 0 0
[   310.64 ] D: CHECKED 1 1
[   310.65 ] D: CHECKED 0 0
[   310.65 ] D: CHECKED 1 1
[   310.65 ] D: CHECKED 0 0
[   310.65 ] D: CHECKED 1 1
[   310.65 ] D: CHECKED 0 0
[   310.65 ] D: CHECKED 1 1
[   310.67 ] D: CHECKED 0 0
[   310.67 ] D: CHECKED 1 1
[   310.67 ] D: CHECKED 0 0
[   310.67 ] D: CHECKED 1 1
[   310.67 ] D: CHECKED 0 0
[   310.67 ] D: CHECKED 1 1
[   310.69 ] D: CHECKED 0 0
[   310.69 ] D: CHECKED 1 1
[   310.69 ] D: CHECKED 0 0
[   310.69 ] D: CHECKED 1 1
[   310.69 ] D: CHECKED 0 0
[   310.69 ] D: CHECKED 1 1
[   310.71 ] D: CHECKED 0 0
[   310.71 ] D: CHECKED 1 1
[   310.71 ] D: CHECKED 0 0
[   310.71 ] D: CHECKED 1 1
[   310.71 ] D: CHECKED 0 0
[   310.71 ] D: CHECKED 1 1
[   310.72 ] D: CHECKED 0 0
[   310.72 ] D: CHECKED 1 1
[   310.72 ] D: CHECKED 0 0
[   310.72 ] D: CHECKED 1 1
[   310.72 ] D: CHECKED 0 0
[   310.72 ] D: CHECKED 1 1
[   310.74 ] D: CHECKED 0 0
[   310.74 ] D: CHECKED 1 1
[   310.74 ] D: CHECKED 0 0
[   310.74 ] D: CHECKED 1 1
[   310.74 ] D: CHECKED 0 0
[   310.74 ] D: CHECKED 1 1
[   310.76 ] D: CHECKED 0 0
[   310.76 ] D: CHECKED 1 1
[   310.76 ] D: CHECKED 0 0
[   310.76 ] D: CHECKED 1 1
[   310.76 ] D: CHECKED 0 0
[   310.76 ] D: CHECKED 1 1
[   310.78 ] D: CHECKED 0 0
[   310.78 ] D: CHECKED 1 1
[   310.78 ] D: CHECKED 0 0
[   310.78 ] D: CHECKED 1 1
[   310.78 ] D: CHECKED 0 0
[   310.78 ] D: CHECKED 1 1
[   310.79 ] D: CHECKED 0 0
[   310.79 ] D: CHECKED 1 1
[   310.79 ] D: CHECKED 0 0
[   310.79 ] D: CHECKED 1 1
[   310.79 ] D: CHECKED 0 0
[   310.79 ] D: CHECKED 1 1
[   310.81 ] D: CHECKED 0 0
[   310.81 ] D: CHECKED 1 1
[   310.81 ] D: CHECKED 0 0
[   310.81 ] D: CHECKED 1 1
[   310.81 ] D: CHECKED 0 0
[   310.81 ] D: CHECKED 1 1
[   310.83 ] D: CHECKED 0 0
[   310.83 ] D: CHECKED 1 1
[   310.83 ] D: CHECKED 0 0
[   310.83 ] D: CHECKED 1 1
[   310.83 ] D: CHECKED 0 0
[   310.83 ] D: CHECKED 1 1
[   310.85 ] D: CHECKED 0 0
[   310.85 ] D: CHECKED 1 1
[   310.85 ] D: CHECKED 0 0
[   310.85 ] D: CHECKED 1 1
[   310.85 ] D: CHECKED 0 0
[   310.85 ] D: CHECKED 1 1
[   310.86 ] D: CHECKED 0 0
[   310.86 ] D: CHECKED 1 1
[   310.86 ] D: CHECKED 0 0
[   310.86 ] D: CHECKED 1 1
[   310.86 ] D: CHECKED 0 0
[   310.86 ] D: CHECKED 1 1
[   310.88 ] D: CHECKED 0 0
[   310.88 ] D: CHECKED 1 1
[   310.88 ] D: CHECKED 0 0
[   310.88 ] D: CHECKED 1 1
[   310.88 ] D: CHECKED 0 0
[   310.88 ] D: CHECKED 1 1
[   310.90 ] D: CHECKED 0 0
[   310.90 ] D: CHECKED 1 1
[   310.90 ] D: CHECKED 0 0
[   310.90 ] D: CHECKED 1 1
[   310.90 ] D: CHECKED 0 0
[   310.90 ] D: CHECKED 1 1
[   310.92 ] D: CHECKED 0 0
[   310.92 ] D: CHECKED 1 1
[   310.92 ] D: CHECKED 0 0
[   310.92 ] D: CHECKED 1 1
[   310.92 ] D: CHECKED 0 0
[   310.92 ] D: CHECKED 1 1
[   310.93 ] D: CHECKED 0 0
[   310.93 ] D: CHECKED 1 1
[   310.93 ] D: CHECKED 0 0
[   310.93 ] D: CHECKED 1 1
[   310.93 ] D: CHECKED 0 0
[   310.93 ] D: CHECKED 1 1
[   310.95 ] D: CHECKED 0 0
[   310.95 ] D: CHECKED 1 1
[   310.95 ] D: CHECKED 0 0
[   310.95 ] D: CHECKED 1 1
[   310.95 ] D: CHECKED 0 0
[   310.95 ] D: CHECKED 1 1
[   310.97 ] D: CHECKED 0 0
[   310.97 ] D: CHECKED 1 1
[   310.97 ] D: CHECKED 0 0
[   310.97 ] D: CHECKED 1 1
[   310.97 ] D: CHECKED 0 0
[   310.97 ] D: CHECKED 1 1
[   310.99 ] D: CHECKED 0 0
[   310.99 ] D: CHECKED 1 1
[   310.99 ] D: CHECKED 0 0
[   310.99 ] D: CHECKED 1 1
[   310.99 ] D: CHECKED 0 0
[   310.99 ] D: CHECKED 1 1
[   311.00 ] D: CHECKED 0 0
[   311.00 ] D: CHECKED 1 1
[   311.00 ] D: CHECKED 0 0
[   311.00 ] D: CHECKED 1 1
[   311.00 ] D: CHECKED 0 0
[   311.00 ] D: CHECKED 1 1
[   311.02 ] D: CHECKED 0 0
[   311.02 ] D: CHECKED 1 1
[   311.02 ] D: CHECKED 0 0
[   311.02 ] D: CHECKED 1 1
[   311.02 ] D: CHECKED 0 0
[   311.02 ] D: CHECKED 1 1
[   311.04 ] D: CHECKED 0 0
[   311.04 ] D: CHECKED 1 1
[   311.04 ] D: CHECKED 0 0
[   311.04 ] D: CHECKED 1 1
[   311.04 ] D: CHECKED 0 0
[   311.04 ] D: CHECKED 1 1
[   311.05 ] D: CHECKED 0 0
[   311.05 ] D: CHECKED 1 1
[   311.05 ] D: CHECKED 0 0
[   311.05 ] D: CHECKED 1 1
[   311.05 ] D: CHECKED 0 0
[   311.05 ] D: CHECKED 1 1
[   311.07 ] D: CHECKED 0 0
[   311.07 ] D: CHECKED 1 1
[   311.07 ] D: CHECKED 0 0
[   311.07 ] D: CHECKED 1 1
[   311.07 ] D: CHECKED 0 0
[   311.07 ] D: CHECKED 1 1
[   311.09 ] D: CHECKED 0 0
[   311.09 ] D: CHECKED 1 1
[   311.09 ] D: CHECKED 0 0
[   311.09 ] D: CHECKED 1 1
[   311.09 ] D: CHECKED 0 0
[   311.09 ] D: CHECKED 1 1
[   311.11 ] D: CHECKED 0 0
[   311.11 ] D: CHECKED 1 1
[   311.11 ] D: CHECKED 0 0
[   311.11 ] D: CHECKED 1 1
[   311.11 ] D: CHECKED 0 0
[   311.11 ] D: CHECKED 1 1
[   311.12 ] D: CHECKED 0 0
[   311.12 ] D: CHECKED 1 1
[   311.12 ] D: CHECKED 0 0
[   311.12 ] D: CHECKED 1 1
[   311.12 ] D: CHECKED 0 0
[   311.12 ] D: CHECKED 1 1
[   311.14 ] D: CHECKED 0 0
[   311.14 ] D: CHECKED 1 1
[   311.14 ] D: CHECKED 0 0
[   311.14 ] D: CHECKED 1 1
[   311.14 ] D: CHECKED 0 0
[   311.14 ] D: CHECKED 1 1
[   311.16 ] D: CHECKED 0 0
[   311.16 ] D: CHECKED 1 1
[   311.16 ] D: CHECKED 0 0
[   311.16 ] D: CHECKED 1 1
[   311.16 ] D: CHECKED 0 0
[   311.16 ] D: CHECKED 1 1
[   311.18 ] D: CHECKED 0 0
[   311.18 ] D: CHECKED 1 1
[   311.18 ] D: CHECKED 0 0
[   311.18 ] D: CHECKED 1 1
[   311.18 ] D: CHECKED 0 0
[   311.18 ] D: CHECKED 1 1
[   311.19 ] D: CHECKED 0 0
[   311.19 ] D: CHECKED 1 1
[   311.19 ] D: CHECKED 0 0
[   311.19 ] D: CHECKED 1 1
[   311.19 ] D: CHECKED 0 0
[   311.19 ] D: CHECKED 1 1
[   311.21 ] D: CHECKED 0 0
[   311.21 ] D: CHECKED 1 1
[   311.21 ] D: CHECKED 0 0
[   311.21 ] D: CHECKED 1 1
[   311.21 ] D: CHECKED 0 0
[   311.21 ] D: CHECKED 1 1
[   311.23 ] D: CHECKED 0 0
[   311.23 ] D: CHECKED 1 1
[   311.23 ] D: CHECKED 0 0
[   311.23 ] D: CHECKED 1 1
[   311.23 ] D: CHECKED 0 0
[   311.23 ] D: CHECKED 1 1
[   311.25 ] D: CHECKED 0 0
[   311.25 ] D: CHECKED 1 1
[   311.25 ] D: CHECKED 0 0
[   311.25 ] D: CHECKED 1 1
[   311.25 ] D: CHECKED 0 0
[   311.25 ] D: CHECKED 1 1
[   311.26 ] D: CHECKED 0 0
[   311.26 ] D: CHECKED 1 1
[   311.26 ] D: CHECKED 0 0
[   311.26 ] D: CHECKED 1 1
[   311.26 ] D: CHECKED 0 0
[   311.26 ] D: CHECKED 1 1
[   311.28 ] D: CHECKED 0 0
[   311.28 ] D: CHECKED 1 1
[   311.28 ] D: CHECKED 0 0
[   311.28 ] D: CHECKED 1 1
[   311.28 ] D: CHECKED 0 0
[   311.28 ] D: CHECKED 1 1
[   311.30 ] D: CHECKED 0 0
[   311.30 ] D: CHECKED 1 1
[   311.30 ] D: CHECKED 0 0
[   311.30 ] D: CHECKED 1 1
[   311.30 ] D: CHECKED 0 0
[   311.30 ] D: CHECKED 1 1
[   311.32 ] D: CHECKED 0 0
[   311.32 ] D: CHECKED 1 1
[   311.32 ] D: CHECKED 0 0
[   311.32 ] D: CHECKED 1 1
[   311.32 ] D: CHECKED 0 0
[   311.32 ] D: CHECKED 1 1
[   311.33 ] D: CHECKED 0 0
[   311.33 ] D: CHECKED 1 1
[   311.33 ] D: CHECKED 0 0
[   311.33 ] D: CHECKED 1 1
[   311.33 ] D: CHECKED 0 0
[   311.33 ] D: CHECKED 1 1
[   311.35 ] D: CHECKED 0 0
[   311.35 ] D: CHECKED 1 1
[   311.35 ] D: CHECKED 0 0
[   311.35 ] D: CHECKED 1 1
[   311.35 ] D: CHECKED 0 0
[   311.35 ] D: CHECKED 1 1
[   311.37 ] D: CHECKED 0 0
[   311.37 ] D: CHECKED 1 1
[   311.37 ] D: CHECKED 0 0
[   311.37 ] D: CHECKED 1 1
[   311.37 ] D: CHECKED 0 0
[   311.37 ] D: CHECKED 1 1
[   311.39 ] D: CHECKED 0 0
[   311.39 ] D: CHECKED 1 1
[   311.39 ] D: CHECKED 0 0
[   311.39 ] D: CHECKED 1 1
[   311.39 ] D: CHECKED 0 0
[   311.39 ] D: CHECKED 1 1
[   311.40 ] D: CHECKED 0 0
[   311.40 ] D: CHECKED 1 1
[   311.40 ] D: CHECKED 0 0
[   311.40 ] D: CHECKED 1 1
[   311.40 ] D: CHECKED 0 0
[   311.40 ] D: CHECKED 1 1
[   311.42 ] D: CHECKED 0 0
[   311.42 ] D: CHECKED 1 1
[   311.42 ] D: CHECKED 0 0
[   311.42 ] D: CHECKED 1 1
[   311.42 ] D: CHECKED 0 0
[   311.42 ] D: CHECKED 1 1
[   311.44 ] D: CHECKED 0 0
[   311.44 ] D: CHECKED 1 1
[   311.44 ] D: CHECKED 0 0
[   311.44 ] D: CHECKED 1 1
[   311.44 ] D: CHECKED 0 0
[   311.44 ] D: CHECKED 1 1
[   311.46 ] D: CHECKED 0 0
[   311.46 ] D: CHECKED 1 1
[   311.46 ] D: CHECKED 0 0
[   311.46 ] D: CHECKED 1 1
[   311.46 ] D: CHECKED 0 0
[   311.46 ] D: CHECKED 1 1
[   311.47 ] D: CHECKED 0 0
[   311.47 ] D: CHECKED 1 1
[   311.47 ] D: CHECKED 0 0
[   311.47 ] D: CHECKED 1 1
[   311.47 ] D: CHECKED 0 0
[   311.47 ] D: CHECKED 1 1
[   311.49 ] D: CHECKED 0 0
[   311.49 ] D: CHECKED 1 1
[   311.49 ] D: CHECKED 0 0
[   311.49 ] D: CHECKED 1 1
[   311.49 ] D: CHECKED 0 0
[   311.49 ] D: CHECKED 1 1
[   311.51 ] D: CHECKED 0 0
[   311.51 ] D: CHECKED 1 1
[   311.51 ] D: CHECKED 0 0
[   311.51 ] D: CHECKED 1 1
[   311.51 ] D: CHECKED 0 0
[   311.51 ] D: CHECKED 1 1
[   311.53 ] D: CHECKED 0 0
[   311.53 ] D: CHECKED 1 1
[   311.53 ] D: CHECKED 0 0
[   311.53 ] D: CHECKED 1 1
[   311.53 ] D: CHECKED 0 0
[   311.53 ] D: CHECKED 1 1
[   311.54 ] D: CHECKED 0 0
[   311.54 ] D: CHECKED 1 1
[   311.54 ] D: CHECKED 0 0
[   311.54 ] D: CHECKED 1 1
[   311.54 ] D: CHECKED 0 0
[   311.54 ] D: CHECKED 1 1
[   311.56 ] D: CHECKED 0 0
[   311.56 ] D: CHECKED 1 1
[   311.56 ] D: CHECKED 0 0
[   311.56 ] D: CHECKED 1 1
[   311.56 ] D: CHECKED 0 0
[   311.56 ] D: CHECKED 1 1
[   311.58 ] D: CHECKED 0 0
[   311.58 ] D: CHECKED 1 1
[   311.58 ] D: CHECKED 0 0
[   311.58 ] D: CHECKED 1 1
[   311.58 ] D: CHECKED 0 0
[   311.58 ] D: CHECKED 1 1
[   311.59 ] D: CHECKED 0 0
[   311.59 ] D: CHECKED 1 1
[   311.59 ] D: CHECKED 0 0
[   311.59 ] D: CHECKED 1 1
[   311.59 ] D: CHECKED 0 0
[   311.59 ] D: CHECKED 1 1
[   311.61 ] D: CHECKED 0 0
[   311.61 ] D: CHECKED 1 1
[   311.61 ] D: CHECKED 0 0
[   311.61 ] D: CHECKED 1 1
[   311.61 ] D: CHECKED 0 0
[   311.61 ] D: CHECKED 1 1
[   311.63 ] D: CHECKED 0 0
[   311.63 ] D: CHECKED 1 1
[   311.63 ] D: CHECKED 0 0
[   311.63 ] D: CHECKED 1 1
[   311.63 ] D: CHECKED 0 0
[   311.63 ] D: CHECKED 1 1
[   311.65 ] D: CHECKED 0 0
[   311.65 ] D: CHECKED 1 1
[   311.65 ] D: CHECKED 0 0
[   311.65 ] D: CHECKED 1 1
[   311.65 ] D: CHECKED 0 0
[   311.65 ] D: CHECKED 1 1
[   311.66 ] D: CHECKED 0 0
[   311.66 ] D: CHECKED 1 1
[   311.66 ] D: CHECKED 0 0
[   311.66 ] D: CHECKED 1 1
[   311.66 ] D: CHECKED 0 0
[   311.66 ] D: CHECKED 1 1
[   311.68 ] D: CHECKED 0 0
[   311.68 ] D: CHECKED 1 1
[   311.68 ] D: CHECKED 0 0
[   311.68 ] D: CHECKED 1 1
[   311.68 ] D: CHECKED 0 0
[   311.68 ] D: CHECKED 1 1
[   311.70 ] D: CHECKED 0 0
[   311.70 ] D: CHECKED 1 1
[   311.70 ] D: CHECKED 0 0
[   311.70 ] D: CHECKED 1 1
[   311.70 ] D: CHECKED 0 0
[   311.70 ] D: CHECKED 1 1
[   311.72 ] D: CHECKED 0 0
[   311.72 ] D: CHECKED 1 1
[   311.72 ] D: CHECKED 0 0
[   311.72 ] D: CHECKED 1 1
[   311.72 ] D: CHECKED 0 0
[   311.72 ] D: CHECKED 1 1
[   311.73 ] D: CHECKED 0 0
[   311.73 ] D: CHECKED 1 1
[   311.73 ] D: CHECKED 0 0
[   311.73 ] D: CHECKED 1 1
[   311.73 ] D: CHECKED 0 0
[   311.73 ] D: CHECKED 1 1
[   311.75 ] D: CHECKED 0 0
[   311.75 ] D: CHECKED 1 1
[   311.75 ] D: CHECKED 0 0
[   311.75 ] D: CHECKED 1 1
[   311.75 ] D: CHECKED 0 0
[   311.75 ] D: CHECKED 1 1
[   311.77 ] D: CHECKED 0 0
[   311.77 ] D: CHECKED 1 1
[   311.77 ] D: CHECKED 0 0
[   311.77 ] D: CHECKED 1 1
[   311.77 ] D: CHECKED 0 0
[   311.77 ] D: CHECKED 1 1
[   311.79 ] D: CHECKED 0 0
[   311.79 ] D: CHECKED 1 1
[   311.79 ] D: CHECKED 0 0
[   311.79 ] D: CHECKED 1 1
[   311.79 ] D: CHECKED 0 0
[   311.79 ] D: CHECKED 1 1
[   311.80 ] D: CHECKED 0 0
[   311.80 ] D: CHECKED 1 1
[   311.80 ] D: CHECKED 0 0
[   311.80 ] D: CHECKED 1 1
[   311.80 ] D: AsyncFileReader 2 7
[   311.80 ] D: CHECKED 0 0
[   311.80 ] D: CHECKED 1 1
[   311.82 ] D: CHECKED 0 0
[   311.82 ] D: CHECKED 1 1
[   311.82 ] D: CHECKED 0 0
[   311.82 ] D: CHECKED 1 1
[   311.82 ] D: CHECKED 0 0
[   311.82 ] D: CHECKED 1 1
[   311.84 ] D: CHECKED 0 0
[   311.84 ] D: CHECKED 1 1
[   311.84 ] D: CHECKED 0 0
[   311.84 ] D: CHECKED 1 1
[   311.84 ] D: CHECKED 0 0
[   311.84 ] D: CHECKED 1 1
[   311.86 ] D: CHECKED 0 0
[   311.86 ] D: CHECKED 1 1
[   311.86 ] D: CHECKED 0 0
[   311.86 ] D: CHECKED 1 1
[   311.86 ] D: CHECKED 0 0
[   311.86 ] D: CHECKED 1 1
[   311.87 ] D: CHECKED 0 0
[   311.87 ] D: CHECKED 1 1
[   311.87 ] D: CHECKED 0 0
[   311.87 ] D: CHECKED 1 1
[   311.87 ] D: CHECKED 0 0
[   311.87 ] D: CHECKED 1 1
[   311.89 ] D: CHECKED 0 0
[   311.89 ] D: CHECKED 1 1
[   311.89 ] D: CHECKED 0 0
[   311.89 ] D: CHECKED 1 1
[   311.89 ] D: CHECKED 0 0
[   311.89 ] D: CHECKED 1 1
[   311.91 ] D: CHECKED 0 0
[   311.91 ] D: CHECKED 1 1
[   311.91 ] D: CHECKED 0 0
[   311.91 ] D: CHECKED 1 1
[   311.91 ] D: CHECKED 0 0
[   311.91 ] D: CHECKED 1 1
[   311.93 ] D: CHECKED 0 0
[   311.93 ] D: CHECKED 1 1
[   311.93 ] D: CHECKED 0 0
[   311.93 ] D: CHECKED 1 1
[   311.93 ] D: CHECKED 0 0
[   311.93 ] D: CHECKED 1 1
[   311.94 ] D: CHECKED 0 0
[   311.94 ] D: CHECKED 1 1
[   311.94 ] D: CHECKED 0 0
[   311.94 ] D: CHECKED 1 1
[   311.94 ] D: CHECKED 0 0
[   311.94 ] D: CHECKED 1 1
[   311.96 ] D: CHECKED 0 0
[   311.96 ] D: CHECKED 1 1
[   311.96 ] D: CHECKED 0 0
[   311.96 ] D: CHECKED 1 1
[   311.96 ] D: CHECKED 0 0
[   311.96 ] D: CHECKED 1 1
[   311.98 ] D: CHECKED 0 0
[   311.98 ] D: CHECKED 1 1
[   311.98 ] D: CHECKED 0 0
[   311.98 ] D: CHECKED 1 1
[   311.98 ] D: CHECKED 0 0
[   311.98 ] D: CHECKED 1 1
[   312.00 ] D: CHECKED 0 0
[   312.00 ] D: CHECKED 1 1
[   312.00 ] D: CHECKED 0 0
[   312.00 ] D: CHECKED 1 1
[   312.00 ] D: CHECKED 0 0
[   312.00 ] D: CHECKED 1 1
[   312.01 ] D: CHECKED 0 0
[   312.01 ] D: CHECKED 1 1
[   312.01 ] D: CHECKED 0 0
[   312.01 ] D: CHECKED 1 1
[   312.01 ] D: CHECKED 0 0
[   312.01 ] D: CHECKED 1 1
[   312.03 ] D: CHECKED 0 0
[   312.03 ] D: CHECKED 1 1
[   312.03 ] D: CHECKED 0 0
[   312.03 ] D: CHECKED 1 1
[   312.03 ] D: CHECKED 0 0
[   312.03 ] D: CHECKED 1 1
[   312.05 ] D: CHECKED 0 0
[   312.05 ] D: CHECKED 1 1
[   312.05 ] D: CHECKED 0 0
[   312.05 ] D: CHECKED 1 1
[   312.05 ] D: CHECKED 0 0
[   312.05 ] D: CHECKED 1 1
[   312.07 ] D: CHECKED 0 0
[   312.07 ] D: CHECKED 1 1
[   312.07 ] D: CHECKED 0 0
[   312.07 ] D: CHECKED 1 1
[   312.07 ] D: CHECKED 0 0
[   312.07 ] D: CHECKED 1 1
[   312.08 ] D: CHECKED 0 0
[   312.08 ] D: CHECKED 1 1
[   312.08 ] D: CHECKED 0 0
[   312.08 ] D: CHECKED 1 1
[   312.08 ] D: CHECKED 0 0
[   312.08 ] D: CHECKED 1 1
[   312.10 ] D: CHECKED 0 0
[   312.10 ] D: CHECKED 1 1
[   312.10 ] D: CHECKED 0 0
[   312.10 ] D: CHECKED 1 1
[   312.10 ] D: CHECKED 0 0
[   312.10 ] D: CHECKED 1 1
[   312.12 ] D: CHECKED 0 0
[   312.12 ] D: CHECKED 1 1
[   312.12 ] D: CHECKED 0 0
[   312.12 ] D: CHECKED 1 1
[   312.12 ] D: CHECKED 0 0
[   312.12 ] D: CHECKED 1 1
[   312.13 ] D: CHECKED 0 0
[   312.13 ] D: CHECKED 1 1
[   312.13 ] D: CHECKED 0 0
[   312.13 ] D: CHECKED 1 1
[   312.13 ] D: CHECKED 0 0
[   312.13 ] D: CHECKED 1 1
[   312.15 ] D: CHECKED 0 0
[   312.15 ] D: CHECKED 1 1
[   312.15 ] D: CHECKED 0 0
[   312.15 ] D: CHECKED 1 1
[   312.15 ] D: CHECKED 0 0
[   312.15 ] D: CHECKED 1 1
[   312.17 ] D: CHECKED 0 0
[   312.17 ] D: CHECKED 1 1
[   312.17 ] D: CHECKED 0 0
[   312.17 ] D: CHECKED 1 1
[   312.17 ] D: CHECKED 0 0
[   312.17 ] D: CHECKED 1 1
[   312.19 ] D: CHECKED 0 0
[   312.19 ] D: CHECKED 1 1
[   312.19 ] D: CHECKED 0 0
[   312.19 ] D: CHECKED 1 1
[   312.19 ] D: CHECKED 0 0
[   312.19 ] D: CHECKED 1 1
[   312.20 ] D: CHECKED 0 0
[   312.20 ] D: CHECKED 1 1
[   312.20 ] D: CHECKED 0 0
[   312.20 ] D: CHECKED 1 1
[   312.20 ] D: CHECKED 0 0
[   312.20 ] D: CHECKED 1 1
[   312.22 ] D: CHECKED 0 0
[   312.22 ] D: CHECKED 1 1
[   312.22 ] D: CHECKED 0 0
[   312.22 ] D: CHECKED 1 1
[   312.22 ] D: CHECKED 0 0
[   312.22 ] D: CHECKED 1 1
[   312.24 ] D: CHECKED 0 0
[   312.24 ] D: CHECKED 1 1
[   312.24 ] D: CHECKED 0 0
[   312.24 ] D: CHECKED 1 1
[   312.24 ] D: CHECKED 0 0
[   312.24 ] D: CHECKED 1 1
[   312.26 ] D: CHECKED 0 0
[   312.26 ] D: CHECKED 1 1
[   312.26 ] D: CHECKED 0 0
[   312.26 ] D: CHECKED 1 1
[   312.26 ] D: CHECKED 0 0
[   312.26 ] D: CHECKED 1 1
[   312.27 ] D: CHECKED 0 0
[   312.27 ] D: CHECKED 1 1
[   312.27 ] D: CHECKED 0 0
[   312.27 ] D: CHECKED 1 1
[   312.27 ] D: CHECKED 0 0
[   312.27 ] D: CHECKED 1 1
[   312.29 ] D: CHECKED 0 0
[   312.29 ] D: CHECKED 1 1
[   312.29 ] D: CHECKED 0 0
[   312.29 ] D: CHECKED 1 1
[   312.29 ] D: CHECKED 0 0
[   312.29 ] D: CHECKED 1 1
[   312.31 ] D: CHECKED 0 0
[   312.31 ] D: CHECKED 1 1
[   312.31 ] D: CHECKED 0 0
[   312.31 ] D: CHECKED 1 1
[   312.31 ] D: CHECKED 0 0
[   312.31 ] D: CHECKED 1 1
[   312.33 ] D: CHECKED 0 0
[   312.33 ] D: CHECKED 1 1
[   312.33 ] D: CHECKED 0 0
[   312.33 ] D: CHECKED 1 1
[   312.33 ] D: CHECKED 0 0
[   312.33 ] D: CHECKED 1 1
[   312.34 ] D: CHECKED 0 0
[   312.34 ] D: CHECKED 1 1
[   312.34 ] D: CHECKED 0 0
[   312.34 ] D: CHECKED 1 1
[   312.34 ] D: CHECKED 0 0
[   312.34 ] D: CHECKED 1 1
[   312.36 ] D: CHECKED 0 0
[   312.36 ] D: CHECKED 1 1
[   312.36 ] D: CHECKED 0 0
[   312.36 ] D: CHECKED 1 1
[   312.36 ] D: CHECKED 0 0
[   312.36 ] D: CHECKED 1 1
[   312.38 ] D: CHECKED 0 0
[   312.38 ] D: CHECKED 1 1
[   312.38 ] D: CHECKED 0 0
[   312.38 ] D: CHECKED 1 1
[   312.38 ] D: CHECKED 0 0
[   312.38 ] D: CHECKED 1 1
[   312.40 ] D: CHECKED 0 0
[   312.40 ] D: CHECKED 1 1
[   312.40 ] D: CHECKED 0 0
[   312.40 ] D: CHECKED 1 1
[   312.40 ] D: CHECKED 0 0
[   312.40 ] D: CHECKED 1 1
[   312.41 ] D: CHECKED 0 0
[   312.41 ] D: CHECKED 1 1
[   312.41 ] D: CHECKED 0 0
[   312.41 ] D: CHECKED 1 1
[   312.41 ] D: CHECKED 0 0
[   312.41 ] D: CHECKED 1 1
[   312.43 ] D: CHECKED 0 0
[   312.43 ] D: CHECKED 1 1
[   312.43 ] D: CHECKED 0 0
[   312.43 ] D: CHECKED 1 1
[   312.43 ] D: CHECKED 0 0
[   312.43 ] D: CHECKED 1 1
[   312.45 ] D: CHECKED 0 0
[   312.45 ] D: CHECKED 1 1
[   312.45 ] D: CHECKED 0 0
[   312.45 ] D: CHECKED 1 1
[   312.45 ] D: CHECKED 0 0
[   312.45 ] D: CHECKED 1 1
[   312.47 ] D: CHECKED 0 0
[   312.47 ] D: CHECKED 1 1
[   312.47 ] D: CHECKED 0 0
[   312.47 ] D: CHECKED 1 1
[   312.47 ] D: CHECKED 0 0
[   312.47 ] D: CHECKED 1 1
[   312.48 ] D: CHECKED 0 0
[   312.48 ] D: CHECKED 1 1
[   312.48 ] D: CHECKED 0 0
[   312.48 ] D: CHECKED 1 1
[   312.48 ] D: CHECKED 0 0
[   312.48 ] D: CHECKED 1 1
[   312.50 ] D: CHECKED 0 0
[   312.50 ] D: CHECKED 1 1
[   312.50 ] D: CHECKED 0 0
[   312.50 ] D: CHECKED 1 1
[   312.50 ] D: CHECKED 0 0
[   312.50 ] D: CHECKED 1 1
[   312.52 ] D: CHECKED 0 0
[   312.52 ] D: CHECKED 1 1
[   312.52 ] D: CHECKED 0 0
[   312.52 ] D: CHECKED 1 1
[   312.52 ] D: CHECKED 0 0
[   312.52 ] D: CHECKED 1 1
[   312.54 ] D: CHECKED 0 0
[   312.54 ] D: CHECKED 1 1
[   312.54 ] D: CHECKED 0 0
[   312.54 ] D: CHECKED 1 1
[   312.54 ] D: CHECKED 0 0
[   312.54 ] D: CHECKED 1 1
[   312.55 ] D: CHECKED 0 0
[   312.55 ] D: CHECKED 1 1
[   312.55 ] D: CHECKED 0 0
[   312.55 ] D: CHECKED 1 1
[   312.55 ] D: CHECKED 0 0
[   312.55 ] D: CHECKED 1 1
[   312.57 ] D: CHECKED 0 0
[   312.57 ] D: CHECKED 1 1
[   312.57 ] D: CHECKED 0 0
[   312.57 ] D: CHECKED 1 1
[   312.57 ] D: CHECKED 0 0
[   312.57 ] D: CHECKED 1 1
[   312.59 ] D: CHECKED 0 0
[   312.59 ] D: CHECKED 1 1
[   312.59 ] D: CHECKED 0 0
[   312.59 ] D: CHECKED 1 1
[   312.59 ] D: CHECKED 0 0
[   312.59 ] D: CHECKED 1 1
[   312.60 ] D: CHECKED 0 0
[   312.60 ] D: CHECKED 1 1
[   312.60 ] D: CHECKED 0 0
[   312.60 ] D: CHECKED 1 1
[   312.60 ] D: CHECKED 0 0
[   312.60 ] D: CHECKED 1 1
[   312.62 ] D: CHECKED 0 0
[   312.62 ] D: CHECKED 1 1
[   312.62 ] D: CHECKED 0 0
[   312.62 ] D: CHECKED 1 1
[   312.62 ] D: CHECKED 0 0
[   312.62 ] D: CHECKED 1 1
[   312.64 ] D: CHECKED 0 0
[   312.64 ] D: CHECKED 1 1
[   312.64 ] D: CHECKED 0 0
[   312.64 ] D: CHECKED 1 1
[   312.64 ] D: CHECKED 0 0
[   312.64 ] D: CHECKED 1 1
[   312.66 ] D: CHECKED 0 0
[   312.66 ] D: CHECKED 1 1
[   312.66 ] D: CHECKED 0 0
[   312.66 ] D: CHECKED 1 1
[   312.66 ] D: CHECKED 0 0
[   312.66 ] D: CHECKED 1 1
[   312.67 ] D: CHECKED 0 0
[   312.67 ] D: CHECKED 1 1
[   312.67 ] D: CHECKED 0 0
[   312.67 ] D: CHECKED 1 1
[   312.67 ] D: CHECKED 0 0
[   312.67 ] D: CHECKED 1 1
[   312.69 ] D: CHECKED 0 0
[   312.69 ] D: CHECKED 1 1
[   312.69 ] D: CHECKED 0 0
[   312.69 ] D: CHECKED 1 1
[   312.69 ] D: CHECKED 0 0
[   312.69 ] D: CHECKED 1 1
[   312.71 ] D: CHECKED 0 0
[   312.71 ] D: CHECKED 1 1
[   312.71 ] D: CHECKED 0 0
[   312.71 ] D: CHECKED 1 1
[   312.71 ] D: CHECKED 0 0
[   312.71 ] D: CHECKED 1 1
[   312.73 ] D: CHECKED 0 0
[   312.73 ] D: CHECKED 1 1
[   312.73 ] D: CHECKED 0 0
[   312.73 ] D: CHECKED 1 1
[   312.73 ] D: CHECKED 0 0
[   312.73 ] D: CHECKED 1 1
[   312.74 ] D: CHECKED 0 0
[   312.74 ] D: CHECKED 1 1
[   312.74 ] D: CHECKED 0 0
[   312.74 ] D: CHECKED 1 1
[   312.74 ] D: CHECKED 0 0
[   312.74 ] D: CHECKED 1 1
[   312.76 ] D: CHECKED 0 0
[   312.76 ] D: CHECKED 1 1
[   312.76 ] D: CHECKED 0 0
[   312.76 ] D: CHECKED 1 1
[   312.76 ] D: CHECKED 0 0
[   312.76 ] D: CHECKED 1 1
[   312.78 ] D: CHECKED 0 0
[   312.78 ] D: CHECKED 1 1
[   312.78 ] D: CHECKED 0 0
[   312.78 ] D: CHECKED 1 1
[   312.78 ] D: CHECKED 0 0
[   312.78 ] D: CHECKED 1 1
[   312.80 ] D: CHECKED 0 0
[   312.80 ] D: CHECKED 1 1
[   312.80 ] D: CHECKED 0 0
[   312.80 ] D: CHECKED 1 1
[   312.80 ] D: CHECKED 0 0
[   312.80 ] D: CHECKED 1 1
[   312.81 ] D: CHECKED 0 0
[   312.81 ] D: CHECKED 1 1
[   312.81 ] D: CHECKED 0 0
[   312.81 ] D: CHECKED 1 1
[   312.81 ] D: CHECKED 0 0
[   312.81 ] D: CHECKED 1 1
[   312.83 ] D: CHECKED 0 0
[   312.83 ] D: CHECKED 1 1
[   312.83 ] D: CHECKED 0 0
[   312.83 ] D: CHECKED 1 1
[   312.83 ] D: CHECKED 0 0
[   312.83 ] D: CHECKED 1 1
[   312.85 ] D: CHECKED 0 0
[   312.85 ] D: CHECKED 1 1
[   312.85 ] D: CHECKED 0 0
[   312.85 ] D: CHECKED 1 1
[   312.85 ] D: CHECKED 0 0
[   312.85 ] D: CHECKED 1 1
[   312.87 ] D: CHECKED 0 0
[   312.87 ] D: CHECKED 1 1
[   312.87 ] D: CHECKED 0 0
[   312.87 ] D: CHECKED 1 1
[   312.87 ] D: CHECKED 0 0
[   312.87 ] D: CHECKED 1 1
[   314.06 ] D: CHANGED 1 false
[   314.36 ] D: CHANGED 0 false
[   314.89 ] D: CHANGED 2 true
[   315.15 ] D: CHANGED 3 true
[   316.20 ] D: findTrackIndexByPoint 0 QRect(0,0 1957x111) true QPointF(168,78)
[   316.25 ] D: mouseReleaseEvent
[   316.60 ] D: _requestForLoading false false
[   316.60 ] D: _requestForLoading2
[   316.60 ] D: _numberOfSampleBuffer 1
[   316.60 ] D: START TO load 0
[   316.60 ] D: sltPositionChanged 396900 true
[   316.60 ] D: START TO load 1
[   316.60 ] D: START TO load 2
[   316.60 ] D: START TO load 3
[   316.60 ] D: frame_offset 0 0 10
[   316.61 ] D: frame_offset 0 1 10
[   316.61 ] D: frame_offset 0 2 10
[   316.61 ] D: frame_offset 0 3 10
[   316.61 ] D: frame_offset 0 4 10
[   316.61 ] D: sltFirstBufferFilled ("{51ee4249-908e-4e6e-aac4-ae4c748dbb41}") "{51ee4249-908e-4e6e-aac4-ae4c748dbb41}" true
[   316.61 ] D: _requestForLoading true false
[   319.62 ] D: CHECKED 2 0
[   319.62 ] D: CHECKED 3 1
[   319.62 ] D: CHECKED 2 0
[   319.62 ] D: CHECKED 3 1
[   319.62 ] D: CHECKED 2 0
[   319.62 ] D: CHECKED 3 1
[   319.64 ] D: CHECKED 2 0
[   319.64 ] D: CHECKED 3 1
[   319.64 ] D: CHECKED 2 0
[   319.64 ] D: CHECKED 3 1
[   319.64 ] D: CHECKED 2 0
[   319.64 ] D: CHECKED 3 1
[   319.66 ] D: CHECKED 2 0
[   319.66 ] D: CHECKED 3 1
[   319.66 ] D: CHECKED 2 0
[   319.66 ] D: CHECKED 3 1
[   319.66 ] D: CHECKED 2 0
[   319.66 ] D: CHECKED 3 1
[   319.68 ] D: CHECKED 2 0
[   319.68 ] D: CHECKED 3 1
[   319.68 ] D: CHECKED 2 0
[   319.68 ] D: CHECKED 3 1
[   319.68 ] D: CHECKED 2 0
[   319.68 ] D: CHECKED 3 1
[   319.69 ] D: CHECKED 2 0
[   319.69 ] D: CHECKED 3 1
[   319.69 ] D: CHECKED 2 0
[   319.69 ] D: CHECKED 3 1
[   319.69 ] D: CHECKED 2 0
[   319.69 ] D: CHECKED 3 1
[   319.71 ] D: CHECKED 2 0
[   319.71 ] D: CHECKED 3 1
[   319.71 ] D: CHECKED 2 0
[   319.71 ] D: CHECKED 3 1
[   319.71 ] D: CHECKED 2 0
[   319.71 ] D: CHECKED 3 1
[   319.73 ] D: CHECKED 2 0
[   319.73 ] D: CHECKED 3 1
[   319.73 ] D: CHECKED 2 0
[   319.73 ] D: CHECKED 3 1
[   319.73 ] D: CHECKED 2 0
[   319.73 ] D: CHECKED 3 1
[   319.75 ] D: CHECKED 2 0
[   319.75 ] D: CHECKED 3 1
[   319.75 ] D: CHECKED 2 0
[   319.75 ] D: CHECKED 3 1
[   319.75 ] D: CHECKED 2 0
[   319.75 ] D: CHECKED 3 1
[   319.76 ] D: CHECKED 2 0
[   319.76 ] D: CHECKED 3 1
[   319.76 ] D: CHECKED 2 0
[   319.76 ] D: CHECKED 3 1
[   319.76 ] D: CHECKED 2 0
[   319.76 ] D: CHECKED 3 1
[   319.78 ] D: CHECKED 2 0
[   319.78 ] D: CHECKED 3 1
[   319.78 ] D: CHECKED 2 0
[   319.78 ] D: CHECKED 3 1
[   319.78 ] D: CHECKED 2 0
[   319.78 ] D: CHECKED 3 1
[   319.80 ] D: CHECKED 2 0
[   319.80 ] D: CHECKED 3 1
[   319.80 ] D: CHECKED 2 0
[   319.80 ] D: CHECKED 3 1
[   319.80 ] D: CHECKED 2 0
[   319.80 ] D: CHECKED 3 1
[   319.81 ] D: CHECKED 2 0
[   319.81 ] D: CHECKED 3 1
[   319.81 ] D: CHECKED 2 0
[   319.81 ] D: CHECKED 3 1
[   319.81 ] D: CHECKED 2 0
[   319.81 ] D: CHECKED 3 1
[   319.83 ] D: CHECKED 2 0
[   319.83 ] D: CHECKED 3 1
[   319.83 ] D: CHECKED 2 0
[   319.83 ] D: CHECKED 3 1
[   319.83 ] D: CHECKED 2 0
[   319.83 ] D: CHECKED 3 1
[   319.85 ] D: CHECKED 2 0
[   319.85 ] D: CHECKED 3 1
[   319.85 ] D: CHECKED 2 0
[   319.85 ] D: CHECKED 3 1
[   319.85 ] D: CHECKED 2 0
[   319.85 ] D: CHECKED 3 1
[   319.87 ] D: CHECKED 2 0
[   319.87 ] D: CHECKED 3 1
[   319.87 ] D: CHECKED 2 0
[   319.87 ] D: CHECKED 3 1
[   319.87 ] D: CHECKED 2 0
[   319.87 ] D: CHECKED 3 1
[   319.88 ] D: CHECKED 2 0
[   319.88 ] D: CHECKED 3 1
[   319.88 ] D: CHECKED 2 0
[   319.88 ] D: CHECKED 3 1
[   319.88 ] D: CHECKED 2 0
[   319.88 ] D: CHECKED 3 1
[   319.90 ] D: CHECKED 2 0
[   319.90 ] D: CHECKED 3 1
[   319.90 ] D: CHECKED 2 0
[   319.90 ] D: CHECKED 3 1
[   319.90 ] D: CHECKED 2 0
[   319.90 ] D: CHECKED 3 1
[   319.92 ] D: CHECKED 2 0
[   319.92 ] D: CHECKED 3 1
[   319.92 ] D: CHECKED 2 0
[   319.92 ] D: CHECKED 3 1
[   319.92 ] D: CHECKED 2 0
[   319.92 ] D: CHECKED 3 1
[   319.94 ] D: CHECKED 2 0
[   319.94 ] D: CHECKED 3 1
[   319.94 ] D: CHECKED 2 0
[   319.94 ] D: CHECKED 3 1
[   319.94 ] D: CHECKED 2 0
[   319.94 ] D: CHECKED 3 1
[   319.95 ] D: CHECKED 2 0
[   319.95 ] D: CHECKED 3 1
[   319.95 ] D: CHECKED 2 0
[   319.95 ] D: CHECKED 3 1
[   319.95 ] D: CHECKED 2 0
[   319.95 ] D: CHECKED 3 1
[   319.97 ] D: CHECKED 2 0
[   319.97 ] D: CHECKED 3 1
[   319.97 ] D: CHECKED 2 0
[   319.97 ] D: CHECKED 3 1
[   319.97 ] D: CHECKED 2 0
[   319.97 ] D: CHECKED 3 1
[   319.99 ] D: CHECKED 2 0
[   319.99 ] D: CHECKED 3 1
[   319.99 ] D: CHECKED 2 0
[   319.99 ] D: CHECKED 3 1
[   319.99 ] D: CHECKED 2 0
[   319.99 ] D: CHECKED 3 1
[   320.01 ] D: CHECKED 2 0
[   320.01 ] D: CHECKED 3 1
[   320.01 ] D: CHECKED 2 0
[   320.01 ] D: CHECKED 3 1
[   320.01 ] D: CHECKED 2 0
[   320.01 ] D: CHECKED 3 1
[   320.02 ] D: CHECKED 2 0
[   320.02 ] D: CHECKED 3 1
[   320.02 ] D: CHECKED 2 0
[   320.02 ] D: CHECKED 3 1
[   320.02 ] D: CHECKED 2 0
[   320.02 ] D: CHECKED 3 1
[   320.04 ] D: CHECKED 2 0
[   320.04 ] D: CHECKED 3 1
[   320.04 ] D: CHECKED 2 0
[   320.04 ] D: CHECKED 3 1
[   320.04 ] D: CHECKED 2 0
[   320.04 ] D: CHECKED 3 1
[   320.06 ] D: CHECKED 2 0
[   320.06 ] D: CHECKED 3 1
[   320.06 ] D: CHECKED 2 0
[   320.06 ] D: CHECKED 3 1
[   320.06 ] D: CHECKED 2 0
[   320.06 ] D: CHECKED 3 1
[   320.08 ] D: CHECKED 2 0
[   320.08 ] D: CHECKED 3 1
[   320.08 ] D: CHECKED 2 0
[   320.08 ] D: CHECKED 3 1
[   320.08 ] D: CHECKED 2 0
[   320.08 ] D: CHECKED 3 1
[   320.09 ] D: CHECKED 2 0
[   320.09 ] D: CHECKED 3 1
[   320.09 ] D: CHECKED 2 0
[   320.09 ] D: CHECKED 3 1
[   320.09 ] D: CHECKED 2 0
[   320.09 ] D: CHECKED 3 1
[   320.11 ] D: CHECKED 2 0
[   320.11 ] D: CHECKED 3 1
[   320.11 ] D: CHECKED 2 0
[   320.11 ] D: CHECKED 3 1
[   320.11 ] D: CHECKED 2 0
[   320.11 ] D: CHECKED 3 1
[   320.13 ] D: CHECKED 2 0
[   320.13 ] D: CHECKED 3 1
[   320.13 ] D: CHECKED 2 0
[   320.13 ] D: CHECKED 3 1
[   320.13 ] D: CHECKED 2 0
[   320.13 ] D: CHECKED 3 1
[   320.15 ] D: CHECKED 2 0
[   320.15 ] D: CHECKED 3 1
[   320.15 ] D: CHECKED 2 0
[   320.15 ] D: CHECKED 3 1
[   320.15 ] D: CHECKED 2 0
[   320.15 ] D: CHECKED 3 1
[   320.16 ] D: CHECKED 2 0
[   320.16 ] D: CHECKED 3 1
[   320.16 ] D: CHECKED 2 0
[   320.16 ] D: CHECKED 3 1
[   320.16 ] D: CHECKED 2 0
[   320.16 ] D: CHECKED 3 1
[   320.18 ] D: CHECKED 2 0
[   320.18 ] D: CHECKED 3 1
[   320.18 ] D: CHECKED 2 0
[   320.18 ] D: CHECKED 3 1
[   320.18 ] D: CHECKED 2 0
[   320.18 ] D: CHECKED 3 1
[   320.20 ] D: CHECKED 2 0
[   320.20 ] D: CHECKED 3 1
[   320.20 ] D: CHECKED 2 0
[   320.20 ] D: CHECKED 3 1
[   320.20 ] D: CHECKED 2 0
[   320.20 ] D: CHECKED 3 1
[   320.22 ] D: CHECKED 2 0
[   320.22 ] D: CHECKED 3 1
[   320.22 ] D: CHECKED 2 0
[   320.22 ] D: CHECKED 3 1
[   320.22 ] D: CHECKED 2 0
[   320.22 ] D: CHECKED 3 1
[   320.23 ] D: CHECKED 2 0
[   320.23 ] D: CHECKED 3 1
[   320.23 ] D: CHECKED 2 0
[   320.23 ] D: CHECKED 3 1
[   320.23 ] D: CHECKED 2 0
[   320.23 ] D: CHECKED 3 1
[   320.25 ] D: CHECKED 2 0
[   320.25 ] D: CHECKED 3 1
[   320.25 ] D: CHECKED 2 0
[   320.25 ] D: CHECKED 3 1
[   320.25 ] D: CHECKED 2 0
[   320.25 ] D: CHECKED 3 1
[   320.27 ] D: CHECKED 2 0
[   320.27 ] D: CHECKED 3 1
[   320.27 ] D: CHECKED 2 0
[   320.27 ] D: CHECKED 3 1
[   320.27 ] D: CHECKED 2 0
[   320.27 ] D: CHECKED 3 1
[   320.28 ] D: CHECKED 2 0
[   320.28 ] D: CHECKED 3 1
[   320.28 ] D: CHECKED 2 0
[   320.28 ] D: CHECKED 3 1
[   320.28 ] D: CHECKED 2 0
[   320.28 ] D: CHECKED 3 1
[   320.30 ] D: CHECKED 2 0
[   320.30 ] D: CHECKED 3 1
[   320.30 ] D: CHECKED 2 0
[   320.30 ] D: CHECKED 3 1
[   320.30 ] D: CHECKED 2 0
[   320.30 ] D: CHECKED 3 1
[   320.32 ] D: CHECKED 2 0
[   320.32 ] D: CHECKED 3 1
[   320.32 ] D: CHECKED 2 0
[   320.32 ] D: CHECKED 3 1
[   320.32 ] D: CHECKED 2 0
[   320.32 ] D: CHECKED 3 1
[   320.34 ] D: CHECKED 2 0
[   320.34 ] D: CHECKED 3 1
[   320.34 ] D: CHECKED 2 0
[   320.34 ] D: CHECKED 3 1
[   320.34 ] D: CHECKED 2 0
[   320.34 ] D: CHECKED 3 1
[   320.35 ] D: CHECKED 2 0
[   320.35 ] D: CHECKED 3 1
[   320.35 ] D: CHECKED 2 0
[   320.35 ] D: CHECKED 3 1
[   320.35 ] D: CHECKED 2 0
[   320.35 ] D: CHECKED 3 1
[   320.37 ] D: CHECKED 2 0
[   320.37 ] D: CHECKED 3 1
[   320.37 ] D: CHECKED 2 0
[   320.37 ] D: CHECKED 3 1
[   320.37 ] D: CHECKED 2 0
[   320.37 ] D: CHECKED 3 1
[   320.39 ] D: CHECKED 2 0
[   320.39 ] D: CHECKED 3 1
[   320.39 ] D: CHECKED 2 0
[   320.39 ] D: CHECKED 3 1
[   320.39 ] D: CHECKED 2 0
[   320.39 ] D: CHECKED 3 1
[   320.41 ] D: CHECKED 2 0
[   320.41 ] D: CHECKED 3 1
[   320.41 ] D: CHECKED 2 0
[   320.41 ] D: CHECKED 3 1
[   320.41 ] D: CHECKED 2 0
[   320.41 ] D: CHECKED 3 1
[   320.42 ] D: CHECKED 2 0
[   320.42 ] D: CHECKED 3 1
[   320.42 ] D: CHECKED 2 0
[   320.42 ] D: CHECKED 3 1
[   320.42 ] D: CHECKED 2 0
[   320.42 ] D: CHECKED 3 1
[   320.44 ] D: CHECKED 2 0
[   320.44 ] D: CHECKED 3 1
[   320.44 ] D: CHECKED 2 0
[   320.44 ] D: CHECKED 3 1
[   320.44 ] D: CHECKED 2 0
[   320.44 ] D: CHECKED 3 1
[   320.46 ] D: CHECKED 2 0
[   320.46 ] D: CHECKED 3 1
[   320.46 ] D: CHECKED 2 0
[   320.46 ] D: CHECKED 3 1
[   320.46 ] D: CHECKED 2 0
[   320.46 ] D: CHECKED 3 1
[   320.48 ] D: CHECKED 2 0
[   320.48 ] D: CHECKED 3 1
[   320.48 ] D: CHECKED 2 0
[   320.48 ] D: CHECKED 3 1
[   320.48 ] D: CHECKED 2 0
[   320.48 ] D: CHECKED 3 1
[   320.49 ] D: CHECKED 2 0
[   320.49 ] D: CHECKED 3 1
[   320.49 ] D: CHECKED 2 0
[   320.49 ] D: CHECKED 3 1
[   320.49 ] D: CHECKED 2 0
[   320.49 ] D: CHECKED 3 1
[   320.51 ] D: CHECKED 2 0
[   320.51 ] D: CHECKED 3 1
[   320.51 ] D: CHECKED 2 0
[   320.51 ] D: CHECKED 3 1
[   320.51 ] D: CHECKED 2 0
[   320.51 ] D: CHECKED 3 1
[   320.53 ] D: CHECKED 2 0
[   320.53 ] D: CHECKED 3 1
[   320.53 ] D: CHECKED 2 0
[   320.53 ] D: CHECKED 3 1
[   320.53 ] D: CHECKED 2 0
[   320.53 ] D: CHECKED 3 1
[   320.55 ] D: CHECKED 2 0
[   320.55 ] D: CHECKED 3 1
[   320.55 ] D: CHECKED 2 0
[   320.55 ] D: CHECKED 3 1
[   320.55 ] D: CHECKED 2 0
[   320.55 ] D: CHECKED 3 1
[   320.56 ] D: CHECKED 2 0
[   320.56 ] D: CHECKED 3 1
[   320.56 ] D: CHECKED 2 0
[   320.56 ] D: CHECKED 3 1
[   320.56 ] D: CHECKED 2 0
[   320.56 ] D: CHECKED 3 1
[   320.58 ] D: CHECKED 2 0
[   320.58 ] D: CHECKED 3 1
[   320.58 ] D: CHECKED 2 0
[   320.58 ] D: CHECKED 3 1
[   320.58 ] D: CHECKED 2 0
[   320.58 ] D: CHECKED 3 1
[   320.60 ] D: CHECKED 2 0
[   320.60 ] D: CHECKED 3 1
[   320.60 ] D: CHECKED 2 0
[   320.60 ] D: CHECKED 3 1
[   320.60 ] D: CHECKED 2 0
[   320.60 ] D: CHECKED 3 1
[   320.62 ] D: CHECKED 2 0
[   320.62 ] D: CHECKED 3 1
[   320.62 ] D: CHECKED 2 0
[   320.62 ] D: CHECKED 3 1
[   320.62 ] D: CHECKED 2 0
[   320.62 ] D: CHECKED 3 1
[   320.63 ] D: CHECKED 2 0
[   320.63 ] D: CHECKED 3 1
[   320.63 ] D: CHECKED 2 0
[   320.63 ] D: CHECKED 3 1
[   320.63 ] D: CHECKED 2 0
[   320.63 ] D: CHECKED 3 1
[   320.65 ] D: CHECKED 2 0
[   320.65 ] D: CHECKED 3 1
[   320.65 ] D: CHECKED 2 0
[   320.65 ] D: CHECKED 3 1
[   320.65 ] D: CHECKED 2 0
[   320.65 ] D: CHECKED 3 1
[   320.67 ] D: CHECKED 2 0
[   320.67 ] D: CHECKED 3 1
[   320.67 ] D: CHECKED 2 0
[   320.67 ] D: CHECKED 3 1
[   320.67 ] D: CHECKED 2 0
[   320.67 ] D: CHECKED 3 1
[   320.69 ] D: CHECKED 2 0
[   320.69 ] D: CHECKED 3 1
[   320.69 ] D: CHECKED 2 0
[   320.69 ] D: CHECKED 3 1
[   320.69 ] D: CHECKED 2 0
[   320.69 ] D: CHECKED 3 1
[   320.70 ] D: CHECKED 2 0
[   320.70 ] D: CHECKED 3 1
[   320.70 ] D: CHECKED 2 0
[   320.70 ] D: CHECKED 3 1
[   320.70 ] D: CHECKED 2 0
[   320.70 ] D: CHECKED 3 1
[   320.72 ] D: CHECKED 2 0
[   320.72 ] D: CHECKED 3 1
[   320.72 ] D: CHECKED 2 0
[   320.72 ] D: CHECKED 3 1
[   320.72 ] D: CHECKED 2 0
[   320.72 ] D: CHECKED 3 1
[   320.74 ] D: CHECKED 2 0
[   320.74 ] D: CHECKED 3 1
[   320.74 ] D: CHECKED 2 0
[   320.74 ] D: CHECKED 3 1
[   320.74 ] D: CHECKED 2 0
[   320.74 ] D: CHECKED 3 1
[   320.76 ] D: CHECKED 2 0
[   320.76 ] D: CHECKED 3 1
[   320.76 ] D: CHECKED 2 0
[   320.76 ] D: CHECKED 3 1
[   320.76 ] D: CHECKED 2 0
[   320.76 ] D: CHECKED 3 1
[   320.77 ] D: CHECKED 2 0
[   320.77 ] D: CHECKED 3 1
[   320.77 ] D: CHECKED 2 0
[   320.77 ] D: CHECKED 3 1
[   320.77 ] D: CHECKED 2 0
[   320.77 ] D: CHECKED 3 1
[   320.79 ] D: CHECKED 2 0
[   320.79 ] D: CHECKED 3 1
[   320.79 ] D: CHECKED 2 0
[   320.79 ] D: CHECKED 3 1
[   320.79 ] D: CHECKED 2 0
[   320.79 ] D: CHECKED 3 1
[   320.81 ] D: CHECKED 2 0
[   320.81 ] D: CHECKED 3 1
[   320.81 ] D: CHECKED 2 0
[   320.81 ] D: CHECKED 3 1
[   320.81 ] D: CHECKED 2 0
[   320.81 ] D: CHECKED 3 1
[   320.82 ] D: CHECKED 2 0
[   320.82 ] D: CHECKED 3 1
[   320.82 ] D: CHECKED 2 0
[   320.82 ] D: CHECKED 3 1
[   320.82 ] D: CHECKED 2 0
[   320.82 ] D: CHECKED 3 1
[   320.84 ] D: CHECKED 2 0
[   320.84 ] D: CHECKED 3 1
[   320.84 ] D: CHECKED 2 0
[   320.84 ] D: CHECKED 3 1
[   320.84 ] D: CHECKED 2 0
[   320.84 ] D: CHECKED 3 1
[   320.86 ] D: CHECKED 2 0
[   320.86 ] D: CHECKED 3 1
[   320.86 ] D: CHECKED 2 0
[   320.86 ] D: CHECKED 3 1
[   320.86 ] D: CHECKED 2 0
[   320.86 ] D: CHECKED 3 1
[   320.88 ] D: CHECKED 2 0
[   320.88 ] D: CHECKED 3 1
[   320.88 ] D: CHECKED 2 0
[   320.88 ] D: CHECKED 3 1
[   320.88 ] D: CHECKED 2 0
[   320.88 ] D: CHECKED 3 1
[   320.89 ] D: CHECKED 2 0
[   320.89 ] D: CHECKED 3 1
[   320.89 ] D: CHECKED 2 0
[   320.89 ] D: CHECKED 3 1
[   320.89 ] D: CHECKED 2 0
[   320.89 ] D: CHECKED 3 1
[   320.91 ] D: CHECKED 2 0
[   320.91 ] D: CHECKED 3 1
[   320.91 ] D: CHECKED 2 0
[   320.91 ] D: CHECKED 3 1
[   320.91 ] D: CHECKED 2 0
[   320.91 ] D: CHECKED 3 1
[   320.93 ] D: CHECKED 2 0
[   320.93 ] D: CHECKED 3 1
[   320.93 ] D: CHECKED 2 0
[   320.93 ] D: CHECKED 3 1
[   320.93 ] D: CHECKED 2 0
[   320.93 ] D: CHECKED 3 1
[   320.95 ] D: CHECKED 2 0
[   320.95 ] D: CHECKED 3 1
[   320.95 ] D: CHECKED 2 0
[   320.95 ] D: CHECKED 3 1
[   320.95 ] D: CHECKED 2 0
[   320.95 ] D: CHECKED 3 1
[   320.96 ] D: CHECKED 2 0
[   320.96 ] D: CHECKED 3 1
[   320.96 ] D: CHECKED 2 0
[   320.96 ] D: CHECKED 3 1
[   320.96 ] D: CHECKED 2 0
[   320.96 ] D: CHECKED 3 1
[   320.98 ] D: CHECKED 2 0
[   320.98 ] D: CHECKED 3 1
[   320.98 ] D: CHECKED 2 0
[   320.98 ] D: CHECKED 3 1
[   320.98 ] D: CHECKED 2 0
[   320.98 ] D: CHECKED 3 1
[   321.00 ] D: CHECKED 2 0
[   321.00 ] D: CHECKED 3 1
[   321.00 ] D: CHECKED 2 0
[   321.00 ] D: CHECKED 3 1
[   321.00 ] D: CHECKED 2 0
[   321.00 ] D: CHECKED 3 1
[   321.02 ] D: CHECKED 2 0
[   321.02 ] D: CHECKED 3 1
[   321.02 ] D: CHECKED 2 0
[   321.02 ] D: CHECKED 3 1
[   321.02 ] D: CHECKED 2 0
[   321.02 ] D: CHECKED 3 1
[   321.03 ] D: CHECKED 2 0
[   321.03 ] D: CHECKED 3 1
[   321.03 ] D: CHECKED 2 0
[   321.03 ] D: CHECKED 3 1
[   321.03 ] D: CHECKED 2 0
[   321.03 ] D: CHECKED 3 1
[   321.05 ] D: CHECKED 2 0
[   321.05 ] D: CHECKED 3 1
[   321.05 ] D: CHECKED 2 0
[   321.05 ] D: CHECKED 3 1
[   321.05 ] D: CHECKED 2 0
[   321.05 ] D: CHECKED 3 1
[   321.07 ] D: CHECKED 2 0
[   321.07 ] D: CHECKED 3 1
[   321.07 ] D: CHECKED 2 0
[   321.07 ] D: CHECKED 3 1
[   321.07 ] D: CHECKED 2 0
[   321.07 ] D: CHECKED 3 1
[   321.09 ] D: CHECKED 2 0
[   321.09 ] D: CHECKED 3 1
[   321.09 ] D: CHECKED 2 0
[   321.09 ] D: CHECKED 3 1
[   321.09 ] D: CHECKED 2 0
[   321.09 ] D: CHECKED 3 1
[   321.10 ] D: CHECKED 2 0
[   321.10 ] D: CHECKED 3 1
[   321.10 ] D: AsyncFileReader 0 5
[   321.10 ] D: CHECKED 2 0
[   321.10 ] D: CHECKED 3 1
[   321.10 ] D: CHECKED 2 0
[   321.10 ] D: CHECKED 3 1
[   321.12 ] D: CHECKED 2 0
[   321.12 ] D: CHECKED 3 1
[   321.12 ] D: CHECKED 2 0
[   321.12 ] D: CHECKED 3 1
[   321.12 ] D: CHECKED 2 0
[   321.12 ] D: CHECKED 3 1
[   321.14 ] D: CHECKED 2 0
[   321.14 ] D: CHECKED 3 1
[   321.14 ] D: CHECKED 2 0
[   321.14 ] D: CHECKED 3 1
[   321.14 ] D: CHECKED 2 0
[   321.14 ] D: CHECKED 3 1
[   321.16 ] D: CHECKED 2 0
[   321.16 ] D: CHECKED 3 1
[   321.16 ] D: CHECKED 2 0
[   321.16 ] D: CHECKED 3 1
[   321.16 ] D: CHECKED 2 0
[   321.16 ] D: CHECKED 3 1
[   321.17 ] D: CHECKED 2 0
[   321.17 ] D: CHECKED 3 1
[   321.17 ] D: CHECKED 2 0
[   321.17 ] D: CHECKED 3 1
[   321.17 ] D: CHECKED 2 0
[   321.17 ] D: CHECKED 3 1
[   321.19 ] D: CHECKED 2 0
[   321.19 ] D: CHECKED 3 1
[   321.19 ] D: CHECKED 2 0
[   321.19 ] D: CHECKED 3 1
[   321.19 ] D: CHECKED 2 0
[   321.19 ] D: CHECKED 3 1
[   321.21 ] D: CHECKED 2 0
[   321.21 ] D: CHECKED 3 1
[   321.21 ] D: CHECKED 2 0
[   321.21 ] D: CHECKED 3 1
[   321.21 ] D: CHECKED 2 0
[   321.21 ] D: CHECKED 3 1
[   321.23 ] D: CHECKED 2 0
[   321.23 ] D: CHECKED 3 1
[   321.23 ] D: CHECKED 2 0
[   321.23 ] D: CHECKED 3 1
[   321.23 ] D: CHECKED 2 0
[   321.23 ] D: CHECKED 3 1
[   321.24 ] D: CHECKED 2 0
[   321.24 ] D: CHECKED 3 1
[   321.24 ] D: CHECKED 2 0
[   321.24 ] D: CHECKED 3 1
[   321.24 ] D: CHECKED 2 0
[   321.24 ] D: CHECKED 3 1
[   321.26 ] D: CHECKED 2 0
[   321.26 ] D: CHECKED 3 1
[   321.26 ] D: CHECKED 2 0
[   321.26 ] D: CHECKED 3 1
[   321.26 ] D: CHECKED 2 0
[   321.26 ] D: CHECKED 3 1
[   321.28 ] D: CHECKED 2 0
[   321.28 ] D: CHECKED 3 1
[   321.28 ] D: CHECKED 2 0
[   321.28 ] D: CHECKED 3 1
[   321.28 ] D: CHECKED 2 0
[   321.28 ] D: CHECKED 3 1
[   321.29 ] D: CHECKED 2 0
[   321.29 ] D: CHECKED 3 1
[   321.29 ] D: CHECKED 2 0
[   321.29 ] D: CHECKED 3 1
[   321.29 ] D: CHECKED 2 0
[   321.29 ] D: CHECKED 3 1
[   321.31 ] D: CHECKED 2 0
[   321.31 ] D: CHECKED 3 1
[   321.31 ] D: CHECKED 2 0
[   321.31 ] D: CHECKED 3 1
[   321.31 ] D: CHECKED 2 0
[   321.31 ] D: CHECKED 3 1
[   321.33 ] D: CHECKED 2 0
[   321.33 ] D: CHECKED 3 1
[   321.33 ] D: CHECKED 2 0
[   321.33 ] D: CHECKED 3 1
[   321.33 ] D: CHECKED 2 0
[   321.33 ] D: CHECKED 3 1
[   321.35 ] D: CHECKED 2 0
[   321.35 ] D: CHECKED 3 1
[   321.35 ] D: CHECKED 2 0
[   321.35 ] D: CHECKED 3 1
[   321.35 ] D: CHECKED 2 0
[   321.35 ] D: CHECKED 3 1
[   321.36 ] D: CHECKED 2 0
[   321.36 ] D: CHECKED 3 1
[   321.36 ] D: CHECKED 2 0
[   321.36 ] D: CHECKED 3 1
[   321.36 ] D: CHECKED 2 0
[   321.36 ] D: CHECKED 3 1
[   321.38 ] D: CHECKED 2 0
[   321.38 ] D: CHECKED 3 1
[   321.38 ] D: CHECKED 2 0
[   321.38 ] D: CHECKED 3 1
[   321.38 ] D: CHECKED 2 0
[   321.38 ] D: CHECKED 3 1
[   321.40 ] D: CHECKED 2 0
[   321.40 ] D: CHECKED 3 1
[   321.40 ] D: CHECKED 2 0
[   321.40 ] D: CHECKED 3 1
[   321.40 ] D: CHECKED 2 0
[   321.40 ] D: CHECKED 3 1
[   321.42 ] D: CHECKED 2 0
[   321.42 ] D: CHECKED 3 1
[   321.42 ] D: CHECKED 2 0
[   321.42 ] D: CHECKED 3 1
[   321.42 ] D: CHECKED 2 0
[   321.42 ] D: CHECKED 3 1
[   321.43 ] D: CHECKED 2 0
[   321.43 ] D: CHECKED 3 1
[   321.43 ] D: CHECKED 2 0
[   321.43 ] D: CHECKED 3 1
[   321.43 ] D: CHECKED 2 0
[   321.43 ] D: CHECKED 3 1
[   321.45 ] D: CHECKED 2 0
[   321.45 ] D: CHECKED 3 1
[   321.45 ] D: CHECKED 2 0
[   321.45 ] D: CHECKED 3 1
[   321.45 ] D: CHECKED 2 0
[   321.45 ] D: CHECKED 3 1
[   321.47 ] D: CHECKED 2 0
[   321.47 ] D: CHECKED 3 1
[   321.47 ] D: CHECKED 2 0
[   321.47 ] D: CHECKED 3 1
[   321.47 ] D: CHECKED 2 0
[   321.47 ] D: CHECKED 3 1
[   321.49 ] D: CHECKED 2 0
[   321.49 ] D: CHECKED 3 1
[   321.49 ] D: CHECKED 2 0
[   321.49 ] D: CHECKED 3 1
[   321.49 ] D: CHECKED 2 0
[   321.49 ] D: CHECKED 3 1
[   321.50 ] D: CHECKED 2 0
[   321.50 ] D: CHECKED 3 1
[   321.50 ] D: CHECKED 2 0
[   321.50 ] D: CHECKED 3 1
[   321.50 ] D: CHECKED 2 0
[   321.50 ] D: CHECKED 3 1
[   321.52 ] D: CHECKED 2 0
[   321.52 ] D: CHECKED 3 1
[   321.52 ] D: CHECKED 2 0
[   321.52 ] D: CHECKED 3 1
[   321.52 ] D: CHECKED 2 0
[   321.52 ] D: CHECKED 3 1
[   321.54 ] D: CHECKED 2 0
[   321.54 ] D: CHECKED 3 1
[   321.54 ] D: CHECKED 2 0
[   321.54 ] D: CHECKED 3 1
[   321.54 ] D: CHECKED 2 0
[   321.54 ] D: CHECKED 3 1
[   321.56 ] D: CHECKED 2 0
[   321.56 ] D: CHECKED 3 1
[   321.56 ] D: CHECKED 2 0
[   321.56 ] D: CHECKED 3 1
[   321.56 ] D: CHECKED 2 0
[   321.56 ] D: CHECKED 3 1
[   321.57 ] D: CHECKED 2 0
[   321.57 ] D: CHECKED 3 1
[   321.57 ] D: CHECKED 2 0
[   321.57 ] D: CHECKED 3 1
[   321.57 ] D: CHECKED 2 0
[   321.57 ] D: CHECKED 3 1
[   321.59 ] D: CHECKED 2 0
[   321.59 ] D: CHECKED 3 1
[   321.59 ] D: CHECKED 2 0
[   321.59 ] D: CHECKED 3 1
[   321.59 ] D: CHECKED 2 0
[   321.59 ] D: CHECKED 3 1
[   321.61 ] D: CHECKED 2 0
[   321.61 ] D: CHECKED 3 1
[   321.61 ] D: CHECKED 2 0
[   321.61 ] D: CHECKED 3 1
[   321.61 ] D: CHECKED 2 0
[   321.61 ] D: CHECKED 3 1
[   321.63 ] D: CHECKED 2 0
[   321.63 ] D: CHECKED 3 1
[   321.63 ] D: CHECKED 2 0
[   321.63 ] D: CHECKED 3 1
[   321.63 ] D: CHECKED 2 0
[   321.63 ] D: CHECKED 3 1
[   321.64 ] D: CHECKED 2 0
[   321.64 ] D: CHECKED 3 1
[   321.64 ] D: CHECKED 2 0
[   321.64 ] D: CHECKED 3 1
[   321.64 ] D: CHECKED 2 0
[   321.64 ] D: CHECKED 3 1
[   321.66 ] D: CHECKED 2 0
[   321.66 ] D: CHECKED 3 1
[   321.66 ] D: CHECKED 2 0
[   321.66 ] D: CHECKED 3 1
[   321.66 ] D: CHECKED 2 0
[   321.66 ] D: CHECKED 3 1
[   321.68 ] D: CHECKED 2 0
[   321.68 ] D: CHECKED 3 1
[   321.68 ] D: CHECKED 2 0
[   321.68 ] D: CHECKED 3 1
[   321.68 ] D: CHECKED 2 0
[   321.68 ] D: CHECKED 3 1
[   321.70 ] D: CHECKED 2 0
[   321.70 ] D: CHECKED 3 1
[   321.70 ] D: CHECKED 2 0
[   321.70 ] D: CHECKED 3 1
[   321.70 ] D: CHECKED 2 0
[   321.70 ] D: CHECKED 3 1
[   321.71 ] D: CHECKED 2 0
[   321.71 ] D: CHECKED 3 1
[   321.71 ] D: CHECKED 2 0
[   321.71 ] D: CHECKED 3 1
[   321.71 ] D: CHECKED 2 0
[   321.71 ] D: CHECKED 3 1
[   321.73 ] D: CHECKED 2 0
[   321.73 ] D: CHECKED 3 1
[   321.73 ] D: CHECKED 2 0
[   321.73 ] D: CHECKED 3 1
[   321.73 ] D: CHECKED 2 0
[   321.73 ] D: CHECKED 3 1
[   321.75 ] D: CHECKED 2 0
[   321.75 ] D: CHECKED 3 1
[   321.75 ] D: CHECKED 2 0
[   321.75 ] D: CHECKED 3 1
[   321.75 ] D: CHECKED 2 0
[   321.75 ] D: CHECKED 3 1
[   321.77 ] D: CHECKED 2 0
[   321.77 ] D: CHECKED 3 1
[   321.77 ] D: CHECKED 2 0
[   321.77 ] D: CHECKED 3 1
[   321.77 ] D: CHECKED 2 0
[   321.77 ] D: CHECKED 3 1
[   321.78 ] D: CHECKED 2 0
[   321.78 ] D: CHECKED 3 1
[   321.78 ] D: CHECKED 2 0
[   321.78 ] D: CHECKED 3 1
[   321.78 ] D: CHECKED 2 0
[   321.78 ] D: CHECKED 3 1
[   321.80 ] D: CHECKED 2 0
[   321.80 ] D: CHECKED 3 1
[   321.80 ] D: CHECKED 2 0
[   321.80 ] D: CHECKED 3 1
[   321.80 ] D: CHECKED 2 0
[   321.80 ] D: CHECKED 3 1
[   321.82 ] D: CHECKED 2 0
[   321.82 ] D: CHECKED 3 1
[   321.82 ] D: CHECKED 2 0
[   321.82 ] D: CHECKED 3 1
[   321.82 ] D: CHECKED 2 0
[   321.82 ] D: CHECKED 3 1
[   321.83 ] D: CHECKED 2 0
[   321.83 ] D: CHECKED 3 1
[   321.83 ] D: CHECKED 2 0
[   321.83 ] D: CHECKED 3 1
[   321.83 ] D: CHECKED 2 0
[   321.83 ] D: CHECKED 3 1
[   321.85 ] D: CHECKED 2 0
[   321.85 ] D: CHECKED 3 1
[   321.85 ] D: CHECKED 2 0
[   321.85 ] D: CHECKED 3 1
[   321.85 ] D: CHECKED 2 0
[   321.85 ] D: CHECKED 3 1
[   321.87 ] D: CHECKED 2 0
[   321.87 ] D: CHECKED 3 1
[   321.87 ] D: CHECKED 2 0
[   321.87 ] D: CHECKED 3 1
[   321.87 ] D: CHECKED 2 0
[   321.87 ] D: CHECKED 3 1
[   321.89 ] D: CHECKED 2 0
[   321.89 ] D: CHECKED 3 1
[   321.89 ] D: CHECKED 2 0
[   321.89 ] D: CHECKED 3 1
[   321.89 ] D: CHECKED 2 0
[   321.89 ] D: CHECKED 3 1
[   321.90 ] D: CHECKED 2 0
[   321.90 ] D: CHECKED 3 1
[   321.90 ] D: CHECKED 2 0
[   321.90 ] D: CHECKED 3 1
[   321.90 ] D: CHECKED 2 0
[   321.90 ] D: CHECKED 3 1
[   321.92 ] D: CHECKED 2 0
[   321.92 ] D: CHECKED 3 1
[   321.92 ] D: CHECKED 2 0
[   321.92 ] D: CHECKED 3 1
[   321.92 ] D: CHECKED 2 0
[   321.92 ] D: CHECKED 3 1
[   321.94 ] D: CHECKED 2 0
[   321.94 ] D: CHECKED 3 1
[   321.94 ] D: CHECKED 2 0
[   321.94 ] D: CHECKED 3 1
[   321.94 ] D: CHECKED 2 0
[   321.94 ] D: CHECKED 3 1
[   321.96 ] D: CHECKED 2 0
[   321.96 ] D: CHECKED 3 1
[   321.96 ] D: CHECKED 2 0
[   321.96 ] D: CHECKED 3 1
[   321.96 ] D: CHECKED 2 0
[   321.96 ] D: CHECKED 3 1
[   321.97 ] D: CHECKED 2 0
[   321.97 ] D: CHECKED 3 1
[   321.97 ] D: CHECKED 2 0
[   321.97 ] D: CHECKED 3 1
[   321.97 ] D: CHECKED 2 0
[   321.97 ] D: CHECKED 3 1
[   321.99 ] D: CHECKED 2 0
[   321.99 ] D: CHECKED 3 1
[   321.99 ] D: CHECKED 2 0
[   321.99 ] D: CHECKED 3 1
[   321.99 ] D: CHECKED 2 0
[   321.99 ] D: CHECKED 3 1
[   322.01 ] D: CHECKED 2 0
[   322.01 ] D: CHECKED 3 1
[   322.01 ] D: CHECKED 2 0
[   322.01 ] D: CHECKED 3 1
[   322.01 ] D: CHECKED 2 0
[   322.01 ] D: CHECKED 3 1
[   322.03 ] D: CHECKED 2 0
[   322.03 ] D: CHECKED 3 1
[   322.03 ] D: CHECKED 2 0
[   322.03 ] D: CHECKED 3 1
[   322.03 ] D: CHECKED 2 0
[   322.03 ] D: CHECKED 3 1
[   322.04 ] D: CHECKED 2 0
[   322.04 ] D: CHECKED 3 1
[   322.04 ] D: CHECKED 2 0
[   322.04 ] D: CHECKED 3 1
[   322.04 ] D: CHECKED 2 0
[   322.04 ] D: CHECKED 3 1
[   322.06 ] D: CHECKED 2 0
[   322.06 ] D: CHECKED 3 1
[   322.06 ] D: CHECKED 2 0
[   322.06 ] D: CHECKED 3 1
[   322.06 ] D: CHECKED 2 0
[   322.06 ] D: CHECKED 3 1
[   322.08 ] D: CHECKED 2 0
[   322.08 ] D: CHECKED 3 1
[   322.08 ] D: CHECKED 2 0
[   322.08 ] D: CHECKED 3 1
[   322.08 ] D: CHECKED 2 0
[   322.08 ] D: CHECKED 3 1
[   322.10 ] D: CHECKED 2 0
[   322.10 ] D: CHECKED 3 1
[   322.10 ] D: CHECKED 2 0
[   322.10 ] D: CHECKED 3 1
[   322.10 ] D: CHECKED 2 0
[   322.10 ] D: CHECKED 3 1
[   322.11 ] D: CHECKED 2 0
[   322.11 ] D: CHECKED 3 1
[   322.11 ] D: CHECKED 2 0
[   322.11 ] D: CHECKED 3 1
[   322.11 ] D: CHECKED 2 0
[   322.11 ] D: CHECKED 3 1
[   322.13 ] D: CHECKED 2 0
[   322.13 ] D: CHECKED 3 1
[   322.13 ] D: CHECKED 2 0
[   322.13 ] D: CHECKED 3 1
[   322.13 ] D: CHECKED 2 0
[   322.13 ] D: CHECKED 3 1
[   322.15 ] D: CHECKED 2 0
[   322.15 ] D: CHECKED 3 1
[   322.15 ] D: CHECKED 2 0
[   322.15 ] D: CHECKED 3 1
[   322.15 ] D: CHECKED 2 0
[   322.15 ] D: CHECKED 3 1
[   322.17 ] D: CHECKED 2 0
[   322.17 ] D: CHECKED 3 1
[   322.17 ] D: CHECKED 2 0
[   322.17 ] D: CHECKED 3 1
[   322.17 ] D: CHECKED 2 0
[   322.17 ] D: CHECKED 3 1
[   322.18 ] D: CHECKED 2 0
[   322.18 ] D: CHECKED 3 1
[   322.18 ] D: CHECKED 2 0
[   322.18 ] D: CHECKED 3 1
[   322.18 ] D: CHECKED 2 0
[   322.18 ] D: CHECKED 3 1
[   322.20 ] D: CHECKED 2 0
[   322.20 ] D: CHECKED 3 1
[   322.20 ] D: CHECKED 2 0
[   322.20 ] D: CHECKED 3 1
[   322.20 ] D: CHECKED 2 0
[   322.20 ] D: CHECKED 3 1
[   322.22 ] D: CHECKED 2 0
[   322.22 ] D: CHECKED 3 1
[   322.22 ] D: CHECKED 2 0
[   322.22 ] D: CHECKED 3 1
[   322.22 ] D: CHECKED 2 0
[   322.22 ] D: CHECKED 3 1
[   322.24 ] D: CHECKED 2 0
[   322.24 ] D: CHECKED 3 1
[   322.24 ] D: CHECKED 2 0
[   322.24 ] D: CHECKED 3 1
[   322.24 ] D: CHECKED 2 0
[   322.24 ] D: CHECKED 3 1
[   322.25 ] D: CHECKED 2 0
[   322.25 ] D: CHECKED 3 1
[   322.25 ] D: CHECKED 2 0
[   322.25 ] D: CHECKED 3 1
[   322.25 ] D: CHECKED 2 0
[   322.25 ] D: CHECKED 3 1
[   322.27 ] D: CHECKED 2 0
[   322.27 ] D: CHECKED 3 1
[   322.27 ] D: CHECKED 2 0
[   322.27 ] D: CHECKED 3 1
[   322.27 ] D: CHECKED 2 0
[   322.27 ] D: CHECKED 3 1
[   322.29 ] D: CHECKED 2 0
[   322.29 ] D: CHECKED 3 1
[   322.29 ] D: CHECKED 2 0
[   322.29 ] D: CHECKED 3 1
[   322.29 ] D: CHECKED 2 0
[   322.29 ] D: CHECKED 3 1
[   322.31 ] D: CHECKED 2 0
[   322.31 ] D: CHECKED 3 1
[   322.31 ] D: CHECKED 2 0
[   322.31 ] D: CHECKED 3 1
[   322.31 ] D: CHECKED 2 0
[   322.31 ] D: CHECKED 3 1
[   322.32 ] D: CHECKED 2 0
[   322.32 ] D: CHECKED 3 1
[   322.32 ] D: CHECKED 2 0
[   322.32 ] D: CHECKED 3 1
[   322.32 ] D: CHECKED 2 0
[   322.32 ] D: CHECKED 3 1
[   322.34 ] D: CHECKED 2 0
[   322.34 ] D: CHECKED 3 1
[   322.34 ] D: CHECKED 2 0
[   322.34 ] D: CHECKED 3 1
[   322.34 ] D: CHECKED 2 0
[   322.34 ] D: CHECKED 3 1
[   322.36 ] D: CHECKED 2 0
[   322.36 ] D: CHECKED 3 1
[   322.36 ] D: CHECKED 2 0
[   322.36 ] D: CHECKED 3 1
[   322.36 ] D: CHECKED 2 0
[   322.36 ] D: CHECKED 3 1
[   322.37 ] D: CHECKED 2 0
[   322.37 ] D: CHECKED 3 1
[   322.37 ] D: CHECKED 2 0
[   322.37 ] D: CHECKED 3 1
[   322.37 ] D: CHECKED 2 0
[   322.37 ] D: CHECKED 3 1
[   322.39 ] D: CHECKED 2 0
[   322.39 ] D: CHECKED 3 1
[   322.39 ] D: CHECKED 2 0
[   322.39 ] D: CHECKED 3 1
[   322.39 ] D: CHECKED 2 0
[   322.39 ] D: CHECKED 3 1
[   322.41 ] D: CHECKED 2 0
[   322.41 ] D: CHECKED 3 1
[   322.41 ] D: CHECKED 2 0
[   322.41 ] D: CHECKED 3 1
[   322.41 ] D: CHECKED 2 0
[   322.41 ] D: CHECKED 3 1
[   322.43 ] D: CHECKED 2 0
[   322.43 ] D: CHECKED 3 1
[   322.43 ] D: CHECKED 2 0
[   322.43 ] D: CHECKED 3 1
[   322.43 ] D: CHECKED 2 0
[   322.43 ] D: CHECKED 3 1
[   322.44 ] D: CHECKED 2 0
[   322.44 ] D: CHECKED 3 1
[   322.44 ] D: CHECKED 2 0
[   322.44 ] D: CHECKED 3 1
[   322.44 ] D: CHECKED 2 0
[   322.44 ] D: CHECKED 3 1
[   322.46 ] D: CHECKED 2 0
[   322.46 ] D: CHECKED 3 1
[   322.46 ] D: CHECKED 2 0
[   322.46 ] D: CHECKED 3 1
[   322.46 ] D: CHECKED 2 0
[   322.46 ] D: CHECKED 3 1
[   322.48 ] D: CHECKED 2 0
[   322.48 ] D: CHECKED 3 1
[   322.48 ] D: CHECKED 2 0
[   322.48 ] D: CHECKED 3 1
[   322.48 ] D: CHECKED 2 0
[   322.48 ] D: CHECKED 3 1
[   322.50 ] D: CHECKED 2 0
[   322.50 ] D: CHECKED 3 1
[   322.50 ] D: CHECKED 2 0
[   322.50 ] D: CHECKED 3 1
[   322.50 ] D: CHECKED 2 0
[   322.50 ] D: CHECKED 3 1
[   322.51 ] D: CHECKED 2 0
[   322.51 ] D: CHECKED 3 1
[   322.51 ] D: CHECKED 2 0
[   322.51 ] D: CHECKED 3 1
[   322.51 ] D: CHECKED 2 0
[   322.51 ] D: CHECKED 3 1
[   322.53 ] D: CHECKED 2 0
[   322.53 ] D: CHECKED 3 1
[   322.53 ] D: CHECKED 2 0
[   322.53 ] D: CHECKED 3 1
[   322.53 ] D: CHECKED 2 0
[   322.53 ] D: CHECKED 3 1
[   322.55 ] D: CHECKED 2 0
[   322.55 ] D: CHECKED 3 1
[   322.55 ] D: CHECKED 2 0
[   322.55 ] D: CHECKED 3 1
[   322.55 ] D: CHECKED 2 0
[   322.55 ] D: CHECKED 3 1
[   322.57 ] D: CHECKED 2 0
[   322.57 ] D: CHECKED 3 1
[   322.57 ] D: CHECKED 2 0
[   322.57 ] D: CHECKED 3 1
[   322.57 ] D: CHECKED 2 0
[   322.57 ] D: CHECKED 3 1
[   322.58 ] D: CHECKED 2 0
[   322.58 ] D: CHECKED 3 1
[   322.58 ] D: CHECKED 2 0
[   322.58 ] D: CHECKED 3 1
[   322.58 ] D: AsyncFileReader 1 6
[   322.58 ] D: CHECKED 2 0
[   322.58 ] D: CHECKED 3 1
[   322.60 ] D: CHECKED 2 0
[   322.60 ] D: CHECKED 3 1
[   322.60 ] D: CHECKED 2 0
[   322.60 ] D: CHECKED 3 1
[   322.60 ] D: CHECKED 2 0
[   322.60 ] D: CHECKED 3 1
[   322.62 ] D: CHECKED 2 0
[   322.62 ] D: CHECKED 3 1
[   322.62 ] D: CHECKED 2 0
[   322.62 ] D: CHECKED 3 1
[   322.62 ] D: CHECKED 2 0
[   322.62 ] D: CHECKED 3 1
[   322.64 ] D: CHECKED 2 0
[   322.64 ] D: CHECKED 3 1
[   322.64 ] D: CHECKED 2 0
[   322.64 ] D: CHECKED 3 1
[   322.64 ] D: CHECKED 2 0
[   322.64 ] D: CHECKED 3 1
[   322.65 ] D: CHECKED 2 0
[   322.65 ] D: CHECKED 3 1
[   322.65 ] D: CHECKED 2 0
[   322.65 ] D: CHECKED 3 1
[   322.65 ] D: CHECKED 2 0
[   322.65 ] D: CHECKED 3 1
[   322.67 ] D: CHECKED 2 0
[   322.67 ] D: CHECKED 3 1
[   322.67 ] D: CHECKED 2 0
[   322.67 ] D: CHECKED 3 1
[   322.67 ] D: CHECKED 2 0
[   322.67 ] D: CHECKED 3 1
[   322.69 ] D: CHECKED 2 0
[   322.69 ] D: CHECKED 3 1
[   322.69 ] D: CHECKED 2 0
[   322.69 ] D: CHECKED 3 1
[   322.69 ] D: CHECKED 2 0
[   322.69 ] D: CHECKED 3 1
[   322.71 ] D: CHECKED 2 0
[   322.71 ] D: CHECKED 3 1
[   322.71 ] D: CHECKED 2 0
[   322.71 ] D: CHECKED 3 1
[   322.71 ] D: CHECKED 2 0
[   322.71 ] D: CHECKED 3 1
[   322.72 ] D: CHECKED 2 0
[   322.72 ] D: CHECKED 3 1
[   322.72 ] D: CHECKED 2 0
[   322.72 ] D: CHECKED 3 1
[   322.72 ] D: CHECKED 2 0
[   322.72 ] D: CHECKED 3 1
[   322.74 ] D: CHECKED 2 0
[   322.74 ] D: CHECKED 3 1
[   322.74 ] D: CHECKED 2 0
[   322.74 ] D: CHECKED 3 1
[   322.74 ] D: CHECKED 2 0
[   322.74 ] D: CHECKED 3 1
[   322.76 ] D: CHECKED 2 0
[   322.76 ] D: CHECKED 3 1
[   322.76 ] D: CHECKED 2 0
[   322.76 ] D: CHECKED 3 1
[   322.76 ] D: CHECKED 2 0
[   322.76 ] D: CHECKED 3 1
[   322.78 ] D: CHECKED 2 0
[   322.78 ] D: CHECKED 3 1
[   322.78 ] D: CHECKED 2 0
[   322.78 ] D: CHECKED 3 1
[   322.78 ] D: CHECKED 2 0
[   322.78 ] D: CHECKED 3 1
[   322.79 ] D: CHECKED 2 0
[   322.79 ] D: CHECKED 3 1
[   322.79 ] D: CHECKED 2 0
[   322.79 ] D: CHECKED 3 1
[   322.79 ] D: CHECKED 2 0
[   322.79 ] D: CHECKED 3 1
[   322.81 ] D: CHECKED 2 0
[   322.81 ] D: CHECKED 3 1
[   322.81 ] D: CHECKED 2 0
[   322.81 ] D: CHECKED 3 1
[   322.81 ] D: CHECKED 2 0
[   322.81 ] D: CHECKED 3 1
[   322.83 ] D: CHECKED 2 0
[   322.83 ] D: CHECKED 3 1
[   322.83 ] D: CHECKED 2 0
[   322.83 ] D: CHECKED 3 1
[   322.83 ] D: CHECKED 2 0
[   322.83 ] D: CHECKED 3 1
[   322.84 ] D: CHECKED 2 0
[   322.84 ] D: CHECKED 3 1
[   322.84 ] D: CHECKED 2 0
[   322.84 ] D: CHECKED 3 1
[   322.84 ] D: CHECKED 2 0
[   322.84 ] D: CHECKED 3 1
[   322.86 ] D: CHECKED 2 0
[   322.86 ] D: CHECKED 3 1
[   322.86 ] D: CHECKED 2 0
[   322.86 ] D: CHECKED 3 1
[   322.86 ] D: CHECKED 2 0
[   322.86 ] D: CHECKED 3 1
[   322.88 ] D: CHECKED 2 0
[   322.88 ] D: CHECKED 3 1
[   322.88 ] D: CHECKED 2 0
[   322.88 ] D: CHECKED 3 1
[   322.88 ] D: CHECKED 2 0
[   322.88 ] D: CHECKED 3 1
[   322.90 ] D: CHECKED 2 0
[   322.90 ] D: CHECKED 3 1
[   322.90 ] D: CHECKED 2 0
[   322.90 ] D: CHECKED 3 1
[   322.90 ] D: CHECKED 2 0
[   322.90 ] D: CHECKED 3 1
[   322.91 ] D: CHECKED 2 0
[   322.91 ] D: CHECKED 3 1
[   322.91 ] D: CHECKED 2 0
[   322.91 ] D: CHECKED 3 1
[   322.91 ] D: CHECKED 2 0
[   322.91 ] D: CHECKED 3 1
[   322.93 ] D: CHECKED 2 0
[   322.93 ] D: CHECKED 3 1
[   322.93 ] D: CHECKED 2 0
[   322.93 ] D: CHECKED 3 1
[   322.93 ] D: CHECKED 2 0
[   322.93 ] D: CHECKED 3 1
[   322.95 ] D: CHECKED 2 0
[   322.95 ] D: CHECKED 3 1
[   322.95 ] D: CHECKED 2 0
[   322.95 ] D: CHECKED 3 1
[   322.95 ] D: CHECKED 2 0
[   322.95 ] D: CHECKED 3 1
[   322.97 ] D: CHECKED 2 0
[   322.97 ] D: CHECKED 3 1
[   322.97 ] D: CHECKED 2 0
[   322.97 ] D: CHECKED 3 1
[   322.97 ] D: CHECKED 2 0
[   322.97 ] D: CHECKED 3 1
[   323.36 ] D: CHANGED 2 false
[   323.59 ] D: CHANGED 3 false
[   324.06 ] D: CHANGED 4 true
[   324.35 ] D: CHANGED 5 true
[   326.05 ] D: findTrackIndexByPoint 0 QRect(0,0 1957x111) true QPointF(160,62)
[   326.10 ] D: mouseReleaseEvent
[   326.27 ] D: _requestForLoading false false
[   326.27 ] D: _requestForLoading2
[   326.27 ] D: _numberOfSampleBuffer 1
[   326.27 ] D: START TO load 0
[   326.27 ] D: sltPositionChanged 396900 true
[   326.27 ] D: START TO load 1
[   326.27 ] D: START TO load 2
[   326.27 ] D: START TO load 3
[   326.27 ] D: frame_offset 0 0 10
[   326.27 ] D: frame_offset 0 1 10
[   326.28 ] D: frame_offset 0 2 10
[   326.28 ] D: frame_offset 0 3 10
[   326.28 ] D: frame_offset 0 4 10
[   326.29 ] D: sltFirstBufferFilled ("{51ee4249-908e-4e6e-aac4-ae4c748dbb41}") "{51ee4249-908e-4e6e-aac4-ae4c748dbb41}" true
[   326.29 ] D: _requestForLoading true false
[   329.29 ] D: CHECKED 4 0
[   329.29 ] D: CHECKED 5 1
[   329.29 ] D: CHECKED 4 0
[   329.29 ] D: CHECKED 5 1
[   329.29 ] D: CHECKED 4 0
[   329.29 ] D: CHECKED 5 1
[   329.31 ] D: CHECKED 4 0
[   329.31 ] D: CHECKED 5 1
[   329.31 ] D: CHECKED 4 0
[   329.31 ] D: CHECKED 5 1
[   329.31 ] D: CHECKED 4 0
[   329.31 ] D: CHECKED 5 1
[   329.32 ] D: CHECKED 4 0
[   329.32 ] D: CHECKED 5 1
[   329.32 ] D: CHECKED 4 0
[   329.32 ] D: CHECKED 5 1
[   329.32 ] D: CHECKED 4 0
[   329.32 ] D: CHECKED 5 1
[   329.34 ] D: CHECKED 4 0
[   329.34 ] D: CHECKED 5 1
[   329.34 ] D: CHECKED 4 0
[   329.34 ] D: CHECKED 5 1
[   329.34 ] D: CHECKED 4 0
[   329.34 ] D: CHECKED 5 1
[   329.36 ] D: CHECKED 4 0
[   329.36 ] D: CHECKED 5 1
[   329.36 ] D: CHECKED 4 0
[   329.36 ] D: CHECKED 5 1
[   329.36 ] D: CHECKED 4 0
[   329.36 ] D: CHECKED 5 1
[   329.38 ] D: CHECKED 4 0
[   329.38 ] D: CHECKED 5 1
[   329.38 ] D: CHECKED 4 0
[   329.38 ] D: CHECKED 5 1
[   329.38 ] D: CHECKED 4 0
[   329.38 ] D: CHECKED 5 1
[   329.39 ] D: CHECKED 4 0
[   329.39 ] D: CHECKED 5 1
[   329.39 ] D: CHECKED 4 0
[   329.39 ] D: CHECKED 5 1
[   329.39 ] D: CHECKED 4 0
[   329.39 ] D: CHECKED 5 1
[   329.41 ] D: CHECKED 4 0
[   329.41 ] D: CHECKED 5 1
[   329.41 ] D: CHECKED 4 0
[   329.41 ] D: CHECKED 5 1
[   329.41 ] D: CHECKED 4 0
[   329.41 ] D: CHECKED 5 1
[   329.43 ] D: CHECKED 4 0
[   329.43 ] D: CHECKED 5 1
[   329.43 ] D: CHECKED 4 0
[   329.43 ] D: CHECKED 5 1
[   329.43 ] D: CHECKED 4 0
[   329.43 ] D: CHECKED 5 1
[   329.45 ] D: CHECKED 4 0
[   329.45 ] D: CHECKED 5 1
[   329.45 ] D: CHECKED 4 0
[   329.45 ] D: CHECKED 5 1
[   329.45 ] D: CHECKED 4 0
[   329.45 ] D: CHECKED 5 1
[   329.46 ] D: CHECKED 4 0
[   329.46 ] D: CHECKED 5 1
[   329.46 ] D: CHECKED 4 0
[   329.46 ] D: CHECKED 5 1
[   329.46 ] D: CHECKED 4 0
[   329.46 ] D: CHECKED 5 1
[   329.48 ] D: CHECKED 4 0
[   329.48 ] D: CHECKED 5 1
[   329.48 ] D: CHECKED 4 0
[   329.48 ] D: CHECKED 5 1
[   329.48 ] D: CHECKED 4 0
[   329.48 ] D: CHECKED 5 1
[   329.50 ] D: CHECKED 4 0
[   329.50 ] D: CHECKED 5 1
[   329.50 ] D: CHECKED 4 0
[   329.50 ] D: CHECKED 5 1
[   329.50 ] D: CHECKED 4 0
[   329.50 ] D: CHECKED 5 1
[   329.51 ] D: CHECKED 4 0
[   329.51 ] D: CHECKED 5 1
[   329.51 ] D: CHECKED 4 0
[   329.51 ] D: CHECKED 5 1
[   329.51 ] D: CHECKED 4 0
[   329.51 ] D: CHECKED 5 1
[   329.53 ] D: CHECKED 4 0
[   329.53 ] D: CHECKED 5 1
[   329.53 ] D: CHECKED 4 0
[   329.53 ] D: CHECKED 5 1
[   329.53 ] D: CHECKED 4 0
[   329.53 ] D: CHECKED 5 1
[   329.55 ] D: CHECKED 4 0
[   329.55 ] D: CHECKED 5 1
[   329.55 ] D: CHECKED 4 0
[   329.55 ] D: CHECKED 5 1
[   329.55 ] D: CHECKED 4 0
[   329.55 ] D: CHECKED 5 1
[   329.57 ] D: CHECKED 4 0
[   329.57 ] D: CHECKED 5 1
[   329.57 ] D: CHECKED 4 0
[   329.57 ] D: CHECKED 5 1
[   329.57 ] D: CHECKED 4 0
[   329.57 ] D: CHECKED 5 1
[   329.58 ] D: CHECKED 4 0
[   329.58 ] D: CHECKED 5 1
[   329.58 ] D: CHECKED 4 0
[   329.58 ] D: CHECKED 5 1
[   329.58 ] D: CHECKED 4 0
[   329.58 ] D: CHECKED 5 1
[   329.60 ] D: CHECKED 4 0
[   329.60 ] D: CHECKED 5 1
[   329.60 ] D: CHECKED 4 0
[   329.60 ] D: CHECKED 5 1
[   329.60 ] D: CHECKED 4 0
[   329.60 ] D: CHECKED 5 1
[   329.62 ] D: CHECKED 4 0
[   329.62 ] D: CHECKED 5 1
[   329.62 ] D: CHECKED 4 0
[   329.62 ] D: CHECKED 5 1
[   329.62 ] D: CHECKED 4 0
[   329.62 ] D: CHECKED 5 1
[   329.64 ] D: CHECKED 4 0
[   329.64 ] D: CHECKED 5 1
[   329.64 ] D: CHECKED 4 0
[   329.64 ] D: CHECKED 5 1
[   329.64 ] D: CHECKED 4 0
[   329.64 ] D: CHECKED 5 1
[   329.65 ] D: CHECKED 4 0
[   329.65 ] D: CHECKED 5 1
[   329.65 ] D: CHECKED 4 0
[   329.65 ] D: CHECKED 5 1
[   329.65 ] D: CHECKED 4 0
[   329.65 ] D: CHECKED 5 1
[   329.67 ] D: CHECKED 4 0
[   329.67 ] D: CHECKED 5 1
[   329.67 ] D: CHECKED 4 0
[   329.67 ] D: CHECKED 5 1
[   329.67 ] D: CHECKED 4 0
[   329.67 ] D: CHECKED 5 1
[   329.69 ] D: CHECKED 4 0
[   329.69 ] D: CHECKED 5 1
[   329.69 ] D: CHECKED 4 0
[   329.69 ] D: CHECKED 5 1
[   329.69 ] D: CHECKED 4 0
[   329.69 ] D: CHECKED 5 1
[   329.71 ] D: CHECKED 4 0
[   329.71 ] D: CHECKED 5 1
[   329.71 ] D: CHECKED 4 0
[   329.71 ] D: CHECKED 5 1
[   329.71 ] D: CHECKED 4 0
[   329.71 ] D: CHECKED 5 1
[   329.72 ] D: CHECKED 4 0
[   329.72 ] D: CHECKED 5 1
[   329.72 ] D: CHECKED 4 0
[   329.72 ] D: CHECKED 5 1
[   329.72 ] D: CHECKED 4 0
[   329.72 ] D: CHECKED 5 1
[   329.74 ] D: CHECKED 4 0
[   329.74 ] D: CHECKED 5 1
[   329.74 ] D: CHECKED 4 0
[   329.74 ] D: CHECKED 5 1
[   329.74 ] D: CHECKED 4 0
[   329.74 ] D: CHECKED 5 1
[   329.76 ] D: CHECKED 4 0
[   329.76 ] D: CHECKED 5 1
[   329.76 ] D: CHECKED 4 0
[   329.76 ] D: CHECKED 5 1
[   329.76 ] D: CHECKED 4 0
[   329.76 ] D: CHECKED 5 1
[   329.78 ] D: CHECKED 4 0
[   329.78 ] D: CHECKED 5 1
[   329.78 ] D: CHECKED 4 0
[   329.78 ] D: CHECKED 5 1
[   329.78 ] D: CHECKED 4 0
[   329.78 ] D: CHECKED 5 1
[   329.79 ] D: CHECKED 4 0
[   329.79 ] D: CHECKED 5 1
[   329.79 ] D: CHECKED 4 0
[   329.79 ] D: CHECKED 5 1
[   329.79 ] D: CHECKED 4 0
[   329.79 ] D: CHECKED 5 1
[   329.81 ] D: CHECKED 4 0
[   329.81 ] D: CHECKED 5 1
[   329.81 ] D: CHECKED 4 0
[   329.81 ] D: CHECKED 5 1
[   329.81 ] D: CHECKED 4 0
[   329.81 ] D: CHECKED 5 1
[   329.83 ] D: CHECKED 4 0
[   329.83 ] D: CHECKED 5 1
[   329.83 ] D: CHECKED 4 0
[   329.83 ] D: CHECKED 5 1
[   329.83 ] D: CHECKED 4 0
[   329.83 ] D: CHECKED 5 1
[   329.85 ] D: CHECKED 4 0
[   329.85 ] D: CHECKED 5 1
[   329.85 ] D: CHECKED 4 0
[   329.85 ] D: CHECKED 5 1
[   329.85 ] D: CHECKED 4 0
[   329.85 ] D: CHECKED 5 1
[   329.86 ] D: CHECKED 4 0
[   329.86 ] D: CHECKED 5 1
[   329.86 ] D: CHECKED 4 0
[   329.86 ] D: CHECKED 5 1
[   329.86 ] D: CHECKED 4 0
[   329.86 ] D: CHECKED 5 1
[   329.88 ] D: CHECKED 4 0
[   329.88 ] D: CHECKED 5 1
[   329.88 ] D: CHECKED 4 0
[   329.88 ] D: CHECKED 5 1
[   329.88 ] D: CHECKED 4 0
[   329.88 ] D: CHECKED 5 1
[   329.90 ] D: CHECKED 4 0
[   329.90 ] D: CHECKED 5 1
[   329.90 ] D: CHECKED 4 0
[   329.90 ] D: CHECKED 5 1
[   329.90 ] D: CHECKED 4 0
[   329.90 ] D: CHECKED 5 1
[   329.92 ] D: CHECKED 4 0
[   329.92 ] D: CHECKED 5 1
[   329.92 ] D: CHECKED 4 0
[   329.92 ] D: CHECKED 5 1
[   329.92 ] D: CHECKED 4 0
[   329.92 ] D: CHECKED 5 1
[   329.93 ] D: CHECKED 4 0
[   329.93 ] D: CHECKED 5 1
[   329.93 ] D: CHECKED 4 0
[   329.93 ] D: CHECKED 5 1
[   329.93 ] D: CHECKED 4 0
[   329.93 ] D: CHECKED 5 1
[   329.95 ] D: CHECKED 4 0
[   329.95 ] D: CHECKED 5 1
[   329.95 ] D: CHECKED 4 0
[   329.95 ] D: CHECKED 5 1
[   329.95 ] D: CHECKED 4 0
[   329.95 ] D: CHECKED 5 1
[   329.97 ] D: CHECKED 4 0
[   329.97 ] D: CHECKED 5 1
[   329.97 ] D: CHECKED 4 0
[   329.97 ] D: CHECKED 5 1
[   329.97 ] D: CHECKED 4 0
[   329.97 ] D: CHECKED 5 1
[   329.99 ] D: CHECKED 4 0
[   329.99 ] D: CHECKED 5 1
[   329.99 ] D: CHECKED 4 0
[   329.99 ] D: CHECKED 5 1
[   329.99 ] D: CHECKED 4 0
[   329.99 ] D: CHECKED 5 1
[   330.00 ] D: CHECKED 4 0
[   330.00 ] D: CHECKED 5 1
[   330.00 ] D: CHECKED 4 0
[   330.00 ] D: CHECKED 5 1
[   330.00 ] D: CHECKED 4 0
[   330.00 ] D: CHECKED 5 1
[   330.02 ] D: CHECKED 4 0
[   330.02 ] D: CHECKED 5 1
[   330.02 ] D: CHECKED 4 0
[   330.02 ] D: CHECKED 5 1
[   330.02 ] D: CHECKED 4 0
[   330.02 ] D: CHECKED 5 1
[   330.04 ] D: CHECKED 4 0
[   330.04 ] D: CHECKED 5 1
[   330.04 ] D: CHECKED 4 0
[   330.04 ] D: CHECKED 5 1
[   330.04 ] D: CHECKED 4 0
[   330.04 ] D: CHECKED 5 1
[   330.05 ] D: CHECKED 4 0
[   330.05 ] D: CHECKED 5 1
[   330.05 ] D: CHECKED 4 0
[   330.05 ] D: CHECKED 5 1
[   330.05 ] D: CHECKED 4 0
[   330.05 ] D: CHECKED 5 1
[   330.07 ] D: CHECKED 4 0
[   330.07 ] D: CHECKED 5 1
[   330.07 ] D: CHECKED 4 0
[   330.07 ] D: CHECKED 5 1
[   330.07 ] D: CHECKED 4 0
[   330.07 ] D: CHECKED 5 1
[   330.09 ] D: CHECKED 4 0
[   330.09 ] D: CHECKED 5 1
[   330.09 ] D: CHECKED 4 0
[   330.09 ] D: CHECKED 5 1
[   330.09 ] D: CHECKED 4 0
[   330.09 ] D: CHECKED 5 1
[   330.11 ] D: CHECKED 4 0
[   330.11 ] D: CHECKED 5 1
[   330.11 ] D: CHECKED 4 0
[   330.11 ] D: CHECKED 5 1
[   330.11 ] D: CHECKED 4 0
[   330.11 ] D: CHECKED 5 1
[   330.12 ] D: CHECKED 4 0
[   330.12 ] D: CHECKED 5 1
[   330.12 ] D: CHECKED 4 0
[   330.12 ] D: CHECKED 5 1
[   330.12 ] D: CHECKED 4 0
[   330.12 ] D: CHECKED 5 1
[   330.14 ] D: CHECKED 4 0
[   330.14 ] D: CHECKED 5 1
[   330.14 ] D: CHECKED 4 0
[   330.14 ] D: CHECKED 5 1
[   330.14 ] D: CHECKED 4 0
[   330.14 ] D: CHECKED 5 1
[   330.16 ] D: CHECKED 4 0
[   330.16 ] D: CHECKED 5 1
[   330.16 ] D: CHECKED 4 0
[   330.16 ] D: CHECKED 5 1
[   330.16 ] D: CHECKED 4 0
[   330.16 ] D: CHECKED 5 1
[   330.18 ] D: CHECKED 4 0
[   330.18 ] D: CHECKED 5 1
[   330.18 ] D: CHECKED 4 0
[   330.18 ] D: CHECKED 5 1
[   330.18 ] D: CHECKED 4 0
[   330.18 ] D: CHECKED 5 1
[   330.19 ] D: CHECKED 4 0
[   330.19 ] D: CHECKED 5 1
[   330.19 ] D: CHECKED 4 0
[   330.19 ] D: CHECKED 5 1
[   330.19 ] D: CHECKED 4 0
[   330.19 ] D: CHECKED 5 1
[   330.21 ] D: CHECKED 4 0
[   330.21 ] D: CHECKED 5 1
[   330.21 ] D: CHECKED 4 0
[   330.21 ] D: CHECKED 5 1
[   330.21 ] D: CHECKED 4 0
[   330.21 ] D: CHECKED 5 1
[   330.23 ] D: CHECKED 4 0
[   330.23 ] D: CHECKED 5 1
[   330.23 ] D: CHECKED 4 0
[   330.23 ] D: CHECKED 5 1
[   330.23 ] D: CHECKED 4 0
[   330.23 ] D: CHECKED 5 1
[   330.25 ] D: CHECKED 4 0
[   330.25 ] D: CHECKED 5 1
[   330.25 ] D: CHECKED 4 0
[   330.25 ] D: CHECKED 5 1
[   330.25 ] D: CHECKED 4 0
[   330.25 ] D: CHECKED 5 1
[   330.26 ] D: CHECKED 4 0
[   330.26 ] D: CHECKED 5 1
[   330.26 ] D: CHECKED 4 0
[   330.26 ] D: CHECKED 5 1
[   330.26 ] D: CHECKED 4 0
[   330.26 ] D: CHECKED 5 1
[   330.28 ] D: CHECKED 4 0
[   330.28 ] D: CHECKED 5 1
[   330.28 ] D: CHECKED 4 0
[   330.28 ] D: CHECKED 5 1
[   330.28 ] D: CHECKED 4 0
[   330.28 ] D: CHECKED 5 1
[   330.30 ] D: CHECKED 4 0
[   330.30 ] D: CHECKED 5 1
[   330.30 ] D: CHECKED 4 0
[   330.30 ] D: CHECKED 5 1
[   330.30 ] D: CHECKED 4 0
[   330.30 ] D: CHECKED 5 1
[   330.32 ] D: CHECKED 4 0
[   330.32 ] D: CHECKED 5 1
[   330.32 ] D: CHECKED 4 0
[   330.32 ] D: CHECKED 5 1
[   330.32 ] D: CHECKED 4 0
[   330.32 ] D: CHECKED 5 1
[   330.33 ] D: CHECKED 4 0
[   330.33 ] D: CHECKED 5 1
[   330.33 ] D: CHECKED 4 0
[   330.33 ] D: CHECKED 5 1
[   330.33 ] D: CHECKED 4 0
[   330.33 ] D: CHECKED 5 1
[   330.35 ] D: CHECKED 4 0
[   330.35 ] D: CHECKED 5 1
[   330.35 ] D: CHECKED 4 0
[   330.35 ] D: CHECKED 5 1
[   330.35 ] D: CHECKED 4 0
[   330.35 ] D: CHECKED 5 1
[   330.37 ] D: CHECKED 4 0
[   330.37 ] D: CHECKED 5 1
[   330.37 ] D: CHECKED 4 0
[   330.37 ] D: CHECKED 5 1
[   330.37 ] D: CHECKED 4 0
[   330.37 ] D: CHECKED 5 1
[   330.39 ] D: CHECKED 4 0
[   330.39 ] D: CHECKED 5 1
[   330.39 ] D: CHECKED 4 0
[   330.39 ] D: CHECKED 5 1
[   330.39 ] D: CHECKED 4 0
[   330.39 ] D: CHECKED 5 1
[   330.40 ] D: CHECKED 4 0
[   330.40 ] D: CHECKED 5 1
[   330.40 ] D: CHECKED 4 0
[   330.40 ] D: CHECKED 5 1
[   330.40 ] D: CHECKED 4 0
[   330.40 ] D: CHECKED 5 1
[   330.42 ] D: CHECKED 4 0
[   330.42 ] D: CHECKED 5 1
[   330.42 ] D: CHECKED 4 0
[   330.42 ] D: CHECKED 5 1
[   330.42 ] D: CHECKED 4 0
[   330.42 ] D: CHECKED 5 1
[   330.44 ] D: CHECKED 4 0
[   330.44 ] D: CHECKED 5 1
[   330.44 ] D: CHECKED 4 0
[   330.44 ] D: CHECKED 5 1
[   330.44 ] D: CHECKED 4 0
[   330.44 ] D: CHECKED 5 1
[   330.46 ] D: CHECKED 4 0
[   330.46 ] D: CHECKED 5 1
[   330.46 ] D: CHECKED 4 0
[   330.46 ] D: CHECKED 5 1
[   330.46 ] D: CHECKED 4 0
[   330.46 ] D: CHECKED 5 1
[   330.47 ] D: CHECKED 4 0
[   330.47 ] D: CHECKED 5 1
[   330.47 ] D: CHECKED 4 0
[   330.47 ] D: CHECKED 5 1
[   330.47 ] D: CHECKED 4 0
[   330.47 ] D: CHECKED 5 1
[   330.49 ] D: CHECKED 4 0
[   330.49 ] D: CHECKED 5 1
[   330.49 ] D: CHECKED 4 0
[   330.49 ] D: CHECKED 5 1
[   330.49 ] D: CHECKED 4 0
[   330.49 ] D: CHECKED 5 1
[   330.51 ] D: CHECKED 4 0
[   330.51 ] D: CHECKED 5 1
[   330.51 ] D: CHECKED 4 0
[   330.51 ] D: CHECKED 5 1
[   330.51 ] D: CHECKED 4 0
[   330.51 ] D: CHECKED 5 1
[   330.52 ] D: CHECKED 4 0
[   330.52 ] D: CHECKED 5 1
[   330.52 ] D: CHECKED 4 0
[   330.52 ] D: CHECKED 5 1
[   330.52 ] D: CHECKED 4 0
[   330.52 ] D: CHECKED 5 1
[   330.54 ] D: CHECKED 4 0
[   330.54 ] D: CHECKED 5 1
[   330.54 ] D: CHECKED 4 0
[   330.54 ] D: CHECKED 5 1
[   330.54 ] D: CHECKED 4 0
[   330.54 ] D: CHECKED 5 1
[   330.56 ] D: CHECKED 4 0
[   330.56 ] D: CHECKED 5 1
[   330.56 ] D: CHECKED 4 0
[   330.56 ] D: CHECKED 5 1
[   330.56 ] D: CHECKED 4 0
[   330.56 ] D: CHECKED 5 1
[   330.58 ] D: CHECKED 4 0
[   330.58 ] D: CHECKED 5 1
[   330.58 ] D: CHECKED 4 0
[   330.58 ] D: CHECKED 5 1
[   330.58 ] D: CHECKED 4 0
[   330.58 ] D: CHECKED 5 1
[   330.59 ] D: CHECKED 4 0
[   330.59 ] D: CHECKED 5 1
[   330.59 ] D: CHECKED 4 0
[   330.59 ] D: CHECKED 5 1
[   330.59 ] D: CHECKED 4 0
[   330.59 ] D: CHECKED 5 1
[   330.61 ] D: CHECKED 4 0
[   330.61 ] D: CHECKED 5 1
[   330.61 ] D: CHECKED 4 0
[   330.61 ] D: CHECKED 5 1
[   330.61 ] D: CHECKED 4 0
[   330.61 ] D: CHECKED 5 1
[   330.63 ] D: CHECKED 4 0
[   330.63 ] D: CHECKED 5 1
[   330.63 ] D: CHECKED 4 0
[   330.63 ] D: CHECKED 5 1
[   330.63 ] D: CHECKED 4 0
[   330.63 ] D: CHECKED 5 1
[   330.65 ] D: CHECKED 4 0
[   330.65 ] D: CHECKED 5 1
[   330.65 ] D: CHECKED 4 0
[   330.65 ] D: CHECKED 5 1
[   330.65 ] D: CHECKED 4 0
[   330.65 ] D: CHECKED 5 1
[   330.66 ] D: CHECKED 4 0
[   330.66 ] D: CHECKED 5 1
[   330.66 ] D: CHECKED 4 0
[   330.66 ] D: CHECKED 5 1
[   330.66 ] D: CHECKED 4 0
[   330.66 ] D: CHECKED 5 1
[   330.68 ] D: CHECKED 4 0
[   330.68 ] D: CHECKED 5 1
[   330.68 ] D: CHECKED 4 0
[   330.68 ] D: CHECKED 5 1
[   330.68 ] D: CHECKED 4 0
[   330.68 ] D: CHECKED 5 1
[   330.70 ] D: CHECKED 4 0
[   330.70 ] D: CHECKED 5 1
[   330.70 ] D: CHECKED 4 0
[   330.70 ] D: CHECKED 5 1
[   330.70 ] D: CHECKED 4 0
[   330.70 ] D: CHECKED 5 1
[   330.72 ] D: CHECKED 4 0
[   330.72 ] D: CHECKED 5 1
[   330.72 ] D: CHECKED 4 0
[   330.72 ] D: CHECKED 5 1
[   330.72 ] D: CHECKED 4 0
[   330.72 ] D: CHECKED 5 1
[   330.73 ] D: CHECKED 4 0
[   330.73 ] D: CHECKED 5 1
[   330.73 ] D: CHECKED 4 0
[   330.73 ] D: CHECKED 5 1
[   330.73 ] D: CHECKED 4 0
[   330.73 ] D: CHECKED 5 1
[   330.75 ] D: CHECKED 4 0
[   330.75 ] D: CHECKED 5 1
[   330.75 ] D: CHECKED 4 0
[   330.75 ] D: CHECKED 5 1
[   330.75 ] D: CHECKED 4 0
[   330.75 ] D: CHECKED 5 1
[   330.77 ] D: CHECKED 4 0
[   330.77 ] D: CHECKED 5 1
[   330.77 ] D: AsyncFileReader 0 5
[   330.77 ] D: CHECKED 4 0
[   330.77 ] D: CHECKED 5 1
[   330.77 ] D: CHECKED 4 0
[   330.77 ] D: CHECKED 5 1
[   330.79 ] D: CHECKED 4 0
[   330.79 ] D: CHECKED 5 1
[   330.79 ] D: CHECKED 4 0
[   330.79 ] D: CHECKED 5 1
[   330.79 ] D: CHECKED 4 0
[   330.79 ] D: CHECKED 5 1
[   330.80 ] D: CHECKED 4 0
[   330.80 ] D: CHECKED 5 1
[   330.80 ] D: CHECKED 4 0
[   330.80 ] D: CHECKED 5 1
[   330.80 ] D: CHECKED 4 0
[   330.80 ] D: CHECKED 5 1
[   330.82 ] D: CHECKED 4 0
[   330.82 ] D: CHECKED 5 1
[   330.82 ] D: CHECKED 4 0
[   330.82 ] D: CHECKED 5 1
[   330.82 ] D: CHECKED 4 0
[   330.82 ] D: CHECKED 5 1
[   330.84 ] D: CHECKED 4 0
[   330.84 ] D: CHECKED 5 1
[   330.84 ] D: CHECKED 4 0
[   330.84 ] D: CHECKED 5 1
[   330.84 ] D: CHECKED 4 0
[   330.84 ] D: CHECKED 5 1
[   330.86 ] D: CHECKED 4 0
[   330.86 ] D: CHECKED 5 1
[   330.86 ] D: CHECKED 4 0
[   330.86 ] D: CHECKED 5 1
[   330.86 ] D: CHECKED 4 0
[   330.86 ] D: CHECKED 5 1
[   330.87 ] D: CHECKED 4 0
[   330.87 ] D: CHECKED 5 1
[   330.87 ] D: CHECKED 4 0
[   330.87 ] D: CHECKED 5 1
[   330.87 ] D: CHECKED 4 0
[   330.87 ] D: CHECKED 5 1
[   330.89 ] D: CHECKED 4 0
[   330.89 ] D: CHECKED 5 1
[   330.89 ] D: CHECKED 4 0
[   330.89 ] D: CHECKED 5 1
[   330.89 ] D: CHECKED 4 0
[   330.89 ] D: CHECKED 5 1
[   330.91 ] D: CHECKED 4 0
[   330.91 ] D: CHECKED 5 1
[   330.91 ] D: CHECKED 4 0
[   330.91 ] D: CHECKED 5 1
[   330.91 ] D: CHECKED 4 0
[   330.91 ] D: CHECKED 5 1
[   330.93 ] D: CHECKED 4 0
[   330.93 ] D: CHECKED 5 1
[   330.93 ] D: CHECKED 4 0
[   330.93 ] D: CHECKED 5 1
[   330.93 ] D: CHECKED 4 0
[   330.93 ] D: CHECKED 5 1
[   330.94 ] D: CHECKED 4 0
[   330.94 ] D: CHECKED 5 1
[   330.94 ] D: CHECKED 4 0
[   330.94 ] D: CHECKED 5 1
[   330.94 ] D: CHECKED 4 0
[   330.94 ] D: CHECKED 5 1
[   330.96 ] D: CHECKED 4 0
[   330.96 ] D: CHECKED 5 1
[   330.96 ] D: CHECKED 4 0
[   330.96 ] D: CHECKED 5 1
[   330.96 ] D: CHECKED 4 0
[   330.96 ] D: CHECKED 5 1
[   330.98 ] D: CHECKED 4 0
[   330.98 ] D: CHECKED 5 1
[   330.98 ] D: CHECKED 4 0
[   330.98 ] D: CHECKED 5 1
[   330.98 ] D: CHECKED 4 0
[   330.98 ] D: CHECKED 5 1
[   331.00 ] D: CHECKED 4 0
[   331.00 ] D: CHECKED 5 1
[   331.00 ] D: CHECKED 4 0
[   331.00 ] D: CHECKED 5 1
[   331.00 ] D: CHECKED 4 0
[   331.00 ] D: CHECKED 5 1
[   331.01 ] D: CHECKED 4 0
[   331.01 ] D: CHECKED 5 1
[   331.01 ] D: CHECKED 4 0
[   331.01 ] D: CHECKED 5 1
[   331.01 ] D: CHECKED 4 0
[   331.01 ] D: CHECKED 5 1
[   331.03 ] D: CHECKED 4 0
[   331.03 ] D: CHECKED 5 1
[   331.03 ] D: CHECKED 4 0
[   331.03 ] D: CHECKED 5 1
[   331.03 ] D: CHECKED 4 0
[   331.03 ] D: CHECKED 5 1
[   331.05 ] D: CHECKED 4 0
[   331.05 ] D: CHECKED 5 1
[   331.05 ] D: CHECKED 4 0
[   331.05 ] D: CHECKED 5 1
[   331.05 ] D: CHECKED 4 0
[   331.05 ] D: CHECKED 5 1
[   331.06 ] D: CHECKED 4 0
[   331.06 ] D: CHECKED 5 1
[   331.06 ] D: CHECKED 4 0
[   331.06 ] D: CHECKED 5 1
[   331.06 ] D: CHECKED 4 0
[   331.06 ] D: CHECKED 5 1
[   331.08 ] D: CHECKED 4 0
[   331.08 ] D: CHECKED 5 1
[   331.08 ] D: CHECKED 4 0
[   331.08 ] D: CHECKED 5 1
[   331.08 ] D: CHECKED 4 0
[   331.08 ] D: CHECKED 5 1
[   331.10 ] D: CHECKED 4 0
[   331.10 ] D: CHECKED 5 1
[   331.10 ] D: CHECKED 4 0
[   331.10 ] D: CHECKED 5 1
[   331.10 ] D: CHECKED 4 0
[   331.10 ] D: CHECKED 5 1
[   331.12 ] D: CHECKED 4 0
[   331.12 ] D: CHECKED 5 1
[   331.12 ] D: CHECKED 4 0
[   331.12 ] D: CHECKED 5 1
[   331.12 ] D: CHECKED 4 0
[   331.12 ] D: CHECKED 5 1
[   331.13 ] D: CHECKED 4 0
[   331.13 ] D: CHECKED 5 1
[   331.13 ] D: CHECKED 4 0
[   331.13 ] D: CHECKED 5 1
[   331.13 ] D: CHECKED 4 0
[   331.13 ] D: CHECKED 5 1
[   331.15 ] D: CHECKED 4 0
[   331.15 ] D: CHECKED 5 1
[   331.15 ] D: CHECKED 4 0
[   331.15 ] D: CHECKED 5 1
[   331.15 ] D: CHECKED 4 0
[   331.15 ] D: CHECKED 5 1
[   331.17 ] D: CHECKED 4 0
[   331.17 ] D: CHECKED 5 1
[   331.17 ] D: CHECKED 4 0
[   331.17 ] D: CHECKED 5 1
[   331.17 ] D: CHECKED 4 0
[   331.17 ] D: CHECKED 5 1
[   331.19 ] D: CHECKED 4 0
[   331.19 ] D: CHECKED 5 1
[   331.19 ] D: CHECKED 4 0
[   331.19 ] D: CHECKED 5 1
[   331.19 ] D: CHECKED 4 0
[   331.19 ] D: CHECKED 5 1
[   331.20 ] D: CHECKED 4 0
[   331.20 ] D: CHECKED 5 1
[   331.20 ] D: CHECKED 4 0
[   331.20 ] D: CHECKED 5 1
[   331.20 ] D: CHECKED 4 0
[   331.20 ] D: CHECKED 5 1
[   331.22 ] D: CHECKED 4 0
[   331.22 ] D: CHECKED 5 1
[   331.22 ] D: CHECKED 4 0
[   331.22 ] D: CHECKED 5 1
[   331.22 ] D: CHECKED 4 0
[   331.22 ] D: CHECKED 5 1
[   331.24 ] D: CHECKED 4 0
[   331.24 ] D: CHECKED 5 1
[   331.24 ] D: CHECKED 4 0
[   331.24 ] D: CHECKED 5 1
[   331.24 ] D: CHECKED 4 0
[   331.24 ] D: CHECKED 5 1
[   331.26 ] D: CHECKED 4 0
[   331.26 ] D: CHECKED 5 1
[   331.26 ] D: CHECKED 4 0
[   331.26 ] D: CHECKED 5 1
[   331.26 ] D: CHECKED 4 0
[   331.26 ] D: CHECKED 5 1
[   331.27 ] D: CHECKED 4 0
[   331.27 ] D: CHECKED 5 1
[   331.27 ] D: CHECKED 4 0
[   331.27 ] D: CHECKED 5 1
[   331.27 ] D: CHECKED 4 0
[   331.27 ] D: CHECKED 5 1
[   331.29 ] D: CHECKED 4 0
[   331.29 ] D: CHECKED 5 1
[   331.29 ] D: CHECKED 4 0
[   331.29 ] D: CHECKED 5 1
[   331.29 ] D: CHECKED 4 0
[   331.29 ] D: CHECKED 5 1
[   331.31 ] D: CHECKED 4 0
[   331.31 ] D: CHECKED 5 1
[   331.31 ] D: CHECKED 4 0
[   331.31 ] D: CHECKED 5 1
[   331.31 ] D: CHECKED 4 0
[   331.31 ] D: CHECKED 5 1
[   331.33 ] D: CHECKED 4 0
[   331.33 ] D: CHECKED 5 1
[   331.33 ] D: CHECKED 4 0
[   331.33 ] D: CHECKED 5 1
[   331.33 ] D: CHECKED 4 0
[   331.33 ] D: CHECKED 5 1
[   331.34 ] D: CHECKED 4 0
[   331.34 ] D: CHECKED 5 1
[   331.34 ] D: CHECKED 4 0
[   331.34 ] D: CHECKED 5 1
[   331.34 ] D: CHECKED 4 0
[   331.34 ] D: CHECKED 5 1
[   331.36 ] D: CHECKED 4 0
[   331.36 ] D: CHECKED 5 1
[   331.36 ] D: CHECKED 4 0
[   331.36 ] D: CHECKED 5 1
[   331.36 ] D: CHECKED 4 0
[   331.36 ] D: CHECKED 5 1
[   331.38 ] D: CHECKED 4 0
[   331.38 ] D: CHECKED 5 1
[   331.38 ] D: CHECKED 4 0
[   331.38 ] D: CHECKED 5 1
[   331.38 ] D: CHECKED 4 0
[   331.38 ] D: CHECKED 5 1
[   331.40 ] D: CHECKED 4 0
[   331.40 ] D: CHECKED 5 1
[   331.40 ] D: CHECKED 4 0
[   331.40 ] D: CHECKED 5 1
[   331.40 ] D: CHECKED 4 0
[   331.40 ] D: CHECKED 5 1
[   331.41 ] D: CHECKED 4 0
[   331.41 ] D: CHECKED 5 1
[   331.41 ] D: CHECKED 4 0
[   331.41 ] D: CHECKED 5 1
[   331.41 ] D: CHECKED 4 0
[   331.41 ] D: CHECKED 5 1
[   331.43 ] D: CHECKED 4 0
[   331.43 ] D: CHECKED 5 1
[   331.43 ] D: CHECKED 4 0
[   331.43 ] D: CHECKED 5 1
[   331.43 ] D: CHECKED 4 0
[   331.43 ] D: CHECKED 5 1
[   331.45 ] D: CHECKED 4 0
[   331.45 ] D: CHECKED 5 1
[   331.45 ] D: CHECKED 4 0
[   331.45 ] D: CHECKED 5 1
[   331.45 ] D: CHECKED 4 0
[   331.45 ] D: CHECKED 5 1
[   331.47 ] D: CHECKED 4 0
[   331.47 ] D: CHECKED 5 1
[   331.47 ] D: CHECKED 4 0
[   331.47 ] D: CHECKED 5 1
[   331.47 ] D: CHECKED 4 0
[   331.47 ] D: CHECKED 5 1
[   331.48 ] D: CHECKED 4 0
[   331.48 ] D: CHECKED 5 1
[   331.48 ] D: CHECKED 4 0
[   331.48 ] D: CHECKED 5 1
[   331.48 ] D: CHECKED 4 0
[   331.48 ] D: CHECKED 5 1
[   331.50 ] D: CHECKED 4 0
[   331.50 ] D: CHECKED 5 1
[   331.50 ] D: CHECKED 4 0
[   331.50 ] D: CHECKED 5 1
[   331.50 ] D: CHECKED 4 0
[   331.50 ] D: CHECKED 5 1
[   331.52 ] D: CHECKED 4 0
[   331.52 ] D: CHECKED 5 1
[   331.52 ] D: CHECKED 4 0
[   331.52 ] D: CHECKED 5 1
[   331.52 ] D: CHECKED 4 0
[   331.52 ] D: CHECKED 5 1
[   331.53 ] D: CHECKED 4 0
[   331.53 ] D: CHECKED 5 1
[   331.53 ] D: CHECKED 4 0
[   331.53 ] D: CHECKED 5 1
[   331.53 ] D: CHECKED 4 0
[   331.53 ] D: CHECKED 5 1
[   331.55 ] D: CHECKED 4 0
[   331.55 ] D: CHECKED 5 1
[   331.55 ] D: CHECKED 4 0
[   331.55 ] D: CHECKED 5 1
[   331.55 ] D: CHECKED 4 0
[   331.55 ] D: CHECKED 5 1
[   331.57 ] D: CHECKED 4 0
[   331.57 ] D: CHECKED 5 1
[   331.57 ] D: CHECKED 4 0
[   331.57 ] D: CHECKED 5 1
[   331.57 ] D: CHECKED 4 0
[   331.57 ] D: CHECKED 5 1
[   331.59 ] D: CHECKED 4 0
[   331.59 ] D: CHECKED 5 1
[   331.59 ] D: CHECKED 4 0
[   331.59 ] D: CHECKED 5 1
[   331.59 ] D: CHECKED 4 0
[   331.59 ] D: CHECKED 5 1
[   331.60 ] D: CHECKED 4 0
[   331.60 ] D: CHECKED 5 1
[   331.60 ] D: CHECKED 4 0
[   331.60 ] D: CHECKED 5 1
[   331.60 ] D: CHECKED 4 0
[   331.60 ] D: CHECKED 5 1
[   331.62 ] D: CHECKED 4 0
[   331.62 ] D: CHECKED 5 1
[   331.62 ] D: CHECKED 4 0
[   331.62 ] D: CHECKED 5 1
[   331.62 ] D: CHECKED 4 0
[   331.62 ] D: CHECKED 5 1
[   331.64 ] D: CHECKED 4 0
[   331.64 ] D: CHECKED 5 1
[   331.64 ] D: CHECKED 4 0
[   331.64 ] D: CHECKED 5 1
[   331.64 ] D: CHECKED 4 0
[   331.64 ] D: CHECKED 5 1
[   331.66 ] D: CHECKED 4 0
[   331.66 ] D: CHECKED 5 1
[   331.66 ] D: CHECKED 4 0
[   331.66 ] D: CHECKED 5 1
[   331.66 ] D: CHECKED 4 0
[   331.66 ] D: CHECKED 5 1
[   331.67 ] D: CHECKED 4 0
[   331.67 ] D: CHECKED 5 1
[   331.67 ] D: CHECKED 4 0
[   331.67 ] D: CHECKED 5 1
[   331.67 ] D: CHECKED 4 0
[   331.67 ] D: CHECKED 5 1
[   331.69 ] D: CHECKED 4 0
[   331.69 ] D: CHECKED 5 1
[   331.69 ] D: CHECKED 4 0
[   331.69 ] D: CHECKED 5 1
[   331.69 ] D: CHECKED 4 0
[   331.69 ] D: CHECKED 5 1
[   331.71 ] D: CHECKED 4 0
[   331.71 ] D: CHECKED 5 1
[   331.71 ] D: CHECKED 4 0
[   331.71 ] D: CHECKED 5 1
[   331.71 ] D: CHECKED 4 0
[   331.71 ] D: CHECKED 5 1
[   331.73 ] D: CHECKED 4 0
[   331.73 ] D: CHECKED 5 1
[   331.73 ] D: CHECKED 4 0
[   331.73 ] D: CHECKED 5 1
[   331.73 ] D: CHECKED 4 0
[   331.73 ] D: CHECKED 5 1
[   331.74 ] D: CHECKED 4 0
[   331.74 ] D: CHECKED 5 1
[   331.74 ] D: CHECKED 4 0
[   331.74 ] D: CHECKED 5 1
[   331.74 ] D: CHECKED 4 0
[   331.74 ] D: CHECKED 5 1
[   331.76 ] D: CHECKED 4 0
[   331.76 ] D: CHECKED 5 1
[   331.76 ] D: CHECKED 4 0
[   331.76 ] D: CHECKED 5 1
[   331.76 ] D: CHECKED 4 0
[   331.76 ] D: CHECKED 5 1
[   331.78 ] D: CHECKED 4 0
[   331.78 ] D: CHECKED 5 1
[   331.78 ] D: CHECKED 4 0
[   331.78 ] D: CHECKED 5 1
[   331.78 ] D: CHECKED 4 0
[   331.78 ] D: CHECKED 5 1
[   331.80 ] D: CHECKED 4 0
[   331.80 ] D: CHECKED 5 1
[   331.80 ] D: CHECKED 4 0
[   331.80 ] D: CHECKED 5 1
[   331.80 ] D: CHECKED 4 0
[   331.80 ] D: CHECKED 5 1
[   331.81 ] D: CHECKED 4 0
[   331.81 ] D: CHECKED 5 1
[   331.81 ] D: CHECKED 4 0
[   331.81 ] D: CHECKED 5 1
[   331.81 ] D: CHECKED 4 0
[   331.81 ] D: CHECKED 5 1
[   331.83 ] D: CHECKED 4 0
[   331.83 ] D: CHECKED 5 1
[   331.83 ] D: CHECKED 4 0
[   331.83 ] D: CHECKED 5 1
[   331.83 ] D: CHECKED 4 0
[   331.83 ] D: CHECKED 5 1
[   331.85 ] D: CHECKED 4 0
[   331.85 ] D: CHECKED 5 1
[   331.85 ] D: CHECKED 4 0
[   331.85 ] D: CHECKED 5 1
[   331.85 ] D: CHECKED 4 0
[   331.85 ] D: CHECKED 5 1
[   331.87 ] D: CHECKED 4 0
[   331.87 ] D: CHECKED 5 1
[   331.87 ] D: CHECKED 4 0
[   331.87 ] D: CHECKED 5 1
[   331.87 ] D: CHECKED 4 0
[   331.87 ] D: CHECKED 5 1
[   331.88 ] D: CHECKED 4 0
[   331.88 ] D: CHECKED 5 1
[   331.88 ] D: CHECKED 4 0
[   331.88 ] D: CHECKED 5 1
[   331.88 ] D: CHECKED 4 0
[   331.88 ] D: CHECKED 5 1
[   331.90 ] D: CHECKED 4 0
[   331.90 ] D: CHECKED 5 1
[   331.90 ] D: CHECKED 4 0
[   331.90 ] D: CHECKED 5 1
[   331.90 ] D: CHECKED 4 0
[   331.90 ] D: CHECKED 5 1
[   331.92 ] D: CHECKED 4 0
[   331.92 ] D: CHECKED 5 1
[   331.92 ] D: CHECKED 4 0
[   331.92 ] D: CHECKED 5 1
[   331.92 ] D: CHECKED 4 0
[   331.92 ] D: CHECKED 5 1
[   331.94 ] D: CHECKED 4 0
[   331.94 ] D: CHECKED 5 1
[   331.94 ] D: CHECKED 4 0
[   331.94 ] D: CHECKED 5 1
[   331.94 ] D: CHECKED 4 0
[   331.94 ] D: CHECKED 5 1
[   331.95 ] D: CHECKED 4 0
[   331.95 ] D: CHECKED 5 1
[   331.95 ] D: CHECKED 4 0
[   331.95 ] D: CHECKED 5 1
[   331.95 ] D: CHECKED 4 0
[   331.95 ] D: CHECKED 5 1
[   331.97 ] D: CHECKED 4 0
[   331.97 ] D: CHECKED 5 1
[   331.97 ] D: CHECKED 4 0
[   331.97 ] D: CHECKED 5 1
[   331.97 ] D: CHECKED 4 0
[   331.97 ] D: CHECKED 5 1
[   331.99 ] D: CHECKED 4 0
[   331.99 ] D: CHECKED 5 1
[   331.99 ] D: CHECKED 4 0
[   331.99 ] D: CHECKED 5 1
[   331.99 ] D: CHECKED 4 0
[   331.99 ] D: CHECKED 5 1
[   332.01 ] D: CHECKED 4 0
[   332.01 ] D: CHECKED 5 1
[   332.01 ] D: CHECKED 4 0
[   332.01 ] D: CHECKED 5 1
[   332.01 ] D: CHECKED 4 0
[   332.01 ] D: CHECKED 5 1
[   332.02 ] D: CHECKED 4 0
[   332.02 ] D: CHECKED 5 1
[   332.02 ] D: CHECKED 4 0
[   332.02 ] D: CHECKED 5 1
[   332.02 ] D: CHECKED 4 0
[   332.02 ] D: CHECKED 5 1
[   332.04 ] D: CHECKED 4 0
[   332.04 ] D: CHECKED 5 1
[   332.04 ] D: CHECKED 4 0
[   332.04 ] D: CHECKED 5 1
[   332.04 ] D: CHECKED 4 0
[   332.04 ] D: CHECKED 5 1
[   332.06 ] D: CHECKED 4 0
[   332.06 ] D: CHECKED 5 1
[   332.06 ] D: CHECKED 4 0
[   332.06 ] D: CHECKED 5 1
[   332.06 ] D: CHECKED 4 0
[   332.06 ] D: CHECKED 5 1
[   332.07 ] D: CHECKED 4 0
[   332.07 ] D: CHECKED 5 1
[   332.07 ] D: CHECKED 4 0
[   332.07 ] D: CHECKED 5 1
[   332.07 ] D: CHECKED 4 0
[   332.07 ] D: CHECKED 5 1
[   332.09 ] D: CHECKED 4 0
[   332.09 ] D: CHECKED 5 1
[   332.09 ] D: CHECKED 4 0
[   332.09 ] D: CHECKED 5 1
[   332.09 ] D: CHECKED 4 0
[   332.09 ] D: CHECKED 5 1
[   332.11 ] D: CHECKED 4 0
[   332.11 ] D: CHECKED 5 1
[   332.11 ] D: CHECKED 4 0
[   332.11 ] D: CHECKED 5 1
[   332.11 ] D: CHECKED 4 0
[   332.11 ] D: CHECKED 5 1
[   332.13 ] D: CHECKED 4 0
[   332.13 ] D: CHECKED 5 1
[   332.13 ] D: CHECKED 4 0
[   332.13 ] D: CHECKED 5 1
[   332.13 ] D: CHECKED 4 0
[   332.13 ] D: CHECKED 5 1
[   332.14 ] D: CHECKED 4 0
[   332.14 ] D: CHECKED 5 1
[   332.14 ] D: CHECKED 4 0
[   332.14 ] D: CHECKED 5 1
[   332.14 ] D: CHECKED 4 0
[   332.14 ] D: CHECKED 5 1
[   332.16 ] D: CHECKED 4 0
[   332.16 ] D: CHECKED 5 1
[   332.16 ] D: CHECKED 4 0
[   332.16 ] D: CHECKED 5 1
[   332.16 ] D: CHECKED 4 0
[   332.16 ] D: CHECKED 5 1
[   332.18 ] D: CHECKED 4 0
[   332.18 ] D: CHECKED 5 1
[   332.18 ] D: CHECKED 4 0
[   332.18 ] D: CHECKED 5 1
[   332.18 ] D: CHECKED 4 0
[   332.18 ] D: CHECKED 5 1
[   332.20 ] D: CHECKED 4 0
[   332.20 ] D: CHECKED 5 1
[   332.20 ] D: CHECKED 4 0
[   332.20 ] D: CHECKED 5 1
[   332.20 ] D: CHECKED 4 0
[   332.20 ] D: CHECKED 5 1
[   332.21 ] D: CHECKED 4 0
[   332.21 ] D: CHECKED 5 1
[   332.21 ] D: CHECKED 4 0
[   332.21 ] D: CHECKED 5 1
[   332.21 ] D: CHECKED 4 0
[   332.21 ] D: CHECKED 5 1
[   332.23 ] D: CHECKED 4 0
[   332.23 ] D: CHECKED 5 1
[   332.23 ] D: CHECKED 4 0
[   332.23 ] D: CHECKED 5 1
[   332.23 ] D: CHECKED 4 0
[   332.23 ] D: CHECKED 5 1
[   332.25 ] D: CHECKED 4 0
[   332.25 ] D: CHECKED 5 1
[   332.25 ] D: CHECKED 4 0
[   332.25 ] D: CHECKED 5 1
[   332.25 ] D: AsyncFileReader 1 6
[   332.25 ] D: CHECKED 4 0
[   332.25 ] D: CHECKED 5 1
[   332.27 ] D: CHECKED 4 0
[   332.27 ] D: CHECKED 5 1
[   332.27 ] D: CHECKED 4 0
[   332.27 ] D: CHECKED 5 1
[   332.27 ] D: CHECKED 4 0
[   332.27 ] D: CHECKED 5 1
[   332.28 ] D: CHECKED 4 0
[   332.28 ] D: CHECKED 5 1
[   332.28 ] D: CHECKED 4 0
[   332.28 ] D: CHECKED 5 1
[   332.28 ] D: CHECKED 4 0
[   332.28 ] D: CHECKED 5 1
[   332.30 ] D: CHECKED 4 0
[   332.30 ] D: CHECKED 5 1
[   332.30 ] D: CHECKED 4 0
[   332.30 ] D: CHECKED 5 1
[   332.30 ] D: CHECKED 4 0
[   332.30 ] D: CHECKED 5 1
[   332.32 ] D: CHECKED 4 0
[   332.32 ] D: CHECKED 5 1
[   332.32 ] D: CHECKED 4 0
[   332.32 ] D: CHECKED 5 1
[   332.32 ] D: CHECKED 4 0
[   332.32 ] D: CHECKED 5 1
[   332.34 ] D: CHECKED 4 0
[   332.34 ] D: CHECKED 5 1
[   332.34 ] D: CHECKED 4 0
[   332.34 ] D: CHECKED 5 1
[   332.34 ] D: CHECKED 4 0
[   332.34 ] D: CHECKED 5 1
[   332.35 ] D: CHECKED 4 0
[   332.35 ] D: CHECKED 5 1
[   332.35 ] D: CHECKED 4 0
[   332.35 ] D: CHECKED 5 1
[   332.35 ] D: CHECKED 4 0
[   332.35 ] D: CHECKED 5 1
[   332.37 ] D: CHECKED 4 0
[   332.37 ] D: CHECKED 5 1
[   332.37 ] D: CHECKED 4 0
[   332.37 ] D: CHECKED 5 1
[   332.37 ] D: CHECKED 4 0
[   332.37 ] D: CHECKED 5 1
[   332.39 ] D: CHECKED 4 0
[   332.39 ] D: CHECKED 5 1
[   332.39 ] D: CHECKED 4 0
[   332.39 ] D: CHECKED 5 1
[   332.39 ] D: CHECKED 4 0
[   332.39 ] D: CHECKED 5 1
[   332.41 ] D: CHECKED 4 0
[   332.41 ] D: CHECKED 5 1
[   332.41 ] D: CHECKED 4 0
[   332.41 ] D: CHECKED 5 1
[   332.41 ] D: CHECKED 4 0
[   332.41 ] D: CHECKED 5 1
[   332.42 ] D: CHECKED 4 0
[   332.42 ] D: CHECKED 5 1
[   332.42 ] D: CHECKED 4 0
[   332.42 ] D: CHECKED 5 1
[   332.42 ] D: CHECKED 4 0
[   332.42 ] D: CHECKED 5 1
[   332.44 ] D: CHECKED 4 0
[   332.44 ] D: CHECKED 5 1
[   332.44 ] D: CHECKED 4 0
[   332.44 ] D: CHECKED 5 1
[   332.44 ] D: CHECKED 4 0
[   332.44 ] D: CHECKED 5 1
[   332.46 ] D: CHECKED 4 0
[   332.46 ] D: CHECKED 5 1
[   332.46 ] D: CHECKED 4 0
[   332.46 ] D: CHECKED 5 1
[   332.46 ] D: CHECKED 4 0
[   332.46 ] D: CHECKED 5 1
[   332.48 ] D: CHECKED 4 0
[   332.48 ] D: CHECKED 5 1
[   332.48 ] D: CHECKED 4 0
[   332.48 ] D: CHECKED 5 1
[   332.48 ] D: CHECKED 4 0
[   332.48 ] D: CHECKED 5 1
[   332.49 ] D: CHECKED 4 0
[   332.49 ] D: CHECKED 5 1
[   332.49 ] D: CHECKED 4 0
[   332.49 ] D: CHECKED 5 1
[   332.49 ] D: CHECKED 4 0
[   332.49 ] D: CHECKED 5 1
[   332.51 ] D: CHECKED 4 0
[   332.51 ] D: CHECKED 5 1
[   332.51 ] D: CHECKED 4 0
[   332.51 ] D: CHECKED 5 1
[   332.51 ] D: CHECKED 4 0
[   332.51 ] D: CHECKED 5 1
[   332.53 ] D: CHECKED 4 0
[   332.53 ] D: CHECKED 5 1
[   332.53 ] D: CHECKED 4 0
[   332.53 ] D: CHECKED 5 1
[   332.53 ] D: CHECKED 4 0
[   332.53 ] D: CHECKED 5 1
[   332.55 ] D: CHECKED 4 0
[   332.55 ] D: CHECKED 5 1
[   332.55 ] D: CHECKED 4 0
[   332.55 ] D: CHECKED 5 1
[   332.55 ] D: CHECKED 4 0
[   332.55 ] D: CHECKED 5 1
[   332.56 ] D: CHECKED 4 0
[   332.56 ] D: CHECKED 5 1
[   332.56 ] D: CHECKED 4 0
[   332.56 ] D: CHECKED 5 1
[   332.56 ] D: CHECKED 4 0
[   332.56 ] D: CHECKED 5 1
[   332.58 ] D: CHECKED 4 0
[   332.58 ] D: CHECKED 5 1
[   332.58 ] D: CHECKED 4 0
[   332.58 ] D: CHECKED 5 1
[   332.58 ] D: CHECKED 4 0
[   332.58 ] D: CHECKED 5 1
[   332.60 ] D: CHECKED 4 0
[   332.60 ] D: CHECKED 5 1
[   332.60 ] D: CHECKED 4 0
[   332.60 ] D: CHECKED 5 1
[   332.60 ] D: CHECKED 4 0
[   332.60 ] D: CHECKED 5 1
[   332.61 ] D: CHECKED 4 0
[   332.61 ] D: CHECKED 5 1
[   332.61 ] D: CHECKED 4 0
[   332.61 ] D: CHECKED 5 1
[   332.61 ] D: CHECKED 4 0
[   332.61 ] D: CHECKED 5 1
[   332.63 ] D: CHECKED 4 0
[   332.63 ] D: CHECKED 5 1
[   332.63 ] D: CHECKED 4 0
[   332.63 ] D: CHECKED 5 1
[   332.63 ] D: CHECKED 4 0
[   332.63 ] D: CHECKED 5 1
[   332.65 ] D: CHECKED 4 0
[   332.65 ] D: CHECKED 5 1
[   332.65 ] D: CHECKED 4 0
[   332.65 ] D: CHECKED 5 1
[   332.65 ] D: CHECKED 4 0
[   332.65 ] D: CHECKED 5 1
[   332.67 ] D: CHECKED 4 0
[   332.67 ] D: CHECKED 5 1
[   332.67 ] D: CHECKED 4 0
[   332.67 ] D: CHECKED 5 1
[   332.67 ] D: CHECKED 4 0
[   332.67 ] D: CHECKED 5 1
[   332.68 ] D: CHECKED 4 0
[   332.68 ] D: CHECKED 5 1
[   332.68 ] D: CHECKED 4 0
[   332.68 ] D: CHECKED 5 1
[   332.68 ] D: CHECKED 4 0
[   332.68 ] D: CHECKED 5 1
[   332.70 ] D: CHECKED 4 0
[   332.70 ] D: CHECKED 5 1
[   332.70 ] D: CHECKED 4 0
[   332.70 ] D: CHECKED 5 1
[   332.70 ] D: CHECKED 4 0
[   332.70 ] D: CHECKED 5 1
[   332.72 ] D: CHECKED 4 0
[   332.72 ] D: CHECKED 5 1
[   332.72 ] D: CHECKED 4 0
[   332.72 ] D: CHECKED 5 1
[   332.72 ] D: CHECKED 4 0
[   332.72 ] D: CHECKED 5 1
[   332.74 ] D: CHECKED 4 0
[   332.74 ] D: CHECKED 5 1
[   332.74 ] D: CHECKED 4 0
[   332.74 ] D: CHECKED 5 1
[   332.74 ] D: CHECKED 4 0
[   332.74 ] D: CHECKED 5 1
[   332.75 ] D: CHECKED 4 0
[   332.75 ] D: CHECKED 5 1
[   332.75 ] D: CHECKED 4 0
[   332.75 ] D: CHECKED 5 1
[   332.75 ] D: CHECKED 4 0
[   332.75 ] D: CHECKED 5 1
[   332.77 ] D: CHECKED 4 0
[   332.77 ] D: CHECKED 5 1
[   332.77 ] D: CHECKED 4 0
[   332.77 ] D: CHECKED 5 1
[   332.77 ] D: CHECKED 4 0
[   332.77 ] D: CHECKED 5 1
[   332.79 ] D: CHECKED 4 0
[   332.79 ] D: CHECKED 5 1
[   332.79 ] D: CHECKED 4 0
[   332.79 ] D: CHECKED 5 1
[   332.79 ] D: CHECKED 4 0
[   332.79 ] D: CHECKED 5 1
[   332.81 ] D: CHECKED 4 0
[   332.81 ] D: CHECKED 5 1
[   332.81 ] D: CHECKED 4 0
[   332.81 ] D: CHECKED 5 1
[   332.81 ] D: CHECKED 4 0
[   332.81 ] D: CHECKED 5 1
[   332.82 ] D: CHECKED 4 0
[   332.82 ] D: CHECKED 5 1
[   332.82 ] D: CHECKED 4 0
[   332.82 ] D: CHECKED 5 1
[   332.82 ] D: CHECKED 4 0
[   332.82 ] D: CHECKED 5 1
[   332.84 ] D: CHECKED 4 0
[   332.84 ] D: CHECKED 5 1
[   332.84 ] D: CHECKED 4 0
[   332.84 ] D: CHECKED 5 1
[   332.84 ] D: CHECKED 4 0
[   332.84 ] D: CHECKED 5 1
[   332.86 ] D: CHECKED 4 0
[   332.86 ] D: CHECKED 5 1
[   332.86 ] D: CHECKED 4 0
[   332.86 ] D: CHECKED 5 1
[   332.86 ] D: CHECKED 4 0
[   332.86 ] D: CHECKED 5 1
[   332.88 ] D: CHECKED 4 0
[   332.88 ] D: CHECKED 5 1
[   332.88 ] D: CHECKED 4 0
[   332.88 ] D: CHECKED 5 1
[   332.88 ] D: CHECKED 4 0
[   332.88 ] D: CHECKED 5 1
[   332.89 ] D: CHECKED 4 0
[   332.89 ] D: CHECKED 5 1
[   332.89 ] D: CHECKED 4 0
[   332.89 ] D: CHECKED 5 1
[   332.89 ] D: CHECKED 4 0
[   332.89 ] D: CHECKED 5 1
[   332.91 ] D: CHECKED 4 0
[   332.91 ] D: CHECKED 5 1
[   332.91 ] D: CHECKED 4 0
[   332.91 ] D: CHECKED 5 1
[   332.91 ] D: CHECKED 4 0
[   332.91 ] D: CHECKED 5 1
[   332.93 ] D: CHECKED 4 0
[   332.93 ] D: CHECKED 5 1
[   332.93 ] D: CHECKED 4 0
[   332.93 ] D: CHECKED 5 1
[   332.93 ] D: CHECKED 4 0
[   332.93 ] D: CHECKED 5 1
[   332.95 ] D: CHECKED 4 0
[   332.95 ] D: CHECKED 5 1
[   332.95 ] D: CHECKED 4 0
[   332.95 ] D: CHECKED 5 1
[   332.95 ] D: CHECKED 4 0
[   332.95 ] D: CHECKED 5 1
[   332.96 ] D: CHECKED 4 0
[   332.96 ] D: CHECKED 5 1
[   332.96 ] D: CHECKED 4 0
[   332.96 ] D: CHECKED 5 1
[   332.96 ] D: CHECKED 4 0
[   332.96 ] D: CHECKED 5 1
[   332.98 ] D: CHECKED 4 0
[   332.98 ] D: CHECKED 5 1
[   332.98 ] D: CHECKED 4 0
[   332.98 ] D: CHECKED 5 1
[   332.98 ] D: CHECKED 4 0
[   332.98 ] D: CHECKED 5 1
[   333.00 ] D: CHECKED 4 0
[   333.00 ] D: CHECKED 5 1
[   333.00 ] D: CHECKED 4 0
[   333.00 ] D: CHECKED 5 1
[   333.00 ] D: CHECKED 4 0
[   333.00 ] D: CHECKED 5 1
[   333.02 ] D: CHECKED 4 0
[   333.02 ] D: CHECKED 5 1
[   333.02 ] D: CHECKED 4 0
[   333.02 ] D: CHECKED 5 1
[   333.02 ] D: CHECKED 4 0
[   333.02 ] D: CHECKED 5 1
[   333.03 ] D: CHECKED 4 0
[   333.03 ] D: CHECKED 5 1
[   333.03 ] D: CHECKED 4 0
[   333.03 ] D: CHECKED 5 1
[   333.03 ] D: CHECKED 4 0
[   333.03 ] D: CHECKED 5 1
[   333.05 ] D: CHECKED 4 0
[   333.05 ] D: CHECKED 5 1
[   333.05 ] D: CHECKED 4 0
[   333.05 ] D: CHECKED 5 1
[   333.05 ] D: CHECKED 4 0
[   333.05 ] D: CHECKED 5 1
[   333.07 ] D: CHECKED 4 0
[   333.07 ] D: CHECKED 5 1
[   333.07 ] D: CHECKED 4 0
[   333.07 ] D: CHECKED 5 1
[   333.07 ] D: CHECKED 4 0
[   333.07 ] D: CHECKED 5 1
[   333.08 ] D: CHECKED 4 0
[   333.08 ] D: CHECKED 5 1
[   333.08 ] D: CHECKED 4 0
[   333.08 ] D: CHECKED 5 1
[   333.08 ] D: CHECKED 4 0
[   333.08 ] D: CHECKED 5 1
[   333.10 ] D: CHECKED 4 0
[   333.10 ] D: CHECKED 5 1
[   333.10 ] D: CHECKED 4 0
[   333.10 ] D: CHECKED 5 1
[   333.10 ] D: CHECKED 4 0
[   333.10 ] D: CHECKED 5 1
[   333.12 ] D: CHECKED 4 0
[   333.12 ] D: CHECKED 5 1
[   333.12 ] D: CHECKED 4 0
[   333.12 ] D: CHECKED 5 1
[   333.12 ] D: CHECKED 4 0
[   333.12 ] D: CHECKED 5 1
[   333.14 ] D: CHECKED 4 0
[   333.14 ] D: CHECKED 5 1
[   333.14 ] D: CHECKED 4 0
[   333.14 ] D: CHECKED 5 1
[   333.14 ] D: CHECKED 4 0
[   333.14 ] D: CHECKED 5 1
[   333.15 ] D: CHECKED 4 0
[   333.15 ] D: CHECKED 5 1
[   333.15 ] D: CHECKED 4 0
[   333.15 ] D: CHECKED 5 1
[   333.15 ] D: CHECKED 4 0
[   333.15 ] D: CHECKED 5 1
[   333.17 ] D: CHECKED 4 0
[   333.17 ] D: CHECKED 5 1
[   333.17 ] D: CHECKED 4 0
[   333.17 ] D: CHECKED 5 1
[   333.17 ] D: CHECKED 4 0
[   333.17 ] D: CHECKED 5 1
[   333.19 ] D: CHECKED 4 0
[   333.19 ] D: CHECKED 5 1
[   333.19 ] D: CHECKED 4 0
[   333.19 ] D: CHECKED 5 1
[   333.19 ] D: CHECKED 4 0
[   333.19 ] D: CHECKED 5 1
[   333.21 ] D: CHECKED 4 0
[   333.21 ] D: CHECKED 5 1
[   333.21 ] D: CHECKED 4 0
[   333.21 ] D: CHECKED 5 1
[   333.21 ] D: CHECKED 4 0
[   333.21 ] D: CHECKED 5 1
[   333.22 ] D: CHECKED 4 0
[   333.22 ] D: CHECKED 5 1
[   333.22 ] D: CHECKED 4 0
[   333.22 ] D: CHECKED 5 1
[   333.22 ] D: CHECKED 4 0
[   333.22 ] D: CHECKED 5 1
[   333.24 ] D: CHECKED 4 0
[   333.24 ] D: CHECKED 5 1
[   333.24 ] D: CHECKED 4 0
[   333.24 ] D: CHECKED 5 1
[   333.24 ] D: CHECKED 4 0
[   333.24 ] D: CHECKED 5 1
[   333.26 ] D: CHECKED 4 0
[   333.26 ] D: CHECKED 5 1
[   333.26 ] D: CHECKED 4 0
[   333.26 ] D: CHECKED 5 1
[   333.26 ] D: CHECKED 4 0
[   333.26 ] D: CHECKED 5 1
[   333.28 ] D: CHECKED 4 0
[   333.28 ] D: CHECKED 5 1
[   333.28 ] D: CHECKED 4 0
[   333.28 ] D: CHECKED 5 1
[   333.28 ] D: CHECKED 4 0
[   333.28 ] D: CHECKED 5 1
[   333.29 ] D: CHECKED 4 0
[   333.29 ] D: CHECKED 5 1
[   333.29 ] D: CHECKED 4 0
[   333.29 ] D: CHECKED 5 1
[   333.29 ] D: CHECKED 4 0
[   333.29 ] D: CHECKED 5 1
[   333.31 ] D: CHECKED 4 0
[   333.31 ] D: CHECKED 5 1
[   333.31 ] D: CHECKED 4 0
[   333.31 ] D: CHECKED 5 1
[   333.31 ] D: CHECKED 4 0
[   333.31 ] D: CHECKED 5 1
[   333.33 ] D: CHECKED 4 0
[   333.33 ] D: CHECKED 5 1
[   333.33 ] D: CHECKED 4 0
[   333.33 ] D: CHECKED 5 1
[   333.33 ] D: CHECKED 4 0
[   333.33 ] D: CHECKED 5 1
[   333.35 ] D: CHECKED 4 0
[   333.35 ] D: CHECKED 5 1
[   333.35 ] D: CHECKED 4 0
[   333.35 ] D: CHECKED 5 1
[   333.35 ] D: CHECKED 4 0
[   333.35 ] D: CHECKED 5 1
[   333.36 ] D: CHECKED 4 0
[   333.36 ] D: CHECKED 5 1
[   333.36 ] D: CHECKED 4 0
[   333.36 ] D: CHECKED 5 1
[   333.36 ] D: CHECKED 4 0
[   333.36 ] D: CHECKED 5 1
[   333.38 ] D: CHECKED 4 0
[   333.38 ] D: CHECKED 5 1
[   333.38 ] D: CHECKED 4 0
[   333.38 ] D: CHECKED 5 1
[   333.38 ] D: CHECKED 4 0
[   333.38 ] D: CHECKED 5 1
[   333.40 ] D: CHECKED 4 0
[   333.40 ] D: CHECKED 5 1
[   333.40 ] D: CHECKED 4 0
[   333.40 ] D: CHECKED 5 1
[   333.40 ] D: CHECKED 4 0
[   333.40 ] D: CHECKED 5 1
[   333.42 ] D: CHECKED 4 0
[   333.42 ] D: CHECKED 5 1
[   333.42 ] D: CHECKED 4 0
[   333.42 ] D: CHECKED 5 1
[   333.42 ] D: CHECKED 4 0
[   333.42 ] D: CHECKED 5 1
[   333.43 ] D: CHECKED 4 0
[   333.43 ] D: CHECKED 5 1
[   333.43 ] D: CHECKED 4 0
[   333.43 ] D: CHECKED 5 1
[   333.43 ] D: CHECKED 4 0
[   333.43 ] D: CHECKED 5 1
[   333.45 ] D: CHECKED 4 0
[   333.45 ] D: CHECKED 5 1
[   333.45 ] D: CHECKED 4 0
[   333.45 ] D: CHECKED 5 1
[   333.45 ] D: CHECKED 4 0
[   333.45 ] D: CHECKED 5 1
[   333.47 ] D: CHECKED 4 0
[   333.47 ] D: CHECKED 5 1
[   333.47 ] D: CHECKED 4 0
[   333.47 ] D: CHECKED 5 1
[   333.47 ] D: CHECKED 4 0
[   333.47 ] D: CHECKED 5 1
[   333.49 ] D: CHECKED 4 0
[   333.49 ] D: CHECKED 5 1
[   333.49 ] D: CHECKED 4 0
[   333.49 ] D: CHECKED 5 1
[   333.49 ] D: CHECKED 4 0
[   333.49 ] D: CHECKED 5 1
[   333.50 ] D: CHECKED 4 0
[   333.50 ] D: CHECKED 5 1
[   333.50 ] D: CHECKED 4 0
[   333.50 ] D: CHECKED 5 1
[   333.50 ] D: CHECKED 4 0
[   333.50 ] D: CHECKED 5 1
[   333.52 ] D: CHECKED 4 0
[   333.52 ] D: CHECKED 5 1
[   333.52 ] D: CHECKED 4 0
[   333.52 ] D: CHECKED 5 1
[   333.52 ] D: CHECKED 4 0
[   333.52 ] D: CHECKED 5 1
[   333.54 ] D: CHECKED 4 0
[   333.54 ] D: CHECKED 5 1
[   333.54 ] D: CHECKED 4 0
[   333.54 ] D: CHECKED 5 1
[   333.54 ] D: CHECKED 4 0
[   333.54 ] D: CHECKED 5 1
[   333.56 ] D: CHECKED 4 0
[   333.56 ] D: CHECKED 5 1
[   333.56 ] D: CHECKED 4 0
[   333.56 ] D: CHECKED 5 1
[   333.56 ] D: CHECKED 4 0
[   333.56 ] D: CHECKED 5 1
[   333.57 ] D: CHECKED 4 0
[   333.57 ] D: CHECKED 5 1
[   333.57 ] D: CHECKED 4 0
[   333.57 ] D: CHECKED 5 1
[   333.57 ] D: CHECKED 4 0
[   333.57 ] D: CHECKED 5 1
[   333.59 ] D: CHECKED 4 0
[   333.59 ] D: CHECKED 5 1
[   333.59 ] D: CHECKED 4 0
[   333.59 ] D: CHECKED 5 1
[   333.59 ] D: CHECKED 4 0
[   333.59 ] D: CHECKED 5 1
[   333.61 ] D: CHECKED 4 0
[   333.61 ] D: CHECKED 5 1
[   333.61 ] D: CHECKED 4 0
[   333.61 ] D: CHECKED 5 1
[   333.61 ] D: CHECKED 4 0
[   333.61 ] D: CHECKED 5 1
[   333.62 ] D: CHECKED 4 0
[   333.62 ] D: CHECKED 5 1
[   333.62 ] D: CHECKED 4 0
[   333.62 ] D: CHECKED 5 1
[   333.62 ] D: CHECKED 4 0
[   333.62 ] D: CHECKED 5 1
[   333.64 ] D: CHECKED 4 0
[   333.64 ] D: CHECKED 5 1
[   333.64 ] D: CHECKED 4 0
[   333.64 ] D: CHECKED 5 1
[   333.64 ] D: CHECKED 4 0
[   333.64 ] D: CHECKED 5 1
[   333.66 ] D: CHECKED 4 0
[   333.66 ] D: CHECKED 5 1
[   333.66 ] D: CHECKED 4 0
[   333.66 ] D: CHECKED 5 1
[   333.66 ] D: CHECKED 4 0
[   333.66 ] D: CHECKED 5 1
[   333.68 ] D: CHECKED 4 0
[   333.68 ] D: CHECKED 5 1
[   333.68 ] D: CHECKED 4 0
[   333.68 ] D: CHECKED 5 1
[   333.68 ] D: CHECKED 4 0
[   333.68 ] D: CHECKED 5 1
[   333.69 ] D: CHECKED 4 0
[   333.69 ] D: CHECKED 5 1
[   333.69 ] D: CHECKED 4 0
[   333.69 ] D: CHECKED 5 1
[   333.69 ] D: CHECKED 4 0
[   333.69 ] D: CHECKED 5 1
[   333.71 ] D: CHECKED 4 0
[   333.71 ] D: CHECKED 5 1
[   333.71 ] D: CHECKED 4 0
[   333.71 ] D: CHECKED 5 1
[   333.71 ] D: CHECKED 4 0
[   333.71 ] D: CHECKED 5 1
[   333.73 ] D: CHECKED 4 0
[   333.73 ] D: CHECKED 5 1
[   333.73 ] D: CHECKED 4 0
[   333.73 ] D: CHECKED 5 1
[   333.73 ] D: CHECKED 4 0
[   333.73 ] D: CHECKED 5 1
[   333.75 ] D: AsyncFileReader 2 7
[   333.75 ] D: CHECKED 4 0
[   333.75 ] D: CHECKED 5 1
[   333.75 ] D: CHECKED 4 0
[   333.75 ] D: CHECKED 5 1
[   333.75 ] D: CHECKED 4 0
[   333.75 ] D: CHECKED 5 1
[   333.76 ] D: CHECKED 4 0
[   333.76 ] D: CHECKED 5 1
[   333.76 ] D: CHECKED 4 0
[   333.76 ] D: CHECKED 5 1
[   333.76 ] D: CHECKED 4 0
[   333.76 ] D: CHECKED 5 1
[   333.78 ] D: CHECKED 4 0
[   333.78 ] D: CHECKED 5 1
[   333.78 ] D: CHECKED 4 0
[   333.78 ] D: CHECKED 5 1
[   333.78 ] D: CHECKED 4 0
[   333.78 ] D: CHECKED 5 1
[   333.80 ] D: CHECKED 4 0
[   333.80 ] D: CHECKED 5 1
[   333.80 ] D: CHECKED 4 0
[   333.80 ] D: CHECKED 5 1
[   333.80 ] D: CHECKED 4 0
[   333.80 ] D: CHECKED 5 1
[   333.82 ] D: CHECKED 4 0
[   333.82 ] D: CHECKED 5 1
[   333.82 ] D: CHECKED 4 0
[   333.82 ] D: CHECKED 5 1
[   333.82 ] D: CHECKED 4 0
[   333.82 ] D: CHECKED 5 1
[   333.83 ] D: CHECKED 4 0
[   333.83 ] D: CHECKED 5 1
[   333.83 ] D: CHECKED 4 0
[   333.83 ] D: CHECKED 5 1
[   333.83 ] D: CHECKED 4 0
[   333.83 ] D: CHECKED 5 1
[   333.85 ] D: CHECKED 4 0
[   333.85 ] D: CHECKED 5 1
[   333.85 ] D: CHECKED 4 0
[   333.85 ] D: CHECKED 5 1
[   333.85 ] D: CHECKED 4 0
[   333.85 ] D: CHECKED 5 1
[   333.87 ] D: CHECKED 4 0
[   333.87 ] D: CHECKED 5 1
[   333.87 ] D: CHECKED 4 0
[   333.87 ] D: CHECKED 5 1
[   333.87 ] D: CHECKED 4 0
[   333.87 ] D: CHECKED 5 1
[   333.89 ] D: CHECKED 4 0
[   333.89 ] D: CHECKED 5 1
[   333.89 ] D: CHECKED 4 0
[   333.89 ] D: CHECKED 5 1
[   333.89 ] D: CHECKED 4 0
[   333.89 ] D: CHECKED 5 1
[   333.90 ] D: CHECKED 4 0
[   333.90 ] D: CHECKED 5 1
[   333.90 ] D: CHECKED 4 0
[   333.90 ] D: CHECKED 5 1
[   333.90 ] D: CHECKED 4 0
[   333.90 ] D: CHECKED 5 1
[   333.92 ] D: CHECKED 4 0
[   333.92 ] D: CHECKED 5 1
[   333.92 ] D: CHECKED 4 0
[   333.92 ] D: CHECKED 5 1
[   333.92 ] D: CHECKED 4 0
[   333.92 ] D: CHECKED 5 1
[   333.94 ] D: CHECKED 4 0
[   333.94 ] D: CHECKED 5 1
[   333.94 ] D: CHECKED 4 0
[   333.94 ] D: CHECKED 5 1
[   333.94 ] D: CHECKED 4 0
[   333.94 ] D: CHECKED 5 1
[   333.96 ] D: CHECKED 4 0
[   333.96 ] D: CHECKED 5 1
[   333.96 ] D: CHECKED 4 0
[   333.96 ] D: CHECKED 5 1
[   333.96 ] D: CHECKED 4 0
[   333.96 ] D: CHECKED 5 1
[   333.97 ] D: CHECKED 4 0
[   333.97 ] D: CHECKED 5 1
[   333.97 ] D: CHECKED 4 0
[   333.97 ] D: CHECKED 5 1
[   333.97 ] D: CHECKED 4 0
[   333.97 ] D: CHECKED 5 1
[   333.99 ] D: CHECKED 4 0
[   333.99 ] D: CHECKED 5 1
[   333.99 ] D: CHECKED 4 0
[   333.99 ] D: CHECKED 5 1
[   333.99 ] D: CHECKED 4 0
[   333.99 ] D: CHECKED 5 1
[   334.01 ] D: CHECKED 4 0
[   334.01 ] D: CHECKED 5 1
[   334.01 ] D: CHECKED 4 0
[   334.01 ] D: CHECKED 5 1
[   334.01 ] D: CHECKED 4 0
[   334.01 ] D: CHECKED 5 1
[   334.03 ] D: CHECKED 4 0
[   334.03 ] D: CHECKED 5 1
[   334.03 ] D: CHECKED 4 0
[   334.03 ] D: CHECKED 5 1
[   334.03 ] D: CHECKED 4 0
[   334.03 ] D: CHECKED 5 1
[   334.04 ] D: CHECKED 4 0
[   334.04 ] D: CHECKED 5 1
[   334.04 ] D: CHECKED 4 0
[   334.04 ] D: CHECKED 5 1
[   334.04 ] D: CHECKED 4 0
[   334.04 ] D: CHECKED 5 1
[   334.06 ] D: CHECKED 4 0
[   334.06 ] D: CHECKED 5 1
[   334.06 ] D: CHECKED 4 0
[   334.06 ] D: CHECKED 5 1
[   334.06 ] D: CHECKED 4 0
[   334.06 ] D: CHECKED 5 1
[   334.08 ] D: CHECKED 4 0
[   334.08 ] D: CHECKED 5 1
[   334.08 ] D: CHECKED 4 0
[   334.08 ] D: CHECKED 5 1
[   334.08 ] D: CHECKED 4 0
[   334.08 ] D: CHECKED 5 1
[   334.09 ] D: CHECKED 4 0
[   334.09 ] D: CHECKED 5 1
[   334.09 ] D: CHECKED 4 0
[   334.09 ] D: CHECKED 5 1
[   334.09 ] D: CHECKED 4 0
[   334.09 ] D: CHECKED 5 1
[   334.11 ] D: CHECKED 4 0
[   334.11 ] D: CHECKED 5 1
[   334.11 ] D: CHECKED 4 0
[   334.11 ] D: CHECKED 5 1
[   334.11 ] D: CHECKED 4 0
[   334.11 ] D: CHECKED 5 1
[   334.13 ] D: CHECKED 4 0
[   334.13 ] D: CHECKED 5 1
[   334.13 ] D: CHECKED 4 0
[   334.13 ] D: CHECKED 5 1
[   334.13 ] D: CHECKED 4 0
[   334.13 ] D: CHECKED 5 1
[   334.15 ] D: CHECKED 4 0
[   334.15 ] D: CHECKED 5 1
[   334.15 ] D: CHECKED 4 0
[   334.15 ] D: CHECKED 5 1
[   334.15 ] D: CHECKED 4 0
[   334.15 ] D: CHECKED 5 1
[   334.16 ] D: CHECKED 4 0
[   334.16 ] D: CHECKED 5 1
[   334.16 ] D: CHECKED 4 0
[   334.16 ] D: CHECKED 5 1
[   334.16 ] D: CHECKED 4 0
[   334.16 ] D: CHECKED 5 1
[   334.18 ] D: CHECKED 4 0
[   334.18 ] D: CHECKED 5 1
[   334.18 ] D: CHECKED 4 0
[   334.18 ] D: CHECKED 5 1
[   334.18 ] D: CHECKED 4 0
[   334.18 ] D: CHECKED 5 1
[   334.20 ] W: QObject::startTimer: Timers cannot be started from another thread
[   334.20 ] D: CHECKED 4 0
[   334.20 ] D: CHECKED 5 1
[   334.20 ] D: CHECKED 4 0
[   334.20 ] D: CHECKED 5 1
[   334.20 ] D: CHECKED 4 0
[   334.20 ] D: CHECKED 5 1
[   334.22 ] D: CHECKED 4 0
[   334.22 ] D: CHECKED 5 1
[   334.22 ] D: CHECKED 4 0
[   334.22 ] D: CHECKED 5 1
[   334.22 ] D: CHECKED 4 0
[   334.22 ] D: CHECKED 5 1
[   334.23 ] D: CHECKED 4 0
[   334.23 ] D: CHECKED 5 1
[   334.23 ] D: CHECKED 4 0
[   334.23 ] D: CHECKED 5 1
[   334.23 ] D: CHECKED 4 0
[   334.23 ] D: CHECKED 5 1
[   334.25 ] D: CHECKED 4 0
[   334.25 ] D: CHECKED 5 1
[   334.25 ] D: CHECKED 4 0
[   334.25 ] D: CHECKED 5 1
[   334.25 ] D: CHECKED 4 0
[   334.25 ] D: CHECKED 5 1
[   334.27 ] D: CHECKED 4 0
[   334.27 ] D: CHECKED 5 1
[   334.27 ] D: CHECKED 4 0
[   334.27 ] D: CHECKED 5 1
[   334.27 ] D: CHECKED 4 0
[   334.27 ] D: CHECKED 5 1
[   334.29 ] D: CHECKED 4 0
[   334.29 ] D: CHECKED 5 1
[   334.29 ] D: CHECKED 4 0
[   334.29 ] D: CHECKED 5 1
[   334.29 ] D: CHECKED 4 0
[   334.29 ] D: CHECKED 5 1
[   334.30 ] D: CHECKED 4 0
[   334.30 ] D: CHECKED 5 1
[   334.30 ] D: CHECKED 4 0
[   334.30 ] D: CHECKED 5 1
[   334.30 ] D: CHECKED 4 0
[   334.30 ] D: CHECKED 5 1
[   334.32 ] D: CHECKED 4 0
[   334.32 ] D: CHECKED 5 1
[   334.32 ] D: CHECKED 4 0
[   334.32 ] D: CHECKED 5 1
[   334.32 ] D: CHECKED 4 0
[   334.32 ] D: CHECKED 5 1
[   334.34 ] D: CHECKED 4 0
[   334.34 ] D: CHECKED 5 1
[   334.34 ] D: CHECKED 4 0
[   334.34 ] D: CHECKED 5 1
[   334.34 ] D: CHECKED 4 0
[   334.34 ] D: CHECKED 5 1
[   334.36 ] D: CHECKED 4 0
[   334.36 ] D: CHECKED 5 1
[   334.36 ] D: CHECKED 4 0
[   334.36 ] D: CHECKED 5 1
[   334.36 ] D: CHECKED 4 0
[   334.36 ] D: CHECKED 5 1
[   334.37 ] D: CHECKED 4 0
[   334.37 ] D: CHECKED 5 1
[   334.37 ] D: CHECKED 4 0
[   334.37 ] D: CHECKED 5 1
[   334.37 ] D: CHECKED 4 0
[   334.37 ] D: CHECKED 5 1
[   334.39 ] D: CHECKED 4 0
[   334.39 ] D: CHECKED 5 1
[   334.39 ] D: CHECKED 4 0
[   334.39 ] D: CHECKED 5 1
[   334.39 ] D: CHECKED 4 0
[   334.39 ] D: CHECKED 5 1
[   334.41 ] D: CHECKED 4 0
[   334.41 ] D: CHECKED 5 1
[   334.41 ] D: CHECKED 4 0
[   334.41 ] D: CHECKED 5 1
[   334.41 ] D: CHECKED 4 0
[   334.41 ] D: CHECKED 5 1
[   334.43 ] D: CHECKED 4 0
[   334.43 ] D: CHECKED 5 1
[   334.43 ] D: CHECKED 4 0
[   334.43 ] D: CHECKED 5 1
[   334.43 ] D: CHECKED 4 0
[   334.43 ] D: CHECKED 5 1
[   334.44 ] D: CHECKED 4 0
[   334.44 ] D: CHECKED 5 1
[   334.44 ] D: CHECKED 4 0
[   334.44 ] D: CHECKED 5 1
[   334.44 ] D: CHECKED 4 0
[   334.44 ] D: CHECKED 5 1
[   334.46 ] D: CHECKED 4 0
[   334.46 ] D: CHECKED 5 1
[   334.46 ] D: CHECKED 4 0
[   334.46 ] D: CHECKED 5 1
[   334.46 ] D: CHECKED 4 0
[   334.46 ] D: CHECKED 5 1
[   334.48 ] D: CHECKED 4 0
[   334.48 ] D: CHECKED 5 1
[   334.48 ] D: CHECKED 4 0
[   334.48 ] D: CHECKED 5 1
[   334.48 ] D: CHECKED 4 0
[   334.48 ] D: CHECKED 5 1
[   334.50 ] D: CHECKED 4 0
[   334.50 ] D: CHECKED 5 1
[   334.50 ] D: CHECKED 4 0
[   334.50 ] D: CHECKED 5 1
[   334.50 ] D: CHECKED 4 0
[   334.50 ] D: CHECKED 5 1
[   334.51 ] D: CHECKED 4 0
[   334.51 ] D: CHECKED 5 1
[   334.51 ] D: CHECKED 4 0
[   334.51 ] D: CHECKED 5 1
[   334.51 ] D: CHECKED 4 0
[   334.51 ] D: CHECKED 5 1
[   334.53 ] D: CHECKED 4 0
[   334.53 ] D: CHECKED 5 1
[   334.53 ] D: CHECKED 4 0
[   334.53 ] D: CHECKED 5 1
[   334.53 ] D: CHECKED 4 0
[   334.53 ] D: CHECKED 5 1
[   334.55 ] D: CHECKED 4 0
[   334.55 ] D: CHECKED 5 1
[   334.55 ] D: CHECKED 4 0
[   334.55 ] D: CHECKED 5 1
[   334.55 ] D: CHECKED 4 0
[   334.55 ] D: CHECKED 5 1
[   334.57 ] D: CHECKED 4 0
[   334.57 ] D: CHECKED 5 1
[   334.57 ] D: CHECKED 4 0
[   334.57 ] D: CHECKED 5 1
[   334.57 ] D: CHECKED 4 0
[   334.57 ] D: CHECKED 5 1
[   334.58 ] D: CHECKED 4 0
[   334.58 ] D: CHECKED 5 1
[   334.58 ] D: CHECKED 4 0
[   334.58 ] D: CHECKED 5 1
[   334.58 ] D: CHECKED 4 0
[   334.58 ] D: CHECKED 5 1
[   334.60 ] D: CHECKED 4 0
[   334.60 ] D: CHECKED 5 1
[   334.60 ] D: CHECKED 4 0
[   334.60 ] D: CHECKED 5 1
[   334.60 ] D: CHECKED 4 0
[   334.60 ] D: CHECKED 5 1
[   334.62 ] D: CHECKED 4 0
[   334.62 ] D: CHECKED 5 1
[   334.62 ] D: CHECKED 4 0
[   334.62 ] D: CHECKED 5 1
[   334.62 ] D: CHECKED 4 0
[   334.62 ] D: CHECKED 5 1
[   334.63 ] D: CHECKED 4 0
[   334.63 ] D: CHECKED 5 1
[   334.63 ] D: CHECKED 4 0
[   334.63 ] D: CHECKED 5 1
[   334.63 ] D: CHECKED 4 0
[   334.63 ] D: CHECKED 5 1
[   334.65 ] D: CHECKED 4 0
[   334.65 ] D: CHECKED 5 1
[   334.65 ] D: CHECKED 4 0
[   334.65 ] D: CHECKED 5 1
[   334.65 ] D: CHECKED 4 0
[   334.65 ] D: CHECKED 5 1
[   334.67 ] D: CHECKED 4 0
[   334.67 ] D: CHECKED 5 1
[   334.67 ] D: CHECKED 4 0
[   334.67 ] D: CHECKED 5 1
[   334.67 ] D: CHECKED 4 0
[   334.67 ] D: CHECKED 5 1
[   334.69 ] D: CHECKED 4 0
[   334.69 ] D: CHECKED 5 1
[   334.69 ] D: CHECKED 4 0
[   334.69 ] D: CHECKED 5 1
[   334.69 ] D: CHECKED 4 0
[   334.69 ] D: CHECKED 5 1
[   334.70 ] D: CHECKED 4 0
[   334.70 ] D: CHECKED 5 1
[   334.70 ] D: CHECKED 4 0
[   334.70 ] D: CHECKED 5 1
[   334.70 ] D: CHECKED 4 0
[   334.70 ] D: CHECKED 5 1
[   334.72 ] D: CHECKED 4 0
[   334.72 ] D: CHECKED 5 1
[   334.72 ] D: CHECKED 4 0
[   334.72 ] D: CHECKED 5 1
[   334.72 ] D: CHECKED 4 0
[   334.72 ] D: CHECKED 5 1
[   334.74 ] D: CHECKED 4 0
[   334.74 ] D: CHECKED 5 1
[   334.74 ] D: CHECKED 4 0
[   334.74 ] D: CHECKED 5 1
[   334.74 ] D: CHECKED 4 0
[   334.74 ] D: CHECKED 5 1
[   334.76 ] D: CHECKED 4 0
[   334.76 ] D: CHECKED 5 1
[   334.76 ] D: CHECKED 4 0
[   334.76 ] D: CHECKED 5 1
[   334.76 ] D: CHECKED 4 0
[   334.76 ] D: CHECKED 5 1
[   334.77 ] D: CHECKED 4 0
[   334.77 ] D: CHECKED 5 1
[   334.77 ] D: CHECKED 4 0
[   334.77 ] D: CHECKED 5 1
[   334.77 ] D: CHECKED 4 0
[   334.77 ] D: CHECKED 5 1
[   334.79 ] D: CHECKED 4 0
[   334.79 ] D: CHECKED 5 1
[   334.79 ] D: CHECKED 4 0
[   334.79 ] D: CHECKED 5 1
[   334.79 ] D: CHECKED 4 0
[   334.79 ] D: CHECKED 5 1
[   334.81 ] D: CHECKED 4 0
[   334.81 ] D: CHECKED 5 1
[   334.81 ] D: CHECKED 4 0
[   334.81 ] D: CHECKED 5 1
[   334.81 ] D: CHECKED 4 0
[   334.81 ] D: CHECKED 5 1
[   334.83 ] D: CHECKED 4 0
[   334.83 ] D: CHECKED 5 1
[   334.83 ] D: CHECKED 4 0
[   334.83 ] D: CHECKED 5 1
[   334.83 ] D: CHECKED 4 0
[   334.83 ] D: CHECKED 5 1
[   334.84 ] D: CHECKED 4 0
[   334.84 ] D: CHECKED 5 1
[   334.84 ] D: CHECKED 4 0
[   334.84 ] D: CHECKED 5 1
[   334.84 ] D: CHECKED 4 0
[   334.84 ] D: CHECKED 5 1
[   334.86 ] D: CHECKED 4 0
[   334.86 ] D: CHECKED 5 1
[   334.86 ] D: CHECKED 4 0
[   334.86 ] D: CHECKED 5 1
[   334.86 ] D: CHECKED 4 0
[   334.86 ] D: CHECKED 5 1
[   334.88 ] D: CHECKED 4 0
[   334.88 ] D: CHECKED 5 1
[   334.88 ] D: CHECKED 4 0
[   334.88 ] D: CHECKED 5 1
[   334.88 ] D: CHECKED 4 0
[   334.88 ] D: CHECKED 5 1
[   334.90 ] D: CHECKED 4 0
[   334.90 ] D: CHECKED 5 1
[   334.90 ] D: CHECKED 4 0
[   334.90 ] D: CHECKED 5 1
[   334.90 ] D: CHECKED 4 0
[   334.90 ] D: CHECKED 5 1
[   334.91 ] D: CHECKED 4 0
[   334.91 ] D: CHECKED 5 1
[   334.91 ] D: CHECKED 4 0
[   334.91 ] D: CHECKED 5 1
[   334.91 ] D: CHECKED 4 0
[   334.91 ] D: CHECKED 5 1
[   334.93 ] D: CHECKED 4 0
[   334.93 ] D: CHECKED 5 1
[   334.93 ] D: CHECKED 4 0
[   334.93 ] D: CHECKED 5 1
[   334.93 ] D: CHECKED 4 0
[   334.93 ] D: CHECKED 5 1
[   334.95 ] D: CHECKED 4 0
[   334.95 ] D: CHECKED 5 1
[   334.95 ] D: CHECKED 4 0
[   334.95 ] D: CHECKED 5 1
[   334.95 ] D: CHECKED 4 0
[   334.95 ] D: CHECKED 5 1
[   334.97 ] D: CHECKED 4 0
[   334.97 ] D: CHECKED 5 1
[   334.97 ] D: CHECKED 4 0
[   334.97 ] D: CHECKED 5 1
[   334.97 ] D: CHECKED 4 0
[   334.97 ] D: CHECKED 5 1
[   334.98 ] D: CHECKED 4 0
[   334.98 ] D: CHECKED 5 1
[   334.98 ] D: CHECKED 4 0
[   334.98 ] D: CHECKED 5 1
[   334.98 ] D: CHECKED 4 0
[   334.98 ] D: CHECKED 5 1
[   335.00 ] D: CHECKED 4 0
[   335.00 ] D: CHECKED 5 1
[   335.00 ] D: CHECKED 4 0
[   335.00 ] D: CHECKED 5 1
[   335.00 ] D: CHECKED 4 0
[   335.00 ] D: CHECKED 5 1
[   335.02 ] D: CHECKED 4 0
[   335.02 ] D: CHECKED 5 1
[   335.02 ] D: CHECKED 4 0
[   335.02 ] D: CHECKED 5 1
[   335.02 ] D: CHECKED 4 0
[   335.02 ] D: CHECKED 5 1
[   335.04 ] D: CHECKED 4 0
[   335.04 ] D: CHECKED 5 1
[   335.04 ] D: CHECKED 4 0
[   335.04 ] D: CHECKED 5 1
[   335.04 ] D: CHECKED 4 0
[   335.04 ] D: CHECKED 5 1
[   335.05 ] D: CHECKED 4 0
[   335.05 ] D: CHECKED 5 1
[   335.05 ] D: CHECKED 4 0
[   335.05 ] D: CHECKED 5 1
[   335.05 ] D: CHECKED 4 0
[   335.05 ] D: CHECKED 5 1
[   335.07 ] D: CHECKED 4 0
[   335.07 ] D: CHECKED 5 1
[   335.07 ] D: CHECKED 4 0
[   335.07 ] D: CHECKED 5 1
[   335.07 ] D: CHECKED 4 0
[   335.07 ] D: CHECKED 5 1
[   335.09 ] D: CHECKED 4 0
[   335.09 ] D: CHECKED 5 1
[   335.09 ] D: CHECKED 4 0
[   335.09 ] D: CHECKED 5 1
[   335.09 ] D: CHECKED 4 0
[   335.09 ] D: CHECKED 5 1
[   335.11 ] D: CHECKED 4 0
[   335.11 ] D: CHECKED 5 1
[   335.11 ] D: CHECKED 4 0
[   335.11 ] D: CHECKED 5 1
[   335.11 ] D: CHECKED 4 0
[   335.11 ] D: CHECKED 5 1
[   335.12 ] D: CHECKED 4 0
[   335.12 ] D: CHECKED 5 1
[   335.12 ] D: CHECKED 4 0
[   335.12 ] D: CHECKED 5 1
[   335.12 ] D: CHECKED 4 0
[   335.12 ] D: CHECKED 5 1
[   335.14 ] D: CHECKED 4 0
[   335.14 ] D: CHECKED 5 1
[   335.14 ] D: CHECKED 4 0
[   335.14 ] D: CHECKED 5 1
[   335.14 ] D: CHECKED 4 0
[   335.14 ] D: CHECKED 5 1
[   335.16 ] D: CHECKED 4 0
[   335.16 ] D: CHECKED 5 1
[   335.16 ] D: CHECKED 4 0
[   335.16 ] D: CHECKED 5 1
[   335.16 ] D: CHECKED 4 0
[   335.16 ] D: CHECKED 5 1
[   335.17 ] D: CHECKED 4 0
[   335.17 ] D: CHECKED 5 1
[   335.17 ] D: CHECKED 4 0
[   335.17 ] D: CHECKED 5 1
[   335.17 ] D: CHECKED 4 0
[   335.17 ] D: CHECKED 5 1
[   335.19 ] D: CHECKED 4 0
[   335.19 ] D: CHECKED 5 1
[   335.19 ] D: CHECKED 4 0
[   335.19 ] D: CHECKED 5 1
[   335.19 ] D: CHECKED 4 0
[   335.19 ] D: CHECKED 5 1
[   335.21 ] D: CHECKED 4 0
[   335.21 ] D: CHECKED 5 1
[   335.21 ] D: CHECKED 4 0
[   335.21 ] D: CHECKED 5 1
[   335.21 ] D: CHECKED 4 0
[   335.21 ] D: CHECKED 5 1
[   335.23 ] D: CHECKED 4 0
[   335.23 ] D: CHECKED 5 1
[   335.23 ] D: AsyncFileReader 3 8
[   335.23 ] D: CHECKED 4 0
[   335.23 ] D: CHECKED 5 1
[   335.23 ] D: CHECKED 4 0
[   335.23 ] D: CHECKED 5 1
[   335.24 ] D: CHECKED 4 0
[   335.24 ] D: CHECKED 5 1
[   335.24 ] D: CHECKED 4 0
[   335.24 ] D: CHECKED 5 1
[   335.24 ] D: CHECKED 4 0
[   335.24 ] D: CHECKED 5 1
[   335.26 ] D: CHECKED 4 0
[   335.26 ] D: CHECKED 5 1
[   335.26 ] D: CHECKED 4 0
[   335.26 ] D: CHECKED 5 1
[   335.26 ] D: CHECKED 4 0
[   335.26 ] D: CHECKED 5 1
[   335.28 ] D: CHECKED 4 0
[   335.28 ] D: CHECKED 5 1
[   335.28 ] D: CHECKED 4 0
[   335.28 ] D: CHECKED 5 1
[   335.28 ] D: CHECKED 4 0
[   335.28 ] D: CHECKED 5 1
[   335.30 ] D: CHECKED 4 0
[   335.30 ] D: CHECKED 5 1
[   335.30 ] D: CHECKED 4 0
[   335.30 ] D: CHECKED 5 1
[   335.30 ] D: CHECKED 4 0
[   335.30 ] D: CHECKED 5 1
[   335.31 ] D: CHECKED 4 0
[   335.31 ] D: CHECKED 5 1
[   335.31 ] D: CHECKED 4 0
[   335.31 ] D: CHECKED 5 1
[   335.31 ] D: CHECKED 4 0
[   335.31 ] D: CHECKED 5 1
[   335.33 ] D: CHECKED 4 0
[   335.33 ] D: CHECKED 5 1
[   335.33 ] D: CHECKED 4 0
[   335.33 ] D: CHECKED 5 1
[   335.33 ] D: CHECKED 4 0
[   335.33 ] D: CHECKED 5 1
[   335.35 ] D: CHECKED 4 0
[   335.35 ] D: CHECKED 5 1
[   335.35 ] D: CHECKED 4 0
[   335.35 ] D: CHECKED 5 1
[   335.35 ] D: CHECKED 4 0
[   335.35 ] D: CHECKED 5 1
[   335.37 ] D: CHECKED 4 0
[   335.37 ] D: CHECKED 5 1
[   335.37 ] D: CHECKED 4 0
[   335.37 ] D: CHECKED 5 1
[   335.37 ] D: CHECKED 4 0
[   335.37 ] D: CHECKED 5 1
[   335.38 ] D: CHECKED 4 0
[   335.38 ] D: CHECKED 5 1
[   335.38 ] D: CHECKED 4 0
[   335.38 ] D: CHECKED 5 1
[   335.38 ] D: CHECKED 4 0
[   335.38 ] D: CHECKED 5 1
[   335.40 ] D: CHECKED 4 0
[   335.40 ] D: CHECKED 5 1
[   335.40 ] D: CHECKED 4 0
[   335.40 ] D: CHECKED 5 1
[   335.40 ] D: CHECKED 4 0
[   335.40 ] D: CHECKED 5 1
[   335.42 ] D: CHECKED 4 0
[   335.42 ] D: CHECKED 5 1
[   335.42 ] D: CHECKED 4 0
[   335.42 ] D: CHECKED 5 1
[   335.42 ] D: CHECKED 4 0
[   335.42 ] D: CHECKED 5 1
[   335.44 ] D: CHECKED 4 0
[   335.44 ] D: CHECKED 5 1
[   335.44 ] D: CHECKED 4 0
[   335.44 ] D: CHECKED 5 1
[   335.44 ] D: CHECKED 4 0
[   335.44 ] D: CHECKED 5 1
[   335.45 ] D: CHECKED 4 0
[   335.45 ] D: CHECKED 5 1
[   335.45 ] D: CHECKED 4 0
[   335.45 ] D: CHECKED 5 1
[   335.45 ] D: CHECKED 4 0
[   335.45 ] D: CHECKED 5 1
[   335.47 ] D: CHECKED 4 0
[   335.47 ] D: CHECKED 5 1
[   335.47 ] D: CHECKED 4 0
[   335.47 ] D: CHECKED 5 1
[   335.47 ] D: CHECKED 4 0
[   335.47 ] D: CHECKED 5 1
[   335.49 ] D: CHECKED 4 0
[   335.49 ] D: CHECKED 5 1
[   335.49 ] D: CHECKED 4 0
[   335.49 ] D: CHECKED 5 1
[   335.49 ] D: CHECKED 4 0
[   335.49 ] D: CHECKED 5 1
[   335.51 ] D: CHECKED 4 0
[   335.51 ] D: CHECKED 5 1
[   335.51 ] D: CHECKED 4 0
[   335.51 ] D: CHECKED 5 1
[   335.51 ] D: CHECKED 4 0
[   335.51 ] D: CHECKED 5 1
[   335.52 ] D: CHECKED 4 0
[   335.52 ] D: CHECKED 5 1
[   335.52 ] D: CHECKED 4 0
[   335.52 ] D: CHECKED 5 1
[   335.52 ] D: CHECKED 4 0
[   335.52 ] D: CHECKED 5 1
[   335.54 ] D: CHECKED 4 0
[   335.54 ] D: CHECKED 5 1
[   335.54 ] D: CHECKED 4 0
[   335.54 ] D: CHECKED 5 1
[   335.54 ] D: CHECKED 4 0
[   335.54 ] D: CHECKED 5 1
[   335.56 ] D: CHECKED 4 0
[   335.56 ] D: CHECKED 5 1
[   335.56 ] D: CHECKED 4 0
[   335.56 ] D: CHECKED 5 1
[   335.56 ] D: CHECKED 4 0
[   335.56 ] D: CHECKED 5 1
[   335.58 ] D: CHECKED 4 0
[   335.58 ] D: CHECKED 5 1
[   335.58 ] D: CHECKED 4 0
[   335.58 ] D: CHECKED 5 1
[   335.58 ] D: CHECKED 4 0
[   335.58 ] D: CHECKED 5 1
[   335.59 ] D: CHECKED 4 0
[   335.59 ] D: CHECKED 5 1
[   335.59 ] D: CHECKED 4 0
[   335.59 ] D: CHECKED 5 1
[   335.59 ] D: CHECKED 4 0
[   335.59 ] D: CHECKED 5 1
[   335.61 ] D: CHECKED 4 0
[   335.61 ] D: CHECKED 5 1
[   335.61 ] D: CHECKED 4 0
[   335.61 ] D: CHECKED 5 1
[   335.61 ] D: CHECKED 4 0
[   335.61 ] D: CHECKED 5 1
[   335.63 ] D: CHECKED 4 0
[   335.63 ] D: CHECKED 5 1
[   335.63 ] D: CHECKED 4 0
[   335.63 ] D: CHECKED 5 1
[   335.63 ] D: CHECKED 4 0
[   335.63 ] D: CHECKED 5 1
[   335.64 ] D: CHECKED 4 0
[   335.64 ] D: CHECKED 5 1
[   335.64 ] D: CHECKED 4 0
[   335.64 ] D: CHECKED 5 1
[   335.64 ] D: CHECKED 4 0
[   335.64 ] D: CHECKED 5 1
[   335.66 ] D: CHECKED 4 0
[   335.66 ] D: CHECKED 5 1
[   335.66 ] D: CHECKED 4 0
[   335.66 ] D: CHECKED 5 1
[   335.66 ] D: CHECKED 4 0
[   335.66 ] D: CHECKED 5 1
[   335.68 ] D: CHECKED 4 0
[   335.68 ] D: CHECKED 5 1
[   335.68 ] D: CHECKED 4 0
[   335.68 ] D: CHECKED 5 1
[   335.68 ] D: CHECKED 4 0
[   335.68 ] D: CHECKED 5 1
[   335.70 ] D: CHECKED 4 0
[   335.70 ] D: CHECKED 5 1
[   335.70 ] D: CHECKED 4 0
[   335.70 ] D: CHECKED 5 1
[   335.70 ] D: CHECKED 4 0
[   335.70 ] D: CHECKED 5 1
[   335.71 ] D: CHECKED 4 0
[   335.71 ] D: CHECKED 5 1
[   335.71 ] D: CHECKED 4 0
[   335.71 ] D: CHECKED 5 1
[   335.71 ] D: CHECKED 4 0
[   335.71 ] D: CHECKED 5 1
[   335.73 ] D: CHECKED 4 0
[   335.73 ] D: CHECKED 5 1
[   335.73 ] D: CHECKED 4 0
[   335.73 ] D: CHECKED 5 1
[   335.73 ] D: CHECKED 4 0
[   335.73 ] D: CHECKED 5 1
[   335.75 ] D: CHECKED 4 0
[   335.75 ] D: CHECKED 5 1
[   335.75 ] D: CHECKED 4 0
[   335.75 ] D: CHECKED 5 1
[   335.75 ] D: CHECKED 4 0
[   335.75 ] D: CHECKED 5 1
[   335.77 ] D: CHECKED 4 0
[   335.77 ] D: CHECKED 5 1
[   335.77 ] D: CHECKED 4 0
[   335.77 ] D: CHECKED 5 1
[   335.77 ] D: CHECKED 4 0
[   335.77 ] D: CHECKED 5 1
[   335.78 ] D: CHECKED 4 0
[   335.78 ] D: CHECKED 5 1
[   335.78 ] D: CHECKED 4 0
[   335.78 ] D: CHECKED 5 1
[   335.78 ] D: CHECKED 4 0
[   335.78 ] D: CHECKED 5 1
[   335.80 ] D: CHECKED 4 0
[   335.80 ] D: CHECKED 5 1
[   335.80 ] D: CHECKED 4 0
[   335.80 ] D: CHECKED 5 1
[   335.80 ] D: CHECKED 4 0
[   335.80 ] D: CHECKED 5 1
[   335.82 ] D: CHECKED 4 0
[   335.82 ] D: CHECKED 5 1
[   335.82 ] D: CHECKED 4 0
[   335.82 ] D: CHECKED 5 1
[   335.82 ] D: CHECKED 4 0
[   335.82 ] D: CHECKED 5 1
[   335.84 ] D: CHECKED 4 0
[   335.84 ] D: CHECKED 5 1
[   335.84 ] D: CHECKED 4 0
[   335.84 ] D: CHECKED 5 1
[   335.84 ] D: CHECKED 4 0
[   335.84 ] D: CHECKED 5 1
[   335.85 ] D: CHECKED 4 0
[   335.85 ] D: CHECKED 5 1
[   335.85 ] D: CHECKED 4 0
[   335.85 ] D: CHECKED 5 1
[   335.85 ] D: CHECKED 4 0
[   335.85 ] D: CHECKED 5 1
[   335.87 ] D: CHECKED 4 0
[   335.87 ] D: CHECKED 5 1
[   335.87 ] D: CHECKED 4 0
[   335.87 ] D: CHECKED 5 1
[   335.87 ] D: CHECKED 4 0
[   335.87 ] D: CHECKED 5 1
[   335.89 ] D: CHECKED 4 0
[   335.89 ] D: CHECKED 5 1
[   335.89 ] D: CHECKED 4 0
[   335.89 ] D: CHECKED 5 1
[   335.89 ] D: CHECKED 4 0
[   335.89 ] D: CHECKED 5 1
[   335.91 ] D: CHECKED 4 0
[   335.91 ] D: CHECKED 5 1
[   335.91 ] D: CHECKED 4 0
[   335.91 ] D: CHECKED 5 1
[   335.91 ] D: CHECKED 4 0
[   335.91 ] D: CHECKED 5 1
[   335.92 ] D: CHECKED 4 0
[   335.92 ] D: CHECKED 5 1
[   335.92 ] D: CHECKED 4 0
[   335.92 ] D: CHECKED 5 1
[   335.92 ] D: CHECKED 4 0
[   335.92 ] D: CHECKED 5 1
[   335.94 ] D: CHECKED 4 0
[   335.94 ] D: CHECKED 5 1
[   335.94 ] D: CHECKED 4 0
[   335.94 ] D: CHECKED 5 1
[   335.94 ] D: CHECKED 4 0
[   335.94 ] D: CHECKED 5 1
[   335.96 ] D: CHECKED 4 0
[   335.96 ] D: CHECKED 5 1
[   335.96 ] D: CHECKED 4 0
[   335.96 ] D: CHECKED 5 1
[   335.96 ] D: CHECKED 4 0
[   335.96 ] D: CHECKED 5 1
[   335.98 ] D: CHECKED 4 0
[   335.98 ] D: CHECKED 5 1
[   335.98 ] D: CHECKED 4 0
[   335.98 ] D: CHECKED 5 1
[   335.98 ] D: CHECKED 4 0
[   335.98 ] D: CHECKED 5 1
[   335.99 ] D: CHECKED 4 0
[   335.99 ] D: CHECKED 5 1
[   335.99 ] D: CHECKED 4 0
[   335.99 ] D: CHECKED 5 1
[   335.99 ] D: CHECKED 4 0
[   335.99 ] D: CHECKED 5 1
[   336.01 ] D: CHECKED 4 0
[   336.01 ] D: CHECKED 5 1
[   336.01 ] D: CHECKED 4 0
[   336.01 ] D: CHECKED 5 1
[   336.01 ] D: CHECKED 4 0
[   336.01 ] D: CHECKED 5 1
[   336.03 ] D: CHECKED 4 0
[   336.03 ] D: CHECKED 5 1
[   336.03 ] D: CHECKED 4 0
[   336.03 ] D: CHECKED 5 1
[   336.03 ] D: CHECKED 4 0
[   336.03 ] D: CHECKED 5 1
[   336.05 ] D: CHECKED 4 0
[   336.05 ] D: CHECKED 5 1
[   336.05 ] D: CHECKED 4 0
[   336.05 ] D: CHECKED 5 1
[   336.05 ] D: CHECKED 4 0
[   336.05 ] D: CHECKED 5 1
[   336.06 ] D: CHECKED 4 0
[   336.06 ] D: CHECKED 5 1
[   336.06 ] D: CHECKED 4 0
[   336.06 ] D: CHECKED 5 1
[   336.06 ] D: CHECKED 4 0
[   336.06 ] D: CHECKED 5 1
[   336.08 ] D: CHECKED 4 0
[   336.08 ] D: CHECKED 5 1
[   336.08 ] D: CHECKED 4 0
[   336.08 ] D: CHECKED 5 1
[   336.08 ] D: CHECKED 4 0
[   336.08 ] D: CHECKED 5 1
[   336.10 ] D: CHECKED 4 0
[   336.10 ] D: CHECKED 5 1
[   336.10 ] D: CHECKED 4 0
[   336.10 ] D: CHECKED 5 1
[   336.10 ] D: CHECKED 4 0
[   336.10 ] D: CHECKED 5 1
[   336.12 ] D: CHECKED 4 0
[   336.12 ] D: CHECKED 5 1
[   336.12 ] D: CHECKED 4 0
[   336.12 ] D: CHECKED 5 1
[   336.12 ] D: CHECKED 4 0
[   336.12 ] D: CHECKED 5 1
[   336.13 ] D: CHECKED 4 0
[   336.13 ] D: CHECKED 5 1
[   336.13 ] D: CHECKED 4 0
[   336.13 ] D: CHECKED 5 1
[   336.13 ] D: CHECKED 4 0
[   336.13 ] D: CHECKED 5 1
[   336.15 ] D: CHECKED 4 0
[   336.15 ] D: CHECKED 5 1
[   336.15 ] D: CHECKED 4 0
[   336.15 ] D: CHECKED 5 1
[   336.15 ] D: CHECKED 4 0
[   336.15 ] D: CHECKED 5 1
[   336.17 ] D: CHECKED 4 0
[   336.17 ] D: CHECKED 5 1
[   336.17 ] D: CHECKED 4 0
[   336.17 ] D: CHECKED 5 1
[   336.17 ] D: CHECKED 4 0
[   336.17 ] D: CHECKED 5 1
[   336.18 ] D: CHECKED 4 0
[   336.18 ] D: CHECKED 5 1
[   336.18 ] D: CHECKED 4 0
[   336.18 ] D: CHECKED 5 1
[   336.18 ] D: CHECKED 4 0
[   336.18 ] D: CHECKED 5 1
[   336.20 ] D: CHECKED 4 0
[   336.20 ] D: CHECKED 5 1
[   336.20 ] D: CHECKED 4 0
[   336.20 ] D: CHECKED 5 1
[   336.20 ] D: CHECKED 4 0
[   336.20 ] D: CHECKED 5 1
[   336.22 ] D: CHECKED 4 0
[   336.22 ] D: CHECKED 5 1
[   336.22 ] D: CHECKED 4 0
[   336.22 ] D: CHECKED 5 1
[   336.22 ] D: CHECKED 4 0
[   336.22 ] D: CHECKED 5 1
[   336.24 ] D: CHECKED 4 0
[   336.24 ] D: CHECKED 5 1
[   336.24 ] D: CHECKED 4 0
[   336.24 ] D: CHECKED 5 1
[   336.24 ] D: CHECKED 4 0
[   336.24 ] D: CHECKED 5 1
[   336.25 ] D: CHECKED 4 0
[   336.25 ] D: CHECKED 5 1
[   336.25 ] D: CHECKED 4 0
[   336.25 ] D: CHECKED 5 1
[   336.25 ] D: CHECKED 4 0
[   336.25 ] D: CHECKED 5 1
[   336.27 ] D: CHECKED 4 0
[   336.27 ] D: CHECKED 5 1
[   336.27 ] D: CHECKED 4 0
[   336.27 ] D: CHECKED 5 1
[   336.27 ] D: CHECKED 4 0
[   336.27 ] D: CHECKED 5 1
[   336.29 ] D: CHECKED 4 0
[   336.29 ] D: CHECKED 5 1
[   336.29 ] D: CHECKED 4 0
[   336.29 ] D: CHECKED 5 1
[   336.29 ] D: CHECKED 4 0
[   336.29 ] D: CHECKED 5 1
[   336.31 ] D: CHECKED 4 0
[   336.31 ] D: CHECKED 5 1
[   336.31 ] D: CHECKED 4 0
[   336.31 ] D: CHECKED 5 1
[   336.31 ] D: CHECKED 4 0
[   336.31 ] D: CHECKED 5 1
[   336.32 ] D: CHECKED 4 0
[   336.32 ] D: CHECKED 5 1
[   336.32 ] D: CHECKED 4 0
[   336.32 ] D: CHECKED 5 1
[   336.32 ] D: CHECKED 4 0
[   336.32 ] D: CHECKED 5 1
[   336.34 ] D: CHECKED 4 0
[   336.34 ] D: CHECKED 5 1
[   336.34 ] D: CHECKED 4 0
[   336.34 ] D: CHECKED 5 1
[   336.34 ] D: CHECKED 4 0
[   336.34 ] D: CHECKED 5 1
[   336.36 ] D: CHECKED 4 0
[   336.36 ] D: CHECKED 5 1
[   336.36 ] D: CHECKED 4 0
[   336.36 ] D: CHECKED 5 1
[   336.36 ] D: CHECKED 4 0
[   336.36 ] D: CHECKED 5 1
[   336.38 ] D: CHECKED 4 0
[   336.38 ] D: CHECKED 5 1
[   336.38 ] D: CHECKED 4 0
[   336.38 ] D: CHECKED 5 1
[   336.38 ] D: CHECKED 4 0
[   336.38 ] D: CHECKED 5 1
[   336.39 ] D: CHECKED 4 0
[   336.39 ] D: CHECKED 5 1
[   336.39 ] D: CHECKED 4 0
[   336.39 ] D: CHECKED 5 1
[   336.39 ] D: CHECKED 4 0
[   336.39 ] D: CHECKED 5 1
[   336.41 ] D: CHECKED 4 0
[   336.41 ] D: CHECKED 5 1
[   336.41 ] D: CHECKED 4 0
[   336.41 ] D: CHECKED 5 1
[   336.41 ] D: CHECKED 4 0
[   336.41 ] D: CHECKED 5 1
[   336.43 ] D: CHECKED 4 0
[   336.43 ] D: CHECKED 5 1
[   336.43 ] D: CHECKED 4 0
[   336.43 ] D: CHECKED 5 1
[   336.43 ] D: CHECKED 4 0
[   336.43 ] D: CHECKED 5 1
[   336.45 ] D: CHECKED 4 0
[   336.45 ] D: CHECKED 5 1
[   336.45 ] D: CHECKED 4 0
[   336.45 ] D: CHECKED 5 1
[   336.45 ] D: CHECKED 4 0
[   336.45 ] D: CHECKED 5 1
[   336.46 ] D: CHECKED 4 0
[   336.46 ] D: CHECKED 5 1
[   336.46 ] D: CHECKED 4 0
[   336.46 ] D: CHECKED 5 1
[   336.46 ] D: CHECKED 4 0
[   336.46 ] D: CHECKED 5 1
[   336.48 ] D: CHECKED 4 0
[   336.48 ] D: CHECKED 5 1
[   336.48 ] D: CHECKED 4 0
[   336.48 ] D: CHECKED 5 1
[   336.48 ] D: CHECKED 4 0
[   336.48 ] D: CHECKED 5 1
[   336.50 ] D: CHECKED 4 0
[   336.50 ] D: CHECKED 5 1
[   336.50 ] D: CHECKED 4 0
[   336.50 ] D: CHECKED 5 1
[   336.50 ] D: CHECKED 4 0
[   336.50 ] D: CHECKED 5 1
[   336.52 ] D: CHECKED 4 0
[   336.52 ] D: CHECKED 5 1
[   336.52 ] D: CHECKED 4 0
[   336.52 ] D: CHECKED 5 1
[   336.52 ] D: CHECKED 4 0
[   336.52 ] D: CHECKED 5 1
[   336.53 ] D: CHECKED 4 0
[   336.53 ] D: CHECKED 5 1
[   336.53 ] D: CHECKED 4 0
[   336.53 ] D: CHECKED 5 1
[   336.53 ] D: CHECKED 4 0
[   336.53 ] D: CHECKED 5 1
[   336.55 ] D: CHECKED 4 0
[   336.55 ] D: CHECKED 5 1
[   336.55 ] D: CHECKED 4 0
[   336.55 ] D: CHECKED 5 1
[   336.55 ] D: CHECKED 4 0
[   336.55 ] D: CHECKED 5 1
[   336.57 ] D: CHECKED 4 0
[   336.57 ] D: CHECKED 5 1
[   336.57 ] D: CHECKED 4 0
[   336.57 ] D: CHECKED 5 1
[   336.57 ] D: CHECKED 4 0
[   336.57 ] D: CHECKED 5 1
[   336.59 ] D: CHECKED 4 0
[   336.59 ] D: CHECKED 5 1
[   336.59 ] D: CHECKED 4 0
[   336.59 ] D: CHECKED 5 1
[   336.59 ] D: CHECKED 4 0
[   336.59 ] D: CHECKED 5 1
[   336.60 ] D: CHECKED 4 0
[   336.60 ] D: CHECKED 5 1
[   336.60 ] D: CHECKED 4 0
[   336.60 ] D: CHECKED 5 1
[   336.60 ] D: CHECKED 4 0
[   336.60 ] D: CHECKED 5 1
[   336.62 ] D: CHECKED 4 0
[   336.62 ] D: CHECKED 5 1
[   336.62 ] D: CHECKED 4 0
[   336.62 ] D: CHECKED 5 1
[   336.62 ] D: CHECKED 4 0
[   336.62 ] D: CHECKED 5 1
[   336.64 ] D: CHECKED 4 0
[   336.64 ] D: CHECKED 5 1
[   336.64 ] D: CHECKED 4 0
[   336.64 ] D: CHECKED 5 1
[   336.64 ] D: CHECKED 4 0
[   336.64 ] D: CHECKED 5 1
[   336.65 ] D: CHECKED 4 0
[   336.65 ] D: CHECKED 5 1
[   336.65 ] D: CHECKED 4 0
[   336.65 ] D: CHECKED 5 1
[   336.65 ] D: CHECKED 4 0
[   336.65 ] D: CHECKED 5 1
[   336.67 ] D: CHECKED 4 0
[   336.67 ] D: CHECKED 5 1
[   336.67 ] D: CHECKED 4 0
[   336.67 ] D: CHECKED 5 1
[   336.67 ] D: CHECKED 4 0
[   336.67 ] D: CHECKED 5 1
[   336.69 ] D: CHECKED 4 0
[   336.69 ] D: CHECKED 5 1
[   336.69 ] D: CHECKED 4 0
[   336.69 ] D: CHECKED 5 1
[   336.69 ] D: CHECKED 4 0
[   336.69 ] D: CHECKED 5 1
[   336.71 ] D: CHECKED 4 0
[   336.71 ] D: CHECKED 5 1
[   336.71 ] D: CHECKED 4 0
[   336.71 ] D: CHECKED 5 1
[   336.71 ] D: AsyncFileReader 4 9
[   336.71 ] D: CHECKED 4 0
[   336.71 ] D: CHECKED 5 1
[   336.72 ] D: CHECKED 4 0
[   336.72 ] D: CHECKED 5 1
[   336.72 ] D: CHECKED 4 0
[   336.72 ] D: CHECKED 5 1
[   336.72 ] D: CHECKED 4 0
[   336.72 ] D: CHECKED 5 1
[   336.74 ] D: CHECKED 4 0
[   336.74 ] D: CHECKED 5 1
[   336.74 ] D: CHECKED 4 0
[   336.74 ] D: CHECKED 5 1
[   336.74 ] D: CHECKED 4 0
[   336.74 ] D: CHECKED 5 1
[   336.76 ] D: CHECKED 4 0
[   336.76 ] D: CHECKED 5 1
[   336.76 ] D: CHECKED 4 0
[   336.76 ] D: CHECKED 5 1
[   336.76 ] D: CHECKED 4 0
[   336.76 ] D: CHECKED 5 1
[   336.78 ] D: CHECKED 4 0
[   336.78 ] D: CHECKED 5 1
[   336.78 ] D: CHECKED 4 0
[   336.78 ] D: CHECKED 5 1
[   336.78 ] D: CHECKED 4 0
[   336.78 ] D: CHECKED 5 1
[   336.79 ] D: CHECKED 4 0
[   336.79 ] D: CHECKED 5 1
[   336.79 ] D: CHECKED 4 0
[   336.79 ] D: CHECKED 5 1
[   336.79 ] D: CHECKED 4 0
[   336.79 ] D: CHECKED 5 1
[   336.81 ] D: CHECKED 4 0
[   336.81 ] D: CHECKED 5 1
[   336.81 ] D: CHECKED 4 0
[   336.81 ] D: CHECKED 5 1
[   336.81 ] D: CHECKED 4 0
[   336.81 ] D: CHECKED 5 1
[   336.83 ] D: CHECKED 4 0
[   336.83 ] D: CHECKED 5 1
[   336.83 ] D: CHECKED 4 0
[   336.83 ] D: CHECKED 5 1
[   336.83 ] D: CHECKED 4 0
[   336.83 ] D: CHECKED 5 1
[   336.85 ] D: CHECKED 4 0
[   336.85 ] D: CHECKED 5 1
[   336.85 ] D: CHECKED 4 0
[   336.85 ] D: CHECKED 5 1
[   336.85 ] D: CHECKED 4 0
[   336.85 ] D: CHECKED 5 1
[   336.86 ] D: CHECKED 4 0
[   336.86 ] D: CHECKED 5 1
[   336.86 ] D: CHECKED 4 0
[   336.86 ] D: CHECKED 5 1
[   336.86 ] D: CHECKED 4 0
[   336.86 ] D: CHECKED 5 1
[   336.88 ] D: CHECKED 4 0
[   336.88 ] D: CHECKED 5 1
[   336.88 ] D: CHECKED 4 0
[   336.88 ] D: CHECKED 5 1
[   336.88 ] D: CHECKED 4 0
[   336.88 ] D: CHECKED 5 1
[   336.90 ] D: CHECKED 4 0
[   336.90 ] D: CHECKED 5 1
[   336.90 ] D: CHECKED 4 0
[   336.90 ] D: CHECKED 5 1
[   336.90 ] D: CHECKED 4 0
[   336.90 ] D: CHECKED 5 1
[   336.92 ] D: CHECKED 4 0
[   336.92 ] D: CHECKED 5 1
[   336.92 ] D: CHECKED 4 0
[   336.92 ] D: CHECKED 5 1
[   336.92 ] D: CHECKED 4 0
[   336.92 ] D: CHECKED 5 1
[   336.93 ] D: CHECKED 4 0
[   336.93 ] D: CHECKED 5 1
[   336.93 ] D: CHECKED 4 0
[   336.93 ] D: CHECKED 5 1
[   336.93 ] D: CHECKED 4 0
[   336.93 ] D: CHECKED 5 1
[   336.95 ] D: CHECKED 4 0
[   336.95 ] D: CHECKED 5 1
[   336.95 ] D: CHECKED 4 0
[   336.95 ] D: CHECKED 5 1
[   336.95 ] D: CHECKED 4 0
[   336.95 ] D: CHECKED 5 1
[   336.97 ] D: CHECKED 4 0
[   336.97 ] D: CHECKED 5 1
[   336.97 ] D: CHECKED 4 0
[   336.97 ] D: CHECKED 5 1
[   336.97 ] D: CHECKED 4 0
[   336.97 ] D: CHECKED 5 1
[   336.99 ] D: CHECKED 4 0
[   336.99 ] D: CHECKED 5 1
[   336.99 ] D: CHECKED 4 0
[   336.99 ] D: CHECKED 5 1
[   336.99 ] D: CHECKED 4 0
[   336.99 ] D: CHECKED 5 1
[   337.00 ] D: CHECKED 4 0
[   337.00 ] D: CHECKED 5 1
[   337.00 ] D: CHECKED 4 0
[   337.00 ] D: CHECKED 5 1
[   337.00 ] D: CHECKED 4 0
[   337.00 ] D: CHECKED 5 1
[   337.02 ] D: CHECKED 4 0
[   337.02 ] D: CHECKED 5 1
[   337.02 ] D: CHECKED 4 0
[   337.02 ] D: CHECKED 5 1
[   337.02 ] D: CHECKED 4 0
[   337.02 ] D: CHECKED 5 1
[   337.04 ] D: CHECKED 4 0
[   337.04 ] D: CHECKED 5 1
[   337.04 ] D: CHECKED 4 0
[   337.04 ] D: CHECKED 5 1
[   337.04 ] D: CHECKED 4 0
[   337.04 ] D: CHECKED 5 1
[   337.06 ] D: CHECKED 4 0
[   337.06 ] D: CHECKED 5 1
[   337.06 ] D: CHECKED 4 0
[   337.06 ] D: CHECKED 5 1
[   337.06 ] D: CHECKED 4 0
[   337.06 ] D: CHECKED 5 1
[   337.07 ] D: CHECKED 4 0
[   337.07 ] D: CHECKED 5 1
[   337.07 ] D: CHECKED 4 0
[   337.07 ] D: CHECKED 5 1
[   337.07 ] D: CHECKED 4 0
[   337.07 ] D: CHECKED 5 1
[   337.09 ] D: CHECKED 4 0
[   337.09 ] D: CHECKED 5 1
[   337.09 ] D: CHECKED 4 0
[   337.09 ] D: CHECKED 5 1
[   337.09 ] D: CHECKED 4 0
[   337.09 ] D: CHECKED 5 1
[   337.11 ] D: CHECKED 4 0
[   337.11 ] D: CHECKED 5 1
[   337.11 ] D: CHECKED 4 0
[   337.11 ] D: CHECKED 5 1
[   337.11 ] D: CHECKED 4 0
[   337.11 ] D: CHECKED 5 1
[   337.13 ] D: CHECKED 4 0
[   337.13 ] D: CHECKED 5 1
[   337.13 ] D: CHECKED 4 0
[   337.13 ] D: CHECKED 5 1
[   337.13 ] D: CHECKED 4 0
[   337.13 ] D: CHECKED 5 1
[   337.14 ] D: CHECKED 4 0
[   337.14 ] D: CHECKED 5 1
[   337.14 ] D: CHECKED 4 0
[   337.14 ] D: CHECKED 5 1
[   337.14 ] D: CHECKED 4 0
[   337.14 ] D: CHECKED 5 1
[   337.16 ] D: CHECKED 4 0
[   337.16 ] D: CHECKED 5 1
[   337.16 ] D: CHECKED 4 0
[   337.16 ] D: CHECKED 5 1
[   337.16 ] D: CHECKED 4 0
[   337.16 ] D: CHECKED 5 1
[   337.18 ] D: CHECKED 4 0
[   337.18 ] D: CHECKED 5 1
[   337.18 ] D: CHECKED 4 0
[   337.18 ] D: CHECKED 5 1
[   337.18 ] D: CHECKED 4 0
[   337.18 ] D: CHECKED 5 1
[   337.19 ] D: CHECKED 4 0
[   337.19 ] D: CHECKED 5 1
[   337.19 ] D: CHECKED 4 0
[   337.19 ] D: CHECKED 5 1
[   337.19 ] D: CHECKED 4 0
[   337.19 ] D: CHECKED 5 1
[   337.21 ] D: CHECKED 4 0
[   337.21 ] D: CHECKED 5 1
[   337.21 ] D: CHECKED 4 0
[   337.21 ] D: CHECKED 5 1
[   337.21 ] D: CHECKED 4 0
[   337.21 ] D: CHECKED 5 1
[   337.23 ] D: CHECKED 4 0
[   337.23 ] D: CHECKED 5 1
[   337.23 ] D: CHECKED 4 0
[   337.23 ] D: CHECKED 5 1
[   337.23 ] D: CHECKED 4 0
[   337.23 ] D: CHECKED 5 1
[   337.25 ] D: CHECKED 4 0
[   337.25 ] D: CHECKED 5 1
[   337.25 ] D: CHECKED 4 0
[   337.25 ] D: CHECKED 5 1
[   337.25 ] D: CHECKED 4 0
[   337.25 ] D: CHECKED 5 1
[   337.26 ] D: CHECKED 4 0
[   337.26 ] D: CHECKED 5 1
[   337.26 ] D: CHECKED 4 0
[   337.26 ] D: CHECKED 5 1
[   337.26 ] D: CHECKED 4 0
[   337.26 ] D: CHECKED 5 1
[   337.28 ] D: CHECKED 4 0
[   337.28 ] D: CHECKED 5 1
[   337.28 ] D: CHECKED 4 0
[   337.28 ] D: CHECKED 5 1
[   337.28 ] D: CHECKED 4 0
[   337.28 ] D: CHECKED 5 1
[   337.30 ] D: CHECKED 4 0
[   337.30 ] D: CHECKED 5 1
[   337.30 ] D: CHECKED 4 0
[   337.30 ] D: CHECKED 5 1
[   337.30 ] D: CHECKED 4 0
[   337.30 ] D: CHECKED 5 1
[   337.32 ] D: CHECKED 4 0
[   337.32 ] D: CHECKED 5 1
[   337.32 ] D: CHECKED 4 0
[   337.32 ] D: CHECKED 5 1
[   337.32 ] D: CHECKED 4 0
[   337.32 ] D: CHECKED 5 1
[   337.33 ] D: CHECKED 4 0
[   337.33 ] D: CHECKED 5 1
[   337.33 ] D: CHECKED 4 0
[   337.33 ] D: CHECKED 5 1
[   337.33 ] D: CHECKED 4 0
[   337.33 ] D: CHECKED 5 1
[   337.35 ] D: CHECKED 4 0
[   337.35 ] D: CHECKED 5 1
[   337.35 ] D: CHECKED 4 0
[   337.35 ] D: CHECKED 5 1
[   337.35 ] D: CHECKED 4 0
[   337.35 ] D: CHECKED 5 1
[   337.37 ] D: CHECKED 4 0
[   337.37 ] D: CHECKED 5 1
[   337.37 ] D: CHECKED 4 0
[   337.37 ] D: CHECKED 5 1
[   337.37 ] D: CHECKED 4 0
[   337.37 ] D: CHECKED 5 1
[   337.39 ] D: CHECKED 4 0
[   337.39 ] D: CHECKED 5 1
[   337.39 ] D: CHECKED 4 0
[   337.39 ] D: CHECKED 5 1
[   337.39 ] D: CHECKED 4 0
[   337.39 ] D: CHECKED 5 1
[   337.40 ] D: CHECKED 4 0
[   337.40 ] D: CHECKED 5 1
[   337.40 ] D: CHECKED 4 0
[   337.40 ] D: CHECKED 5 1
[   337.40 ] D: CHECKED 4 0
[   337.40 ] D: CHECKED 5 1
[   337.42 ] D: CHECKED 4 0
[   337.42 ] D: CHECKED 5 1
[   337.42 ] D: CHECKED 4 0
[   337.42 ] D: CHECKED 5 1
[   337.42 ] D: CHECKED 4 0
[   337.42 ] D: CHECKED 5 1
[   337.44 ] D: CHECKED 4 0
[   337.44 ] D: CHECKED 5 1
[   337.44 ] D: CHECKED 4 0
[   337.44 ] D: CHECKED 5 1
[   337.44 ] D: CHECKED 4 0
[   337.44 ] D: CHECKED 5 1
[   337.46 ] D: CHECKED 4 0
[   337.46 ] D: CHECKED 5 1
[   337.46 ] D: CHECKED 4 0
[   337.46 ] D: CHECKED 5 1
[   337.46 ] D: CHECKED 4 0
[   337.46 ] D: CHECKED 5 1
[   337.47 ] D: CHECKED 4 0
[   337.47 ] D: CHECKED 5 1
[   337.47 ] D: CHECKED 4 0
[   337.47 ] D: CHECKED 5 1
[   337.47 ] D: CHECKED 4 0
[   337.47 ] D: CHECKED 5 1
[   337.49 ] D: CHECKED 4 0
[   337.49 ] D: CHECKED 5 1
[   337.49 ] D: CHECKED 4 0
[   337.49 ] D: CHECKED 5 1
[   337.49 ] D: CHECKED 4 0
[   337.49 ] D: CHECKED 5 1
[   337.51 ] D: CHECKED 4 0
[   337.51 ] D: CHECKED 5 1
[   337.51 ] D: CHECKED 4 0
[   337.51 ] D: CHECKED 5 1
[   337.51 ] D: CHECKED 4 0
[   337.51 ] D: CHECKED 5 1
[   337.53 ] D: CHECKED 4 0
[   337.53 ] D: CHECKED 5 1
[   337.53 ] D: CHECKED 4 0
[   337.53 ] D: CHECKED 5 1
[   337.53 ] D: CHECKED 4 0
[   337.53 ] D: CHECKED 5 1
[   337.54 ] D: CHECKED 4 0
[   337.54 ] D: CHECKED 5 1
[   337.54 ] D: CHECKED 4 0
[   337.54 ] D: CHECKED 5 1
[   337.54 ] D: CHECKED 4 0
[   337.54 ] D: CHECKED 5 1
[   337.56 ] D: CHECKED 4 0
[   337.56 ] D: CHECKED 5 1
[   337.56 ] D: CHECKED 4 0
[   337.56 ] D: CHECKED 5 1
[   337.56 ] D: CHECKED 4 0
[   337.56 ] D: CHECKED 5 1
[   337.58 ] D: CHECKED 4 0
[   337.58 ] D: CHECKED 5 1
[   337.58 ] D: CHECKED 4 0
[   337.58 ] D: CHECKED 5 1
[   337.58 ] D: CHECKED 4 0
[   337.58 ] D: CHECKED 5 1
[   337.60 ] D: CHECKED 4 0
[   337.60 ] D: CHECKED 5 1
[   337.60 ] D: CHECKED 4 0
[   337.60 ] D: CHECKED 5 1
[   337.60 ] D: CHECKED 4 0
[   337.60 ] D: CHECKED 5 1
[   337.61 ] D: CHECKED 4 0
[   337.61 ] D: CHECKED 5 1
[   337.61 ] D: CHECKED 4 0
[   337.61 ] D: CHECKED 5 1
[   337.61 ] D: CHECKED 4 0
[   337.61 ] D: CHECKED 5 1
[   337.63 ] D: CHECKED 4 0
[   337.63 ] D: CHECKED 5 1
[   337.63 ] D: CHECKED 4 0
[   337.63 ] D: CHECKED 5 1
[   337.63 ] D: CHECKED 4 0
[   337.63 ] D: CHECKED 5 1
[   337.65 ] D: CHECKED 4 0
[   337.65 ] D: CHECKED 5 1
[   337.65 ] D: CHECKED 4 0
[   337.65 ] D: CHECKED 5 1
[   337.65 ] D: CHECKED 4 0
[   337.65 ] D: CHECKED 5 1
[   337.67 ] D: CHECKED 4 0
[   337.67 ] D: CHECKED 5 1
[   337.67 ] D: CHECKED 4 0
[   337.67 ] D: CHECKED 5 1
[   337.67 ] D: CHECKED 4 0
[   337.67 ] D: CHECKED 5 1
[   337.68 ] D: CHECKED 4 0
[   337.68 ] D: CHECKED 5 1
[   337.68 ] D: CHECKED 4 0
[   337.68 ] D: CHECKED 5 1
[   337.68 ] D: CHECKED 4 0
[   337.68 ] D: CHECKED 5 1
[   337.70 ] D: CHECKED 4 0
[   337.70 ] D: CHECKED 5 1
[   337.70 ] D: CHECKED 4 0
[   337.70 ] D: CHECKED 5 1
[   337.70 ] D: CHECKED 4 0
[   337.70 ] D: CHECKED 5 1
[   337.72 ] D: CHECKED 4 0
[   337.72 ] D: CHECKED 5 1
[   337.72 ] D: CHECKED 4 0
[   337.72 ] D: CHECKED 5 1
[   337.72 ] D: CHECKED 4 0
[   337.72 ] D: CHECKED 5 1
[   337.73 ] D: CHECKED 4 0
[   337.73 ] D: CHECKED 5 1
[   337.73 ] D: CHECKED 4 0
[   337.73 ] D: CHECKED 5 1
[   337.73 ] D: CHECKED 4 0
[   337.73 ] D: CHECKED 5 1
[   337.75 ] D: CHECKED 4 0
[   337.75 ] D: CHECKED 5 1
[   337.75 ] D: CHECKED 4 0
[   337.75 ] D: CHECKED 5 1
[   337.75 ] D: CHECKED 4 0
[   337.75 ] D: CHECKED 5 1
[   337.77 ] D: CHECKED 4 0
[   337.77 ] D: CHECKED 5 1
[   337.77 ] D: CHECKED 4 0
[   337.77 ] D: CHECKED 5 1
[   337.77 ] D: CHECKED 4 0
[   337.77 ] D: CHECKED 5 1
[   337.79 ] D: CHECKED 4 0
[   337.79 ] D: CHECKED 5 1
[   337.79 ] D: CHECKED 4 0
[   337.79 ] D: CHECKED 5 1
[   337.79 ] D: CHECKED 4 0
[   337.79 ] D: CHECKED 5 1
[   337.80 ] D: CHECKED 4 0
[   337.80 ] D: CHECKED 5 1
[   337.80 ] D: CHECKED 4 0
[   337.80 ] D: CHECKED 5 1
[   337.80 ] D: CHECKED 4 0
[   337.80 ] D: CHECKED 5 1
[   337.82 ] D: CHECKED 4 0
[   337.82 ] D: CHECKED 5 1
[   337.82 ] D: CHECKED 4 0
[   337.82 ] D: CHECKED 5 1
[   337.82 ] D: CHECKED 4 0
[   337.82 ] D: CHECKED 5 1
[   337.84 ] D: CHECKED 4 0
[   337.84 ] D: CHECKED 5 1
[   337.84 ] D: CHECKED 4 0
[   337.84 ] D: CHECKED 5 1
[   337.84 ] D: CHECKED 4 0
[   337.84 ] D: CHECKED 5 1
[   337.86 ] D: CHECKED 4 0
[   337.86 ] D: CHECKED 5 1
[   337.86 ] D: CHECKED 4 0
[   337.86 ] D: CHECKED 5 1
[   337.86 ] D: CHECKED 4 0
[   337.86 ] D: CHECKED 5 1
[   337.87 ] D: CHECKED 4 0
[   337.87 ] D: CHECKED 5 1
[   337.87 ] D: CHECKED 4 0
[   337.87 ] D: CHECKED 5 1
[   337.87 ] D: CHECKED 4 0
[   337.87 ] D: CHECKED 5 1
[   337.89 ] D: CHECKED 4 0
[   337.89 ] D: CHECKED 5 1
[   337.89 ] D: CHECKED 4 0
[   337.89 ] D: CHECKED 5 1
[   337.89 ] D: CHECKED 4 0
[   337.89 ] D: CHECKED 5 1
[   337.91 ] D: CHECKED 4 0
[   337.91 ] D: CHECKED 5 1
[   337.91 ] D: CHECKED 4 0
[   337.91 ] D: CHECKED 5 1
[   337.91 ] D: CHECKED 4 0
[   337.91 ] D: CHECKED 5 1
[   337.93 ] D: CHECKED 4 0
[   337.93 ] D: CHECKED 5 1
[   337.93 ] D: CHECKED 4 0
[   337.93 ] D: CHECKED 5 1
[   337.93 ] D: CHECKED 4 0
[   337.93 ] D: CHECKED 5 1
[   337.94 ] D: CHECKED 4 0
[   337.94 ] D: CHECKED 5 1
[   337.94 ] D: CHECKED 4 0
[   337.94 ] D: CHECKED 5 1
[   337.94 ] D: CHECKED 4 0
[   337.94 ] D: CHECKED 5 1
[   337.96 ] D: CHECKED 4 0
[   337.96 ] D: CHECKED 5 1
[   337.96 ] D: CHECKED 4 0
[   337.96 ] D: CHECKED 5 1
[   337.96 ] D: CHECKED 4 0
[   337.96 ] D: CHECKED 5 1
[   337.98 ] D: CHECKED 4 0
[   337.98 ] D: CHECKED 5 1
[   337.98 ] D: CHECKED 4 0
[   337.98 ] D: CHECKED 5 1
[   337.98 ] D: CHECKED 4 0
[   337.98 ] D: CHECKED 5 1
[   338.00 ] D: CHECKED 4 0
[   338.00 ] D: CHECKED 5 1
[   338.00 ] D: CHECKED 4 0
[   338.00 ] D: CHECKED 5 1
[   338.00 ] D: CHECKED 4 0
[   338.00 ] D: CHECKED 5 1
[   338.01 ] D: CHECKED 4 0
[   338.01 ] D: CHECKED 5 1
[   338.01 ] D: CHECKED 4 0
[   338.01 ] D: CHECKED 5 1
[   338.01 ] D: CHECKED 4 0
[   338.01 ] D: CHECKED 5 1
[   338.03 ] D: CHECKED 4 0
[   338.03 ] D: CHECKED 5 1
[   338.03 ] D: CHECKED 4 0
[   338.03 ] D: CHECKED 5 1
[   338.03 ] D: CHECKED 4 0
[   338.03 ] D: CHECKED 5 1
[   338.05 ] D: CHECKED 4 0
[   338.05 ] D: CHECKED 5 1
[   338.05 ] D: CHECKED 4 0
[   338.05 ] D: CHECKED 5 1
[   338.05 ] D: CHECKED 4 0
[   338.05 ] D: CHECKED 5 1
[   338.07 ] D: CHECKED 4 0
[   338.07 ] D: CHECKED 5 1
[   338.07 ] D: CHECKED 4 0
[   338.07 ] D: CHECKED 5 1
[   338.07 ] D: CHECKED 4 0
[   338.07 ] D: CHECKED 5 1
[   338.08 ] D: CHECKED 4 0
[   338.08 ] D: CHECKED 5 1
[   338.08 ] D: CHECKED 4 0
[   338.08 ] D: CHECKED 5 1
[   338.08 ] D: CHECKED 4 0
[   338.08 ] D: CHECKED 5 1
[   338.10 ] D: CHECKED 4 0
[   338.10 ] D: CHECKED 5 1
[   338.10 ] D: CHECKED 4 0
[   338.10 ] D: CHECKED 5 1
[   338.10 ] D: CHECKED 4 0
[   338.10 ] D: CHECKED 5 1
[   338.12 ] D: CHECKED 4 0
[   338.12 ] D: CHECKED 5 1
[   338.12 ] D: CHECKED 4 0
[   338.12 ] D: CHECKED 5 1
[   338.12 ] D: CHECKED 4 0
[   338.12 ] D: CHECKED 5 1
[   338.14 ] D: CHECKED 4 0
[   338.14 ] D: CHECKED 5 1
[   338.14 ] D: CHECKED 4 0
[   338.14 ] D: CHECKED 5 1
[   338.14 ] D: CHECKED 4 0
[   338.14 ] D: CHECKED 5 1
[   338.15 ] D: CHECKED 4 0
[   338.15 ] D: CHECKED 5 1
[   338.15 ] D: CHECKED 4 0
[   338.15 ] D: CHECKED 5 1
[   338.15 ] D: CHECKED 4 0
[   338.15 ] D: CHECKED 5 1
[   338.17 ] D: CHECKED 4 0
[   338.17 ] D: CHECKED 5 1
[   338.17 ] D: CHECKED 4 0
[   338.17 ] D: CHECKED 5 1
[   338.17 ] D: CHECKED 4 0
[   338.17 ] D: CHECKED 5 1
[   338.19 ] D: CHECKED 4 0
[   338.19 ] D: CHECKED 5 1
[   338.19 ] D: CHECKED 4 0
[   338.19 ] D: CHECKED 5 1
[   338.19 ] D: CHECKED 4 0
[   338.19 ] D: CHECKED 5 1
[   338.20 ] D: AsyncFileReader 0 10
[   338.20 ] D: CHECKED 4 0
[   338.20 ] D: CHECKED 5 1
[   338.20 ] D: CHECKED 4 0
[   338.20 ] D: CHECKED 5 1
[   338.20 ] D: CHECKED 4 0
[   338.20 ] D: CHECKED 5 1
[   338.22 ] D: CHECKED 4 0
[   338.22 ] D: CHECKED 5 1
[   338.22 ] D: CHECKED 4 0
[   338.22 ] D: CHECKED 5 1
[   338.22 ] D: CHECKED 4 0
[   338.22 ] D: CHECKED 5 1
[   338.24 ] D: CHECKED 4 0
[   338.24 ] D: CHECKED 5 1
[   338.24 ] D: CHECKED 4 0
[   338.24 ] D: CHECKED 5 1
[   338.24 ] D: CHECKED 4 0
[   338.24 ] D: CHECKED 5 1
[   338.26 ] D: CHECKED 4 0
[   338.26 ] D: CHECKED 5 1
[   338.26 ] D: CHECKED 4 0
[   338.26 ] D: CHECKED 5 1
[   338.26 ] D: CHECKED 4 0
[   338.26 ] D: CHECKED 5 1
[   338.27 ] D: CHECKED 4 0
[   338.27 ] D: CHECKED 5 1
[   338.27 ] D: CHECKED 4 0
[   338.27 ] D: CHECKED 5 1
[   338.27 ] D: CHECKED 4 0
[   338.27 ] D: CHECKED 5 1
[   338.29 ] D: CHECKED 4 0
[   338.29 ] D: CHECKED 5 1
[   338.29 ] D: CHECKED 4 0
[   338.29 ] D: CHECKED 5 1
[   338.29 ] D: CHECKED 4 0
[   338.29 ] D: CHECKED 5 1
[   338.31 ] D: CHECKED 4 0
[   338.31 ] D: CHECKED 5 1
[   338.31 ] D: CHECKED 4 0
[   338.31 ] D: CHECKED 5 1
[   338.31 ] D: CHECKED 4 0
[   338.31 ] D: CHECKED 5 1
[   338.33 ] D: CHECKED 4 0
[   338.33 ] D: CHECKED 5 1
[   338.33 ] D: CHECKED 4 0
[   338.33 ] D: CHECKED 5 1
[   338.33 ] D: CHECKED 4 0
[   338.33 ] D: CHECKED 5 1
[   338.34 ] D: CHECKED 4 0
[   338.34 ] D: CHECKED 5 1
[   338.34 ] D: CHECKED 4 0
[   338.34 ] D: CHECKED 5 1
[   338.34 ] D: CHECKED 4 0
[   338.34 ] D: CHECKED 5 1
[   338.36 ] D: CHECKED 4 0
[   338.36 ] D: CHECKED 5 1
[   338.36 ] D: CHECKED 4 0
[   338.36 ] D: CHECKED 5 1
[   338.36 ] D: CHECKED 4 0
[   338.36 ] D: CHECKED 5 1
[   338.38 ] D: CHECKED 4 0
[   338.38 ] D: CHECKED 5 1
[   338.38 ] D: CHECKED 4 0
[   338.38 ] D: CHECKED 5 1
[   338.38 ] D: CHECKED 4 0
[   338.38 ] D: CHECKED 5 1
[   338.40 ] D: CHECKED 4 0
[   338.40 ] D: CHECKED 5 1
[   338.40 ] D: CHECKED 4 0
[   338.40 ] D: CHECKED 5 1
[   338.40 ] D: CHECKED 4 0
[   338.40 ] D: CHECKED 5 1
[   338.41 ] D: CHECKED 4 0
[   338.41 ] D: CHECKED 5 1
[   338.41 ] D: CHECKED 4 0
[   338.41 ] D: CHECKED 5 1
[   338.41 ] D: CHECKED 4 0
[   338.41 ] D: CHECKED 5 1
[   338.43 ] D: CHECKED 4 0
[   338.43 ] D: CHECKED 5 1
[   338.43 ] D: CHECKED 4 0
[   338.43 ] D: CHECKED 5 1
[   338.43 ] D: CHECKED 4 0
[   338.43 ] D: CHECKED 5 1
[   338.45 ] D: CHECKED 4 0
[   338.45 ] D: CHECKED 5 1
[   338.45 ] D: CHECKED 4 0
[   338.45 ] D: CHECKED 5 1
[   338.45 ] D: CHECKED 4 0
[   338.45 ] D: CHECKED 5 1
[   338.47 ] D: CHECKED 4 0
[   338.47 ] D: CHECKED 5 1
[   338.47 ] D: CHECKED 4 0
[   338.47 ] D: CHECKED 5 1
[   338.47 ] D: CHECKED 4 0
[   338.47 ] D: CHECKED 5 1
[   338.48 ] D: CHECKED 4 0
[   338.48 ] D: CHECKED 5 1
[   338.48 ] D: CHECKED 4 0
[   338.48 ] D: CHECKED 5 1
[   338.48 ] D: CHECKED 4 0
[   338.48 ] D: CHECKED 5 1
[   338.50 ] D: CHECKED 4 0
[   338.50 ] D: CHECKED 5 1
[   338.50 ] D: CHECKED 4 0
[   338.50 ] D: CHECKED 5 1
[   338.50 ] D: CHECKED 4 0
[   338.50 ] D: CHECKED 5 1
[   338.52 ] D: CHECKED 4 0
[   338.52 ] D: CHECKED 5 1
[   338.52 ] D: CHECKED 4 0
[   338.52 ] D: CHECKED 5 1
[   338.52 ] D: CHECKED 4 0
[   338.52 ] D: CHECKED 5 1
[   338.54 ] D: CHECKED 4 0
[   338.54 ] D: CHECKED 5 1
[   338.54 ] D: CHECKED 4 0
[   338.54 ] D: CHECKED 5 1
[   338.54 ] D: CHECKED 4 0
[   338.54 ] D: CHECKED 5 1
[   338.55 ] D: CHECKED 4 0
[   338.55 ] D: CHECKED 5 1
[   338.55 ] D: CHECKED 4 0
[   338.55 ] D: CHECKED 5 1
[   338.55 ] D: CHECKED 4 0
[   338.55 ] D: CHECKED 5 1
[   338.57 ] D: CHECKED 4 0
[   338.57 ] D: CHECKED 5 1
[   338.57 ] D: CHECKED 4 0
[   338.57 ] D: CHECKED 5 1
[   338.57 ] D: CHECKED 4 0
[   338.57 ] D: CHECKED 5 1
[   338.59 ] D: CHECKED 4 0
[   338.59 ] D: CHECKED 5 1
[   338.59 ] D: CHECKED 4 0
[   338.59 ] D: CHECKED 5 1
[   338.59 ] D: CHECKED 4 0
[   338.59 ] D: CHECKED 5 1
[   338.61 ] D: CHECKED 4 0
[   338.61 ] D: CHECKED 5 1
[   338.61 ] D: CHECKED 4 0
[   338.61 ] D: CHECKED 5 1
[   338.61 ] D: CHECKED 4 0
[   338.61 ] D: CHECKED 5 1
[   338.62 ] D: CHECKED 4 0
[   338.62 ] D: CHECKED 5 1
[   338.62 ] D: CHECKED 4 0
[   338.62 ] D: CHECKED 5 1
[   338.62 ] D: CHECKED 4 0
[   338.62 ] D: CHECKED 5 1
[   338.64 ] D: CHECKED 4 0
[   338.64 ] D: CHECKED 5 1
[   338.64 ] D: CHECKED 4 0
[   338.64 ] D: CHECKED 5 1
[   338.64 ] D: CHECKED 4 0
[   338.64 ] D: CHECKED 5 1
[   338.66 ] D: CHECKED 4 0
[   338.66 ] D: CHECKED 5 1
[   338.66 ] D: CHECKED 4 0
[   338.66 ] D: CHECKED 5 1
[   338.66 ] D: CHECKED 4 0
[   338.66 ] D: CHECKED 5 1
[   338.68 ] D: CHECKED 4 0
[   338.68 ] D: CHECKED 5 1
[   338.68 ] D: CHECKED 4 0
[   338.68 ] D: CHECKED 5 1
[   338.68 ] D: CHECKED 4 0
[   338.68 ] D: CHECKED 5 1
[   338.69 ] D: CHECKED 4 0
[   338.69 ] D: CHECKED 5 1
[   338.69 ] D: CHECKED 4 0
[   338.69 ] D: CHECKED 5 1
[   338.69 ] D: CHECKED 4 0
[   338.69 ] D: CHECKED 5 1
[   338.71 ] D: CHECKED 4 0
[   338.71 ] D: CHECKED 5 1
[   338.71 ] D: CHECKED 4 0
[   338.71 ] D: CHECKED 5 1
[   338.71 ] D: CHECKED 4 0
[   338.71 ] D: CHECKED 5 1
[   338.73 ] D: CHECKED 4 0
[   338.73 ] D: CHECKED 5 1
[   338.73 ] D: CHECKED 4 0
[   338.73 ] D: CHECKED 5 1
[   338.73 ] D: CHECKED 4 0
[   338.73 ] D: CHECKED 5 1
[   338.74 ] D: CHECKED 4 0
[   338.74 ] D: CHECKED 5 1
[   338.74 ] D: CHECKED 4 0
[   338.74 ] D: CHECKED 5 1
[   338.74 ] D: CHECKED 4 0
[   338.74 ] D: CHECKED 5 1
[   338.76 ] D: CHECKED 4 0
[   338.76 ] D: CHECKED 5 1
[   338.76 ] D: CHECKED 4 0
[   338.76 ] D: CHECKED 5 1
[   338.76 ] D: CHECKED 4 0
[   338.76 ] D: CHECKED 5 1
[   338.78 ] D: CHECKED 4 0
[   338.78 ] D: CHECKED 5 1
[   338.78 ] D: CHECKED 4 0
[   338.78 ] D: CHECKED 5 1
[   338.78 ] D: CHECKED 4 0
[   338.78 ] D: CHECKED 5 1
[   338.80 ] D: CHECKED 4 0
[   338.80 ] D: CHECKED 5 1
[   338.80 ] D: CHECKED 4 0
[   338.80 ] D: CHECKED 5 1
[   338.80 ] D: CHECKED 4 0
[   338.80 ] D: CHECKED 5 1
[   338.81 ] D: CHECKED 4 0
[   338.81 ] D: CHECKED 5 1
[   338.81 ] D: CHECKED 4 0
[   338.81 ] D: CHECKED 5 1
[   338.81 ] D: CHECKED 4 0
[   338.81 ] D: CHECKED 5 1
[   338.83 ] D: CHECKED 4 0
[   338.83 ] D: CHECKED 5 1
[   338.83 ] D: CHECKED 4 0
[   338.83 ] D: CHECKED 5 1
[   338.83 ] D: CHECKED 4 0
[   338.83 ] D: CHECKED 5 1
[   338.85 ] D: CHECKED 4 0
[   338.85 ] D: CHECKED 5 1
[   338.85 ] D: CHECKED 4 0
[   338.85 ] D: CHECKED 5 1
[   338.85 ] D: CHECKED 4 0
[   338.85 ] D: CHECKED 5 1
[   338.87 ] D: CHECKED 4 0
[   338.87 ] D: CHECKED 5 1
[   338.87 ] D: CHECKED 4 0
[   338.87 ] D: CHECKED 5 1
[   338.87 ] D: CHECKED 4 0
[   338.87 ] D: CHECKED 5 1
[   338.88 ] D: CHECKED 4 0
[   338.88 ] D: CHECKED 5 1
[   338.88 ] D: CHECKED 4 0
[   338.88 ] D: CHECKED 5 1
[   338.88 ] D: CHECKED 4 0
[   338.88 ] D: CHECKED 5 1
[   338.90 ] D: CHECKED 4 0
[   338.90 ] D: CHECKED 5 1
[   338.90 ] D: CHECKED 4 0
[   338.90 ] D: CHECKED 5 1
[   338.90 ] D: CHECKED 4 0
[   338.90 ] D: CHECKED 5 1
[   338.92 ] D: CHECKED 4 0
[   338.92 ] D: CHECKED 5 1
[   338.92 ] D: CHECKED 4 0
[   338.92 ] D: CHECKED 5 1
[   338.92 ] D: CHECKED 4 0
[   338.92 ] D: CHECKED 5 1
[   338.94 ] D: CHECKED 4 0
[   338.94 ] D: CHECKED 5 1
[   338.94 ] D: CHECKED 4 0
[   338.94 ] D: CHECKED 5 1
[   338.94 ] D: CHECKED 4 0
[   338.94 ] D: CHECKED 5 1
[   338.95 ] D: CHECKED 4 0
[   338.95 ] D: CHECKED 5 1
[   338.95 ] D: CHECKED 4 0
[   338.95 ] D: CHECKED 5 1
[   338.95 ] D: CHECKED 4 0
[   338.95 ] D: CHECKED 5 1
[   338.97 ] D: CHECKED 4 0
[   338.97 ] D: CHECKED 5 1
[   338.97 ] D: CHECKED 4 0
[   338.97 ] D: CHECKED 5 1
[   338.97 ] D: CHECKED 4 0
[   338.97 ] D: CHECKED 5 1
[   338.99 ] D: CHECKED 4 0
[   338.99 ] D: CHECKED 5 1
[   338.99 ] D: CHECKED 4 0
[   338.99 ] D: CHECKED 5 1
[   338.99 ] D: CHECKED 4 0
[   338.99 ] D: CHECKED 5 1
[   339.01 ] D: CHECKED 4 0
[   339.01 ] D: CHECKED 5 1
[   339.01 ] D: CHECKED 4 0
[   339.01 ] D: CHECKED 5 1
[   339.01 ] D: CHECKED 4 0
[   339.01 ] D: CHECKED 5 1
[   339.02 ] D: CHECKED 4 0
[   339.02 ] D: CHECKED 5 1
[   339.02 ] D: CHECKED 4 0
[   339.02 ] D: CHECKED 5 1
[   339.02 ] D: CHECKED 4 0
[   339.02 ] D: CHECKED 5 1
[   339.04 ] D: CHECKED 4 0
[   339.04 ] D: CHECKED 5 1
[   339.04 ] D: CHECKED 4 0
[   339.04 ] D: CHECKED 5 1
[   339.04 ] D: CHECKED 4 0
[   339.04 ] D: CHECKED 5 1
[   339.06 ] D: CHECKED 4 0
[   339.06 ] D: CHECKED 5 1
[   339.06 ] D: CHECKED 4 0
[   339.06 ] D: CHECKED 5 1
[   339.06 ] D: CHECKED 4 0
[   339.06 ] D: CHECKED 5 1
[   339.08 ] D: CHECKED 4 0
[   339.08 ] D: CHECKED 5 1
[   339.08 ] D: CHECKED 4 0
[   339.08 ] D: CHECKED 5 1
[   339.08 ] D: CHECKED 4 0
[   339.08 ] D: CHECKED 5 1
[   339.09 ] D: CHECKED 4 0
[   339.09 ] D: CHECKED 5 1
[   339.09 ] D: CHECKED 4 0
[   339.09 ] D: CHECKED 5 1
[   339.09 ] D: CHECKED 4 0
[   339.09 ] D: CHECKED 5 1
[   339.11 ] D: CHECKED 4 0
[   339.11 ] D: CHECKED 5 1
[   339.11 ] D: CHECKED 4 0
[   339.11 ] D: CHECKED 5 1
[   339.11 ] D: CHECKED 4 0
[   339.11 ] D: CHECKED 5 1
[   339.13 ] D: CHECKED 4 0
[   339.13 ] D: CHECKED 5 1
[   339.13 ] D: CHECKED 4 0
[   339.13 ] D: CHECKED 5 1
[   339.13 ] D: CHECKED 4 0
[   339.13 ] D: CHECKED 5 1
[   339.15 ] D: CHECKED 4 0
[   339.15 ] D: CHECKED 5 1
[   339.15 ] D: CHECKED 4 0
[   339.15 ] D: CHECKED 5 1
[   339.15 ] D: CHECKED 4 0
[   339.15 ] D: CHECKED 5 1
[   339.16 ] D: CHECKED 4 0
[   339.16 ] D: CHECKED 5 1
[   339.16 ] D: CHECKED 4 0
[   339.16 ] D: CHECKED 5 1
[   339.16 ] D: CHECKED 4 0
[   339.16 ] D: CHECKED 5 1
[   339.18 ] D: CHECKED 4 0
[   339.18 ] D: CHECKED 5 1
[   339.18 ] D: CHECKED 4 0
[   339.18 ] D: CHECKED 5 1
[   339.18 ] D: CHECKED 4 0
[   339.18 ] D: CHECKED 5 1
[   339.20 ] D: CHECKED 4 0
[   339.20 ] D: CHECKED 5 1
[   339.20 ] D: CHECKED 4 0
[   339.20 ] D: CHECKED 5 1
[   339.20 ] D: CHECKED 4 0
[   339.20 ] D: CHECKED 5 1
[   339.21 ] D: CHECKED 4 0
[   339.21 ] D: CHECKED 5 1
[   339.21 ] D: CHECKED 4 0
[   339.21 ] D: CHECKED 5 1
[   339.21 ] D: CHECKED 4 0
[   339.21 ] D: CHECKED 5 1
[   339.23 ] D: CHECKED 4 0
[   339.23 ] D: CHECKED 5 1
[   339.23 ] D: CHECKED 4 0
[   339.23 ] D: CHECKED 5 1
[   339.23 ] D: CHECKED 4 0
[   339.23 ] D: CHECKED 5 1
[   339.25 ] D: CHECKED 4 0
[   339.25 ] D: CHECKED 5 1
[   339.25 ] D: CHECKED 4 0
[   339.25 ] D: CHECKED 5 1
[   339.25 ] D: CHECKED 4 0
[   339.25 ] D: CHECKED 5 1
[   339.27 ] D: CHECKED 4 0
[   339.27 ] D: CHECKED 5 1
[   339.27 ] D: CHECKED 4 0
[   339.27 ] D: CHECKED 5 1
[   339.27 ] D: CHECKED 4 0
[   339.27 ] D: CHECKED 5 1
[   339.28 ] D: CHECKED 4 0
[   339.28 ] D: CHECKED 5 1
[   339.28 ] D: CHECKED 4 0
[   339.28 ] D: CHECKED 5 1
[   339.28 ] D: CHECKED 4 0
[   339.28 ] D: CHECKED 5 1
[   339.30 ] D: CHECKED 4 0
[   339.30 ] D: CHECKED 5 1
[   339.30 ] D: CHECKED 4 0
[   339.30 ] D: CHECKED 5 1
[   339.30 ] D: CHECKED 4 0
[   339.30 ] D: CHECKED 5 1
[   339.32 ] D: CHECKED 4 0
[   339.32 ] D: CHECKED 5 1
[   339.32 ] D: CHECKED 4 0
[   339.32 ] D: CHECKED 5 1
[   339.32 ] D: CHECKED 4 0
[   339.32 ] D: CHECKED 5 1
[   339.34 ] D: CHECKED 4 0
[   339.34 ] D: CHECKED 5 1
[   339.34 ] D: CHECKED 4 0
[   339.34 ] D: CHECKED 5 1
[   339.34 ] D: CHECKED 4 0
[   339.34 ] D: CHECKED 5 1
[   339.35 ] D: CHECKED 4 0
[   339.35 ] D: CHECKED 5 1
[   339.35 ] D: CHECKED 4 0
[   339.35 ] D: CHECKED 5 1
[   339.35 ] D: CHECKED 4 0
[   339.35 ] D: CHECKED 5 1
[   339.37 ] D: CHECKED 4 0
[   339.37 ] D: CHECKED 5 1
[   339.37 ] D: CHECKED 4 0
[   339.37 ] D: CHECKED 5 1
[   339.37 ] D: CHECKED 4 0
[   339.37 ] D: CHECKED 5 1
[   339.39 ] D: CHECKED 4 0
[   339.39 ] D: CHECKED 5 1
[   339.39 ] D: CHECKED 4 0
[   339.39 ] D: CHECKED 5 1
[   339.39 ] D: CHECKED 4 0
[   339.39 ] D: CHECKED 5 1
[   339.41 ] D: CHECKED 4 0
[   339.41 ] D: CHECKED 5 1
[   339.41 ] D: CHECKED 4 0
[   339.41 ] D: CHECKED 5 1
[   339.41 ] D: CHECKED 4 0
[   339.41 ] D: CHECKED 5 1
[   339.42 ] D: CHECKED 4 0
[   339.42 ] D: CHECKED 5 1
[   339.42 ] D: CHECKED 4 0
[   339.42 ] D: CHECKED 5 1
[   339.42 ] D: CHECKED 4 0
[   339.42 ] D: CHECKED 5 1
[   339.44 ] D: CHECKED 4 0
[   339.44 ] D: CHECKED 5 1
[   339.44 ] D: CHECKED 4 0
[   339.44 ] D: CHECKED 5 1
[   339.44 ] D: CHECKED 4 0
[   339.44 ] D: CHECKED 5 1
[   339.46 ] D: CHECKED 4 0
[   339.46 ] D: CHECKED 5 1
[   339.46 ] D: CHECKED 4 0
[   339.46 ] D: CHECKED 5 1
[   339.46 ] D: CHECKED 4 0
[   339.46 ] D: CHECKED 5 1
[   339.48 ] D: CHECKED 4 0
[   339.48 ] D: CHECKED 5 1
[   339.48 ] D: CHECKED 4 0
[   339.48 ] D: CHECKED 5 1
[   339.48 ] D: CHECKED 4 0
[   339.48 ] D: CHECKED 5 1
[   339.49 ] D: CHECKED 4 0
[   339.49 ] D: CHECKED 5 1
[   339.49 ] D: CHECKED 4 0
[   339.49 ] D: CHECKED 5 1
[   339.49 ] D: CHECKED 4 0
[   339.49 ] D: CHECKED 5 1
[   339.51 ] D: CHECKED 4 0
[   339.51 ] D: CHECKED 5 1
[   339.51 ] D: CHECKED 4 0
[   339.51 ] D: CHECKED 5 1
[   339.51 ] D: CHECKED 4 0
[   339.51 ] D: CHECKED 5 1
[   339.53 ] D: CHECKED 4 0
[   339.53 ] D: CHECKED 5 1
[   339.53 ] D: CHECKED 4 0
[   339.53 ] D: CHECKED 5 1
[   339.53 ] D: CHECKED 4 0
[   339.53 ] D: CHECKED 5 1
[   339.55 ] D: CHECKED 4 0
[   339.55 ] D: CHECKED 5 1
[   339.55 ] D: CHECKED 4 0
[   339.55 ] D: CHECKED 5 1
[   339.55 ] D: CHECKED 4 0
[   339.55 ] D: CHECKED 5 1
[   339.56 ] D: CHECKED 4 0
[   339.56 ] D: CHECKED 5 1
[   339.56 ] D: CHECKED 4 0
[   339.56 ] D: CHECKED 5 1
[   339.56 ] D: CHECKED 4 0
[   339.56 ] D: CHECKED 5 1
[   339.58 ] D: CHECKED 4 0
[   339.58 ] D: CHECKED 5 1
[   339.58 ] D: CHECKED 4 0
[   339.58 ] D: CHECKED 5 1
[   339.58 ] D: CHECKED 4 0
[   339.58 ] D: CHECKED 5 1
[   339.60 ] D: CHECKED 4 0
[   339.60 ] D: CHECKED 5 1
[   339.60 ] D: CHECKED 4 0
[   339.60 ] D: CHECKED 5 1
[   339.60 ] D: CHECKED 4 0
[   339.60 ] D: CHECKED 5 1
[   339.62 ] D: CHECKED 4 0
[   339.62 ] D: CHECKED 5 1
[   339.62 ] D: CHECKED 4 0
[   339.62 ] D: CHECKED 5 1
[   339.62 ] D: CHECKED 4 0
[   339.62 ] D: CHECKED 5 1
[   339.63 ] D: CHECKED 4 0
[   339.63 ] D: CHECKED 5 1
[   339.63 ] D: CHECKED 4 0
[   339.63 ] D: CHECKED 5 1
[   339.63 ] D: CHECKED 4 0
[   339.63 ] D: CHECKED 5 1
[   339.65 ] D: CHECKED 4 0
[   339.65 ] D: CHECKED 5 1
[   339.65 ] D: CHECKED 4 0
[   339.65 ] D: CHECKED 5 1
[   339.65 ] D: CHECKED 4 0
[   339.65 ] D: CHECKED 5 1
[   339.67 ] D: CHECKED 4 0
[   339.67 ] D: CHECKED 5 1
[   339.67 ] D: CHECKED 4 0
[   339.67 ] D: CHECKED 5 1
[   339.67 ] D: CHECKED 4 0
[   339.67 ] D: CHECKED 5 1
[   339.69 ] D: CHECKED 4 0
[   339.69 ] D: CHECKED 5 1
[   339.69 ] D: AsyncFileReader 1 11
[   339.69 ] D: CHECKED 4 0
[   339.69 ] D: CHECKED 5 1
[   339.69 ] D: CHECKED 4 0
[   339.69 ] D: CHECKED 5 1
[   339.70 ] D: CHECKED 4 0
[   339.70 ] D: CHECKED 5 1
[   339.70 ] D: CHECKED 4 0
[   339.70 ] D: CHECKED 5 1
[   339.70 ] D: CHECKED 4 0
[   339.70 ] D: CHECKED 5 1
[   339.72 ] D: CHECKED 4 0
[   339.72 ] D: CHECKED 5 1
[   339.72 ] D: CHECKED 4 0
[   339.72 ] D: CHECKED 5 1
[   339.72 ] D: CHECKED 4 0
[   339.72 ] D: CHECKED 5 1
[   339.74 ] D: CHECKED 4 0
[   339.74 ] D: CHECKED 5 1
[   339.74 ] D: CHECKED 4 0
[   339.74 ] D: CHECKED 5 1
[   339.74 ] D: CHECKED 4 0
[   339.74 ] D: CHECKED 5 1
[   339.75 ] D: CHECKED 4 0
[   339.75 ] D: CHECKED 5 1
[   339.75 ] D: CHECKED 4 0
[   339.75 ] D: CHECKED 5 1
[   339.75 ] D: CHECKED 4 0
[   339.75 ] D: CHECKED 5 1
[   339.77 ] D: CHECKED 4 0
[   339.77 ] D: CHECKED 5 1
[   339.77 ] D: CHECKED 4 0
[   339.77 ] D: CHECKED 5 1
[   339.77 ] D: CHECKED 4 0
[   339.77 ] D: CHECKED 5 1
[   339.79 ] D: CHECKED 4 0
[   339.79 ] D: CHECKED 5 1
[   339.79 ] D: CHECKED 4 0
[   339.79 ] D: CHECKED 5 1
[   339.79 ] D: CHECKED 4 0
[   339.79 ] D: CHECKED 5 1
[   339.81 ] D: CHECKED 4 0
[   339.81 ] D: CHECKED 5 1
[   339.81 ] D: CHECKED 4 0
[   339.81 ] D: CHECKED 5 1
[   339.81 ] D: CHECKED 4 0
[   339.81 ] D: CHECKED 5 1
[   339.82 ] D: CHECKED 4 0
[   339.82 ] D: CHECKED 5 1
[   339.82 ] D: CHECKED 4 0
[   339.82 ] D: CHECKED 5 1
[   339.82 ] D: CHECKED 4 0
[   339.82 ] D: CHECKED 5 1
[   339.84 ] D: CHECKED 4 0
[   339.84 ] D: CHECKED 5 1
[   339.84 ] D: CHECKED 4 0
[   339.84 ] D: CHECKED 5 1
[   339.84 ] D: CHECKED 4 0
[   339.84 ] D: CHECKED 5 1
[   339.86 ] D: CHECKED 4 0
[   339.86 ] D: CHECKED 5 1
[   339.86 ] D: CHECKED 4 0
[   339.86 ] D: CHECKED 5 1
[   339.86 ] D: CHECKED 4 0
[   339.86 ] D: CHECKED 5 1
[   339.88 ] D: CHECKED 4 0
[   339.88 ] D: CHECKED 5 1
[   339.88 ] D: CHECKED 4 0
[   339.88 ] D: CHECKED 5 1
[   339.88 ] D: CHECKED 4 0
[   339.88 ] D: CHECKED 5 1
[   339.89 ] D: CHECKED 4 0
[   339.89 ] D: CHECKED 5 1
[   339.89 ] D: CHECKED 4 0
[   339.89 ] D: CHECKED 5 1
[   339.89 ] D: CHECKED 4 0
[   339.89 ] D: CHECKED 5 1
[   339.91 ] D: CHECKED 4 0
[   339.91 ] D: CHECKED 5 1
[   339.91 ] D: CHECKED 4 0
[   339.91 ] D: CHECKED 5 1
[   339.91 ] D: CHECKED 4 0
[   339.91 ] D: CHECKED 5 1
[   339.93 ] D: CHECKED 4 0
[   339.93 ] D: CHECKED 5 1
[   339.93 ] D: CHECKED 4 0
[   339.93 ] D: CHECKED 5 1
[   339.93 ] D: CHECKED 4 0
[   339.93 ] D: CHECKED 5 1
[   339.95 ] D: CHECKED 4 0
[   339.95 ] D: CHECKED 5 1
[   339.95 ] D: CHECKED 4 0
[   339.95 ] D: CHECKED 5 1
[   339.95 ] D: CHECKED 4 0
[   339.95 ] D: CHECKED 5 1
[   339.96 ] D: CHECKED 4 0
[   339.96 ] D: CHECKED 5 1
[   339.96 ] D: CHECKED 4 0
[   339.96 ] D: CHECKED 5 1
[   339.96 ] D: CHECKED 4 0
[   339.96 ] D: CHECKED 5 1
[   339.98 ] D: CHECKED 4 0
[   339.98 ] D: CHECKED 5 1
[   339.98 ] D: CHECKED 4 0
[   339.98 ] D: CHECKED 5 1
[   339.98 ] D: CHECKED 4 0
[   339.98 ] D: CHECKED 5 1
[   340.00 ] D: CHECKED 4 0
[   340.00 ] D: CHECKED 5 1
[   340.00 ] D: CHECKED 4 0
[   340.00 ] D: CHECKED 5 1
[   340.00 ] D: CHECKED 4 0
[   340.00 ] D: CHECKED 5 1
[   340.02 ] D: CHECKED 4 0
[   340.02 ] D: CHECKED 5 1
[   340.02 ] D: CHECKED 4 0
[   340.02 ] D: CHECKED 5 1
[   340.02 ] D: CHECKED 4 0
[   340.02 ] D: CHECKED 5 1
[   340.03 ] D: CHECKED 4 0
[   340.03 ] D: CHECKED 5 1
[   340.03 ] D: CHECKED 4 0
[   340.03 ] D: CHECKED 5 1
[   340.03 ] D: CHECKED 4 0
[   340.03 ] D: CHECKED 5 1
[   340.05 ] D: CHECKED 4 0
[   340.05 ] D: CHECKED 5 1
[   340.05 ] D: CHECKED 4 0
[   340.05 ] D: CHECKED 5 1
[   340.05 ] D: CHECKED 4 0
[   340.05 ] D: CHECKED 5 1
[   340.07 ] D: CHECKED 4 0
[   340.07 ] D: CHECKED 5 1
[   340.07 ] D: CHECKED 4 0
[   340.07 ] D: CHECKED 5 1
[   340.07 ] D: CHECKED 4 0
[   340.07 ] D: CHECKED 5 1
[   340.09 ] D: CHECKED 4 0
[   340.09 ] D: CHECKED 5 1
[   340.09 ] D: CHECKED 4 0
[   340.09 ] D: CHECKED 5 1
[   340.09 ] D: CHECKED 4 0
[   340.09 ] D: CHECKED 5 1
[   340.10 ] D: CHECKED 4 0
[   340.10 ] D: CHECKED 5 1
[   340.10 ] D: CHECKED 4 0
[   340.10 ] D: CHECKED 5 1
[   340.10 ] D: CHECKED 4 0
[   340.10 ] D: CHECKED 5 1
[   340.12 ] D: CHECKED 4 0
[   340.12 ] D: CHECKED 5 1
[   340.12 ] D: CHECKED 4 0
[   340.12 ] D: CHECKED 5 1
[   340.12 ] D: CHECKED 4 0
[   340.12 ] D: CHECKED 5 1
[   340.14 ] D: CHECKED 4 0
[   340.14 ] D: CHECKED 5 1
[   340.14 ] D: CHECKED 4 0
[   340.14 ] D: CHECKED 5 1
[   340.14 ] D: CHECKED 4 0
[   340.14 ] D: CHECKED 5 1
[   340.16 ] D: CHECKED 4 0
[   340.16 ] D: CHECKED 5 1
[   340.16 ] D: CHECKED 4 0
[   340.16 ] D: CHECKED 5 1
[   340.16 ] D: CHECKED 4 0
[   340.16 ] D: CHECKED 5 1
[   340.17 ] D: CHECKED 4 0
[   340.17 ] D: CHECKED 5 1
[   340.17 ] D: CHECKED 4 0
[   340.17 ] D: CHECKED 5 1
[   340.17 ] D: CHECKED 4 0
[   340.17 ] D: CHECKED 5 1
[   340.19 ] D: CHECKED 4 0
[   340.19 ] D: CHECKED 5 1
[   340.19 ] D: CHECKED 4 0
[   340.19 ] D: CHECKED 5 1
[   340.19 ] D: CHECKED 4 0
[   340.19 ] D: CHECKED 5 1
[   340.21 ] D: CHECKED 4 0
[   340.21 ] D: CHECKED 5 1
[   340.21 ] D: CHECKED 4 0
[   340.21 ] D: CHECKED 5 1
[   340.21 ] D: CHECKED 4 0
[   340.21 ] D: CHECKED 5 1
[   340.23 ] D: CHECKED 4 0
[   340.23 ] D: CHECKED 5 1
[   340.23 ] D: CHECKED 4 0
[   340.23 ] D: CHECKED 5 1
[   340.23 ] D: CHECKED 4 0
[   340.23 ] D: CHECKED 5 1
[   340.24 ] D: CHECKED 4 0
[   340.24 ] D: CHECKED 5 1
[   340.24 ] D: CHECKED 4 0
[   340.24 ] D: CHECKED 5 1
[   340.24 ] D: CHECKED 4 0
[   340.24 ] D: CHECKED 5 1
[   340.26 ] D: CHECKED 4 0
[   340.26 ] D: CHECKED 5 1
[   340.26 ] D: CHECKED 4 0
[   340.26 ] D: CHECKED 5 1
[   340.26 ] D: CHECKED 4 0
[   340.26 ] D: CHECKED 5 1
[   340.28 ] D: CHECKED 4 0
[   340.28 ] D: CHECKED 5 1
[   340.28 ] D: CHECKED 4 0
[   340.28 ] D: CHECKED 5 1
[   340.28 ] D: CHECKED 4 0
[   340.28 ] D: CHECKED 5 1
[   340.29 ] D: CHECKED 4 0
[   340.29 ] D: CHECKED 5 1
[   340.29 ] D: CHECKED 4 0
[   340.29 ] D: CHECKED 5 1
[   340.29 ] D: CHECKED 4 0
[   340.29 ] D: CHECKED 5 1
[   340.31 ] D: CHECKED 4 0
[   340.31 ] D: CHECKED 5 1
[   340.31 ] D: CHECKED 4 0
[   340.31 ] D: CHECKED 5 1
[   340.31 ] D: CHECKED 4 0
[   340.31 ] D: CHECKED 5 1
[   340.33 ] D: CHECKED 4 0
[   340.33 ] D: CHECKED 5 1
[   340.33 ] D: CHECKED 4 0
[   340.33 ] D: CHECKED 5 1
[   340.33 ] D: CHECKED 4 0
[   340.33 ] D: CHECKED 5 1
[   340.35 ] D: CHECKED 4 0
[   340.35 ] D: CHECKED 5 1
[   340.35 ] D: CHECKED 4 0
[   340.35 ] D: CHECKED 5 1
[   340.35 ] D: CHECKED 4 0
[   340.35 ] D: CHECKED 5 1
[   340.36 ] D: CHECKED 4 0
[   340.36 ] D: CHECKED 5 1
[   340.36 ] D: CHECKED 4 0
[   340.36 ] D: CHECKED 5 1
[   340.36 ] D: CHECKED 4 0
[   340.36 ] D: CHECKED 5 1
[   340.38 ] D: CHECKED 4 0
[   340.38 ] D: CHECKED 5 1
[   340.38 ] D: CHECKED 4 0
[   340.38 ] D: CHECKED 5 1
[   340.38 ] D: CHECKED 4 0
[   340.38 ] D: CHECKED 5 1
[   340.40 ] D: CHECKED 4 0
[   340.40 ] D: CHECKED 5 1
[   340.40 ] D: CHECKED 4 0
[   340.40 ] D: CHECKED 5 1
[   340.40 ] D: CHECKED 4 0
[   340.40 ] D: CHECKED 5 1
[   340.42 ] D: CHECKED 4 0
[   340.42 ] D: CHECKED 5 1
[   340.42 ] D: CHECKED 4 0
[   340.42 ] D: CHECKED 5 1
[   340.42 ] D: CHECKED 4 0
[   340.42 ] D: CHECKED 5 1
[   340.43 ] D: CHECKED 4 0
[   340.43 ] D: CHECKED 5 1
[   340.43 ] D: CHECKED 4 0
[   340.43 ] D: CHECKED 5 1
[   340.43 ] D: CHECKED 4 0
[   340.43 ] D: CHECKED 5 1
[   340.45 ] D: CHECKED 4 0
[   340.45 ] D: CHECKED 5 1
[   340.45 ] D: CHECKED 4 0
[   340.45 ] D: CHECKED 5 1
[   340.45 ] D: CHECKED 4 0
[   340.45 ] D: CHECKED 5 1
[   340.47 ] D: CHECKED 4 0
[   340.47 ] D: CHECKED 5 1
[   340.47 ] D: CHECKED 4 0
[   340.47 ] D: CHECKED 5 1
[   340.47 ] D: CHECKED 4 0
[   340.47 ] D: CHECKED 5 1
[   340.49 ] D: CHECKED 4 0
[   340.49 ] D: CHECKED 5 1
[   340.49 ] D: CHECKED 4 0
[   340.49 ] D: CHECKED 5 1
[   340.49 ] D: CHECKED 4 0
[   340.49 ] D: CHECKED 5 1
[   340.50 ] D: CHECKED 4 0
[   340.50 ] D: CHECKED 5 1
[   340.50 ] D: CHECKED 4 0
[   340.50 ] D: CHECKED 5 1
[   340.50 ] D: CHECKED 4 0
[   340.50 ] D: CHECKED 5 1
[   340.52 ] D: CHECKED 4 0
[   340.52 ] D: CHECKED 5 1
[   340.52 ] D: CHECKED 4 0
[   340.52 ] D: CHECKED 5 1
[   340.52 ] D: CHECKED 4 0
[   340.52 ] D: CHECKED 5 1
[   340.54 ] D: CHECKED 4 0
[   340.54 ] D: CHECKED 5 1
[   340.54 ] D: CHECKED 4 0
[   340.54 ] D: CHECKED 5 1
[   340.54 ] D: CHECKED 4 0
[   340.54 ] D: CHECKED 5 1
[   340.56 ] D: CHECKED 4 0
[   340.56 ] D: CHECKED 5 1
[   340.56 ] D: CHECKED 4 0
[   340.56 ] D: CHECKED 5 1
[   340.56 ] D: CHECKED 4 0
[   340.56 ] D: CHECKED 5 1
[   340.57 ] D: CHECKED 4 0
[   340.57 ] D: CHECKED 5 1
[   340.57 ] D: CHECKED 4 0
[   340.57 ] D: CHECKED 5 1
[   340.57 ] D: CHECKED 4 0
[   340.57 ] D: CHECKED 5 1
[   340.59 ] D: CHECKED 4 0
[   340.59 ] D: CHECKED 5 1
[   340.59 ] D: CHECKED 4 0
[   340.59 ] D: CHECKED 5 1
[   340.59 ] D: CHECKED 4 0
[   340.59 ] D: CHECKED 5 1
[   340.61 ] D: CHECKED 4 0
[   340.61 ] D: CHECKED 5 1
[   340.61 ] D: CHECKED 4 0
[   340.61 ] D: CHECKED 5 1
[   340.61 ] D: CHECKED 4 0
[   340.61 ] D: CHECKED 5 1
[   340.63 ] D: CHECKED 4 0
[   340.63 ] D: CHECKED 5 1
[   340.63 ] D: CHECKED 4 0
[   340.63 ] D: CHECKED 5 1
[   340.63 ] D: CHECKED 4 0
[   340.63 ] D: CHECKED 5 1
[   340.64 ] D: CHECKED 4 0
[   340.64 ] D: CHECKED 5 1
[   340.64 ] D: CHECKED 4 0
[   340.64 ] D: CHECKED 5 1
[   340.64 ] D: CHECKED 4 0
[   340.64 ] D: CHECKED 5 1
[   340.66 ] D: CHECKED 4 0
[   340.66 ] D: CHECKED 5 1
[   340.66 ] D: CHECKED 4 0
[   340.66 ] D: CHECKED 5 1
[   340.66 ] D: CHECKED 4 0
[   340.66 ] D: CHECKED 5 1
[   340.68 ] D: CHECKED 4 0
[   340.68 ] D: CHECKED 5 1
[   340.68 ] D: CHECKED 4 0
[   340.68 ] D: CHECKED 5 1
[   340.68 ] D: CHECKED 4 0
[   340.68 ] D: CHECKED 5 1
[   340.70 ] D: CHECKED 4 0
[   340.70 ] D: CHECKED 5 1
[   340.70 ] D: CHECKED 4 0
[   340.70 ] D: CHECKED 5 1
[   340.70 ] D: CHECKED 4 0
[   340.70 ] D: CHECKED 5 1
[   340.71 ] D: CHECKED 4 0
[   340.71 ] D: CHECKED 5 1
[   340.71 ] D: CHECKED 4 0
[   340.71 ] D: CHECKED 5 1
[   340.71 ] D: CHECKED 4 0
[   340.71 ] D: CHECKED 5 1
[   340.73 ] D: CHECKED 4 0
[   340.73 ] D: CHECKED 5 1
[   340.73 ] D: CHECKED 4 0
[   340.73 ] D: CHECKED 5 1
[   340.73 ] D: CHECKED 4 0
[   340.73 ] D: CHECKED 5 1
[   340.75 ] D: CHECKED 4 0
[   340.75 ] D: CHECKED 5 1
[   340.75 ] D: CHECKED 4 0
[   340.75 ] D: CHECKED 5 1
[   340.75 ] D: CHECKED 4 0
[   340.75 ] D: CHECKED 5 1
[   340.76 ] D: CHECKED 4 0
[   340.76 ] D: CHECKED 5 1
[   340.76 ] D: CHECKED 4 0
[   340.76 ] D: CHECKED 5 1
[   340.76 ] D: CHECKED 4 0
[   340.76 ] D: CHECKED 5 1
[   340.78 ] D: CHECKED 4 0
[   340.78 ] D: CHECKED 5 1
[   340.78 ] D: CHECKED 4 0
[   340.78 ] D: CHECKED 5 1
[   340.78 ] D: CHECKED 4 0
[   340.78 ] D: CHECKED 5 1
[   340.80 ] D: CHECKED 4 0
[   340.80 ] D: CHECKED 5 1
[   340.80 ] D: CHECKED 4 0
[   340.80 ] D: CHECKED 5 1
[   340.80 ] D: CHECKED 4 0
[   340.80 ] D: CHECKED 5 1
[   340.82 ] D: CHECKED 4 0
[   340.82 ] D: CHECKED 5 1
[   340.82 ] D: CHECKED 4 0
[   340.82 ] D: CHECKED 5 1
[   340.82 ] D: CHECKED 4 0
[   340.82 ] D: CHECKED 5 1
[   340.83 ] D: CHECKED 4 0
[   340.83 ] D: CHECKED 5 1
[   340.83 ] D: CHECKED 4 0
[   340.83 ] D: CHECKED 5 1
[   340.83 ] D: CHECKED 4 0
[   340.83 ] D: CHECKED 5 1
[   340.85 ] D: CHECKED 4 0
[   340.85 ] D: CHECKED 5 1
[   340.85 ] D: CHECKED 4 0
[   340.85 ] D: CHECKED 5 1
[   340.85 ] D: CHECKED 4 0
[   340.85 ] D: CHECKED 5 1
[   340.87 ] D: CHECKED 4 0
[   340.87 ] D: CHECKED 5 1
[   340.87 ] D: CHECKED 4 0
[   340.87 ] D: CHECKED 5 1
[   340.87 ] D: CHECKED 4 0
[   340.87 ] D: CHECKED 5 1
[   340.89 ] D: CHECKED 4 0
[   340.89 ] D: CHECKED 5 1
[   340.89 ] D: CHECKED 4 0
[   340.89 ] D: CHECKED 5 1
[   340.89 ] D: CHECKED 4 0
[   340.89 ] D: CHECKED 5 1
[   340.90 ] D: CHECKED 4 0
[   340.90 ] D: CHECKED 5 1
[   340.90 ] D: CHECKED 4 0
[   340.90 ] D: CHECKED 5 1
[   340.90 ] D: CHECKED 4 0
[   340.90 ] D: CHECKED 5 1
[   340.92 ] D: CHECKED 4 0
[   340.92 ] D: CHECKED 5 1
[   340.92 ] D: CHECKED 4 0
[   340.92 ] D: CHECKED 5 1
[   340.92 ] D: CHECKED 4 0
[   340.92 ] D: CHECKED 5 1
[   340.94 ] D: CHECKED 4 0
[   340.94 ] D: CHECKED 5 1
[   340.94 ] D: CHECKED 4 0
[   340.94 ] D: CHECKED 5 1
[   340.94 ] D: CHECKED 4 0
[   340.94 ] D: CHECKED 5 1
[   340.96 ] D: CHECKED 4 0
[   340.96 ] D: CHECKED 5 1
[   340.96 ] D: CHECKED 4 0
[   340.96 ] D: CHECKED 5 1
[   340.96 ] D: CHECKED 4 0
[   340.96 ] D: CHECKED 5 1
[   340.97 ] D: CHECKED 4 0
[   340.97 ] D: CHECKED 5 1
[   340.97 ] D: CHECKED 4 0
[   340.97 ] D: CHECKED 5 1
[   340.97 ] D: CHECKED 4 0
[   340.97 ] D: CHECKED 5 1
[   340.99 ] D: CHECKED 4 0
[   340.99 ] D: CHECKED 5 1
[   340.99 ] D: CHECKED 4 0
[   340.99 ] D: CHECKED 5 1
[   340.99 ] D: CHECKED 4 0
[   340.99 ] D: CHECKED 5 1
[   341.01 ] D: CHECKED 4 0
[   341.01 ] D: CHECKED 5 1
[   341.01 ] D: CHECKED 4 0
[   341.01 ] D: CHECKED 5 1
[   341.01 ] D: CHECKED 4 0
[   341.01 ] D: CHECKED 5 1
[   341.03 ] D: CHECKED 4 0
[   341.03 ] D: CHECKED 5 1
[   341.03 ] D: CHECKED 4 0
[   341.03 ] D: CHECKED 5 1
[   341.03 ] D: CHECKED 4 0
[   341.03 ] D: CHECKED 5 1
[   341.04 ] D: CHECKED 4 0
[   341.04 ] D: CHECKED 5 1
[   341.04 ] D: CHECKED 4 0
[   341.04 ] D: CHECKED 5 1
[   341.04 ] D: CHECKED 4 0
[   341.04 ] D: CHECKED 5 1
[   341.06 ] D: CHECKED 4 0
[   341.06 ] D: CHECKED 5 1
[   341.06 ] D: CHECKED 4 0
[   341.06 ] D: CHECKED 5 1
[   341.06 ] D: CHECKED 4 0
[   341.06 ] D: CHECKED 5 1
[   341.08 ] D: CHECKED 4 0
[   341.08 ] D: CHECKED 5 1
[   341.08 ] D: CHECKED 4 0
[   341.08 ] D: CHECKED 5 1
[   341.08 ] D: CHECKED 4 0
[   341.08 ] D: CHECKED 5 1
[   341.10 ] D: CHECKED 4 0
[   341.10 ] D: CHECKED 5 1
[   341.10 ] D: CHECKED 4 0
[   341.10 ] D: CHECKED 5 1
[   341.10 ] D: CHECKED 4 0
[   341.10 ] D: CHECKED 5 1
[   341.11 ] D: CHECKED 4 0
[   341.11 ] D: CHECKED 5 1
[   341.11 ] D: CHECKED 4 0
[   341.11 ] D: CHECKED 5 1
[   341.11 ] D: CHECKED 4 0
[   341.11 ] D: CHECKED 5 1
[   341.13 ] D: CHECKED 4 0
[   341.13 ] D: CHECKED 5 1
[   341.13 ] D: CHECKED 4 0
[   341.13 ] D: CHECKED 5 1
[   341.13 ] D: CHECKED 4 0
[   341.13 ] D: CHECKED 5 1
[   341.15 ] D: CHECKED 4 0
[   341.15 ] D: CHECKED 5 1
[   341.15 ] D: CHECKED 4 0
[   341.15 ] D: CHECKED 5 1
[   341.15 ] D: CHECKED 4 0
[   341.15 ] D: CHECKED 5 1
[   341.17 ] D: CHECKED 4 0
[   341.17 ] D: CHECKED 5 1
[   341.17 ] D: CHECKED 4 0
[   341.17 ] D: CHECKED 5 1
[   341.17 ] D: AsyncFileReader 2 11
[   341.17 ] D: CHECKED 4 0
[   341.17 ] D: CHECKED 5 1
[   341.18 ] D: CHECKED 4 0
[   341.18 ] D: CHECKED 5 1
[   341.18 ] D: CHECKED 4 0
[   341.18 ] D: CHECKED 5 1
[   341.18 ] D: CHECKED 4 0
[   341.18 ] D: CHECKED 5 1
[   341.20 ] D: CHECKED 4 0
[   341.20 ] D: CHECKED 5 1
[   341.20 ] D: CHECKED 4 0
[   341.20 ] D: CHECKED 5 1
[   341.20 ] D: CHECKED 4 0
[   341.20 ] D: CHECKED 5 1
[   341.22 ] D: CHECKED 4 0
[   341.22 ] D: CHECKED 5 1
[   341.22 ] D: CHECKED 4 0
[   341.22 ] D: CHECKED 5 1
[   341.22 ] D: CHECKED 4 0
[   341.22 ] D: CHECKED 5 1
[   341.24 ] D: CHECKED 4 0
[   341.24 ] D: CHECKED 5 1
[   341.24 ] D: CHECKED 4 0
[   341.24 ] D: CHECKED 5 1
[   341.24 ] D: CHECKED 4 0
[   341.24 ] D: CHECKED 5 1
[   341.25 ] D: CHECKED 4 0
[   341.25 ] D: CHECKED 5 1
[   341.25 ] D: CHECKED 4 0
[   341.25 ] D: CHECKED 5 1
[   341.25 ] D: CHECKED 4 0
[   341.25 ] D: CHECKED 5 1
[   341.27 ] D: CHECKED 4 0
[   341.27 ] D: CHECKED 5 1
[   341.27 ] D: CHECKED 4 0
[   341.27 ] D: CHECKED 5 1
[   341.27 ] D: CHECKED 4 0
[   341.27 ] D: CHECKED 5 1
[   341.29 ] D: CHECKED 4 0
[   341.29 ] D: CHECKED 5 1
[   341.29 ] D: CHECKED 4 0
[   341.29 ] D: CHECKED 5 1
[   341.29 ] D: CHECKED 4 0
[   341.29 ] D: CHECKED 5 1
[   341.30 ] D: CHECKED 4 0
[   341.30 ] D: CHECKED 5 1
[   341.30 ] D: CHECKED 4 0
[   341.30 ] D: CHECKED 5 1
[   341.30 ] D: CHECKED 4 0
[   341.30 ] D: CHECKED 5 1
[   341.32 ] D: CHECKED 4 0
[   341.32 ] D: CHECKED 5 1
[   341.32 ] D: CHECKED 4 0
[   341.32 ] D: CHECKED 5 1
[   341.32 ] D: CHECKED 4 0
[   341.32 ] D: CHECKED 5 1
[   341.34 ] D: CHECKED 4 0
[   341.34 ] D: CHECKED 5 1
[   341.34 ] D: CHECKED 4 0
[   341.34 ] D: CHECKED 5 1
[   341.34 ] D: CHECKED 4 0
[   341.34 ] D: CHECKED 5 1
[   341.36 ] D: CHECKED 4 0
[   341.36 ] D: CHECKED 5 1
[   341.36 ] D: CHECKED 4 0
[   341.36 ] D: CHECKED 5 1
[   341.36 ] D: CHECKED 4 0
[   341.36 ] D: CHECKED 5 1
[   341.37 ] D: CHECKED 4 0
[   341.37 ] D: CHECKED 5 1
[   341.37 ] D: CHECKED 4 0
[   341.37 ] D: CHECKED 5 1
[   341.37 ] D: CHECKED 4 0
[   341.37 ] D: CHECKED 5 1
[   341.39 ] D: CHECKED 4 0
[   341.39 ] D: CHECKED 5 1
[   341.39 ] D: CHECKED 4 0
[   341.39 ] D: CHECKED 5 1
[   341.39 ] D: CHECKED 4 0
[   341.39 ] D: CHECKED 5 1
[   341.41 ] D: CHECKED 4 0
[   341.41 ] D: CHECKED 5 1
[   341.41 ] D: CHECKED 4 0
[   341.41 ] D: CHECKED 5 1
[   341.41 ] D: CHECKED 4 0
[   341.41 ] D: CHECKED 5 1
[   341.43 ] D: CHECKED 4 0
[   341.43 ] D: CHECKED 5 1
[   341.43 ] D: CHECKED 4 0
[   341.43 ] D: CHECKED 5 1
[   341.43 ] D: CHECKED 4 0
[   341.43 ] D: CHECKED 5 1
[   341.44 ] D: CHECKED 4 0
[   341.44 ] D: CHECKED 5 1
[   341.44 ] D: CHECKED 4 0
[   341.44 ] D: CHECKED 5 1
[   341.44 ] D: CHECKED 4 0
[   341.44 ] D: CHECKED 5 1
[   341.46 ] D: CHECKED 4 0
[   341.46 ] D: CHECKED 5 1
[   341.46 ] D: CHECKED 4 0
[   341.46 ] D: CHECKED 5 1
[   341.46 ] D: CHECKED 4 0
[   341.46 ] D: CHECKED 5 1
[   341.48 ] D: CHECKED 4 0
[   341.48 ] D: CHECKED 5 1
[   341.48 ] D: CHECKED 4 0
[   341.48 ] D: CHECKED 5 1
[   341.48 ] D: CHECKED 4 0
[   341.48 ] D: CHECKED 5 1
[   341.50 ] D: CHECKED 4 0
[   341.50 ] D: CHECKED 5 1
[   341.50 ] D: CHECKED 4 0
[   341.50 ] D: CHECKED 5 1
[   341.50 ] D: CHECKED 4 0
[   341.50 ] D: CHECKED 5 1
[   341.51 ] D: CHECKED 4 0
[   341.51 ] D: CHECKED 5 1
[   341.51 ] D: CHECKED 4 0
[   341.51 ] D: CHECKED 5 1
[   341.51 ] D: CHECKED 4 0
[   341.51 ] D: CHECKED 5 1
[   341.53 ] D: CHECKED 4 0
[   341.53 ] D: CHECKED 5 1
[   341.53 ] D: CHECKED 4 0
[   341.53 ] D: CHECKED 5 1
[   341.53 ] D: CHECKED 4 0
[   341.53 ] D: CHECKED 5 1
[   341.55 ] D: CHECKED 4 0
[   341.55 ] D: CHECKED 5 1
[   341.55 ] D: CHECKED 4 0
[   341.55 ] D: CHECKED 5 1
[   341.55 ] D: CHECKED 4 0
[   341.55 ] D: CHECKED 5 1
[   341.57 ] D: CHECKED 4 0
[   341.57 ] D: CHECKED 5 1
[   341.57 ] D: CHECKED 4 0
[   341.57 ] D: CHECKED 5 1
[   341.57 ] D: CHECKED 4 0
[   341.57 ] D: CHECKED 5 1
[   341.58 ] D: CHECKED 4 0
[   341.58 ] D: CHECKED 5 1
[   341.58 ] D: CHECKED 4 0
[   341.58 ] D: CHECKED 5 1
[   341.58 ] D: CHECKED 4 0
[   341.58 ] D: CHECKED 5 1
[   341.60 ] D: CHECKED 4 0
[   341.60 ] D: CHECKED 5 1
[   341.60 ] D: CHECKED 4 0
[   341.60 ] D: CHECKED 5 1
[   341.60 ] D: CHECKED 4 0
[   341.60 ] D: CHECKED 5 1
[   341.62 ] D: CHECKED 4 0
[   341.62 ] D: CHECKED 5 1
[   341.62 ] D: CHECKED 4 0
[   341.62 ] D: CHECKED 5 1
[   341.62 ] D: CHECKED 4 0
[   341.62 ] D: CHECKED 5 1
[   341.64 ] D: CHECKED 4 0
[   341.64 ] D: CHECKED 5 1
[   341.64 ] D: CHECKED 4 0
[   341.64 ] D: CHECKED 5 1
[   341.64 ] D: CHECKED 4 0
[   341.64 ] D: CHECKED 5 1
[   341.65 ] D: CHECKED 4 0
[   341.65 ] D: CHECKED 5 1
[   341.65 ] D: CHECKED 4 0
[   341.65 ] D: CHECKED 5 1
[   341.65 ] D: CHECKED 4 0
[   341.65 ] D: CHECKED 5 1
[   341.67 ] D: CHECKED 4 0
[   341.67 ] D: CHECKED 5 1
[   341.67 ] D: CHECKED 4 0
[   341.67 ] D: CHECKED 5 1
[   341.67 ] D: CHECKED 4 0
[   341.67 ] D: CHECKED 5 1
[   341.69 ] D: CHECKED 4 0
[   341.69 ] D: CHECKED 5 1
[   341.69 ] D: CHECKED 4 0
[   341.69 ] D: CHECKED 5 1
[   341.69 ] D: CHECKED 4 0
[   341.69 ] D: CHECKED 5 1
[   341.71 ] D: CHECKED 4 0
[   341.71 ] D: CHECKED 5 1
[   341.71 ] D: CHECKED 4 0
[   341.71 ] D: CHECKED 5 1
[   341.71 ] D: CHECKED 4 0
[   341.71 ] D: CHECKED 5 1
[   341.72 ] D: CHECKED 4 0
[   341.72 ] D: CHECKED 5 1
[   341.72 ] D: CHECKED 4 0
[   341.72 ] D: CHECKED 5 1
[   341.72 ] D: CHECKED 4 0
[   341.72 ] D: CHECKED 5 1
[   341.74 ] D: CHECKED 4 0
[   341.74 ] D: CHECKED 5 1
[   341.74 ] D: CHECKED 4 0
[   341.74 ] D: CHECKED 5 1
[   341.74 ] D: CHECKED 4 0
[   341.74 ] D: CHECKED 5 1
[   341.76 ] D: CHECKED 4 0
[   341.76 ] D: CHECKED 5 1
[   341.76 ] D: CHECKED 4 0
[   341.76 ] D: CHECKED 5 1
[   341.76 ] D: CHECKED 4 0
[   341.76 ] D: CHECKED 5 1
[   341.77 ] D: CHECKED 4 0
[   341.77 ] D: CHECKED 5 1
[   341.77 ] D: CHECKED 4 0
[   341.77 ] D: CHECKED 5 1
[   341.77 ] D: CHECKED 4 0
[   341.77 ] D: CHECKED 5 1
[   341.79 ] D: CHECKED 4 0
[   341.79 ] D: CHECKED 5 1
[   341.79 ] D: CHECKED 4 0
[   341.79 ] D: CHECKED 5 1
[   341.79 ] D: CHECKED 4 0
[   341.79 ] D: CHECKED 5 1
[   341.81 ] D: CHECKED 4 0
[   341.81 ] D: CHECKED 5 1
[   341.81 ] D: CHECKED 4 0
[   341.81 ] D: CHECKED 5 1
[   341.81 ] D: CHECKED 4 0
[   341.81 ] D: CHECKED 5 1
[   341.83 ] D: CHECKED 4 0
[   341.83 ] D: CHECKED 5 1
[   341.83 ] D: CHECKED 4 0
[   341.83 ] D: CHECKED 5 1
[   341.83 ] D: CHECKED 4 0
[   341.83 ] D: CHECKED 5 1
[   341.84 ] D: CHECKED 4 0
[   341.84 ] D: CHECKED 5 1
[   341.84 ] D: CHECKED 4 0
[   341.84 ] D: CHECKED 5 1
[   341.84 ] D: CHECKED 4 0
[   341.84 ] D: CHECKED 5 1
[   341.86 ] D: CHECKED 4 0
[   341.86 ] D: CHECKED 5 1
[   341.86 ] D: CHECKED 4 0
[   341.86 ] D: CHECKED 5 1
[   341.86 ] D: CHECKED 4 0
[   341.86 ] D: CHECKED 5 1
[   341.88 ] D: CHECKED 4 0
[   341.88 ] D: CHECKED 5 1
[   341.88 ] D: CHECKED 4 0
[   341.88 ] D: CHECKED 5 1
[   341.88 ] D: CHECKED 4 0
[   341.88 ] D: CHECKED 5 1
[   341.90 ] D: CHECKED 4 0
[   341.90 ] D: CHECKED 5 1
[   341.90 ] D: CHECKED 4 0
[   341.90 ] D: CHECKED 5 1
[   341.90 ] D: CHECKED 4 0
[   341.90 ] D: CHECKED 5 1
[   341.91 ] D: CHECKED 4 0
[   341.91 ] D: CHECKED 5 1
[   341.91 ] D: CHECKED 4 0
[   341.91 ] D: CHECKED 5 1
[   341.91 ] D: CHECKED 4 0
[   341.91 ] D: CHECKED 5 1
[   341.93 ] D: CHECKED 4 0
[   341.93 ] D: CHECKED 5 1
[   341.93 ] D: CHECKED 4 0
[   341.93 ] D: CHECKED 5 1
[   341.93 ] D: CHECKED 4 0
[   341.93 ] D: CHECKED 5 1
[   341.95 ] D: CHECKED 4 0
[   341.95 ] D: CHECKED 5 1
[   341.95 ] D: CHECKED 4 0
[   341.95 ] D: CHECKED 5 1
[   341.95 ] D: CHECKED 4 0
[   341.95 ] D: CHECKED 5 1
[   341.97 ] D: CHECKED 4 0
[   341.97 ] D: CHECKED 5 1
[   341.97 ] D: CHECKED 4 0
[   341.97 ] D: CHECKED 5 1
[   341.97 ] D: CHECKED 4 0
[   341.97 ] D: CHECKED 5 1
[   341.98 ] D: CHECKED 4 0
[   341.98 ] D: CHECKED 5 1
[   341.98 ] D: CHECKED 4 0
[   341.98 ] D: CHECKED 5 1
[   341.98 ] D: CHECKED 4 0
[   341.98 ] D: CHECKED 5 1
[   342.00 ] D: CHECKED 4 0
[   342.00 ] D: CHECKED 5 1
[   342.00 ] D: CHECKED 4 0
[   342.00 ] D: CHECKED 5 1
[   342.00 ] D: CHECKED 4 0
[   342.00 ] D: CHECKED 5 1
[   342.02 ] D: CHECKED 4 0
[   342.02 ] D: CHECKED 5 1
[   342.02 ] D: CHECKED 4 0
[   342.02 ] D: CHECKED 5 1
[   342.02 ] D: CHECKED 4 0
[   342.02 ] D: CHECKED 5 1
[   342.04 ] D: CHECKED 4 0
[   342.04 ] D: CHECKED 5 1
[   342.04 ] D: CHECKED 4 0
[   342.04 ] D: CHECKED 5 1
[   342.04 ] D: CHECKED 4 0
[   342.04 ] D: CHECKED 5 1
[   342.05 ] D: CHECKED 4 0
[   342.05 ] D: CHECKED 5 1
[   342.05 ] D: CHECKED 4 0
[   342.05 ] D: CHECKED 5 1
[   342.05 ] D: CHECKED 4 0
[   342.05 ] D: CHECKED 5 1
[   342.07 ] D: CHECKED 4 0
[   342.07 ] D: CHECKED 5 1
[   342.07 ] D: CHECKED 4 0
[   342.07 ] D: CHECKED 5 1
[   342.07 ] D: CHECKED 4 0
[   342.07 ] D: CHECKED 5 1
[   342.09 ] D: CHECKED 4 0
[   342.09 ] D: CHECKED 5 1
[   342.09 ] D: CHECKED 4 0
[   342.09 ] D: CHECKED 5 1
[   342.09 ] D: CHECKED 4 0
[   342.09 ] D: CHECKED 5 1
[   342.11 ] D: CHECKED 4 0
[   342.11 ] D: CHECKED 5 1
[   342.11 ] D: CHECKED 4 0
[   342.11 ] D: CHECKED 5 1
[   342.11 ] D: CHECKED 4 0
[   342.11 ] D: CHECKED 5 1
[   342.12 ] D: CHECKED 4 0
[   342.12 ] D: CHECKED 5 1
[   342.12 ] D: CHECKED 4 0
[   342.12 ] D: CHECKED 5 1
[   342.12 ] D: CHECKED 4 0
[   342.12 ] D: CHECKED 5 1
[   342.14 ] D: CHECKED 4 0
[   342.14 ] D: CHECKED 5 1
[   342.14 ] D: CHECKED 4 0
[   342.14 ] D: CHECKED 5 1
[   342.14 ] D: CHECKED 4 0
[   342.14 ] D: CHECKED 5 1
[   342.16 ] D: CHECKED 4 0
[   342.16 ] D: CHECKED 5 1
[   342.16 ] D: CHECKED 4 0
[   342.16 ] D: CHECKED 5 1
[   342.16 ] D: CHECKED 4 0
[   342.16 ] D: CHECKED 5 1
[   342.18 ] D: CHECKED 4 0
[   342.18 ] D: CHECKED 5 1
[   342.18 ] D: CHECKED 4 0
[   342.18 ] D: CHECKED 5 1
[   342.18 ] D: CHECKED 4 0
[   342.18 ] D: CHECKED 5 1
[   342.19 ] D: CHECKED 4 0
[   342.19 ] D: CHECKED 5 1
[   342.19 ] D: CHECKED 4 0
[   342.19 ] D: CHECKED 5 1
[   342.19 ] D: CHECKED 4 0
[   342.19 ] D: CHECKED 5 1
[   342.21 ] D: CHECKED 4 0
[   342.21 ] D: CHECKED 5 1
[   342.21 ] D: CHECKED 4 0
[   342.21 ] D: CHECKED 5 1
[   342.21 ] D: CHECKED 4 0
[   342.21 ] D: CHECKED 5 1
[   342.23 ] D: CHECKED 4 0
[   342.23 ] D: CHECKED 5 1
[   342.23 ] D: CHECKED 4 0
[   342.23 ] D: CHECKED 5 1
[   342.23 ] D: CHECKED 4 0
[   342.23 ] D: CHECKED 5 1
[   342.25 ] D: CHECKED 4 0
[   342.25 ] D: CHECKED 5 1
[   342.25 ] D: CHECKED 4 0
[   342.25 ] D: CHECKED 5 1
[   342.25 ] D: CHECKED 4 0
[   342.25 ] D: CHECKED 5 1
[   342.26 ] D: CHECKED 4 0
[   342.26 ] D: CHECKED 5 1
[   342.26 ] D: CHECKED 4 0
[   342.26 ] D: CHECKED 5 1
[   342.26 ] D: CHECKED 4 0
[   342.26 ] D: CHECKED 5 1
[   342.28 ] D: CHECKED 4 0
[   342.28 ] D: CHECKED 5 1
[   342.28 ] D: CHECKED 4 0
[   342.28 ] D: CHECKED 5 1
[   342.28 ] D: CHECKED 4 0
[   342.28 ] D: CHECKED 5 1
[   342.30 ] D: CHECKED 4 0
[   342.30 ] D: CHECKED 5 1
[   342.30 ] D: CHECKED 4 0
[   342.30 ] D: CHECKED 5 1
[   342.30 ] D: CHECKED 4 0
[   342.30 ] D: CHECKED 5 1
[   342.31 ] D: CHECKED 4 0
[   342.31 ] D: CHECKED 5 1
[   342.31 ] D: CHECKED 4 0
[   342.31 ] D: CHECKED 5 1
[   342.31 ] D: CHECKED 4 0
[   342.31 ] D: CHECKED 5 1
[   342.33 ] D: CHECKED 4 0
[   342.33 ] D: CHECKED 5 1
[   342.33 ] D: CHECKED 4 0
[   342.33 ] D: CHECKED 5 1
[   342.33 ] D: CHECKED 4 0
[   342.33 ] D: CHECKED 5 1
[   342.35 ] D: CHECKED 4 0
[   342.35 ] D: CHECKED 5 1
[   342.35 ] D: CHECKED 4 0
[   342.35 ] D: CHECKED 5 1
[   342.35 ] D: CHECKED 4 0
[   342.35 ] D: CHECKED 5 1
[   342.37 ] D: CHECKED 4 0
[   342.37 ] D: CHECKED 5 1
[   342.37 ] D: CHECKED 4 0
[   342.37 ] D: CHECKED 5 1
[   342.37 ] D: CHECKED 4 0
[   342.37 ] D: CHECKED 5 1
[   342.38 ] D: CHECKED 4 0
[   342.38 ] D: CHECKED 5 1
[   342.38 ] D: CHECKED 4 0
[   342.38 ] D: CHECKED 5 1
[   342.38 ] D: CHECKED 4 0
[   342.38 ] D: CHECKED 5 1
[   342.40 ] D: CHECKED 4 0
[   342.40 ] D: CHECKED 5 1
[   342.40 ] D: CHECKED 4 0
[   342.40 ] D: CHECKED 5 1
[   342.40 ] D: CHECKED 4 0
[   342.40 ] D: CHECKED 5 1
[   342.42 ] D: CHECKED 4 0
[   342.42 ] D: CHECKED 5 1
[   342.42 ] D: CHECKED 4 0
[   342.42 ] D: CHECKED 5 1
[   342.42 ] D: CHECKED 4 0
[   342.42 ] D: CHECKED 5 1
[   342.44 ] D: CHECKED 4 0
[   342.44 ] D: CHECKED 5 1
[   342.44 ] D: CHECKED 4 0
[   342.44 ] D: CHECKED 5 1
[   342.44 ] D: CHECKED 4 0
[   342.44 ] D: CHECKED 5 1
[   342.45 ] D: CHECKED 4 0
[   342.45 ] D: CHECKED 5 1
[   342.45 ] D: CHECKED 4 0
[   342.45 ] D: CHECKED 5 1
[   342.45 ] D: CHECKED 4 0
[   342.45 ] D: CHECKED 5 1
[   342.47 ] D: CHECKED 4 0
[   342.47 ] D: CHECKED 5 1
[   342.47 ] D: CHECKED 4 0
[   342.47 ] D: CHECKED 5 1
[   342.47 ] D: CHECKED 4 0
[   342.47 ] D: CHECKED 5 1
[   342.49 ] D: CHECKED 4 0
[   342.49 ] D: CHECKED 5 1
[   342.49 ] D: CHECKED 4 0
[   342.49 ] D: CHECKED 5 1
[   342.49 ] D: CHECKED 4 0
[   342.49 ] D: CHECKED 5 1
[   342.51 ] D: CHECKED 4 0
[   342.51 ] D: CHECKED 5 1
[   342.51 ] D: CHECKED 4 0
[   342.51 ] D: CHECKED 5 1
[   342.51 ] D: CHECKED 4 0
[   342.51 ] D: CHECKED 5 1
[   342.52 ] D: CHECKED 4 0
[   342.52 ] D: CHECKED 5 1
[   342.52 ] D: CHECKED 4 0
[   342.52 ] D: CHECKED 5 1
[   342.52 ] D: CHECKED 4 0
[   342.52 ] D: CHECKED 5 1
[   342.54 ] D: CHECKED 4 0
[   342.54 ] D: CHECKED 5 1
[   342.54 ] D: CHECKED 4 0
[   342.54 ] D: CHECKED 5 1
[   342.54 ] D: CHECKED 4 0
[   342.54 ] D: CHECKED 5 1
[   342.56 ] D: CHECKED 4 0
[   342.56 ] D: CHECKED 5 1
[   342.56 ] D: CHECKED 4 0
[   342.56 ] D: CHECKED 5 1
[   342.56 ] D: CHECKED 4 0
[   342.56 ] D: CHECKED 5 1
[   342.58 ] D: CHECKED 4 0
[   342.58 ] D: CHECKED 5 1
[   342.58 ] D: CHECKED 4 0
[   342.58 ] D: CHECKED 5 1
[   342.58 ] D: CHECKED 4 0
[   342.58 ] D: CHECKED 5 1
[   342.59 ] D: CHECKED 4 0
[   342.59 ] D: CHECKED 5 1
[   342.59 ] D: CHECKED 4 0
[   342.59 ] D: CHECKED 5 1
[   342.59 ] D: CHECKED 4 0
[   342.59 ] D: CHECKED 5 1
[   342.61 ] D: CHECKED 4 0
[   342.61 ] D: CHECKED 5 1
[   342.61 ] D: CHECKED 4 0
[   342.61 ] D: CHECKED 5 1
[   342.61 ] D: CHECKED 4 0
[   342.61 ] D: CHECKED 5 1
[   342.63 ] D: CHECKED 4 0
[   342.63 ] D: CHECKED 5 1
[   342.63 ] D: CHECKED 4 0
[   342.63 ] D: CHECKED 5 1
[   342.63 ] D: CHECKED 4 0
[   342.63 ] D: CHECKED 5 1
[   342.65 ] D: CHECKED 4 0
[   342.65 ] D: CHECKED 5 1
[   342.65 ] D: CHECKED 4 0
[   342.65 ] D: CHECKED 5 1
[   342.65 ] D: CHECKED 4 0
[   342.65 ] D: CHECKED 5 1
[   342.66 ] D: AsyncFileReader 3 11
[   342.66 ] D: CHECKED 4 0
[   342.66 ] D: CHECKED 5 1
[   342.66 ] D: CHECKED 4 0
[   342.66 ] D: CHECKED 5 1
[   342.66 ] D: CHECKED 4 0
[   342.66 ] D: CHECKED 5 1
[   342.68 ] D: CHECKED 4 0
[   342.68 ] D: CHECKED 5 1
[   342.68 ] D: CHECKED 4 0
[   342.68 ] D: CHECKED 5 1
[   342.68 ] D: CHECKED 4 0
[   342.68 ] D: CHECKED 5 1
[   342.70 ] D: CHECKED 4 0
[   342.70 ] D: CHECKED 5 1
[   342.70 ] D: CHECKED 4 0
[   342.70 ] D: CHECKED 5 1
[   342.70 ] D: CHECKED 4 0
[   342.70 ] D: CHECKED 5 1
[   342.72 ] D: CHECKED 4 0
[   342.72 ] D: CHECKED 5 1
[   342.72 ] D: CHECKED 4 0
[   342.72 ] D: CHECKED 5 1
[   342.72 ] D: CHECKED 4 0
[   342.72 ] D: CHECKED 5 1
[   342.73 ] D: CHECKED 4 0
[   342.73 ] D: CHECKED 5 1
[   342.73 ] D: CHECKED 4 0
[   342.73 ] D: CHECKED 5 1
[   342.73 ] D: CHECKED 4 0
[   342.73 ] D: CHECKED 5 1
[   342.75 ] D: CHECKED 4 0
[   342.75 ] D: CHECKED 5 1
[   342.75 ] D: CHECKED 4 0
[   342.75 ] D: CHECKED 5 1
[   342.75 ] D: CHECKED 4 0
[   342.75 ] D: CHECKED 5 1
[   342.77 ] D: CHECKED 4 0
[   342.77 ] D: CHECKED 5 1
[   342.77 ] D: CHECKED 4 0
[   342.77 ] D: CHECKED 5 1
[   342.77 ] D: CHECKED 4 0
[   342.77 ] D: CHECKED 5 1
[   342.79 ] D: CHECKED 4 0
[   342.79 ] D: CHECKED 5 1
[   342.79 ] D: CHECKED 4 0
[   342.79 ] D: CHECKED 5 1
[   342.79 ] D: CHECKED 4 0
[   342.79 ] D: CHECKED 5 1
[   342.80 ] D: CHECKED 4 0
[   342.80 ] D: CHECKED 5 1
[   342.80 ] D: CHECKED 4 0
[   342.80 ] D: CHECKED 5 1
[   342.80 ] D: CHECKED 4 0
[   342.80 ] D: CHECKED 5 1
[   342.82 ] D: CHECKED 4 0
[   342.82 ] D: CHECKED 5 1
[   342.82 ] D: CHECKED 4 0
[   342.82 ] D: CHECKED 5 1
[   342.82 ] D: CHECKED 4 0
[   342.82 ] D: CHECKED 5 1
[   342.84 ] D: CHECKED 4 0
[   342.84 ] D: CHECKED 5 1
[   342.84 ] D: CHECKED 4 0
[   342.84 ] D: CHECKED 5 1
[   342.84 ] D: CHECKED 4 0
[   342.84 ] D: CHECKED 5 1
[   342.85 ] D: CHECKED 4 0
[   342.85 ] D: CHECKED 5 1
[   342.85 ] D: CHECKED 4 0
[   342.85 ] D: CHECKED 5 1
[   342.85 ] D: CHECKED 4 0
[   342.85 ] D: CHECKED 5 1
[   342.87 ] D: CHECKED 4 0
[   342.87 ] D: CHECKED 5 1
[   342.87 ] D: CHECKED 4 0
[   342.87 ] D: CHECKED 5 1
[   342.87 ] D: CHECKED 4 0
[   342.87 ] D: CHECKED 5 1
[   342.89 ] D: CHECKED 4 0
[   342.89 ] D: CHECKED 5 1
[   342.89 ] D: CHECKED 4 0
[   342.89 ] D: CHECKED 5 1
[   342.89 ] D: CHECKED 4 0
[   342.89 ] D: CHECKED 5 1
[   342.91 ] D: CHECKED 4 0
[   342.91 ] D: CHECKED 5 1
[   342.91 ] D: CHECKED 4 0
[   342.91 ] D: CHECKED 5 1
[   342.91 ] D: CHECKED 4 0
[   342.91 ] D: CHECKED 5 1
[   342.92 ] D: CHECKED 4 0
[   342.92 ] D: CHECKED 5 1
[   342.92 ] D: CHECKED 4 0
[   342.92 ] D: CHECKED 5 1
[   342.92 ] D: CHECKED 4 0
[   342.92 ] D: CHECKED 5 1
[   342.94 ] D: CHECKED 4 0
[   342.94 ] D: CHECKED 5 1
[   342.94 ] D: CHECKED 4 0
[   342.94 ] D: CHECKED 5 1
[   342.94 ] D: CHECKED 4 0
[   342.94 ] D: CHECKED 5 1
[   342.96 ] D: CHECKED 4 0
[   342.96 ] D: CHECKED 5 1
[   342.96 ] D: CHECKED 4 0
[   342.96 ] D: CHECKED 5 1
[   342.96 ] D: CHECKED 4 0
[   342.96 ] D: CHECKED 5 1
[   342.98 ] D: CHECKED 4 0
[   342.98 ] D: CHECKED 5 1
[   342.98 ] D: CHECKED 4 0
[   342.98 ] D: CHECKED 5 1
[   342.98 ] D: CHECKED 4 0
[   342.98 ] D: CHECKED 5 1
[   342.99 ] D: CHECKED 4 0
[   342.99 ] D: CHECKED 5 1
[   342.99 ] D: CHECKED 4 0
[   342.99 ] D: CHECKED 5 1
[   342.99 ] D: CHECKED 4 0
[   342.99 ] D: CHECKED 5 1
[   343.01 ] D: CHECKED 4 0
[   343.01 ] D: CHECKED 5 1
[   343.01 ] D: CHECKED 4 0
[   343.01 ] D: CHECKED 5 1
[   343.01 ] D: CHECKED 4 0
[   343.01 ] D: CHECKED 5 1
[   343.03 ] D: CHECKED 4 0
[   343.03 ] D: CHECKED 5 1
[   343.03 ] D: CHECKED 4 0
[   343.03 ] D: CHECKED 5 1
[   343.03 ] D: CHECKED 4 0
[   343.03 ] D: CHECKED 5 1
[   343.05 ] D: CHECKED 4 0
[   343.05 ] D: CHECKED 5 1
[   343.05 ] D: CHECKED 4 0
[   343.05 ] D: CHECKED 5 1
[   343.05 ] D: CHECKED 4 0
[   343.05 ] D: CHECKED 5 1
[   343.06 ] D: CHECKED 4 0
[   343.06 ] D: CHECKED 5 1
[   343.06 ] D: CHECKED 4 0
[   343.06 ] D: CHECKED 5 1
[   343.06 ] D: CHECKED 4 0
[   343.06 ] D: CHECKED 5 1
[   343.08 ] D: CHECKED 4 0
[   343.08 ] D: CHECKED 5 1
[   343.08 ] D: CHECKED 4 0
[   343.08 ] D: CHECKED 5 1
[   343.08 ] D: CHECKED 4 0
[   343.08 ] D: CHECKED 5 1
[   343.10 ] D: CHECKED 4 0
[   343.10 ] D: CHECKED 5 1
[   343.10 ] D: CHECKED 4 0
[   343.10 ] D: CHECKED 5 1
[   343.10 ] D: CHECKED 4 0
[   343.10 ] D: CHECKED 5 1
[   343.12 ] D: CHECKED 4 0
[   343.12 ] D: CHECKED 5 1
[   343.12 ] D: CHECKED 4 0
[   343.12 ] D: CHECKED 5 1
[   343.12 ] D: CHECKED 4 0
[   343.12 ] D: CHECKED 5 1
[   343.13 ] D: CHECKED 4 0
[   343.13 ] D: CHECKED 5 1
[   343.13 ] D: CHECKED 4 0
[   343.13 ] D: CHECKED 5 1
[   343.13 ] D: CHECKED 4 0
[   343.13 ] D: CHECKED 5 1
[   343.15 ] D: CHECKED 4 0
[   343.15 ] D: CHECKED 5 1
[   343.15 ] D: CHECKED 4 0
[   343.15 ] D: CHECKED 5 1
[   343.15 ] D: CHECKED 4 0
[   343.15 ] D: CHECKED 5 1
[   343.17 ] D: CHECKED 4 0
[   343.17 ] D: CHECKED 5 1
[   343.17 ] D: CHECKED 4 0
[   343.17 ] D: CHECKED 5 1
[   343.17 ] D: CHECKED 4 0
[   343.17 ] D: CHECKED 5 1
[   343.19 ] D: CHECKED 4 0
[   343.19 ] D: CHECKED 5 1
[   343.19 ] D: CHECKED 4 0
[   343.19 ] D: CHECKED 5 1
[   343.19 ] D: CHECKED 4 0
[   343.19 ] D: CHECKED 5 1
[   343.20 ] D: CHECKED 4 0
[   343.20 ] D: CHECKED 5 1
[   343.20 ] D: CHECKED 4 0
[   343.20 ] D: CHECKED 5 1
[   343.20 ] D: CHECKED 4 0
[   343.20 ] D: CHECKED 5 1
[   343.22 ] D: CHECKED 4 0
[   343.22 ] D: CHECKED 5 1
[   343.22 ] D: CHECKED 4 0
[   343.22 ] D: CHECKED 5 1
[   343.22 ] D: CHECKED 4 0
[   343.22 ] D: CHECKED 5 1
[   343.24 ] D: CHECKED 4 0
[   343.24 ] D: CHECKED 5 1
[   343.24 ] D: CHECKED 4 0
[   343.24 ] D: CHECKED 5 1
[   343.24 ] D: CHECKED 4 0
[   343.24 ] D: CHECKED 5 1
[   343.26 ] D: CHECKED 4 0
[   343.26 ] D: CHECKED 5 1
[   343.26 ] D: CHECKED 4 0
[   343.26 ] D: CHECKED 5 1
[   343.26 ] D: CHECKED 4 0
[   343.26 ] D: CHECKED 5 1
[   343.27 ] D: CHECKED 4 0
[   343.27 ] D: CHECKED 5 1
[   343.27 ] D: CHECKED 4 0
[   343.27 ] D: CHECKED 5 1
[   343.27 ] D: CHECKED 4 0
[   343.27 ] D: CHECKED 5 1
[   343.29 ] D: CHECKED 4 0
[   343.29 ] D: CHECKED 5 1
[   343.29 ] D: CHECKED 4 0
[   343.29 ] D: CHECKED 5 1
[   343.29 ] D: CHECKED 4 0
[   343.29 ] D: CHECKED 5 1
[   343.31 ] D: CHECKED 4 0
[   343.31 ] D: CHECKED 5 1
[   343.31 ] D: CHECKED 4 0
[   343.31 ] D: CHECKED 5 1
[   343.31 ] D: CHECKED 4 0
[   343.31 ] D: CHECKED 5 1
[   343.32 ] D: CHECKED 4 0
[   343.32 ] D: CHECKED 5 1
[   343.32 ] D: CHECKED 4 0
[   343.32 ] D: CHECKED 5 1
[   343.32 ] D: CHECKED 4 0
[   343.32 ] D: CHECKED 5 1
[   343.34 ] D: CHECKED 4 0
[   343.34 ] D: CHECKED 5 1
[   343.34 ] D: CHECKED 4 0
[   343.34 ] D: CHECKED 5 1
[   343.34 ] D: CHECKED 4 0
[   343.34 ] D: CHECKED 5 1
[   343.36 ] D: CHECKED 4 0
[   343.36 ] D: CHECKED 5 1
[   343.36 ] D: CHECKED 4 0
[   343.36 ] D: CHECKED 5 1
[   343.36 ] D: CHECKED 4 0
[   343.36 ] D: CHECKED 5 1
[   343.38 ] D: CHECKED 4 0
[   343.38 ] D: CHECKED 5 1
[   343.38 ] D: CHECKED 4 0
[   343.38 ] D: CHECKED 5 1
[   343.38 ] D: CHECKED 4 0
[   343.38 ] D: CHECKED 5 1
[   343.39 ] D: CHECKED 4 0
[   343.39 ] D: CHECKED 5 1
[   343.39 ] D: CHECKED 4 0
[   343.39 ] D: CHECKED 5 1
[   343.39 ] D: CHECKED 4 0
[   343.39 ] D: CHECKED 5 1
[   343.41 ] D: CHECKED 4 0
[   343.41 ] D: CHECKED 5 1
[   343.41 ] D: CHECKED 4 0
[   343.41 ] D: CHECKED 5 1
[   343.41 ] D: CHECKED 4 0
[   343.41 ] D: CHECKED 5 1
[   343.43 ] D: CHECKED 4 0
[   343.43 ] D: CHECKED 5 1
[   343.43 ] D: CHECKED 4 0
[   343.43 ] D: CHECKED 5 1
[   343.43 ] D: CHECKED 4 0
[   343.43 ] D: CHECKED 5 1
[   343.45 ] D: CHECKED 4 0
[   343.45 ] D: CHECKED 5 1
[   343.45 ] D: CHECKED 4 0
[   343.45 ] D: CHECKED 5 1
[   343.45 ] D: CHECKED 4 0
[   343.45 ] D: CHECKED 5 1
[   343.46 ] D: CHECKED 4 0
[   343.46 ] D: CHECKED 5 1
[   343.46 ] D: CHECKED 4 0
[   343.46 ] D: CHECKED 5 1
[   343.46 ] D: CHECKED 4 0
[   343.46 ] D: CHECKED 5 1
[   343.48 ] D: CHECKED 4 0
[   343.48 ] D: CHECKED 5 1
[   343.48 ] D: CHECKED 4 0
[   343.48 ] D: CHECKED 5 1
[   343.48 ] D: CHECKED 4 0
[   343.48 ] D: CHECKED 5 1
[   343.50 ] D: CHECKED 4 0
[   343.50 ] D: CHECKED 5 1
[   343.50 ] D: CHECKED 4 0
[   343.50 ] D: CHECKED 5 1
[   343.50 ] D: CHECKED 4 0
[   343.50 ] D: CHECKED 5 1
[   343.52 ] D: CHECKED 4 0
[   343.52 ] D: CHECKED 5 1
[   343.52 ] D: CHECKED 4 0
[   343.52 ] D: CHECKED 5 1
[   343.52 ] D: CHECKED 4 0
[   343.52 ] D: CHECKED 5 1
[   343.53 ] D: CHECKED 4 0
[   343.53 ] D: CHECKED 5 1
[   343.53 ] D: CHECKED 4 0
[   343.53 ] D: CHECKED 5 1
[   343.53 ] D: CHECKED 4 0
[   343.53 ] D: CHECKED 5 1
[   343.55 ] D: CHECKED 4 0
[   343.55 ] D: CHECKED 5 1
[   343.55 ] D: CHECKED 4 0
[   343.55 ] D: CHECKED 5 1
[   343.55 ] D: CHECKED 4 0
[   343.55 ] D: CHECKED 5 1
[   343.57 ] D: CHECKED 4 0
[   343.57 ] D: CHECKED 5 1
[   343.57 ] D: CHECKED 4 0
[   343.57 ] D: CHECKED 5 1
[   343.57 ] D: CHECKED 4 0
[   343.57 ] D: CHECKED 5 1
[   343.59 ] D: CHECKED 4 0
[   343.59 ] D: CHECKED 5 1
[   343.59 ] D: CHECKED 4 0
[   343.59 ] D: CHECKED 5 1
[   343.59 ] D: CHECKED 4 0
[   343.59 ] D: CHECKED 5 1
[   343.60 ] D: CHECKED 4 0
[   343.60 ] D: CHECKED 5 1
[   343.60 ] D: CHECKED 4 0
[   343.60 ] D: CHECKED 5 1
[   343.60 ] D: CHECKED 4 0
[   343.60 ] D: CHECKED 5 1
[   343.62 ] D: CHECKED 4 0
[   343.62 ] D: CHECKED 5 1
[   343.62 ] D: CHECKED 4 0
[   343.62 ] D: CHECKED 5 1
[   343.62 ] D: CHECKED 4 0
[   343.62 ] D: CHECKED 5 1
[   343.64 ] D: CHECKED 4 0
[   343.64 ] D: CHECKED 5 1
[   343.64 ] D: CHECKED 4 0
[   343.64 ] D: CHECKED 5 1
[   343.64 ] D: CHECKED 4 0
[   343.64 ] D: CHECKED 5 1
[   343.66 ] D: CHECKED 4 0
[   343.66 ] D: CHECKED 5 1
[   343.66 ] D: CHECKED 4 0
[   343.66 ] D: CHECKED 5 1
[   343.66 ] D: CHECKED 4 0
[   343.66 ] D: CHECKED 5 1
[   343.67 ] D: CHECKED 4 0
[   343.67 ] D: CHECKED 5 1
[   343.67 ] D: CHECKED 4 0
[   343.67 ] D: CHECKED 5 1
[   343.67 ] D: CHECKED 4 0
[   343.67 ] D: CHECKED 5 1
[   343.69 ] D: CHECKED 4 0
[   343.69 ] D: CHECKED 5 1
[   343.69 ] D: CHECKED 4 0
[   343.69 ] D: CHECKED 5 1
[   343.69 ] D: CHECKED 4 0
[   343.69 ] D: CHECKED 5 1
[   343.71 ] D: CHECKED 4 0
[   343.71 ] D: CHECKED 5 1
[   343.71 ] D: CHECKED 4 0
[   343.71 ] D: CHECKED 5 1
[   343.71 ] D: CHECKED 4 0
[   343.71 ] D: CHECKED 5 1
[   343.73 ] D: CHECKED 4 0
[   343.73 ] D: CHECKED 5 1
[   343.73 ] D: CHECKED 4 0
[   343.73 ] D: CHECKED 5 1
[   343.73 ] D: CHECKED 4 0
[   343.73 ] D: CHECKED 5 1
[   343.74 ] D: CHECKED 4 0
[   343.74 ] D: CHECKED 5 1
[   343.74 ] D: CHECKED 4 0
[   343.74 ] D: CHECKED 5 1
[   343.74 ] D: CHECKED 4 0
[   343.74 ] D: CHECKED 5 1
[   343.76 ] D: CHECKED 4 0
[   343.76 ] D: CHECKED 5 1
[   343.76 ] D: CHECKED 4 0
[   343.76 ] D: CHECKED 5 1
[   343.76 ] D: CHECKED 4 0
[   343.76 ] D: CHECKED 5 1
[   343.78 ] D: CHECKED 4 0
[   343.78 ] D: CHECKED 5 1
[   343.78 ] D: CHECKED 4 0
[   343.78 ] D: CHECKED 5 1
[   343.78 ] D: CHECKED 4 0
[   343.78 ] D: CHECKED 5 1
[   343.80 ] D: CHECKED 4 0
[   343.80 ] D: CHECKED 5 1
[   343.80 ] D: CHECKED 4 0
[   343.80 ] D: CHECKED 5 1
[   343.80 ] D: CHECKED 4 0
[   343.80 ] D: CHECKED 5 1
[   343.81 ] D: CHECKED 4 0
[   343.81 ] D: CHECKED 5 1
[   343.81 ] D: CHECKED 4 0
[   343.81 ] D: CHECKED 5 1
[   343.81 ] D: CHECKED 4 0
[   343.81 ] D: CHECKED 5 1
[   343.83 ] D: CHECKED 4 0
[   343.83 ] D: CHECKED 5 1
[   343.83 ] D: CHECKED 4 0
[   343.83 ] D: CHECKED 5 1
[   343.83 ] D: CHECKED 4 0
[   343.83 ] D: CHECKED 5 1
[   343.85 ] D: CHECKED 4 0
[   343.85 ] D: CHECKED 5 1
[   343.85 ] D: CHECKED 4 0
[   343.85 ] D: CHECKED 5 1
[   343.85 ] D: CHECKED 4 0
[   343.85 ] D: CHECKED 5 1
[   343.86 ] D: CHECKED 4 0
[   343.86 ] D: CHECKED 5 1
[   343.86 ] D: CHECKED 4 0
[   343.86 ] D: CHECKED 5 1
[   343.86 ] D: CHECKED 4 0
[   343.86 ] D: CHECKED 5 1
[   343.88 ] D: CHECKED 4 0
[   343.88 ] D: CHECKED 5 1
[   343.88 ] D: CHECKED 4 0
[   343.88 ] D: CHECKED 5 1
[   343.88 ] D: CHECKED 4 0
[   343.88 ] D: CHECKED 5 1
[   343.90 ] D: CHECKED 4 0
[   343.90 ] D: CHECKED 5 1
[   343.90 ] D: CHECKED 4 0
[   343.90 ] D: CHECKED 5 1
[   343.90 ] D: CHECKED 4 0
[   343.90 ] D: CHECKED 5 1
[   343.92 ] D: CHECKED 4 0
[   343.92 ] D: CHECKED 5 1
[   343.92 ] D: CHECKED 4 0
[   343.92 ] D: CHECKED 5 1
[   343.92 ] D: CHECKED 4 0
[   343.92 ] D: CHECKED 5 1
[   343.93 ] D: CHECKED 4 0
[   343.93 ] D: CHECKED 5 1
[   343.93 ] D: CHECKED 4 0
[   343.93 ] D: CHECKED 5 1
[   343.93 ] D: CHECKED 4 0
[   343.93 ] D: CHECKED 5 1
[   343.95 ] D: CHECKED 4 0
[   343.95 ] D: CHECKED 5 1
[   343.95 ] D: CHECKED 4 0
[   343.95 ] D: CHECKED 5 1
[   343.95 ] D: CHECKED 4 0
[   343.95 ] D: CHECKED 5 1
[   343.97 ] D: CHECKED 4 0
[   343.97 ] D: CHECKED 5 1
[   343.97 ] D: CHECKED 4 0
[   343.97 ] D: CHECKED 5 1
[   343.97 ] D: CHECKED 4 0
[   343.97 ] D: CHECKED 5 1
[   343.99 ] D: CHECKED 4 0
[   343.99 ] D: CHECKED 5 1
[   343.99 ] D: CHECKED 4 0
[   343.99 ] D: CHECKED 5 1
[   343.99 ] D: CHECKED 4 0
[   343.99 ] D: CHECKED 5 1
[   344.19 ] D: _requestForLoading false false
[   344.19 ] D: _requestForLoading2
[   344.19 ] D: _numberOfSampleBuffer 1
[   344.19 ] D: START TO load 0
[   344.19 ] D: sltPositionChanged 396900 true
[   344.19 ] D: START TO load 1
[   344.19 ] D: START TO load 2
[   344.19 ] D: START TO load 3
[   344.20 ] D: frame_offset 0 0 10
[   344.20 ] D: frame_offset 0 1 10
[   344.20 ] D: frame_offset 0 2 10
[   344.20 ] D: frame_offset 0 3 10
[   344.20 ] D: frame_offset 0 4 10
[   344.21 ] D: sltFirstBufferFilled ("{51ee4249-908e-4e6e-aac4-ae4c748dbb41}") "{51ee4249-908e-4e6e-aac4-ae4c748dbb41}" true
[   344.21 ] D: _requestForLoading true false
[   347.21 ] D: CHECKED 4 0
[   347.21 ] D: CHECKED 5 1
[   347.21 ] D: CHECKED 4 0
[   347.21 ] D: CHECKED 5 1
[   347.21 ] D: CHECKED 4 0
[   347.21 ] D: CHECKED 5 1
[   347.23 ] D: CHECKED 4 0
[   347.23 ] D: CHECKED 5 1
[   347.23 ] D: CHECKED 4 0
[   347.23 ] D: CHECKED 5 1
[   347.23 ] D: CHECKED 4 0
[   347.23 ] D: CHECKED 5 1
[   347.24 ] D: CHECKED 4 0
[   347.24 ] D: CHECKED 5 1
[   347.24 ] D: CHECKED 4 0
[   347.24 ] D: CHECKED 5 1
[   347.24 ] D: CHECKED 4 0
[   347.24 ] D: CHECKED 5 1
[   347.26 ] D: CHECKED 4 0
[   347.26 ] D: CHECKED 5 1
[   347.26 ] D: CHECKED 4 0
[   347.26 ] D: CHECKED 5 1
[   347.26 ] D: CHECKED 4 0
[   347.26 ] D: CHECKED 5 1
[   347.28 ] D: CHECKED 4 0
[   347.28 ] D: CHECKED 5 1
[   347.28 ] D: CHECKED 4 0
[   347.28 ] D: CHECKED 5 1
[   347.28 ] D: CHECKED 4 0
[   347.28 ] D: CHECKED 5 1
[   347.30 ] D: CHECKED 4 0
[   347.30 ] D: CHECKED 5 1
[   347.30 ] D: CHECKED 4 0
[   347.30 ] D: CHECKED 5 1
[   347.30 ] D: CHECKED 4 0
[   347.30 ] D: CHECKED 5 1
[   347.31 ] D: CHECKED 4 0
[   347.31 ] D: CHECKED 5 1
[   347.31 ] D: CHECKED 4 0
[   347.31 ] D: CHECKED 5 1
[   347.31 ] D: CHECKED 4 0
[   347.31 ] D: CHECKED 5 1
[   347.33 ] D: CHECKED 4 0
[   347.33 ] D: CHECKED 5 1
[   347.33 ] D: CHECKED 4 0
[   347.33 ] D: CHECKED 5 1
[   347.33 ] D: CHECKED 4 0
[   347.33 ] D: CHECKED 5 1
[   347.35 ] D: CHECKED 4 0
[   347.35 ] D: CHECKED 5 1
[   347.35 ] D: CHECKED 4 0
[   347.35 ] D: CHECKED 5 1
[   347.35 ] D: CHECKED 4 0
[   347.35 ] D: CHECKED 5 1
[   347.37 ] D: CHECKED 4 0
[   347.37 ] D: CHECKED 5 1
[   347.37 ] D: CHECKED 4 0
[   347.37 ] D: CHECKED 5 1
[   347.37 ] D: CHECKED 4 0
[   347.37 ] D: CHECKED 5 1
[   347.38 ] D: CHECKED 4 0
[   347.38 ] D: CHECKED 5 1
[   347.38 ] D: CHECKED 4 0
[   347.38 ] D: CHECKED 5 1
[   347.38 ] D: CHECKED 4 0
[   347.38 ] D: CHECKED 5 1
[   347.40 ] D: CHECKED 4 0
[   347.40 ] D: CHECKED 5 1
[   347.40 ] D: CHECKED 4 0
[   347.40 ] D: CHECKED 5 1
[   347.40 ] D: CHECKED 4 0
[   347.40 ] D: CHECKED 5 1
[   347.42 ] D: CHECKED 4 0
[   347.42 ] D: CHECKED 5 1
[   347.42 ] D: CHECKED 4 0
[   347.42 ] D: CHECKED 5 1
[   347.42 ] D: CHECKED 4 0
[   347.42 ] D: CHECKED 5 1
[   347.43 ] D: CHECKED 4 0
[   347.43 ] D: CHECKED 5 1
[   347.43 ] D: CHECKED 4 0
[   347.43 ] D: CHECKED 5 1
[   347.43 ] D: CHECKED 4 0
[   347.43 ] D: CHECKED 5 1
[   347.45 ] D: CHECKED 4 0
[   347.45 ] D: CHECKED 5 1
[   347.45 ] D: CHECKED 4 0
[   347.45 ] D: CHECKED 5 1
[   347.45 ] D: CHECKED 4 0
[   347.45 ] D: CHECKED 5 1
[   347.47 ] D: CHECKED 4 0
[   347.47 ] D: CHECKED 5 1
[   347.47 ] D: CHECKED 4 0
[   347.47 ] D: CHECKED 5 1
[   347.47 ] D: CHECKED 4 0
[   347.47 ] D: CHECKED 5 1
[   347.49 ] D: CHECKED 4 0
[   347.49 ] D: CHECKED 5 1
[   347.49 ] D: CHECKED 4 0
[   347.49 ] D: CHECKED 5 1
[   347.49 ] D: CHECKED 4 0
[   347.49 ] D: CHECKED 5 1
[   347.50 ] D: CHECKED 4 0
[   347.50 ] D: CHECKED 5 1
[   347.50 ] D: CHECKED 4 0
[   347.50 ] D: CHECKED 5 1
[   347.50 ] D: CHECKED 4 0
[   347.50 ] D: CHECKED 5 1
[   347.52 ] D: CHECKED 4 0
[   347.52 ] D: CHECKED 5 1
[   347.52 ] D: CHECKED 4 0
[   347.52 ] D: CHECKED 5 1
[   347.52 ] D: CHECKED 4 0
[   347.52 ] D: CHECKED 5 1
[   347.54 ] D: CHECKED 4 0
[   347.54 ] D: CHECKED 5 1
[   347.54 ] D: CHECKED 4 0
[   347.54 ] D: CHECKED 5 1
[   347.54 ] D: CHECKED 4 0
[   347.54 ] D: CHECKED 5 1
[   347.56 ] D: CHECKED 4 0
[   347.56 ] D: CHECKED 5 1
[   347.56 ] D: CHECKED 4 0
[   347.56 ] D: CHECKED 5 1
[   347.56 ] D: CHECKED 4 0
[   347.56 ] D: CHECKED 5 1
[   347.57 ] D: CHECKED 4 0
[   347.57 ] D: CHECKED 5 1
[   347.57 ] D: CHECKED 4 0
[   347.57 ] D: CHECKED 5 1
[   347.57 ] D: CHECKED 4 0
[   347.57 ] D: CHECKED 5 1
[   347.59 ] D: CHECKED 4 0
[   347.59 ] D: CHECKED 5 1
[   347.59 ] D: CHECKED 4 0
[   347.59 ] D: CHECKED 5 1
[   347.59 ] D: CHECKED 4 0
[   347.59 ] D: CHECKED 5 1
[   347.61 ] D: CHECKED 4 0
[   347.61 ] D: CHECKED 5 1
[   347.61 ] D: CHECKED 4 0
[   347.61 ] D: CHECKED 5 1
[   347.61 ] D: CHECKED 4 0
[   347.61 ] D: CHECKED 5 1
[   347.63 ] D: CHECKED 4 0
[   347.63 ] D: CHECKED 5 1
[   347.63 ] D: CHECKED 4 0
[   347.63 ] D: CHECKED 5 1
[   347.63 ] D: CHECKED 4 0
[   347.63 ] D: CHECKED 5 1
[   347.64 ] D: CHECKED 4 0
[   347.64 ] D: CHECKED 5 1
[   347.64 ] D: CHECKED 4 0
[   347.64 ] D: CHECKED 5 1
[   347.64 ] D: CHECKED 4 0
[   347.64 ] D: CHECKED 5 1
[   347.66 ] D: CHECKED 4 0
[   347.66 ] D: CHECKED 5 1
[   347.66 ] D: CHECKED 4 0
[   347.66 ] D: CHECKED 5 1
[   347.66 ] D: CHECKED 4 0
[   347.66 ] D: CHECKED 5 1
[   347.68 ] D: CHECKED 4 0
[   347.68 ] D: CHECKED 5 1
[   347.68 ] D: CHECKED 4 0
[   347.68 ] D: CHECKED 5 1
[   347.68 ] D: CHECKED 4 0
[   347.68 ] D: CHECKED 5 1
[   347.70 ] D: CHECKED 4 0
[   347.70 ] D: CHECKED 5 1
[   347.70 ] D: CHECKED 4 0
[   347.70 ] D: CHECKED 5 1
[   347.70 ] D: CHECKED 4 0
[   347.70 ] D: CHECKED 5 1
[   347.71 ] D: CHECKED 4 0
[   347.71 ] D: CHECKED 5 1
[   347.71 ] D: CHECKED 4 0
[   347.71 ] D: CHECKED 5 1
[   347.71 ] D: CHECKED 4 0
[   347.71 ] D: CHECKED 5 1
[   347.73 ] D: CHECKED 4 0
[   347.73 ] D: CHECKED 5 1
[   347.73 ] D: CHECKED 4 0
[   347.73 ] D: CHECKED 5 1
[   347.73 ] D: CHECKED 4 0
[   347.73 ] D: CHECKED 5 1
[   347.75 ] D: CHECKED 4 0
[   347.75 ] D: CHECKED 5 1
[   347.75 ] D: CHECKED 4 0
[   347.75 ] D: CHECKED 5 1
[   347.75 ] D: CHECKED 4 0
[   347.75 ] D: CHECKED 5 1
[   347.77 ] D: CHECKED 4 0
[   347.77 ] D: CHECKED 5 1
[   347.77 ] D: CHECKED 4 0
[   347.77 ] D: CHECKED 5 1
[   347.77 ] D: CHECKED 4 0
[   347.77 ] D: CHECKED 5 1
[   347.78 ] D: CHECKED 4 0
[   347.78 ] D: CHECKED 5 1
[   347.78 ] D: CHECKED 4 0
[   347.78 ] D: CHECKED 5 1
[   347.78 ] D: CHECKED 4 0
[   347.78 ] D: CHECKED 5 1
[   347.80 ] D: CHECKED 4 0
[   347.80 ] D: CHECKED 5 1
[   347.80 ] D: CHECKED 4 0
[   347.80 ] D: CHECKED 5 1
[   347.80 ] D: CHECKED 4 0
[   347.80 ] D: CHECKED 5 1
[   347.82 ] D: CHECKED 4 0
[   347.82 ] D: CHECKED 5 1
[   347.82 ] D: CHECKED 4 0
[   347.82 ] D: CHECKED 5 1
[   347.82 ] D: CHECKED 4 0
[   347.82 ] D: CHECKED 5 1
[   347.84 ] D: CHECKED 4 0
[   347.84 ] D: CHECKED 5 1
[   347.84 ] D: CHECKED 4 0
[   347.84 ] D: CHECKED 5 1
[   347.84 ] D: CHECKED 4 0
[   347.84 ] D: CHECKED 5 1
[   347.85 ] D: CHECKED 4 0
[   347.85 ] D: CHECKED 5 1
[   347.85 ] D: CHECKED 4 0
[   347.85 ] D: CHECKED 5 1
[   347.85 ] D: CHECKED 4 0
[   347.85 ] D: CHECKED 5 1
[   347.87 ] D: CHECKED 4 0
[   347.87 ] D: CHECKED 5 1
[   347.87 ] D: CHECKED 4 0
[   347.87 ] D: CHECKED 5 1
[   347.87 ] D: CHECKED 4 0
[   347.87 ] D: CHECKED 5 1
[   347.89 ] D: CHECKED 4 0
[   347.89 ] D: CHECKED 5 1
[   347.89 ] D: CHECKED 4 0
[   347.89 ] D: CHECKED 5 1
[   347.89 ] D: CHECKED 4 0
[   347.89 ] D: CHECKED 5 1
[   347.91 ] D: CHECKED 4 0
[   347.91 ] D: CHECKED 5 1
[   347.91 ] D: CHECKED 4 0
[   347.91 ] D: CHECKED 5 1
[   347.91 ] D: CHECKED 4 0
[   347.91 ] D: CHECKED 5 1
[   347.92 ] D: CHECKED 4 0
[   347.92 ] D: CHECKED 5 1
[   347.92 ] D: CHECKED 4 0
[   347.92 ] D: CHECKED 5 1
[   347.92 ] D: CHECKED 4 0
[   347.92 ] D: CHECKED 5 1
[   347.94 ] D: CHECKED 4 0
[   347.94 ] D: CHECKED 5 1
[   347.94 ] D: CHECKED 4 0
[   347.94 ] D: CHECKED 5 1
[   347.94 ] D: CHECKED 4 0
[   347.94 ] D: CHECKED 5 1
[   347.96 ] D: CHECKED 4 0
[   347.96 ] D: CHECKED 5 1
[   347.96 ] D: CHECKED 4 0
[   347.96 ] D: CHECKED 5 1
[   347.96 ] D: CHECKED 4 0
[   347.96 ] D: CHECKED 5 1
[   347.97 ] D: CHECKED 4 0
[   347.97 ] D: CHECKED 5 1
[   347.97 ] D: CHECKED 4 0
[   347.97 ] D: CHECKED 5 1
[   347.97 ] D: CHECKED 4 0
[   347.97 ] D: CHECKED 5 1
[   347.99 ] D: CHECKED 4 0
[   347.99 ] D: CHECKED 5 1
[   347.99 ] D: CHECKED 4 0
[   347.99 ] D: CHECKED 5 1
[   347.99 ] D: CHECKED 4 0
[   347.99 ] D: CHECKED 5 1
[   348.01 ] D: CHECKED 4 0
[   348.01 ] D: CHECKED 5 1
[   348.01 ] D: CHECKED 4 0
[   348.01 ] D: CHECKED 5 1
[   348.01 ] D: CHECKED 4 0
[   348.01 ] D: CHECKED 5 1
[   348.03 ] D: CHECKED 4 0
[   348.03 ] D: CHECKED 5 1
[   348.03 ] D: CHECKED 4 0
[   348.03 ] D: CHECKED 5 1
[   348.03 ] D: CHECKED 4 0
[   348.03 ] D: CHECKED 5 1
[   348.04 ] D: CHECKED 4 0
[   348.04 ] D: CHECKED 5 1
[   348.04 ] D: CHECKED 4 0
[   348.04 ] D: CHECKED 5 1
[   348.04 ] D: CHECKED 4 0
[   348.04 ] D: CHECKED 5 1
[   348.06 ] D: CHECKED 4 0
[   348.06 ] D: CHECKED 5 1
[   348.06 ] D: CHECKED 4 0
[   348.06 ] D: CHECKED 5 1
[   348.06 ] D: CHECKED 4 0
[   348.06 ] D: CHECKED 5 1
[   348.08 ] D: CHECKED 4 0
[   348.08 ] D: CHECKED 5 1
[   348.08 ] D: CHECKED 4 0
[   348.08 ] D: CHECKED 5 1
[   348.08 ] D: CHECKED 4 0
[   348.08 ] D: CHECKED 5 1
[   348.10 ] D: CHECKED 4 0
[   348.10 ] D: CHECKED 5 1
[   348.10 ] D: CHECKED 4 0
[   348.10 ] D: CHECKED 5 1
[   348.10 ] D: CHECKED 4 0
[   348.10 ] D: CHECKED 5 1
[   348.11 ] D: CHECKED 4 0
[   348.11 ] D: CHECKED 5 1
[   348.11 ] D: CHECKED 4 0
[   348.11 ] D: CHECKED 5 1
[   348.11 ] D: CHECKED 4 0
[   348.11 ] D: CHECKED 5 1
[   348.13 ] D: CHECKED 4 0
[   348.13 ] D: CHECKED 5 1
[   348.13 ] D: CHECKED 4 0
[   348.13 ] D: CHECKED 5 1
[   348.13 ] D: CHECKED 4 0
[   348.13 ] D: CHECKED 5 1
[   348.15 ] D: CHECKED 4 0
[   348.15 ] D: CHECKED 5 1
[   348.15 ] D: CHECKED 4 0
[   348.15 ] D: CHECKED 5 1
[   348.15 ] D: CHECKED 4 0
[   348.15 ] D: CHECKED 5 1
[   348.17 ] D: CHECKED 4 0
[   348.17 ] D: CHECKED 5 1
[   348.17 ] D: CHECKED 4 0
[   348.17 ] D: CHECKED 5 1
[   348.17 ] D: CHECKED 4 0
[   348.17 ] D: CHECKED 5 1
[   348.18 ] D: CHECKED 4 0
[   348.18 ] D: CHECKED 5 1
[   348.18 ] D: CHECKED 4 0
[   348.18 ] D: CHECKED 5 1
[   348.18 ] D: CHECKED 4 0
[   348.18 ] D: CHECKED 5 1
[   348.20 ] D: CHECKED 4 0
[   348.20 ] D: CHECKED 5 1
[   348.20 ] D: CHECKED 4 0
[   348.20 ] D: CHECKED 5 1
[   348.20 ] D: CHECKED 4 0
[   348.20 ] D: CHECKED 5 1
[   348.22 ] D: CHECKED 4 0
[   348.22 ] D: CHECKED 5 1
[   348.22 ] D: CHECKED 4 0
[   348.22 ] D: CHECKED 5 1
[   348.22 ] D: CHECKED 4 0
[   348.22 ] D: CHECKED 5 1
[   348.24 ] D: CHECKED 4 0
[   348.24 ] D: CHECKED 5 1
[   348.24 ] D: CHECKED 4 0
[   348.24 ] D: CHECKED 5 1
[   348.24 ] D: CHECKED 4 0
[   348.24 ] D: CHECKED 5 1
[   348.25 ] D: CHECKED 4 0
[   348.25 ] D: CHECKED 5 1
[   348.25 ] D: CHECKED 4 0
[   348.25 ] D: CHECKED 5 1
[   348.25 ] D: CHECKED 4 0
[   348.25 ] D: CHECKED 5 1
[   348.27 ] D: CHECKED 4 0
[   348.27 ] D: CHECKED 5 1
[   348.27 ] D: CHECKED 4 0
[   348.27 ] D: CHECKED 5 1
[   348.27 ] D: CHECKED 4 0
[   348.27 ] D: CHECKED 5 1
[   348.29 ] D: CHECKED 4 0
[   348.29 ] D: CHECKED 5 1
[   348.29 ] D: CHECKED 4 0
[   348.29 ] D: CHECKED 5 1
[   348.29 ] D: CHECKED 4 0
[   348.29 ] D: CHECKED 5 1
[   348.31 ] D: CHECKED 4 0
[   348.31 ] D: CHECKED 5 1
[   348.31 ] D: CHECKED 4 0
[   348.31 ] D: CHECKED 5 1
[   348.31 ] D: CHECKED 4 0
[   348.31 ] D: CHECKED 5 1
[   348.32 ] D: CHECKED 4 0
[   348.32 ] D: CHECKED 5 1
[   348.32 ] D: CHECKED 4 0
[   348.32 ] D: CHECKED 5 1
[   348.32 ] D: CHECKED 4 0
[   348.32 ] D: CHECKED 5 1
[   348.34 ] D: CHECKED 4 0
[   348.34 ] D: CHECKED 5 1
[   348.34 ] D: CHECKED 4 0
[   348.34 ] D: CHECKED 5 1
[   348.34 ] D: CHECKED 4 0
[   348.34 ] D: CHECKED 5 1
[   348.36 ] D: CHECKED 4 0
[   348.36 ] D: CHECKED 5 1
[   348.36 ] D: CHECKED 4 0
[   348.36 ] D: CHECKED 5 1
[   348.36 ] D: CHECKED 4 0
[   348.36 ] D: CHECKED 5 1
[   348.38 ] D: CHECKED 4 0
[   348.38 ] D: CHECKED 5 1
[   348.38 ] D: CHECKED 4 0
[   348.38 ] D: CHECKED 5 1
[   348.38 ] D: CHECKED 4 0
[   348.38 ] D: CHECKED 5 1
[   348.39 ] D: CHECKED 4 0
[   348.39 ] D: CHECKED 5 1
[   348.39 ] D: CHECKED 4 0
[   348.39 ] D: CHECKED 5 1
[   348.39 ] D: CHECKED 4 0
[   348.39 ] D: CHECKED 5 1
[   348.41 ] D: CHECKED 4 0
[   348.41 ] D: CHECKED 5 1
[   348.41 ] D: CHECKED 4 0
[   348.41 ] D: CHECKED 5 1
[   348.41 ] D: CHECKED 4 0
[   348.41 ] D: CHECKED 5 1
[   348.43 ] D: CHECKED 4 0
[   348.43 ] D: CHECKED 5 1
[   348.43 ] D: CHECKED 4 0
[   348.43 ] D: CHECKED 5 1
[   348.43 ] D: CHECKED 4 0
[   348.43 ] D: CHECKED 5 1
[   348.44 ] D: CHECKED 4 0
[   348.44 ] D: CHECKED 5 1
[   348.44 ] D: CHECKED 4 0
[   348.44 ] D: CHECKED 5 1
[   348.44 ] D: CHECKED 4 0
[   348.44 ] D: CHECKED 5 1
[   348.46 ] D: CHECKED 4 0
[   348.46 ] D: CHECKED 5 1
[   348.46 ] D: CHECKED 4 0
[   348.46 ] D: CHECKED 5 1
[   348.46 ] D: CHECKED 4 0
[   348.46 ] D: CHECKED 5 1
[   348.48 ] D: CHECKED 4 0
[   348.48 ] D: CHECKED 5 1
[   348.48 ] D: CHECKED 4 0
[   348.48 ] D: CHECKED 5 1
[   348.48 ] D: CHECKED 4 0
[   348.48 ] D: CHECKED 5 1
[   348.50 ] D: CHECKED 4 0
[   348.50 ] D: CHECKED 5 1
[   348.50 ] D: CHECKED 4 0
[   348.50 ] D: CHECKED 5 1
[   348.50 ] D: CHECKED 4 0
[   348.50 ] D: CHECKED 5 1
[   348.51 ] D: CHECKED 4 0
[   348.51 ] D: CHECKED 5 1
[   348.51 ] D: CHECKED 4 0
[   348.51 ] D: CHECKED 5 1
[   348.51 ] D: CHECKED 4 0
[   348.51 ] D: CHECKED 5 1
[   348.53 ] D: CHECKED 4 0
[   348.53 ] D: CHECKED 5 1
[   348.53 ] D: CHECKED 4 0
[   348.53 ] D: CHECKED 5 1
[   348.53 ] D: CHECKED 4 0
[   348.53 ] D: CHECKED 5 1
[   348.55 ] D: CHECKED 4 0
[   348.55 ] D: CHECKED 5 1
[   348.55 ] D: CHECKED 4 0
[   348.55 ] D: CHECKED 5 1
[   348.55 ] D: CHECKED 4 0
[   348.55 ] D: CHECKED 5 1
[   348.57 ] D: CHECKED 4 0
[   348.57 ] D: CHECKED 5 1
[   348.57 ] D: CHECKED 4 0
[   348.57 ] D: CHECKED 5 1
[   348.57 ] D: CHECKED 4 0
[   348.57 ] D: CHECKED 5 1
[   348.58 ] D: CHECKED 4 0
[   348.58 ] D: CHECKED 5 1
[   348.58 ] D: CHECKED 4 0
[   348.58 ] D: CHECKED 5 1
[   348.58 ] D: CHECKED 4 0
[   348.58 ] D: CHECKED 5 1
[   348.60 ] D: CHECKED 4 0
[   348.60 ] D: CHECKED 5 1
[   348.60 ] D: CHECKED 4 0
[   348.60 ] D: CHECKED 5 1
[   348.60 ] D: CHECKED 4 0
[   348.60 ] D: CHECKED 5 1
[   348.62 ] D: CHECKED 4 0
[   348.62 ] D: CHECKED 5 1
[   348.62 ] D: CHECKED 4 0
[   348.62 ] D: CHECKED 5 1
[   348.62 ] D: CHECKED 4 0
[   348.62 ] D: CHECKED 5 1
[   348.64 ] D: CHECKED 4 0
[   348.64 ] D: CHECKED 5 1
[   348.64 ] D: CHECKED 4 0
[   348.64 ] D: CHECKED 5 1
[   348.64 ] D: CHECKED 4 0
[   348.64 ] D: CHECKED 5 1
[   348.65 ] D: CHECKED 4 0
[   348.65 ] D: CHECKED 5 1
[   348.65 ] D: CHECKED 4 0
[   348.65 ] D: CHECKED 5 1
[   348.65 ] D: CHECKED 4 0
[   348.65 ] D: CHECKED 5 1
[   348.67 ] D: CHECKED 4 0
[   348.67 ] D: CHECKED 5 1
[   348.67 ] D: CHECKED 4 0
[   348.67 ] D: CHECKED 5 1
[   348.67 ] D: CHECKED 4 0
[   348.67 ] D: CHECKED 5 1
[   348.69 ] D: CHECKED 4 0
[   348.69 ] D: CHECKED 5 1
[   348.69 ] D: AsyncFileReader 0 5
[   348.69 ] D: CHECKED 4 0
[   348.69 ] D: CHECKED 5 1
[   348.69 ] D: CHECKED 4 0
[   348.69 ] D: CHECKED 5 1
[   348.71 ] D: CHECKED 4 0
[   348.71 ] D: CHECKED 5 1
[   348.71 ] D: CHECKED 4 0
[   348.71 ] D: CHECKED 5 1
[   348.71 ] D: CHECKED 4 0
[   348.71 ] D: CHECKED 5 1
[   348.72 ] D: CHECKED 4 0
[   348.72 ] D: CHECKED 5 1
[   348.72 ] D: CHECKED 4 0
[   348.72 ] D: CHECKED 5 1
[   348.72 ] D: CHECKED 4 0
[   348.72 ] D: CHECKED 5 1
[   348.74 ] D: CHECKED 4 0
[   348.74 ] D: CHECKED 5 1
[   348.74 ] D: CHECKED 4 0
[   348.74 ] D: CHECKED 5 1
[   348.74 ] D: CHECKED 4 0
[   348.74 ] D: CHECKED 5 1
[   348.76 ] D: CHECKED 4 0
[   348.76 ] D: CHECKED 5 1
[   348.76 ] D: CHECKED 4 0
[   348.76 ] D: CHECKED 5 1
[   348.76 ] D: CHECKED 4 0
[   348.76 ] D: CHECKED 5 1
[   348.78 ] D: CHECKED 4 0
[   348.78 ] D: CHECKED 5 1
[   348.78 ] D: CHECKED 4 0
[   348.78 ] D: CHECKED 5 1
[   348.78 ] D: CHECKED 4 0
[   348.78 ] D: CHECKED 5 1
[   348.79 ] D: CHECKED 4 0
[   348.79 ] D: CHECKED 5 1
[   348.79 ] D: CHECKED 4 0
[   348.79 ] D: CHECKED 5 1
[   348.79 ] D: CHECKED 4 0
[   348.79 ] D: CHECKED 5 1
[   348.81 ] D: CHECKED 4 0
[   348.81 ] D: CHECKED 5 1
[   348.81 ] D: CHECKED 4 0
[   348.81 ] D: CHECKED 5 1
[   348.81 ] D: CHECKED 4 0
[   348.81 ] D: CHECKED 5 1
[   348.83 ] D: CHECKED 4 0
[   348.83 ] D: CHECKED 5 1
[   348.83 ] D: CHECKED 4 0
[   348.83 ] D: CHECKED 5 1
[   348.83 ] D: CHECKED 4 0
[   348.83 ] D: CHECKED 5 1
[   348.85 ] D: CHECKED 4 0
[   348.85 ] D: CHECKED 5 1
[   348.85 ] D: CHECKED 4 0
[   348.85 ] D: CHECKED 5 1
[   348.85 ] D: CHECKED 4 0
[   348.85 ] D: CHECKED 5 1
[   348.86 ] D: CHECKED 4 0
[   348.86 ] D: CHECKED 5 1
[   348.86 ] D: CHECKED 4 0
[   348.86 ] D: CHECKED 5 1
[   348.86 ] D: CHECKED 4 0
[   348.86 ] D: CHECKED 5 1
[   348.88 ] D: CHECKED 4 0
[   348.88 ] D: CHECKED 5 1
[   348.88 ] D: CHECKED 4 0
[   348.88 ] D: CHECKED 5 1
[   348.88 ] D: CHECKED 4 0
[   348.88 ] D: CHECKED 5 1
[   348.90 ] D: CHECKED 4 0
[   348.90 ] D: CHECKED 5 1
[   348.90 ] D: CHECKED 4 0
[   348.90 ] D: CHECKED 5 1
[   348.90 ] D: CHECKED 4 0
[   348.90 ] D: CHECKED 5 1
[   348.92 ] D: CHECKED 4 0
[   348.92 ] D: CHECKED 5 1
[   348.92 ] D: CHECKED 4 0
[   348.92 ] D: CHECKED 5 1
[   348.92 ] D: CHECKED 4 0
[   348.92 ] D: CHECKED 5 1
[   348.93 ] D: CHECKED 4 0
[   348.93 ] D: CHECKED 5 1
[   348.93 ] D: CHECKED 4 0
[   348.93 ] D: CHECKED 5 1
[   348.93 ] D: CHECKED 4 0
[   348.93 ] D: CHECKED 5 1
[   348.95 ] D: CHECKED 4 0
[   348.95 ] D: CHECKED 5 1
[   348.95 ] D: CHECKED 4 0
[   348.95 ] D: CHECKED 5 1
[   348.95 ] D: CHECKED 4 0
[   348.95 ] D: CHECKED 5 1
[   348.97 ] D: CHECKED 4 0
[   348.97 ] D: CHECKED 5 1
[   348.97 ] D: CHECKED 4 0
[   348.97 ] D: CHECKED 5 1
[   348.97 ] D: CHECKED 4 0
[   348.97 ] D: CHECKED 5 1
[   348.98 ] D: CHECKED 4 0
[   348.98 ] D: CHECKED 5 1
[   348.98 ] D: CHECKED 4 0
[   348.98 ] D: CHECKED 5 1
[   348.98 ] D: CHECKED 4 0
[   348.98 ] D: CHECKED 5 1
[   349.00 ] D: CHECKED 4 0
[   349.00 ] D: CHECKED 5 1
[   349.00 ] D: CHECKED 4 0
[   349.00 ] D: CHECKED 5 1
[   349.00 ] D: CHECKED 4 0
[   349.00 ] D: CHECKED 5 1
[   349.02 ] D: CHECKED 4 0
[   349.02 ] D: CHECKED 5 1
[   349.02 ] D: CHECKED 4 0
[   349.02 ] D: CHECKED 5 1
[   349.02 ] D: CHECKED 4 0
[   349.02 ] D: CHECKED 5 1
[   349.04 ] D: CHECKED 4 0
[   349.04 ] D: CHECKED 5 1
[   349.04 ] D: CHECKED 4 0
[   349.04 ] D: CHECKED 5 1
[   349.04 ] D: CHECKED 4 0
[   349.04 ] D: CHECKED 5 1
[   349.05 ] D: CHECKED 4 0
[   349.05 ] D: CHECKED 5 1
[   349.05 ] D: CHECKED 4 0
[   349.05 ] D: CHECKED 5 1
[   349.05 ] D: CHECKED 4 0
[   349.05 ] D: CHECKED 5 1
[   349.07 ] D: CHECKED 4 0
[   349.07 ] D: CHECKED 5 1
[   349.07 ] D: CHECKED 4 0
[   349.07 ] D: CHECKED 5 1
[   349.07 ] D: CHECKED 4 0
[   349.07 ] D: CHECKED 5 1
[   349.09 ] D: CHECKED 4 0
[   349.09 ] D: CHECKED 5 1
[   349.09 ] D: CHECKED 4 0
[   349.09 ] D: CHECKED 5 1
[   349.09 ] D: CHECKED 4 0
[   349.09 ] D: CHECKED 5 1
[   349.11 ] D: CHECKED 4 0
[   349.11 ] D: CHECKED 5 1
[   349.11 ] D: CHECKED 4 0
[   349.11 ] D: CHECKED 5 1
[   349.11 ] D: CHECKED 4 0
[   349.11 ] D: CHECKED 5 1
[   349.12 ] D: CHECKED 4 0
[   349.12 ] D: CHECKED 5 1
[   349.12 ] D: CHECKED 4 0
[   349.12 ] D: CHECKED 5 1
[   349.12 ] D: CHECKED 4 0
[   349.12 ] D: CHECKED 5 1
[   349.14 ] D: CHECKED 4 0
[   349.14 ] D: CHECKED 5 1
[   349.14 ] D: CHECKED 4 0
[   349.14 ] D: CHECKED 5 1
[   349.14 ] D: CHECKED 4 0
[   349.14 ] D: CHECKED 5 1
[   349.16 ] D: CHECKED 4 0
[   349.16 ] D: CHECKED 5 1
[   349.16 ] D: CHECKED 4 0
[   349.16 ] D: CHECKED 5 1
[   349.16 ] D: CHECKED 4 0
[   349.16 ] D: CHECKED 5 1
[   349.18 ] D: CHECKED 4 0
[   349.18 ] D: CHECKED 5 1
[   349.18 ] D: CHECKED 4 0
[   349.18 ] D: CHECKED 5 1
[   349.18 ] D: CHECKED 4 0
[   349.18 ] D: CHECKED 5 1
[   349.19 ] D: CHECKED 4 0
[   349.19 ] D: CHECKED 5 1
[   349.19 ] D: CHECKED 4 0
[   349.19 ] D: CHECKED 5 1
[   349.19 ] D: CHECKED 4 0
[   349.19 ] D: CHECKED 5 1
[   349.21 ] D: CHECKED 4 0
[   349.21 ] D: CHECKED 5 1
[   349.21 ] D: CHECKED 4 0
[   349.21 ] D: CHECKED 5 1
[   349.21 ] D: CHECKED 4 0
[   349.21 ] D: CHECKED 5 1
[   349.23 ] D: CHECKED 4 0
[   349.23 ] D: CHECKED 5 1
[   349.23 ] D: CHECKED 4 0
[   349.23 ] D: CHECKED 5 1
[   349.23 ] D: CHECKED 4 0
[   349.23 ] D: CHECKED 5 1
[   349.25 ] D: CHECKED 4 0
[   349.25 ] D: CHECKED 5 1
[   349.25 ] D: CHECKED 4 0
[   349.25 ] D: CHECKED 5 1
[   349.25 ] D: CHECKED 4 0
[   349.25 ] D: CHECKED 5 1
[   349.26 ] D: CHECKED 4 0
[   349.26 ] D: CHECKED 5 1
[   349.26 ] D: CHECKED 4 0
[   349.26 ] D: CHECKED 5 1
[   349.26 ] D: CHECKED 4 0
[   349.26 ] D: CHECKED 5 1
[   349.28 ] D: CHECKED 4 0
[   349.28 ] D: CHECKED 5 1
[   349.28 ] D: CHECKED 4 0
[   349.28 ] D: CHECKED 5 1
[   349.28 ] D: CHECKED 4 0
[   349.28 ] D: CHECKED 5 1
[   349.30 ] D: CHECKED 4 0
[   349.30 ] D: CHECKED 5 1
[   349.30 ] D: CHECKED 4 0
[   349.30 ] D: CHECKED 5 1
[   349.30 ] D: CHECKED 4 0
[   349.30 ] D: CHECKED 5 1
[   349.32 ] D: CHECKED 4 0
[   349.32 ] D: CHECKED 5 1
[   349.32 ] D: CHECKED 4 0
[   349.32 ] D: CHECKED 5 1
[   349.32 ] D: CHECKED 4 0
[   349.32 ] D: CHECKED 5 1
[   349.33 ] D: CHECKED 4 0
[   349.33 ] D: CHECKED 5 1
[   349.33 ] D: CHECKED 4 0
[   349.33 ] D: CHECKED 5 1
[   349.33 ] D: CHECKED 4 0
[   349.33 ] D: CHECKED 5 1
[   349.35 ] D: CHECKED 4 0
[   349.35 ] D: CHECKED 5 1
[   349.35 ] D: CHECKED 4 0
[   349.35 ] D: CHECKED 5 1
[   349.35 ] D: CHECKED 4 0
[   349.35 ] D: CHECKED 5 1
[   349.37 ] D: CHECKED 4 0
[   349.37 ] D: CHECKED 5 1
[   349.37 ] D: CHECKED 4 0
[   349.37 ] D: CHECKED 5 1
[   349.37 ] D: CHECKED 4 0
[   349.37 ] D: CHECKED 5 1
[   349.39 ] D: CHECKED 4 0
[   349.39 ] D: CHECKED 5 1
[   349.39 ] D: CHECKED 4 0
[   349.39 ] D: CHECKED 5 1
[   349.39 ] D: CHECKED 4 0
[   349.39 ] D: CHECKED 5 1
[   349.40 ] D: CHECKED 4 0
[   349.40 ] D: CHECKED 5 1
[   349.40 ] D: CHECKED 4 0
[   349.40 ] D: CHECKED 5 1
[   349.40 ] D: CHECKED 4 0
[   349.40 ] D: CHECKED 5 1
[   349.42 ] D: CHECKED 4 0
[   349.42 ] D: CHECKED 5 1
[   349.42 ] D: CHECKED 4 0
[   349.42 ] D: CHECKED 5 1
[   349.42 ] D: CHECKED 4 0
[   349.42 ] D: CHECKED 5 1
[   349.44 ] D: CHECKED 4 0
[   349.44 ] D: CHECKED 5 1
[   349.44 ] D: CHECKED 4 0
[   349.44 ] D: CHECKED 5 1
[   349.44 ] D: CHECKED 4 0
[   349.44 ] D: CHECKED 5 1
[   349.45 ] D: CHECKED 4 0
[   349.45 ] D: CHECKED 5 1
[   349.45 ] D: CHECKED 4 0
[   349.45 ] D: CHECKED 5 1
[   349.45 ] D: CHECKED 4 0
[   349.45 ] D: CHECKED 5 1
[   349.47 ] D: CHECKED 4 0
[   349.47 ] D: CHECKED 5 1
[   349.47 ] D: CHECKED 4 0
[   349.47 ] D: CHECKED 5 1
[   349.47 ] D: CHECKED 4 0
[   349.47 ] D: CHECKED 5 1
[   349.49 ] D: CHECKED 4 0
[   349.49 ] D: CHECKED 5 1
[   349.49 ] D: CHECKED 4 0
[   349.49 ] D: CHECKED 5 1
[   349.49 ] D: CHECKED 4 0
[   349.49 ] D: CHECKED 5 1
[   349.51 ] D: CHECKED 4 0
[   349.51 ] D: CHECKED 5 1
[   349.51 ] D: CHECKED 4 0
[   349.51 ] D: CHECKED 5 1
[   349.51 ] D: CHECKED 4 0
[   349.51 ] D: CHECKED 5 1
[   349.52 ] D: CHECKED 4 0
[   349.52 ] D: CHECKED 5 1
[   349.52 ] D: CHECKED 4 0
[   349.52 ] D: CHECKED 5 1
[   349.52 ] D: CHECKED 4 0
[   349.52 ] D: CHECKED 5 1
[   349.54 ] D: CHECKED 4 0
[   349.54 ] D: CHECKED 5 1
[   349.54 ] D: CHECKED 4 0
[   349.54 ] D: CHECKED 5 1
[   349.54 ] D: CHECKED 4 0
[   349.54 ] D: CHECKED 5 1
[   349.56 ] D: CHECKED 4 0
[   349.56 ] D: CHECKED 5 1
[   349.56 ] D: CHECKED 4 0
[   349.56 ] D: CHECKED 5 1
[   349.56 ] D: CHECKED 4 0
[   349.56 ] D: CHECKED 5 1
[   349.58 ] D: CHECKED 4 0
[   349.58 ] D: CHECKED 5 1
[   349.58 ] D: CHECKED 4 0
[   349.58 ] D: CHECKED 5 1
[   349.58 ] D: CHECKED 4 0
[   349.58 ] D: CHECKED 5 1
[   349.59 ] D: CHECKED 4 0
[   349.59 ] D: CHECKED 5 1
[   349.59 ] D: CHECKED 4 0
[   349.59 ] D: CHECKED 5 1
[   349.59 ] D: CHECKED 4 0
[   349.59 ] D: CHECKED 5 1
[   349.61 ] D: CHECKED 4 0
[   349.61 ] D: CHECKED 5 1
[   349.61 ] D: CHECKED 4 0
[   349.61 ] D: CHECKED 5 1
[   349.61 ] D: CHECKED 4 0
[   349.61 ] D: CHECKED 5 1
[   349.63 ] D: CHECKED 4 0
[   349.63 ] D: CHECKED 5 1
[   349.63 ] D: CHECKED 4 0
[   349.63 ] D: CHECKED 5 1
[   349.63 ] D: CHECKED 4 0
[   349.63 ] D: CHECKED 5 1
[   349.65 ] D: CHECKED 4 0
[   349.65 ] D: CHECKED 5 1
[   349.65 ] D: CHECKED 4 0
[   349.65 ] D: CHECKED 5 1
[   349.65 ] D: CHECKED 4 0
[   349.65 ] D: CHECKED 5 1
[   349.66 ] D: CHECKED 4 0
[   349.66 ] D: CHECKED 5 1
[   349.66 ] D: CHECKED 4 0
[   349.66 ] D: CHECKED 5 1
[   349.66 ] D: CHECKED 4 0
[   349.66 ] D: CHECKED 5 1
[   349.68 ] D: CHECKED 4 0
[   349.68 ] D: CHECKED 5 1
[   349.68 ] D: CHECKED 4 0
[   349.68 ] D: CHECKED 5 1
[   349.68 ] D: CHECKED 4 0
[   349.68 ] D: CHECKED 5 1
[   349.70 ] D: CHECKED 4 0
[   349.70 ] D: CHECKED 5 1
[   349.70 ] D: CHECKED 4 0
[   349.70 ] D: CHECKED 5 1
[   349.70 ] D: CHECKED 4 0
[   349.70 ] D: CHECKED 5 1
[   349.72 ] D: CHECKED 4 0
[   349.72 ] D: CHECKED 5 1
[   349.72 ] D: CHECKED 4 0
[   349.72 ] D: CHECKED 5 1
[   349.72 ] D: CHECKED 4 0
[   349.72 ] D: CHECKED 5 1
[   349.73 ] D: CHECKED 4 0
[   349.73 ] D: CHECKED 5 1
[   349.73 ] D: CHECKED 4 0
[   349.73 ] D: CHECKED 5 1
[   349.73 ] D: CHECKED 4 0
[   349.73 ] D: CHECKED 5 1
[   349.75 ] D: CHECKED 4 0
[   349.75 ] D: CHECKED 5 1
[   349.75 ] D: CHECKED 4 0
[   349.75 ] D: CHECKED 5 1
[   349.75 ] D: CHECKED 4 0
[   349.75 ] D: CHECKED 5 1
[   349.77 ] D: CHECKED 4 0
[   349.77 ] D: CHECKED 5 1
[   349.77 ] D: CHECKED 4 0
[   349.77 ] D: CHECKED 5 1
[   349.77 ] D: CHECKED 4 0
[   349.77 ] D: CHECKED 5 1
[   349.79 ] D: CHECKED 4 0
[   349.79 ] D: CHECKED 5 1
[   349.79 ] D: CHECKED 4 0
[   349.79 ] D: CHECKED 5 1
[   349.79 ] D: CHECKED 4 0
[   349.79 ] D: CHECKED 5 1
[   349.80 ] D: CHECKED 4 0
[   349.80 ] D: CHECKED 5 1
[   349.80 ] D: CHECKED 4 0
[   349.80 ] D: CHECKED 5 1
[   349.80 ] D: CHECKED 4 0
[   349.80 ] D: CHECKED 5 1
[   349.82 ] D: CHECKED 4 0
[   349.82 ] D: CHECKED 5 1
[   349.82 ] D: CHECKED 4 0
[   349.82 ] D: CHECKED 5 1
[   349.82 ] D: CHECKED 4 0
[   349.82 ] D: CHECKED 5 1
[   349.84 ] D: CHECKED 4 0
[   349.84 ] D: CHECKED 5 1
[   349.84 ] D: CHECKED 4 0
[   349.84 ] D: CHECKED 5 1
[   349.84 ] D: CHECKED 4 0
[   349.84 ] D: CHECKED 5 1
[   349.86 ] D: CHECKED 4 0
[   349.86 ] D: CHECKED 5 1
[   349.86 ] D: CHECKED 4 0
[   349.86 ] D: CHECKED 5 1
[   349.86 ] D: CHECKED 4 0
[   349.86 ] D: CHECKED 5 1
[   349.87 ] D: CHECKED 4 0
[   349.87 ] D: CHECKED 5 1
[   349.87 ] D: CHECKED 4 0
[   349.87 ] D: CHECKED 5 1
[   349.87 ] D: CHECKED 4 0
[   349.87 ] D: CHECKED 5 1
[   349.89 ] D: CHECKED 4 0
[   349.89 ] D: CHECKED 5 1
[   349.89 ] D: CHECKED 4 0
[   349.89 ] D: CHECKED 5 1
[   349.89 ] D: CHECKED 4 0
[   349.89 ] D: CHECKED 5 1
[   349.91 ] D: CHECKED 4 0
[   349.91 ] D: CHECKED 5 1
[   349.91 ] D: CHECKED 4 0
[   349.91 ] D: CHECKED 5 1
[   349.91 ] D: CHECKED 4 0
[   349.91 ] D: CHECKED 5 1
[   349.93 ] D: CHECKED 4 0
[   349.93 ] D: CHECKED 5 1
[   349.93 ] D: CHECKED 4 0
[   349.93 ] D: CHECKED 5 1
[   349.93 ] D: CHECKED 4 0
[   349.93 ] D: CHECKED 5 1
[   349.94 ] D: CHECKED 4 0
[   349.94 ] D: CHECKED 5 1
[   349.94 ] D: CHECKED 4 0
[   349.94 ] D: CHECKED 5 1
[   349.94 ] D: CHECKED 4 0
[   349.94 ] D: CHECKED 5 1
[   349.96 ] D: CHECKED 4 0
[   349.96 ] D: CHECKED 5 1
[   349.96 ] D: CHECKED 4 0
[   349.96 ] D: CHECKED 5 1
[   349.96 ] D: CHECKED 4 0
[   349.96 ] D: CHECKED 5 1
[   349.98 ] D: CHECKED 4 0
[   349.98 ] D: CHECKED 5 1
[   349.98 ] D: CHECKED 4 0
[   349.98 ] D: CHECKED 5 1
[   349.98 ] D: CHECKED 4 0
[   349.98 ] D: CHECKED 5 1
[   349.99 ] D: CHECKED 4 0
[   349.99 ] D: CHECKED 5 1
[   349.99 ] D: CHECKED 4 0
[   349.99 ] D: CHECKED 5 1
[   349.99 ] D: CHECKED 4 0
[   349.99 ] D: CHECKED 5 1
[   350.01 ] D: CHECKED 4 0
[   350.01 ] D: CHECKED 5 1
[   350.01 ] D: CHECKED 4 0
[   350.01 ] D: CHECKED 5 1
[   350.01 ] D: CHECKED 4 0
[   350.01 ] D: CHECKED 5 1
[   350.03 ] D: CHECKED 4 0
[   350.03 ] D: CHECKED 5 1
[   350.03 ] D: CHECKED 4 0
[   350.03 ] D: CHECKED 5 1
[   350.03 ] D: CHECKED 4 0
[   350.03 ] D: CHECKED 5 1
[   350.05 ] D: CHECKED 4 0
[   350.05 ] D: CHECKED 5 1
[   350.05 ] D: CHECKED 4 0
[   350.05 ] D: CHECKED 5 1
[   350.05 ] D: CHECKED 4 0
[   350.05 ] D: CHECKED 5 1
[   350.06 ] D: CHECKED 4 0
[   350.06 ] D: CHECKED 5 1
[   350.06 ] D: CHECKED 4 0
[   350.06 ] D: CHECKED 5 1
[   350.06 ] D: CHECKED 4 0
[   350.06 ] D: CHECKED 5 1
[   350.08 ] D: CHECKED 4 0
[   350.08 ] D: CHECKED 5 1
[   350.08 ] D: CHECKED 4 0
[   350.08 ] D: CHECKED 5 1
[   350.08 ] D: CHECKED 4 0
[   350.08 ] D: CHECKED 5 1
[   350.10 ] D: CHECKED 4 0
[   350.10 ] D: CHECKED 5 1
[   350.10 ] D: CHECKED 4 0
[   350.10 ] D: CHECKED 5 1
[   350.10 ] D: CHECKED 4 0
[   350.10 ] D: CHECKED 5 1
[   350.12 ] D: CHECKED 4 0
[   350.12 ] D: CHECKED 5 1
[   350.12 ] D: CHECKED 4 0
[   350.12 ] D: CHECKED 5 1
[   350.12 ] D: CHECKED 4 0
[   350.12 ] D: CHECKED 5 1
[   350.13 ] D: CHECKED 4 0
[   350.13 ] D: CHECKED 5 1
[   350.13 ] D: CHECKED 4 0
[   350.13 ] D: CHECKED 5 1
[   350.13 ] D: CHECKED 4 0
[   350.13 ] D: CHECKED 5 1
[   350.15 ] D: CHECKED 4 0
[   350.15 ] D: CHECKED 5 1
[   350.15 ] D: CHECKED 4 0
[   350.15 ] D: CHECKED 5 1
[   350.15 ] D: CHECKED 4 0
[   350.15 ] D: CHECKED 5 1
[   350.17 ] D: CHECKED 4 0
[   350.17 ] D: CHECKED 5 1
[   350.17 ] D: CHECKED 4 0
[   350.17 ] D: CHECKED 5 1
[   350.17 ] D: AsyncFileReader 1 6
[   350.17 ] D: CHECKED 4 0
[   350.17 ] D: CHECKED 5 1
[   350.19 ] D: CHECKED 4 0
[   350.19 ] D: CHECKED 5 1
[   350.19 ] D: CHECKED 4 0
[   350.19 ] D: CHECKED 5 1
[   350.19 ] D: CHECKED 4 0
[   350.19 ] D: CHECKED 5 1
[   350.20 ] D: CHECKED 4 0
[   350.20 ] D: CHECKED 5 1
[   350.20 ] D: CHECKED 4 0
[   350.20 ] D: CHECKED 5 1
[   350.20 ] D: CHECKED 4 0
[   350.20 ] D: CHECKED 5 1
[   350.22 ] D: CHECKED 4 0
[   350.22 ] D: CHECKED 5 1
[   350.22 ] D: CHECKED 4 0
[   350.22 ] D: CHECKED 5 1
[   350.22 ] D: CHECKED 4 0
[   350.22 ] D: CHECKED 5 1
[   350.24 ] D: CHECKED 4 0
[   350.24 ] D: CHECKED 5 1
[   350.24 ] D: CHECKED 4 0
[   350.24 ] D: CHECKED 5 1
[   350.24 ] D: CHECKED 4 0
[   350.24 ] D: CHECKED 5 1
[   350.26 ] D: CHECKED 4 0
[   350.26 ] D: CHECKED 5 1
[   350.26 ] D: CHECKED 4 0
[   350.26 ] D: CHECKED 5 1
[   350.26 ] D: CHECKED 4 0
[   350.26 ] D: CHECKED 5 1
[   350.27 ] D: CHECKED 4 0
[   350.27 ] D: CHECKED 5 1
[   350.27 ] D: CHECKED 4 0
[   350.27 ] D: CHECKED 5 1
[   350.27 ] D: CHECKED 4 0
[   350.27 ] D: CHECKED 5 1
[   350.29 ] D: CHECKED 4 0
[   350.29 ] D: CHECKED 5 1
[   350.29 ] D: CHECKED 4 0
[   350.29 ] D: CHECKED 5 1
[   350.29 ] D: CHECKED 4 0
[   350.29 ] D: CHECKED 5 1
[   350.31 ] D: CHECKED 4 0
[   350.31 ] D: CHECKED 5 1
[   350.31 ] D: CHECKED 4 0
[   350.31 ] D: CHECKED 5 1
[   350.31 ] D: CHECKED 4 0
[   350.31 ] D: CHECKED 5 1
[   350.33 ] D: CHECKED 4 0
[   350.33 ] D: CHECKED 5 1
[   350.33 ] D: CHECKED 4 0
[   350.33 ] D: CHECKED 5 1
[   350.33 ] D: CHECKED 4 0
[   350.33 ] D: CHECKED 5 1
[   350.34 ] D: CHECKED 4 0
[   350.34 ] D: CHECKED 5 1
[   350.34 ] D: CHECKED 4 0
[   350.34 ] D: CHECKED 5 1
[   350.34 ] D: CHECKED 4 0
[   350.34 ] D: CHECKED 5 1
[   350.36 ] D: CHECKED 4 0
[   350.36 ] D: CHECKED 5 1
[   350.36 ] D: CHECKED 4 0
[   350.36 ] D: CHECKED 5 1
[   350.36 ] D: CHECKED 4 0
[   350.36 ] D: CHECKED 5 1
[   350.38 ] D: CHECKED 4 0
[   350.38 ] D: CHECKED 5 1
[   350.38 ] D: CHECKED 4 0
[   350.38 ] D: CHECKED 5 1
[   350.38 ] D: CHECKED 4 0
[   350.38 ] D: CHECKED 5 1
[   350.40 ] D: CHECKED 4 0
[   350.40 ] D: CHECKED 5 1
[   350.40 ] D: CHECKED 4 0
[   350.40 ] D: CHECKED 5 1
[   350.40 ] D: CHECKED 4 0
[   350.40 ] D: CHECKED 5 1
[   350.41 ] D: CHECKED 4 0
[   350.41 ] D: CHECKED 5 1
[   350.41 ] D: CHECKED 4 0
[   350.41 ] D: CHECKED 5 1
[   350.41 ] D: CHECKED 4 0
[   350.41 ] D: CHECKED 5 1
[   350.43 ] D: CHECKED 4 0
[   350.43 ] D: CHECKED 5 1
[   350.43 ] D: CHECKED 4 0
[   350.43 ] D: CHECKED 5 1
[   350.43 ] D: CHECKED 4 0
[   350.43 ] D: CHECKED 5 1
[   350.45 ] D: CHECKED 4 0
[   350.45 ] D: CHECKED 5 1
[   350.45 ] D: CHECKED 4 0
[   350.45 ] D: CHECKED 5 1
[   350.45 ] D: CHECKED 4 0
[   350.45 ] D: CHECKED 5 1
[   350.47 ] D: CHECKED 4 0
[   350.47 ] D: CHECKED 5 1
[   350.47 ] D: CHECKED 4 0
[   350.47 ] D: CHECKED 5 1
[   350.47 ] D: CHECKED 4 0
[   350.47 ] D: CHECKED 5 1
[   350.48 ] D: CHECKED 4 0
[   350.48 ] D: CHECKED 5 1
[   350.48 ] D: CHECKED 4 0
[   350.48 ] D: CHECKED 5 1
[   350.48 ] D: CHECKED 4 0
[   350.48 ] D: CHECKED 5 1
[   350.50 ] D: CHECKED 4 0
[   350.50 ] D: CHECKED 5 1
[   350.50 ] D: CHECKED 4 0
[   350.50 ] D: CHECKED 5 1
[   350.50 ] D: CHECKED 4 0
[   350.50 ] D: CHECKED 5 1
[   350.52 ] D: CHECKED 4 0
[   350.52 ] D: CHECKED 5 1
[   350.52 ] D: CHECKED 4 0
[   350.52 ] D: CHECKED 5 1
[   350.52 ] D: CHECKED 4 0
[   350.52 ] D: CHECKED 5 1
[   350.53 ] D: CHECKED 4 0
[   350.53 ] D: CHECKED 5 1
[   350.53 ] D: CHECKED 4 0
[   350.53 ] D: CHECKED 5 1
[   350.53 ] D: CHECKED 4 0
[   350.53 ] D: CHECKED 5 1
[   350.55 ] D: CHECKED 4 0
[   350.55 ] D: CHECKED 5 1
[   350.55 ] D: CHECKED 4 0
[   350.55 ] D: CHECKED 5 1
[   350.55 ] D: CHECKED 4 0
[   350.55 ] D: CHECKED 5 1
[   350.57 ] D: CHECKED 4 0
[   350.57 ] D: CHECKED 5 1
[   350.57 ] D: CHECKED 4 0
[   350.57 ] D: CHECKED 5 1
[   350.57 ] D: CHECKED 4 0
[   350.57 ] D: CHECKED 5 1
[   350.59 ] D: CHECKED 4 0
[   350.59 ] D: CHECKED 5 1
[   350.59 ] D: CHECKED 4 0
[   350.59 ] D: CHECKED 5 1
[   350.59 ] D: CHECKED 4 0
[   350.59 ] D: CHECKED 5 1
[   350.60 ] D: CHECKED 4 0
[   350.60 ] D: CHECKED 5 1
[   350.60 ] D: CHECKED 4 0
[   350.60 ] D: CHECKED 5 1
[   350.60 ] D: CHECKED 4 0
[   350.60 ] D: CHECKED 5 1
[   350.62 ] D: CHECKED 4 0
[   350.62 ] D: CHECKED 5 1
[   350.62 ] D: CHECKED 4 0
[   350.62 ] D: CHECKED 5 1
[   350.62 ] D: CHECKED 4 0
[   350.62 ] D: CHECKED 5 1
[   350.64 ] D: CHECKED 4 0
[   350.64 ] D: CHECKED 5 1
[   350.64 ] D: CHECKED 4 0
[   350.64 ] D: CHECKED 5 1
[   350.64 ] D: CHECKED 4 0
[   350.64 ] D: CHECKED 5 1
[   350.66 ] D: CHECKED 4 0
[   350.66 ] D: CHECKED 5 1
[   350.66 ] D: CHECKED 4 0
[   350.66 ] D: CHECKED 5 1
[   350.66 ] D: CHECKED 4 0
[   350.66 ] D: CHECKED 5 1
[   350.67 ] D: CHECKED 4 0
[   350.67 ] D: CHECKED 5 1
[   350.67 ] D: CHECKED 4 0
[   350.67 ] D: CHECKED 5 1
[   350.67 ] D: CHECKED 4 0
[   350.67 ] D: CHECKED 5 1
[   350.69 ] D: CHECKED 4 0
[   350.69 ] D: CHECKED 5 1
[   350.69 ] D: CHECKED 4 0
[   350.69 ] D: CHECKED 5 1
[   350.69 ] D: CHECKED 4 0
[   350.69 ] D: CHECKED 5 1
[   350.71 ] D: CHECKED 4 0
[   350.71 ] D: CHECKED 5 1
[   350.71 ] D: CHECKED 4 0
[   350.71 ] D: CHECKED 5 1
[   350.71 ] D: CHECKED 4 0
[   350.71 ] D: CHECKED 5 1
[   350.73 ] D: CHECKED 4 0
[   350.73 ] D: CHECKED 5 1
[   350.73 ] D: CHECKED 4 0
[   350.73 ] D: CHECKED 5 1
[   350.73 ] D: CHECKED 4 0
[   350.73 ] D: CHECKED 5 1
[   350.74 ] D: CHECKED 4 0
[   350.74 ] D: CHECKED 5 1
[   350.74 ] D: CHECKED 4 0
[   350.74 ] D: CHECKED 5 1
[   350.74 ] D: CHECKED 4 0
[   350.74 ] D: CHECKED 5 1
[   350.76 ] D: CHECKED 4 0
[   350.76 ] D: CHECKED 5 1
[   350.76 ] D: CHECKED 4 0
[   350.76 ] D: CHECKED 5 1
[   350.76 ] D: CHECKED 4 0
[   350.76 ] D: CHECKED 5 1
[   350.78 ] D: CHECKED 4 0
[   350.78 ] D: CHECKED 5 1
[   350.78 ] D: CHECKED 4 0
[   350.78 ] D: CHECKED 5 1
[   350.78 ] D: CHECKED 4 0
[   350.78 ] D: CHECKED 5 1
[   350.80 ] D: CHECKED 4 0
[   350.80 ] D: CHECKED 5 1
[   350.80 ] D: CHECKED 4 0
[   350.80 ] D: CHECKED 5 1
[   350.80 ] D: CHECKED 4 0
[   350.80 ] D: CHECKED 5 1
[   350.81 ] D: CHECKED 4 0
[   350.81 ] D: CHECKED 5 1
[   350.81 ] D: CHECKED 4 0
[   350.81 ] D: CHECKED 5 1
[   350.81 ] D: CHECKED 4 0
[   350.81 ] D: CHECKED 5 1
[   350.83 ] D: CHECKED 4 0
[   350.83 ] D: CHECKED 5 1
[   350.83 ] D: CHECKED 4 0
[   350.83 ] D: CHECKED 5 1
[   350.83 ] D: CHECKED 4 0
[   350.83 ] D: CHECKED 5 1
[   350.85 ] D: CHECKED 4 0
[   350.85 ] D: CHECKED 5 1
[   350.85 ] D: CHECKED 4 0
[   350.85 ] D: CHECKED 5 1
[   350.85 ] D: CHECKED 4 0
[   350.85 ] D: CHECKED 5 1
[   350.87 ] D: CHECKED 4 0
[   350.87 ] D: CHECKED 5 1
[   350.87 ] D: CHECKED 4 0
[   350.87 ] D: CHECKED 5 1
[   350.87 ] D: CHECKED 4 0
[   350.87 ] D: CHECKED 5 1
[   350.88 ] D: CHECKED 4 0
[   350.88 ] D: CHECKED 5 1
[   350.88 ] D: CHECKED 4 0
[   350.88 ] D: CHECKED 5 1
[   350.88 ] D: CHECKED 4 0
[   350.88 ] D: CHECKED 5 1
[   350.90 ] D: CHECKED 4 0
[   350.90 ] D: CHECKED 5 1
[   350.90 ] D: CHECKED 4 0
[   350.90 ] D: CHECKED 5 1
[   350.90 ] D: CHECKED 4 0
[   350.90 ] D: CHECKED 5 1
[   350.92 ] D: CHECKED 4 0
[   350.92 ] D: CHECKED 5 1
[   350.92 ] D: CHECKED 4 0
[   350.92 ] D: CHECKED 5 1
[   350.92 ] D: CHECKED 4 0
[   350.92 ] D: CHECKED 5 1
[   350.94 ] D: CHECKED 4 0
[   350.94 ] D: CHECKED 5 1
[   350.94 ] D: CHECKED 4 0
[   350.94 ] D: CHECKED 5 1
[   350.94 ] D: CHECKED 4 0
[   350.94 ] D: CHECKED 5 1
[   350.95 ] D: CHECKED 4 0
[   350.95 ] D: CHECKED 5 1
[   350.95 ] D: CHECKED 4 0
[   350.95 ] D: CHECKED 5 1
[   350.95 ] D: CHECKED 4 0
[   350.95 ] D: CHECKED 5 1
[   350.97 ] D: CHECKED 4 0
[   350.97 ] D: CHECKED 5 1
[   350.97 ] D: CHECKED 4 0
[   350.97 ] D: CHECKED 5 1
[   350.97 ] D: CHECKED 4 0
[   350.97 ] D: CHECKED 5 1
[   350.99 ] D: CHECKED 4 0
[   350.99 ] D: CHECKED 5 1
[   350.99 ] D: CHECKED 4 0
[   350.99 ] D: CHECKED 5 1
[   350.99 ] D: CHECKED 4 0
[   350.99 ] D: CHECKED 5 1
[   351.00 ] D: CHECKED 4 0
[   351.00 ] D: CHECKED 5 1
[   351.00 ] D: CHECKED 4 0
[   351.00 ] D: CHECKED 5 1
[   351.00 ] D: CHECKED 4 0
[   351.00 ] D: CHECKED 5 1
[   351.02 ] D: CHECKED 4 0
[   351.02 ] D: CHECKED 5 1
[   351.02 ] D: CHECKED 4 0
[   351.02 ] D: CHECKED 5 1
[   351.02 ] D: CHECKED 4 0
[   351.02 ] D: CHECKED 5 1
[   351.04 ] D: CHECKED 4 0
[   351.04 ] D: CHECKED 5 1
[   351.04 ] D: CHECKED 4 0
[   351.04 ] D: CHECKED 5 1
[   351.04 ] D: CHECKED 4 0
[   351.04 ] D: CHECKED 5 1
[   351.06 ] D: CHECKED 4 0
[   351.06 ] D: CHECKED 5 1
[   351.06 ] D: CHECKED 4 0
[   351.06 ] D: CHECKED 5 1
[   351.06 ] D: CHECKED 4 0
[   351.06 ] D: CHECKED 5 1
[   351.07 ] D: CHECKED 4 0
[   351.07 ] D: CHECKED 5 1
[   351.07 ] D: CHECKED 4 0
[   351.07 ] D: CHECKED 5 1
[   351.07 ] D: CHECKED 4 0
[   351.07 ] D: CHECKED 5 1
[   351.09 ] D: CHECKED 4 0
[   351.09 ] D: CHECKED 5 1
[   351.09 ] D: CHECKED 4 0
[   351.09 ] D: CHECKED 5 1
[   351.09 ] D: CHECKED 4 0
[   351.09 ] D: CHECKED 5 1
[   351.11 ] D: CHECKED 4 0
[   351.11 ] D: CHECKED 5 1
[   351.11 ] D: CHECKED 4 0
[   351.11 ] D: CHECKED 5 1
[   351.11 ] D: CHECKED 4 0
[   351.11 ] D: CHECKED 5 1
[   351.13 ] D: CHECKED 4 0
[   351.13 ] D: CHECKED 5 1
[   351.13 ] D: CHECKED 4 0
[   351.13 ] D: CHECKED 5 1
[   351.13 ] D: CHECKED 4 0
[   351.13 ] D: CHECKED 5 1
[   351.14 ] D: CHECKED 4 0
[   351.14 ] D: CHECKED 5 1
[   351.14 ] D: CHECKED 4 0
[   351.14 ] D: CHECKED 5 1
[   351.14 ] D: CHECKED 4 0
[   351.14 ] D: CHECKED 5 1
[   351.16 ] D: CHECKED 4 0
[   351.16 ] D: CHECKED 5 1
[   351.16 ] D: CHECKED 4 0
[   351.16 ] D: CHECKED 5 1
[   351.16 ] D: CHECKED 4 0
[   351.16 ] D: CHECKED 5 1
[   351.18 ] D: CHECKED 4 0
[   351.18 ] D: CHECKED 5 1
[   351.18 ] D: CHECKED 4 0
[   351.18 ] D: CHECKED 5 1
[   351.18 ] D: CHECKED 4 0
[   351.18 ] D: CHECKED 5 1
[   351.20 ] D: CHECKED 4 0
[   351.20 ] D: CHECKED 5 1
[   351.20 ] D: CHECKED 4 0
[   351.20 ] D: CHECKED 5 1
[   351.20 ] D: CHECKED 4 0
[   351.20 ] D: CHECKED 5 1
[   351.21 ] D: CHECKED 4 0
[   351.21 ] D: CHECKED 5 1
[   351.21 ] D: CHECKED 4 0
[   351.21 ] D: CHECKED 5 1
[   351.21 ] D: CHECKED 4 0
[   351.21 ] D: CHECKED 5 1
[   351.23 ] D: CHECKED 4 0
[   351.23 ] D: CHECKED 5 1
[   351.23 ] D: CHECKED 4 0
[   351.23 ] D: CHECKED 5 1
[   351.23 ] D: CHECKED 4 0
[   351.23 ] D: CHECKED 5 1
[   351.25 ] D: CHECKED 4 0
[   351.25 ] D: CHECKED 5 1
[   351.25 ] D: CHECKED 4 0
[   351.25 ] D: CHECKED 5 1
[   351.25 ] D: CHECKED 4 0
[   351.25 ] D: CHECKED 5 1
[   351.27 ] D: CHECKED 4 0
[   351.27 ] D: CHECKED 5 1
[   351.27 ] D: CHECKED 4 0
[   351.27 ] D: CHECKED 5 1
[   351.27 ] D: CHECKED 4 0
[   351.27 ] D: CHECKED 5 1
[   351.28 ] D: CHECKED 4 0
[   351.28 ] D: CHECKED 5 1
[   351.28 ] D: CHECKED 4 0
[   351.28 ] D: CHECKED 5 1
[   351.28 ] D: CHECKED 4 0
[   351.28 ] D: CHECKED 5 1
[   351.30 ] D: CHECKED 4 0
[   351.30 ] D: CHECKED 5 1
[   351.30 ] D: CHECKED 4 0
[   351.30 ] D: CHECKED 5 1
[   351.30 ] D: CHECKED 4 0
[   351.30 ] D: CHECKED 5 1
[   351.32 ] D: CHECKED 4 0
[   351.32 ] D: CHECKED 5 1
[   351.32 ] D: CHECKED 4 0
[   351.32 ] D: CHECKED 5 1
[   351.32 ] D: CHECKED 4 0
[   351.32 ] D: CHECKED 5 1
[   351.34 ] D: CHECKED 4 0
[   351.34 ] D: CHECKED 5 1
[   351.34 ] D: CHECKED 4 0
[   351.34 ] D: CHECKED 5 1
[   351.34 ] D: CHECKED 4 0
[   351.34 ] D: CHECKED 5 1
[   351.35 ] D: CHECKED 4 0
[   351.35 ] D: CHECKED 5 1
[   351.35 ] D: CHECKED 4 0
[   351.35 ] D: CHECKED 5 1
[   351.35 ] D: CHECKED 4 0
[   351.35 ] D: CHECKED 5 1
[   351.37 ] D: CHECKED 4 0
[   351.37 ] D: CHECKED 5 1
[   351.37 ] D: CHECKED 4 0
[   351.37 ] D: CHECKED 5 1
[   351.37 ] D: CHECKED 4 0
[   351.37 ] D: CHECKED 5 1
[   351.39 ] D: CHECKED 4 0
[   351.39 ] D: CHECKED 5 1
[   351.39 ] D: CHECKED 4 0
[   351.39 ] D: CHECKED 5 1
[   351.39 ] D: CHECKED 4 0
[   351.39 ] D: CHECKED 5 1
[   351.41 ] D: CHECKED 4 0
[   351.41 ] D: CHECKED 5 1
[   351.41 ] D: CHECKED 4 0
[   351.41 ] D: CHECKED 5 1
[   351.41 ] D: CHECKED 4 0
[   351.41 ] D: CHECKED 5 1
[   351.42 ] D: CHECKED 4 0
[   351.42 ] D: CHECKED 5 1
[   351.42 ] D: CHECKED 4 0
[   351.42 ] D: CHECKED 5 1
[   351.42 ] D: CHECKED 4 0
[   351.42 ] D: CHECKED 5 1
[   351.44 ] D: CHECKED 4 0
[   351.44 ] D: CHECKED 5 1
[   351.44 ] D: CHECKED 4 0
[   351.44 ] D: CHECKED 5 1
[   351.44 ] D: CHECKED 4 0
[   351.44 ] D: CHECKED 5 1
[   351.46 ] D: CHECKED 4 0
[   351.46 ] D: CHECKED 5 1
[   351.46 ] D: CHECKED 4 0
[   351.46 ] D: CHECKED 5 1
[   351.46 ] D: CHECKED 4 0
[   351.46 ] D: CHECKED 5 1
[   351.48 ] D: CHECKED 4 0
[   351.48 ] D: CHECKED 5 1
[   351.48 ] D: CHECKED 4 0
[   351.48 ] D: CHECKED 5 1
[   351.48 ] D: CHECKED 4 0
[   351.48 ] D: CHECKED 5 1
[   351.49 ] D: CHECKED 4 0
[   351.49 ] D: CHECKED 5 1
[   351.49 ] D: CHECKED 4 0
[   351.49 ] D: CHECKED 5 1
[   351.49 ] D: CHECKED 4 0
[   351.49 ] D: CHECKED 5 1
[   351.51 ] D: CHECKED 4 0
[   351.51 ] D: CHECKED 5 1
[   351.51 ] D: CHECKED 4 0
[   351.51 ] D: CHECKED 5 1
[   351.51 ] D: CHECKED 4 0
[   351.51 ] D: CHECKED 5 1
[   351.53 ] D: CHECKED 4 0
[   351.53 ] D: CHECKED 5 1
[   351.53 ] D: CHECKED 4 0
[   351.53 ] D: CHECKED 5 1
[   351.53 ] D: CHECKED 4 0
[   351.53 ] D: CHECKED 5 1
[   351.54 ] D: CHECKED 4 0
[   351.54 ] D: CHECKED 5 1
[   351.54 ] D: CHECKED 4 0
[   351.54 ] D: CHECKED 5 1
[   351.54 ] D: CHECKED 4 0
[   351.54 ] D: CHECKED 5 1
[   351.56 ] D: CHECKED 4 0
[   351.56 ] D: CHECKED 5 1
[   351.56 ] D: CHECKED 4 0
[   351.56 ] D: CHECKED 5 1
[   351.56 ] D: CHECKED 4 0
[   351.56 ] D: CHECKED 5 1
[   351.58 ] D: CHECKED 4 0
[   351.58 ] D: CHECKED 5 1
[   351.58 ] D: CHECKED 4 0
[   351.58 ] D: CHECKED 5 1
[   351.58 ] D: CHECKED 4 0
[   351.58 ] D: CHECKED 5 1
[   351.60 ] D: CHECKED 4 0
[   351.60 ] D: CHECKED 5 1
[   351.60 ] D: CHECKED 4 0
[   351.60 ] D: CHECKED 5 1
[   351.60 ] D: CHECKED 4 0
[   351.60 ] D: CHECKED 5 1
[   351.61 ] D: CHECKED 4 0
[   351.61 ] D: CHECKED 5 1
[   351.61 ] D: CHECKED 4 0
[   351.61 ] D: CHECKED 5 1
[   351.61 ] D: CHECKED 4 0
[   351.61 ] D: CHECKED 5 1
[   351.63 ] D: CHECKED 4 0
[   351.63 ] D: CHECKED 5 1
[   351.63 ] D: CHECKED 4 0
[   351.63 ] D: CHECKED 5 1
[   351.63 ] D: CHECKED 4 0
[   351.63 ] D: CHECKED 5 1
[   351.65 ] D: CHECKED 4 0
[   351.65 ] D: CHECKED 5 1
[   351.65 ] D: CHECKED 4 0
[   351.65 ] D: CHECKED 5 1
[   351.65 ] D: CHECKED 4 0
[   351.65 ] D: CHECKED 5 1
[   351.67 ] D: AsyncFileReader 2 7
[   351.67 ] D: CHECKED 4 0
[   351.67 ] D: CHECKED 5 1
[   351.67 ] D: CHECKED 4 0
[   351.67 ] D: CHECKED 5 1
[   351.67 ] D: CHECKED 4 0
[   351.67 ] D: CHECKED 5 1
[   351.68 ] D: CHECKED 4 0
[   351.68 ] D: CHECKED 5 1
[   351.68 ] D: CHECKED 4 0
[   351.68 ] D: CHECKED 5 1
[   351.68 ] D: CHECKED 4 0
[   351.68 ] D: CHECKED 5 1
[   351.70 ] D: CHECKED 4 0
[   351.70 ] D: CHECKED 5 1
[   351.70 ] D: CHECKED 4 0
[   351.70 ] D: CHECKED 5 1
[   351.70 ] D: CHECKED 4 0
[   351.70 ] D: CHECKED 5 1
[   351.72 ] D: CHECKED 4 0
[   351.72 ] D: CHECKED 5 1
[   351.72 ] D: CHECKED 4 0
[   351.72 ] D: CHECKED 5 1
[   351.72 ] D: CHECKED 4 0
[   351.72 ] D: CHECKED 5 1
[   351.74 ] D: CHECKED 4 0
[   351.74 ] D: CHECKED 5 1
[   351.74 ] D: CHECKED 4 0
[   351.74 ] D: CHECKED 5 1
[   351.74 ] D: CHECKED 4 0
[   351.74 ] D: CHECKED 5 1
[   351.75 ] D: CHECKED 4 0
[   351.75 ] D: CHECKED 5 1
[   351.75 ] D: CHECKED 4 0
[   351.75 ] D: CHECKED 5 1
[   351.75 ] D: CHECKED 4 0
[   351.75 ] D: CHECKED 5 1
[   351.77 ] D: CHECKED 4 0
[   351.77 ] D: CHECKED 5 1
[   351.77 ] D: CHECKED 4 0
[   351.77 ] D: CHECKED 5 1
[   351.77 ] D: CHECKED 4 0
[   351.77 ] D: CHECKED 5 1
[   351.79 ] D: CHECKED 4 0
[   351.79 ] D: CHECKED 5 1
[   351.79 ] D: CHECKED 4 0
[   351.79 ] D: CHECKED 5 1
[   351.79 ] D: CHECKED 4 0
[   351.79 ] D: CHECKED 5 1
[   351.81 ] D: CHECKED 4 0
[   351.81 ] D: CHECKED 5 1
[   351.81 ] D: CHECKED 4 0
[   351.81 ] D: CHECKED 5 1
[   351.81 ] D: CHECKED 4 0
[   351.81 ] D: CHECKED 5 1
[   351.82 ] D: CHECKED 4 0
[   351.82 ] D: CHECKED 5 1
[   351.82 ] D: CHECKED 4 0
[   351.82 ] D: CHECKED 5 1
[   351.82 ] D: CHECKED 4 0
[   351.82 ] D: CHECKED 5 1
[   351.84 ] D: CHECKED 4 0
[   351.84 ] D: CHECKED 5 1
[   351.84 ] D: CHECKED 4 0
[   351.84 ] D: CHECKED 5 1
[   351.84 ] D: CHECKED 4 0
[   351.84 ] D: CHECKED 5 1
[   351.86 ] D: CHECKED 4 0
[   351.86 ] D: CHECKED 5 1
[   351.86 ] D: CHECKED 4 0
[   351.86 ] D: CHECKED 5 1
[   351.86 ] D: CHECKED 4 0
[   351.86 ] D: CHECKED 5 1
[   351.88 ] D: CHECKED 4 0
[   351.88 ] D: CHECKED 5 1
[   351.88 ] D: CHECKED 4 0
[   351.88 ] D: CHECKED 5 1
[   351.88 ] D: CHECKED 4 0
[   351.88 ] D: CHECKED 5 1
[   351.89 ] D: CHECKED 4 0
[   351.89 ] D: CHECKED 5 1
[   351.89 ] D: CHECKED 4 0
[   351.89 ] D: CHECKED 5 1
[   351.89 ] D: CHECKED 4 0
[   351.89 ] D: CHECKED 5 1
[   351.91 ] D: CHECKED 4 0
[   351.91 ] D: CHECKED 5 1
[   351.91 ] D: CHECKED 4 0
[   351.91 ] D: CHECKED 5 1
[   351.91 ] D: CHECKED 4 0
[   351.91 ] D: CHECKED 5 1
[   351.93 ] D: CHECKED 4 0
[   351.93 ] D: CHECKED 5 1
[   351.93 ] D: CHECKED 4 0
[   351.93 ] D: CHECKED 5 1
[   351.93 ] D: CHECKED 4 0
[   351.93 ] D: CHECKED 5 1
[   351.95 ] D: CHECKED 4 0
[   351.95 ] D: CHECKED 5 1
[   351.95 ] D: CHECKED 4 0
[   351.95 ] D: CHECKED 5 1
[   351.95 ] D: CHECKED 4 0
[   351.95 ] D: CHECKED 5 1
[   351.96 ] D: CHECKED 4 0
[   351.96 ] D: CHECKED 5 1
[   351.96 ] D: CHECKED 4 0
[   351.96 ] D: CHECKED 5 1
[   351.96 ] D: CHECKED 4 0
[   351.96 ] D: CHECKED 5 1
[   351.98 ] D: CHECKED 4 0
[   351.98 ] D: CHECKED 5 1
[   351.98 ] D: CHECKED 4 0
[   351.98 ] D: CHECKED 5 1
[   351.98 ] D: CHECKED 4 0
[   351.98 ] D: CHECKED 5 1
[   352.00 ] D: CHECKED 4 0
[   352.00 ] D: CHECKED 5 1
[   352.00 ] D: CHECKED 4 0
[   352.00 ] D: CHECKED 5 1
[   352.00 ] D: CHECKED 4 0
[   352.00 ] D: CHECKED 5 1
[   352.01 ] D: CHECKED 4 0
[   352.01 ] D: CHECKED 5 1
[   352.01 ] D: CHECKED 4 0
[   352.01 ] D: CHECKED 5 1
[   352.01 ] D: CHECKED 4 0
[   352.01 ] D: CHECKED 5 1
[   352.03 ] D: CHECKED 4 0
[   352.03 ] D: CHECKED 5 1
[   352.03 ] D: CHECKED 4 0
[   352.03 ] D: CHECKED 5 1
[   352.03 ] D: CHECKED 4 0
[   352.03 ] D: CHECKED 5 1
[   352.05 ] D: CHECKED 4 0
[   352.05 ] D: CHECKED 5 1
[   352.05 ] D: CHECKED 4 0
[   352.05 ] D: CHECKED 5 1
[   352.05 ] D: CHECKED 4 0
[   352.05 ] D: CHECKED 5 1
[   352.07 ] D: CHECKED 4 0
[   352.07 ] D: CHECKED 5 1
[   352.07 ] D: CHECKED 4 0
[   352.07 ] D: CHECKED 5 1
[   352.07 ] D: CHECKED 4 0
[   352.07 ] D: CHECKED 5 1
[   352.08 ] D: CHECKED 4 0
[   352.08 ] D: CHECKED 5 1
[   352.08 ] D: CHECKED 4 0
[   352.08 ] D: CHECKED 5 1
[   352.08 ] D: CHECKED 4 0
[   352.08 ] D: CHECKED 5 1
[   352.10 ] D: CHECKED 4 0
[   352.10 ] D: CHECKED 5 1
[   352.10 ] D: CHECKED 4 0
[   352.10 ] D: CHECKED 5 1
[   352.10 ] D: CHECKED 4 0
[   352.10 ] D: CHECKED 5 1
[   352.12 ] D: CHECKED 4 0
[   352.12 ] D: CHECKED 5 1
[   352.12 ] D: CHECKED 4 0
[   352.12 ] D: CHECKED 5 1
[   352.12 ] D: CHECKED 4 0
[   352.12 ] D: CHECKED 5 1
[   352.14 ] D: CHECKED 4 0
[   352.14 ] D: CHECKED 5 1
[   352.14 ] D: CHECKED 4 0
[   352.14 ] D: CHECKED 5 1
[   352.14 ] D: CHECKED 4 0
[   352.14 ] D: CHECKED 5 1
[   352.15 ] D: CHECKED 4 0
[   352.15 ] D: CHECKED 5 1
[   352.15 ] D: CHECKED 4 0
[   352.15 ] D: CHECKED 5 1
[   352.15 ] D: CHECKED 4 0
[   352.15 ] D: CHECKED 5 1
[   352.17 ] D: CHECKED 4 0
[   352.17 ] D: CHECKED 5 1
[   352.17 ] D: CHECKED 4 0
[   352.17 ] D: CHECKED 5 1
[   352.17 ] D: CHECKED 4 0
[   352.17 ] D: CHECKED 5 1
[   352.19 ] D: CHECKED 4 0
[   352.19 ] D: CHECKED 5 1
[   352.19 ] D: CHECKED 4 0
[   352.19 ] D: CHECKED 5 1
[   352.19 ] D: CHECKED 4 0
[   352.19 ] D: CHECKED 5 1
[   352.21 ] D: CHECKED 4 0
[   352.21 ] D: CHECKED 5 1
[   352.21 ] D: CHECKED 4 0
[   352.21 ] D: CHECKED 5 1
[   352.21 ] D: CHECKED 4 0
[   352.21 ] D: CHECKED 5 1
[   352.22 ] D: CHECKED 4 0
[   352.22 ] D: CHECKED 5 1
[   352.22 ] D: CHECKED 4 0
[   352.22 ] D: CHECKED 5 1
[   352.22 ] D: CHECKED 4 0
[   352.22 ] D: CHECKED 5 1
[   352.24 ] D: CHECKED 4 0
[   352.24 ] D: CHECKED 5 1
[   352.24 ] D: CHECKED 4 0
[   352.24 ] D: CHECKED 5 1
[   352.24 ] D: CHECKED 4 0
[   352.24 ] D: CHECKED 5 1
[   352.26 ] D: CHECKED 4 0
[   352.26 ] D: CHECKED 5 1
[   352.26 ] D: CHECKED 4 0
[   352.26 ] D: CHECKED 5 1
[   352.26 ] D: CHECKED 4 0
[   352.26 ] D: CHECKED 5 1
[   352.28 ] D: CHECKED 4 0
[   352.28 ] D: CHECKED 5 1
[   352.28 ] D: CHECKED 4 0
[   352.28 ] D: CHECKED 5 1
[   352.28 ] D: CHECKED 4 0
[   352.28 ] D: CHECKED 5 1
[   352.29 ] D: CHECKED 4 0
[   352.29 ] D: CHECKED 5 1
[   352.29 ] D: CHECKED 4 0
[   352.29 ] D: CHECKED 5 1
[   352.29 ] D: CHECKED 4 0
[   352.29 ] D: CHECKED 5 1
[   352.31 ] D: CHECKED 4 0
[   352.31 ] D: CHECKED 5 1
[   352.31 ] D: CHECKED 4 0
[   352.31 ] D: CHECKED 5 1
[   352.31 ] D: CHECKED 4 0
[   352.31 ] D: CHECKED 5 1
[   352.33 ] D: CHECKED 4 0
[   352.33 ] D: CHECKED 5 1
[   352.33 ] D: CHECKED 4 0
[   352.33 ] D: CHECKED 5 1
[   352.33 ] D: CHECKED 4 0
[   352.33 ] D: CHECKED 5 1
[   352.35 ] D: CHECKED 4 0
[   352.35 ] D: CHECKED 5 1
[   352.35 ] D: CHECKED 4 0
[   352.35 ] D: CHECKED 5 1
[   352.36 ] D: CHECKED 4 0
[   352.36 ] D: CHECKED 5 1
[   352.36 ] D: CHECKED 4 0
[   352.36 ] D: CHECKED 5 1
[   352.36 ] D: CHECKED 4 0
[   352.36 ] D: CHECKED 5 1
[   352.36 ] D: CHECKED 4 0
[   352.36 ] D: CHECKED 5 1
[   352.38 ] D: CHECKED 4 0
[   352.38 ] D: CHECKED 5 1
[   352.38 ] D: CHECKED 4 0
[   352.38 ] D: CHECKED 5 1
[   352.38 ] D: CHECKED 4 0
[   352.38 ] D: CHECKED 5 1
[   352.40 ] D: CHECKED 4 0
[   352.40 ] D: CHECKED 5 1
[   352.40 ] D: CHECKED 4 0
[   352.40 ] D: CHECKED 5 1
[   352.40 ] D: CHECKED 4 0
[   352.40 ] D: CHECKED 5 1
[   352.42 ] D: CHECKED 4 0
[   352.42 ] D: CHECKED 5 1
[   352.42 ] D: CHECKED 4 0
[   352.42 ] D: CHECKED 5 1
[   352.42 ] D: CHECKED 4 0
[   352.42 ] D: CHECKED 5 1
[   352.43 ] D: CHECKED 4 0
[   352.43 ] D: CHECKED 5 1
[   352.43 ] D: CHECKED 4 0
[   352.43 ] D: CHECKED 5 1
[   352.43 ] D: CHECKED 4 0
[   352.43 ] D: CHECKED 5 1
[   352.45 ] D: CHECKED 4 0
[   352.45 ] D: CHECKED 5 1
[   352.45 ] D: CHECKED 4 0
[   352.45 ] D: CHECKED 5 1
[   352.45 ] D: CHECKED 4 0
[   352.45 ] D: CHECKED 5 1
[   352.47 ] D: CHECKED 4 0
[   352.47 ] D: CHECKED 5 1
[   352.47 ] D: CHECKED 4 0
[   352.47 ] D: CHECKED 5 1
[   352.47 ] D: CHECKED 4 0
[   352.47 ] D: CHECKED 5 1
[   352.49 ] D: CHECKED 4 0
[   352.49 ] D: CHECKED 5 1
[   352.49 ] D: CHECKED 4 0
[   352.49 ] D: CHECKED 5 1
[   352.49 ] D: CHECKED 4 0
[   352.49 ] D: CHECKED 5 1
[   352.50 ] D: CHECKED 4 0
[   352.50 ] D: CHECKED 5 1
[   352.50 ] D: CHECKED 4 0
[   352.50 ] D: CHECKED 5 1
[   352.50 ] D: CHECKED 4 0
[   352.50 ] D: CHECKED 5 1
[   352.52 ] D: CHECKED 4 0
[   352.52 ] D: CHECKED 5 1
[   352.52 ] D: CHECKED 4 0
[   352.52 ] D: CHECKED 5 1
[   352.52 ] D: CHECKED 4 0
[   352.52 ] D: CHECKED 5 1
[   352.54 ] D: CHECKED 4 0
[   352.54 ] D: CHECKED 5 1
[   352.54 ] D: CHECKED 4 0
[   352.54 ] D: CHECKED 5 1
[   352.54 ] D: CHECKED 4 0
[   352.54 ] D: CHECKED 5 1
[   352.55 ] D: CHECKED 4 0
[   352.55 ] D: CHECKED 5 1
[   352.55 ] D: CHECKED 4 0
[   352.55 ] D: CHECKED 5 1
[   352.55 ] D: CHECKED 4 0
[   352.55 ] D: CHECKED 5 1
[   352.57 ] D: CHECKED 4 0
[   352.57 ] D: CHECKED 5 1
[   352.57 ] D: CHECKED 4 0
[   352.57 ] D: CHECKED 5 1
[   352.57 ] D: CHECKED 4 0
[   352.57 ] D: CHECKED 5 1
[   352.59 ] D: CHECKED 4 0
[   352.59 ] D: CHECKED 5 1
[   352.59 ] D: CHECKED 4 0
[   352.59 ] D: CHECKED 5 1
[   352.59 ] D: CHECKED 4 0
[   352.59 ] D: CHECKED 5 1
[   352.61 ] D: CHECKED 4 0
[   352.61 ] D: CHECKED 5 1
[   352.61 ] D: CHECKED 4 0
[   352.61 ] D: CHECKED 5 1
[   352.61 ] D: CHECKED 4 0
[   352.61 ] D: CHECKED 5 1
[   352.62 ] D: CHECKED 4 0
[   352.62 ] D: CHECKED 5 1
[   352.62 ] D: CHECKED 4 0
[   352.62 ] D: CHECKED 5 1
[   352.62 ] D: CHECKED 4 0
[   352.62 ] D: CHECKED 5 1
[   352.64 ] D: CHECKED 4 0
[   352.64 ] D: CHECKED 5 1
[   352.64 ] D: CHECKED 4 0
[   352.64 ] D: CHECKED 5 1
[   352.64 ] D: CHECKED 4 0
[   352.64 ] D: CHECKED 5 1
[   352.66 ] D: CHECKED 4 0
[   352.66 ] D: CHECKED 5 1
[   352.66 ] D: CHECKED 4 0
[   352.66 ] D: CHECKED 5 1
[   352.66 ] D: CHECKED 4 0
[   352.66 ] D: CHECKED 5 1
[   352.68 ] D: CHECKED 4 0
[   352.68 ] D: CHECKED 5 1
[   352.68 ] D: CHECKED 4 0
[   352.68 ] D: CHECKED 5 1
[   352.68 ] D: CHECKED 4 0
[   352.68 ] D: CHECKED 5 1
[   352.69 ] D: CHECKED 4 0
[   352.69 ] D: CHECKED 5 1
[   352.69 ] D: CHECKED 4 0
[   352.69 ] D: CHECKED 5 1
[   352.69 ] D: CHECKED 4 0
[   352.69 ] D: CHECKED 5 1
[   352.71 ] D: CHECKED 4 0
[   352.71 ] D: CHECKED 5 1
[   352.71 ] D: CHECKED 4 0
[   352.71 ] D: CHECKED 5 1
[   352.71 ] D: CHECKED 4 0
[   352.71 ] D: CHECKED 5 1
[   352.73 ] D: CHECKED 4 0
[   352.73 ] D: CHECKED 5 1
[   352.73 ] D: CHECKED 4 0
[   352.73 ] D: CHECKED 5 1
[   352.73 ] D: CHECKED 4 0
[   352.73 ] D: CHECKED 5 1
[   352.75 ] D: CHECKED 4 0
[   352.75 ] D: CHECKED 5 1
[   352.75 ] D: CHECKED 4 0
[   352.75 ] D: CHECKED 5 1
[   352.75 ] D: CHECKED 4 0
[   352.75 ] D: CHECKED 5 1
[   352.76 ] D: CHECKED 4 0
[   352.76 ] D: CHECKED 5 1
[   352.76 ] D: CHECKED 4 0
[   352.76 ] D: CHECKED 5 1
[   352.76 ] D: CHECKED 4 0
[   352.76 ] D: CHECKED 5 1
[   352.78 ] D: CHECKED 4 0
[   352.78 ] D: CHECKED 5 1
[   352.78 ] D: CHECKED 4 0
[   352.78 ] D: CHECKED 5 1
[   352.78 ] D: CHECKED 4 0
[   352.78 ] D: CHECKED 5 1
[   352.80 ] D: CHECKED 4 0
[   352.80 ] D: CHECKED 5 1
[   352.80 ] D: CHECKED 4 0
[   352.80 ] D: CHECKED 5 1
[   352.80 ] D: CHECKED 4 0
[   352.80 ] D: CHECKED 5 1
[   352.82 ] D: CHECKED 4 0
[   352.82 ] D: CHECKED 5 1
[   352.82 ] D: CHECKED 4 0
[   352.82 ] D: CHECKED 5 1
[   352.82 ] D: CHECKED 4 0
[   352.82 ] D: CHECKED 5 1
[   352.83 ] D: CHECKED 4 0
[   352.83 ] D: CHECKED 5 1
[   352.83 ] D: CHECKED 4 0
[   352.83 ] D: CHECKED 5 1
[   352.83 ] D: CHECKED 4 0
[   352.83 ] D: CHECKED 5 1
[   352.85 ] D: CHECKED 4 0
[   352.85 ] D: CHECKED 5 1
[   352.85 ] D: CHECKED 4 0
[   352.85 ] D: CHECKED 5 1
[   352.85 ] D: CHECKED 4 0
[   352.85 ] D: CHECKED 5 1
[   352.87 ] D: CHECKED 4 0
[   352.87 ] D: CHECKED 5 1
[   352.87 ] D: CHECKED 4 0
[   352.87 ] D: CHECKED 5 1
[   352.87 ] D: CHECKED 4 0
[   352.87 ] D: CHECKED 5 1
[   352.89 ] D: CHECKED 4 0
[   352.89 ] D: CHECKED 5 1
[   352.89 ] D: CHECKED 4 0
[   352.89 ] D: CHECKED 5 1
[   352.89 ] D: CHECKED 4 0
[   352.89 ] D: CHECKED 5 1
[   352.90 ] D: CHECKED 4 0
[   352.90 ] D: CHECKED 5 1
[   352.90 ] D: CHECKED 4 0
[   352.90 ] D: CHECKED 5 1
[   352.90 ] D: CHECKED 4 0
[   352.90 ] D: CHECKED 5 1
[   352.92 ] D: CHECKED 4 0
[   352.92 ] D: CHECKED 5 1
[   352.92 ] D: CHECKED 4 0
[   352.92 ] D: CHECKED 5 1
[   352.92 ] D: CHECKED 4 0
[   352.92 ] D: CHECKED 5 1
[   352.94 ] D: CHECKED 4 0
[   352.94 ] D: CHECKED 5 1
[   352.94 ] D: CHECKED 4 0
[   352.94 ] D: CHECKED 5 1
[   352.94 ] D: CHECKED 4 0
[   352.94 ] D: CHECKED 5 1
[   352.96 ] D: CHECKED 4 0
[   352.96 ] D: CHECKED 5 1
[   352.96 ] D: CHECKED 4 0
[   352.96 ] D: CHECKED 5 1
[   352.96 ] D: CHECKED 4 0
[   352.96 ] D: CHECKED 5 1
[   352.97 ] D: CHECKED 4 0
[   352.97 ] D: CHECKED 5 1
[   352.97 ] D: CHECKED 4 0
[   352.97 ] D: CHECKED 5 1
[   352.97 ] D: CHECKED 4 0
[   352.97 ] D: CHECKED 5 1
[   352.99 ] D: CHECKED 4 0
[   352.99 ] D: CHECKED 5 1
[   352.99 ] D: CHECKED 4 0
[   352.99 ] D: CHECKED 5 1
[   352.99 ] D: CHECKED 4 0
[   352.99 ] D: CHECKED 5 1
[   353.01 ] D: CHECKED 4 0
[   353.01 ] D: CHECKED 5 1
[   353.01 ] D: CHECKED 4 0
[   353.01 ] D: CHECKED 5 1
[   353.01 ] D: CHECKED 4 0
[   353.01 ] D: CHECKED 5 1
[   353.02 ] D: CHECKED 4 0
[   353.02 ] D: CHECKED 5 1
[   353.02 ] D: CHECKED 4 0
[   353.02 ] D: CHECKED 5 1
[   353.02 ] D: CHECKED 4 0
[   353.02 ] D: CHECKED 5 1
[   353.04 ] D: CHECKED 4 0
[   353.04 ] D: CHECKED 5 1
[   353.04 ] D: CHECKED 4 0
[   353.04 ] D: CHECKED 5 1
[   353.04 ] D: CHECKED 4 0
[   353.04 ] D: CHECKED 5 1
[   353.06 ] D: CHECKED 4 0
[   353.06 ] D: CHECKED 5 1
[   353.06 ] D: CHECKED 4 0
[   353.06 ] D: CHECKED 5 1
[   353.06 ] D: CHECKED 4 0
[   353.06 ] D: CHECKED 5 1
[   353.08 ] D: CHECKED 4 0
[   353.08 ] D: CHECKED 5 1
[   353.08 ] D: CHECKED 4 0
[   353.08 ] D: CHECKED 5 1
[   353.08 ] D: CHECKED 4 0
[   353.08 ] D: CHECKED 5 1
[   353.09 ] D: CHECKED 4 0
[   353.09 ] D: CHECKED 5 1
[   353.09 ] D: CHECKED 4 0
[   353.09 ] D: CHECKED 5 1
[   353.09 ] D: CHECKED 4 0
[   353.09 ] D: CHECKED 5 1
[   353.11 ] D: CHECKED 4 0
[   353.11 ] D: CHECKED 5 1
[   353.11 ] D: CHECKED 4 0
[   353.11 ] D: CHECKED 5 1
[   353.11 ] D: CHECKED 4 0
[   353.11 ] D: CHECKED 5 1
[   353.13 ] D: CHECKED 4 0
[   353.13 ] D: CHECKED 5 1
[   353.13 ] D: CHECKED 4 0
[   353.13 ] D: CHECKED 5 1
[   353.13 ] D: CHECKED 4 0
[   353.13 ] D: CHECKED 5 1
[   353.15 ] D: CHECKED 4 0
[   353.15 ] D: CHECKED 5 1
[   353.15 ] D: AsyncFileReader 3 8
[   353.15 ] D: CHECKED 4 0
[   353.15 ] D: CHECKED 5 1
[   353.15 ] D: CHECKED 4 0
[   353.15 ] D: CHECKED 5 1
[   353.16 ] D: CHECKED 4 0
[   353.16 ] D: CHECKED 5 1
[   353.16 ] D: CHECKED 4 0
[   353.16 ] D: CHECKED 5 1
[   353.16 ] D: CHECKED 4 0
[   353.16 ] D: CHECKED 5 1
[   353.18 ] D: CHECKED 4 0
[   353.18 ] D: CHECKED 5 1
[   353.18 ] D: CHECKED 4 0
[   353.18 ] D: CHECKED 5 1
[   353.18 ] D: CHECKED 4 0
[   353.18 ] D: CHECKED 5 1
[   353.20 ] D: CHECKED 4 0
[   353.20 ] D: CHECKED 5 1
[   353.20 ] D: CHECKED 4 0
[   353.20 ] D: CHECKED 5 1
[   353.20 ] D: CHECKED 4 0
[   353.20 ] D: CHECKED 5 1
[   353.22 ] D: CHECKED 4 0
[   353.22 ] D: CHECKED 5 1
[   353.22 ] D: CHECKED 4 0
[   353.22 ] D: CHECKED 5 1
[   353.22 ] D: CHECKED 4 0
[   353.22 ] D: CHECKED 5 1
[   353.23 ] D: CHECKED 4 0
[   353.23 ] D: CHECKED 5 1
[   353.23 ] D: CHECKED 4 0
[   353.23 ] D: CHECKED 5 1
[   353.23 ] D: CHECKED 4 0
[   353.23 ] D: CHECKED 5 1
[   353.25 ] D: CHECKED 4 0
[   353.25 ] D: CHECKED 5 1
[   353.25 ] D: CHECKED 4 0
[   353.25 ] D: CHECKED 5 1
[   353.25 ] D: CHECKED 4 0
[   353.25 ] D: CHECKED 5 1
[   353.27 ] D: CHECKED 4 0
[   353.27 ] D: CHECKED 5 1
[   353.27 ] D: CHECKED 4 0
[   353.27 ] D: CHECKED 5 1
[   353.27 ] D: CHECKED 4 0
[   353.27 ] D: CHECKED 5 1
[   353.29 ] D: CHECKED 4 0
[   353.29 ] D: CHECKED 5 1
[   353.29 ] D: CHECKED 4 0
[   353.29 ] D: CHECKED 5 1
[   353.29 ] D: CHECKED 4 0
[   353.29 ] D: CHECKED 5 1
[   353.30 ] D: CHECKED 4 0
[   353.30 ] D: CHECKED 5 1
[   353.30 ] D: CHECKED 4 0
[   353.30 ] D: CHECKED 5 1
[   353.30 ] D: CHECKED 4 0
[   353.30 ] D: CHECKED 5 1
[   353.32 ] D: CHECKED 4 0
[   353.32 ] D: CHECKED 5 1
[   353.32 ] D: CHECKED 4 0
[   353.32 ] D: CHECKED 5 1
[   353.32 ] D: CHECKED 4 0
[   353.32 ] D: CHECKED 5 1
[   353.34 ] D: CHECKED 4 0
[   353.34 ] D: CHECKED 5 1
[   353.34 ] D: CHECKED 4 0
[   353.34 ] D: CHECKED 5 1
[   353.34 ] D: CHECKED 4 0
[   353.34 ] D: CHECKED 5 1
[   353.36 ] D: CHECKED 4 0
[   353.36 ] D: CHECKED 5 1
[   353.36 ] D: CHECKED 4 0
[   353.36 ] D: CHECKED 5 1
[   353.36 ] D: CHECKED 4 0
[   353.36 ] D: CHECKED 5 1
[   353.37 ] D: CHECKED 4 0
[   353.37 ] D: CHECKED 5 1
[   353.37 ] D: CHECKED 4 0
[   353.37 ] D: CHECKED 5 1
[   353.37 ] D: CHECKED 4 0
[   353.37 ] D: CHECKED 5 1
[   353.39 ] D: CHECKED 4 0
[   353.39 ] D: CHECKED 5 1
[   353.39 ] D: CHECKED 4 0
[   353.39 ] D: CHECKED 5 1
[   353.39 ] D: CHECKED 4 0
[   353.39 ] D: CHECKED 5 1
[   353.41 ] D: CHECKED 4 0
[   353.41 ] D: CHECKED 5 1
[   353.41 ] D: CHECKED 4 0
[   353.41 ] D: CHECKED 5 1
[   353.41 ] D: CHECKED 4 0
[   353.41 ] D: CHECKED 5 1
[   353.43 ] D: CHECKED 4 0
[   353.43 ] D: CHECKED 5 1
[   353.43 ] D: CHECKED 4 0
[   353.43 ] D: CHECKED 5 1
[   353.43 ] D: CHECKED 4 0
[   353.43 ] D: CHECKED 5 1
[   353.44 ] D: CHECKED 4 0
[   353.44 ] D: CHECKED 5 1
[   353.44 ] D: CHECKED 4 0
[   353.44 ] D: CHECKED 5 1
[   353.44 ] D: CHECKED 4 0
[   353.44 ] D: CHECKED 5 1
[   353.46 ] D: CHECKED 4 0
[   353.46 ] D: CHECKED 5 1
[   353.46 ] D: CHECKED 4 0
[   353.46 ] D: CHECKED 5 1
[   353.46 ] D: CHECKED 4 0
[   353.46 ] D: CHECKED 5 1
[   353.48 ] D: CHECKED 4 0
[   353.48 ] D: CHECKED 5 1
[   353.48 ] D: CHECKED 4 0
[   353.48 ] D: CHECKED 5 1
[   353.48 ] D: CHECKED 4 0
[   353.48 ] D: CHECKED 5 1
[   353.50 ] D: CHECKED 4 0
[   353.50 ] D: CHECKED 5 1
[   353.50 ] D: CHECKED 4 0
[   353.50 ] D: CHECKED 5 1
[   353.50 ] D: CHECKED 4 0
[   353.50 ] D: CHECKED 5 1
[   353.51 ] D: CHECKED 4 0
[   353.51 ] D: CHECKED 5 1
[   353.51 ] D: CHECKED 4 0
[   353.51 ] D: CHECKED 5 1
[   353.51 ] D: CHECKED 4 0
[   353.51 ] D: CHECKED 5 1
[   353.53 ] D: CHECKED 4 0
[   353.53 ] D: CHECKED 5 1
[   353.53 ] D: CHECKED 4 0
[   353.53 ] D: CHECKED 5 1
[   353.53 ] D: CHECKED 4 0
[   353.53 ] D: CHECKED 5 1
[   353.55 ] D: CHECKED 4 0
[   353.55 ] D: CHECKED 5 1
[   353.55 ] D: CHECKED 4 0
[   353.55 ] D: CHECKED 5 1
[   353.55 ] D: CHECKED 4 0
[   353.55 ] D: CHECKED 5 1
[   353.56 ] D: CHECKED 4 0
[   353.56 ] D: CHECKED 5 1
[   353.56 ] D: CHECKED 4 0
[   353.56 ] D: CHECKED 5 1
[   353.56 ] D: CHECKED 4 0
[   353.56 ] D: CHECKED 5 1
[   353.58 ] D: CHECKED 4 0
[   353.58 ] D: CHECKED 5 1
[   353.58 ] D: CHECKED 4 0
[   353.58 ] D: CHECKED 5 1
[   353.58 ] D: CHECKED 4 0
[   353.58 ] D: CHECKED 5 1
[   353.60 ] D: CHECKED 4 0
[   353.60 ] D: CHECKED 5 1
[   353.60 ] D: CHECKED 4 0
[   353.60 ] D: CHECKED 5 1
[   353.60 ] D: CHECKED 4 0
[   353.60 ] D: CHECKED 5 1
[   353.62 ] D: CHECKED 4 0
[   353.62 ] D: CHECKED 5 1
[   353.62 ] D: CHECKED 4 0
[   353.62 ] D: CHECKED 5 1
[   353.62 ] D: CHECKED 4 0
[   353.62 ] D: CHECKED 5 1
[   353.63 ] D: CHECKED 4 0
[   353.63 ] D: CHECKED 5 1
[   353.63 ] D: CHECKED 4 0
[   353.63 ] D: CHECKED 5 1
[   353.63 ] D: CHECKED 4 0
[   353.63 ] D: CHECKED 5 1
[   353.65 ] D: CHECKED 4 0
[   353.65 ] D: CHECKED 5 1
[   353.65 ] D: CHECKED 4 0
[   353.65 ] D: CHECKED 5 1
[   353.65 ] D: CHECKED 4 0
[   353.65 ] D: CHECKED 5 1
[   353.67 ] D: CHECKED 4 0
[   353.67 ] D: CHECKED 5 1
[   353.67 ] D: CHECKED 4 0
[   353.67 ] D: CHECKED 5 1
[   353.67 ] D: CHECKED 4 0
[   353.67 ] D: CHECKED 5 1
[   353.69 ] D: CHECKED 4 0
[   353.69 ] D: CHECKED 5 1
[   353.69 ] D: CHECKED 4 0
[   353.69 ] D: CHECKED 5 1
[   353.69 ] D: CHECKED 4 0
[   353.69 ] D: CHECKED 5 1
[   353.70 ] D: CHECKED 4 0
[   353.70 ] D: CHECKED 5 1
[   353.70 ] D: CHECKED 4 0
[   353.70 ] D: CHECKED 5 1
[   353.70 ] D: CHECKED 4 0
[   353.70 ] D: CHECKED 5 1
[   353.72 ] D: CHECKED 4 0
[   353.72 ] D: CHECKED 5 1
[   353.72 ] D: CHECKED 4 0
[   353.72 ] D: CHECKED 5 1
[   353.72 ] D: CHECKED 4 0
[   353.72 ] D: CHECKED 5 1
[   353.74 ] D: CHECKED 4 0
[   353.74 ] D: CHECKED 5 1
[   353.74 ] D: CHECKED 4 0
[   353.74 ] D: CHECKED 5 1
[   353.74 ] D: CHECKED 4 0
[   353.74 ] D: CHECKED 5 1
[   353.76 ] D: CHECKED 4 0
[   353.76 ] D: CHECKED 5 1
[   353.76 ] D: CHECKED 4 0
[   353.76 ] D: CHECKED 5 1
[   353.76 ] D: CHECKED 4 0
[   353.76 ] D: CHECKED 5 1
[   353.77 ] D: CHECKED 4 0
[   353.77 ] D: CHECKED 5 1
[   353.77 ] D: CHECKED 4 0
[   353.77 ] D: CHECKED 5 1
[   353.77 ] D: CHECKED 4 0
[   353.77 ] D: CHECKED 5 1
[   353.79 ] D: CHECKED 4 0
[   353.79 ] D: CHECKED 5 1
[   353.79 ] D: CHECKED 4 0
[   353.79 ] D: CHECKED 5 1
[   353.79 ] D: CHECKED 4 0
[   353.79 ] D: CHECKED 5 1
[   353.81 ] D: CHECKED 4 0
[   353.81 ] D: CHECKED 5 1
[   353.81 ] D: CHECKED 4 0
[   353.81 ] D: CHECKED 5 1
[   353.81 ] D: CHECKED 4 0
[   353.81 ] D: CHECKED 5 1
[   353.83 ] D: CHECKED 4 0
[   353.83 ] D: CHECKED 5 1
[   353.83 ] D: CHECKED 4 0
[   353.83 ] D: CHECKED 5 1
[   353.83 ] D: CHECKED 4 0
[   353.83 ] D: CHECKED 5 1
[   353.84 ] D: CHECKED 4 0
[   353.84 ] D: CHECKED 5 1
[   353.84 ] D: CHECKED 4 0
[   353.84 ] D: CHECKED 5 1
[   353.84 ] D: CHECKED 4 0
[   353.84 ] D: CHECKED 5 1
[   353.86 ] D: CHECKED 4 0
[   353.86 ] D: CHECKED 5 1
[   353.86 ] D: CHECKED 4 0
[   353.86 ] D: CHECKED 5 1
[   353.86 ] D: CHECKED 4 0
[   353.86 ] D: CHECKED 5 1
[   353.88 ] D: CHECKED 4 0
[   353.88 ] D: CHECKED 5 1
[   353.88 ] D: CHECKED 4 0
[   353.88 ] D: CHECKED 5 1
[   353.88 ] D: CHECKED 4 0
[   353.88 ] D: CHECKED 5 1
[   353.90 ] D: CHECKED 4 0
[   353.90 ] D: CHECKED 5 1
[   353.90 ] D: CHECKED 4 0
[   353.90 ] D: CHECKED 5 1
[   353.90 ] D: CHECKED 4 0
[   353.90 ] D: CHECKED 5 1
[   353.91 ] D: CHECKED 4 0
[   353.91 ] D: CHECKED 5 1
[   353.91 ] D: CHECKED 4 0
[   353.91 ] D: CHECKED 5 1
[   353.91 ] D: CHECKED 4 0
[   353.91 ] D: CHECKED 5 1
[   353.93 ] D: CHECKED 4 0
[   353.93 ] D: CHECKED 5 1
[   353.93 ] D: CHECKED 4 0
[   353.93 ] D: CHECKED 5 1
[   353.93 ] D: CHECKED 4 0
[   353.93 ] D: CHECKED 5 1
[   353.95 ] D: CHECKED 4 0
[   353.95 ] D: CHECKED 5 1
[   353.95 ] D: CHECKED 4 0
[   353.95 ] D: CHECKED 5 1
[   353.95 ] D: CHECKED 4 0
[   353.95 ] D: CHECKED 5 1
[   353.97 ] D: CHECKED 4 0
[   353.97 ] D: CHECKED 5 1
[   353.97 ] D: CHECKED 4 0
[   353.97 ] D: CHECKED 5 1
[   353.97 ] D: CHECKED 4 0
[   353.97 ] D: CHECKED 5 1
[   353.98 ] D: CHECKED 4 0
[   353.98 ] D: CHECKED 5 1
[   353.98 ] D: CHECKED 4 0
[   353.98 ] D: CHECKED 5 1
[   353.98 ] D: CHECKED 4 0
[   353.98 ] D: CHECKED 5 1
[   354.00 ] D: CHECKED 4 0
[   354.00 ] D: CHECKED 5 1
[   354.00 ] D: CHECKED 4 0
[   354.00 ] D: CHECKED 5 1
[   354.00 ] D: CHECKED 4 0
[   354.00 ] D: CHECKED 5 1
[   354.02 ] D: CHECKED 4 0
[   354.02 ] D: CHECKED 5 1
[   354.02 ] D: CHECKED 4 0
[   354.02 ] D: CHECKED 5 1
[   354.02 ] D: CHECKED 4 0
[   354.02 ] D: CHECKED 5 1
[   354.04 ] D: CHECKED 4 0
[   354.04 ] D: CHECKED 5 1
[   354.04 ] D: CHECKED 4 0
[   354.04 ] D: CHECKED 5 1
[   354.04 ] D: CHECKED 4 0
[   354.04 ] D: CHECKED 5 1
[   354.05 ] D: CHECKED 4 0
[   354.05 ] D: CHECKED 5 1
[   354.05 ] D: CHECKED 4 0
[   354.05 ] D: CHECKED 5 1
[   354.05 ] D: CHECKED 4 0
[   354.05 ] D: CHECKED 5 1
[   354.07 ] D: CHECKED 4 0
[   354.07 ] D: CHECKED 5 1
[   354.07 ] D: CHECKED 4 0
[   354.07 ] D: CHECKED 5 1
[   354.07 ] D: CHECKED 4 0
[   354.07 ] D: CHECKED 5 1
[   354.09 ] D: CHECKED 4 0
[   354.09 ] D: CHECKED 5 1
[   354.09 ] D: CHECKED 4 0
[   354.09 ] D: CHECKED 5 1
[   354.09 ] D: CHECKED 4 0
[   354.09 ] D: CHECKED 5 1
[   354.10 ] D: CHECKED 4 0
[   354.10 ] D: CHECKED 5 1
[   354.10 ] D: CHECKED 4 0
[   354.10 ] D: CHECKED 5 1
[   354.10 ] D: CHECKED 4 0
[   354.10 ] D: CHECKED 5 1
[   354.12 ] D: CHECKED 4 0
[   354.12 ] D: CHECKED 5 1
[   354.12 ] D: CHECKED 4 0
[   354.12 ] D: CHECKED 5 1
[   354.12 ] D: CHECKED 4 0
[   354.12 ] D: CHECKED 5 1
[   354.14 ] D: CHECKED 4 0
[   354.14 ] D: CHECKED 5 1
[   354.14 ] D: CHECKED 4 0
[   354.14 ] D: CHECKED 5 1
[   354.14 ] D: CHECKED 4 0
[   354.14 ] D: CHECKED 5 1
[   354.16 ] D: CHECKED 4 0
[   354.16 ] D: CHECKED 5 1
[   354.16 ] D: CHECKED 4 0
[   354.16 ] D: CHECKED 5 1
[   354.16 ] D: CHECKED 4 0
[   354.16 ] D: CHECKED 5 1
[   354.17 ] D: CHECKED 4 0
[   354.17 ] D: CHECKED 5 1
[   354.17 ] D: CHECKED 4 0
[   354.17 ] D: CHECKED 5 1
[   354.17 ] D: CHECKED 4 0
[   354.17 ] D: CHECKED 5 1
[   354.19 ] D: CHECKED 4 0
[   354.19 ] D: CHECKED 5 1
[   354.19 ] D: CHECKED 4 0
[   354.19 ] D: CHECKED 5 1
[   354.19 ] D: CHECKED 4 0
[   354.19 ] D: CHECKED 5 1
[   354.21 ] D: CHECKED 4 0
[   354.21 ] D: CHECKED 5 1
[   354.21 ] D: CHECKED 4 0
[   354.21 ] D: CHECKED 5 1
[   354.21 ] D: CHECKED 4 0
[   354.21 ] D: CHECKED 5 1
[   354.23 ] D: CHECKED 4 0
[   354.23 ] D: CHECKED 5 1
[   354.23 ] D: CHECKED 4 0
[   354.23 ] D: CHECKED 5 1
[   354.23 ] D: CHECKED 4 0
[   354.23 ] D: CHECKED 5 1
[   354.24 ] D: CHECKED 4 0
[   354.24 ] D: CHECKED 5 1
[   354.24 ] D: CHECKED 4 0
[   354.24 ] D: CHECKED 5 1
[   354.24 ] D: CHECKED 4 0
[   354.24 ] D: CHECKED 5 1
[   354.26 ] D: CHECKED 4 0
[   354.26 ] D: CHECKED 5 1
[   354.26 ] D: CHECKED 4 0
[   354.26 ] D: CHECKED 5 1
[   354.26 ] D: CHECKED 4 0
[   354.26 ] D: CHECKED 5 1
[   354.28 ] D: CHECKED 4 0
[   354.28 ] D: CHECKED 5 1
[   354.28 ] D: CHECKED 4 0
[   354.28 ] D: CHECKED 5 1
[   354.28 ] D: CHECKED 4 0
[   354.28 ] D: CHECKED 5 1
[   354.30 ] D: CHECKED 4 0
[   354.30 ] D: CHECKED 5 1
[   354.30 ] D: CHECKED 4 0
[   354.30 ] D: CHECKED 5 1
[   354.30 ] D: CHECKED 4 0
[   354.30 ] D: CHECKED 5 1
[   354.31 ] D: CHECKED 4 0
[   354.31 ] D: CHECKED 5 1
[   354.31 ] D: CHECKED 4 0
[   354.31 ] D: CHECKED 5 1
[   354.31 ] D: CHECKED 4 0
[   354.31 ] D: CHECKED 5 1
[   354.33 ] D: CHECKED 4 0
[   354.33 ] D: CHECKED 5 1
[   354.33 ] D: CHECKED 4 0
[   354.33 ] D: CHECKED 5 1
[   354.33 ] D: CHECKED 4 0
[   354.33 ] D: CHECKED 5 1
[   354.35 ] D: CHECKED 4 0
[   354.35 ] D: CHECKED 5 1
[   354.35 ] D: CHECKED 4 0
[   354.35 ] D: CHECKED 5 1
[   354.35 ] D: CHECKED 4 0
[   354.35 ] D: CHECKED 5 1
[   354.37 ] D: CHECKED 4 0
[   354.37 ] D: CHECKED 5 1
[   354.37 ] D: CHECKED 4 0
[   354.37 ] D: CHECKED 5 1
[   354.37 ] D: CHECKED 4 0
[   354.37 ] D: CHECKED 5 1
[   354.38 ] D: CHECKED 4 0
[   354.38 ] D: CHECKED 5 1
[   354.38 ] D: CHECKED 4 0
[   354.38 ] D: CHECKED 5 1
[   354.38 ] D: CHECKED 4 0
[   354.38 ] D: CHECKED 5 1
[   354.40 ] D: CHECKED 4 0
[   354.40 ] D: CHECKED 5 1
[   354.40 ] D: CHECKED 4 0
[   354.40 ] D: CHECKED 5 1
[   354.40 ] D: CHECKED 4 0
[   354.40 ] D: CHECKED 5 1
[   354.42 ] D: CHECKED 4 0
[   354.42 ] D: CHECKED 5 1
[   354.42 ] D: CHECKED 4 0
[   354.42 ] D: CHECKED 5 1
[   354.42 ] D: CHECKED 4 0
[   354.42 ] D: CHECKED 5 1
[   354.44 ] D: CHECKED 4 0
[   354.44 ] D: CHECKED 5 1
[   354.44 ] D: CHECKED 4 0
[   354.44 ] D: CHECKED 5 1
[   354.44 ] D: CHECKED 4 0
[   354.44 ] D: CHECKED 5 1
[   354.45 ] D: CHECKED 4 0
[   354.45 ] D: CHECKED 5 1
[   354.45 ] D: CHECKED 4 0
[   354.45 ] D: CHECKED 5 1
[   354.45 ] D: CHECKED 4 0
[   354.45 ] D: CHECKED 5 1
[   354.47 ] D: CHECKED 4 0
[   354.47 ] D: CHECKED 5 1
[   354.47 ] D: CHECKED 4 0
[   354.47 ] D: CHECKED 5 1
[   354.47 ] D: CHECKED 4 0
[   354.47 ] D: CHECKED 5 1
[   354.49 ] D: CHECKED 4 0
[   354.49 ] D: CHECKED 5 1
[   354.49 ] D: CHECKED 4 0
[   354.49 ] D: CHECKED 5 1
[   354.49 ] D: CHECKED 4 0
[   354.49 ] D: CHECKED 5 1
[   354.50 ] D: CHECKED 4 0
[   354.50 ] D: CHECKED 5 1
[   354.50 ] D: CHECKED 4 0
[   354.50 ] D: CHECKED 5 1
[   354.50 ] D: CHECKED 4 0
[   354.50 ] D: CHECKED 5 1
[   354.52 ] D: CHECKED 4 0
[   354.52 ] D: CHECKED 5 1
[   354.52 ] D: CHECKED 4 0
[   354.52 ] D: CHECKED 5 1
[   354.52 ] D: CHECKED 4 0
[   354.52 ] D: CHECKED 5 1
[   354.54 ] D: CHECKED 4 0
[   354.54 ] D: CHECKED 5 1
[   354.54 ] D: CHECKED 4 0
[   354.54 ] D: CHECKED 5 1
[   354.54 ] D: CHECKED 4 0
[   354.54 ] D: CHECKED 5 1
[   354.56 ] D: CHECKED 4 0
[   354.56 ] D: CHECKED 5 1
[   354.56 ] D: CHECKED 4 0
[   354.56 ] D: CHECKED 5 1
[   354.56 ] D: CHECKED 4 0
[   354.56 ] D: CHECKED 5 1
[   354.57 ] D: CHECKED 4 0
[   354.57 ] D: CHECKED 5 1
[   354.57 ] D: CHECKED 4 0
[   354.57 ] D: CHECKED 5 1
[   354.57 ] D: CHECKED 4 0
[   354.57 ] D: CHECKED 5 1
[   354.59 ] D: CHECKED 4 0
[   354.59 ] D: CHECKED 5 1
[   354.59 ] D: CHECKED 4 0
[   354.59 ] D: CHECKED 5 1
[   354.59 ] D: CHECKED 4 0
[   354.59 ] D: CHECKED 5 1
[   354.61 ] D: CHECKED 4 0
[   354.61 ] D: CHECKED 5 1
[   354.61 ] D: CHECKED 4 0
[   354.61 ] D: CHECKED 5 1
[   354.61 ] D: CHECKED 4 0
[   354.61 ] D: CHECKED 5 1
[   354.63 ] D: CHECKED 4 0
[   354.63 ] D: CHECKED 5 1
[   354.63 ] D: CHECKED 4 0
[   354.63 ] D: CHECKED 5 1
[   354.63 ] D: AsyncFileReader 4 9
[   354.63 ] D: CHECKED 4 0
[   354.63 ] D: CHECKED 5 1
[   354.64 ] D: CHECKED 4 0
[   354.64 ] D: CHECKED 5 1
[   354.64 ] D: CHECKED 4 0
[   354.64 ] D: CHECKED 5 1
[   354.64 ] D: CHECKED 4 0
[   354.64 ] D: CHECKED 5 1
[   354.66 ] D: CHECKED 4 0
[   354.66 ] D: CHECKED 5 1
[   354.66 ] D: CHECKED 4 0
[   354.66 ] D: CHECKED 5 1
[   354.66 ] D: CHECKED 4 0
[   354.66 ] D: CHECKED 5 1
[   354.68 ] D: CHECKED 4 0
[   354.68 ] D: CHECKED 5 1
[   354.68 ] D: CHECKED 4 0
[   354.68 ] D: CHECKED 5 1
[   354.68 ] D: CHECKED 4 0
[   354.68 ] D: CHECKED 5 1
[   354.70 ] D: CHECKED 4 0
[   354.70 ] D: CHECKED 5 1
[   354.70 ] D: CHECKED 4 0
[   354.70 ] D: CHECKED 5 1
[   354.70 ] D: CHECKED 4 0
[   354.70 ] D: CHECKED 5 1
[   354.71 ] D: CHECKED 4 0
[   354.71 ] D: CHECKED 5 1
[   354.71 ] D: CHECKED 4 0
[   354.71 ] D: CHECKED 5 1
[   354.71 ] D: CHECKED 4 0
[   354.71 ] D: CHECKED 5 1
[   354.73 ] D: CHECKED 4 0
[   354.73 ] D: CHECKED 5 1
[   354.73 ] D: CHECKED 4 0
[   354.73 ] D: CHECKED 5 1
[   354.73 ] D: CHECKED 4 0
[   354.73 ] D: CHECKED 5 1
[   354.75 ] D: CHECKED 4 0
[   354.75 ] D: CHECKED 5 1
[   354.75 ] D: CHECKED 4 0
[   354.75 ] D: CHECKED 5 1
[   354.75 ] D: CHECKED 4 0
[   354.75 ] D: CHECKED 5 1
[   354.77 ] D: CHECKED 4 0
[   354.77 ] D: CHECKED 5 1
[   354.77 ] D: CHECKED 4 0
[   354.77 ] D: CHECKED 5 1
[   354.77 ] D: CHECKED 4 0
[   354.77 ] D: CHECKED 5 1
[   354.78 ] D: CHECKED 4 0
[   354.78 ] D: CHECKED 5 1
[   354.78 ] D: CHECKED 4 0
[   354.78 ] D: CHECKED 5 1
[   354.78 ] D: CHECKED 4 0
[   354.78 ] D: CHECKED 5 1
[   354.80 ] D: CHECKED 4 0
[   354.80 ] D: CHECKED 5 1
[   354.80 ] D: CHECKED 4 0
[   354.80 ] D: CHECKED 5 1
[   354.80 ] D: CHECKED 4 0
[   354.80 ] D: CHECKED 5 1
[   354.82 ] D: CHECKED 4 0
[   354.82 ] D: CHECKED 5 1
[   354.82 ] D: CHECKED 4 0
[   354.82 ] D: CHECKED 5 1
[   354.82 ] D: CHECKED 4 0
[   354.82 ] D: CHECKED 5 1
[   354.84 ] D: CHECKED 4 0
[   354.84 ] D: CHECKED 5 1
[   354.84 ] D: CHECKED 4 0
[   354.84 ] D: CHECKED 5 1
[   354.84 ] D: CHECKED 4 0
[   354.84 ] D: CHECKED 5 1
[   354.85 ] D: CHECKED 4 0
[   354.85 ] D: CHECKED 5 1
[   354.85 ] D: CHECKED 4 0
[   354.85 ] D: CHECKED 5 1
[   354.85 ] D: CHECKED 4 0
[   354.85 ] D: CHECKED 5 1
[   354.87 ] D: CHECKED 4 0
[   354.87 ] D: CHECKED 5 1
[   354.87 ] D: CHECKED 4 0
[   354.87 ] D: CHECKED 5 1
[   354.87 ] D: CHECKED 4 0
[   354.87 ] D: CHECKED 5 1
[   354.89 ] D: CHECKED 4 0
[   354.89 ] D: CHECKED 5 1
[   354.89 ] D: CHECKED 4 0
[   354.89 ] D: CHECKED 5 1
[   354.89 ] D: CHECKED 4 0
[   354.89 ] D: CHECKED 5 1
[   354.91 ] D: CHECKED 4 0
[   354.91 ] D: CHECKED 5 1
[   354.91 ] D: CHECKED 4 0
[   354.91 ] D: CHECKED 5 1
[   354.91 ] D: CHECKED 4 0
[   354.91 ] D: CHECKED 5 1
[   354.92 ] D: CHECKED 4 0
[   354.92 ] D: CHECKED 5 1
[   354.92 ] D: CHECKED 4 0
[   354.92 ] D: CHECKED 5 1
[   354.92 ] D: CHECKED 4 0
[   354.92 ] D: CHECKED 5 1
[   354.94 ] D: CHECKED 4 0
[   354.94 ] D: CHECKED 5 1
[   354.94 ] D: CHECKED 4 0
[   354.94 ] D: CHECKED 5 1
[   354.94 ] D: CHECKED 4 0
[   354.94 ] D: CHECKED 5 1
[   354.96 ] D: CHECKED 4 0
[   354.96 ] D: CHECKED 5 1
[   354.96 ] D: CHECKED 4 0
[   354.96 ] D: CHECKED 5 1
[   354.96 ] D: CHECKED 4 0
[   354.96 ] D: CHECKED 5 1
[   354.98 ] D: CHECKED 4 0
[   354.98 ] D: CHECKED 5 1
[   354.98 ] D: CHECKED 4 0
[   354.98 ] D: CHECKED 5 1
[   354.98 ] D: CHECKED 4 0
[   354.98 ] D: CHECKED 5 1
[   354.99 ] D: CHECKED 4 0
[   354.99 ] D: CHECKED 5 1
[   354.99 ] D: CHECKED 4 0
[   354.99 ] D: CHECKED 5 1
[   354.99 ] D: CHECKED 4 0
[   354.99 ] D: CHECKED 5 1
[   355.01 ] D: CHECKED 4 0
[   355.01 ] D: CHECKED 5 1
[   355.01 ] D: CHECKED 4 0
[   355.01 ] D: CHECKED 5 1
[   355.01 ] D: CHECKED 4 0
[   355.01 ] D: CHECKED 5 1
[   355.03 ] D: CHECKED 4 0
[   355.03 ] D: CHECKED 5 1
[   355.03 ] D: CHECKED 4 0
[   355.03 ] D: CHECKED 5 1
[   355.03 ] D: CHECKED 4 0
[   355.03 ] D: CHECKED 5 1
[   355.05 ] D: CHECKED 4 0
[   355.05 ] D: CHECKED 5 1
[   355.05 ] D: CHECKED 4 0
[   355.05 ] D: CHECKED 5 1
[   355.05 ] D: CHECKED 4 0
[   355.05 ] D: CHECKED 5 1
[   355.06 ] D: CHECKED 4 0
[   355.06 ] D: CHECKED 5 1
[   355.06 ] D: CHECKED 4 0
[   355.06 ] D: CHECKED 5 1
[   355.06 ] D: CHECKED 4 0
[   355.06 ] D: CHECKED 5 1
[   355.08 ] D: CHECKED 4 0
[   355.08 ] D: CHECKED 5 1
[   355.08 ] D: CHECKED 4 0
[   355.08 ] D: CHECKED 5 1
[   355.08 ] D: CHECKED 4 0
[   355.08 ] D: CHECKED 5 1
[   355.10 ] D: CHECKED 4 0
[   355.10 ] D: CHECKED 5 1
[   355.10 ] D: CHECKED 4 0
[   355.10 ] D: CHECKED 5 1
[   355.10 ] D: CHECKED 4 0
[   355.10 ] D: CHECKED 5 1
[   355.11 ] D: CHECKED 4 0
[   355.11 ] D: CHECKED 5 1
[   355.11 ] D: CHECKED 4 0
[   355.11 ] D: CHECKED 5 1
[   355.11 ] D: CHECKED 4 0
[   355.11 ] D: CHECKED 5 1
[   355.13 ] D: CHECKED 4 0
[   355.13 ] D: CHECKED 5 1
[   355.13 ] D: CHECKED 4 0
[   355.13 ] D: CHECKED 5 1
[   355.13 ] D: CHECKED 4 0
[   355.13 ] D: CHECKED 5 1
[   355.15 ] D: CHECKED 4 0
[   355.15 ] D: CHECKED 5 1
[   355.15 ] D: CHECKED 4 0
[   355.15 ] D: CHECKED 5 1
[   355.15 ] D: CHECKED 4 0
[   355.15 ] D: CHECKED 5 1
[   355.17 ] D: CHECKED 4 0
[   355.17 ] D: CHECKED 5 1
[   355.17 ] D: CHECKED 4 0
[   355.17 ] D: CHECKED 5 1
[   355.17 ] D: CHECKED 4 0
[   355.17 ] D: CHECKED 5 1
[   355.18 ] D: CHECKED 4 0
[   355.18 ] D: CHECKED 5 1
[   355.18 ] D: CHECKED 4 0
[   355.18 ] D: CHECKED 5 1
[   355.18 ] D: CHECKED 4 0
[   355.18 ] D: CHECKED 5 1
[   355.20 ] D: CHECKED 4 0
[   355.20 ] D: CHECKED 5 1
[   355.20 ] D: CHECKED 4 0
[   355.20 ] D: CHECKED 5 1
[   355.20 ] D: CHECKED 4 0
[   355.20 ] D: CHECKED 5 1
[   355.22 ] D: CHECKED 4 0
[   355.22 ] D: CHECKED 5 1
[   355.22 ] D: CHECKED 4 0
[   355.22 ] D: CHECKED 5 1
[   355.22 ] D: CHECKED 4 0
[   355.22 ] D: CHECKED 5 1
[   355.24 ] D: CHECKED 4 0
[   355.24 ] D: CHECKED 5 1
[   355.24 ] D: CHECKED 4 0
[   355.24 ] D: CHECKED 5 1
[   355.24 ] D: CHECKED 4 0
[   355.24 ] D: CHECKED 5 1
[   355.25 ] D: CHECKED 4 0
[   355.25 ] D: CHECKED 5 1
[   355.25 ] D: CHECKED 4 0
[   355.25 ] D: CHECKED 5 1
[   355.25 ] D: CHECKED 4 0
[   355.25 ] D: CHECKED 5 1
[   355.27 ] D: CHECKED 4 0
[   355.27 ] D: CHECKED 5 1
[   355.27 ] D: CHECKED 4 0
[   355.27 ] D: CHECKED 5 1
[   355.27 ] D: CHECKED 4 0
[   355.27 ] D: CHECKED 5 1
[   355.29 ] D: CHECKED 4 0
[   355.29 ] D: CHECKED 5 1
[   355.29 ] D: CHECKED 4 0
[   355.29 ] D: CHECKED 5 1
[   355.29 ] D: CHECKED 4 0
[   355.29 ] D: CHECKED 5 1
[   355.31 ] D: CHECKED 4 0
[   355.31 ] D: CHECKED 5 1
[   355.31 ] D: CHECKED 4 0
[   355.31 ] D: CHECKED 5 1
[   355.31 ] D: CHECKED 4 0
[   355.31 ] D: CHECKED 5 1
[   355.32 ] D: CHECKED 4 0
[   355.32 ] D: CHECKED 5 1
[   355.32 ] D: CHECKED 4 0
[   355.32 ] D: CHECKED 5 1
[   355.32 ] D: CHECKED 4 0
[   355.32 ] D: CHECKED 5 1
[   355.34 ] D: CHECKED 4 0
[   355.34 ] D: CHECKED 5 1
[   355.34 ] D: CHECKED 4 0
[   355.34 ] D: CHECKED 5 1
[   355.34 ] D: CHECKED 4 0
[   355.34 ] D: CHECKED 5 1
[   355.36 ] D: CHECKED 4 0
[   355.36 ] D: CHECKED 5 1
[   355.36 ] D: CHECKED 4 0
[   355.36 ] D: CHECKED 5 1
[   355.36 ] D: CHECKED 4 0
[   355.36 ] D: CHECKED 5 1
[   355.38 ] D: CHECKED 4 0
[   355.38 ] D: CHECKED 5 1
[   355.38 ] D: CHECKED 4 0
[   355.38 ] D: CHECKED 5 1
[   355.38 ] D: CHECKED 4 0
[   355.38 ] D: CHECKED 5 1
[   355.39 ] D: CHECKED 4 0
[   355.39 ] D: CHECKED 5 1
[   355.39 ] D: CHECKED 4 0
[   355.39 ] D: CHECKED 5 1
[   355.39 ] D: CHECKED 4 0
[   355.39 ] D: CHECKED 5 1
[   355.41 ] D: CHECKED 4 0
[   355.41 ] D: CHECKED 5 1
[   355.41 ] D: CHECKED 4 0
[   355.41 ] D: CHECKED 5 1
[   355.41 ] D: CHECKED 4 0
[   355.41 ] D: CHECKED 5 1
[   355.43 ] D: CHECKED 4 0
[   355.43 ] D: CHECKED 5 1
[   355.43 ] D: CHECKED 4 0
[   355.43 ] D: CHECKED 5 1
[   355.43 ] D: CHECKED 4 0
[   355.43 ] D: CHECKED 5 1
[   355.45 ] D: CHECKED 4 0
[   355.45 ] D: CHECKED 5 1
[   355.45 ] D: CHECKED 4 0
[   355.45 ] D: CHECKED 5 1
[   355.45 ] D: CHECKED 4 0
[   355.45 ] D: CHECKED 5 1
[   355.46 ] D: CHECKED 4 0
[   355.46 ] D: CHECKED 5 1
[   355.46 ] D: CHECKED 4 0
[   355.46 ] D: CHECKED 5 1
[   355.46 ] D: CHECKED 4 0
[   355.46 ] D: CHECKED 5 1
[   355.48 ] D: CHECKED 4 0
[   355.48 ] D: CHECKED 5 1
[   355.48 ] D: CHECKED 4 0
[   355.48 ] D: CHECKED 5 1
[   355.48 ] D: CHECKED 4 0
[   355.48 ] D: CHECKED 5 1
[   355.50 ] D: CHECKED 4 0
[   355.50 ] D: CHECKED 5 1
[   355.50 ] D: CHECKED 4 0
[   355.50 ] D: CHECKED 5 1
[   355.50 ] D: CHECKED 4 0
[   355.50 ] D: CHECKED 5 1
[   355.52 ] D: CHECKED 4 0
[   355.52 ] D: CHECKED 5 1
[   355.52 ] D: CHECKED 4 0
[   355.52 ] D: CHECKED 5 1
[   355.52 ] D: CHECKED 4 0
[   355.52 ] D: CHECKED 5 1
[   355.53 ] D: CHECKED 4 0
[   355.53 ] D: CHECKED 5 1
[   355.53 ] D: CHECKED 4 0
[   355.53 ] D: CHECKED 5 1
[   355.53 ] D: CHECKED 4 0
[   355.53 ] D: CHECKED 5 1
[   355.55 ] D: CHECKED 4 0
[   355.55 ] D: CHECKED 5 1
[   355.55 ] D: CHECKED 4 0
[   355.55 ] D: CHECKED 5 1
[   355.55 ] D: CHECKED 4 0
[   355.55 ] D: CHECKED 5 1
[   355.57 ] D: CHECKED 4 0
[   355.57 ] D: CHECKED 5 1
[   355.57 ] D: CHECKED 4 0
[   355.57 ] D: CHECKED 5 1
[   355.57 ] D: CHECKED 4 0
[   355.57 ] D: CHECKED 5 1
[   355.59 ] D: CHECKED 4 0
[   355.59 ] D: CHECKED 5 1
[   355.59 ] D: CHECKED 4 0
[   355.59 ] D: CHECKED 5 1
[   355.59 ] D: CHECKED 4 0
[   355.59 ] D: CHECKED 5 1
[   355.60 ] D: CHECKED 4 0
[   355.60 ] D: CHECKED 5 1
[   355.60 ] D: CHECKED 4 0
[   355.60 ] D: CHECKED 5 1
[   355.60 ] D: CHECKED 4 0
[   355.60 ] D: CHECKED 5 1
[   355.62 ] D: CHECKED 4 0
[   355.62 ] D: CHECKED 5 1
[   355.62 ] D: CHECKED 4 0
[   355.62 ] D: CHECKED 5 1
[   355.62 ] D: CHECKED 4 0
[   355.62 ] D: CHECKED 5 1
[   355.64 ] D: CHECKED 4 0
[   355.64 ] D: CHECKED 5 1
[   355.64 ] D: CHECKED 4 0
[   355.64 ] D: CHECKED 5 1
[   355.64 ] D: CHECKED 4 0
[   355.64 ] D: CHECKED 5 1
[   355.65 ] D: CHECKED 4 0
[   355.65 ] D: CHECKED 5 1
[   355.65 ] D: CHECKED 4 0
[   355.65 ] D: CHECKED 5 1
[   355.65 ] D: CHECKED 4 0
[   355.65 ] D: CHECKED 5 1
[   355.67 ] D: CHECKED 4 0
[   355.67 ] D: CHECKED 5 1
[   355.67 ] D: CHECKED 4 0
[   355.67 ] D: CHECKED 5 1
[   355.67 ] D: CHECKED 4 0
[   355.67 ] D: CHECKED 5 1
[   355.69 ] D: CHECKED 4 0
[   355.69 ] D: CHECKED 5 1
[   355.69 ] D: CHECKED 4 0
[   355.69 ] D: CHECKED 5 1
[   355.69 ] D: CHECKED 4 0
[   355.69 ] D: CHECKED 5 1
[   355.71 ] D: CHECKED 4 0
[   355.71 ] D: CHECKED 5 1
[   355.71 ] D: CHECKED 4 0
[   355.71 ] D: CHECKED 5 1
[   355.71 ] D: CHECKED 4 0
[   355.71 ] D: CHECKED 5 1
[   355.72 ] D: CHECKED 4 0
[   355.72 ] D: CHECKED 5 1
[   355.72 ] D: CHECKED 4 0
[   355.72 ] D: CHECKED 5 1
[   355.72 ] D: CHECKED 4 0
[   355.72 ] D: CHECKED 5 1
[   355.74 ] D: CHECKED 4 0
[   355.74 ] D: CHECKED 5 1
[   355.74 ] D: CHECKED 4 0
[   355.74 ] D: CHECKED 5 1
[   355.74 ] D: CHECKED 4 0
[   355.74 ] D: CHECKED 5 1
[   355.76 ] D: CHECKED 4 0
[   355.76 ] D: CHECKED 5 1
[   355.76 ] D: CHECKED 4 0
[   355.76 ] D: CHECKED 5 1
[   355.76 ] D: CHECKED 4 0
[   355.76 ] D: CHECKED 5 1
[   355.78 ] D: CHECKED 4 0
[   355.78 ] D: CHECKED 5 1
[   355.78 ] D: CHECKED 4 0
[   355.78 ] D: CHECKED 5 1
[   355.78 ] D: CHECKED 4 0
[   355.78 ] D: CHECKED 5 1
[   355.79 ] D: CHECKED 4 0
[   355.79 ] D: CHECKED 5 1
[   355.79 ] D: CHECKED 4 0
[   355.79 ] D: CHECKED 5 1
[   355.79 ] D: CHECKED 4 0
[   355.79 ] D: CHECKED 5 1
[   355.81 ] D: CHECKED 4 0
[   355.81 ] D: CHECKED 5 1
[   355.81 ] D: CHECKED 4 0
[   355.81 ] D: CHECKED 5 1
[   355.81 ] D: CHECKED 4 0
[   355.81 ] D: CHECKED 5 1
[   355.83 ] D: CHECKED 4 0
[   355.83 ] D: CHECKED 5 1
[   355.83 ] D: CHECKED 4 0
[   355.83 ] D: CHECKED 5 1
[   355.83 ] D: CHECKED 4 0
[   355.83 ] D: CHECKED 5 1
[   355.85 ] D: CHECKED 4 0
[   355.85 ] D: CHECKED 5 1
[   355.85 ] D: CHECKED 4 0
[   355.85 ] D: CHECKED 5 1
[   355.85 ] D: CHECKED 4 0
[   355.85 ] D: CHECKED 5 1
[   355.86 ] D: CHECKED 4 0
[   355.86 ] D: CHECKED 5 1
[   355.86 ] D: CHECKED 4 0
[   355.86 ] D: CHECKED 5 1
[   355.86 ] D: CHECKED 4 0
[   355.86 ] D: CHECKED 5 1
[   355.88 ] D: CHECKED 4 0
[   355.88 ] D: CHECKED 5 1
[   355.88 ] D: CHECKED 4 0
[   355.88 ] D: CHECKED 5 1
[   355.88 ] D: CHECKED 4 0
[   355.88 ] D: CHECKED 5 1
[   355.90 ] D: CHECKED 4 0
[   355.90 ] D: CHECKED 5 1
[   355.90 ] D: CHECKED 4 0
[   355.90 ] D: CHECKED 5 1
[   355.90 ] D: CHECKED 4 0
[   355.90 ] D: CHECKED 5 1
[   355.92 ] D: CHECKED 4 0
[   355.92 ] D: CHECKED 5 1
[   355.92 ] D: CHECKED 4 0
[   355.92 ] D: CHECKED 5 1
[   355.92 ] D: CHECKED 4 0
[   355.92 ] D: CHECKED 5 1
[   355.93 ] D: CHECKED 4 0
[   355.93 ] D: CHECKED 5 1
[   355.93 ] D: CHECKED 4 0
[   355.93 ] D: CHECKED 5 1
[   355.93 ] D: CHECKED 4 0
[   355.93 ] D: CHECKED 5 1
[   355.95 ] D: CHECKED 4 0
[   355.95 ] D: CHECKED 5 1
[   355.95 ] D: CHECKED 4 0
[   355.95 ] D: CHECKED 5 1
[   355.95 ] D: CHECKED 4 0
[   355.95 ] D: CHECKED 5 1
[   355.97 ] D: CHECKED 4 0
[   355.97 ] D: CHECKED 5 1
[   355.97 ] D: CHECKED 4 0
[   355.97 ] D: CHECKED 5 1
[   355.97 ] D: CHECKED 4 0
[   355.97 ] D: CHECKED 5 1
[   355.99 ] D: CHECKED 4 0
[   355.99 ] D: CHECKED 5 1
[   355.99 ] D: CHECKED 4 0
[   355.99 ] D: CHECKED 5 1
[   355.99 ] D: CHECKED 4 0
[   355.99 ] D: CHECKED 5 1
[   356.00 ] D: CHECKED 4 0
[   356.00 ] D: CHECKED 5 1
[   356.00 ] D: CHECKED 4 0
[   356.00 ] D: CHECKED 5 1
[   356.00 ] D: CHECKED 4 0
[   356.00 ] D: CHECKED 5 1
[   356.02 ] D: CHECKED 4 0
[   356.02 ] D: CHECKED 5 1
[   356.02 ] D: CHECKED 4 0
[   356.02 ] D: CHECKED 5 1
[   356.02 ] D: CHECKED 4 0
[   356.02 ] D: CHECKED 5 1
[   356.04 ] D: CHECKED 4 0
[   356.04 ] D: CHECKED 5 1
[   356.04 ] D: CHECKED 4 0
[   356.04 ] D: CHECKED 5 1
[   356.04 ] D: CHECKED 4 0
[   356.04 ] D: CHECKED 5 1
[   356.06 ] D: CHECKED 4 0
[   356.06 ] D: CHECKED 5 1
[   356.06 ] D: CHECKED 4 0
[   356.06 ] D: CHECKED 5 1
[   356.06 ] D: CHECKED 4 0
[   356.06 ] D: CHECKED 5 1
[   356.07 ] D: CHECKED 4 0
[   356.07 ] D: CHECKED 5 1
[   356.07 ] D: CHECKED 4 0
[   356.07 ] D: CHECKED 5 1
[   356.07 ] D: CHECKED 4 0
[   356.07 ] D: CHECKED 5 1
[   356.09 ] D: CHECKED 4 0
[   356.09 ] D: CHECKED 5 1
[   356.09 ] D: CHECKED 4 0
[   356.09 ] D: CHECKED 5 1
[   356.09 ] D: CHECKED 4 0
[   356.09 ] D: CHECKED 5 1
[   356.11 ] D: CHECKED 4 0
[   356.11 ] D: CHECKED 5 1
[   356.11 ] D: CHECKED 4 0
[   356.11 ] D: CHECKED 5 1
[   356.11 ] D: CHECKED 4 0
[   356.11 ] D: CHECKED 5 1
[   356.12 ] D: AsyncFileReader 0 10
[   356.12 ] D: CHECKED 4 0
[   356.12 ] D: CHECKED 5 1
[   356.12 ] D: CHECKED 4 0
[   356.12 ] D: CHECKED 5 1
[   356.12 ] D: CHECKED 4 0
[   356.12 ] D: CHECKED 5 1
[   356.14 ] D: CHECKED 4 0
[   356.14 ] D: CHECKED 5 1
[   356.14 ] D: CHECKED 4 0
[   356.14 ] D: CHECKED 5 1
[   356.14 ] D: CHECKED 4 0
[   356.14 ] D: CHECKED 5 1
[   356.16 ] D: CHECKED 4 0
[   356.16 ] D: CHECKED 5 1
[   356.16 ] D: CHECKED 4 0
[   356.16 ] D: CHECKED 5 1
[   356.16 ] D: CHECKED 4 0
[   356.16 ] D: CHECKED 5 1
[   356.18 ] D: CHECKED 4 0
[   356.18 ] D: CHECKED 5 1
[   356.18 ] D: CHECKED 4 0
[   356.18 ] D: CHECKED 5 1
[   356.18 ] D: CHECKED 4 0
[   356.18 ] D: CHECKED 5 1
[   356.19 ] D: CHECKED 4 0
[   356.19 ] D: CHECKED 5 1
[   356.19 ] D: CHECKED 4 0
[   356.19 ] D: CHECKED 5 1
[   356.19 ] D: CHECKED 4 0
[   356.19 ] D: CHECKED 5 1
[   356.21 ] D: CHECKED 4 0
[   356.21 ] D: CHECKED 5 1
[   356.21 ] D: CHECKED 4 0
[   356.21 ] D: CHECKED 5 1
[   356.21 ] D: CHECKED 4 0
[   356.21 ] D: CHECKED 5 1
[   356.23 ] D: CHECKED 4 0
[   356.23 ] D: CHECKED 5 1
[   356.23 ] D: CHECKED 4 0
[   356.23 ] D: CHECKED 5 1
[   356.23 ] D: CHECKED 4 0
[   356.23 ] D: CHECKED 5 1
[   356.25 ] D: CHECKED 4 0
[   356.25 ] D: CHECKED 5 1
[   356.25 ] D: CHECKED 4 0
[   356.25 ] D: CHECKED 5 1
[   356.25 ] D: CHECKED 4 0
[   356.25 ] D: CHECKED 5 1
[   356.26 ] D: CHECKED 4 0
[   356.26 ] D: CHECKED 5 1
[   356.26 ] D: CHECKED 4 0
[   356.26 ] D: CHECKED 5 1
[   356.26 ] D: CHECKED 4 0
[   356.26 ] D: CHECKED 5 1
[   356.28 ] D: CHECKED 4 0
[   356.28 ] D: CHECKED 5 1
[   356.28 ] D: CHECKED 4 0
[   356.28 ] D: CHECKED 5 1
[   356.28 ] D: CHECKED 4 0
[   356.28 ] D: CHECKED 5 1
[   356.30 ] D: CHECKED 4 0
[   356.30 ] D: CHECKED 5 1
[   356.30 ] D: CHECKED 4 0
[   356.30 ] D: CHECKED 5 1
[   356.30 ] D: CHECKED 4 0
[   356.30 ] D: CHECKED 5 1
[   356.32 ] D: CHECKED 4 0
[   356.32 ] D: CHECKED 5 1
[   356.32 ] D: CHECKED 4 0
[   356.32 ] D: CHECKED 5 1
[   356.32 ] D: CHECKED 4 0
[   356.32 ] D: CHECKED 5 1
[   356.33 ] D: CHECKED 4 0
[   356.33 ] D: CHECKED 5 1
[   356.33 ] D: CHECKED 4 0
[   356.33 ] D: CHECKED 5 1
[   356.33 ] D: CHECKED 4 0
[   356.33 ] D: CHECKED 5 1
[   356.35 ] D: CHECKED 4 0
[   356.35 ] D: CHECKED 5 1
[   356.35 ] D: CHECKED 4 0
[   356.35 ] D: CHECKED 5 1
[   356.35 ] D: CHECKED 4 0
[   356.35 ] D: CHECKED 5 1
[   356.37 ] D: CHECKED 4 0
[   356.37 ] D: CHECKED 5 1
[   356.37 ] D: CHECKED 4 0
[   356.37 ] D: CHECKED 5 1
[   356.37 ] D: CHECKED 4 0
[   356.37 ] D: CHECKED 5 1
[   356.39 ] D: CHECKED 4 0
[   356.39 ] D: CHECKED 5 1
[   356.39 ] D: CHECKED 4 0
[   356.39 ] D: CHECKED 5 1
[   356.39 ] D: CHECKED 4 0
[   356.39 ] D: CHECKED 5 1
[   356.40 ] D: CHECKED 4 0
[   356.40 ] D: CHECKED 5 1
[   356.40 ] D: CHECKED 4 0
[   356.40 ] D: CHECKED 5 1
[   356.40 ] D: CHECKED 4 0
[   356.40 ] D: CHECKED 5 1
[   356.42 ] D: CHECKED 4 0
[   356.42 ] D: CHECKED 5 1
[   356.42 ] D: CHECKED 4 0
[   356.42 ] D: CHECKED 5 1
[   356.42 ] D: CHECKED 4 0
[   356.42 ] D: CHECKED 5 1
[   356.44 ] D: CHECKED 4 0
[   356.44 ] D: CHECKED 5 1
[   356.44 ] D: CHECKED 4 0
[   356.44 ] D: CHECKED 5 1
[   356.44 ] D: CHECKED 4 0
[   356.44 ] D: CHECKED 5 1
[   356.46 ] D: CHECKED 4 0
[   356.46 ] D: CHECKED 5 1
[   356.46 ] D: CHECKED 4 0
[   356.46 ] D: CHECKED 5 1
[   356.46 ] D: CHECKED 4 0
[   356.46 ] D: CHECKED 5 1
[   356.47 ] D: CHECKED 4 0
[   356.47 ] D: CHECKED 5 1
[   356.47 ] D: CHECKED 4 0
[   356.47 ] D: CHECKED 5 1
[   356.47 ] D: CHECKED 4 0
[   356.47 ] D: CHECKED 5 1
[   356.49 ] D: CHECKED 4 0
[   356.49 ] D: CHECKED 5 1
[   356.49 ] D: CHECKED 4 0
[   356.49 ] D: CHECKED 5 1
[   356.49 ] D: CHECKED 4 0
[   356.49 ] D: CHECKED 5 1
[   356.51 ] D: CHECKED 4 0
[   356.51 ] D: CHECKED 5 1
[   356.51 ] D: CHECKED 4 0
[   356.51 ] D: CHECKED 5 1
[   356.51 ] D: CHECKED 4 0
[   356.51 ] D: CHECKED 5 1
[   356.53 ] D: CHECKED 4 0
[   356.53 ] D: CHECKED 5 1
[   356.53 ] D: CHECKED 4 0
[   356.53 ] D: CHECKED 5 1
[   356.53 ] D: CHECKED 4 0
[   356.53 ] D: CHECKED 5 1
[   356.54 ] D: CHECKED 4 0
[   356.54 ] D: CHECKED 5 1
[   356.54 ] D: CHECKED 4 0
[   356.54 ] D: CHECKED 5 1
[   356.54 ] D: CHECKED 4 0
[   356.54 ] D: CHECKED 5 1
[   356.56 ] D: CHECKED 4 0
[   356.56 ] D: CHECKED 5 1
[   356.56 ] D: CHECKED 4 0
[   356.56 ] D: CHECKED 5 1
[   356.56 ] D: CHECKED 4 0
[   356.56 ] D: CHECKED 5 1
[   356.58 ] D: CHECKED 4 0
[   356.58 ] D: CHECKED 5 1
[   356.58 ] D: CHECKED 4 0
[   356.58 ] D: CHECKED 5 1
[   356.58 ] D: CHECKED 4 0
[   356.58 ] D: CHECKED 5 1
[   356.60 ] D: CHECKED 4 0
[   356.60 ] D: CHECKED 5 1
[   356.60 ] D: CHECKED 4 0
[   356.60 ] D: CHECKED 5 1
[   356.60 ] D: CHECKED 4 0
[   356.60 ] D: CHECKED 5 1
[   356.61 ] D: CHECKED 4 0
[   356.61 ] D: CHECKED 5 1
[   356.61 ] D: CHECKED 4 0
[   356.61 ] D: CHECKED 5 1
[   356.61 ] D: CHECKED 4 0
[   356.61 ] D: CHECKED 5 1
[   356.63 ] D: CHECKED 4 0
[   356.63 ] D: CHECKED 5 1
[   356.63 ] D: CHECKED 4 0
[   356.63 ] D: CHECKED 5 1
[   356.63 ] D: CHECKED 4 0
[   356.63 ] D: CHECKED 5 1
[   356.65 ] D: CHECKED 4 0
[   356.65 ] D: CHECKED 5 1
[   356.65 ] D: CHECKED 4 0
[   356.65 ] D: CHECKED 5 1
[   356.65 ] D: CHECKED 4 0
[   356.65 ] D: CHECKED 5 1
[   356.66 ] D: CHECKED 4 0
[   356.66 ] D: CHECKED 5 1
[   356.66 ] D: CHECKED 4 0
[   356.66 ] D: CHECKED 5 1
[   356.66 ] D: CHECKED 4 0
[   356.66 ] D: CHECKED 5 1
[   356.68 ] D: CHECKED 4 0
[   356.68 ] D: CHECKED 5 1
[   356.68 ] D: CHECKED 4 0
[   356.68 ] D: CHECKED 5 1
[   356.68 ] D: CHECKED 4 0
[   356.68 ] D: CHECKED 5 1
[   356.70 ] D: CHECKED 4 0
[   356.70 ] D: CHECKED 5 1
[   356.70 ] D: CHECKED 4 0
[   356.70 ] D: CHECKED 5 1
[   356.70 ] D: CHECKED 4 0
[   356.70 ] D: CHECKED 5 1
[   356.72 ] D: CHECKED 4 0
[   356.72 ] D: CHECKED 5 1
[   356.72 ] D: CHECKED 4 0
[   356.72 ] D: CHECKED 5 1
[   356.72 ] D: CHECKED 4 0
[   356.72 ] D: CHECKED 5 1
[   356.73 ] D: CHECKED 4 0
[   356.73 ] D: CHECKED 5 1
[   356.73 ] D: CHECKED 4 0
[   356.73 ] D: CHECKED 5 1
[   356.73 ] D: CHECKED 4 0
[   356.73 ] D: CHECKED 5 1
[   356.75 ] D: CHECKED 4 0
[   356.75 ] D: CHECKED 5 1
[   356.75 ] D: CHECKED 4 0
[   356.75 ] D: CHECKED 5 1
[   356.75 ] D: CHECKED 4 0
[   356.75 ] D: CHECKED 5 1
[   356.77 ] D: CHECKED 4 0
[   356.77 ] D: CHECKED 5 1
[   356.77 ] D: CHECKED 4 0
[   356.77 ] D: CHECKED 5 1
[   356.77 ] D: CHECKED 4 0
[   356.77 ] D: CHECKED 5 1
[   356.79 ] D: CHECKED 4 0
[   356.79 ] D: CHECKED 5 1
[   356.79 ] D: CHECKED 4 0
[   356.79 ] D: CHECKED 5 1
[   356.79 ] D: CHECKED 4 0
[   356.79 ] D: CHECKED 5 1
[   356.80 ] D: CHECKED 4 0
[   356.80 ] D: CHECKED 5 1
[   356.80 ] D: CHECKED 4 0
[   356.80 ] D: CHECKED 5 1
[   356.80 ] D: CHECKED 4 0
[   356.80 ] D: CHECKED 5 1
[   356.82 ] D: CHECKED 4 0
[   356.82 ] D: CHECKED 5 1
[   356.82 ] D: CHECKED 4 0
[   356.82 ] D: CHECKED 5 1
[   356.82 ] D: CHECKED 4 0
[   356.82 ] D: CHECKED 5 1
[   356.84 ] D: CHECKED 4 0
[   356.84 ] D: CHECKED 5 1
[   356.84 ] D: CHECKED 4 0
[   356.84 ] D: CHECKED 5 1
[   356.84 ] D: CHECKED 4 0
[   356.84 ] D: CHECKED 5 1
[   356.86 ] D: CHECKED 4 0
[   356.86 ] D: CHECKED 5 1
[   356.86 ] D: CHECKED 4 0
[   356.86 ] D: CHECKED 5 1
[   356.86 ] D: CHECKED 4 0
[   356.86 ] D: CHECKED 5 1
[   356.87 ] D: CHECKED 4 0
[   356.87 ] D: CHECKED 5 1
[   356.87 ] D: CHECKED 4 0
[   356.87 ] D: CHECKED 5 1
[   356.87 ] D: CHECKED 4 0
[   356.87 ] D: CHECKED 5 1
[   356.89 ] D: CHECKED 4 0
[   356.89 ] D: CHECKED 5 1
[   356.89 ] D: CHECKED 4 0
[   356.89 ] D: CHECKED 5 1
[   356.89 ] D: CHECKED 4 0
[   356.89 ] D: CHECKED 5 1
[   356.91 ] D: CHECKED 4 0
[   356.91 ] D: CHECKED 5 1
[   356.91 ] D: CHECKED 4 0
[   356.91 ] D: CHECKED 5 1
[   356.91 ] D: CHECKED 4 0
[   356.91 ] D: CHECKED 5 1
[   356.93 ] D: CHECKED 4 0
[   356.93 ] D: CHECKED 5 1
[   356.93 ] D: CHECKED 4 0
[   356.93 ] D: CHECKED 5 1
[   356.93 ] D: CHECKED 4 0
[   356.93 ] D: CHECKED 5 1
[   356.94 ] D: CHECKED 4 0
[   356.94 ] D: CHECKED 5 1
[   356.94 ] D: CHECKED 4 0
[   356.94 ] D: CHECKED 5 1
[   356.94 ] D: CHECKED 4 0
[   356.94 ] D: CHECKED 5 1
[   356.96 ] D: CHECKED 4 0
[   356.96 ] D: CHECKED 5 1
[   356.96 ] D: CHECKED 4 0
[   356.96 ] D: CHECKED 5 1
[   356.96 ] D: CHECKED 4 0
[   356.96 ] D: CHECKED 5 1
[   356.98 ] D: CHECKED 4 0
[   356.98 ] D: CHECKED 5 1
[   356.98 ] D: CHECKED 4 0
[   356.98 ] D: CHECKED 5 1
[   356.98 ] D: CHECKED 4 0
[   356.98 ] D: CHECKED 5 1
[   357.00 ] D: CHECKED 4 0
[   357.00 ] D: CHECKED 5 1
[   357.00 ] D: CHECKED 4 0
[   357.00 ] D: CHECKED 5 1
[   357.00 ] D: CHECKED 4 0
[   357.00 ] D: CHECKED 5 1
[   357.01 ] D: CHECKED 4 0
[   357.01 ] D: CHECKED 5 1
[   357.01 ] D: CHECKED 4 0
[   357.01 ] D: CHECKED 5 1
[   357.01 ] D: CHECKED 4 0
[   357.01 ] D: CHECKED 5 1
[   357.03 ] D: CHECKED 4 0
[   357.03 ] D: CHECKED 5 1
[   357.03 ] D: CHECKED 4 0
[   357.03 ] D: CHECKED 5 1
[   357.03 ] D: CHECKED 4 0
[   357.03 ] D: CHECKED 5 1
[   357.05 ] D: CHECKED 4 0
[   357.05 ] D: CHECKED 5 1
[   357.05 ] D: CHECKED 4 0
[   357.05 ] D: CHECKED 5 1
[   357.05 ] D: CHECKED 4 0
[   357.05 ] D: CHECKED 5 1
[   357.07 ] D: CHECKED 4 0
[   357.07 ] D: CHECKED 5 1
[   357.07 ] D: CHECKED 4 0
[   357.07 ] D: CHECKED 5 1
[   357.07 ] D: CHECKED 4 0
[   357.07 ] D: CHECKED 5 1
[   357.08 ] D: CHECKED 4 0
[   357.08 ] D: CHECKED 5 1
[   357.08 ] D: CHECKED 4 0
[   357.08 ] D: CHECKED 5 1
[   357.08 ] D: CHECKED 4 0
[   357.08 ] D: CHECKED 5 1
[   357.10 ] D: CHECKED 4 0
[   357.10 ] D: CHECKED 5 1
[   357.10 ] D: CHECKED 4 0
[   357.10 ] D: CHECKED 5 1
[   357.10 ] D: CHECKED 4 0
[   357.10 ] D: CHECKED 5 1
[   357.12 ] D: CHECKED 4 0
[   357.12 ] D: CHECKED 5 1
[   357.12 ] D: CHECKED 4 0
[   357.12 ] D: CHECKED 5 1
[   357.12 ] D: CHECKED 4 0
[   357.12 ] D: CHECKED 5 1
[   357.13 ] D: CHECKED 4 0
[   357.13 ] D: CHECKED 5 1
[   357.13 ] D: CHECKED 4 0
[   357.13 ] D: CHECKED 5 1
[   357.13 ] D: CHECKED 4 0
[   357.13 ] D: CHECKED 5 1
[   357.15 ] D: CHECKED 4 0
[   357.15 ] D: CHECKED 5 1
[   357.15 ] D: CHECKED 4 0
[   357.15 ] D: CHECKED 5 1
[   357.15 ] D: CHECKED 4 0
[   357.15 ] D: CHECKED 5 1
[   357.17 ] D: CHECKED 4 0
[   357.17 ] D: CHECKED 5 1
[   357.17 ] D: CHECKED 4 0
[   357.17 ] D: CHECKED 5 1
[   357.17 ] D: CHECKED 4 0
[   357.17 ] D: CHECKED 5 1
[   357.19 ] D: CHECKED 4 0
[   357.19 ] D: CHECKED 5 1
[   357.19 ] D: CHECKED 4 0
[   357.19 ] D: CHECKED 5 1
[   357.19 ] D: CHECKED 4 0
[   357.19 ] D: CHECKED 5 1
[   357.20 ] D: CHECKED 4 0
[   357.20 ] D: CHECKED 5 1
[   357.20 ] D: CHECKED 4 0
[   357.20 ] D: CHECKED 5 1
[   357.20 ] D: CHECKED 4 0
[   357.20 ] D: CHECKED 5 1
[   357.22 ] D: CHECKED 4 0
[   357.22 ] D: CHECKED 5 1
[   357.22 ] D: CHECKED 4 0
[   357.22 ] D: CHECKED 5 1
[   357.22 ] D: CHECKED 4 0
[   357.22 ] D: CHECKED 5 1
[   357.24 ] D: CHECKED 4 0
[   357.24 ] D: CHECKED 5 1
[   357.24 ] D: CHECKED 4 0
[   357.24 ] D: CHECKED 5 1
[   357.24 ] D: CHECKED 4 0
[   357.24 ] D: CHECKED 5 1
[   357.26 ] D: CHECKED 4 0
[   357.26 ] D: CHECKED 5 1
[   357.26 ] D: CHECKED 4 0
[   357.26 ] D: CHECKED 5 1
[   357.26 ] D: CHECKED 4 0
[   357.26 ] D: CHECKED 5 1
[   357.27 ] D: CHECKED 4 0
[   357.27 ] D: CHECKED 5 1
[   357.27 ] D: CHECKED 4 0
[   357.27 ] D: CHECKED 5 1
[   357.27 ] D: CHECKED 4 0
[   357.27 ] D: CHECKED 5 1
[   357.29 ] D: CHECKED 4 0
[   357.29 ] D: CHECKED 5 1
[   357.29 ] D: CHECKED 4 0
[   357.29 ] D: CHECKED 5 1
[   357.29 ] D: CHECKED 4 0
[   357.29 ] D: CHECKED 5 1
[   357.31 ] D: CHECKED 4 0
[   357.31 ] D: CHECKED 5 1
[   357.31 ] D: CHECKED 4 0
[   357.31 ] D: CHECKED 5 1
[   357.31 ] D: CHECKED 4 0
[   357.31 ] D: CHECKED 5 1
[   357.33 ] D: CHECKED 4 0
[   357.33 ] D: CHECKED 5 1
[   357.33 ] D: CHECKED 4 0
[   357.33 ] D: CHECKED 5 1
[   357.33 ] D: CHECKED 4 0
[   357.33 ] D: CHECKED 5 1
[   357.34 ] D: CHECKED 4 0
[   357.34 ] D: CHECKED 5 1
[   357.34 ] D: CHECKED 4 0
[   357.34 ] D: CHECKED 5 1
[   357.34 ] D: CHECKED 4 0
[   357.34 ] D: CHECKED 5 1
[   357.36 ] D: CHECKED 4 0
[   357.36 ] D: CHECKED 5 1
[   357.36 ] D: CHECKED 4 0
[   357.36 ] D: CHECKED 5 1
[   357.36 ] D: CHECKED 4 0
[   357.36 ] D: CHECKED 5 1
[   357.38 ] D: CHECKED 4 0
[   357.38 ] D: CHECKED 5 1
[   357.38 ] D: CHECKED 4 0
[   357.38 ] D: CHECKED 5 1
[   357.38 ] D: CHECKED 4 0
[   357.38 ] D: CHECKED 5 1
[   357.40 ] D: CHECKED 4 0
[   357.40 ] D: CHECKED 5 1
[   357.40 ] D: CHECKED 4 0
[   357.40 ] D: CHECKED 5 1
[   357.40 ] D: CHECKED 4 0
[   357.40 ] D: CHECKED 5 1
[   357.41 ] D: CHECKED 4 0
[   357.41 ] D: CHECKED 5 1
[   357.41 ] D: CHECKED 4 0
[   357.41 ] D: CHECKED 5 1
[   357.41 ] D: CHECKED 4 0
[   357.41 ] D: CHECKED 5 1
[   357.43 ] D: CHECKED 4 0
[   357.43 ] D: CHECKED 5 1
[   357.43 ] D: CHECKED 4 0
[   357.43 ] D: CHECKED 5 1
[   357.43 ] D: CHECKED 4 0
[   357.43 ] D: CHECKED 5 1
[   357.45 ] D: CHECKED 4 0
[   357.45 ] D: CHECKED 5 1
[   357.45 ] D: CHECKED 4 0
[   357.45 ] D: CHECKED 5 1
[   357.45 ] D: CHECKED 4 0
[   357.45 ] D: CHECKED 5 1
[   357.47 ] D: CHECKED 4 0
[   357.47 ] D: CHECKED 5 1
[   357.47 ] D: CHECKED 4 0
[   357.47 ] D: CHECKED 5 1
[   357.47 ] D: CHECKED 4 0
[   357.47 ] D: CHECKED 5 1
[   357.48 ] D: CHECKED 4 0
[   357.48 ] D: CHECKED 5 1
[   357.48 ] D: CHECKED 4 0
[   357.48 ] D: CHECKED 5 1
[   357.48 ] D: CHECKED 4 0
[   357.48 ] D: CHECKED 5 1
[   357.50 ] D: CHECKED 4 0
[   357.50 ] D: CHECKED 5 1
[   357.50 ] D: CHECKED 4 0
[   357.50 ] D: CHECKED 5 1
[   357.50 ] D: CHECKED 4 0
[   357.50 ] D: CHECKED 5 1
[   357.52 ] D: CHECKED 4 0
[   357.52 ] D: CHECKED 5 1
[   357.52 ] D: CHECKED 4 0
[   357.52 ] D: CHECKED 5 1
[   357.52 ] D: CHECKED 4 0
[   357.52 ] D: CHECKED 5 1
[   357.54 ] D: CHECKED 4 0
[   357.54 ] D: CHECKED 5 1
[   357.54 ] D: CHECKED 4 0
[   357.54 ] D: CHECKED 5 1
[   357.54 ] D: CHECKED 4 0
[   357.54 ] D: CHECKED 5 1
[   357.55 ] D: CHECKED 4 0
[   357.55 ] D: CHECKED 5 1
[   357.55 ] D: CHECKED 4 0
[   357.55 ] D: CHECKED 5 1
[   357.55 ] D: CHECKED 4 0
[   357.55 ] D: CHECKED 5 1
[   357.57 ] D: CHECKED 4 0
[   357.57 ] D: CHECKED 5 1
[   357.57 ] D: CHECKED 4 0
[   357.57 ] D: CHECKED 5 1
[   357.57 ] D: CHECKED 4 0
[   357.57 ] D: CHECKED 5 1
[   357.59 ] D: CHECKED 4 0
[   357.59 ] D: CHECKED 5 1
[   357.59 ] D: CHECKED 4 0
[   357.59 ] D: CHECKED 5 1
[   357.59 ] D: CHECKED 4 0
[   357.59 ] D: CHECKED 5 1
[   357.61 ] D: CHECKED 4 0
[   357.61 ] D: CHECKED 5 1
[   357.61 ] D: AsyncFileReader 1 11
[   357.61 ] D: CHECKED 4 0
[   357.61 ] D: CHECKED 5 1
[   357.61 ] D: CHECKED 4 0
[   357.61 ] D: CHECKED 5 1
[   357.62 ] D: CHECKED 4 0
[   357.62 ] D: CHECKED 5 1
[   357.62 ] D: CHECKED 4 0
[   357.62 ] D: CHECKED 5 1
[   357.62 ] D: CHECKED 4 0
[   357.62 ] D: CHECKED 5 1
[   357.64 ] D: CHECKED 4 0
[   357.64 ] D: CHECKED 5 1
[   357.64 ] D: CHECKED 4 0
[   357.64 ] D: CHECKED 5 1
[   357.64 ] D: CHECKED 4 0
[   357.64 ] D: CHECKED 5 1
[   357.66 ] D: CHECKED 4 0
[   357.66 ] D: CHECKED 5 1
[   357.66 ] D: CHECKED 4 0
[   357.66 ] D: CHECKED 5 1
[   357.66 ] D: CHECKED 4 0
[   357.66 ] D: CHECKED 5 1
[   357.67 ] D: CHECKED 4 0
[   357.67 ] D: CHECKED 5 1
[   357.67 ] D: CHECKED 4 0
[   357.67 ] D: CHECKED 5 1
[   357.67 ] D: CHECKED 4 0
[   357.67 ] D: CHECKED 5 1
[   357.69 ] D: CHECKED 4 0
[   357.69 ] D: CHECKED 5 1
[   357.69 ] D: CHECKED 4 0
[   357.69 ] D: CHECKED 5 1
[   357.69 ] D: CHECKED 4 0
[   357.69 ] D: CHECKED 5 1
[   357.71 ] D: CHECKED 4 0
[   357.71 ] D: CHECKED 5 1
[   357.71 ] D: CHECKED 4 0
[   357.71 ] D: CHECKED 5 1
[   357.71 ] D: CHECKED 4 0
[   357.71 ] D: CHECKED 5 1
[   357.73 ] D: CHECKED 4 0
[   357.73 ] D: CHECKED 5 1
[   357.73 ] D: CHECKED 4 0
[   357.73 ] D: CHECKED 5 1
[   357.73 ] D: CHECKED 4 0
[   357.73 ] D: CHECKED 5 1
[   357.74 ] D: CHECKED 4 0
[   357.74 ] D: CHECKED 5 1
[   357.74 ] D: CHECKED 4 0
[   357.74 ] D: CHECKED 5 1
[   357.74 ] D: CHECKED 4 0
[   357.74 ] D: CHECKED 5 1
[   357.76 ] D: CHECKED 4 0
[   357.76 ] D: CHECKED 5 1
[   357.76 ] D: CHECKED 4 0
[   357.76 ] D: CHECKED 5 1
[   357.76 ] D: CHECKED 4 0
[   357.76 ] D: CHECKED 5 1
[   357.78 ] D: CHECKED 4 0
[   357.78 ] D: CHECKED 5 1
[   357.78 ] D: CHECKED 4 0
[   357.78 ] D: CHECKED 5 1
[   357.78 ] D: CHECKED 4 0
[   357.78 ] D: CHECKED 5 1
[   357.80 ] D: CHECKED 4 0
[   357.80 ] D: CHECKED 5 1
[   357.80 ] D: CHECKED 4 0
[   357.80 ] D: CHECKED 5 1
[   357.80 ] D: CHECKED 4 0
[   357.80 ] D: CHECKED 5 1
[   357.81 ] D: CHECKED 4 0
[   357.81 ] D: CHECKED 5 1
[   357.81 ] D: CHECKED 4 0
[   357.81 ] D: CHECKED 5 1
[   357.81 ] D: CHECKED 4 0
[   357.81 ] D: CHECKED 5 1
[   357.83 ] D: CHECKED 4 0
[   357.83 ] D: CHECKED 5 1
[   357.83 ] D: CHECKED 4 0
[   357.83 ] D: CHECKED 5 1
[   357.83 ] D: CHECKED 4 0
[   357.83 ] D: CHECKED 5 1
[   357.85 ] D: CHECKED 4 0
[   357.85 ] D: CHECKED 5 1
[   357.85 ] D: CHECKED 4 0
[   357.85 ] D: CHECKED 5 1
[   357.85 ] D: CHECKED 4 0
[   357.85 ] D: CHECKED 5 1
[   357.87 ] D: CHECKED 4 0
[   357.87 ] D: CHECKED 5 1
[   357.87 ] D: CHECKED 4 0
[   357.87 ] D: CHECKED 5 1
[   357.87 ] D: CHECKED 4 0
[   357.87 ] D: CHECKED 5 1
[   357.88 ] D: CHECKED 4 0
[   357.88 ] D: CHECKED 5 1
[   357.88 ] D: CHECKED 4 0
[   357.88 ] D: CHECKED 5 1
[   357.88 ] D: CHECKED 4 0
[   357.88 ] D: CHECKED 5 1
[   357.90 ] D: CHECKED 4 0
[   357.90 ] D: CHECKED 5 1
[   357.90 ] D: CHECKED 4 0
[   357.90 ] D: CHECKED 5 1
[   357.90 ] D: CHECKED 4 0
[   357.90 ] D: CHECKED 5 1
[   357.92 ] D: CHECKED 4 0
[   357.92 ] D: CHECKED 5 1
[   357.92 ] D: CHECKED 4 0
[   357.92 ] D: CHECKED 5 1
[   357.92 ] D: CHECKED 4 0
[   357.92 ] D: CHECKED 5 1
[   357.94 ] D: CHECKED 4 0
[   357.94 ] D: CHECKED 5 1
[   357.94 ] D: CHECKED 4 0
[   357.94 ] D: CHECKED 5 1
[   357.94 ] D: CHECKED 4 0
[   357.94 ] D: CHECKED 5 1
[   357.95 ] D: CHECKED 4 0
[   357.95 ] D: CHECKED 5 1
[   357.95 ] D: CHECKED 4 0
[   357.95 ] D: CHECKED 5 1
[   357.95 ] D: CHECKED 4 0
[   357.95 ] D: CHECKED 5 1
[   357.97 ] D: CHECKED 4 0
[   357.97 ] D: CHECKED 5 1
[   357.97 ] D: CHECKED 4 0
[   357.97 ] D: CHECKED 5 1
[   357.97 ] D: CHECKED 4 0
[   357.97 ] D: CHECKED 5 1
[   357.99 ] D: CHECKED 4 0
[   357.99 ] D: CHECKED 5 1
[   357.99 ] D: CHECKED 4 0
[   357.99 ] D: CHECKED 5 1
[   357.99 ] D: CHECKED 4 0
[   357.99 ] D: CHECKED 5 1
[   358.01 ] D: CHECKED 4 0
[   358.01 ] D: CHECKED 5 1
[   358.01 ] D: CHECKED 4 0
[   358.01 ] D: CHECKED 5 1
[   358.01 ] D: CHECKED 4 0
[   358.01 ] D: CHECKED 5 1
[   358.02 ] D: CHECKED 4 0
[   358.02 ] D: CHECKED 5 1
[   358.02 ] D: CHECKED 4 0
[   358.02 ] D: CHECKED 5 1
[   358.02 ] D: CHECKED 4 0
[   358.02 ] D: CHECKED 5 1
[   358.04 ] D: CHECKED 4 0
[   358.04 ] D: CHECKED 5 1
[   358.04 ] D: CHECKED 4 0
[   358.04 ] D: CHECKED 5 1
[   358.04 ] D: CHECKED 4 0
[   358.04 ] D: CHECKED 5 1
[   358.06 ] D: CHECKED 4 0
[   358.06 ] D: CHECKED 5 1
[   358.06 ] D: CHECKED 4 0
[   358.06 ] D: CHECKED 5 1
[   358.06 ] D: CHECKED 4 0
[   358.06 ] D: CHECKED 5 1
[   358.08 ] D: CHECKED 4 0
[   358.08 ] D: CHECKED 5 1
[   358.08 ] D: CHECKED 4 0
[   358.08 ] D: CHECKED 5 1
[   358.08 ] D: CHECKED 4 0
[   358.08 ] D: CHECKED 5 1
[   358.09 ] D: CHECKED 4 0
[   358.09 ] D: CHECKED 5 1
[   358.09 ] D: CHECKED 4 0
[   358.09 ] D: CHECKED 5 1
[   358.09 ] D: CHECKED 4 0
[   358.09 ] D: CHECKED 5 1
[   358.11 ] D: CHECKED 4 0
[   358.11 ] D: CHECKED 5 1
[   358.11 ] D: CHECKED 4 0
[   358.11 ] D: CHECKED 5 1
[   358.11 ] D: CHECKED 4 0
[   358.11 ] D: CHECKED 5 1
[   358.13 ] D: CHECKED 4 0
[   358.13 ] D: CHECKED 5 1
[   358.13 ] D: CHECKED 4 0
[   358.13 ] D: CHECKED 5 1
[   358.13 ] D: CHECKED 4 0
[   358.13 ] D: CHECKED 5 1
[   358.15 ] D: CHECKED 4 0
[   358.15 ] D: CHECKED 5 1
[   358.15 ] D: CHECKED 4 0
[   358.15 ] D: CHECKED 5 1
[   358.15 ] D: CHECKED 4 0
[   358.15 ] D: CHECKED 5 1
[   358.16 ] D: CHECKED 4 0
[   358.16 ] D: CHECKED 5 1
[   358.16 ] D: CHECKED 4 0
[   358.16 ] D: CHECKED 5 1
[   358.16 ] D: CHECKED 4 0
[   358.16 ] D: CHECKED 5 1
[   358.18 ] D: CHECKED 4 0
[   358.18 ] D: CHECKED 5 1
[   358.18 ] D: CHECKED 4 0
[   358.18 ] D: CHECKED 5 1
[   358.18 ] D: CHECKED 4 0
[   358.18 ] D: CHECKED 5 1
[   358.20 ] D: CHECKED 4 0
[   358.20 ] D: CHECKED 5 1
[   358.20 ] D: CHECKED 4 0
[   358.20 ] D: CHECKED 5 1
[   358.20 ] D: CHECKED 4 0
[   358.20 ] D: CHECKED 5 1
[   358.21 ] D: CHECKED 4 0
[   358.21 ] D: CHECKED 5 1
[   358.21 ] D: CHECKED 4 0
[   358.21 ] D: CHECKED 5 1
[   358.21 ] D: CHECKED 4 0
[   358.21 ] D: CHECKED 5 1
[   358.23 ] D: CHECKED 4 0
[   358.23 ] D: CHECKED 5 1
[   358.23 ] D: CHECKED 4 0
[   358.23 ] D: CHECKED 5 1
[   358.23 ] D: CHECKED 4 0
[   358.23 ] D: CHECKED 5 1
[   358.25 ] D: CHECKED 4 0
[   358.25 ] D: CHECKED 5 1
[   358.25 ] D: CHECKED 4 0
[   358.25 ] D: CHECKED 5 1
[   358.25 ] D: CHECKED 4 0
[   358.25 ] D: CHECKED 5 1
[   358.27 ] D: CHECKED 4 0
[   358.27 ] D: CHECKED 5 1
[   358.27 ] D: CHECKED 4 0
[   358.27 ] D: CHECKED 5 1
[   358.27 ] D: CHECKED 4 0
[   358.27 ] D: CHECKED 5 1
[   358.28 ] D: CHECKED 4 0
[   358.28 ] D: CHECKED 5 1
[   358.28 ] D: CHECKED 4 0
[   358.28 ] D: CHECKED 5 1
[   358.28 ] D: CHECKED 4 0
[   358.28 ] D: CHECKED 5 1
[   358.30 ] D: CHECKED 4 0
[   358.30 ] D: CHECKED 5 1
[   358.30 ] D: CHECKED 4 0
[   358.30 ] D: CHECKED 5 1
[   358.30 ] D: CHECKED 4 0
[   358.30 ] D: CHECKED 5 1
[   358.32 ] D: CHECKED 4 0
[   358.32 ] D: CHECKED 5 1
[   358.32 ] D: CHECKED 4 0
[   358.32 ] D: CHECKED 5 1
[   358.32 ] D: CHECKED 4 0
[   358.32 ] D: CHECKED 5 1
[   358.34 ] D: CHECKED 4 0
[   358.34 ] D: CHECKED 5 1
[   358.34 ] D: CHECKED 4 0
[   358.34 ] D: CHECKED 5 1
[   358.34 ] D: CHECKED 4 0
[   358.34 ] D: CHECKED 5 1
[   358.35 ] D: CHECKED 4 0
[   358.35 ] D: CHECKED 5 1
[   358.35 ] D: CHECKED 4 0
[   358.35 ] D: CHECKED 5 1
[   358.35 ] D: CHECKED 4 0
[   358.35 ] D: CHECKED 5 1
[   358.37 ] D: CHECKED 4 0
[   358.37 ] D: CHECKED 5 1
[   358.37 ] D: CHECKED 4 0
[   358.37 ] D: CHECKED 5 1
[   358.37 ] D: CHECKED 4 0
[   358.37 ] D: CHECKED 5 1
[   358.39 ] D: CHECKED 4 0
[   358.39 ] D: CHECKED 5 1
[   358.39 ] D: CHECKED 4 0
[   358.39 ] D: CHECKED 5 1
[   358.39 ] D: CHECKED 4 0
[   358.39 ] D: CHECKED 5 1
[   358.41 ] D: CHECKED 4 0
[   358.41 ] D: CHECKED 5 1
[   358.41 ] D: CHECKED 4 0
[   358.41 ] D: CHECKED 5 1
[   358.41 ] D: CHECKED 4 0
[   358.41 ] D: CHECKED 5 1
[   358.42 ] D: CHECKED 4 0
[   358.42 ] D: CHECKED 5 1
[   358.42 ] D: CHECKED 4 0
[   358.42 ] D: CHECKED 5 1
[   358.42 ] D: CHECKED 4 0
[   358.42 ] D: CHECKED 5 1
[   358.44 ] D: CHECKED 4 0
[   358.44 ] D: CHECKED 5 1
[   358.44 ] D: CHECKED 4 0
[   358.44 ] D: CHECKED 5 1
[   358.44 ] D: CHECKED 4 0
[   358.44 ] D: CHECKED 5 1
[   358.46 ] D: CHECKED 4 0
[   358.46 ] D: CHECKED 5 1
[   358.46 ] D: CHECKED 4 0
[   358.46 ] D: CHECKED 5 1
[   358.46 ] D: CHECKED 4 0
[   358.46 ] D: CHECKED 5 1
[   358.48 ] D: CHECKED 4 0
[   358.48 ] D: CHECKED 5 1
[   358.48 ] D: CHECKED 4 0
[   358.48 ] D: CHECKED 5 1
[   358.48 ] D: CHECKED 4 0
[   358.48 ] D: CHECKED 5 1
[   358.49 ] D: CHECKED 4 0
[   358.49 ] D: CHECKED 5 1
[   358.49 ] D: CHECKED 4 0
[   358.49 ] D: CHECKED 5 1
[   358.49 ] D: CHECKED 4 0
[   358.49 ] D: CHECKED 5 1
[   358.51 ] D: CHECKED 4 0
[   358.51 ] D: CHECKED 5 1
[   358.51 ] D: CHECKED 4 0
[   358.51 ] D: CHECKED 5 1
[   358.51 ] D: CHECKED 4 0
[   358.51 ] D: CHECKED 5 1
[   358.53 ] D: CHECKED 4 0
[   358.53 ] D: CHECKED 5 1
[   358.53 ] D: CHECKED 4 0
[   358.53 ] D: CHECKED 5 1
[   358.53 ] D: CHECKED 4 0
[   358.53 ] D: CHECKED 5 1
[   358.55 ] D: CHECKED 4 0
[   358.55 ] D: CHECKED 5 1
[   358.55 ] D: CHECKED 4 0
[   358.55 ] D: CHECKED 5 1
[   358.55 ] D: CHECKED 4 0
[   358.55 ] D: CHECKED 5 1
[   358.56 ] D: CHECKED 4 0
[   358.56 ] D: CHECKED 5 1
[   358.56 ] D: CHECKED 4 0
[   358.56 ] D: CHECKED 5 1
[   358.56 ] D: CHECKED 4 0
[   358.56 ] D: CHECKED 5 1
[   358.58 ] D: CHECKED 4 0
[   358.58 ] D: CHECKED 5 1
[   358.58 ] D: CHECKED 4 0
[   358.58 ] D: CHECKED 5 1
[   358.58 ] D: CHECKED 4 0
[   358.58 ] D: CHECKED 5 1
[   358.60 ] D: CHECKED 4 0
[   358.60 ] D: CHECKED 5 1
[   358.60 ] D: CHECKED 4 0
[   358.60 ] D: CHECKED 5 1
[   358.60 ] D: CHECKED 4 0
[   358.60 ] D: CHECKED 5 1
[   358.62 ] D: CHECKED 4 0
[   358.62 ] D: CHECKED 5 1
[   358.62 ] D: CHECKED 4 0
[   358.62 ] D: CHECKED 5 1
[   358.62 ] D: CHECKED 4 0
[   358.62 ] D: CHECKED 5 1
[   358.63 ] D: CHECKED 4 0
[   358.63 ] D: CHECKED 5 1
[   358.63 ] D: CHECKED 4 0
[   358.63 ] D: CHECKED 5 1
[   358.63 ] D: CHECKED 4 0
[   358.63 ] D: CHECKED 5 1
[   358.65 ] D: CHECKED 4 0
[   358.65 ] D: CHECKED 5 1
[   358.65 ] D: CHECKED 4 0
[   358.65 ] D: CHECKED 5 1
[   358.65 ] D: CHECKED 4 0
[   358.65 ] D: CHECKED 5 1
[   358.67 ] D: CHECKED 4 0
[   358.67 ] D: CHECKED 5 1
[   358.67 ] D: CHECKED 4 0
[   358.67 ] D: CHECKED 5 1
[   358.67 ] D: CHECKED 4 0
[   358.67 ] D: CHECKED 5 1
[   358.68 ] D: CHECKED 4 0
[   358.68 ] D: CHECKED 5 1
[   358.68 ] D: CHECKED 4 0
[   358.68 ] D: CHECKED 5 1
[   358.68 ] D: CHECKED 4 0
[   358.68 ] D: CHECKED 5 1
[   358.70 ] D: CHECKED 4 0
[   358.70 ] D: CHECKED 5 1
[   358.70 ] D: CHECKED 4 0
[   358.70 ] D: CHECKED 5 1
[   358.70 ] D: CHECKED 4 0
[   358.70 ] D: CHECKED 5 1
[   358.72 ] D: CHECKED 4 0
[   358.72 ] D: CHECKED 5 1
[   358.72 ] D: CHECKED 4 0
[   358.72 ] D: CHECKED 5 1
[   358.72 ] D: CHECKED 4 0
[   358.72 ] D: CHECKED 5 1
[   358.74 ] D: CHECKED 4 0
[   358.74 ] D: CHECKED 5 1
[   358.74 ] D: CHECKED 4 0
[   358.74 ] D: CHECKED 5 1
[   358.74 ] D: CHECKED 4 0
[   358.74 ] D: CHECKED 5 1
[   358.75 ] D: CHECKED 4 0
[   358.75 ] D: CHECKED 5 1
[   358.75 ] D: CHECKED 4 0
[   358.75 ] D: CHECKED 5 1
[   358.75 ] D: CHECKED 4 0
[   358.75 ] D: CHECKED 5 1
[   358.77 ] D: CHECKED 4 0
[   358.77 ] D: CHECKED 5 1
[   358.77 ] D: CHECKED 4 0
[   358.77 ] D: CHECKED 5 1
[   358.77 ] D: CHECKED 4 0
[   358.77 ] D: CHECKED 5 1
[   358.79 ] D: CHECKED 4 0
[   358.79 ] D: CHECKED 5 1
[   358.79 ] D: CHECKED 4 0
[   358.79 ] D: CHECKED 5 1
[   358.79 ] D: CHECKED 4 0
[   358.79 ] D: CHECKED 5 1
[   358.81 ] D: CHECKED 4 0
[   358.81 ] D: CHECKED 5 1
[   358.81 ] D: CHECKED 4 0
[   358.81 ] D: CHECKED 5 1
[   358.81 ] D: CHECKED 4 0
[   358.81 ] D: CHECKED 5 1
[   358.82 ] D: CHECKED 4 0
[   358.82 ] D: CHECKED 5 1
[   358.82 ] D: CHECKED 4 0
[   358.82 ] D: CHECKED 5 1
[   358.82 ] D: CHECKED 4 0
[   358.82 ] D: CHECKED 5 1
[   358.84 ] D: CHECKED 4 0
[   358.84 ] D: CHECKED 5 1
[   358.84 ] D: CHECKED 4 0
[   358.84 ] D: CHECKED 5 1
[   358.84 ] D: CHECKED 4 0
[   358.84 ] D: CHECKED 5 1
[   358.86 ] D: CHECKED 4 0
[   358.86 ] D: CHECKED 5 1
[   358.86 ] D: CHECKED 4 0
[   358.86 ] D: CHECKED 5 1
[   358.86 ] D: CHECKED 4 0
[   358.86 ] D: CHECKED 5 1
[   358.88 ] D: CHECKED 4 0
[   358.88 ] D: CHECKED 5 1
[   358.88 ] D: CHECKED 4 0
[   358.88 ] D: CHECKED 5 1
[   358.88 ] D: CHECKED 4 0
[   358.88 ] D: CHECKED 5 1
[   358.89 ] D: CHECKED 4 0
[   358.89 ] D: CHECKED 5 1
[   358.89 ] D: CHECKED 4 0
[   358.89 ] D: CHECKED 5 1
[   358.89 ] D: CHECKED 4 0
[   358.89 ] D: CHECKED 5 1
[   358.91 ] D: CHECKED 4 0
[   358.91 ] D: CHECKED 5 1
[   358.91 ] D: CHECKED 4 0
[   358.91 ] D: CHECKED 5 1
[   358.91 ] D: CHECKED 4 0
[   358.91 ] D: CHECKED 5 1
[   358.93 ] D: CHECKED 4 0
[   358.93 ] D: CHECKED 5 1
[   358.93 ] D: CHECKED 4 0
[   358.93 ] D: CHECKED 5 1
[   358.93 ] D: CHECKED 4 0
[   358.93 ] D: CHECKED 5 1
[   358.95 ] D: CHECKED 4 0
[   358.95 ] D: CHECKED 5 1
[   358.95 ] D: CHECKED 4 0
[   358.95 ] D: CHECKED 5 1
[   358.95 ] D: CHECKED 4 0
[   358.95 ] D: CHECKED 5 1
[   358.96 ] D: CHECKED 4 0
[   358.96 ] D: CHECKED 5 1
[   358.96 ] D: CHECKED 4 0
[   358.96 ] D: CHECKED 5 1
[   358.96 ] D: CHECKED 4 0
[   358.96 ] D: CHECKED 5 1
[   358.98 ] D: CHECKED 4 0
[   358.98 ] D: CHECKED 5 1
[   358.98 ] D: CHECKED 4 0
[   358.98 ] D: CHECKED 5 1
[   358.98 ] D: CHECKED 4 0
[   358.98 ] D: CHECKED 5 1
[   359.00 ] D: CHECKED 4 0
[   359.00 ] D: CHECKED 5 1
[   359.00 ] D: CHECKED 4 0
[   359.00 ] D: CHECKED 5 1
[   359.00 ] D: CHECKED 4 0
[   359.00 ] D: CHECKED 5 1
[   359.02 ] D: CHECKED 4 0
[   359.02 ] D: CHECKED 5 1
[   359.02 ] D: CHECKED 4 0
[   359.02 ] D: CHECKED 5 1
[   359.02 ] D: CHECKED 4 0
[   359.02 ] D: CHECKED 5 1
[   359.03 ] D: CHECKED 4 0
[   359.03 ] D: CHECKED 5 1
[   359.03 ] D: CHECKED 4 0
[   359.03 ] D: CHECKED 5 1
[   359.03 ] D: CHECKED 4 0
[   359.03 ] D: CHECKED 5 1
[   359.05 ] D: CHECKED 4 0
[   359.05 ] D: CHECKED 5 1
[   359.05 ] D: CHECKED 4 0
[   359.05 ] D: CHECKED 5 1
[   359.05 ] D: CHECKED 4 0
[   359.05 ] D: CHECKED 5 1
[   359.07 ] D: CHECKED 4 0
[   359.07 ] D: CHECKED 5 1
[   359.07 ] D: CHECKED 4 0
[   359.07 ] D: CHECKED 5 1
[   359.07 ] D: CHECKED 4 0
[   359.07 ] D: CHECKED 5 1
[   359.09 ] D: CHECKED 4 0
[   359.09 ] D: CHECKED 5 1
[   359.09 ] D: CHECKED 4 0
[   359.09 ] D: CHECKED 5 1
[   359.09 ] D: AsyncFileReader 2 11
[   359.09 ] D: CHECKED 4 0
[   359.09 ] D: CHECKED 5 1
[   359.10 ] D: CHECKED 4 0
[   359.10 ] D: CHECKED 5 1
[   359.10 ] D: CHECKED 4 0
[   359.10 ] D: CHECKED 5 1
[   359.10 ] D: CHECKED 4 0
[   359.10 ] D: CHECKED 5 1
[   359.12 ] D: CHECKED 4 0
[   359.12 ] D: CHECKED 5 1
[   359.12 ] D: CHECKED 4 0
[   359.12 ] D: CHECKED 5 1
[   359.12 ] D: CHECKED 4 0
[   359.12 ] D: CHECKED 5 1
[   359.14 ] D: CHECKED 4 0
[   359.14 ] D: CHECKED 5 1
[   359.14 ] D: CHECKED 4 0
[   359.14 ] D: CHECKED 5 1
[   359.14 ] D: CHECKED 4 0
[   359.14 ] D: CHECKED 5 1
[   359.16 ] D: CHECKED 4 0
[   359.16 ] D: CHECKED 5 1
[   359.16 ] D: CHECKED 4 0
[   359.16 ] D: CHECKED 5 1
[   359.16 ] D: CHECKED 4 0
[   359.16 ] D: CHECKED 5 1
[   359.17 ] D: CHECKED 4 0
[   359.17 ] D: CHECKED 5 1
[   359.17 ] D: CHECKED 4 0
[   359.17 ] D: CHECKED 5 1
[   359.17 ] D: CHECKED 4 0
[   359.17 ] D: CHECKED 5 1
[   359.19 ] D: CHECKED 4 0
[   359.19 ] D: CHECKED 5 1
[   359.19 ] D: CHECKED 4 0
[   359.19 ] D: CHECKED 5 1
[   359.19 ] D: CHECKED 4 0
[   359.19 ] D: CHECKED 5 1
[   359.21 ] D: CHECKED 4 0
[   359.21 ] D: CHECKED 5 1
[   359.21 ] D: CHECKED 4 0
[   359.21 ] D: CHECKED 5 1
[   359.21 ] D: CHECKED 4 0
[   359.21 ] D: CHECKED 5 1
[   359.22 ] D: CHECKED 4 0
[   359.22 ] D: CHECKED 5 1
[   359.22 ] D: CHECKED 4 0
[   359.22 ] D: CHECKED 5 1
[   359.22 ] D: CHECKED 4 0
[   359.22 ] D: CHECKED 5 1
[   359.24 ] D: CHECKED 4 0
[   359.24 ] D: CHECKED 5 1
[   359.24 ] D: CHECKED 4 0
[   359.24 ] D: CHECKED 5 1
[   359.24 ] D: CHECKED 4 0
[   359.24 ] D: CHECKED 5 1
[   359.26 ] D: CHECKED 4 0
[   359.26 ] D: CHECKED 5 1
[   359.26 ] D: CHECKED 4 0
[   359.26 ] D: CHECKED 5 1
[   359.26 ] D: CHECKED 4 0
[   359.26 ] D: CHECKED 5 1
[   359.28 ] D: CHECKED 4 0
[   359.28 ] D: CHECKED 5 1
[   359.28 ] D: CHECKED 4 0
[   359.28 ] D: CHECKED 5 1
[   359.28 ] D: CHECKED 4 0
[   359.28 ] D: CHECKED 5 1
[   359.29 ] D: CHECKED 4 0
[   359.29 ] D: CHECKED 5 1
[   359.29 ] D: CHECKED 4 0
[   359.29 ] D: CHECKED 5 1
[   359.29 ] D: CHECKED 4 0
[   359.29 ] D: CHECKED 5 1
[   359.31 ] D: CHECKED 4 0
[   359.31 ] D: CHECKED 5 1
[   359.31 ] D: CHECKED 4 0
[   359.31 ] D: CHECKED 5 1
[   359.31 ] D: CHECKED 4 0
[   359.31 ] D: CHECKED 5 1
[   359.33 ] D: CHECKED 4 0
[   359.33 ] D: CHECKED 5 1
[   359.33 ] D: CHECKED 4 0
[   359.33 ] D: CHECKED 5 1
[   359.33 ] D: CHECKED 4 0
[   359.33 ] D: CHECKED 5 1
[   359.35 ] D: CHECKED 4 0
[   359.35 ] D: CHECKED 5 1
[   359.35 ] D: CHECKED 4 0
[   359.35 ] D: CHECKED 5 1
[   359.35 ] D: CHECKED 4 0
[   359.35 ] D: CHECKED 5 1
[   359.36 ] D: CHECKED 4 0
[   359.36 ] D: CHECKED 5 1
[   359.36 ] D: CHECKED 4 0
[   359.36 ] D: CHECKED 5 1
[   359.36 ] D: CHECKED 4 0
[   359.36 ] D: CHECKED 5 1
[   359.38 ] D: CHECKED 4 0
[   359.38 ] D: CHECKED 5 1
[   359.38 ] D: CHECKED 4 0
[   359.38 ] D: CHECKED 5 1
[   359.38 ] D: CHECKED 4 0
[   359.38 ] D: CHECKED 5 1
[   359.40 ] D: CHECKED 4 0
[   359.40 ] D: CHECKED 5 1
[   359.40 ] D: CHECKED 4 0
[   359.40 ] D: CHECKED 5 1
[   359.40 ] D: CHECKED 4 0
[   359.40 ] D: CHECKED 5 1
[   359.42 ] D: CHECKED 4 0
[   359.42 ] D: CHECKED 5 1
[   359.42 ] D: CHECKED 4 0
[   359.42 ] D: CHECKED 5 1
[   359.42 ] D: CHECKED 4 0
[   359.42 ] D: CHECKED 5 1
[   359.43 ] D: CHECKED 4 0
[   359.43 ] D: CHECKED 5 1
[   359.43 ] D: CHECKED 4 0
[   359.43 ] D: CHECKED 5 1
[   359.43 ] D: CHECKED 4 0
[   359.43 ] D: CHECKED 5 1
[   359.45 ] D: CHECKED 4 0
[   359.45 ] D: CHECKED 5 1
[   359.45 ] D: CHECKED 4 0
[   359.45 ] D: CHECKED 5 1
[   359.45 ] D: CHECKED 4 0
[   359.45 ] D: CHECKED 5 1
[   359.47 ] D: CHECKED 4 0
[   359.47 ] D: CHECKED 5 1
[   359.47 ] D: CHECKED 4 0
[   359.47 ] D: CHECKED 5 1
[   359.47 ] D: CHECKED 4 0
[   359.47 ] D: CHECKED 5 1
[   359.49 ] D: CHECKED 4 0
[   359.49 ] D: CHECKED 5 1
[   359.49 ] D: CHECKED 4 0
[   359.49 ] D: CHECKED 5 1
[   359.49 ] D: CHECKED 4 0
[   359.49 ] D: CHECKED 5 1
[   359.50 ] D: CHECKED 4 0
[   359.50 ] D: CHECKED 5 1
[   359.50 ] D: CHECKED 4 0
[   359.50 ] D: CHECKED 5 1
[   359.50 ] D: CHECKED 4 0
[   359.50 ] D: CHECKED 5 1
[   359.52 ] D: CHECKED 4 0
[   359.52 ] D: CHECKED 5 1
[   359.52 ] D: CHECKED 4 0
[   359.52 ] D: CHECKED 5 1
[   359.52 ] D: CHECKED 4 0
[   359.52 ] D: CHECKED 5 1
[   359.54 ] D: CHECKED 4 0
[   359.54 ] D: CHECKED 5 1
[   359.54 ] D: CHECKED 4 0
[   359.54 ] D: CHECKED 5 1
[   359.54 ] D: CHECKED 4 0
[   359.54 ] D: CHECKED 5 1
[   359.56 ] D: CHECKED 4 0
[   359.56 ] D: CHECKED 5 1
[   359.56 ] D: CHECKED 4 0
[   359.56 ] D: CHECKED 5 1
[   359.56 ] D: CHECKED 4 0
[   359.56 ] D: CHECKED 5 1
[   359.57 ] D: CHECKED 4 0
[   359.57 ] D: CHECKED 5 1
[   359.57 ] D: CHECKED 4 0
[   359.57 ] D: CHECKED 5 1
[   359.57 ] D: CHECKED 4 0
[   359.57 ] D: CHECKED 5 1
[   359.59 ] D: CHECKED 4 0
[   359.59 ] D: CHECKED 5 1
[   359.59 ] D: CHECKED 4 0
[   359.59 ] D: CHECKED 5 1
[   359.59 ] D: CHECKED 4 0
[   359.59 ] D: CHECKED 5 1
[   359.61 ] D: CHECKED 4 0
[   359.61 ] D: CHECKED 5 1
[   359.61 ] D: CHECKED 4 0
[   359.61 ] D: CHECKED 5 1
[   359.61 ] D: CHECKED 4 0
[   359.61 ] D: CHECKED 5 1
[   359.63 ] D: CHECKED 4 0
[   359.63 ] D: CHECKED 5 1
[   359.63 ] D: CHECKED 4 0
[   359.63 ] D: CHECKED 5 1
[   359.63 ] D: CHECKED 4 0
[   359.63 ] D: CHECKED 5 1
[   359.64 ] D: CHECKED 4 0
[   359.64 ] D: CHECKED 5 1
[   359.64 ] D: CHECKED 4 0
[   359.64 ] D: CHECKED 5 1
[   359.64 ] D: CHECKED 4 0
[   359.64 ] D: CHECKED 5 1
[   359.66 ] D: CHECKED 4 0
[   359.66 ] D: CHECKED 5 1
[   359.66 ] D: CHECKED 4 0
[   359.66 ] D: CHECKED 5 1
[   359.66 ] D: CHECKED 4 0
[   359.66 ] D: CHECKED 5 1
[   359.68 ] D: CHECKED 4 0
[   359.68 ] D: CHECKED 5 1
[   359.68 ] D: CHECKED 4 0
[   359.68 ] D: CHECKED 5 1
[   359.68 ] D: CHECKED 4 0
[   359.68 ] D: CHECKED 5 1
[   359.69 ] D: CHECKED 4 0
[   359.69 ] D: CHECKED 5 1
[   359.69 ] D: CHECKED 4 0
[   359.69 ] D: CHECKED 5 1
[   359.69 ] D: CHECKED 4 0
[   359.69 ] D: CHECKED 5 1
[   359.71 ] D: CHECKED 4 0
[   359.71 ] D: CHECKED 5 1
[   359.71 ] D: CHECKED 4 0
[   359.71 ] D: CHECKED 5 1
[   359.71 ] D: CHECKED 4 0
[   359.71 ] D: CHECKED 5 1
[   359.73 ] D: CHECKED 4 0
[   359.73 ] D: CHECKED 5 1
[   359.73 ] D: CHECKED 4 0
[   359.73 ] D: CHECKED 5 1
[   359.73 ] D: CHECKED 4 0
[   359.73 ] D: CHECKED 5 1
[   359.75 ] D: CHECKED 4 0
[   359.75 ] D: CHECKED 5 1
[   359.75 ] D: CHECKED 4 0
[   359.75 ] D: CHECKED 5 1
[   359.75 ] D: CHECKED 4 0
[   359.75 ] D: CHECKED 5 1
[   359.76 ] D: CHECKED 4 0
[   359.76 ] D: CHECKED 5 1
[   359.76 ] D: CHECKED 4 0
[   359.76 ] D: CHECKED 5 1
[   359.76 ] D: CHECKED 4 0
[   359.76 ] D: CHECKED 5 1
[   359.78 ] D: CHECKED 4 0
[   359.78 ] D: CHECKED 5 1
[   359.78 ] D: CHECKED 4 0
[   359.78 ] D: CHECKED 5 1
[   359.78 ] D: CHECKED 4 0
[   359.78 ] D: CHECKED 5 1
[   359.80 ] D: CHECKED 4 0
[   359.80 ] D: CHECKED 5 1
[   359.80 ] D: CHECKED 4 0
[   359.80 ] D: CHECKED 5 1
[   359.80 ] D: CHECKED 4 0
[   359.80 ] D: CHECKED 5 1
[   359.82 ] D: CHECKED 4 0
[   359.82 ] D: CHECKED 5 1
[   359.82 ] D: CHECKED 4 0
[   359.82 ] D: CHECKED 5 1
[   359.82 ] D: CHECKED 4 0
[   359.82 ] D: CHECKED 5 1
[   359.83 ] D: CHECKED 4 0
[   359.83 ] D: CHECKED 5 1
[   359.83 ] D: CHECKED 4 0
[   359.83 ] D: CHECKED 5 1
[   359.83 ] D: CHECKED 4 0
[   359.83 ] D: CHECKED 5 1
[   359.85 ] D: CHECKED 4 0
[   359.85 ] D: CHECKED 5 1
[   359.85 ] D: CHECKED 4 0
[   359.85 ] D: CHECKED 5 1
[   359.85 ] D: CHECKED 4 0
[   359.85 ] D: CHECKED 5 1
[   359.87 ] D: CHECKED 4 0
[   359.87 ] D: CHECKED 5 1
[   359.87 ] D: CHECKED 4 0
[   359.87 ] D: CHECKED 5 1
[   359.87 ] D: CHECKED 4 0
[   359.87 ] D: CHECKED 5 1
[   359.89 ] D: CHECKED 4 0
[   359.89 ] D: CHECKED 5 1
[   359.89 ] D: CHECKED 4 0
[   359.89 ] D: CHECKED 5 1
[   359.89 ] D: CHECKED 4 0
[   359.89 ] D: CHECKED 5 1
[   359.90 ] D: CHECKED 4 0
[   359.90 ] D: CHECKED 5 1
[   359.90 ] D: CHECKED 4 0
[   359.90 ] D: CHECKED 5 1
[   359.90 ] D: CHECKED 4 0
[   359.90 ] D: CHECKED 5 1
[   359.92 ] D: CHECKED 4 0
[   359.92 ] D: CHECKED 5 1
[   359.92 ] D: CHECKED 4 0
[   359.92 ] D: CHECKED 5 1
[   359.92 ] D: CHECKED 4 0
[   359.92 ] D: CHECKED 5 1
[   359.94 ] D: CHECKED 4 0
[   359.94 ] D: CHECKED 5 1
[   359.94 ] D: CHECKED 4 0
[   359.94 ] D: CHECKED 5 1
[   359.94 ] D: CHECKED 4 0
[   359.94 ] D: CHECKED 5 1
[   359.96 ] D: CHECKED 4 0
[   359.96 ] D: CHECKED 5 1
[   359.96 ] D: CHECKED 4 0
[   359.96 ] D: CHECKED 5 1
[   359.96 ] D: CHECKED 4 0
[   359.96 ] D: CHECKED 5 1
[   359.97 ] D: CHECKED 4 0
[   359.97 ] D: CHECKED 5 1
[   359.97 ] D: CHECKED 4 0
[   359.97 ] D: CHECKED 5 1
[   359.97 ] D: CHECKED 4 0
[   359.97 ] D: CHECKED 5 1
[   359.99 ] D: CHECKED 4 0
[   359.99 ] D: CHECKED 5 1
[   359.99 ] D: CHECKED 4 0
[   359.99 ] D: CHECKED 5 1
[   359.99 ] D: CHECKED 4 0
[   359.99 ] D: CHECKED 5 1
[   360.01 ] D: CHECKED 4 0
[   360.01 ] D: CHECKED 5 1
[   360.01 ] D: CHECKED 4 0
[   360.01 ] D: CHECKED 5 1
[   360.01 ] D: CHECKED 4 0
[   360.01 ] D: CHECKED 5 1
[   360.03 ] D: CHECKED 4 0
[   360.03 ] D: CHECKED 5 1
[   360.03 ] D: CHECKED 4 0
[   360.03 ] D: CHECKED 5 1
[   360.03 ] D: CHECKED 4 0
[   360.03 ] D: CHECKED 5 1
[   360.04 ] D: CHECKED 4 0
[   360.04 ] D: CHECKED 5 1
[   360.04 ] D: CHECKED 4 0
[   360.04 ] D: CHECKED 5 1
[   360.04 ] D: CHECKED 4 0
[   360.04 ] D: CHECKED 5 1
[   360.06 ] D: CHECKED 4 0
[   360.06 ] D: CHECKED 5 1
[   360.06 ] D: CHECKED 4 0
[   360.06 ] D: CHECKED 5 1
[   360.06 ] D: CHECKED 4 0
[   360.06 ] D: CHECKED 5 1
[   360.08 ] D: CHECKED 4 0
[   360.08 ] D: CHECKED 5 1
[   360.08 ] D: CHECKED 4 0
[   360.08 ] D: CHECKED 5 1
[   360.08 ] D: CHECKED 4 0
[   360.08 ] D: CHECKED 5 1
[   360.10 ] D: CHECKED 4 0
[   360.10 ] D: CHECKED 5 1
[   360.10 ] D: CHECKED 4 0
[   360.10 ] D: CHECKED 5 1
[   360.10 ] D: CHECKED 4 0
[   360.10 ] D: CHECKED 5 1
[   360.11 ] D: CHECKED 4 0
[   360.11 ] D: CHECKED 5 1
[   360.11 ] D: CHECKED 4 0
[   360.11 ] D: CHECKED 5 1
[   360.11 ] D: CHECKED 4 0
[   360.11 ] D: CHECKED 5 1
[   360.13 ] D: CHECKED 4 0
[   360.13 ] D: CHECKED 5 1
[   360.13 ] D: CHECKED 4 0
[   360.13 ] D: CHECKED 5 1
[   360.13 ] D: CHECKED 4 0
[   360.13 ] D: CHECKED 5 1
[   360.15 ] D: CHECKED 4 0
[   360.15 ] D: CHECKED 5 1
[   360.15 ] D: CHECKED 4 0
[   360.15 ] D: CHECKED 5 1
[   360.15 ] D: CHECKED 4 0
[   360.15 ] D: CHECKED 5 1
[   360.17 ] D: CHECKED 4 0
[   360.17 ] D: CHECKED 5 1
[   360.17 ] D: CHECKED 4 0
[   360.17 ] D: CHECKED 5 1
[   360.17 ] D: CHECKED 4 0
[   360.17 ] D: CHECKED 5 1
[   360.18 ] D: CHECKED 4 0
[   360.18 ] D: CHECKED 5 1
[   360.18 ] D: CHECKED 4 0
[   360.18 ] D: CHECKED 5 1
[   360.18 ] D: CHECKED 4 0
[   360.18 ] D: CHECKED 5 1
[   360.20 ] D: CHECKED 4 0
[   360.20 ] D: CHECKED 5 1
[   360.20 ] D: CHECKED 4 0
[   360.20 ] D: CHECKED 5 1
[   360.20 ] D: CHECKED 4 0
[   360.20 ] D: CHECKED 5 1
[   360.22 ] D: CHECKED 4 0
[   360.22 ] D: CHECKED 5 1
[   360.22 ] D: CHECKED 4 0
[   360.22 ] D: CHECKED 5 1
[   360.22 ] D: CHECKED 4 0
[   360.22 ] D: CHECKED 5 1
[   360.23 ] D: CHECKED 4 0
[   360.23 ] D: CHECKED 5 1
[   360.23 ] D: CHECKED 4 0
[   360.23 ] D: CHECKED 5 1
[   360.23 ] D: CHECKED 4 0
[   360.23 ] D: CHECKED 5 1
[   360.25 ] D: CHECKED 4 0
[   360.25 ] D: CHECKED 5 1
[   360.25 ] D: CHECKED 4 0
[   360.25 ] D: CHECKED 5 1
[   360.25 ] D: CHECKED 4 0
[   360.25 ] D: CHECKED 5 1
[   360.27 ] D: CHECKED 4 0
[   360.27 ] D: CHECKED 5 1
[   360.27 ] D: CHECKED 4 0
[   360.27 ] D: CHECKED 5 1
[   360.27 ] D: CHECKED 4 0
[   360.27 ] D: CHECKED 5 1
[   360.29 ] D: CHECKED 4 0
[   360.29 ] D: CHECKED 5 1
[   360.29 ] D: CHECKED 4 0
[   360.29 ] D: CHECKED 5 1
[   360.29 ] D: CHECKED 4 0
[   360.29 ] D: CHECKED 5 1
[   360.30 ] D: CHECKED 4 0
[   360.30 ] D: CHECKED 5 1
[   360.30 ] D: CHECKED 4 0
[   360.30 ] D: CHECKED 5 1
[   360.30 ] D: CHECKED 4 0
[   360.30 ] D: CHECKED 5 1
[   360.32 ] D: CHECKED 4 0
[   360.32 ] D: CHECKED 5 1
[   360.32 ] D: CHECKED 4 0
[   360.32 ] D: CHECKED 5 1
[   360.32 ] D: CHECKED 4 0
[   360.32 ] D: CHECKED 5 1
[   360.34 ] D: CHECKED 4 0
[   360.34 ] D: CHECKED 5 1
[   360.34 ] D: CHECKED 4 0
[   360.34 ] D: CHECKED 5 1
[   360.34 ] D: CHECKED 4 0
[   360.34 ] D: CHECKED 5 1
[   360.36 ] D: CHECKED 4 0
[   360.36 ] D: CHECKED 5 1
[   360.36 ] D: CHECKED 4 0
[   360.36 ] D: CHECKED 5 1
[   360.36 ] D: CHECKED 4 0
[   360.36 ] D: CHECKED 5 1
[   360.37 ] D: CHECKED 4 0
[   360.37 ] D: CHECKED 5 1
[   360.37 ] D: CHECKED 4 0
[   360.37 ] D: CHECKED 5 1
[   360.37 ] D: CHECKED 4 0
[   360.37 ] D: CHECKED 5 1
[   360.39 ] D: CHECKED 4 0
[   360.39 ] D: CHECKED 5 1
[   360.39 ] D: CHECKED 4 0
[   360.39 ] D: CHECKED 5 1
[   360.39 ] D: CHECKED 4 0
[   360.39 ] D: CHECKED 5 1
[   360.41 ] D: CHECKED 4 0
[   360.41 ] D: CHECKED 5 1
[   360.41 ] D: CHECKED 4 0
[   360.41 ] D: CHECKED 5 1
[   360.41 ] D: CHECKED 4 0
[   360.41 ] D: CHECKED 5 1
[   360.43 ] D: CHECKED 4 0
[   360.43 ] D: CHECKED 5 1
[   360.43 ] D: CHECKED 4 0
[   360.43 ] D: CHECKED 5 1
[   360.43 ] D: CHECKED 4 0
[   360.43 ] D: CHECKED 5 1
[   360.44 ] D: CHECKED 4 0
[   360.44 ] D: CHECKED 5 1
[   360.44 ] D: CHECKED 4 0
[   360.44 ] D: CHECKED 5 1
[   360.44 ] D: CHECKED 4 0
[   360.44 ] D: CHECKED 5 1
[   360.46 ] D: CHECKED 4 0
[   360.46 ] D: CHECKED 5 1
[   360.46 ] D: CHECKED 4 0
[   360.46 ] D: CHECKED 5 1
[   360.46 ] D: CHECKED 4 0
[   360.46 ] D: CHECKED 5 1
[   360.48 ] D: CHECKED 4 0
[   360.48 ] D: CHECKED 5 1
[   360.48 ] D: CHECKED 4 0
[   360.48 ] D: CHECKED 5 1
[   360.48 ] D: CHECKED 4 0
[   360.48 ] D: CHECKED 5 1
[   360.50 ] D: CHECKED 4 0
[   360.50 ] D: CHECKED 5 1
[   360.50 ] D: CHECKED 4 0
[   360.50 ] D: CHECKED 5 1
[   360.50 ] D: CHECKED 4 0
[   360.50 ] D: CHECKED 5 1
[   360.51 ] D: CHECKED 4 0
[   360.51 ] D: CHECKED 5 1
[   360.51 ] D: CHECKED 4 0
[   360.51 ] D: CHECKED 5 1
[   360.51 ] D: CHECKED 4 0
[   360.51 ] D: CHECKED 5 1
[   360.53 ] D: CHECKED 4 0
[   360.53 ] D: CHECKED 5 1
[   360.53 ] D: CHECKED 4 0
[   360.53 ] D: CHECKED 5 1
[   360.53 ] D: CHECKED 4 0
[   360.53 ] D: CHECKED 5 1
[   360.55 ] D: CHECKED 4 0
[   360.55 ] D: CHECKED 5 1
[   360.55 ] D: CHECKED 4 0
[   360.55 ] D: CHECKED 5 1
[   360.55 ] D: CHECKED 4 0
[   360.55 ] D: CHECKED 5 1
[   360.57 ] D: CHECKED 4 0
[   360.57 ] D: CHECKED 5 1
[   360.57 ] D: CHECKED 4 0
[   360.57 ] D: CHECKED 5 1
[   360.57 ] D: CHECKED 4 0
[   360.57 ] D: CHECKED 5 1
[   360.58 ] D: AsyncFileReader 3 11
[   360.58 ] D: CHECKED 4 0
[   360.58 ] D: CHECKED 5 1
[   360.58 ] D: CHECKED 4 0
[   360.58 ] D: CHECKED 5 1
[   360.58 ] D: CHECKED 4 0
[   360.58 ] D: CHECKED 5 1
[   360.60 ] D: CHECKED 4 0
[   360.60 ] D: CHECKED 5 1
[   360.60 ] D: CHECKED 4 0
[   360.60 ] D: CHECKED 5 1
[   360.60 ] D: CHECKED 4 0
[   360.60 ] D: CHECKED 5 1
[   360.62 ] D: CHECKED 4 0
[   360.62 ] D: CHECKED 5 1
[   360.62 ] D: CHECKED 4 0
[   360.62 ] D: CHECKED 5 1
[   360.62 ] D: CHECKED 4 0
[   360.62 ] D: CHECKED 5 1
[   360.64 ] D: CHECKED 4 0
[   360.64 ] D: CHECKED 5 1
[   360.64 ] D: CHECKED 4 0
[   360.64 ] D: CHECKED 5 1
[   360.64 ] D: CHECKED 4 0
[   360.64 ] D: CHECKED 5 1
[   360.65 ] D: CHECKED 4 0
[   360.65 ] D: CHECKED 5 1
[   360.65 ] D: CHECKED 4 0
[   360.65 ] D: CHECKED 5 1
[   360.65 ] D: CHECKED 4 0
[   360.65 ] D: CHECKED 5 1
[   360.67 ] D: CHECKED 4 0
[   360.67 ] D: CHECKED 5 1
[   360.67 ] D: CHECKED 4 0
[   360.67 ] D: CHECKED 5 1
[   360.67 ] D: CHECKED 4 0
[   360.67 ] D: CHECKED 5 1
[   360.69 ] D: CHECKED 4 0
[   360.69 ] D: CHECKED 5 1
[   360.69 ] D: CHECKED 4 0
[   360.69 ] D: CHECKED 5 1
[   360.69 ] D: CHECKED 4 0
[   360.69 ] D: CHECKED 5 1
[   360.71 ] D: CHECKED 4 0
[   360.71 ] D: CHECKED 5 1
[   360.71 ] D: CHECKED 4 0
[   360.71 ] D: CHECKED 5 1
[   360.71 ] D: CHECKED 4 0
[   360.71 ] D: CHECKED 5 1
[   360.72 ] D: CHECKED 4 0
[   360.72 ] D: CHECKED 5 1
[   360.72 ] D: CHECKED 4 0
[   360.72 ] D: CHECKED 5 1
[   360.72 ] D: CHECKED 4 0
[   360.72 ] D: CHECKED 5 1
[   360.74 ] D: CHECKED 4 0
[   360.74 ] D: CHECKED 5 1
[   360.74 ] D: CHECKED 4 0
[   360.74 ] D: CHECKED 5 1
[   360.74 ] D: CHECKED 4 0
[   360.74 ] D: CHECKED 5 1
[   360.76 ] D: CHECKED 4 0
[   360.76 ] D: CHECKED 5 1
[   360.76 ] D: CHECKED 4 0
[   360.76 ] D: CHECKED 5 1
[   360.76 ] D: CHECKED 4 0
[   360.76 ] D: CHECKED 5 1
[   360.77 ] D: CHECKED 4 0
[   360.77 ] D: CHECKED 5 1
[   360.77 ] D: CHECKED 4 0
[   360.77 ] D: CHECKED 5 1
[   360.77 ] D: CHECKED 4 0
[   360.77 ] D: CHECKED 5 1
[   360.79 ] D: CHECKED 4 0
[   360.79 ] D: CHECKED 5 1
[   360.79 ] D: CHECKED 4 0
[   360.79 ] D: CHECKED 5 1
[   360.79 ] D: CHECKED 4 0
[   360.79 ] D: CHECKED 5 1
[   360.81 ] D: CHECKED 4 0
[   360.81 ] D: CHECKED 5 1
[   360.81 ] D: CHECKED 4 0
[   360.81 ] D: CHECKED 5 1
[   360.81 ] D: CHECKED 4 0
[   360.81 ] D: CHECKED 5 1
[   360.83 ] D: CHECKED 4 0
[   360.83 ] D: CHECKED 5 1
[   360.83 ] D: CHECKED 4 0
[   360.83 ] D: CHECKED 5 1
[   360.83 ] D: CHECKED 4 0
[   360.83 ] D: CHECKED 5 1
[   360.84 ] D: CHECKED 4 0
[   360.84 ] D: CHECKED 5 1
[   360.84 ] D: CHECKED 4 0
[   360.84 ] D: CHECKED 5 1
[   360.84 ] D: CHECKED 4 0
[   360.84 ] D: CHECKED 5 1
[   360.86 ] D: CHECKED 4 0
[   360.86 ] D: CHECKED 5 1
[   360.86 ] D: CHECKED 4 0
[   360.86 ] D: CHECKED 5 1
[   360.86 ] D: CHECKED 4 0
[   360.86 ] D: CHECKED 5 1
[   360.88 ] D: CHECKED 4 0
[   360.88 ] D: CHECKED 5 1
[   360.88 ] D: CHECKED 4 0
[   360.88 ] D: CHECKED 5 1
[   360.88 ] D: CHECKED 4 0
[   360.88 ] D: CHECKED 5 1
[   360.90 ] D: CHECKED 4 0
[   360.90 ] D: CHECKED 5 1
[   360.90 ] D: CHECKED 4 0
[   360.90 ] D: CHECKED 5 1
[   360.90 ] D: CHECKED 4 0
[   360.90 ] D: CHECKED 5 1
[   360.91 ] D: CHECKED 4 0
[   360.91 ] D: CHECKED 5 1
[   360.91 ] D: CHECKED 4 0
[   360.91 ] D: CHECKED 5 1
[   360.91 ] D: CHECKED 4 0
[   360.91 ] D: CHECKED 5 1
[   360.93 ] D: CHECKED 4 0
[   360.93 ] D: CHECKED 5 1
[   360.93 ] D: CHECKED 4 0
[   360.93 ] D: CHECKED 5 1
[   360.93 ] D: CHECKED 4 0
[   360.93 ] D: CHECKED 5 1
[   360.95 ] D: CHECKED 4 0
[   360.95 ] D: CHECKED 5 1
[   360.95 ] D: CHECKED 4 0
[   360.95 ] D: CHECKED 5 1
[   360.95 ] D: CHECKED 4 0
[   360.95 ] D: CHECKED 5 1
[   360.97 ] D: CHECKED 4 0
[   360.97 ] D: CHECKED 5 1
[   360.97 ] D: CHECKED 4 0
[   360.97 ] D: CHECKED 5 1
[   360.97 ] D: CHECKED 4 0
[   360.97 ] D: CHECKED 5 1
[   360.98 ] D: CHECKED 4 0
[   360.98 ] D: CHECKED 5 1
[   360.98 ] D: CHECKED 4 0
[   360.98 ] D: CHECKED 5 1
[   360.98 ] D: CHECKED 4 0
[   360.98 ] D: CHECKED 5 1
[   361.00 ] D: CHECKED 4 0
[   361.00 ] D: CHECKED 5 1
[   361.00 ] D: CHECKED 4 0
[   361.00 ] D: CHECKED 5 1
[   361.00 ] D: CHECKED 4 0
[   361.00 ] D: CHECKED 5 1
[   361.02 ] D: CHECKED 4 0
[   361.02 ] D: CHECKED 5 1
[   361.02 ] D: CHECKED 4 0
[   361.02 ] D: CHECKED 5 1
[   361.02 ] D: CHECKED 4 0
[   361.02 ] D: CHECKED 5 1
[   361.04 ] D: CHECKED 4 0
[   361.04 ] D: CHECKED 5 1
[   361.04 ] D: CHECKED 4 0
[   361.04 ] D: CHECKED 5 1
[   361.04 ] D: CHECKED 4 0
[   361.04 ] D: CHECKED 5 1
[   361.05 ] D: CHECKED 4 0
[   361.05 ] D: CHECKED 5 1
[   361.05 ] D: CHECKED 4 0
[   361.05 ] D: CHECKED 5 1
[   361.05 ] D: CHECKED 4 0
[   361.05 ] D: CHECKED 5 1
[   361.07 ] D: CHECKED 4 0
[   361.07 ] D: CHECKED 5 1
[   361.07 ] D: CHECKED 4 0
[   361.07 ] D: CHECKED 5 1
[   361.07 ] D: CHECKED 4 0
[   361.07 ] D: CHECKED 5 1
[   361.09 ] D: CHECKED 4 0
[   361.09 ] D: CHECKED 5 1
[   361.09 ] D: CHECKED 4 0
[   361.09 ] D: CHECKED 5 1
[   361.09 ] D: CHECKED 4 0
[   361.09 ] D: CHECKED 5 1
[   361.11 ] D: CHECKED 4 0
[   361.11 ] D: CHECKED 5 1
[   361.11 ] D: CHECKED 4 0
[   361.11 ] D: CHECKED 5 1
[   361.11 ] D: CHECKED 4 0
[   361.11 ] D: CHECKED 5 1
[   361.12 ] D: CHECKED 4 0
[   361.12 ] D: CHECKED 5 1
[   361.12 ] D: CHECKED 4 0
[   361.12 ] D: CHECKED 5 1
[   361.12 ] D: CHECKED 4 0
[   361.12 ] D: CHECKED 5 1
[   361.14 ] D: CHECKED 4 0
[   361.14 ] D: CHECKED 5 1
[   361.14 ] D: CHECKED 4 0
[   361.14 ] D: CHECKED 5 1
[   361.14 ] D: CHECKED 4 0
[   361.14 ] D: CHECKED 5 1
[   361.16 ] D: CHECKED 4 0
[   361.16 ] D: CHECKED 5 1
[   361.16 ] D: CHECKED 4 0
[   361.16 ] D: CHECKED 5 1
[   361.16 ] D: CHECKED 4 0
[   361.16 ] D: CHECKED 5 1
[   361.18 ] D: CHECKED 4 0
[   361.18 ] D: CHECKED 5 1
[   361.18 ] D: CHECKED 4 0
[   361.18 ] D: CHECKED 5 1
[   361.18 ] D: CHECKED 4 0
[   361.18 ] D: CHECKED 5 1
[   361.19 ] D: CHECKED 4 0
[   361.19 ] D: CHECKED 5 1
[   361.19 ] D: CHECKED 4 0
[   361.19 ] D: CHECKED 5 1
[   361.19 ] D: CHECKED 4 0
[   361.19 ] D: CHECKED 5 1
[   361.21 ] D: CHECKED 4 0
[   361.21 ] D: CHECKED 5 1
[   361.21 ] D: CHECKED 4 0
[   361.21 ] D: CHECKED 5 1
[   361.21 ] D: CHECKED 4 0
[   361.21 ] D: CHECKED 5 1
[   361.23 ] D: CHECKED 4 0
[   361.23 ] D: CHECKED 5 1
[   361.23 ] D: CHECKED 4 0
[   361.23 ] D: CHECKED 5 1
[   361.23 ] D: CHECKED 4 0
[   361.23 ] D: CHECKED 5 1
[   361.24 ] D: CHECKED 4 0
[   361.24 ] D: CHECKED 5 1
[   361.24 ] D: CHECKED 4 0
[   361.24 ] D: CHECKED 5 1
[   361.24 ] D: CHECKED 4 0
[   361.24 ] D: CHECKED 5 1
[   361.26 ] D: CHECKED 4 0
[   361.26 ] D: CHECKED 5 1
[   361.26 ] D: CHECKED 4 0
[   361.26 ] D: CHECKED 5 1
[   361.26 ] D: CHECKED 4 0
[   361.26 ] D: CHECKED 5 1
[   361.28 ] D: CHECKED 4 0
[   361.28 ] D: CHECKED 5 1
[   361.28 ] D: CHECKED 4 0
[   361.28 ] D: CHECKED 5 1
[   361.28 ] D: CHECKED 4 0
[   361.28 ] D: CHECKED 5 1
[   361.30 ] D: CHECKED 4 0
[   361.30 ] D: CHECKED 5 1
[   361.30 ] D: CHECKED 4 0
[   361.30 ] D: CHECKED 5 1
[   361.30 ] D: CHECKED 4 0
[   361.30 ] D: CHECKED 5 1
[   361.31 ] D: CHECKED 4 0
[   361.31 ] D: CHECKED 5 1
[   361.31 ] D: CHECKED 4 0
[   361.31 ] D: CHECKED 5 1
[   361.31 ] D: CHECKED 4 0
[   361.31 ] D: CHECKED 5 1
[   361.33 ] D: CHECKED 4 0
[   361.33 ] D: CHECKED 5 1
[   361.33 ] D: CHECKED 4 0
[   361.33 ] D: CHECKED 5 1
[   361.33 ] D: CHECKED 4 0
[   361.33 ] D: CHECKED 5 1
[   361.35 ] D: CHECKED 4 0
[   361.35 ] D: CHECKED 5 1
[   361.35 ] D: CHECKED 4 0
[   361.35 ] D: CHECKED 5 1
[   361.35 ] D: CHECKED 4 0
[   361.35 ] D: CHECKED 5 1
[   361.37 ] D: CHECKED 4 0
[   361.37 ] D: CHECKED 5 1
[   361.37 ] D: CHECKED 4 0
[   361.37 ] D: CHECKED 5 1
[   361.37 ] D: CHECKED 4 0
[   361.37 ] D: CHECKED 5 1
[   361.38 ] D: CHECKED 4 0
[   361.38 ] D: CHECKED 5 1
[   361.38 ] D: CHECKED 4 0
[   361.38 ] D: CHECKED 5 1
[   361.38 ] D: CHECKED 4 0
[   361.38 ] D: CHECKED 5 1
[   361.40 ] D: CHECKED 4 0
[   361.40 ] D: CHECKED 5 1
[   361.40 ] D: CHECKED 4 0
[   361.40 ] D: CHECKED 5 1
[   361.40 ] D: CHECKED 4 0
[   361.40 ] D: CHECKED 5 1
[   361.42 ] D: CHECKED 4 0
[   361.42 ] D: CHECKED 5 1
[   361.42 ] D: CHECKED 4 0
[   361.42 ] D: CHECKED 5 1
[   361.42 ] D: CHECKED 4 0
[   361.42 ] D: CHECKED 5 1
[   361.44 ] D: CHECKED 4 0
[   361.44 ] D: CHECKED 5 1
[   361.44 ] D: CHECKED 4 0
[   361.44 ] D: CHECKED 5 1
[   361.44 ] D: CHECKED 4 0
[   361.44 ] D: CHECKED 5 1
[   361.45 ] D: CHECKED 4 0
[   361.45 ] D: CHECKED 5 1
[   361.45 ] D: CHECKED 4 0
[   361.45 ] D: CHECKED 5 1
[   361.45 ] D: CHECKED 4 0
[   361.45 ] D: CHECKED 5 1
[   361.47 ] D: CHECKED 4 0
[   361.47 ] D: CHECKED 5 1
[   361.47 ] D: CHECKED 4 0
[   361.47 ] D: CHECKED 5 1
[   361.47 ] D: CHECKED 4 0
[   361.47 ] D: CHECKED 5 1
[   361.49 ] D: CHECKED 4 0
[   361.49 ] D: CHECKED 5 1
[   361.49 ] D: CHECKED 4 0
[   361.49 ] D: CHECKED 5 1
[   361.49 ] D: CHECKED 4 0
[   361.49 ] D: CHECKED 5 1
[   361.51 ] D: CHECKED 4 0
[   361.51 ] D: CHECKED 5 1
[   361.51 ] D: CHECKED 4 0
[   361.51 ] D: CHECKED 5 1
[   361.51 ] D: CHECKED 4 0
[   361.51 ] D: CHECKED 5 1
[   361.52 ] D: CHECKED 4 0
[   361.52 ] D: CHECKED 5 1
[   361.52 ] D: CHECKED 4 0
[   361.52 ] D: CHECKED 5 1
[   361.52 ] D: CHECKED 4 0
[   361.52 ] D: CHECKED 5 1
[   361.54 ] D: CHECKED 4 0
[   361.54 ] D: CHECKED 5 1
[   361.54 ] D: CHECKED 4 0
[   361.54 ] D: CHECKED 5 1
[   361.54 ] D: CHECKED 4 0
[   361.54 ] D: CHECKED 5 1
[   361.56 ] D: CHECKED 4 0
[   361.56 ] D: CHECKED 5 1
[   361.56 ] D: CHECKED 4 0
[   361.56 ] D: CHECKED 5 1
[   361.56 ] D: CHECKED 4 0
[   361.56 ] D: CHECKED 5 1
[   361.58 ] D: CHECKED 4 0
[   361.58 ] D: CHECKED 5 1
[   361.58 ] D: CHECKED 4 0
[   361.58 ] D: CHECKED 5 1
[   361.58 ] D: CHECKED 4 0
[   361.58 ] D: CHECKED 5 1
[   361.59 ] D: CHECKED 4 0
[   361.59 ] D: CHECKED 5 1
[   361.59 ] D: CHECKED 4 0
[   361.59 ] D: CHECKED 5 1
[   361.59 ] D: CHECKED 4 0
[   361.59 ] D: CHECKED 5 1
[   361.61 ] D: CHECKED 4 0
[   361.61 ] D: CHECKED 5 1
[   361.61 ] D: CHECKED 4 0
[   361.61 ] D: CHECKED 5 1
[   361.61 ] D: CHECKED 4 0
[   361.61 ] D: CHECKED 5 1
[   361.63 ] D: CHECKED 4 0
[   361.63 ] D: CHECKED 5 1
[   361.63 ] D: CHECKED 4 0
[   361.63 ] D: CHECKED 5 1
[   361.63 ] D: CHECKED 4 0
[   361.63 ] D: CHECKED 5 1
[   361.65 ] D: CHECKED 4 0
[   361.65 ] D: CHECKED 5 1
[   361.65 ] D: CHECKED 4 0
[   361.65 ] D: CHECKED 5 1
[   361.65 ] D: CHECKED 4 0
[   361.65 ] D: CHECKED 5 1
[   361.66 ] D: CHECKED 4 0
[   361.66 ] D: CHECKED 5 1
[   361.66 ] D: CHECKED 4 0
[   361.66 ] D: CHECKED 5 1
[   361.66 ] D: CHECKED 4 0
[   361.66 ] D: CHECKED 5 1
[   361.68 ] D: CHECKED 4 0
[   361.68 ] D: CHECKED 5 1
[   361.68 ] D: CHECKED 4 0
[   361.68 ] D: CHECKED 5 1
[   361.68 ] D: CHECKED 4 0
[   361.68 ] D: CHECKED 5 1
[   361.70 ] D: CHECKED 4 0
[   361.70 ] D: CHECKED 5 1
[   361.70 ] D: CHECKED 4 0
[   361.70 ] D: CHECKED 5 1
[   361.70 ] D: CHECKED 4 0
[   361.70 ] D: CHECKED 5 1
[   361.72 ] D: CHECKED 4 0
[   361.72 ] D: CHECKED 5 1
[   361.72 ] D: CHECKED 4 0
[   361.72 ] D: CHECKED 5 1
[   361.72 ] D: CHECKED 4 0
[   361.72 ] D: CHECKED 5 1
[   361.73 ] D: CHECKED 4 0
[   361.73 ] D: CHECKED 5 1
[   361.73 ] D: CHECKED 4 0
[   361.73 ] D: CHECKED 5 1
[   361.73 ] D: CHECKED 4 0
[   361.73 ] D: CHECKED 5 1
[   361.75 ] D: CHECKED 4 0
[   361.75 ] D: CHECKED 5 1
[   361.75 ] D: CHECKED 4 0
[   361.75 ] D: CHECKED 5 1
[   361.75 ] D: CHECKED 4 0
[   361.75 ] D: CHECKED 5 1
[   361.77 ] D: CHECKED 4 0
[   361.77 ] D: CHECKED 5 1
[   361.77 ] D: CHECKED 4 0
[   361.77 ] D: CHECKED 5 1
[   361.77 ] D: CHECKED 4 0
[   361.77 ] D: CHECKED 5 1
[   361.78 ] D: CHECKED 4 0
[   361.78 ] D: CHECKED 5 1
[   361.78 ] D: CHECKED 4 0
[   361.78 ] D: CHECKED 5 1
[   361.78 ] D: CHECKED 4 0
[   361.78 ] D: CHECKED 5 1
[   361.80 ] D: CHECKED 4 0
[   361.80 ] D: CHECKED 5 1
[   361.80 ] D: CHECKED 4 0
[   361.80 ] D: CHECKED 5 1
[   361.80 ] D: CHECKED 4 0
[   361.80 ] D: CHECKED 5 1
[   361.82 ] D: CHECKED 4 0
[   361.82 ] D: CHECKED 5 1
[   361.82 ] D: CHECKED 4 0
[   361.82 ] D: CHECKED 5 1
[   361.82 ] D: CHECKED 4 0
[   361.82 ] D: CHECKED 5 1
[   361.84 ] D: CHECKED 4 0
[   361.84 ] D: CHECKED 5 1
[   361.84 ] D: CHECKED 4 0
[   361.84 ] D: CHECKED 5 1
[   361.84 ] D: CHECKED 4 0
[   361.84 ] D: CHECKED 5 1
[   361.85 ] D: CHECKED 4 0
[   361.85 ] D: CHECKED 5 1
[   361.85 ] D: CHECKED 4 0
[   361.85 ] D: CHECKED 5 1
[   361.85 ] D: CHECKED 4 0
[   361.85 ] D: CHECKED 5 1
[   361.87 ] D: CHECKED 4 0
[   361.87 ] D: CHECKED 5 1
[   361.87 ] D: CHECKED 4 0
[   361.87 ] D: CHECKED 5 1
[   361.87 ] D: CHECKED 4 0
[   361.87 ] D: CHECKED 5 1
[   361.89 ] D: CHECKED 4 0
[   361.89 ] D: CHECKED 5 1
[   361.89 ] D: CHECKED 4 0
[   361.89 ] D: CHECKED 5 1
[   361.89 ] D: CHECKED 4 0
[   361.89 ] D: CHECKED 5 1
[   361.91 ] D: CHECKED 4 0
[   361.91 ] D: CHECKED 5 1
[   361.91 ] D: CHECKED 4 0
[   361.91 ] D: CHECKED 5 1
[   361.91 ] D: CHECKED 4 0
[   361.91 ] D: CHECKED 5 1
[   361.92 ] D: CHECKED 4 0
[   361.92 ] D: CHECKED 5 1
[   361.92 ] D: CHECKED 4 0
[   361.92 ] D: CHECKED 5 1
[   361.92 ] D: CHECKED 4 0
[   361.92 ] D: CHECKED 5 1
[   361.94 ] D: CHECKED 4 0
[   361.94 ] D: CHECKED 5 1
[   361.94 ] D: CHECKED 4 0
[   361.94 ] D: CHECKED 5 1
[   361.94 ] D: CHECKED 4 0
[   361.94 ] D: CHECKED 5 1
[   361.96 ] D: CHECKED 4 0
[   361.96 ] D: CHECKED 5 1
[   361.96 ] D: CHECKED 4 0
[   361.96 ] D: CHECKED 5 1
[   361.96 ] D: CHECKED 4 0
[   361.96 ] D: CHECKED 5 1
[   361.98 ] D: CHECKED 4 0
[   361.98 ] D: CHECKED 5 1
[   361.98 ] D: CHECKED 4 0
[   361.98 ] D: CHECKED 5 1
[   361.98 ] D: CHECKED 4 0
[   361.98 ] D: CHECKED 5 1
[   361.99 ] D: CHECKED 4 0
[   361.99 ] D: CHECKED 5 1
[   361.99 ] D: CHECKED 4 0
[   361.99 ] D: CHECKED 5 1
[   361.99 ] D: CHECKED 4 0
[   361.99 ] D: CHECKED 5 1
[   362.01 ] D: CHECKED 4 0
[   362.01 ] D: CHECKED 5 1
[   362.01 ] D: CHECKED 4 0
[   362.01 ] D: CHECKED 5 1
[   362.01 ] D: CHECKED 4 0
[   362.01 ] D: CHECKED 5 1
[   362.03 ] D: CHECKED 4 0
[   362.03 ] D: CHECKED 5 1
[   362.03 ] D: CHECKED 4 0
[   362.03 ] D: CHECKED 5 1
[   362.03 ] D: CHECKED 4 0
[   362.03 ] D: CHECKED 5 1
[   362.05 ] D: CHECKED 4 0
[   362.05 ] D: CHECKED 5 1
[   362.05 ] D: CHECKED 4 0
[   362.05 ] D: CHECKED 5 1
[   362.05 ] D: CHECKED 4 0
[   362.05 ] D: CHECKED 5 1
[   362.06 ] D: CHECKED 4 0
[   362.06 ] D: CHECKED 5 1
[   362.06 ] D: AsyncFileReader 4 11
[   362.06 ] D: CHECKED 4 0
[   362.06 ] D: CHECKED 5 1
[   362.06 ] D: CHECKED 4 0
[   362.06 ] D: CHECKED 5 1
[   362.08 ] D: CHECKED 4 0
[   362.08 ] D: CHECKED 5 1
[   362.08 ] D: CHECKED 4 0
[   362.08 ] D: CHECKED 5 1
[   362.08 ] D: CHECKED 4 0
[   362.08 ] D: CHECKED 5 1
[   362.10 ] D: CHECKED 4 0
[   362.10 ] D: CHECKED 5 1
[   362.10 ] D: CHECKED 4 0
[   362.10 ] D: CHECKED 5 1
[   362.10 ] D: CHECKED 4 0
[   362.10 ] D: CHECKED 5 1
[   362.12 ] D: CHECKED 4 0
[   362.12 ] D: CHECKED 5 1
[   362.12 ] D: CHECKED 4 0
[   362.12 ] D: CHECKED 5 1
[   362.12 ] D: CHECKED 4 0
[   362.12 ] D: CHECKED 5 1
[   362.13 ] D: CHECKED 4 0
[   362.13 ] D: CHECKED 5 1
[   362.13 ] D: CHECKED 4 0
[   362.13 ] D: CHECKED 5 1
[   362.13 ] D: CHECKED 4 0
[   362.13 ] D: CHECKED 5 1
[   362.15 ] D: CHECKED 4 0
[   362.15 ] D: CHECKED 5 1
[   362.15 ] D: CHECKED 4 0
[   362.15 ] D: CHECKED 5 1
[   362.15 ] D: CHECKED 4 0
[   362.15 ] D: CHECKED 5 1
[   362.17 ] D: CHECKED 4 0
[   362.17 ] D: CHECKED 5 1
[   362.17 ] D: CHECKED 4 0
[   362.17 ] D: CHECKED 5 1
[   362.17 ] D: CHECKED 4 0
[   362.17 ] D: CHECKED 5 1
[   362.19 ] D: CHECKED 4 0
[   362.19 ] D: CHECKED 5 1
[   362.19 ] D: CHECKED 4 0
[   362.19 ] D: CHECKED 5 1
[   362.19 ] D: CHECKED 4 0
[   362.19 ] D: CHECKED 5 1
[   362.20 ] D: CHECKED 4 0
[   362.20 ] D: CHECKED 5 1
[   362.20 ] D: CHECKED 4 0
[   362.20 ] D: CHECKED 5 1
[   362.20 ] D: CHECKED 4 0
[   362.20 ] D: CHECKED 5 1
[   362.22 ] D: CHECKED 4 0
[   362.22 ] D: CHECKED 5 1
[   362.22 ] D: CHECKED 4 0
[   362.22 ] D: CHECKED 5 1
[   362.22 ] D: CHECKED 4 0
[   362.22 ] D: CHECKED 5 1
[   362.24 ] D: CHECKED 4 0
[   362.24 ] D: CHECKED 5 1
[   362.24 ] D: CHECKED 4 0
[   362.24 ] D: CHECKED 5 1
[   362.24 ] D: CHECKED 4 0
[   362.24 ] D: CHECKED 5 1
[   362.25 ] D: CHECKED 4 0
[   362.25 ] D: CHECKED 5 1
[   362.25 ] D: CHECKED 4 0
[   362.25 ] D: CHECKED 5 1
[   362.25 ] D: CHECKED 4 0
[   362.25 ] D: CHECKED 5 1
[   362.27 ] D: CHECKED 4 0
[   362.27 ] D: CHECKED 5 1
[   362.27 ] D: CHECKED 4 0
[   362.27 ] D: CHECKED 5 1
[   362.27 ] D: CHECKED 4 0
[   362.27 ] D: CHECKED 5 1
[   362.29 ] D: CHECKED 4 0
[   362.29 ] D: CHECKED 5 1
[   362.29 ] D: CHECKED 4 0
[   362.29 ] D: CHECKED 5 1
[   362.29 ] D: CHECKED 4 0
[   362.29 ] D: CHECKED 5 1
[   362.31 ] D: CHECKED 4 0
[   362.31 ] D: CHECKED 5 1
[   362.31 ] D: CHECKED 4 0
[   362.31 ] D: CHECKED 5 1
[   362.31 ] D: CHECKED 4 0
[   362.31 ] D: CHECKED 5 1
[   362.32 ] D: CHECKED 4 0
[   362.32 ] D: CHECKED 5 1
[   362.32 ] D: CHECKED 4 0
[   362.32 ] D: CHECKED 5 1
[   362.32 ] D: CHECKED 4 0
[   362.32 ] D: CHECKED 5 1
[   362.34 ] D: CHECKED 4 0
[   362.34 ] D: CHECKED 5 1
[   362.34 ] D: CHECKED 4 0
[   362.34 ] D: CHECKED 5 1
[   362.34 ] D: CHECKED 4 0
[   362.34 ] D: CHECKED 5 1
[   362.36 ] D: CHECKED 4 0
[   362.36 ] D: CHECKED 5 1
[   362.36 ] D: CHECKED 4 0
[   362.36 ] D: CHECKED 5 1
[   362.36 ] D: CHECKED 4 0
[   362.36 ] D: CHECKED 5 1
[   362.38 ] D: CHECKED 4 0
[   362.38 ] D: CHECKED 5 1
[   362.38 ] D: CHECKED 4 0
[   362.38 ] D: CHECKED 5 1
[   362.38 ] D: CHECKED 4 0
[   362.38 ] D: CHECKED 5 1
[   362.39 ] D: CHECKED 4 0
[   362.39 ] D: CHECKED 5 1
[   362.39 ] D: CHECKED 4 0
[   362.39 ] D: CHECKED 5 1
[   362.39 ] D: CHECKED 4 0
[   362.39 ] D: CHECKED 5 1
[   362.41 ] D: CHECKED 4 0
[   362.41 ] D: CHECKED 5 1
[   362.41 ] D: CHECKED 4 0
[   362.41 ] D: CHECKED 5 1
[   362.41 ] D: CHECKED 4 0
[   362.41 ] D: CHECKED 5 1
[   362.43 ] D: CHECKED 4 0
[   362.43 ] D: CHECKED 5 1
[   362.43 ] D: CHECKED 4 0
[   362.43 ] D: CHECKED 5 1
[   362.43 ] D: CHECKED 4 0
[   362.43 ] D: CHECKED 5 1
[   362.45 ] D: CHECKED 4 0
[   362.45 ] D: CHECKED 5 1
[   362.45 ] D: CHECKED 4 0
[   362.45 ] D: CHECKED 5 1
[   362.45 ] D: CHECKED 4 0
[   362.45 ] D: CHECKED 5 1
[   362.46 ] D: CHECKED 4 0
[   362.46 ] D: CHECKED 5 1
[   362.46 ] D: CHECKED 4 0
[   362.46 ] D: CHECKED 5 1
[   362.46 ] D: CHECKED 4 0
[   362.46 ] D: CHECKED 5 1
[   362.48 ] D: CHECKED 4 0
[   362.48 ] D: CHECKED 5 1
[   362.48 ] D: CHECKED 4 0
[   362.48 ] D: CHECKED 5 1
[   362.48 ] D: CHECKED 4 0
[   362.48 ] D: CHECKED 5 1
[   362.50 ] D: CHECKED 4 0
[   362.50 ] D: CHECKED 5 1
[   362.50 ] D: CHECKED 4 0
[   362.50 ] D: CHECKED 5 1
[   362.50 ] D: CHECKED 4 0
[   362.50 ] D: CHECKED 5 1
[   362.52 ] D: CHECKED 4 0
[   362.52 ] D: CHECKED 5 1
[   362.52 ] D: CHECKED 4 0
[   362.52 ] D: CHECKED 5 1
[   362.52 ] D: CHECKED 4 0
[   362.52 ] D: CHECKED 5 1
[   362.53 ] D: CHECKED 4 0
[   362.53 ] D: CHECKED 5 1
[   362.53 ] D: CHECKED 4 0
[   362.53 ] D: CHECKED 5 1
[   362.53 ] D: CHECKED 4 0
[   362.53 ] D: CHECKED 5 1
[   362.55 ] D: CHECKED 4 0
[   362.55 ] D: CHECKED 5 1
[   362.55 ] D: CHECKED 4 0
[   362.55 ] D: CHECKED 5 1
[   362.55 ] D: CHECKED 4 0
[   362.55 ] D: CHECKED 5 1
[   362.57 ] D: CHECKED 4 0
[   362.57 ] D: CHECKED 5 1
[   362.57 ] D: CHECKED 4 0
[   362.57 ] D: CHECKED 5 1
[   362.57 ] D: CHECKED 4 0
[   362.57 ] D: CHECKED 5 1
[   362.59 ] D: CHECKED 4 0
[   362.59 ] D: CHECKED 5 1
[   362.59 ] D: CHECKED 4 0
[   362.59 ] D: CHECKED 5 1
[   362.59 ] D: CHECKED 4 0
[   362.59 ] D: CHECKED 5 1
[   362.60 ] D: CHECKED 4 0
[   362.60 ] D: CHECKED 5 1
[   362.60 ] D: CHECKED 4 0
[   362.60 ] D: CHECKED 5 1
[   362.60 ] D: CHECKED 4 0
[   362.60 ] D: CHECKED 5 1
[   362.62 ] D: CHECKED 4 0
[   362.62 ] D: CHECKED 5 1
[   362.62 ] D: CHECKED 4 0
[   362.62 ] D: CHECKED 5 1
[   362.62 ] D: CHECKED 4 0
[   362.62 ] D: CHECKED 5 1
[   362.64 ] D: CHECKED 4 0
[   362.64 ] D: CHECKED 5 1
[   362.64 ] D: CHECKED 4 0
[   362.64 ] D: CHECKED 5 1
[   362.64 ] D: CHECKED 4 0
[   362.64 ] D: CHECKED 5 1
[   362.66 ] D: CHECKED 4 0
[   362.66 ] D: CHECKED 5 1
[   362.66 ] D: CHECKED 4 0
[   362.66 ] D: CHECKED 5 1
[   362.66 ] D: CHECKED 4 0
[   362.66 ] D: CHECKED 5 1
[   362.67 ] D: CHECKED 4 0
[   362.67 ] D: CHECKED 5 1
[   362.67 ] D: CHECKED 4 0
[   362.67 ] D: CHECKED 5 1
[   370.38 ] D: findTrackIndexByPoint 0 QRect(0,0 1957x111) false QPointF(172,144)
[   370.38 ] D: findTrackIndexByPoint 1 QRect(0,111 1957x111) true QPointF(172,144)
[   370.45 ] D: mouseReleaseEvent
[   370.76 ] D: _requestForLoading false false
[   370.76 ] D: _requestForLoading2
[   370.76 ] D: _numberOfSampleBuffer 1
[   370.76 ] D: START TO load 0
[   370.76 ] D: sltPositionChanged 441000 true
[   370.76 ] D: START TO load 1
[   370.76 ] D: START TO load 2
[   370.76 ] D: START TO load 3
[   370.76 ] D: frame_offset 0 0 10
[   370.77 ] D: frame_offset 0 1 10
[   370.77 ] D: frame_offset 0 2 10
[   370.77 ] D: frame_offset 0 3 10
[   370.77 ] D: frame_offset 0 4 10
[   370.77 ] D: sltFirstBufferFilled ("{51ee4249-908e-4e6e-aac4-ae4c748dbb41}") "{51ee4249-908e-4e6e-aac4-ae4c748dbb41}" true
[   370.77 ] D: _requestForLoading true false
[   372.77 ] D: CHECKED 4 0
[   372.77 ] D: CHECKED 5 1
[   372.79 ] D: CHECKED 4 0
[   372.79 ] D: CHECKED 5 1
[   372.79 ] D: CHECKED 4 0
[   372.79 ] D: CHECKED 5 1
[   372.79 ] D: CHECKED 4 0
[   372.79 ] D: CHECKED 5 1
[   372.81 ] D: CHECKED 4 0
[   372.81 ] D: CHECKED 5 1
[   372.81 ] D: CHECKED 4 0
[   372.81 ] D: CHECKED 5 1
[   372.81 ] D: CHECKED 4 0
[   372.81 ] D: CHECKED 5 1
[   372.83 ] D: CHECKED 4 0
[   372.83 ] D: CHECKED 5 1
[   372.83 ] D: CHECKED 4 0
[   372.83 ] D: CHECKED 5 1
[   372.83 ] D: CHECKED 4 0
[   372.83 ] D: CHECKED 5 1
[   372.84 ] D: CHECKED 4 0
[   372.84 ] D: CHECKED 5 1
[   372.84 ] D: CHECKED 4 0
[   372.84 ] D: CHECKED 5 1
[   372.84 ] D: CHECKED 4 0
[   372.84 ] D: CHECKED 5 1
[   372.86 ] D: CHECKED 4 0
[   372.86 ] D: CHECKED 5 1
[   372.86 ] D: CHECKED 4 0
[   372.86 ] D: CHECKED 5 1
[   372.86 ] D: CHECKED 4 0
[   372.86 ] D: CHECKED 5 1
[   372.88 ] D: CHECKED 4 0
[   372.88 ] D: CHECKED 5 1
[   372.88 ] D: CHECKED 4 0
[   372.88 ] D: CHECKED 5 1
[   372.88 ] D: CHECKED 4 0
[   372.88 ] D: CHECKED 5 1
[   372.90 ] D: CHECKED 4 0
[   372.90 ] D: CHECKED 5 1
[   372.90 ] D: CHECKED 4 0
[   372.90 ] D: CHECKED 5 1
[   372.90 ] D: CHECKED 4 0
[   372.90 ] D: CHECKED 5 1
[   372.91 ] D: CHECKED 4 0
[   372.91 ] D: CHECKED 5 1
[   372.91 ] D: CHECKED 4 0
[   372.91 ] D: CHECKED 5 1
[   372.91 ] D: CHECKED 4 0
[   372.91 ] D: CHECKED 5 1
[   372.93 ] D: CHECKED 4 0
[   372.93 ] D: CHECKED 5 1
[   372.93 ] D: CHECKED 4 0
[   372.93 ] D: CHECKED 5 1
[   372.93 ] D: CHECKED 4 0
[   372.93 ] D: CHECKED 5 1
[   372.95 ] D: CHECKED 4 0
[   372.95 ] D: CHECKED 5 1
[   372.95 ] D: CHECKED 4 0
[   372.95 ] D: CHECKED 5 1
[   372.95 ] D: CHECKED 4 0
[   372.95 ] D: CHECKED 5 1
[   372.97 ] D: CHECKED 4 0
[   372.97 ] D: CHECKED 5 1
[   372.97 ] D: CHECKED 4 0
[   372.97 ] D: CHECKED 5 1
[   372.97 ] D: CHECKED 4 0
[   372.97 ] D: CHECKED 5 1
[   372.98 ] D: CHECKED 4 0
[   372.98 ] D: CHECKED 5 1
[   372.98 ] D: CHECKED 4 0
[   372.98 ] D: CHECKED 5 1
[   372.98 ] D: CHECKED 4 0
[   372.98 ] D: CHECKED 5 1
[   373.00 ] D: CHECKED 4 0
[   373.00 ] D: CHECKED 5 1
[   373.00 ] D: CHECKED 4 0
[   373.00 ] D: CHECKED 5 1
[   373.00 ] D: CHECKED 4 0
[   373.00 ] D: CHECKED 5 1
[   373.02 ] D: CHECKED 4 0
[   373.02 ] D: CHECKED 5 1
[   373.02 ] D: CHECKED 4 0
[   373.02 ] D: CHECKED 5 1
[   373.02 ] D: CHECKED 4 0
[   373.02 ] D: CHECKED 5 1
[   373.03 ] D: CHECKED 4 0
[   373.03 ] D: CHECKED 5 1
[   373.03 ] D: CHECKED 4 0
[   373.03 ] D: CHECKED 5 1
[   373.03 ] D: CHECKED 4 0
[   373.03 ] D: CHECKED 5 1
[   373.05 ] D: CHECKED 4 0
[   373.05 ] D: CHECKED 5 1
[   373.05 ] D: CHECKED 4 0
[   373.05 ] D: CHECKED 5 1
[   373.05 ] D: CHECKED 4 0
[   373.05 ] D: CHECKED 5 1
[   373.07 ] D: CHECKED 4 0
[   373.07 ] D: CHECKED 5 1
[   373.07 ] D: CHECKED 4 0
[   373.07 ] D: CHECKED 5 1
[   373.07 ] D: CHECKED 4 0
[   373.07 ] D: CHECKED 5 1
[   373.09 ] D: CHECKED 4 0
[   373.09 ] D: CHECKED 5 1
[   373.09 ] D: CHECKED 4 0
[   373.09 ] D: CHECKED 5 1
[   373.09 ] D: CHECKED 4 0
[   373.09 ] D: CHECKED 5 1
[   373.10 ] D: CHECKED 4 0
[   373.10 ] D: CHECKED 5 1
[   373.10 ] D: CHECKED 4 0
[   373.10 ] D: CHECKED 5 1
[   373.10 ] D: CHECKED 4 0
[   373.10 ] D: CHECKED 5 1
[   373.12 ] D: CHECKED 4 0
[   373.12 ] D: CHECKED 5 1
[   373.12 ] D: CHECKED 4 0
[   373.12 ] D: CHECKED 5 1
[   373.12 ] D: CHECKED 4 0
[   373.12 ] D: CHECKED 5 1
[   373.14 ] D: CHECKED 4 0
[   373.14 ] D: CHECKED 5 1
[   373.14 ] D: CHECKED 4 0
[   373.14 ] D: CHECKED 5 1
[   373.14 ] D: CHECKED 4 0
[   373.14 ] D: CHECKED 5 1
[   373.16 ] D: CHECKED 4 0
[   373.16 ] D: CHECKED 5 1
[   373.16 ] D: CHECKED 4 0
[   373.16 ] D: CHECKED 5 1
[   373.16 ] D: CHECKED 4 0
[   373.16 ] D: CHECKED 5 1
[   373.17 ] D: CHECKED 4 0
[   373.17 ] D: CHECKED 5 1
[   373.17 ] D: CHECKED 4 0
[   373.17 ] D: CHECKED 5 1
[   373.17 ] D: CHECKED 4 0
[   373.17 ] D: CHECKED 5 1
[   373.19 ] D: CHECKED 4 0
[   373.19 ] D: CHECKED 5 1
[   373.19 ] D: CHECKED 4 0
[   373.19 ] D: CHECKED 5 1
[   373.19 ] D: CHECKED 4 0
[   373.19 ] D: CHECKED 5 1
[   373.21 ] D: CHECKED 4 0
[   373.21 ] D: CHECKED 5 1
[   373.21 ] D: CHECKED 4 0
[   373.21 ] D: CHECKED 5 1
[   373.21 ] D: CHECKED 4 0
[   373.21 ] D: CHECKED 5 1
[   373.23 ] D: CHECKED 4 0
[   373.23 ] D: CHECKED 5 1
[   373.23 ] D: CHECKED 4 0
[   373.23 ] D: CHECKED 5 1
[   373.23 ] D: CHECKED 4 0
[   373.23 ] D: CHECKED 5 1
[   373.24 ] D: CHECKED 4 0
[   373.24 ] D: CHECKED 5 1
[   373.24 ] D: CHECKED 4 0
[   373.24 ] D: CHECKED 5 1
[   373.24 ] D: CHECKED 4 0
[   373.24 ] D: CHECKED 5 1
[   373.26 ] D: CHECKED 4 0
[   373.26 ] D: CHECKED 5 1
[   373.26 ] D: CHECKED 4 0
[   373.26 ] D: CHECKED 5 1
[   373.26 ] D: CHECKED 4 0
[   373.26 ] D: CHECKED 5 1
[   373.28 ] D: CHECKED 4 0
[   373.28 ] D: CHECKED 5 1
[   373.28 ] D: CHECKED 4 0
[   373.28 ] D: CHECKED 5 1
[   373.28 ] D: CHECKED 4 0
[   373.28 ] D: CHECKED 5 1
[   373.30 ] D: CHECKED 4 0
[   373.30 ] D: CHECKED 5 1
[   373.30 ] D: CHECKED 4 0
[   373.30 ] D: CHECKED 5 1
[   373.30 ] D: CHECKED 4 0
[   373.30 ] D: CHECKED 5 1
[   373.31 ] D: CHECKED 4 0
[   373.31 ] D: CHECKED 5 1
[   373.31 ] D: CHECKED 4 0
[   373.31 ] D: CHECKED 5 1
[   373.31 ] D: CHECKED 4 0
[   373.31 ] D: CHECKED 5 1
[   373.33 ] D: CHECKED 4 0
[   373.33 ] D: CHECKED 5 1
[   373.33 ] D: CHECKED 4 0
[   373.33 ] D: CHECKED 5 1
[   373.33 ] D: CHECKED 4 0
[   373.33 ] D: CHECKED 5 1
[   373.35 ] D: CHECKED 4 0
[   373.35 ] D: CHECKED 5 1
[   373.35 ] D: CHECKED 4 0
[   373.35 ] D: CHECKED 5 1
[   373.35 ] D: CHECKED 4 0
[   373.35 ] D: CHECKED 5 1
[   373.37 ] D: CHECKED 4 0
[   373.37 ] D: CHECKED 5 1
[   373.37 ] D: CHECKED 4 0
[   373.37 ] D: CHECKED 5 1
[   373.37 ] D: CHECKED 4 0
[   373.37 ] D: CHECKED 5 1
[   373.38 ] D: CHECKED 4 0
[   373.38 ] D: CHECKED 5 1
[   373.38 ] D: CHECKED 4 0
[   373.38 ] D: CHECKED 5 1
[   373.38 ] D: CHECKED 4 0
[   373.38 ] D: CHECKED 5 1
[   373.40 ] D: CHECKED 4 0
[   373.40 ] D: CHECKED 5 1
[   373.40 ] D: CHECKED 4 0
[   373.40 ] D: CHECKED 5 1
[   373.40 ] D: CHECKED 4 0
[   373.40 ] D: CHECKED 5 1
[   373.42 ] D: CHECKED 4 0
[   373.42 ] D: CHECKED 5 1
[   373.42 ] D: CHECKED 4 0
[   373.42 ] D: CHECKED 5 1
[   373.42 ] D: CHECKED 4 0
[   373.42 ] D: CHECKED 5 1
[   373.44 ] D: CHECKED 4 0
[   373.44 ] D: CHECKED 5 1
[   373.44 ] D: CHECKED 4 0
[   373.44 ] D: CHECKED 5 1
[   373.44 ] D: CHECKED 4 0
[   373.44 ] D: CHECKED 5 1
[   373.45 ] D: CHECKED 4 0
[   373.45 ] D: CHECKED 5 1
[   373.45 ] D: CHECKED 4 0
[   373.45 ] D: CHECKED 5 1
[   373.45 ] D: CHECKED 4 0
[   373.45 ] D: CHECKED 5 1
[   373.47 ] D: CHECKED 4 0
[   373.47 ] D: CHECKED 5 1
[   373.47 ] D: CHECKED 4 0
[   373.47 ] D: CHECKED 5 1
[   373.47 ] D: CHECKED 4 0
[   373.47 ] D: CHECKED 5 1
[   373.49 ] D: CHECKED 4 0
[   373.49 ] D: CHECKED 5 1
[   373.49 ] D: CHECKED 4 0
[   373.49 ] D: CHECKED 5 1
[   373.49 ] D: CHECKED 4 0
[   373.49 ] D: CHECKED 5 1
[   373.51 ] D: CHECKED 4 0
[   373.51 ] D: CHECKED 5 1
[   373.51 ] D: CHECKED 4 0
[   373.51 ] D: CHECKED 5 1
[   373.51 ] D: CHECKED 4 0
[   373.51 ] D: CHECKED 5 1
[   373.52 ] D: CHECKED 4 0
[   373.52 ] D: CHECKED 5 1
[   373.52 ] D: CHECKED 4 0
[   373.52 ] D: CHECKED 5 1
[   373.52 ] D: CHECKED 4 0
[   373.52 ] D: CHECKED 5 1
[   373.54 ] D: CHECKED 4 0
[   373.54 ] D: CHECKED 5 1
[   373.54 ] D: CHECKED 4 0
[   373.54 ] D: CHECKED 5 1
[   373.54 ] D: CHECKED 4 0
[   373.54 ] D: CHECKED 5 1
[   373.56 ] D: CHECKED 4 0
[   373.56 ] D: CHECKED 5 1
[   373.56 ] D: CHECKED 4 0
[   373.56 ] D: CHECKED 5 1
[   373.56 ] D: CHECKED 4 0
[   373.56 ] D: CHECKED 5 1
[   373.57 ] D: CHECKED 4 0
[   373.57 ] D: CHECKED 5 1
[   373.57 ] D: CHECKED 4 0
[   373.57 ] D: CHECKED 5 1
[   373.57 ] D: CHECKED 4 0
[   373.57 ] D: CHECKED 5 1
[   373.59 ] D: CHECKED 4 0
[   373.59 ] D: CHECKED 5 1
[   373.59 ] D: CHECKED 4 0
[   373.59 ] D: CHECKED 5 1
[   373.59 ] D: CHECKED 4 0
[   373.59 ] D: CHECKED 5 1
[   373.61 ] D: CHECKED 4 0
[   373.61 ] D: CHECKED 5 1
[   373.61 ] D: CHECKED 4 0
[   373.61 ] D: CHECKED 5 1
[   373.61 ] D: CHECKED 4 0
[   373.61 ] D: CHECKED 5 1
[   373.63 ] D: CHECKED 4 0
[   373.63 ] D: CHECKED 5 1
[   373.63 ] D: CHECKED 4 0
[   373.63 ] D: CHECKED 5 1
[   373.63 ] D: CHECKED 4 0
[   373.63 ] D: CHECKED 5 1
[   373.64 ] D: CHECKED 4 0
[   373.64 ] D: CHECKED 5 1
[   373.64 ] D: CHECKED 4 0
[   373.64 ] D: CHECKED 5 1
[   373.64 ] D: CHECKED 4 0
[   373.64 ] D: CHECKED 5 1
[   373.66 ] D: CHECKED 4 0
[   373.66 ] D: CHECKED 5 1
[   373.66 ] D: CHECKED 4 0
[   373.66 ] D: CHECKED 5 1
[   373.66 ] D: CHECKED 4 0
[   373.66 ] D: CHECKED 5 1
[   373.68 ] D: CHECKED 4 0
[   373.68 ] D: CHECKED 5 1
[   373.68 ] D: CHECKED 4 0
[   373.68 ] D: CHECKED 5 1
[   373.68 ] D: CHECKED 4 0
[   373.68 ] D: CHECKED 5 1
[   373.70 ] D: CHECKED 4 0
[   373.70 ] D: CHECKED 5 1
[   373.70 ] D: CHECKED 4 0
[   373.70 ] D: CHECKED 5 1
[   373.70 ] D: CHECKED 4 0
[   373.70 ] D: CHECKED 5 1
[   373.71 ] D: CHECKED 4 0
[   373.71 ] D: CHECKED 5 1
[   373.71 ] D: CHECKED 4 0
[   373.71 ] D: CHECKED 5 1
[   373.71 ] D: CHECKED 4 0
[   373.71 ] D: CHECKED 5 1
[   373.73 ] D: CHECKED 4 0
[   373.73 ] D: CHECKED 5 1
[   373.73 ] D: CHECKED 4 0
[   373.73 ] D: CHECKED 5 1
[   373.73 ] D: CHECKED 4 0
[   373.73 ] D: CHECKED 5 1
[   373.75 ] D: CHECKED 4 0
[   373.75 ] D: CHECKED 5 1
[   373.75 ] D: CHECKED 4 0
[   373.75 ] D: CHECKED 5 1
[   373.75 ] D: CHECKED 4 0
[   373.75 ] D: CHECKED 5 1
[   373.77 ] D: CHECKED 4 0
[   373.77 ] D: CHECKED 5 1
[   373.77 ] D: CHECKED 4 0
[   373.77 ] D: CHECKED 5 1
[   373.77 ] D: CHECKED 4 0
[   373.77 ] D: CHECKED 5 1
[   373.78 ] D: CHECKED 4 0
[   373.78 ] D: CHECKED 5 1
[   373.78 ] D: CHECKED 4 0
[   373.78 ] D: CHECKED 5 1
[   373.78 ] D: CHECKED 4 0
[   373.78 ] D: CHECKED 5 1
[   373.80 ] D: CHECKED 4 0
[   373.80 ] D: CHECKED 5 1
[   373.80 ] D: CHECKED 4 0
[   373.80 ] D: CHECKED 5 1
[   373.80 ] D: CHECKED 4 0
[   373.80 ] D: CHECKED 5 1
[   373.82 ] D: CHECKED 4 0
[   373.82 ] D: CHECKED 5 1
[   373.82 ] D: CHECKED 4 0
[   373.82 ] D: CHECKED 5 1
[   373.82 ] D: CHECKED 4 0
[   373.82 ] D: CHECKED 5 1
[   373.84 ] D: CHECKED 4 0
[   373.84 ] D: CHECKED 5 1
[   373.84 ] D: CHECKED 4 0
[   373.84 ] D: CHECKED 5 1
[   373.84 ] D: CHECKED 4 0
[   373.84 ] D: CHECKED 5 1
[   373.85 ] D: CHECKED 4 0
[   373.85 ] D: CHECKED 5 1
[   373.85 ] D: CHECKED 4 0
[   373.85 ] D: CHECKED 5 1
[   373.85 ] D: CHECKED 4 0
[   373.85 ] D: CHECKED 5 1
[   373.87 ] D: CHECKED 4 0
[   373.87 ] D: CHECKED 5 1
[   373.87 ] D: CHECKED 4 0
[   373.87 ] D: CHECKED 5 1
[   373.87 ] D: CHECKED 4 0
[   373.87 ] D: CHECKED 5 1
[   373.89 ] D: CHECKED 4 0
[   373.89 ] D: CHECKED 5 1
[   373.89 ] D: CHECKED 4 0
[   373.89 ] D: CHECKED 5 1
[   373.89 ] D: CHECKED 4 0
[   373.89 ] D: CHECKED 5 1
[   373.91 ] D: CHECKED 4 0
[   373.91 ] D: CHECKED 5 1
[   373.91 ] D: CHECKED 4 0
[   373.91 ] D: CHECKED 5 1
[   373.91 ] D: CHECKED 4 0
[   373.91 ] D: CHECKED 5 1
[   373.92 ] D: CHECKED 4 0
[   373.92 ] D: CHECKED 5 1
[   373.92 ] D: CHECKED 4 0
[   373.92 ] D: CHECKED 5 1
[   373.92 ] D: CHECKED 4 0
[   373.92 ] D: CHECKED 5 1
[   373.94 ] D: CHECKED 4 0
[   373.94 ] D: CHECKED 5 1
[   373.94 ] D: CHECKED 4 0
[   373.94 ] D: CHECKED 5 1
[   373.94 ] D: CHECKED 4 0
[   373.94 ] D: CHECKED 5 1
[   373.96 ] D: CHECKED 4 0
[   373.96 ] D: CHECKED 5 1
[   373.96 ] D: CHECKED 4 0
[   373.96 ] D: CHECKED 5 1
[   373.96 ] D: CHECKED 4 0
[   373.96 ] D: CHECKED 5 1
[   373.98 ] D: CHECKED 4 0
[   373.98 ] D: CHECKED 5 1
[   373.98 ] D: CHECKED 4 0
[   373.98 ] D: CHECKED 5 1
[   373.98 ] D: CHECKED 4 0
[   373.98 ] D: CHECKED 5 1
[   373.99 ] D: CHECKED 4 0
[   373.99 ] D: CHECKED 5 1
[   373.99 ] D: CHECKED 4 0
[   373.99 ] D: CHECKED 5 1
[   373.99 ] D: CHECKED 4 0
[   373.99 ] D: CHECKED 5 1
[   374.01 ] D: CHECKED 4 0
[   374.01 ] D: CHECKED 5 1
[   374.01 ] D: CHECKED 4 0
[   374.01 ] D: CHECKED 5 1
[   374.01 ] D: CHECKED 4 0
[   374.01 ] D: CHECKED 5 1
[   374.03 ] D: CHECKED 4 0
[   374.03 ] D: CHECKED 5 1
[   374.03 ] D: CHECKED 4 0
[   374.03 ] D: CHECKED 5 1
[   374.03 ] D: CHECKED 4 0
[   374.03 ] D: CHECKED 5 1
[   374.04 ] D: CHECKED 4 0
[   374.04 ] D: CHECKED 5 1
[   374.04 ] D: CHECKED 4 0
[   374.04 ] D: CHECKED 5 1
[   374.04 ] D: CHECKED 4 0
[   374.04 ] D: CHECKED 5 1
[   374.06 ] D: CHECKED 4 0
[   374.06 ] D: CHECKED 5 1
[   374.06 ] D: CHECKED 4 0
[   374.06 ] D: CHECKED 5 1
[   374.06 ] D: CHECKED 4 0
[   374.06 ] D: CHECKED 5 1
[   374.08 ] D: CHECKED 4 0
[   374.08 ] D: CHECKED 5 1
[   374.08 ] D: CHECKED 4 0
[   374.08 ] D: CHECKED 5 1
[   374.08 ] D: CHECKED 4 0
[   374.08 ] D: CHECKED 5 1
[   374.10 ] D: CHECKED 4 0
[   374.10 ] D: CHECKED 5 1
[   374.10 ] D: CHECKED 4 0
[   374.10 ] D: CHECKED 5 1
[   374.10 ] D: CHECKED 4 0
[   374.10 ] D: CHECKED 5 1
[   374.11 ] D: CHECKED 4 0
[   374.11 ] D: CHECKED 5 1
[   374.11 ] D: CHECKED 4 0
[   374.11 ] D: CHECKED 5 1
[   374.11 ] D: CHECKED 4 0
[   374.11 ] D: CHECKED 5 1
[   374.13 ] D: CHECKED 4 0
[   374.13 ] D: CHECKED 5 1
[   374.13 ] D: CHECKED 4 0
[   374.13 ] D: CHECKED 5 1
[   374.13 ] D: CHECKED 4 0
[   374.13 ] D: CHECKED 5 1
[   374.15 ] D: CHECKED 4 0
[   374.15 ] D: CHECKED 5 1
[   374.15 ] D: CHECKED 4 0
[   374.15 ] D: CHECKED 5 1
[   374.15 ] D: CHECKED 4 0
[   374.15 ] D: CHECKED 5 1
[   374.17 ] D: CHECKED 4 0
[   374.17 ] D: CHECKED 5 1
[   374.17 ] D: CHECKED 4 0
[   374.17 ] D: CHECKED 5 1
[   374.17 ] D: CHECKED 4 0
[   374.17 ] D: CHECKED 5 1
[   374.18 ] D: CHECKED 4 0
[   374.18 ] D: CHECKED 5 1
[   374.18 ] D: CHECKED 4 0
[   374.18 ] D: CHECKED 5 1
[   374.18 ] D: CHECKED 4 0
[   374.18 ] D: CHECKED 5 1
[   374.20 ] D: CHECKED 4 0
[   374.20 ] D: CHECKED 5 1
[   374.20 ] D: CHECKED 4 0
[   374.20 ] D: CHECKED 5 1
[   374.20 ] D: CHECKED 4 0
[   374.20 ] D: CHECKED 5 1
[   374.22 ] D: CHECKED 4 0
[   374.22 ] D: CHECKED 5 1
[   374.22 ] D: CHECKED 4 0
[   374.22 ] D: CHECKED 5 1
[   374.22 ] D: CHECKED 4 0
[   374.22 ] D: CHECKED 5 1
[   374.24 ] D: CHECKED 4 0
[   374.24 ] D: CHECKED 5 1
[   374.24 ] D: CHECKED 4 0
[   374.24 ] D: CHECKED 5 1
[   374.24 ] D: CHECKED 4 0
[   374.24 ] D: CHECKED 5 1
[   374.25 ] D: CHECKED 4 0
[   374.25 ] D: CHECKED 5 1
[   374.25 ] D: CHECKED 4 0
[   374.25 ] D: CHECKED 5 1
[   374.25 ] D: CHECKED 4 0
[   374.25 ] D: CHECKED 5 1
[   374.27 ] D: AsyncFileReader 0 5
[   374.27 ] D: CHECKED 4 0
[   374.27 ] D: CHECKED 5 1
[   374.27 ] D: CHECKED 4 0
[   374.27 ] D: CHECKED 5 1
[   374.27 ] D: CHECKED 4 0
[   374.27 ] D: CHECKED 5 1
[   374.29 ] D: CHECKED 4 0
[   374.29 ] D: CHECKED 5 1
[   374.29 ] D: CHECKED 4 0
[   374.29 ] D: CHECKED 5 1
[   374.29 ] D: CHECKED 4 0
[   374.29 ] D: CHECKED 5 1
[   374.31 ] D: CHECKED 4 0
[   374.31 ] D: CHECKED 5 1
[   374.31 ] D: CHECKED 4 0
[   374.31 ] D: CHECKED 5 1
[   374.31 ] D: CHECKED 4 0
[   374.31 ] D: CHECKED 5 1
[   374.32 ] D: CHECKED 4 0
[   374.32 ] D: CHECKED 5 1
[   374.32 ] D: CHECKED 4 0
[   374.32 ] D: CHECKED 5 1
[   374.32 ] D: CHECKED 4 0
[   374.32 ] D: CHECKED 5 1
[   374.34 ] D: CHECKED 4 0
[   374.34 ] D: CHECKED 5 1
[   374.34 ] D: CHECKED 4 0
[   374.34 ] D: CHECKED 5 1
[   374.34 ] D: CHECKED 4 0
[   374.34 ] D: CHECKED 5 1
[   374.36 ] D: CHECKED 4 0
[   374.36 ] D: CHECKED 5 1
[   374.36 ] D: CHECKED 4 0
[   374.36 ] D: CHECKED 5 1
[   374.36 ] D: CHECKED 4 0
[   374.36 ] D: CHECKED 5 1
[   374.38 ] D: CHECKED 4 0
[   374.38 ] D: CHECKED 5 1
[   374.38 ] D: CHECKED 4 0
[   374.38 ] D: CHECKED 5 1
[   374.38 ] D: CHECKED 4 0
[   374.38 ] D: CHECKED 5 1
[   374.39 ] D: CHECKED 4 0
[   374.39 ] D: CHECKED 5 1
[   374.39 ] D: CHECKED 4 0
[   374.39 ] D: CHECKED 5 1
[   374.39 ] D: CHECKED 4 0
[   374.39 ] D: CHECKED 5 1
[   374.41 ] D: CHECKED 4 0
[   374.41 ] D: CHECKED 5 1
[   374.41 ] D: CHECKED 4 0
[   374.41 ] D: CHECKED 5 1
[   374.41 ] D: CHECKED 4 0
[   374.41 ] D: CHECKED 5 1
[   374.43 ] D: CHECKED 4 0
[   374.43 ] D: CHECKED 5 1
[   374.43 ] D: CHECKED 4 0
[   374.43 ] D: CHECKED 5 1
[   374.43 ] D: CHECKED 4 0
[   374.43 ] D: CHECKED 5 1
[   374.45 ] D: CHECKED 4 0
[   374.45 ] D: CHECKED 5 1
[   374.45 ] D: CHECKED 4 0
[   374.45 ] D: CHECKED 5 1
[   374.45 ] D: CHECKED 4 0
[   374.45 ] D: CHECKED 5 1
[   374.46 ] D: CHECKED 4 0
[   374.46 ] D: CHECKED 5 1
[   374.46 ] D: CHECKED 4 0
[   374.46 ] D: CHECKED 5 1
[   374.46 ] D: CHECKED 4 0
[   374.46 ] D: CHECKED 5 1
[   374.48 ] D: CHECKED 4 0
[   374.48 ] D: CHECKED 5 1
[   374.48 ] D: CHECKED 4 0
[   374.48 ] D: CHECKED 5 1
[   374.48 ] D: CHECKED 4 0
[   374.48 ] D: CHECKED 5 1
[   374.50 ] D: CHECKED 4 0
[   374.50 ] D: CHECKED 5 1
[   374.50 ] D: CHECKED 4 0
[   374.50 ] D: CHECKED 5 1
[   374.50 ] D: CHECKED 4 0
[   374.50 ] D: CHECKED 5 1
[   374.52 ] D: CHECKED 4 0
[   374.52 ] D: CHECKED 5 1
[   374.52 ] D: CHECKED 4 0
[   374.52 ] D: CHECKED 5 1
[   374.52 ] D: CHECKED 4 0
[   374.52 ] D: CHECKED 5 1
[   374.53 ] D: CHECKED 4 0
[   374.53 ] D: CHECKED 5 1
[   374.53 ] D: CHECKED 4 0
[   374.53 ] D: CHECKED 5 1
[   374.53 ] D: CHECKED 4 0
[   374.53 ] D: CHECKED 5 1
[   374.55 ] D: CHECKED 4 0
[   374.55 ] D: CHECKED 5 1
[   374.55 ] D: CHECKED 4 0
[   374.55 ] D: CHECKED 5 1
[   374.55 ] D: CHECKED 4 0
[   374.55 ] D: CHECKED 5 1
[   374.57 ] D: CHECKED 4 0
[   374.57 ] D: CHECKED 5 1
[   374.57 ] D: CHECKED 4 0
[   374.57 ] D: CHECKED 5 1
[   374.57 ] D: CHECKED 4 0
[   374.57 ] D: CHECKED 5 1
[   374.58 ] D: CHECKED 4 0
[   374.58 ] D: CHECKED 5 1
[   374.58 ] D: CHECKED 4 0
[   374.58 ] D: CHECKED 5 1
[   374.58 ] D: CHECKED 4 0
[   374.58 ] D: CHECKED 5 1
[   374.60 ] D: CHECKED 4 0
[   374.60 ] D: CHECKED 5 1
[   374.60 ] D: CHECKED 4 0
[   374.60 ] D: CHECKED 5 1
[   374.60 ] D: CHECKED 4 0
[   374.60 ] D: CHECKED 5 1
[   374.62 ] D: CHECKED 4 0
[   374.62 ] D: CHECKED 5 1
[   374.62 ] D: CHECKED 4 0
[   374.62 ] D: CHECKED 5 1
[   374.62 ] D: CHECKED 4 0
[   374.62 ] D: CHECKED 5 1
[   379.44 ] D: "C:/Users/AmirPasha/Desktop/Rpos/DAW-3/daw-3-SampleEditor/visr_config/generic/bs2051-9+10+3-subwoofers-xover.xml"
[   379.45 ] D: numberOfSpeakersAndSubs 24
[   379.52 ] D: "C:/Users/AmirPasha/Desktop/Rpos/DAW-3/daw-3-SampleEditor/visr_config/generic/bs2051-9+10+3-subwoofers-xover.xml"
[   379.53 ] D: numberOfSpeakersAndSubs 24
[   379.56 ] D: "C:/Users/AmirPasha/Desktop/Rpos/DAW-3/daw-3-SampleEditor/visr_config/generic/bs2051-9+10+3-subwoofers-xover.xml"
[   379.57 ] D: numberOfSpeakersAndSubs 24
[   379.59 ] D: "C:/Users/AmirPasha/Desktop/Rpos/DAW-3/daw-3-SampleEditor/visr_config/generic/bs2051-9+10+3-subwoofers-xover.xml"
[   379.61 ] D: numberOfSpeakersAndSubs 24
[   379.63 ] D: "C:/Users/AmirPasha/Desktop/Rpos/DAW-3/daw-3-SampleEditor/visr_config/generic/bs2051-9+10+3-subwoofers-xover.xml"
[   379.64 ] D: numberOfSpeakersAndSubs 24
[   379.71 ] D: "C:/Users/AmirPasha/Desktop/Rpos/DAW-3/daw-3-SampleEditor/visr_config/generic/bs2051-9+10+3-subwoofers-xover.xml"
[   379.72 ] D: numberOfSpeakersAndSubs 24
[   379.75 ] D: "C:/Users/AmirPasha/Desktop/Rpos/DAW-3/daw-3-SampleEditor/visr_config/generic/bs2051-9+10+3-subwoofers-xover.xml"
[   379.76 ] D: numberOfSpeakersAndSubs 24
[   379.78 ] D: "C:/Users/AmirPasha/Desktop/Rpos/DAW-3/daw-3-SampleEditor/visr_config/generic/bs2051-9+10+3-subwoofers-xover.xml"
[   379.80 ] D: numberOfSpeakersAndSubs 24
[   379.82 ] D: "C:/Users/AmirPasha/Desktop/Rpos/DAW-3/daw-3-SampleEditor/visr_config/generic/bs2051-9+10+3-subwoofers-xover.xml"
[   379.83 ] D: numberOfSpeakersAndSubs 24
[   379.90 ] D: "C:/Users/AmirPasha/Desktop/Rpos/DAW-3/daw-3-SampleEditor/visr_config/generic/bs2051-9+10+3-subwoofers-xover.xml"
[   379.91 ] D: numberOfSpeakersAndSubs 24
[   379.95 ] D: "C:/Users/AmirPasha/Desktop/Rpos/DAW-3/daw-3-SampleEditor/visr_config/generic/bs2051-9+10+3-subwoofers-xover.xml"
[   379.96 ] D: numberOfSpeakersAndSubs 24
[   379.99 ] D: "C:/Users/AmirPasha/Desktop/Rpos/DAW-3/daw-3-SampleEditor/visr_config/generic/bs2051-9+10+3-subwoofers-xover.xml"
[   380.00 ] D: numberOfSpeakersAndSubs 24
[   380.03 ] D: "C:/Users/AmirPasha/Desktop/Rpos/DAW-3/daw-3-SampleEditor/visr_config/generic/bs2051-9+10+3-subwoofers-xover.xml"
[   380.04 ] D: numberOfSpeakersAndSubs 24
[   380.11 ] D: "C:/Users/AmirPasha/Desktop/Rpos/DAW-3/daw-3-SampleEditor/visr_config/generic/bs2051-9+10+3-subwoofers-xover.xml"
[   380.12 ] D: numberOfSpeakersAndSubs 24
[   380.14 ] D: "C:/Users/AmirPasha/Desktop/Rpos/DAW-3/daw-3-SampleEditor/visr_config/generic/bs2051-9+10+3-subwoofers-xover.xml"
[   380.16 ] D: numberOfSpeakersAndSubs 24
[   380.18 ] D: "C:/Users/AmirPasha/Desktop/Rpos/DAW-3/daw-3-SampleEditor/visr_config/generic/bs2051-9+10+3-subwoofers-xover.xml"
[   380.19 ] D: numberOfSpeakersAndSubs 24
[   380.22 ] D: setTracksRect
[   380.22 ] D: sltStartContentYChanged1
[   380.23 ] D: sltStartContentYChanged2
[   380.23 ] D: sltStartContentYChanged3
[   380.23 ] D: _tracksModel->getItem(i)->rect()1 0 QRect(0,0 1957x111)
[   380.23 ] D: _tracksModel->getItem(i)->rect()1 1 QRect(0,111 1957x111)
[   380.23 ] D: _tracksModel->getItem(i)->rect()1 2 QRect(0,222 1957x111)
[   380.23 ] D: _tracksModel->getItem(i)->rect()1 3 QRect(0,333 1957x111)
[   380.23 ] D: setTracksRect
[   380.23 ] D: setTracksRect
[   380.23 ] D: sltStartContentYChanged4
[   381.98 ] D: CHANGED 0 true
[   382.27 ] D: CHANGED 1 true
[   385.38 ] D: setTracksRect
[   385.38 ] D: sltStartContentYChanged1
[   385.38 ] D: sltStartContentYChanged2
[   385.38 ] D: sltStartContentYChanged3
[   385.38 ] D: _tracksModel->getItem(i)->rect()1 0 QRect(0,0 3582x111)
[   385.38 ] D: _tracksModel->getItem(i)->rect()1 1 QRect(0,111 3582x111)
[   385.38 ] D: _tracksModel->getItem(i)->rect()1 2 QRect(0,222 3582x111)
[   385.38 ] D: _tracksModel->getItem(i)->rect()1 3 QRect(0,333 3582x111)
[   385.38 ] D: setTracksRect
[   385.38 ] D: setTracksRect
[   385.38 ] D: sltStartContentYChanged4
[   385.38 ] D: setTracksRect
[   385.38 ] D: sltStartContentYChanged1
[   385.38 ] D: sltStartContentYChanged2
[   385.38 ] D: sltStartContentYChanged3
[   385.38 ] D: _tracksModel->getItem(i)->rect()1 0 QRect(0,0 3897x111)
[   385.38 ] D: _tracksModel->getItem(i)->rect()1 1 QRect(0,111 3897x111)
[