[     7.05 ] I: Log: Log file open in follow path at 1403/6/17 20:24:38 : C:\Users\AmirPasha\Desktop\Rpos\DAW-3\build2019\debug\Logs\Launch.log
[     7.05 ] I: The subsystem "class DGE::Core::IO::LogSystem::Logger" is registered successfully.
[     7.05 ] I: The subsystem "class DGE::Core::Windows::QtWindow" is registered successfully.
[     7.05 ] D: API version is: 4.60 ,shader version is: 4.60
[     7.05 ] I: The subsystem "class DGE::GFX::GCore::QtWrapper::QtRenderer" is registered successfully.
[     7.05 ] I: Current Render API is: 4.60
[     7.05 ] I: The subsystem "Renderer" is registered successfully.
[     7.05 ] I: The subsystem "class DGE::Core::Platforms::QtPlatform" is registered successfully.
[     7.05 ] I: The subsystem "Platform" is registered successfully.
[     7.05 ] I: The subsystem "class DGE::Core::IO::FileSystem::FileManager" is registered successfully.
[     7.05 ] I: The subsystem "class DGE::Core::CoreModule" is registered successfully.
[     7.05 ] I: The subsystem "class DGE::Core::Profiling::Profiler" is registered successfully.
[     7.05 ] I: The subsystem "class DGE::GFX::DrawablesManager" is registered successfully.
[     7.05 ] I: #version 460 core
#define GLES_Ver 460

[     7.05 ] I: The subsystem "class DGE::GFX::GraphicsManager" is registered successfully.
[     7.05 ] I: The subsystem "class DGE::GFX::GFXModule" is registered successfully.
[     7.15 ] D: Shader Compile successfully.
[     7.15 ] I: The subsystem "class DGE::Scene::ViewportManager" is registered successfully.
[     7.15 ] I: The subsystem "class DGE::Scene::SceneModule" is registered successfully.
[     7.15 ] I: The subsystem "class DGE::Managers::RenderManager" is registered successfully.
[     7.15 ] D: Engine Enabled
[     7.15 ] I: The subsystem "class DGE::Engine" is registered successfully.
[     7.15 ] D: Node with id 1 is added to Qt layer
[     7.15 ] D: Node with id 2460 is added to Qt layer
[     7.15 ] D: Node with id 2462 is added to Qt layer
[     7.15 ] D: Node with id 2464 is added to Qt layer
[     7.15 ] D: Node with id 2466 is added to Qt layer
[     7.15 ] D: Node with id 2468 is added to Qt layer
[     7.15 ] D: Node with id 2470 is added to Qt layer
[     7.15 ] D: Node with id 2472 is added to Qt layer
[     7.15 ] D: Node with id 2474 is added to Qt layer
[     7.15 ] D: Node with id 2476 is added to Qt layer
[     7.15 ] D: Node with id 2478 is added to Qt layer
[     7.16 ] D: Node with id 2480 is added to Qt layer
[     7.16 ] D: Node with id 2482 is added to Qt layer
[     7.16 ] D: Node with id 2484 is added to Qt layer
[     7.16 ] D: Node with id 2486 is added to Qt layer
[     7.16 ] D: Node with id 2487 is added to Qt layer
[     7.16 ] D: Node with id 2489 is added to Qt layer
[     7.16 ] D: Node with id 2491 is added to Qt layer
[     7.16 ] D: Node with id 3 is added to Qt layer
[     7.16 ] D: Node with id 2493 is added to Qt layer
[     7.16 ] S: New view-port registered with id: 1
[     7.16 ] S: New view-port registered with id: 2
[     7.16 ] S: New view-port registered with id: 3
[     7.16 ] S: New view-port registered with id: 4
[     7.16 ] S: New view-port registered with id: 5
[     7.16 ] S: New view-port registered with id: 6
[     7.27 ] D: Creating suitable QNanoBackend for OpenGL 4.6 context
[     7.27 ] D: Using backend: "OpenGL 3"
[     7.31 ] W: Floating point comparison needs context sanity check
[     7.31 ] D: QT onScaleChanged=  144
[     7.36 ] W: ShaderEffectSource: 'recursive' must be set to true when rendering recursively.
[     7.36 ] W: ShaderEffectSource: 'recursive' must be set to true when rendering recursively.
[     7.37 ] W: ShaderEffectSource: 'recursive' must be set to true when rendering recursively.
[     7.38 ] W: ShaderEffectSource: 'recursive' must be set to true when rendering recursively.
[     7.56 ] D: Engine Started.
[    19.97 ] D: Plugin does not support requested bus layout
[    19.98 ] D: ADDED
[    33.24 ] D: Plugin does not support requested bus layout
[    33.24 ] D: ADDED
[    36.10 ] D: _editController->getParameterCount() 13
[    36.10 ] D: defaultValue 1
[    36.10 ] D: defaultValue 0
[    36.10 ] D: defaultValue 0.5
[    36.10 ] D: defaultValue 0.5
[    36.10 ] D: defaultValue 0.5
[    36.10 ] D: defaultValue 0.365345
[    36.10 ] D: defaultValue 0
[    36.10 ] D: defaultValue 0.0416667
[    36.10 ] D: defaultValue 0
[    36.11 ] D: effectModel.controls VST3
[    36.11 ] D: ADDED 0 0 0
[    36.13 ] D: ADDED 1 0 0
[    36.13 ] D: ADDED 2 0 0
[    36.13 ] D: ADDED 3 0 0
[    36.13 ] D: ADDED
[    41.26 ] D: sltDataChagedFromView
[    41.27 ] D: sltDataChagedFromView
[    41.28 ] D: sltDataChagedFromView
[    41.28 ] D: sltDataChagedFromView
[    41.28 ] D: sltDataChagedFromView
[    41.29 ] D: sltDataChagedFromView
[    41.29 ] D: sltDataChagedFromView
[    41.29 ] D: sltDataChagedFromView
[    41.30 ] D: sltDataChagedFromView
[    41.31 ] D: sltDataChagedFromView
[    41.31 ] D: sltDataChagedFromView
[    41.32 ] D: sltDataChagedFromView
[    41.32 ] D: sltDataChagedFromView
[    41.32 ] D: sltDataChagedFromView
[    41.33 ] D: sltDataChagedFromView
[    41.34 ] D: sltDataChagedFromView
[    41.34 ] D: sltDataChagedFromView
[    41.34 ] D: sltDataChagedFromView
[    41.34 ] D: sltDataChagedFromView
[    41.35 ] D: sltDataChagedFromView
[    41.36 ] D: sltDataChagedFromView
[    41.36 ] D: sltDataChagedFromView
[    41.37 ] D: sltDataChagedFromView
[    41.37 ] D: sltDataChagedFromView
[    41.38 ] D: sltDataChagedFromView
[    41.39 ] D: sltDataChagedFromView
[    41.39 ] D: sltDataChagedFromView
[    41.39 ] D: sltDataChagedFromView
[    41.40 ] D: sltDataChagedFromView
[    41.41 ] D: sltDataChagedFromView
[    41.41 ] D: sltDataChagedFromView
[    41.42 ] D: sltDataChagedFromView
[    41.42 ] D: sltDataChagedFromView
[    41.44 ] D: sltDataChagedFromView
[    41.44 ] D: sltDataChagedFromView
[    41.44 ] D: sltDataChagedFromView
[    41.46 ] D: sltDataChagedFromView
[    41.46 ] D: sltDataChagedFromView
[    41.46 ] D: sltDataChagedFromView
[    41.47 ] D: sltDataChagedFromView
[    41.47 ] D: sltDataChagedFromView
[    41.48 ] D: sltDataChagedFromView
[    41.49 ] D: sltDataChagedFromView
[    41.49 ] D: sltDataChagedFromView
[    41.51 ] D: sltDataChagedFromView
[    41.51 ] D: sltDataChagedFromView
[    41.51 ] D: sltDataChagedFromView
[    41.52 ] D: sltDataChagedFromView
[    41.52 ] D: sltDataChagedFromView
[    41.55 ] D: sltDataChagedFromView
[    41.56 ] D: sltDataChagedFromView
[    41.57 ] D: sltDataChagedFromView
[    41.58 ] D: sltDataChagedFromView
[    41.59 ] D: sltDataChagedFromView
[    41.59 ] D: sltDataChagedFromView
[    41.60 ] D: sltDataChagedFromView
[    41.61 ] D: sltDataChagedFromView
[    41.62 ] D: sltDataChagedFromView
[    41.62 ] D: sltDataChagedFromView
[    41.83 ] D: sltDataChagedFromView
[    41.83 ] D: sltDataChagedFromView
[    41.84 ] D: sltDataChagedFromView
[    41.84 ] D: sltDataChagedFromView
[    41.85 ] D: sltDataChagedFromView
[    41.86 ] D: sltDataChagedFromView
[    41.86 ] D: sltDataChagedFromView
[    41.87 ] D: sltDataChagedFromView
[    41.87 ] D: sltDataChagedFromView
[    41.87 ] D: sltDataChagedFromView
[    41.88 ] D: sltDataChagedFromView
[    41.89 ] D: sltDataChagedFromView
[    41.89 ] D: sltDataChagedFromView
[    41.89 ] D: sltDataChagedFromView
[    41.89 ] D: sltDataChagedFromView
[    41.90 ] D: sltDataChagedFromView
[    41.91 ] D: sltDataChagedFromView
[    41.91 ] D: sltDataChagedFromView
[    41.91 ] D: sltDataChagedFromView
[    41.92 ] D: sltDataChagedFromView
[    41.92 ] D: sltDataChagedFromView
[    41.92 ] D: sltDataChagedFromView
[    41.93 ] D: sltDataChagedFromView
[    41.94 ] D: sltDataChagedFromView
[    41.94 ] D: sltDataChagedFromView
[    41.94 ] D: sltDataChagedFromView
[    41.94 ] D: sltDataChagedFromView
[    41.96 ] D: sltDataChagedFromView
[    41.96 ] D: sltDataChagedFromView
[    41.96 ] D: sltDataChagedFromView
[    41.96 ] D: sltDataChagedFromView
[    41.97 ] D: sltDataChagedFromView
[    41.97 ] D: sltDataChagedFromView
[    41.98 ] D: sltDataChagedFromView
[    41.99 ] D: sltDataChagedFromView
[    41.99 ] D: sltDataChagedFromView
[    41.99 ] D: sltDataChagedFromView
[    42.02 ] D: sltDataChagedFromView
[    42.05 ] D: sltDataChagedFromView
[    42.05 ] D: sltDataChagedFromView
[    42.06 ] D: sltDataChagedFromView
[    42.06 ] D: sltDataChagedFromView
[    42.06 ] D: sltDataChagedFromView
[    42.07 ] D: sltDataChagedFromView
[    42.07 ] D: sltDataChagedFromView
[    42.07 ] D: sltDataChagedFromView
[    42.08 ] D: sltDataChagedFromView
[    42.09 ] D: sltDataChagedFromView
[    42.09 ] D: sltDataChagedFromView
[    42.09 ] D: sltDataChagedFromView
[    42.10 ] D: sltDataChagedFromView
[    42.11 ] D: sltDataChagedFromView
[    42.11 ] D: sltDataChagedFromView
[    42.12 ] D: sltDataChagedFromView
[    42.12 ] D: sltDataChagedFromView
[    42.12 ] D: sltDataChagedFromView
[    42.14 ] D: sltDataChagedFromView
[    42.14 ] D: sltDataChagedFromView
[    42.14 ] D: sltDataChagedFromView
[    42.15 ] D: sltDataChagedFromView
[    42.16 ] D: sltDataChagedFromView
[    42.17 ] D: sltDataChagedFromView
[    42.17 ] D: sltDataChagedFromView
[    42.17 ] D: sltDataChagedFromView
[    42.18 ] D: sltDataChagedFromView
[    42.19 ] D: sltDataChagedFromView
[    42.19 ] D: sltDataChagedFromView
[    42.19 ] D: sltDataChagedFromView
[    42.19 ] D: sltDataChagedFromView
[    42.21 ] D: sltDataChagedFromView
[    42.21 ] D: sltDataChagedFromView
[    42.21 ] D: sltDataChagedFromView
[    42.21 ] D: sltDataChagedFromView
[    42.22 ] D: sltDataChagedFromView
[    42.22 ] D: sltDataChagedFromView
[    42.23 ] D: sltDataChagedFromView
[    42.24 ] D: sltDataChagedFromView
[    42.24 ] D: sltDataChagedFromView
[    42.24 ] D: sltDataChagedFromView
[    42.26 ] D: sltDataChagedFromView
[    42.27 ] D: sltDataChagedFromView
[    42.49 ] D: sltDataChagedFromView
[    42.49 ] D: sltDataChagedFromView
[    42.49 ] D: sltDataChagedFromView
[    42.50 ] D: sltDataChagedFromView
[    42.51 ] D: sltDataChagedFromView
[    42.51 ] D: sltDataChagedFromView
[    42.51 ] D: sltDataChagedFromView
[    42.51 ] D: sltDataChagedFromView
[    42.52 ] D: sltDataChagedFromView
[    42.52 ] D: sltDataChagedFromView
[    42.52 ] D: sltDataChagedFromView
[    42.53 ] D: sltDataChagedFromView
[    42.54 ] D: sltDataChagedFromView
[    42.54 ] D: sltDataChagedFromView
[    42.54 ] D: sltDataChagedFromView
[    42.54 ] D: sltDataChagedFromView
[    42.56 ] D: sltDataChagedFromView
[    42.56 ] D: sltDataChagedFromView
[    42.56 ] D: sltDataChagedFromView
[    42.57 ] D: sltDataChagedFromView
[    42.57 ] D: sltDataChagedFromView
[    42.57 ] D: sltDataChagedFromView
[    42.58 ] D: sltDataChagedFromView
[    42.59 ] D: sltDataChagedFromView
[    42.59 ] D: sltDataChagedFromView
[    42.59 ] D: sltDataChagedFromView
[    42.60 ] D: sltDataChagedFromView
[    42.61 ] D: sltDataChagedFromView
[    42.61 ] D: sltDataChagedFromView
[    42.62 ] D: sltDataChagedFromView
[    42.62 ] D: sltDataChagedFromView
[    42.63 ] D: sltDataChagedFromView
[    42.64 ] D: sltDataChagedFromView
[    42.64 ] D: sltDataChagedFromView
[    42.64 ] D: sltDataChagedFromView
[    42.65 ] D: sltDataChagedFromView
[    42.66 ] D: sltDataChagedFromView
[    42.67 ] D: sltDataChagedFromView
[    42.69 ] D: sltDataChagedFromView
[    42.71 ] D: sltDataChagedFromView
[    42.72 ] D: sltDataChagedFromView
[    42.74 ] D: sltDataChagedFromView
[    42.76 ] D: sltDataChagedFromView
[    42.76 ] D: sltDataChagedFromView
[    42.77 ] D: sltDataChagedFromView
[    42.77 ] D: sltDataChagedFromView
[    42.79 ] D: sltDataChagedFromView
[    42.79 ] D: sltDataChagedFromView
[    42.81 ] D: sltDataChagedFromView
[    42.81 ] D: sltDataChagedFromView
[    42.82 ] D: sltDataChagedFromView
[    42.82 ] D: sltDataChagedFromView
[    42.83 ] D: sltDataChagedFromView
[    42.84 ] D: sltDataChagedFromView
[    42.84 ] D: sltDataChagedFromView
[    42.84 ] D: sltDataChagedFromView
[    42.84 ] D: sltDataChagedFromView
[    42.85 ] D: sltDataChagedFromView
[    42.85 ] D: sltDataChagedFromView
[    42.86 ] D: sltDataChagedFromView
[    42.86 ] D: sltDataChagedFromView
[    42.86 ] D: sltDataChagedFromView
[    42.87 ] D: sltDataChagedFromView
[    42.87 ] D: sltDataChagedFromView
[    42.88 ] D: sltDataChagedFromView
[    42.89 ] D: sltDataChagedFromView
[    42.89 ] D: sltDataChagedFromView
[    42.89 ] D: sltDataChagedFromView
[    42.89 ] D: sltDataChagedFromView
[    42.90 ] D: sltDataChagedFromView
[    42.91 ] D: sltDataChagedFromView
[    42.91 ] D: sltDataChagedFromView
[    42.92 ] D: sltDataChagedFromView
[    42.92 ] D: sltDataChagedFromView
[    42.92 ] D: sltDataChagedFromView
[    42.94 ] D: sltDataChagedFromView
[    42.94 ] D: sltDataChagedFromView
[    42.94 ] D: sltDataChagedFromView
[    42.96 ] D: sltDataChagedFromView
[    42.96 ] D: sltDataChagedFromView
[    42.97 ] D: sltDataChagedFromView
[    42.97 ] D: sltDataChagedFromView
[    42.98 ] D: sltDataChagedFromView
[    42.99 ] D: sltDataChagedFromView
[    42.99 ] D: sltDataChagedFromView
[    43.01 ] D: sltDataChagedFromView
[    43.01 ] D: sltDataChagedFromView
[    43.01 ] D: sltDataChagedFromView
[    43.01 ] D: sltDataChagedFromView
[    43.02 ] D: sltDataChagedFromView
[    43.02 ] D: sltDataChagedFromView
[    43.02 ] D: sltDataChagedFromView
[    43.04 ] D: sltDataChagedFromView
[    43.04 ] D: sltDataChagedFromView
[    43.06 ] D: sltDataChagedFromView
[    43.14 ] D: sltDataChagedFromView
[    43.14 ] D: sltDataChagedFromView
[    43.15 ] D: sltDataChagedFromView
[    43.15 ] D: sltDataChagedFromView
[    43.16 ] D: sltDataChagedFromView
[    43.16 ] D: sltDataChagedFromView
[    43.55 ] D: sltDataChagedFromView
[    43.55 ] D: sltDataChagedFromView
[    43.56 ] D: sltDataChagedFromView
[    43.56 ] D: sltDataChagedFromView
[    43.57 ] D: sltDataChagedFromView
[    43.57 ] D: sltDataChagedFromView
[    43.57 ] D: sltDataChagedFromView
[    43.58 ] D: sltDataChagedFromView
[    43.59 ] D: sltDataChagedFromView
[    43.59 ] D: sltDataChagedFromView
[    43.59 ] D: sltDataChagedFromView
[    43.59 ] D: sltDataChagedFromView
[    43.60 ] D: sltDataChagedFromView
[    43.61 ] D: sltDataChagedFromView
[    43.61 ] D: sltDataChagedFromView
[    43.61 ] D: sltDataChagedFromView
[    43.62 ] D: sltDataChagedFromView
[    43.62 ] D: sltDataChagedFromView
[    43.62 ] D: sltDataChagedFromView
[    43.63 ] D: sltDataChagedFromView
[    43.63 ] D: sltDataChagedFromView
[    43.64 ] D: sltDataChagedFromView
[    43.64 ] D: sltDataChagedFromView
[    43.64 ] D: sltDataChagedFromView
[    43.64 ] D: sltDataChagedFromView
[    43.65 ] D: sltDataChagedFromView
[    43.66 ] D: sltDataChagedFromView
[    43.66 ] D: sltDataChagedFromView
[    43.66 ] D: sltDataChagedFromView
[    43.67 ] D: sltDataChagedFromView
[    43.67 ] D: sltDataChagedFromView
[    43.68 ] D: sltDataChagedFromView
[    43.69 ] D: sltDataChagedFromView
[    43.69 ] D: sltDataChagedFromView
[    43.69 ] D: sltDataChagedFromView
[    43.69 ] D: sltDataChagedFromView
[    43.71 ] D: sltDataChagedFromView
[    43.71 ] D: sltDataChagedFromView
[    43.71 ] D: sltDataChagedFromView
[    43.72 ] D: sltDataChagedFromView
[    43.72 ] D: sltDataChagedFromView
[    43.73 ] D: sltDataChagedFromView
[    43.74 ] D: sltDataChagedFromView
[    43.74 ] D: sltDataChagedFromView
[    43.76 ] D: sltDataChagedFromView
[    43.77 ] D: sltDataChagedFromView
[    43.79 ] D: sltDataChagedFromView
[    43.91 ] D: sltDataChagedFromView
[    43.91 ] D: sltDataChagedFromView
[    43.91 ] D: sltDataChagedFromView
[    43.92 ] D: sltDataChagedFromView
[    43.92 ] D: sltDataChagedFromView
[    43.93 ] D: sltDataChagedFromView
[    43.94 ] D: sltDataChagedFromView
[    43.94 ] D: sltDataChagedFromView
[    43.94 ] D: sltDataChagedFromView
[    43.94 ] D: sltDataChagedFromView
[    43.96 ] D: sltDataChagedFromView
[    43.96 ] D: sltDataChagedFromView
[    43.96 ] D: sltDataChagedFromView
[    43.96 ] D: sltDataChagedFromView
[    43.97 ] D: sltDataChagedFromView
[    43.97 ] D: sltDataChagedFromView
[    43.97 ] D: sltDataChagedFromView
[    43.98 ] D: sltDataChagedFromView
[    43.99 ] D: sltDataChagedFromView
[    43.99 ] D: sltDataChagedFromView
[    43.99 ] D: sltDataChagedFromView
[    43.99 ] D: sltDataChagedFromView
[    44.01 ] D: sltDataChagedFromView
[    44.01 ] D: sltDataChagedFromView
[    44.01 ] D: sltDataChagedFromView
[    44.01 ] D: sltDataChagedFromView
[    44.02 ] D: sltDataChagedFromView
[    44.02 ] D: sltDataChagedFromView
[    44.02 ] D: sltDataChagedFromView
[    44.03 ] D: sltDataChagedFromView
[    44.04 ] D: sltDataChagedFromView
[    44.40 ] D: sltDataChagedFromView
[    44.40 ] D: sltDataChagedFromView
[    44.41 ] D: sltDataChagedFromView
[    44.42 ] D: sltDataChagedFromView
[    44.42 ] D: sltDataChagedFromView
[    44.42 ] D: sltDataChagedFromView
[    44.43 ] D: sltDataChagedFromView
[    44.44 ] D: sltDataChagedFromView
[    44.44 ] D: sltDataChagedFromView
[    44.44 ] D: sltDataChagedFromView
[    44.44 ] D: sltDataChagedFromView
[    44.46 ] D: sltDataChagedFromView
[    44.46 ] D: sltDataChagedFromView
[    44.46 ] D: sltDataChagedFromView
[    44.46 ] D: sltDataChagedFromView
[    44.47 ] D: sltDataChagedFromView
[    44.47 ] D: sltDataChagedFromView
[    44.48 ] D: sltDataChagedFromView
[    44.49 ] D: sltDataChagedFromView
[    44.49 ] D: sltDataChagedFromView
[    44.49 ] D: sltDataChagedFromView
[    44.49 ] D: sltDataChagedFromView
[    44.51 ] D: sltDataChagedFromView
[    44.51 ] D: sltDataChagedFromView
[    44.51 ] D: sltDataChagedFromView
[    44.51 ] D: sltDataChagedFromView
[    44.52 ] D: sltDataChagedFromView
[    44.52 ] D: sltDataChagedFromView
[    44.52 ] D: sltDataChagedFromView
[    44.53 ] D: sltDataChagedFromView
[    44.54 ] D: sltDataChagedFromView
[    44.54 ] D: sltDataChagedFromView
[    44.54 ] D: sltDataChagedFromView
[    44.54 ] D: sltDataChagedFromView
[    44.56 ] D: sltDataChagedFromView
[    44.56 ] D: sltDataChagedFromView
[    44.56 ] D: sltDataChagedFromView
[    44.57 ] D: sltDataChagedFromView
[    44.57 ] D: sltDataChagedFromView
[    44.57 ] D: sltDataChagedFromView
[    44.59 ] D: sltDataChagedFromView
[    44.59 ] D: sltDataChagedFromView
[    44.59 ] D: sltDataChagedFromView
[    44.59 ] D: sltDataChagedFromView
[    44.60 ] D: sltDataChagedFromView
[    44.61 ] D: sltDataChagedFromView
[    44.61 ] D: sltDataChagedFromView
[    44.61 ] D: sltDataChagedFromView
[    44.62 ] D: sltDataChagedFromView
[    44.62 ] D: sltDataChagedFromView
[    44.62 ] D: sltDataChagedFromView
[    44.63 ] D: sltDataChagedFromView
[    44.64 ] D: sltDataChagedFromView
[    44.64 ] D: sltDataChagedFromView
[    44.64 ] D: sltDataChagedFromView
[    44.64 ] D: sltDataChagedFromView
[    44.65 ] D: sltDataChagedFromView
[    44.66 ] D: sltDataChagedFromView
[    44.66 ] D: sltDataChagedFromView
[    44.66 ] D: sltDataChagedFromView
[    44.67 ] D: sltDataChagedFromView
[    44.67 ] D: sltDataChagedFromView
[    44.69 ] D: sltDataChagedFromView
[    44.69 ] D: sltDataChagedFromView
[    44.71 ] D: sltDataChagedFromView
[    44.71 ] D: sltDataChagedFromView
[    44.71 ] D: sltDataChagedFromView
[    44.71 ] D: sltDataChagedFromView
[    44.72 ] D: sltDataChagedFromView
[    44.72 ] D: sltDataChagedFromView
[    44.73 ] D: sltDataChagedFromView
[    44.74 ] D: sltDataChagedFromView
[    44.74 ] D: sltDataChagedFromView
[    44.74 ] D: sltDataChagedFromView
[    44.76 ] D: sltDataChagedFromView
[    44.76 ] D: sltDataChagedFromView
[    44.76 ] D: sltDataChagedFromView
[    44.77 ] D: sltDataChagedFromView
[    44.77 ] D: sltDataChagedFromView
[    44.78 ] D: sltDataChagedFromView
[    44.79 ] D: sltDataChagedFromView
[    44.79 ] D: sltDataChagedFromView
[    44.81 ] D: sltDataChagedFromView
[    44.81 ] D: sltDataChagedFromView
[    44.82 ] D: sltDataChagedFromView
[    44.84 ] D: sltDataChagedFromView
[    44.85 ] D: sltDataChagedFromView
[    44.86 ] D: sltDataChagedFromView
[    44.87 ] D: sltDataChagedFromView
[    44.87 ] D: sltDataChagedFromView
[    44.89 ] D: sltDataChagedFromView
[    44.92 ] D: sltDataChagedFromView
[    45.07 ] D: sltDataChagedFromView
[    45.07 ] D: sltDataChagedFromView
[    45.09 ] D: sltDataChagedFromView
[    45.09 ] D: sltDataChagedFromView
[    45.09 ] D: sltDataChagedFromView
[    45.10 ] D: sltDataChagedFromView
[    45.11 ] D: sltDataChagedFromView
[    45.11 ] D: sltDataChagedFromView
[    45.11 ] D: sltDataChagedFromView
[    45.12 ] D: sltDataChagedFromView
[    45.12 ] D: sltDataChagedFromView
[    45.13 ] D: sltDataChagedFromView
[    45.13 ] D: sltDataChagedFromView
[    45.14 ] D: sltDataChagedFromView
[    45.14 ] D: sltDataChagedFromView
[    45.14 ] D: sltDataChagedFromView
[    45.14 ] D: sltDataChagedFromView
[    45.15 ] D: sltDataChagedFromView
[    45.16 ] D: sltDataChagedFromView
[    45.16 ] D: sltDataChagedFromView
[    45.16 ] D: sltDataChagedFromView
[    45.17 ] D: sltDataChagedFromView
[    45.19 ] D: sltDataChagedFromView
[    45.19 ] D: sltDataChagedFromView
[    45.19 ] D: sltDataChagedFromView
[    45.19 ] D: sltDataChagedFromView
[    45.21 ] D: sltDataChagedFromView
[    45.21 ] D: sltDataChagedFromView
[    45.21 ] D: sltDataChagedFromView
[    45.21 ] D: sltDataChagedFromView
[    45.22 ] D: sltDataChagedFromView
[    45.22 ] D: sltDataChagedFromView
[    45.23 ] D: sltDataChagedFromView
[    45.24 ] D: sltDataChagedFromView
[    45.24 ] D: sltDataChagedFromView
[    45.24 ] D: sltDataChagedFromView
[    45.24 ] D: sltDataChagedFromView
[    45.26 ] D: sltDataChagedFromView
[    45.26 ] D: sltDataChagedFromView
[    45.26 ] D: sltDataChagedFromView
[    45.26 ] D: sltDataChagedFromView
[    45.27 ] D: sltDataChagedFromView
[    45.27 ] D: sltDataChagedFromView
[    45.28 ] D: sltDataChagedFromView
[    45.29 ] D: sltDataChagedFromView
[    45.29 ] D: sltDataChagedFromView
[    45.29 ] D: sltDataChagedFromView
[    45.29 ] D: sltDataChagedFromView
[    45.31 ] D: sltDataChagedFromView
[    45.31 ] D: sltDataChagedFromView
[    45.31 ] D: sltDataChagedFromView
[    45.31 ] D: sltDataChagedFromView
[    45.32 ] D: sltDataChagedFromView
[    45.32 ] D: sltDataChagedFromView
[    45.33 ] D: sltDataChagedFromView
[    45.34 ] D: sltDataChagedFromView
[    45.34 ] D: sltDataChagedFromView
[    45.34 ] D: sltDataChagedFromView
[    45.34 ] D: sltDataChagedFromView
[    45.35 ] D: sltDataChagedFromView
[    45.36 ] D: sltDataChagedFromView
[    45.36 ] D: sltDataChagedFromView
[    45.36 ] D: sltDataChagedFromView
[    45.37 ] D: sltDataChagedFromView
[    45.37 ] D: sltDataChagedFromView
[    45.38 ] D: sltDataChagedFromView
[    45.50 ] D: sltDataChagedFromView
[    45.50 ] D: sltDataChagedFromView
[    45.51 ] D: sltDataChagedFromView
[    45.51 ] D: sltDataChagedFromView
[    45.51 ] D: sltDataChagedFromView
[    45.51 ] D: sltDataChagedFromView
[    45.52 ] D: sltDataChagedFromView
[    45.52 ] D: sltDataChagedFromView
[    45.52 ] D: sltDataChagedFromView
[    45.53 ] D: sltDataChagedFromView
[    45.54 ] D: sltDataChagedFromView
[    45.54 ] D: sltDataChagedFromView
[    45.54 ] D: sltDataChagedFromView
[    45.54 ] D: sltDataChagedFromView
[    45.56 ] D: sltDataChagedFromView
[    45.56 ] D: sltDataChagedFromView
[    45.56 ] D: sltDataChagedFromView
[    45.56 ] D: sltDataChagedFromView
[    45.57 ] D: sltDataChagedFromView
[    45.57 ] D: sltDataChagedFromView
[    45.57 ] D: sltDataChagedFromView
[    45.58 ] D: sltDataChagedFromView
[    45.59 ] D: sltDataChagedFromView
[    45.59 ] D: sltDataChagedFromView
[    45.59 ] D: sltDataChagedFromView
[    45.59 ] D: sltDataChagedFromView
[    45.60 ] D: sltDataChagedFromView
[    45.61 ] D: sltDataChagedFromView
[    45.61 ] D: sltDataChagedFromView
[    45.61 ] D: sltDataChagedFromView
[    45.62 ] D: sltDataChagedFromView
[    45.62 ] D: sltDataChagedFromView
[    45.63 ] D: sltDataChagedFromView
[    45.64 ] D: sltDataChagedFromView
[    45.64 ] D: sltDataChagedFromView
[    45.64 ] D: sltDataChagedFromView
[    45.64 ] D: sltDataChagedFromView
[    45.65 ] D: sltDataChagedFromView
[    45.66 ] D: sltDataChagedFromView
[    45.66 ] D: sltDataChagedFromView
[    45.66 ] D: sltDataChagedFromView
[    45.67 ] D: sltDataChagedFromView
[    45.67 ] D: sltDataChagedFromView
[    45.67 ] D: sltDataChagedFromView
[    45.68 ] D: sltDataChagedFromView
[    45.69 ] D: sltDataChagedFromView
[    45.71 ] D: sltDataChagedFromView
[    45.71 ] D: sltDataChagedFromView
[    45.72 ] D: sltDataChagedFromView
[    45.79 ] D: sltDataChagedFromView
[    45.80 ] D: sltDataChagedFromView
[    45.81 ] D: sltDataChagedFromView
[    45.81 ] D: sltDataChagedFromView
[    45.81 ] D: sltDataChagedFromView
[    45.81 ] D: sltDataChagedFromView
[    45.82 ] D: sltDataChagedFromView
[    45.82 ] D: sltDataChagedFromView
[    45.83 ] D: sltDataChagedFromView
[    45.84 ] D: sltDataChagedFromView
[    45.84 ] D: sltDataChagedFromView
[    45.85 ] D: sltDataChagedFromView
[    45.86 ] D: sltDataChagedFromView
[    45.86 ] D: sltDataChagedFromView
[    45.86 ] D: sltDataChagedFromView
[    45.87 ] D: sltDataChagedFromView
[    45.87 ] D: sltDataChagedFromView
[    45.88 ] D: sltDataChagedFromView
[    45.89 ] D: sltDataChagedFromView
[    45.89 ] D: sltDataChagedFromView
[    45.89 ] D: sltDataChagedFromView
[    45.89 ] D: sltDataChagedFromView
[    45.90 ] D: sltDataChagedFromView
[    45.91 ] D: sltDataChagedFromView
[    45.91 ] D: sltDataChagedFromView
[    45.91 ] D: sltDataChagedFromView
[    45.92 ] D: sltDataChagedFromView
[    45.92 ] D: sltDataChagedFromView
[    45.92 ] D: sltDataChagedFromView
[    45.93 ] D: sltDataChagedFromView
[    45.94 ] D: sltDataChagedFromView
[    45.94 ] D: sltDataChagedFromView
[    45.94 ] D: sltDataChagedFromView
[    45.94 ] D: sltDataChagedFromView
[    45.96 ] D: sltDataChagedFromView
[    45.96 ] D: sltDataChagedFromView
[    45.96 ] D: sltDataChagedFromView
[    45.97 ] D: sltDataChagedFromView
[    45.97 ] D: sltDataChagedFromView
[    45.99 ] D: sltDataChagedFromView
[    46.06 ] D: sltDataChagedFromView
[    46.06 ] D: sltDataChagedFromView
[    46.07 ] D: sltDataChagedFromView
[    46.07 ] D: sltDataChagedFromView
[    46.07 ] D: sltDataChagedFromView
[    46.07 ] D: sltDataChagedFromView
[    46.08 ] D: sltDataChagedFromView
[    46.09 ] D: sltDataChagedFromView
[    46.09 ] D: sltDataChagedFromView
[    46.09 ] D: sltDataChagedFromView
[    46.09 ] D: sltDataChagedFromView
[    46.10 ] D: sltDataChagedFromView
[    46.11 ] D: sltDataChagedFromView
[    46.11 ] D: sltDataChagedFromView
[    46.11 ] D: sltDataChagedFromView
[    46.12 ] D: sltDataChagedFromView
[    46.12 ] D: sltDataChagedFromView
[    46.12 ] D: sltDataChagedFromView
[    46.13 ] D: sltDataChagedFromView
[    46.14 ] D: sltDataChagedFromView
[    46.14 ] D: sltDataChagedFromView
[    46.14 ] D: sltDataChagedFromView
[    46.14 ] D: sltDataChagedFromView
[    46.15 ] D: sltDataChagedFromView
[    46.16 ] D: sltDataChagedFromView
[    46.16 ] D: sltDataChagedFromView
[    46.16 ] D: sltDataChagedFromView
[    46.17 ] D: sltDataChagedFromView
[    46.17 ] D: sltDataChagedFromView
[    46.17 ] D: sltDataChagedFromView
[    46.18 ] D: sltDataChagedFromView
[    46.19 ] D: sltDataChagedFromView
[    46.19 ] D: sltDataChagedFromView
[    46.19 ] D: sltDataChagedFromView
[    46.21 ] D: sltDataChagedFromView
[    46.21 ] D: sltDataChagedFromView
[    46.22 ] D: sltDataChagedFromView
[    51.86 ] W: ShaderEffectSource: 'recursive' must be set to true when rendering recursively.
[    53.21 ] D: findTrackIndexByPoint 0 QRect(0,0 1707x111) true QPointF(160,106)
[    53.21 ] D: ACTIVE
[    53.22 ] D: createSelectedPoints 0 -1
[    53.29 ] D: ACTIVE
[    53.85 ] D: findTrackIndexByPoint 0 QRect(0,0 1707x111) true QPointF(256,107)
[    53.85 ] D: ACTIVE
[    53.86 ] D: createSelectedPoints 0 -1
[    53.97 ] D: _pointActive1 false true false
[    53.97 ] D: ACTIVE
[    53.98 ] D: _automationChanging true
[    53.98 ] D: ACTIVE
[    53.98 ] D: _currentMouseY 257 107 256 107 QSizeF(1, 0)
[    53.98 ] D: mouseMove2
[    53.99 ] D: _automationChanging true
[    53.99 ] D: _pointActive2 false 0
[    53.99 ] D: createSelectedPoints 0 -1
[    53.99 ] D: ACTIVE
[    53.99 ] D: _currentMouseY 257 107 256 107 QSizeF(0, 0)
[    53.99 ] D: mouseMove2
[    53.99 ] D: _automationChanging true
[    53.99 ] D: ACTIVE
[    53.99 ] D: _currentMouseY 258 107 256 107 QSizeF(1, 0)
[    53.99 ] D: mouseMove2
[    53.99 ] D: _automationChanging true
[    53.99 ] D: ACTIVE
[    53.99 ] D: _currentMouseY 259 106 256 107 QSizeF(1, -1)
[    53.99 ] D: mouseMove2
[    54.01 ] D: _pointActive2 false 0
[    54.01 ] D: createSelectedPoints 0 -1
[    54.01 ] D: _automationChanging true
[    54.01 ] D: ACTIVE
[    54.01 ] D: _currentMouseY 261 105 256 107 QSizeF(2, -1)
[    54.01 ] D: mouseMove2
[    54.01 ] D: _automationChanging true
[    54.01 ] D: ACTIVE
[    54.01 ] D: _currentMouseY 261 104 256 107 QSizeF(0, -1)
[    54.01 ] D: mouseMove2
[    54.02 ] D: _pointActive2 false 0
[    54.02 ] D: createSelectedPoints 0 -1
[    54.02 ] D: _automationChanging true
[    54.02 ] D: ACTIVE
[    54.02 ] D: _currentMouseY 264 103 256 107 QSizeF(3, -1)
[    54.02 ] D: mouseMove2
[    54.03 ] D: _automationChanging true
[    54.03 ] D: ACTIVE
[    54.03 ] D: _currentMouseY 265 103 256 107 QSizeF(1, 0)
[    54.03 ] D: mouseMove2
[    54.03 ] D: _automationChanging true
[    54.03 ] D: ACTIVE
[    54.03 ] D: _currentMouseY 266 102 256 107 QSizeF(1, -1)
[    54.03 ] D: mouseMove2
[    54.04 ] D: _pointActive2 false 0
[    54.04 ] D: createSelectedPoints 0 -1
[    54.04 ] D: _automationChanging true
[    54.04 ] D: ACTIVE
[    54.04 ] D: _currentMouseY 268 101 256 107 QSizeF(2, -1)
[    54.04 ] D: mouseMove2
[    54.04 ] D: _automationChanging true
[    54.04 ] D: ACTIVE
[    54.04 ] D: _currentMouseY 268 100 256 107 QSizeF(0, -1)
[    54.04 ] D: mouseMove2
[    54.06 ] D: _pointActive2 false 0
[    54.06 ] D: _automationChanging true
[    54.06 ] D: createSelectedPoints 0 -1
[    54.06 ] D: ACTIVE
[    54.06 ] D: _currentMouseY 269 99 256 107 QSizeF(1, -1)
[    54.06 ] D: mouseMove2
[    54.06 ] D: _automationChanging true
[    54.06 ] D: ACTIVE
[    54.06 ] D: _currentMouseY 271 98 256 107 QSizeF(2, -1)
[    54.06 ] D: mouseMove2
[    54.06 ] D: _automationChanging true
[    54.06 ] D: ACTIVE
[    54.06 ] D: _currentMouseY 271 97 256 107 QSizeF(0, -1)
[    54.06 ] D: mouseMove2
[    54.07 ] D: _pointActive2 false 0
[    54.07 ] D: createSelectedPoints 0 -1
[    54.07 ] D: _automationChanging true
[    54.07 ] D: ACTIVE
[    54.07 ] D: _currentMouseY 273 96 256 107 QSizeF(2, -1)
[    54.07 ] D: mouseMove2
[    54.07 ] D: _automationChanging true
[    54.07 ] D: ACTIVE
[    54.08 ] D: _currentMouseY 273 95 256 107 QSizeF(0, -1)
[    54.08 ] D: mouseMove2
[    54.09 ] D: _pointActive2 false 0
[    54.09 ] D: createSelectedPoints 0 -1
[    54.09 ] D: _automationChanging true
[    54.09 ] D: ACTIVE
[    54.09 ] D: _currentMouseY 275 93 256 107 QSizeF(2, -2)
[    54.09 ] D: mouseMove2
[    54.09 ] D: _automationChanging true
[    54.09 ] D: ACTIVE
[    54.09 ] D: _currentMouseY 276 93 256 107 QSizeF(1, 0)
[    54.10 ] D: mouseMove2
[    54.10 ] D: _automationChanging true
[    54.10 ] D: ACTIVE
[    54.10 ] D: _currentMouseY 276 92 256 107 QSizeF(0, -1)
[    54.10 ] D: mouseMove2
[    54.11 ] D: _pointActive2 false 0
[    54.11 ] D: _automationChanging true
[    54.11 ] D: createSelectedPoints 0 -1
[    54.11 ] D: ACTIVE
[    54.11 ] D: _currentMouseY 277 91 256 107 QSizeF(1, -1)
[    54.11 ] D: mouseMove2
[    54.11 ] D: _automationChanging true
[    54.11 ] D: ACTIVE
[    54.11 ] D: _currentMouseY 277 90 256 107 QSizeF(0, -1)
[    54.11 ] D: mouseMove2
[    54.11 ] D: _automationChanging true
[    54.11 ] D: ACTIVE
[    54.11 ] D: _currentMouseY 278 90 256 107 QSizeF(1, 0)
[    54.11 ] D: mouseMove2
[    54.12 ] D: _pointActive2 false 0
[    54.12 ] D: _automationChanging true
[    54.12 ] D: createSelectedPoints 0 -1
[    54.12 ] D: ACTIVE
[    54.12 ] D: _currentMouseY 279 88 256 107 QSizeF(1, -2)
[    54.12 ] D: mouseMove2
[    54.12 ] D: _automationChanging true
[    54.12 ] D: ACTIVE
[    54.12 ] D: _currentMouseY 280 88 256 107 QSizeF(1, 0)
[    54.13 ] D: mouseMove2
[    54.14 ] D: _pointActive2 false 0
[    54.14 ] D: _automationChanging true
[    54.14 ] D: createSelectedPoints 0 -1
[    54.14 ] D: ACTIVE
[    54.14 ] D: _currentMouseY 280 86 256 107 QSizeF(0, -2)
[    54.14 ] D: mouseMove2
[    54.14 ] D: _automationChanging true
[    54.14 ] D: ACTIVE
[    54.14 ] D: _currentMouseY 281 84 256 107 QSizeF(1, -2)
[    54.14 ] D: mouseMove2
[    54.15 ] D: _automationChanging true
[    54.15 ] D: ACTIVE
[    54.15 ] D: _currentMouseY 282 84 256 107 QSizeF(1, 0)
[    54.15 ] D: mouseMove2
[    54.15 ] D: _pointActive2 false 0
[    54.16 ] D: _automationChanging true
[    54.16 ] D: createSelectedPoints 0 -1
[    54.16 ] D: ACTIVE
[    54.16 ] D: _currentMouseY 282 82 256 107 QSizeF(0, -2)
[    54.16 ] D: mouseMove2
[    54.17 ] D: _pointActive2 false 0
[    54.17 ] D: _automationChanging true
[    54.17 ] D: createSelectedPoints 0 -1
[    54.17 ] D: ACTIVE
[    54.17 ] D: _currentMouseY 283 80 256 107 QSizeF(1, -2)
[    54.17 ] D: mouseMove2
[    54.19 ] D: _pointActive2 false 0
[    54.19 ] D: createSelectedPoints 0 -1
[    54.19 ] D: _automationChanging true
[    54.19 ] D: ACTIVE
[    54.19 ] D: _currentMouseY 284 80 256 107 QSizeF(1, 0)
[    54.19 ] D: mouseMove2
[    54.19 ] D: _automationChanging true
[    54.19 ] D: ACTIVE
[    54.19 ] D: _currentMouseY 285 79 256 107 QSizeF(1, -1)
[    54.19 ] D: mouseMove2
[    54.19 ] D: _automationChanging true
[    54.19 ] D: ACTIVE
[    54.19 ] D: _currentMouseY 285 78 256 107 QSizeF(0, -1)
[    54.19 ] D: mouseMove2
[    54.21 ] D: _pointActive2 false 0
[    54.21 ] D: createSelectedPoints 0 -1
[    54.21 ] D: _automationChanging true
[    54.21 ] D: ACTIVE
[    54.21 ] D: _currentMouseY 286 77 256 107 QSizeF(1, -1)
[    54.21 ] D: mouseMove2
[    54.21 ] D: _automationChanging true
[    54.21 ] D: ACTIVE
[    54.21 ] D: _currentMouseY 286 76 256 107 QSizeF(0, -1)
[    54.22 ] D: mouseMove2
[    54.22 ] D: _pointActive2 false 0
[    54.22 ] D: createSelectedPoints 0 -1
[    54.22 ] D: _automationChanging true
[    54.22 ] D: ACTIVE
[    54.22 ] D: _currentMouseY 287 75 256 107 QSizeF(1, -1)
[    54.22 ] D: mouseMove2
[    54.23 ] D: _automationChanging true
[    54.23 ] D: ACTIVE
[    54.23 ] D: _currentMouseY 287 74 256 107 QSizeF(0, -1)
[    54.23 ] D: mouseMove2
[    54.24 ] D: _pointActive2 false 0
[    54.24 ] D: createSelectedPoints 0 -1
[    54.24 ] D: _automationChanging true
[    54.24 ] D: ACTIVE
[    54.24 ] D: _currentMouseY 288 73 256 107 QSizeF(1, -1)
[    54.24 ] D: mouseMove2
[    54.24 ] D: _automationChanging true
[    54.24 ] D: ACTIVE
[    54.24 ] D: _currentMouseY 289 71 256 107 QSizeF(1, -2)
[    54.24 ] D: mouseMove2
[    54.24 ] D: _automationChanging true
[    54.24 ] D: ACTIVE
[    54.24 ] D: _currentMouseY 289 70 256 107 QSizeF(0, -1)
[    54.24 ] D: mouseMove2
[    54.26 ] D: _automationChanging true
[    54.26 ] D: _pointActive2 false 0
[    54.26 ] D: createSelectedPoints 0 -1
[    54.26 ] D: ACTIVE
[    54.26 ] D: _currentMouseY 290 70 256 107 QSizeF(1, 0)
[    54.26 ] D: mouseMove2
[    54.26 ] D: _automationChanging true
[    54.26 ] D: ACTIVE
[    54.26 ] D: _currentMouseY 291 68 256 107 QSizeF(1, -2)
[    54.26 ] D: mouseMove2
[    54.26 ] D: _automationChanging true
[    54.26 ] D: ACTIVE
[    54.26 ] D: _currentMouseY 291 67 256 107 QSizeF(0, -1)
[    54.26 ] D: mouseMove2
[    54.27 ] D: _pointActive2 false 0
[    54.27 ] D: createSelectedPoints 0 -1
[    54.27 ] D: _automationChanging true
[    54.27 ] D: ACTIVE
[    54.27 ] D: _currentMouseY 293 64 256 107 QSizeF(2, -3)
[    54.27 ] D: mouseMove2
[    54.28 ] D: _automationChanging true
[    54.28 ] D: ACTIVE
[    54.28 ] D: _currentMouseY 293 63 256 107 QSizeF(0, -1)
[    54.28 ] D: mouseMove2
[    54.29 ] D: _pointActive2 false 0
[    54.29 ] D: createSelectedPoints 0 -1
[    54.29 ] D: _automationChanging true
[    54.29 ] D: ACTIVE
[    54.29 ] D: _currentMouseY 294 61 256 107 QSizeF(1, -2)
[    54.29 ] D: mouseMove2
[    54.29 ] D: _automationChanging true
[    54.29 ] D: ACTIVE
[    54.29 ] D: _currentMouseY 294 60 256 107 QSizeF(0, -1)
[    54.29 ] D: mouseMove2
[    54.29 ] D: _automationChanging true
[    54.29 ] D: ACTIVE
[    54.29 ] D: _currentMouseY 295 60 256 107 QSizeF(1, 0)
[    54.29 ] D: mouseMove2
[    54.31 ] D: _pointActive2 false 0
[    54.31 ] D: createSelectedPoints 0 -1
[    54.31 ] D: _automationChanging true
[    54.31 ] D: ACTIVE
[    54.31 ] D: _currentMouseY 296 58 256 107 QSizeF(1, -2)
[    54.31 ] D: mouseMove2
[    54.32 ] D: _automationChanging true
[    54.32 ] D: _pointActive2 false 0
[    54.32 ] D: createSelectedPoints 0 -1
[    54.32 ] D: ACTIVE
[    54.32 ] D: _currentMouseY 296 57 256 107 QSizeF(0, -1)
[    54.32 ] D: mouseMove2
[    54.34 ] D: _automationChanging true
[    54.34 ] D: _pointActive2 false 0
[    54.34 ] D: createSelectedPoints 0 -1
[    54.34 ] D: ACTIVE
[    54.34 ] D: _currentMouseY 297 54 256 107 QSizeF(1, -3)
[    54.34 ] D: mouseMove2
[    54.34 ] D: _automationChanging true
[    54.34 ] D: ACTIVE
[    54.34 ] D: _currentMouseY 297 53 256 107 QSizeF(0, -1)
[    54.34 ] D: mouseMove2
[    54.36 ] D: _pointActive2 false 0
[    54.36 ] D: _automationChanging true
[    54.36 ] D: createSelectedPoints 0 -1
[    54.36 ] D: ACTIVE
[    54.36 ] D: _currentMouseY 298 51 256 107 QSizeF(1, -2)
[    54.36 ] D: mouseMove2
[    54.36 ] D: _automationChanging true
[    54.36 ] D: ACTIVE
[    54.36 ] D: _currentMouseY 298 50 256 107 QSizeF(0, -1)
[    54.36 ] D: mouseMove2
[    54.36 ] D: _automationChanging true
[    54.36 ] D: ACTIVE
[    54.36 ] D: _currentMouseY 299 49 256 107 QSizeF(1, -1)
[    54.36 ] D: mouseMove2
[    54.37 ] D: _pointActive2 false 0
[    54.37 ] D: _automationChanging true
[    54.37 ] D: createSelectedPoints 0 -1
[    54.37 ] D: ACTIVE
[    54.37 ] D: _currentMouseY 299 48 256 107 QSizeF(0, -1)
[    54.37 ] D: mouseMove2
[    54.39 ] D: _pointActive2 false 0
[    54.39 ] D: _automationChanging true
[    54.39 ] D: createSelectedPoints 0 -1
[    54.39 ] D: ACTIVE
[    54.39 ] D: _currentMouseY 300 45 256 107 QSizeF(1, -3)
[    54.39 ] D: mouseMove2
[    54.39 ] D: _automationChanging true
[    54.39 ] D: ACTIVE
[    54.39 ] D: _currentMouseY 302 42 256 107 QSizeF(2, -3)
[    54.39 ] D: mouseMove2
[    54.40 ] D: _automationChanging true
[    54.40 ] D: ACTIVE
[    54.40 ] D: _currentMouseY 302 41 256 107 QSizeF(0, -1)
[    54.40 ] D: mouseMove2
[    54.41 ] D: _pointActive2 false 0
[    54.41 ] D: _automationChanging true
[    54.41 ] D: createSelectedPoints 0 -1
[    54.41 ] D: ACTIVE
[    54.41 ] D: _currentMouseY 303 39 256 107 QSizeF(1, -2)
[    54.41 ] D: mouseMove2
[    54.41 ] D: _automationChanging true
[    54.41 ] D: ACTIVE
[    54.41 ] D: _currentMouseY 304 36 256 107 QSizeF(1, -3)
[    54.41 ] D: mouseMove2
[    54.41 ] D: _automationChanging true
[    54.41 ] D: ACTIVE
[    54.41 ] D: _currentMouseY 305 36 256 107 QSizeF(1, 0)
[    54.41 ] D: mouseMove2
[    54.41 ] D: _automationChanging true
[    54.41 ] D: ACTIVE
[    54.41 ] D: _currentMouseY 305 35 256 107 QSizeF(0, -1)
[    54.41 ] D: mouseMove2
[    54.42 ] D: _pointActive2 false 0
[    54.42 ] D: _automationChanging true
[    54.42 ] D: createSelectedPoints 0 -1
[    54.42 ] D: ACTIVE
[    54.42 ] D: _currentMouseY 305 33 256 107 QSizeF(0, -2)
[    54.42 ] D: mouseMove2
[    54.42 ] D: _automationChanging true
[    54.42 ] D: ACTIVE
[    54.42 ] D: _currentMouseY 306 32 256 107 QSizeF(1, -1)
[    54.43 ] D: mouseMove2
[    54.43 ] D: _automationChanging true
[    54.43 ] D: ACTIVE
[    54.43 ] D: _currentMouseY 306 31 256 107 QSizeF(0, -1)
[    54.43 ] D: mouseMove2
[    54.44 ] D: _pointActive2 false 0
[    54.44 ] D: createSelectedPoints 0 -1
[    54.44 ] D: _automationChanging true
[    54.44 ] D: ACTIVE
[    54.44 ] D: _currentMouseY 307 30 256 107 QSizeF(1, -1)
[    54.44 ] D: mouseMove2
[    54.44 ] D: _automationChanging true
[    54.44 ] D: ACTIVE
[    54.44 ] D: _currentMouseY 308 28 256 107 QSizeF(1, -2)
[    54.44 ] D: mouseMove2
[    54.46 ] D: _pointActive2 false 0
[    54.46 ] D: createSelectedPoints 0 -1
[    54.46 ] D: _automationChanging true
[    54.46 ] D: ACTIVE
[    54.46 ] D: _currentMouseY 308 27 256 107 QSizeF(0, -1)
[    54.46 ] D: mouseMove2
[    54.46 ] D: _automationChanging true
[    54.46 ] D: ACTIVE
[    54.46 ] D: _currentMouseY 309 27 256 107 QSizeF(1, -2)
[    54.46 ] D: mouseMove2
[    54.46 ] D: _automationChanging true
[    54.46 ] D: ACTIVE
[    54.46 ] D: _currentMouseY 309 27 256 107 QSizeF(0, -1)
[    54.46 ] D: mouseMove2
[    54.47 ] D: _pointActive2 false 0
[    54.47 ] D: _automationChanging true
[    54.47 ] D: createSelectedPoints 0 -1
[    54.47 ] D: ACTIVE
[    54.47 ] D: _currentMouseY 310 27 256 107 QSizeF(1, -2)
[    54.47 ] D: mouseMove2
[    54.47 ] D: _automationChanging true
[    54.47 ] D: ACTIVE
[    54.47 ] D: _currentMouseY 310 27 256 107 QSizeF(0, -1)
[    54.48 ] D: mouseMove2
[    54.48 ] D: _automationChanging true
[    54.48 ] D: ACTIVE
[    54.48 ] D: _currentMouseY 311 27 256 107 QSizeF(1, 0)
[    54.48 ] D: mouseMove2
[    54.49 ] D: _pointActive2 false 0
[    54.49 ] D: _automationChanging true
[    54.49 ] D: createSelectedPoints 0 -1
[    54.49 ] D: ACTIVE
[    54.49 ] D: _currentMouseY 312 27 256 107 QSizeF(1, -2)
[    54.49 ] D: mouseMove2
[    54.51 ] D: _pointActive2 false 0
[    54.51 ] D: createSelectedPoints 0 -1
[    55.13 ] D: _automationChanging true
[    55.13 ] D: ACTIVE
[    55.13 ] D: _currentMouseY 313 27 256 107 QSizeF(1, -1)
[    55.13 ] D: mouseMove2
[    55.14 ] D: _pointActive2 false 0
[    55.14 ] D: _automationChanging true
[    55.14 ] D: createSelectedPoints 0 -1
[    55.14 ] D: ACTIVE
[    55.14 ] D: _currentMouseY 313 28 256 107 QSizeF(0, 1)
[    55.14 ] D: mouseMove2
[    55.14 ] D: _automationChanging true
[    55.14 ] D: ACTIVE
[    55.14 ] D: _currentMouseY 313 30 256 107 QSizeF(0, 2)
[    55.14 ] D: mouseMove2
[    55.15 ] D: _pointActive2 false 0
[    55.16 ] D: _automationChanging true
[    55.16 ] D: createSelectedPoints 0 -1
[    55.16 ] D: ACTIVE
[    55.16 ] D: _currentMouseY 313 31 256 107 QSizeF(0, 1)
[    55.16 ] D: mouseMove2
[    55.16 ] D: _automationChanging true
[    55.16 ] D: ACTIVE
[    55.16 ] D: _currentMouseY 313 33 256 107 QSizeF(0, 2)
[    55.16 ] D: mouseMove2
[    55.17 ] D: _pointActive2 false 0
[    55.17 ] D: createSelectedPoints 0 -1
[    55.19 ] D: _automationChanging true
[    55.19 ] D: mouseMove2
[    55.21 ] D: _pointActive2 false 0
[    55.21 ] D: createSelectedPoints 0 -1
[    55.21 ] D: _automationChanging true
[    55.21 ] D: mouseMove2
[    55.21 ] D: _automationChanging true
[    55.21 ] D: mouseMove2
[    55.22 ] D: _pointActive2 false 0
[    55.22 ] D: createSelectedPoints 0 -1
[    55.22 ] D: _automationChanging true
[    55.22 ] D: mouseMove2
[    55.23 ] D: _automationChanging true
[    55.23 ] D: mouseMove2
[    55.24 ] D: _pointActive2 false 0
[    55.24 ] D: createSelectedPoints 0 -1
[    55.24 ] D: _automationChanging true
[    55.24 ] D: mouseMove2
[    55.26 ] D: _pointActive2 false 0
[    55.26 ] D: createSelectedPoints 0 -1
[    55.28 ] D: _automationChanging true
[    55.28 ] D: mouseMove2
[    55.31 ] D: _pointActive2 false 0
[    55.31 ] D: createSelectedPoints 0 -1
[    55.31 ] D: _automationChanging true
[    55.31 ] D: mouseMove2
[    55.32 ] D: _pointActive2 false 0
[    55.32 ] D: createSelectedPoints 0 -1
[    55.32 ] D: _automationChanging true
[    55.32 ] D: mouseMove2
[    55.34 ] D: _pointActive2 false 0
[    55.34 ] D: _automationChanging true
[    55.34 ] D: createSelectedPoints 0 -1
[    55.34 ] D: mouseMove2
[    55.36 ] D: _pointActive2 false 0
[    55.36 ] D: _automationChanging true
[    55.36 ] D: createSelectedPoints 0 -1
[    55.36 ] D: mouseMove2
[    55.37 ] D: _pointActive2 false 0
[    55.37 ] D: _automationChanging true
[    55.37 ] D: createSelectedPoints 0 -1
[    55.37 ] D: mouseMove2
[    55.39 ] D: _pointActive2 false 0
[    55.39 ] D: _automationChanging true
[    55.39 ] D: createSelectedPoints 0 -1
[    55.39 ] D: mouseMove2
[    55.41 ] D: _automationChanging true
[    55.41 ] D: _pointActive2 false 0
[    55.41 ] D: createSelectedPoints 0 -1
[    55.41 ] D: mouseMove2
[    55.42 ] D: _pointActive2 false 0
[    55.42 ] D: _automationChanging true
[    55.42 ] D: createSelectedPoints 0 -1
[    55.42 ] D: mouseMove2
[    55.44 ] D: _pointActive2 false 0
[    55.44 ] D: createSelectedPoints 0 -1
[    55.44 ] D: _automationChanging true
[    55.44 ] D: mouseMove2
[    55.46 ] D: _pointActive2 false 0
[    55.46 ] D: createSelectedPoints 0 -1
[    55.47 ] D: _automationChanging true
[    55.47 ] D: mouseMove2
[    55.49 ] D: _pointActive2 false 0
[    55.49 ] D: createSelectedPoints 0 -1
[    55.49 ] D: _automationChanging true
[    55.49 ] D: mouseMove2
[    55.49 ] D: _automationChanging true
[    55.49 ] D: mouseMove2
[    55.51 ] D: _pointActive2 false 0
[    55.51 ] D: createSelectedPoints 0 -1
[    55.52 ] D: _automationChanging true
[    55.52 ] D: mouseMove2
[    55.52 ] D: _automationChanging true
[    55.52 ] D: mouseMove2
[    55.54 ] D: _pointActive2 false 0
[    55.54 ] D: createSelectedPoints 0 -1
[    55.58 ] D: _automationChanging true
[    55.58 ] D: mouseMove2
[    55.59 ] D: _pointActive2 false 0
[    55.59 ] D: createSelectedPoints 0 -1
[    55.60 ] D: _automationChanging true
[    55.60 ] D: mouseMove2
[    55.61 ] D: _pointActive2 false 0
[    55.61 ] D: createSelectedPoints 0 -1
[    55.62 ] D: _automationChanging true
[    55.62 ] D: mouseMove2
[    55.64 ] D: _pointActive2 false 0
[    55.64 ] D: createSelectedPoints 0 -1
[    55.65 ] D: _automationChanging true
[    55.65 ] D: mouseMove2
[    55.65 ] D: _pointActive2 false 0
[    55.66 ] D: createSelectedPoints 0 -1
[    55.71 ] D: _automationChanging true
[    55.71 ] D: mouseMove2
[    55.72 ] D: _pointActive2 false 0
[    55.72 ] D: createSelectedPoints 0 -1
[    55.72 ] D: _automationChanging true
[    55.72 ] D: mouseMove2
[    55.74 ] D: _pointActive2 false 0
[    55.74 ] D: createSelectedPoints 0 -1
[    55.74 ] D: _automationChanging true
[    55.74 ] D: mouseMove2
[    55.74 ] D: _automationChanging true
[    55.74 ] D: mouseMove2
[    55.76 ] D: _pointActive2 false 0
[    55.76 ] D: createSelectedPoints 0 -1
[    55.91 ] D: _automationChanging true
[    55.91 ] D: mouseMove2
[    55.92 ] D: _pointActive2 false 0
[    55.92 ] D: _automationChanging true
[    55.92 ] D: createSelectedPoints 0 -1
[    55.92 ] D: mouseMove2
[    55.94 ] D: _pointActive2 false 0
[    55.94 ] D: createSelectedPoints 0 -1
[    55.96 ] D: _automationChanging true
[    55.96 ] D: mouseMove2
[    55.96 ] D: _automationChanging true
[    55.96 ] D: mouseMove2
[    55.97 ] D: _pointActive2 false 0
[    55.97 ] D: createSelectedPoints 0 -1
[    55.97 ] D: _automationChanging true
[    55.97 ] D: mouseMove2
[    55.97 ] D: _automationChanging true
[    55.97 ] D: mouseMove2
[    55.99 ] D: _pointActive2 false 0
[    55.99 ] D: createSelectedPoints 0 -1
[    55.99 ] D: _automationChanging true
[    55.99 ] D: mouseMove2
[    55.99 ] D: _automationChanging true
[    55.99 ] D: mouseMove2
[    56.01 ] D: _pointActive2 false 0
[    56.01 ] D: createSelectedPoints 0 -1
[    56.01 ] D: _automationChanging true
[    56.01 ] D: mouseMove2
[    56.01 ] D: _automationChanging true
[    56.01 ] D: mouseMove2
[    56.02 ] D: _pointActive2 false 0
[    56.02 ] D: _automationChanging true
[    56.02 ] D: createSelectedPoints 0 -1
[    56.02 ] D: mouseMove2
[    56.03 ] D: _automationChanging true
[    56.03 ] D: mouseMove2
[    56.04 ] D: _pointActive2 false 0
[    56.04 ] D: _automationChanging true
[    56.04 ] D: createSelectedPoints 0 -1
[    56.04 ] D: mouseMove2
[    56.06 ] D: _pointActive2 false 0
[    56.06 ] D: createSelectedPoints 0 -1
[    56.06 ] D: _automationChanging true
[    56.06 ] D: mouseMove2
[    56.07 ] D: _pointActive2 false 0
[    56.07 ] D: _automationChanging true
[    56.07 ] D: createSelectedPoints 0 -1
[    56.07 ] D: mouseMove2
[    56.08 ] D: _automationChanging true
[    56.08 ] D: mouseMove2
[    56.09 ] D: _pointActive2 false 0
[    56.09 ] D: createSelectedPoints 0 -1
[    56.09 ] D: _automationChanging true
[    56.09 ] D: mouseMove2
[    56.09 ] D: _automationChanging true
[    56.09 ] D: mouseMove2
[    56.09 ] D: _automationChanging true
[    56.09 ] D: mouseMove2
[    56.10 ] D: _automationChanging true
[    56.10 ] D: mouseMove2
[    56.11 ] D: _pointActive2 false 0
[    56.11 ] D: _automationChanging true
[    56.11 ] D: createSelectedPoints 0 -1
[    56.11 ] D: mouseMove2
[    56.11 ] D: _automationChanging true
[    56.11 ] D: mouseMove2
[    56.11 ] D: _automationChanging true
[    56.11 ] D: mouseMove2
[    56.12 ] D: _pointActive2 false 0
[    56.12 ] D: _automationChanging true
[    56.12 ] D: createSelectedPoints 0 -1
[    56.12 ] D: mouseMove2
[    56.12 ] D: _automationChanging true
[    56.12 ] D: mouseMove2
[    56.13 ] D: _automationChanging true
[    56.13 ] D: mouseMove2
[    56.14 ] D: _pointActive2 false 0
[    56.14 ] D: _automationChanging true
[    56.14 ] D: createSelectedPoints 0 -1
[    56.14 ] D: mouseMove2
[    56.15 ] D: _automationChanging true
[    56.15 ] D: mouseMove2
[    56.16 ] D: _automationChanging true
[    56.16 ] D: _pointActive2 false 0
[    56.16 ] D: createSelectedPoints 0 -1
[    56.16 ] D: mouseMove2
[    56.16 ] D: _automationChanging true
[    56.16 ] D: mouseMove2
[    56.16 ] D: _automationChanging true
[    56.16 ] D: mouseMove2
[    56.17 ] D: _pointActive2 false 0
[    56.17 ] D: _automationChanging true
[    56.17 ] D: createSelectedPoints 0 -1
[    56.17 ] D: mouseMove2
[    56.18 ] D: _automationChanging true
[    56.18 ] D: mouseMove2
[    56.19 ] D: _pointActive2 false 0
[    56.19 ] D: createSelectedPoints 0 -1
[    56.19 ] D: _automationChanging true
[    56.19 ] D: mouseMove2
[    56.19 ] D: _automationChanging true
[    56.19 ] D: mouseMove2
[    56.19 ] D: _automationChanging true
[    56.19 ] D: mouseMove2
[    56.21 ] D: _pointActive2 false 0
[    56.21 ] D: createSelectedPoints 0 -1
[    56.21 ] D: _automationChanging true
[    56.21 ] D: mouseMove2
[    56.21 ] D: _automationChanging true
[    56.21 ] D: mouseMove2
[    56.21 ] D: _automationChanging true
[    56.21 ] D: mouseMove2
[    56.22 ] D: _pointActive2 false 0
[    56.22 ] D: createSelectedPoints 0 -1
[    56.22 ] D: _automationChanging true
[    56.22 ] D: mouseMove2
[    56.23 ] D: _automationChanging true
[    56.23 ] D: mouseMove2
[    56.24 ] D: _pointActive2 false 0
[    56.24 ] D: createSelectedPoints 0 -1
[    56.24 ] D: _automationChanging true
[    56.24 ] D: mouseMove2
[    56.24 ] D: _automationChanging true
[    56.24 ] D: mouseMove2
[    56.24 ] D: _automationChanging true
[    56.24 ] D: mouseMove2
[    56.26 ] D: _pointActive2 false 0
[    56.26 ] D: createSelectedPoints 0 -1
[    56.26 ] D: _automationChanging true
[    56.26 ] D: mouseMove2
[    56.26 ] D: _automationChanging true
[    56.26 ] D: mouseMove2
[    56.27 ] D: _pointActive2 false 0
[    56.27 ] D: createSelectedPoints 0 -1
[    56.27 ] D: _automationChanging true
[    56.27 ] D: mouseMove2
[    56.28 ] D: _automationChanging true
[    56.28 ] D: mouseMove2
[    56.28 ] D: _automationChanging true
[    56.28 ] D: mouseMove2
[    56.29 ] D: _pointActive2 false 0
[    56.29 ] D: createSelectedPoints 0 -1
[    56.29 ] D: _automationChanging true
[    56.29 ] D: mouseMove2
[    56.29 ] D: _automationChanging true
[    56.29 ] D: mouseMove2
[    56.31 ] D: _automationChanging true
[    56.31 ] D: _pointActive2 false 0
[    56.31 ] D: createSelectedPoints 0 -1
[    56.31 ] D: mouseMove2
[    56.31 ] D: _automationChanging true
[    56.31 ] D: mouseMove2
[    56.31 ] D: _automationChanging true
[    56.31 ] D: mouseMove2
[    56.32 ] D: _pointActive2 false 0
[    56.32 ] D: _automationChanging true
[    56.32 ] D: createSelectedPoints 0 -1
[    56.32 ] D: mouseMove2
[    56.32 ] D: _automationChanging true
[    56.32 ] D: mouseMove2
[    56.34 ] D: _pointActive2 false 0
[    56.34 ] D: createSelectedPoints 0 -1
[    56.34 ] D: _automationChanging true
[    56.34 ] D: mouseMove2
[    56.34 ] D: _automationChanging true
[    56.34 ] D: mouseMove2
[    56.34 ] D: _automationChanging true
[    56.34 ] D: mouseMove2
[    56.36 ] D: _automationChanging true
[    56.36 ] D: _pointActive2 false 0
[    56.36 ] D: createSelectedPoints 0 -1
[    56.36 ] D: mouseMove2
[    56.36 ] D: _automationChanging true
[    56.36 ] D: mouseMove2
[    56.36 ] D: _automationChanging true
[    56.36 ] D: mouseMove2
[    56.36 ] D: _automationChanging true
[    56.36 ] D: mouseMove2
[    56.37 ] D: _pointActive2 false 0
[    56.37 ] D: _automationChanging true
[    56.37 ] D: createSelectedPoints 0 -1
[    56.37 ] D: mouseMove2
[    56.38 ] D: _automationChanging true
[    56.38 ] D: mouseMove2
[    56.38 ] D: _automationChanging true
[    56.38 ] D: mouseMove2
[    56.39 ] D: _pointActive2 false 0
[    56.39 ] D: _automationChanging true
[    56.39 ] D: createSelectedPoints 0 -1
[    56.39 ] D: mouseMove2
[    56.39 ] D: _automationChanging true
[    56.39 ] D: mouseMove2
[    56.40 ] D: _automationChanging true
[    56.40 ] D: mouseMove2
[    56.40 ] D: _automationChanging true
[    56.40 ] D: mouseMove2
[    56.41 ] D: _pointActive2 false 0
[    56.41 ] D: _automationChanging true
[    56.41 ] D: createSelectedPoints 0 -1
[    56.41 ] D: mouseMove2
[    56.41 ] D: _automationChanging true
[    56.41 ] D: mouseMove2
[    56.41 ] D: _automationChanging true
[    56.41 ] D: mouseMove2
[    56.41 ] D: _automationChanging true
[    56.41 ] D: mouseMove2
[    56.42 ] D: _automationChanging true
[    56.42 ] D: _pointActive2 false 0
[    56.42 ] D: createSelectedPoints 0 -1
[    56.42 ] D: mouseMove2
[    56.42 ] D: _automationChanging true
[    56.42 ] D: mouseMove2
[    56.42 ] D: _automationChanging true
[    56.42 ] D: mouseMove2
[    56.43 ] D: _automationChanging true
[    56.43 ] D: mouseMove2
[    56.44 ] D: _pointActive2 false 0
[    56.44 ] D: createSelectedPoints 0 -1
[    56.44 ] D: _automationChanging true
[    56.44 ] D: mouseMove2
[    56.44 ] D: _automationChanging true
[    56.44 ] D: mouseMove2
[    56.44 ] D: _automationChanging true
[    56.44 ] D: mouseMove2
[    56.46 ] D: _pointActive2 false 0
[    56.46 ] D: createSelectedPoints 0 -1
[    56.46 ] D: _automationChanging true
[    56.46 ] D: mouseMove2
[    56.46 ] D: _automationChanging true
[    56.46 ] D: mouseMove2
[    56.46 ] D: _automationChanging true
[    56.46 ] D: mouseMove2
[    56.46 ] D: _automationChanging true
[    56.46 ] D: mouseMove2
[    56.47 ] D: _pointActive2 false 0
[    56.47 ] D: createSelectedPoints 0 -1
[    56.47 ] D: _automationChanging true
[    56.47 ] D: mouseMove2
[    56.47 ] D: _automationChanging true
[    56.47 ] D: mouseMove2
[    56.48 ] D: _automationChanging true
[    56.48 ] D: mouseMove2
[    56.49 ] D: _pointActive2 false 0
[    56.49 ] D: createSelectedPoints 0 -1
[    56.49 ] D: _automationChanging true
[    56.49 ] D: mouseMove2
[    56.49 ] D: _automationChanging true
[    56.49 ] D: mouseMove2
[    56.49 ] D: _automationChanging true
[    56.49 ] D: mouseMove2
[    56.51 ] D: _pointActive2 false 0
[    56.51 ] D: _automationChanging true
[    56.51 ] D: createSelectedPoints 0 -1
[    56.51 ] D: mouseMove2
[    56.51 ] D: _automationChanging true
[    56.51 ] D: mouseMove2
[    56.52 ] D: _pointActive2 false 0
[    56.52 ] D: createSelectedPoints 0 -1
[    56.52 ] D: _automationChanging true
[    56.52 ] D: mouseMove2
[    56.53 ] D: _automationChanging true
[    56.53 ] D: mouseMove2
[    56.54 ] D: _pointActive2 false 0
[    56.54 ] D: createSelectedPoints 0 -1
[    56.54 ] D: _automationChanging true
[    56.54 ] D: mouseMove2
[    56.54 ] D: _automationChanging true
[    56.54 ] D: mouseMove2
[    56.54 ] D: _automationChanging true
[    56.54 ] D: mouseMove2
[    56.54 ] D: _automationChanging true
[    56.54 ] D: mouseMove2
[    56.56 ] D: _pointActive2 false 0
[    56.56 ] D: createSelectedPoints 0 -1
[    56.56 ] D: _automationChanging true
[    56.56 ] D: mouseMove2
[    56.56 ] D: _automationChanging true
[    56.56 ] D: mouseMove2
[    56.56 ] D: _automationChanging true
[    56.56 ] D: mouseMove2
[    56.56 ] D: _automationChanging true
[    56.56 ] D: mouseMove2
[    56.57 ] D: _pointActive2 false 0
[    56.57 ] D: createSelectedPoints 0 -1
[    56.57 ] D: _automationChanging true
[    56.57 ] D: mouseMove2
[    56.57 ] D: _automationChanging true
[    56.57 ] D: mouseMove2
[    56.58 ] D: _automationChanging true
[    56.58 ] D: mouseMove2
[    56.59 ] D: _pointActive2 false 0
[    56.59 ] D: createSelectedPoints 0 -1
[    56.59 ] D: _automationChanging true
[    56.59 ] D: mouseMove2
[    56.59 ] D: _automationChanging true
[    56.59 ] D: mouseMove2
[    56.59 ] D: _automationChanging true
[    56.59 ] D: mouseMove2
[    56.60 ] D: _automationChanging true
[    56.60 ] D: mouseMove2
[    56.61 ] D: _pointActive2 false 0
[    56.61 ] D: _automationChanging true
[    56.61 ] D: createSelectedPoints 0 -1
[    56.61 ] D: mouseMove2
[    56.61 ] D: _automationChanging true
[    56.61 ] D: mouseMove2
[    56.61 ] D: _automationChanging true
[    56.61 ] D: mouseMove2
[    56.61 ] D: _automationChanging true
[    56.61 ] D: mouseMove2
[    56.62 ] D: _pointActive2 false 0
[    56.62 ] D: _automationChanging true
[    56.62 ] D: createSelectedPoints 0 -1
[    56.62 ] D: mouseMove2
[    56.62 ] D: _automationChanging true
[    56.62 ] D: mouseMove2
[    56.63 ] D: _automationChanging true
[    56.63 ] D: mouseMove2
[    56.63 ] D: _automationChanging true
[    56.63 ] D: mouseMove2
[    56.64 ] D: _pointActive2 false 0
[    56.64 ] D: _automationChanging true
[    56.64 ] D: createSelectedPoints 0 -1
[    56.64 ] D: mouseMove2
[    56.64 ] D: _automationChanging true
[    56.64 ] D: mouseMove2
[    56.64 ] D: _automationChanging true
[    56.64 ] D: mouseMove2
[    56.64 ] D: _automationChanging true
[    56.64 ] D: mouseMove2
[    56.66 ] D: _pointActive2 false 0
[    56.66 ] D: _automationChanging true
[    56.66 ] D: createSelectedPoints 0 -1
[    56.66 ] D: mouseMove2
[    56.66 ] D: _automationChanging true
[    56.66 ] D: mouseMove2
[    56.66 ] D: _automationChanging true
[    56.66 ] D: mouseMove2
[    56.66 ] D: _automationChanging true
[    56.66 ] D: mouseMove2
[    56.67 ] D: _pointActive2 false 0
[    56.67 ] D: _automationChanging true
[    56.67 ] D: createSelectedPoints 0 -1
[    56.67 ] D: mouseMove2
[    56.67 ] D: _automationChanging true
[    56.67 ] D: mouseMove2
[    56.68 ] D: _automationChanging true
[    56.68 ] D: mouseMove2
[    56.68 ] D: _automationChanging true
[    56.68 ] D: mouseMove2
[    56.69 ] D: _pointActive2 false 0
[    56.69 ] D: createSelectedPoints 0 -1
[    56.69 ] D: _automationChanging true
[    56.69 ] D: mouseMove2
[    56.69 ] D: _automationChanging true
[    56.69 ] D: mouseMove2
[    56.69 ] D: _automationChanging true
[    56.69 ] D: mouseMove2
[    56.69 ] D: _automationChanging true
[    56.69 ] D: mouseMove2
[    56.71 ] D: _automationChanging true
[    56.71 ] D: _pointActive2 false 0
[    56.71 ] D: createSelectedPoints 0 -1
[    56.71 ] D: mouseMove2
[    56.71 ] D: _automationChanging true
[    56.71 ] D: mouseMove2
[    56.71 ] D: _automationChanging true
[    56.71 ] D: mouseMove2
[    56.71 ] D: _automationChanging true
[    56.71 ] D: mouseMove2
[    56.72 ] D: _pointActive2 false 0
[    56.72 ] D: createSelectedPoints 0 -1
[    56.72 ] D: _automationChanging true
[    56.72 ] D: mouseMove2
[    56.72 ] D: _automationChanging true
[    56.72 ] D: mouseMove2
[    56.73 ] D: _automationChanging true
[    56.73 ] D: mouseMove2
[    56.73 ] D: _automationChanging true
[    56.73 ] D: mouseMove2
[    56.74 ] D: _pointActive2 false 0
[    56.74 ] D: createSelectedPoints 0 -1
[    56.74 ] D: _automationChanging true
[    56.74 ] D: mouseMove2
[    56.74 ] D: _automationChanging true
[    56.74 ] D: mouseMove2
[    56.74 ] D: _automationChanging true
[    56.74 ] D: mouseMove2
[    56.74 ] D: _automationChanging true
[    56.74 ] D: mouseMove2
[    56.76 ] D: _automationChanging true
[    56.76 ] D: _pointActive2 false 0
[    56.76 ] D: createSelectedPoints 0 -1
[    56.76 ] D: mouseMove2
[    56.76 ] D: _automationChanging true
[    56.76 ] D: mouseMove2
[    56.76 ] D: _automationChanging true
[    56.76 ] D: mouseMove2
[    56.76 ] D: _automationChanging true
[    56.76 ] D: mouseMove2
[    56.77 ] D: _pointActive2 false 0
[    56.77 ] D: createSelectedPoints 0 -1
[    56.77 ] D: _automationChanging true
[    56.77 ] D: mouseMove2
[    56.77 ] D: _automationChanging true
[    56.77 ] D: mouseMove2
[    56.78 ] D: _automationChanging true
[    56.78 ] D: mouseMove2
[    56.78 ] D: _automationChanging true
[    56.78 ] D: mouseMove2
[    56.79 ] D: _pointActive2 false 0
[    56.79 ] D: createSelectedPoints 0 -1
[    56.79 ] D: _automationChanging true
[    56.79 ] D: mouseMove2
[    56.79 ] D: _automationChanging true
[    56.79 ] D: mouseMove2
[    56.79 ] D: _automationChanging true
[    56.79 ] D: mouseMove2
[    56.81 ] D: _pointActive2 false 0
[    56.81 ] D: createSelectedPoints 0 -1
[    56.81 ] D: _automationChanging true
[    56.81 ] D: mouseMove2
[    56.81 ] D: _automationChanging true
[    56.81 ] D: mouseMove2
[    56.81 ] D: _automationChanging true
[    56.81 ] D: mouseMove2
[    56.82 ] D: _pointActive2 false 0
[    56.82 ] D: _automationChanging true
[    56.82 ] D: createSelectedPoints 0 -1
[    56.82 ] D: mouseMove2
[    56.83 ] D: _automationChanging true
[    56.83 ] D: mouseMove2
[    56.84 ] D: _pointActive2 false 0
[    56.84 ] D: createSelectedPoints 0 -1
[    56.84 ] D: _automationChanging true
[    56.84 ] D: mouseMove2
[    56.84 ] D: _automationChanging true
[    56.84 ] D: mouseMove2
[    56.84 ] D: _automationChanging true
[    56.84 ] D: mouseMove2
[    56.84 ] D: _automationChanging true
[    56.84 ] D: mouseMove2
[    56.85 ] D: _automationChanging true
[    56.85 ] D: mouseMove2
[    56.86 ] D: _pointActive2 false 0
[    56.86 ] D: _automationChanging true
[    56.86 ] D: createSelectedPoints 0 -1
[    56.86 ] D: mouseMove2
[    56.86 ] D: _automationChanging true
[    56.86 ] D: mouseMove2
[    56.86 ] D: _automationChanging true
[    56.86 ] D: mouseMove2
[    56.86 ] D: _automationChanging true
[    56.86 ] D: mouseMove2
[    56.87 ] D: _pointActive2 false 0
[    56.87 ] D: _automationChanging true
[    56.87 ] D: createSelectedPoints 0 -1
[    56.87 ] D: mouseMove2
[    56.87 ] D: _automationChanging true
[    56.87 ] D: mouseMove2
[    56.88 ] D: _automationChanging true
[    56.88 ] D: mouseMove2
[    56.89 ] D: _automationChanging true
[    56.89 ] D: _pointActive2 false 0
[    56.89 ] D: createSelectedPoints 0 -1
[    56.89 ] D: mouseMove2
[    56.89 ] D: _automationChanging true
[    56.89 ] D: mouseMove2
[    56.89 ] D: _automationChanging true
[    56.89 ] D: mouseMove2
[    56.89 ] D: _automationChanging true
[    56.89 ] D: mouseMove2
[    56.91 ] D: _pointActive2 false 0
[    56.91 ] D: _automationChanging true
[    56.91 ] D: createSelectedPoints 0 -1
[    56.91 ] D: mouseMove2
[    56.91 ] D: _automationChanging true
[    56.91 ] D: mouseMove2
[    56.91 ] D: _automationChanging true
[    56.91 ] D: mouseMove2
[    56.92 ] D: _pointActive2 false 0
[    56.92 ] D: _automationChanging true
[    56.92 ] D: createSelectedPoints 0 -1
[    56.92 ] D: mouseMove2
[    56.92 ] D: _automationChanging true
[    56.92 ] D: mouseMove2
[    56.93 ] D: _automationChanging true
[    56.93 ] D: mouseMove2
[    56.94 ] D: _automationChanging true
[    56.94 ] D: _pointActive2 false 0
[    56.94 ] D: createSelectedPoints 0 -1
[    56.94 ] D: mouseMove2
[    56.94 ] D: _automationChanging true
[    56.94 ] D: mouseMove2
[    56.94 ] D: _automationChanging true
[    56.94 ] D: mouseMove2
[    56.94 ] D: _automationChanging true
[    56.94 ] D: mouseMove2
[    56.96 ] D: _pointActive2 false 0
[    56.96 ] D: createSelectedPoints 0 -1
[    56.96 ] D: _automationChanging true
[    56.96 ] D: mouseMove2
[    56.96 ] D: _automationChanging true
[    56.96 ] D: mouseMove2
[    56.96 ] D: _automationChanging true
[    56.96 ] D: mouseMove2
[    56.96 ] D: _automationChanging true
[    56.96 ] D: mouseMove2
[    56.96 ] D: _automationChanging true
[    56.96 ] D: mouseMove2
[    56.97 ] D: _pointActive2 false 0
[    56.97 ] D: createSelectedPoints 0 -1
[    56.97 ] D: _automationChanging true
[    56.97 ] D: mouseMove2
[    56.97 ] D: _automationChanging true
[    56.97 ] D: mouseMove2
[    56.98 ] D: _automationChanging true
[    56.98 ] D: mouseMove2
[    56.98 ] D: _automationChanging true
[    56.98 ] D: mouseMove2
[    56.99 ] D: _pointActive2 false 0
[    56.99 ] D: createSelectedPoints 0 -1
[    56.99 ] D: _automationChanging true
[    56.99 ] D: mouseMove2
[    56.99 ] D: _automationChanging true
[    56.99 ] D: mouseMove2
[    56.99 ] D: _automationChanging true
[    56.99 ] D: mouseMove2
[    56.99 ] D: _automationChanging true
[    56.99 ] D: mouseMove2
[    57.01 ] D: _pointActive2 false 0
[    57.01 ] D: createSelectedPoints 0 -1
[    57.01 ] D: _automationChanging true
[    57.01 ] D: mouseMove2
[    57.01 ] D: _automationChanging true
[    57.01 ] D: mouseMove2
[    57.01 ] D: _automationChanging true
[    57.01 ] D: mouseMove2
[    57.01 ] D: _automationChanging true
[    57.01 ] D: mouseMove2
[    57.02 ] D: _pointActive2 false 0
[    57.02 ] D: createSelectedPoints 0 -1
[    57.02 ] D: _automationChanging true
[    57.02 ] D: mouseMove2
[    57.02 ] D: _automationChanging true
[    57.02 ] D: mouseMove2
[    57.03 ] D: _automationChanging true
[    57.03 ] D: mouseMove2
[    57.04 ] D: _automationChanging true
[    57.04 ] D: _pointActive2 false 0
[    57.04 ] D: createSelectedPoints 0 -1
[    57.04 ] D: mouseMove2
[    57.04 ] D: _automationChanging true
[    57.04 ] D: mouseMove2
[    57.04 ] D: _automationChanging true
[    57.04 ] D: mouseMove2
[    57.04 ] D: _automationChanging true
[    57.04 ] D: mouseMove2
[    57.06 ] D: _pointActive2 false 0
[    57.06 ] D: createSelectedPoints 0 -1
[    57.06 ] D: _automationChanging true
[    57.06 ] D: mouseMove2
[    57.06 ] D: _automationChanging true
[    57.06 ] D: mouseMove2
[    57.06 ] D: _automationChanging true
[    57.06 ] D: mouseMove2
[    57.07 ] D: _pointActive2 false 0
[    57.07 ] D: createSelectedPoints 0 -1
[    57.07 ] D: _automationChanging true
[    57.07 ] D: mouseMove2
[    57.09 ] D: _pointActive2 false 0
[    57.09 ] D: createSelectedPoints 0 -1
[    57.11 ] D: _pointActive2 false 0
[    57.11 ] D: createSelectedPoints 0 -1
[    57.47 ] D: _pointActive2 false 0
[    57.47 ] D: createSelectedPoints 0 -1
[    57.49 ] D: _pointActive2 false 0
[    57.49 ] D: createSelectedPoints 0 -1
[    57.51 ] D: _pointActive2 false 0
[    57.51 ] D: createSelectedPoints 0 -1
[    57.52 ] D: _pointActive2 false 0
[    57.52 ] D: createSelectedPoints 0 -1
[    57.54 ] D: _pointActive2 false 0
[    57.54 ] D: createSelectedPoints 0 -1
[    57.56 ] D: _pointActive2 false 0
[    57.56 ] D: createSelectedPoints 0 -1
[    57.57 ] D: _pointActive2 false 0
[    57.57 ] D: createSelectedPoints 0 -1
[    57.59 ] D: _pointActive2 false 0
[    57.59 ] D: createSelectedPoints 0 -1
[    57.61 ] D: _pointActive2 false 0
[    57.61 ] D: createSelectedPoints 0 -1
[    57.62 ] D: _pointActive2 false 0
[    57.62 ] D: createSelectedPoints 0 -1
[    57.64 ] D: _pointActive2 false 0
[    57.64 ] D: createSelectedPoints 0 -1
[    57.69 ] D: _pointActive2 false 0
[    57.69 ] D: createSelectedPoints 0 -1
[    57.71 ] D: _pointActive2 false 0
[    57.71 ] D: createSelectedPoints 0 -1
[    57.72 ] D: _pointActive2 false 0
[    57.72 ] D: createSelectedPoints 0 -1
[    57.74 ] D: _pointActive2 false 0
[    57.74 ] D: createSelectedPoints 0 -1
[    57.76 ] D: _pointActive2 false 0
[    57.76 ] D: createSelectedPoints 0 -1
[    57.77 ] D: _pointActive2 false 0
[    57.77 ] D: createSelectedPoints 0 -1
[    57.79 ] D: _pointActive2 false 0
[    57.79 ] D: createSelectedPoints 0 -1
[    57.81 ] D: _pointActive2 false 0
[    57.81 ] D: createSelectedPoints 0 -1
[    57.82 ] D: _pointActive2 false 0
[    57.82 ] D: createSelectedPoints 0 -1
[    57.84 ] D: _pointActive2 false 0
[    57.84 ] D: createSelectedPoints 0 -1
[    57.86 ] D: _pointActive2 false 0
[    57.86 ] D: createSelectedPoints 0 -1
[    57.87 ] D: _pointActive2 false 0
[    57.87 ] D: createSelectedPoints 0 -1
[    57.89 ] D: _pointActive2 false 0
[    57.89 ] D: createSelectedPoints 0 -1
[    57.91 ] D: _pointActive2 false 0
[    57.91 ] D: createSelectedPoints 0 -1
[    57.96 ] D: _pointActive2 false 0
[    57.96 ] D: createSelectedPoints 0 -1
[    57.99 ] D: _pointActive2 false 0
[    57.99 ] D: createSelectedPoints 0 -1
[    58.01 ] D: _pointActive2 false 0
[    58.01 ] D: createSelectedPoints 0 -1
[    58.07 ] D: _pointActive2 false 0
[    58.07 ] D: createSelectedPoints 0 -1
[    58.09 ] D: _pointActive2 false 0
[    58.09 ] D: createSelectedPoints 0 -1
[    58.14 ] D: _pointActive2 false 0
[    58.14 ] D: createSelectedPoints 0 -1
[    58.16 ] D: _pointActive2 false 0
[    58.16 ] D: createSelectedPoints 0 -1
[    58.17 ] D: _pointActive2 false 0
[    58.17 ] D: createSelectedPoints 0 -1
[    58.21 ] D: _pointActive2 false 0
[    58.21 ] D: createSelectedPoints 0 -1
[    58.24 ] D: _pointActive2 false 0
[    58.24 ] D: createSelectedPoints 0 -1
[    58.27 ] D: _pointActive2 false 0
[    58.27 ] D: createSelectedPoints 0 -1
[    58.32 ] D: _pointActive2 false 0
[    58.32 ] D: createSelectedPoints 0 -1
[    58.36 ] D: _pointActive2 false 0
[    58.36 ] D: createSelectedPoints 0 -1
[    58.43 ] D: _pointActive2 false 0
[    58.43 ] D: createSelectedPoints 0 -1
[    58.44 ] D: _pointActive2 false 0
[    58.44 ] D: createSelectedPoints 0 -1
[    58.47 ] D: _pointActive2 false 0
[    58.47 ] D: createSelectedPoints 0 -1
[    58.49 ] D: _pointActive2 false 0
[    58.49 ] D: createSelectedPoints 0 -1
[    58.52 ] D: _pointActive2 false 0
[    58.52 ] D: createSelectedPoints 0 -1
[    58.54 ] D: _pointActive2 false 0
[    58.54 ] D: createSelectedPoints 0 -1
[    58.56 ] D: _pointActive2 false 0
[    58.56 ] D: createSelectedPoints 0 -1
[    58.56 ] D: findTrackIndexByPoint 0 QRect(0,0 1707x111) true QPointF(305,33)
[    58.56 ] D: ACTIVE
[    58.56 ] D: _automationChanging true
[    58.56 ] D: mouseMove2
[    58.57 ] D: createSelectedPoints 0 -1
[    58.57 ] D: ACTIVE
[    58.67 ] D: _pointActive1 true false false
[    58.67 ] D: _pointActive2 false 0
[    58.67 ] D: _automationChanging true
[    58.67 ] D: createSelectedPoints 0 -1
[    58.67 ] D: ACTIVE
[    58.67 ] D: _currentMouseY 304 32 305 33 QSizeF(-1, -1)
[    58.67 ] D: mouseMove2
[    58.69 ] D: _pointActive2 false 0
[    58.69 ] D: createSelectedPoints 0 -1
[    58.69 ] D: _automationChanging true
[    58.69 ] D: ACTIVE
[    58.69 ] D: _currentMouseY 304 33 305 33 QSizeF(0, 1)
[    58.69 ] D: mouseMove2
[    58.69 ] D: _automationChanging true
[    58.69 ] D: ACTIVE
[    58.69 ] D: _currentMouseY 304 35 305 33 QSizeF(0, 2)
[    58.69 ] D: mouseMove2
[    58.71 ] D: _pointActive2 false 0
[    58.71 ] D: createSelectedPoints 0 -1
[    58.71 ] D: _automationChanging true
[    58.71 ] D: ACTIVE
[    58.71 ] D: _currentMouseY 303 38 305 33 QSizeF(-1, 3)
[    58.71 ] D: mouseMove2
[    58.71 ] D: _automationChanging true
[    58.71 ] D: ACTIVE
[    58.71 ] D: _currentMouseY 301 43 305 33 QSizeF(-2, 5)
[    58.71 ] D: mouseMove2
[    58.71 ] D: _automationChanging true
[    58.71 ] D: ACTIVE
[    58.71 ] D: _currentMouseY 301 44 305 33 QSizeF(0, 1)
[    58.71 ] D: mouseMove2
[    58.72 ] D: _pointActive2 false 0
[    58.72 ] D: createSelectedPoints 0 -1
[    58.72 ] D: _automationChanging true
[    58.72 ] D: ACTIVE
[    58.72 ] D: _currentMouseY 300 47 305 33 QSizeF(-1, 3)
[    58.72 ] D: mouseMove2
[    58.72 ] D: _automationChanging true
[    58.72 ] D: ACTIVE
[    58.72 ] D: _currentMouseY 299 48 305 33 QSizeF(-1, 1)
[    58.73 ] D: mouseMove2
[    58.73 ] D: _automationChanging true
[    58.73 ] D: ACTIVE
[    58.73 ] D: _currentMouseY 299 49 305 33 QSizeF(0, 1)
[    58.73 ] D: mouseMove2
[    58.74 ] D: _pointActive2 false 0
[    58.74 ] D: createSelectedPoints 0 -1
[    58.74 ] D: _automationChanging true
[    58.74 ] D: ACTIVE
[    58.74 ] D: _currentMouseY 298 54 305 33 QSizeF(-1, 5)
[    58.74 ] D: mouseMove2
[    58.74 ] D: _automationChanging true
[    58.74 ] D: ACTIVE
[    58.74 ] D: _currentMouseY 297 56 305 33 QSizeF(-1, 2)
[    58.74 ] D: mouseMove2
[    58.74 ] D: _automationChanging true
[    58.74 ] D: ACTIVE
[    58.74 ] D: _currentMouseY 297 57 305 33 QSizeF(0, 1)
[    58.74 ] D: mouseMove2
[    58.75 ] D: _automationChanging true
[    58.75 ] D: ACTIVE
[    58.75 ] D: _currentMouseY 296 58 305 33 QSizeF(-1, 1)
[    58.75 ] D: mouseMove2
[    58.76 ] D: _pointActive2 false 0
[    58.76 ] D: createSelectedPoints 0 -1
[    58.76 ] D: _automationChanging true
[    58.76 ] D: ACTIVE
[    58.76 ] D: _currentMouseY 296 63 305 33 QSizeF(0, 5)
[    58.76 ] D: mouseMove2
[    58.76 ] D: _automationChanging true
[    58.76 ] D: ACTIVE
[    58.76 ] D: _currentMouseY 296 69 305 33 QSizeF(0, 6)
[    58.76 ] D: mouseMove2
[    58.76 ] D: _automationChanging true
[    58.76 ] D: ACTIVE
[    58.76 ] D: _currentMouseY 295 70 305 33 QSizeF(-1, 1)
[    58.76 ] D: mouseMove2
[    58.77 ] D: _pointActive2 false 0
[    58.77 ] D: createSelectedPoints 0 -1
[    58.77 ] D: _automationChanging true
[    58.77 ] D: ACTIVE
[    58.77 ] D: _currentMouseY 293 77 305 33 QSizeF(-2, 7)
[    58.77 ] D: mouseMove2
[    58.78 ] D: _automationChanging true
[    58.78 ] D: ACTIVE
[    58.78 ] D: _currentMouseY 293 78 305 33 QSizeF(0, 1)
[    58.78 ] D: mouseMove2
[    58.78 ] D: _automationChanging true
[    58.78 ] D: ACTIVE
[    58.78 ] D: _currentMouseY 293 80 305 33 QSizeF(0, 2)
[    58.78 ] D: mouseMove2
[    58.79 ] D: _pointActive2 false 0
[    58.79 ] D: createSelectedPoints 0 -1
[    58.79 ] D: _automationChanging true
[    58.79 ] D: ACTIVE
[    58.79 ] D: _currentMouseY 292 84 305 33 QSizeF(-1, 4)
[    58.79 ] D: mouseMove2
[    58.79 ] D: _automationChanging true
[    58.79 ] D: ACTIVE
[    58.79 ] D: _currentMouseY 291 89 305 33 QSizeF(-1, 5)
[    58.79 ] D: mouseMove2
[    58.79 ] D: _automationChanging true
[    58.79 ] D: ACTIVE
[    58.79 ] D: _currentMouseY 291 90 305 33 QSizeF(0, 1)
[    58.79 ] D: mouseMove2
[    58.80 ] D: _automationChanging true
[    58.80 ] D: ACTIVE
[    58.80 ] D: _currentMouseY 290 91 305 33 QSizeF(-1, 1)
[    58.80 ] D: mouseMove2
[    58.81 ] D: _pointActive2 false 0
[    58.81 ] D: createSelectedPoints 0 -1
[    58.81 ] D: _automationChanging true
[    58.81 ] D: ACTIVE
[    58.81 ] D: _currentMouseY 290 95 305 33 QSizeF(0, 4)
[    58.81 ] D: mouseMove2
[    58.81 ] D: _automationChanging true
[    58.81 ] D: ACTIVE
[    58.81 ] D: _currentMouseY 290 100 305 33 QSizeF(0, 5)
[    58.81 ] D: mouseMove2
[    58.81 ] D: _automationChanging true
[    58.81 ] D: ACTIVE
[    58.81 ] D: _currentMouseY 289 102 305 33 QSizeF(-1, 2)
[    58.81 ] D: mouseMove2
[    58.82 ] D: _pointActive2 false 0
[    58.82 ] D: createSelectedPoints 0 -1
[    58.82 ] D: _automationChanging true
[    58.82 ] D: ACTIVE
[    58.82 ] D: _currentMouseY 289 107 305 33 QSizeF(0, 6)
[    58.82 ] D: mouseMove2
[    58.83 ] D: _automationChanging true
[    58.83 ] D: ACTIVE
[    58.83 ] D: _currentMouseY 289 107 305 33 QSizeF(0, 2)
[    58.83 ] D: mouseMove2
[    58.83 ] D: _automationChanging true
[    58.83 ] D: ACTIVE
[    58.83 ] D: _currentMouseY 289 107 305 33 QSizeF(0, 1)
[    58.83 ] D: mouseMove2
[    58.84 ] D: _pointActive2 false 0
[    58.84 ] D: createSelectedPoints 0 -1
[    58.84 ] D: _automationChanging true
[    58.84 ] D: ACTIVE
[    58.84 ] D: _currentMouseY 287 107 305 33 QSizeF(-2, 10)
[    58.84 ] D: mouseMove2
[    58.84 ] D: _automationChanging true
[    58.84 ] D: ACTIVE
[    58.84 ] D: _currentMouseY 285 107 305 33 QSizeF(-2, 11)
[    58.84 ] D: mouseMove2
[    58.84 ] D: _automationChanging true
[    58.84 ] D: ACTIVE
[    58.84 ] D: _currentMouseY 284 107 305 33 QSizeF(-1, 3)
[    58.84 ] D: mouseMove2
[    58.85 ] D: _automationChanging true
[    58.85 ] D: ACTIVE
[    58.85 ] D: _currentMouseY 284 107 305 33 QSizeF(0, 1)
[    58.85 ] D: mouseMove2
[    58.86 ] D: _automationChanging true
[    58.86 ] D: _pointActive2 false 0
[    58.86 ] D: createSelectedPoints 0 -1
[    58.86 ] D: ACTIVE
[    58.86 ] D: _currentMouseY 284 107 305 33 QSizeF(0, 2)
[    58.86 ] D: mouseMove2
[    58.86 ] D: _automationChanging true
[    58.86 ] D: ACTIVE
[    58.86 ] D: _currentMouseY 284 107 305 33 QSizeF(0, 1)
[    58.86 ] D: mouseMove2
[    58.86 ] D: _automationChanging true
[    58.86 ] D: ACTIVE
[    58.86 ] D: _currentMouseY 283 107 305 33 QSizeF(-1, 2)
[    58.86 ] D: mouseMove2
[    58.86 ] D: _automationChanging true
[    58.86 ] D: ACTIVE
[    58.86 ] D: _currentMouseY 283 107 305 33 QSizeF(0, 2)
[    58.86 ] D: mouseMove2
[    58.87 ] D: _automationChanging true
[    58.87 ] D: _pointActive2 false 0
[    58.87 ] D: createSelectedPoints 0 -1
[    58.87 ] D: ACTIVE
[    58.87 ] D: _currentMouseY 283 107 305 33 QSizeF(0, 1)
[    58.87 ] D: mouseMove2
[    58.88 ] D: _automationChanging true
[    58.88 ] D: ACTIVE
[    58.88 ] D: _currentMouseY 283 107 305 33 QSizeF(0, 2)
[    58.88 ] D: mouseMove2
[    58.88 ] D: _automationChanging true
[    58.88 ] D: ACTIVE
[    58.88 ] D: _currentMouseY 283 107 305 33 QSizeF(0, 1)
[    58.88 ] D: mouseMove2
[    58.88 ] D: _automationChanging true
[    58.88 ] D: ACTIVE
[    58.88 ] D: _currentMouseY 282 107 305 33 QSizeF(-1, 2)
[    58.88 ] D: mouseMove2
[    58.89 ] D: _automationChanging true
[    58.89 ] D: _pointActive2 false 0
[    58.89 ] D: createSelectedPoints 0 -1
[    58.89 ] D: ACTIVE
[    58.89 ] D: _currentMouseY 282 107 305 33 QSizeF(0, 1)
[    58.89 ] D: mouseMove2
[    58.89 ] D: _automationChanging true
[    58.89 ] D: ACTIVE
[    58.89 ] D: _currentMouseY 281 107 305 33 QSizeF(-1, 7)
[    58.89 ] D: mouseMove2
[    58.89 ] D: _automationChanging true
[    58.89 ] D: ACTIVE
[    58.89 ] D: _currentMouseY 281 107 305 33 QSizeF(0, 1)
[    58.90 ] D: mouseMove2
[    58.90 ] D: _automationChanging true
[    58.90 ] D: ACTIVE
[    58.90 ] D: _currentMouseY 281 107 305 33 QSizeF(0, 3)
[    58.90 ] D: mouseMove2
[    58.91 ] D: _pointActive2 false 0
[    58.91 ] D: _automationChanging true
[    58.91 ] D: createSelectedPoints 0 -1
[    58.91 ] D: ACTIVE
[    58.91 ] D: _currentMouseY 281 107 305 33 QSizeF(0, 6)
[    58.91 ] D: mouseMove2
[    58.91 ] D: _automationChanging true
[    58.91 ] D: ACTIVE
[    58.91 ] D: _currentMouseY 281 107 305 33 QSizeF(0, 7)
[    58.91 ] D: mouseMove2
[    58.91 ] D: _automationChanging true
[    58.91 ] D: ACTIVE
[    58.91 ] D: _currentMouseY 281 107 305 33 QSizeF(0, 2)
[    58.91 ] D: mouseMove2
[    58.92 ] D: _pointActive2 false 0
[    58.92 ] D: _automationChanging true
[    58.92 ] D: createSelectedPoints 0 -1
[    58.92 ] D: ACTIVE
[    58.92 ] D: _currentMouseY 280 107 305 33 QSizeF(-1, 9)
[    58.92 ] D: mouseMove2
[    58.93 ] D: _automationChanging true
[    58.93 ] D: ACTIVE
[    58.93 ] D: _currentMouseY 280 107 305 33 QSizeF(0, 2)
[    58.93 ] D: mouseMove2
[    58.93 ] D: _automationChanging true
[    58.93 ] D: ACTIVE
[    58.93 ] D: _currentMouseY 280 107 305 33 QSizeF(0, 3)
[    58.93 ] D: mouseMove2
[    58.94 ] D: _pointActive2 false 0
[    58.94 ] D: createSelectedPoints 0 -1
[    58.94 ] D: _automationChanging true
[    58.94 ] D: ACTIVE
[    58.94 ] D: _currentMouseY 279 107 305 33 QSizeF(-1, 9)
[    58.94 ] D: mouseMove2
[    58.94 ] D: _automationChanging true
[    58.94 ] D: ACTIVE
[    58.94 ] D: _currentMouseY 278 107 305 33 QSizeF(-1, 10)
[    58.94 ] D: mouseMove2
[    58.94 ] D: _automationChanging true
[    58.94 ] D: ACTIVE
[    58.94 ] D: _currentMouseY 277 107 305 33 QSizeF(-1, 2)
[    58.94 ] D: mouseMove2
[    58.96 ] D: _automationChanging true
[    58.96 ] D: _pointActive2 false 0
[    58.96 ] D: createSelectedPoints 0 -1
[    58.96 ] D: ACTIVE
[    58.96 ] D: _currentMouseY 277 107 305 33 QSizeF(0, 2)
[    58.96 ] D: mouseMove2
[    58.96 ] D: _automationChanging true
[    58.96 ] D: ACTIVE
[    58.96 ] D: _currentMouseY 277 107 305 33 QSizeF(0, 3)
[    58.96 ] D: mouseMove2
[    58.96 ] D: _automationChanging true
[    58.96 ] D: ACTIVE
[    58.96 ] D: _currentMouseY 276 107 305 33 QSizeF(-1, 1)
[    58.96 ] D: mouseMove2
[    58.96 ] D: _automationChanging true
[    58.96 ] D: ACTIVE
[    58.96 ] D: _currentMouseY 276 107 305 33 QSizeF(0, 2)
[    58.96 ] D: mouseMove2
[    58.97 ] D: _automationChanging true
[    58.97 ] D: _pointActive2 false 0
[    58.97 ] D: createSelectedPoints 0 -1
[    58.97 ] D: ACTIVE
[    58.97 ] D: _currentMouseY 276 107 305 33 QSizeF(0, 1)
[    58.97 ] D: mouseMove2
[    58.97 ] D: _automationChanging true
[    58.97 ] D: ACTIVE
[    58.97 ] D: _currentMouseY 276 107 305 33 QSizeF(0, 2)
[    58.98 ] D: mouseMove2
[    58.98 ] D: _automationChanging true
[    58.98 ] D: ACTIVE
[    58.98 ] D: _currentMouseY 276 107 305 33 QSizeF(0, 1)
[    58.98 ] D: mouseMove2
[    58.99 ] D: _pointActive2 false 0
[    58.99 ] D: createSelectedPoints 0 -1
[    58.99 ] D: _automationChanging true
[    58.99 ] D: ACTIVE
[    58.99 ] D: _currentMouseY 276 107 305 33 QSizeF(0, 5)
[    58.99 ] D: mouseMove2
[    58.99 ] D: _automationChanging true
[    58.99 ] D: ACTIVE
[    58.99 ] D: _currentMouseY 275 107 305 33 QSizeF(-1, 5)
[    58.99 ] D: mouseMove2
[    59.01 ] D: _pointActive2 false 0
[    59.01 ] D: _automationChanging true
[    59.01 ] D: createSelectedPoints 0 -1
[    59.01 ] D: ACTIVE
[    59.01 ] D: _currentMouseY 275 107 305 33 QSizeF(0, 1)
[    59.01 ] D: mouseMove2
[    59.02 ] D: _pointActive2 false 0
[    59.02 ] D: createSelectedPoints 0 -1
[    59.13 ] D: _automationChanging true
[    59.13 ] D: ACTIVE
[    59.13 ] D: _currentMouseY 275 107 305 33 QSizeF(0, 0)
[    59.13 ] D: mouseMove2
[    59.14 ] D: _automationChanging true
[    59.14 ] D: _pointActive2 false 0
[    59.14 ] D: createSelectedPoints 0 -1
[    59.14 ] D: ACTIVE
[    59.14 ] D: _currentMouseY 275 105 305 33 QSizeF(0, -2)
[    59.14 ] D: mouseMove2
[    59.14 ] D: _automationChanging true
[    59.14 ] D: ACTIVE
[    59.14 ] D: _currentMouseY 275 102 305 33 QSizeF(0, -3)
[    59.14 ] D: mouseMove2
[    59.14 ] D: _automationChanging true
[    59.14 ] D: ACTIVE
[    59.14 ] D: _currentMouseY 275 101 305 33 QSizeF(0, -1)
[    59.15 ] D: mouseMove2
[    59.15 ] D: _automationChanging true
[    59.15 ] D: ACTIVE
[    59.15 ] D: _currentMouseY 276 100 305 33 QSizeF(1, -1)
[    59.15 ] D: mouseMove2
[    59.16 ] D: _automationChanging true
[    59.16 ] D: _pointActive2 false 0
[    59.16 ] D: createSelectedPoints 0 -1
[    59.16 ] D: ACTIVE
[    59.16 ] D: _currentMouseY 276 99 305 33 QSizeF(0, -1)
[    59.16 ] D: mouseMove2
[    59.16 ] D: _automationChanging true
[    59.16 ] D: ACTIVE
[    59.16 ] D: _currentMouseY 277 94 305 33 QSizeF(1, -5)
[    59.16 ] D: mouseMove2
[    59.16 ] D: _automationChanging true
[    59.16 ] D: ACTIVE
[    59.16 ] D: _currentMouseY 277 93 305 33 QSizeF(0, -1)
[    59.16 ] D: mouseMove2
[    59.16 ] D: _automationChanging true
[    59.16 ] D: ACTIVE
[    59.16 ] D: _currentMouseY 278 93 305 33 QSizeF(1, 0)
[    59.16 ] D: mouseMove2
[    59.17 ] D: _pointActive2 false 0
[    59.17 ] D: _automationChanging true
[    59.17 ] D: createSelectedPoints 0 -1
[    59.17 ] D: ACTIVE
[    59.17 ] D: _currentMouseY 279 88 305 33 QSizeF(1, -5)
[    59.17 ] D: mouseMove2
[    59.17 ] D: _automationChanging true
[    59.18 ] D: ACTIVE
[    59.18 ] D: _currentMouseY 280 88 305 33 QSizeF(1, 0)
[    59.18 ] D: mouseMove2
[    59.18 ] D: _automationChanging true
[    59.18 ] D: ACTIVE
[    59.18 ] D: _currentMouseY 280 87 305 33 QSizeF(0, -1)
[    59.18 ] D: mouseMove2
[    59.19 ] D: _pointActive2 false 0
[    59.19 ] D: createSelectedPoints 0 -1
[    59.19 ] D: _automationChanging true
[    59.19 ] D: ACTIVE
[    59.19 ] D: _currentMouseY 281 80 305 33 QSizeF(1, -7)
[    59.19 ] D: mouseMove2
[    59.19 ] D: _automationChanging true
[    59.19 ] D: ACTIVE
[    59.19 ] D: _currentMouseY 283 72 305 33 QSizeF(2, -8)
[    59.19 ] D: mouseMove2
[    59.19 ] D: _automationChanging true
[    59.19 ] D: ACTIVE
[    59.19 ] D: _currentMouseY 283 71 305 33 QSizeF(0, -1)
[    59.19 ] D: mouseMove2
[    59.21 ] D: _pointActive2 false 0
[    59.21 ] D: createSelectedPoints 0 -1
[    59.21 ] D: _automationChanging true
[    59.21 ] D: ACTIVE
[    59.21 ] D: _currentMouseY 284 62 305 33 QSizeF(1, -9)
[    59.21 ] D: mouseMove2
[    59.21 ] D: _automationChanging true
[    59.21 ] D: ACTIVE
[    59.21 ] D: _currentMouseY 285 60 305 33 QSizeF(1, -2)
[    59.21 ] D: mouseMove2
[    59.22 ] D: _pointActive2 false 0
[    59.22 ] D: _automationChanging true
[    59.22 ] D: createSelectedPoints 0 -1
[    59.22 ] D: ACTIVE
[    59.22 ] D: _currentMouseY 286 53 305 33 QSizeF(1, -7)
[    59.22 ] D: mouseMove2
[    59.22 ] D: _automationChanging true
[    59.22 ] D: ACTIVE
[    59.22 ] D: _currentMouseY 286 52 305 33 QSizeF(0, -1)
[    59.23 ] D: mouseMove2
[    59.23 ] D: _automationChanging true
[    59.23 ] D: ACTIVE
[    59.23 ] D: _currentMouseY 286 50 305 33 QSizeF(0, -2)
[    59.23 ] D: mouseMove2
[    59.24 ] D: _pointActive2 false 0
[    59.24 ] D: createSelectedPoints 0 -1
[    59.24 ] D: _automationChanging true
[    59.24 ] D: ACTIVE
[    59.24 ] D: _currentMouseY 287 45 305 33 QSizeF(1, -5)
[    59.24 ] D: mouseMove2
[    59.24 ] D: _automationChanging true
[    59.24 ] D: ACTIVE
[    59.24 ] D: _currentMouseY 288 39 305 33 QSizeF(1, -6)
[    59.24 ] D: mouseMove2
[    59.24 ] D: _automationChanging true
[    59.24 ] D: ACTIVE
[    59.24 ] D: _currentMouseY 288 38 305 33 QSizeF(0, -1)
[    59.24 ] D: mouseMove2
[    59.26 ] D: _pointActive2 false 0
[    59.26 ] D: createSelectedPoints 0 -1
[    59.26 ] D: _automationChanging true
[    59.26 ] D: ACTIVE
[    59.26 ] D: _currentMouseY 288 35 305 33 QSizeF(0, -3)
[    59.26 ] D: mouseMove2
[    59.26 ] D: _automationChanging true
[    59.26 ] D: ACTIVE
[    59.26 ] D: _currentMouseY 289 31 305 33 QSizeF(1, -4)
[    59.26 ] D: mouseMove2
[    59.26 ] D: _automationChanging true
[    59.26 ] D: ACTIVE
[    59.26 ] D: _currentMouseY 289 30 305 33 QSizeF(0, -1)
[    59.26 ] D: mouseMove2
[    59.27 ] D: _pointActive2 false 0
[    59.27 ] D: _automationChanging true
[    59.27 ] D: createSelectedPoints 0 -1
[    59.27 ] D: ACTIVE
[    59.27 ] D: _currentMouseY 289 28 305 33 QSizeF(0, -2)
[    59.27 ] D: mouseMove2
[    59.28 ] D: _automationChanging true
[    59.28 ] D: ACTIVE
[    59.28 ] D: _currentMouseY 289 27 305 33 QSizeF(0, -1)
[    59.28 ] D: mouseMove2
[    59.29 ] D: _pointActive2 false 0
[    59.29 ] D: createSelectedPoints 0 -1
[    59.29 ] D: _automationChanging true
[    59.29 ] D: ACTIVE
[    59.29 ] D: _currentMouseY 289 27 305 33 QSizeF(0, 0)
[    59.29 ] D: mouseMove2
[    59.31 ] D: _pointActive2 false 0
[    59.31 ] D: createSelectedPoints 0 -1
[    59.34 ] D: _automationChanging true
[    59.34 ] D: ACTIVE
[    59.34 ] D: _currentMouseY 289 27 305 33 QSizeF(0, -2)
[    59.34 ] D: mouseMove2
[    59.36 ] D: _pointActive2 false 0
[    59.36 ] D: createSelectedPoints 0 -1
[    59.36 ] D: _automationChanging true
[    59.36 ] D: ACTIVE
[    59.36 ] D: _currentMouseY 289 27 305 33 QSizeF(0, -3)
[    59.36 ] D: mouseMove2
[    59.36 ] D: _automationChanging true
[    59.36 ] D: ACTIVE
[    59.36 ] D: _currentMouseY 290 27 305 33 QSizeF(1, 0)
[    59.36 ] D: mouseMove2
[    59.36 ] D: _automationChanging true
[    59.37 ] D: ACTIVE
[    59.37 ] D: _currentMouseY 290 27 305 33 QSizeF(0, -1)
[    59.37 ] D: mouseMove2
[    59.37 ] D: _pointActive2 false 0
[    59.37 ] D: createSelectedPoints 0 -1
[    59.38 ] D: _automationChanging true
[    59.38 ] D: ACTIVE
[    59.38 ] D: _currentMouseY 290 27 305 33 QSizeF(0, -2)
[    59.38 ] D: mouseMove2
[    59.39 ] D: _pointActive2 false 0
[    59.39 ] D: _automationChanging true
[    59.39 ] D: createSelectedPoints 0 -1
[    59.39 ] D: ACTIVE
[    59.39 ] D: _currentMouseY 290 27 305 33 QSizeF(0, 0)
[    59.39 ] D: mouseMove2
[    59.39 ] D: _automationChanging true
[    59.39 ] D: ACTIVE
[    59.39 ] D: _currentMouseY 291 27 305 33 QSizeF(1, -1)
[    59.39 ] D: mouseMove2
[    59.41 ] D: _pointActive2 false 0
[    59.41 ] D: _automationChanging true
[    59.41 ] D: createSelectedPoints 0 -1
[    59.41 ] D: ACTIVE
[    59.41 ] D: _currentMouseY 291 27 305 33 QSizeF(0, -1)
[    59.41 ] D: mouseMove2
[    59.42 ] D: _pointActive2 false 0
[    59.42 ] D: createSelectedPoints 0 -1
[    59.62 ] D: _automationChanging true
[    59.62 ] D: ACTIVE
[    59.62 ] D: _currentMouseY 291 27 305 33 QSizeF(0, 0)
[    59.62 ] D: mouseMove2
[    59.64 ] D: _automationChanging true
[    59.64 ] D: _pointActive2 false 0
[    59.64 ] D: createSelectedPoints 0 -1
[    59.64 ] D: ACTIVE
[    59.64 ] D: _currentMouseY 291 28 305 33 QSizeF(0, 1)
[    59.64 ] D: mouseMove2
[    59.64 ] D: _automationChanging true
[    59.64 ] D: ACTIVE
[    59.64 ] D: _currentMouseY 291 30 305 33 QSizeF(0, 2)
[    59.64 ] D: mouseMove2
[    59.64 ] D: _automationChanging true
[    59.64 ] D: ACTIVE
[    59.64 ] D: _currentMouseY 291 31 305 33 QSizeF(0, 1)
[    59.65 ] D: mouseMove2
[    59.66 ] D: _pointActive2 false 0
[    59.66 ] D: _automationChanging true
[    59.66 ] D: createSelectedPoints 0 -1
[    59.66 ] D: ACTIVE
[    59.66 ] D: _currentMouseY 291 31 305 33 QSizeF(0, 0)
[    59.66 ] D: mouseMove2
[    59.66 ] D: _automationChanging true
[    59.66 ] D: ACTIVE
[    59.66 ] D: _currentMouseY 291 32 305 33 QSizeF(0, 1)
[    59.66 ] D: mouseMove2
[    59.67 ] D: _pointActive2 false 0
[    59.67 ] D: _automationChanging true
[    59.67 ] D: createSelectedPoints 0 -1
[    59.67 ] D: ACTIVE
[    59.67 ] D: _currentMouseY 291 34 305 33 QSizeF(0, 2)
[    59.67 ] D: mouseMove2
[    59.68 ] D: _automationChanging true
[    59.68 ] D: ACTIVE
[    59.68 ] D: _currentMouseY 291 35 305 33 QSizeF(0, 1)
[    59.68 ] D: mouseMove2
[    59.69 ] D: _pointActive2 false 0
[    59.69 ] D: createSelectedPoints 0 -1
[    59.69 ] D: _automationChanging true
[    59.69 ] D: ACTIVE
[    59.69 ] D: _currentMouseY 290 36 305 33 QSizeF(-1, 1)
[    59.69 ] D: mouseMove2
[    59.69 ] D: _automationChanging true
[    59.69 ] D: ACTIVE
[    59.69 ] D: _currentMouseY 290 37 305 33 QSizeF(0, 1)
[    59.69 ] D: mouseMove2
[    59.71 ] D: _pointActive2 false 0
[    59.71 ] D: _automationChanging true
[    59.71 ] D: createSelectedPoints 0 -1
[    59.71 ] D: ACTIVE
[    59.71 ] D: _currentMouseY 290 37 305 33 QSizeF(0, 0)
[    59.71 ] D: mouseMove2
[    59.71 ] D: _automationChanging true
[    59.71 ] D: ACTIVE
[    59.71 ] D: _currentMouseY 290 38 305 33 QSizeF(0, 1)
[    59.71 ] D: mouseMove2
[    59.72 ] D: _pointActive2 false 0
[    59.72 ] D: createSelectedPoints 0 -1
[    59.77 ] D: _automationChanging true
[    59.77 ] D: ACTIVE
[    59.77 ] D: _currentMouseY 290 40 305 33 QSizeF(0, 2)
[    59.77 ] D: mouseMove2
[    59.79 ] D: _pointActive2 false 0
[    59.79 ] D: _automationChanging true
[    59.79 ] D: createSelectedPoints 0 -1
[    59.79 ] D: ACTIVE
[    59.79 ] D: _currentMouseY 290 40 305 33 QSizeF(0, 0)
[    59.79 ] D: mouseMove2
[    59.81 ] D: _pointActive2 false 0
[    59.81 ] D: createSelectedPoints 0 -1
[    59.84 ] D: _automationChanging true
[    59.84 ] D: ACTIVE
[    59.84 ] D: _currentMouseY 290 41 305 33 QSizeF(0, 1)
[    59.84 ] D: mouseMove2
[    59.86 ] D: _pointActive2 false 0
[    59.86 ] D: createSelectedPoints 0 -1
[    59.86 ] D: _automationChanging true
[    59.86 ] D: ACTIVE
[    59.86 ] D: _currentMouseY 290 43 305 33 QSizeF(0, 2)
[    59.86 ] D: mouseMove2
[    59.87 ] D: _pointActive2 false 0
[    59.87 ] D: _automationChanging true
[    59.87 ] D: createSelectedPoints 0 -1
[    59.87 ] D: ACTIVE
[    59.87 ] D: _currentMouseY 290 44 305 33 QSizeF(0, 1)
[    59.87 ] D: mouseMove2
[    59.89 ] D: _pointActive2 false 0
[    59.89 ] D: _automationChanging true
[    59.89 ] D: createSelectedPoints 0 -1
[    59.89 ] D: ACTIVE
[    59.89 ] D: _currentMouseY 290 44 305 33 QSizeF(0, 0)
[    59.89 ] D: mouseMove2
[    59.91 ] D: _pointActive2 false 0
[    59.91 ] D: createSelectedPoints 0 -1
[    59.97 ] D: _automationChanging true
[    59.97 ] D: ACTIVE
[    59.97 ] D: _currentMouseY 290 45 305 33 QSizeF(0, 1)
[    59.97 ] D: mouseMove2
[    59.97 ] D: _automationChanging true
[    59.97 ] D: ACTIVE
[    59.97 ] D: _currentMouseY 290 45 305 33 QSizeF(0, 0)
[    59.97 ] D: mouseMove2
[    59.99 ] D: _pointActive2 false 0
[    59.99 ] D: createSelectedPoints 0 -1
[    59.99 ] D: _automationChanging true
[    59.99 ] D: ACTIVE
[    59.99 ] D: _currentMouseY 290 46 305 33 QSizeF(0, 1)
[    59.99 ] D: mouseMove2
[    60.01 ] D: _pointActive2 false 0
[    60.01 ] D: createSelectedPoints 0 -1
[    60.01 ] D: _automationChanging true
[    60.01 ] D: ACTIVE
[    60.01 ] D: _currentMouseY 290 46 305 33 QSizeF(0, 0)
[    60.01 ] D: mouseMove2
[    60.02 ] D: _pointActive2 false 0
[    60.02 ] D: createSelectedPoints 0 -1
[    60.03 ] D: _automationChanging true
[    60.03 ] D: ACTIVE
[    60.03 ] D: _currentMouseY 290 47 305 33 QSizeF(0, 1)
[    60.03 ] D: mouseMove2
[    60.04 ] D: _automationChanging true
[    60.04 ] D: _pointActive2 false 0
[    60.04 ] D: createSelectedPoints 0 -1
[    60.04 ] D: ACTIVE
[    60.04 ] D: _currentMouseY 290 47 305 33 QSizeF(0, 0)
[    60.04 ] D: mouseMove2
[    60.04 ] D: _automationChanging true
[    60.04 ] D: ACTIVE
[    60.04 ] D: _currentMouseY 290 48 305 33 QSizeF(0, 1)
[    60.04 ] D: mouseMove2
[    60.06 ] D: _pointActive2 false 0
[    60.06 ] D: createSelectedPoints 0 -1
[    60.06 ] D: _automationChanging true
[    60.06 ] D: ACTIVE
[    60.06 ] D: _currentMouseY 290 48 305 33 QSizeF(0, 0)
[    60.06 ] D: mouseMove2
[    60.07 ] D: _pointActive2 false 0
[    60.07 ] D: _automationChanging true
[    60.07 ] D: createSelectedPoints 0 -1
[    60.07 ] D: ACTIVE
[    60.07 ] D: _currentMouseY 290 49 305 33 QSizeF(0, 1)
[    60.07 ] D: mouseMove2
[    60.09 ] D: _pointActive2 false 0
[    60.09 ] D: createSelectedPoints 0 -1
[    60.09 ] D: _automationChanging true
[    60.09 ] D: ACTIVE
[    60.09 ] D: _currentMouseY 290 49 305 33 QSizeF(0, 0)
[    60.09 ] D: mouseMove2
[    60.09 ] D: _automationChanging true
[    60.09 ] D: ACTIVE
[    60.09 ] D: _currentMouseY 290 50 305 33 QSizeF(0, 1)
[    60.09 ] D: mouseMove2
[    60.11 ] D: _pointActive2 false 0
[    60.11 ] D: createSelectedPoints 0 -1
[    60.11 ] D: _automationChanging true
[    60.11 ] D: ACTIVE
[    60.11 ] D: _currentMouseY 290 50 305 33 QSizeF(0, 0)
[    60.11 ] D: mouseMove2
[    60.11 ] D: _automationChanging true
[    60.11 ] D: ACTIVE
[    60.11 ] D: _currentMouseY 290 51 305 33 QSizeF(0, 1)
[    60.11 ] D: mouseMove2
[    60.12 ] D: _pointActive2 false 0
[    60.12 ] D: createSelectedPoints 0 -1
[    60.16 ] D: _automationChanging true
[    60.16 ] D: ACTIVE
[    60.16 ] D: _currentMouseY 290 53 305 33 QSizeF(0, 2)
[    60.16 ] D: mouseMove2
[    60.17 ] D: _pointActive2 false 0
[    60.17 ] D: _automationChanging true
[    60.17 ] D: createSelectedPoints 0 -1
[    60.17 ] D: ACTIVE
[    60.17 ] D: _currentMouseY 290 54 305 33 QSizeF(0, 1)
[    60.17 ] D: mouseMove2
[    60.19 ] D: _pointActive2 false 0
[    60.19 ] D: _automationChanging true
[    60.19 ] D: createSelectedPoints 0 -1
[    60.19 ] D: ACTIVE
[    60.19 ] D: _currentMouseY 290 54 305 33 QSizeF(0, 0)
[    60.19 ] D: mouseMove2
[    60.19 ] D: _automationChanging true
[    60.19 ] D: ACTIVE
[    60.19 ] D: _currentMouseY 290 55 305 33 QSizeF(0, 1)
[    60.19 ] D: mouseMove2
[    60.21 ] D: _pointActive2 false 0
[    60.21 ] D: _automationChanging true
[    60.21 ] D: createSelectedPoints 0 -1
[    60.21 ] D: ACTIVE
[    60.21 ] D: _currentMouseY 290 55 305 33 QSizeF(0, 0)
[    60.21 ] D: mouseMove2
[    60.22 ] D: _pointActive2 false 0
[    60.22 ] D: _automationChanging true
[    60.22 ] D: createSelectedPoints 0 -1
[    60.22 ] D: ACTIVE
[    60.22 ] D: _currentMouseY 290 56 305 33 QSizeF(0, 1)
[    60.22 ] D: mouseMove2
[    60.24 ] D: _pointActive2 false 0
[    60.24 ] D: createSelectedPoints 0 -1
[    60.24 ] D: _automationChanging true
[    60.24 ] D: ACTIVE
[    60.24 ] D: _currentMouseY 290 56 305 33 QSizeF(0, 0)
[    60.24 ] D: mouseMove2
[    60.26 ] D: _pointActive2 false 0
[    60.26 ] D: createSelectedPoints 0 -1
[    60.26 ] D: _automationChanging true
[    60.26 ] D: ACTIVE
[    60.26 ] D: _currentMouseY 290 57 305 33 QSizeF(0, 1)
[    60.26 ] D: mouseMove2
[    60.27 ] D: _pointActive2 false 0
[    60.27 ] D: createSelectedPoints 0 -1
[    60.27 ] D: _automationChanging true
[    60.27 ] D: ACTIVE
[    60.27 ] D: _currentMouseY 290 57 305 33 QSizeF(0, 0)
[    60.27 ] D: mouseMove2
[    60.28 ] D: _automationChanging true
[    60.28 ] D: ACTIVE
[    60.28 ] D: _currentMouseY 290 58 305 33 QSizeF(0, 1)
[    60.28 ] D: mouseMove2
[    60.29 ] D: _pointActive2 false 0
[    60.29 ] D: createSelectedPoints 0 -1
[    60.32 ] D: _automationChanging true
[    60.32 ] D: ACTIVE
[    60.32 ] D: _currentMouseY 290 60 305 33 QSizeF(0, 2)
[    60.32 ] D: mouseMove2
[    60.34 ] D: _pointActive2 false 0
[    60.34 ] D: createSelectedPoints 0 -1
[    60.34 ] D: _automationChanging true
[    60.34 ] D: ACTIVE
[    60.34 ] D: _currentMouseY 290 60 305 33 QSizeF(0, 0)
[    60.34 ] D: mouseMove2
[    60.36 ] D: _pointActive2 false 0
[    60.36 ] D: _automationChanging true
[    60.36 ] D: createSelectedPoints 0 -1
[    60.36 ] D: ACTIVE
[    60.36 ] D: _currentMouseY 290 61 305 33 QSizeF(0, 1)
[    60.36 ] D: mouseMove2
[    60.37 ] D: _pointActive2 false 0
[    60.37 ] D: _automationChanging true
[    60.37 ] D: createSelectedPoints 0 -1
[    60.37 ] D: ACTIVE
[    60.37 ] D: _currentMouseY 290 61 305 33 QSizeF(0, 0)
[    60.37 ] D: mouseMove2
[    60.39 ] D: _pointActive2 false 0
[    60.39 ] D: _automationChanging true
[    60.39 ] D: createSelectedPoints 0 -1
[    60.39 ] D: ACTIVE
[    60.39 ] D: _currentMouseY 290 62 305 33 QSizeF(0, 1)
[    60.39 ] D: mouseMove2
[    60.41 ] D: _pointActive2 false 0
[    60.41 ] D: createSelectedPoints 0 -1
[    60.42 ] D: _automationChanging true
[    60.42 ] D: ACTIVE
[    60.42 ] D: _currentMouseY 290 64 305 33 QSizeF(0, 2)
[    60.42 ] D: mouseMove2
[    60.42 ] D: _automationChanging true
[    60.42 ] D: ACTIVE
[    60.42 ] D: _currentMouseY 290 64 305 33 QSizeF(0, 0)
[    60.42 ] D: mouseMove2
[    60.42 ] D: _pointActive2 false 0
[    60.42 ] D: createSelectedPoints 0 -1
[    60.43 ] D: _automationChanging true
[    60.43 ] D: ACTIVE
[    60.43 ] D: _currentMouseY 290 65 305 33 QSizeF(0, 1)
[    60.43 ] D: mouseMove2
[    60.44 ] D: _automationChanging true
[    60.44 ] D: ACTIVE
[    60.44 ] D: _currentMouseY 290 65 305 33 QSizeF(0, 0)
[    60.44 ] D: mouseMove2
[    60.46 ] D: _pointActive2 false 0
[    60.46 ] D: createSelectedPoints 0 -1
[    60.46 ] D: _automationChanging true
[    60.46 ] D: ACTIVE
[    60.46 ] D: _currentMouseY 290 66 305 33 QSizeF(0, 1)
[    60.46 ] D: mouseMove2
[    60.47 ] D: _pointActive2 false 0
[    60.47 ] D: createSelectedPoints 0 -1
[    60.49 ] D: _automationChanging true
[    60.49 ] D: ACTIVE
[    60.49 ] D: _currentMouseY 290 68 305 33 QSizeF(0, 2)
[    60.49 ] D: mouseMove2
[    60.49 ] D: _automationChanging true
[    60.49 ] D: ACTIVE
[    60.49 ] D: _currentMouseY 290 68 305 33 QSizeF(0, 0)
[    60.49 ] D: mouseMove2
[    60.49 ] D: _pointActive2 false 0
[    60.49 ] D: createSelectedPoints 0 -1
[    60.50 ] D: _automationChanging true
[    60.50 ] D: ACTIVE
[    60.50 ] D: _currentMouseY 290 69 305 33 QSizeF(0, 1)
[    60.50 ] D: mouseMove2
[    60.51 ] D: _pointActive2 false 0
[    60.51 ] D: _automationChanging true
[    60.51 ] D: createSelectedPoints 0 -1
[    60.51 ] D: ACTIVE
[    60.51 ] D: _currentMouseY 290 69 305 33 QSizeF(0, 0)
[    60.51 ] D: mouseMove2
[    60.52 ] D: _pointActive2 false 0
[    60.52 ] D: createSelectedPoints 0 -1
[    60.52 ] D: _automationChanging true
[    60.52 ] D: ACTIVE
[    60.52 ] D: _currentMouseY 290 71 305 33 QSizeF(0, 2)
[    60.52 ] D: mouseMove2
[    60.54 ] D: _pointActive2 false 0
[    60.54 ] D: createSelectedPoints 0 -1
[    60.54 ] D: _automationChanging true
[    60.54 ] D: ACTIVE
[    60.54 ] D: _currentMouseY 290 72 305 33 QSizeF(0, 1)
[    60.54 ] D: mouseMove2
[    60.56 ] D: _pointActive2 false 0
[    60.56 ] D: createSelectedPoints 0 -1
[    60.56 ] D: _automationChanging true
[    60.56 ] D: ACTIVE
[    60.56 ] D: _currentMouseY 289 73 305 33 QSizeF(-1, 1)
[    60.56 ] D: mouseMove2
[    60.56 ] D: _automationChanging true
[    60.56 ] D: ACTIVE
[    60.56 ] D: _currentMouseY 289 74 305 33 QSizeF(0, 1)
[    60.56 ] D: mouseMove2
[    60.57 ] D: _pointActive2 false 0
[    60.57 ] D: _automationChanging true
[    60.57 ] D: createSelectedPoints 0 -1
[    60.57 ] D: ACTIVE
[    60.57 ] D: _currentMouseY 289 74 305 33 QSizeF(0, 0)
[    60.58 ] D: mouseMove2
[    60.59 ] D: _pointActive2 false 0
[    60.59 ] D: _automationChanging true
[    60.59 ] D: createSelectedPoints 0 -1
[    60.59 ] D: ACTIVE
[    60.59 ] D: _currentMouseY 289 75 305 33 QSizeF(0, 1)
[    60.59 ] D: mouseMove2
[    60.61 ] D: _pointActive2 false 0
[    60.61 ] D: createSelectedPoints 0 -1
[    60.62 ] D: _automationChanging true
[    60.62 ] D: ACTIVE
[    60.62 ] D: _currentMouseY 288 77 305 33 QSizeF(-1, 2)
[    60.62 ] D: mouseMove2
[    60.64 ] D: _pointActive2 false 0
[    60.64 ] D: _automationChanging true
[    60.64 ] D: createSelectedPoints 0 -1
[    60.64 ] D: ACTIVE
[    60.64 ] D: _currentMouseY 288 78 305 33 QSizeF(0, 1)
[    60.64 ] D: mouseMove2
[    60.66 ] D: _pointActive2 false 0
[    60.66 ] D: createSelectedPoints 0 -1
[    60.66 ] D: _automationChanging true
[    60.66 ] D: ACTIVE
[    60.66 ] D: _currentMouseY 288 80 305 33 QSizeF(0, 2)
[    60.66 ] D: mouseMove2
[    60.67 ] D: _pointActive2 false 0
[    60.67 ] D: _automationChanging true
[    60.67 ] D: createSelectedPoints 0 -1
[    60.67 ] D: ACTIVE
[    60.67 ] D: _currentMouseY 288 80 305 33 QSizeF(0, 0)
[    60.67 ] D: mouseMove2
[    60.69 ] D: _pointActive2 false 0
[    60.69 ] D: _automationChanging true
[    60.69 ] D: createSelectedPoints 0 -1
[    60.69 ] D: ACTIVE
[    60.69 ] D: _currentMouseY 288 81 305 33 QSizeF(0, 1)
[    60.69 ] D: mouseMove2
[    60.71 ] D: _pointActive2 false 0
[    60.71 ] D: createSelectedPoints 0 -1
[    60.74 ] D: _automationChanging true
[    60.74 ] D: ACTIVE
[    60.74 ] D: _currentMouseY 288 83 305 33 QSizeF(0, 2)
[    60.74 ] D: mouseMove2
[    60.74 ] D: _pointActive2 false 0
[    60.74 ] D: createSelectedPoints 0 -1
[    60.75 ] D: _automationChanging true
[    60.75 ] D: ACTIVE
[    60.75 ] D: _currentMouseY 288 84 305 33 QSizeF(0, 1)
[    60.75 ] D: mouseMove2
[    60.76 ] D: _pointActive2 false 0
[    60.76 ] D: _automationChanging true
[    60.76 ] D: createSelectedPoints 0 -1
[    60.76 ] D: ACTIVE
[    60.76 ] D: _currentMouseY 288 84 305 33 QSizeF(0, 0)
[    60.76 ] D: mouseMove2
[    60.77 ] D: _pointActive2 false 0
[    60.77 ] D: createSelectedPoints 0 -1
[    60.77 ] D: _automationChanging true
[    60.77 ] D: ACTIVE
[    60.77 ] D: _currentMouseY 288 85 305 33 QSizeF(0, 1)
[    60.77 ] D: mouseMove2
[    60.79 ] D: _pointActive2 false 0
[    60.79 ] D: createSelectedPoints 0 -1
[    60.79 ] D: _automationChanging true
[    60.79 ] D: ACTIVE
[    60.79 ] D: _currentMouseY 287 87 305 33 QSizeF(-1, 2)
[    60.79 ] D: mouseMove2
[    60.81 ] D: _pointActive2 false 0
[    60.81 ] D: createSelectedPoints 0 -1
[    60.81 ] D: _automationChanging true
[    60.81 ] D: ACTIVE
[    60.81 ] D: _currentMouseY 287 87 305 33 QSizeF(0, 0)
[    60.81 ] D: mouseMove2
[    60.81 ] D: _automationChanging true
[    60.81 ] D: ACTIVE
[    60.81 ] D: _currentMouseY 287 88 305 33 QSizeF(0, 1)
[    60.81 ] D: mouseMove2
[    60.82 ] D: _pointActive2 false 0
[    60.82 ] D: createSelectedPoints 0 -1
[    60.83 ] D: _automationChanging true
[    60.83 ] D: ACTIVE
[    60.83 ] D: _currentMouseY 287 90 305 33 QSizeF(0, 2)
[    60.83 ] D: mouseMove2
[    60.84 ] D: _pointActive2 false 0
[    60.84 ] D: createSelectedPoints 0 -1
[    60.84 ] D: _automationChanging true
[    60.84 ] D: ACTIVE
[    60.84 ] D: _currentMouseY 287 91 305 33 QSizeF(0, 1)
[    60.84 ] D: mouseMove2
[    60.85 ] D: _automationChanging true
[    60.85 ] D: ACTIVE
[    60.85 ] D: _currentMouseY 286 91 305 33 QSizeF(-1, 0)
[    60.85 ] D: mouseMove2
[    60.86 ] D: _pointActive2 false 0
[    60.86 ] D: _automationChanging true
[    60.86 ] D: createSelectedPoints 0 -1
[    60.86 ] D: ACTIVE
[    60.86 ] D: _currentMouseY 286 91 305 33 QSizeF(0, 0)
[    60.86 ] D: mouseMove2
[    60.87 ] D: _pointActive2 false 0
[    60.87 ] D: createSelectedPoints 0 -1
[    60.87 ] D: _automationChanging true
[    60.87 ] D: ACTIVE
[    60.87 ] D: _currentMouseY 286 92 305 33 QSizeF(0, 1)
[    60.88 ] D: mouseMove2
[    60.89 ] D: _pointActive2 false 0
[    60.89 ] D: _automationChanging true
[    60.89 ] D: createSelectedPoints 0 -1
[    60.89 ] D: ACTIVE
[    60.89 ] D: _currentMouseY 286 92 305 33 QSizeF(0, 0)
[    60.89 ] D: mouseMove2
[    60.89 ] D: _automationChanging true
[    60.89 ] D: ACTIVE
[    60.89 ] D: _currentMouseY 286 93 305 33 QSizeF(0, 1)
[    60.90 ] D: mouseMove2
[    60.91 ] D: _pointActive2 false 0
[    60.91 ] D: _automationChanging true
[    60.91 ] D: createSelectedPoints 0 -1
[    60.91 ] D: ACTIVE
[    60.91 ] D: _currentMouseY 286 93 305 33 QSizeF(0, 0)
[    60.91 ] D: mouseMove2
[    60.92 ] D: _pointActive2 false 0
[    60.92 ] D: _automationChanging true
[    60.92 ] D: createSelectedPoints 0 -1
[    60.92 ] D: ACTIVE
[    60.92 ] D: _currentMouseY 286 95 305 33 QSizeF(0, 2)
[    60.92 ] D: mouseMove2
[    60.94 ] D: _pointActive2 false 0
[    60.94 ] D: _automationChanging true
[    60.94 ] D: createSelectedPoints 0 -1
[    60.94 ] D: ACTIVE
[    60.94 ] D: _currentMouseY 286 96 305 33 QSizeF(0, 1)
[    60.94 ] D: mouseMove2
[    60.94 ] D: _automationChanging true
[    60.94 ] D: ACTIVE
[    60.94 ] D: _currentMouseY 286 98 305 33 QSizeF(0, 2)
[    60.94 ] D: mouseMove2
[    60.96 ] D: _pointActive2 false 0
[    60.96 ] D: _automationChanging true
[    60.96 ] D: createSelectedPoints 0 -1
[    60.96 ] D: ACTIVE
[    60.96 ] D: _currentMouseY 286 99 305 33 QSizeF(0, 1)
[    60.96 ] D: mouseMove2
[    60.97 ] D: _pointActive2 false 0
[    60.97 ] D: _automationChanging true
[    60.97 ] D: createSelectedPoints 0 -1
[    60.97 ] D: ACTIVE
[    60.97 ] D: _currentMouseY 286 101 305 33 QSizeF(0, 2)
[    60.97 ] D: mouseMove2
[    60.98 ] D: _automationChanging true
[    60.98 ] D: ACTIVE
[    60.98 ] D: _currentMouseY 285 101 305 33 QSizeF(-1, 0)
[    60.98 ] D: mouseMove2
[    60.99 ] D: _pointActive2 false 0
[    60.99 ] D: _automationChanging true
[    60.99 ] D: createSelectedPoints 0 -1
[    60.99 ] D: ACTIVE
[    60.99 ] D: _currentMouseY 285 102 305 33 QSizeF(0, 1)
[    60.99 ] D: mouseMove2
[    61.01 ] D: _pointActive2 false 0
[    61.01 ] D: createSelectedPoints 0 -1
[    61.02 ] D: _automationChanging true
[    61.02 ] D: ACTIVE
[    61.02 ] D: _currentMouseY 284 105 305 33 QSizeF(-1, 3)
[    61.02 ] D: mouseMove2
[    61.04 ] D: _pointActive2 false 0
[    61.04 ] D: createSelectedPoints 0 -1
[    61.04 ] D: _automationChanging true
[    61.04 ] D: ACTIVE
[    61.04 ] D: _currentMouseY 284 106 305 33 QSizeF(0, 1)
[    61.04 ] D: mouseMove2
[    61.06 ] D: _pointActive2 false 0
[    61.06 ] D: createSelectedPoints 0 -1
[    61.07 ] D: _automationChanging true
[    61.07 ] D: ACTIVE
[    61.07 ] D: _currentMouseY 284 107 305 33 QSizeF(0, 2)
[    61.07 ] D: mouseMove2
[    61.09 ] D: _pointActive2 false 0
[    61.09 ] D: _automationChanging true
[    61.09 ] D: createSelectedPoints 0 -1
[    61.09 ] D: ACTIVE
[    61.09 ] D: _currentMouseY 284 107 305 33 QSizeF(0, 1)
[    61.09 ] D: mouseMove2
[    61.11 ] D: _pointActive2 false 0
[    61.11 ] D: _automationChanging true
[    61.11 ] D: createSelectedPoints 0 -1
[    61.11 ] D: ACTIVE
[    61.11 ] D: _currentMouseY 284 107 305 33 QSizeF(0, 2)
[    61.11 ] D: mouseMove2
[    61.12 ] D: _pointActive2 false 0
[    61.12 ] D: _automationChanging true
[    61.12 ] D: createSelectedPoints 0 -1
[    61.12 ] D: ACTIVE
[    61.12 ] D: _currentMouseY 283 107 305 33 QSizeF(-1, 1)
[    61.12 ] D: mouseMove2
[    61.12 ] D: _automationChanging true
[    61.12 ] D: ACTIVE
[    61.12 ] D: _currentMouseY 283 107 305 33 QSizeF(0, 1)
[    61.13 ] D: mouseMove2
[    61.14 ] D: _pointActive2 false 0
[    61.14 ] D: _automationChanging true
[    61.14 ] D: createSelectedPoints 0 -1
[    61.14 ] D: ACTIVE
[    61.14 ] D: _currentMouseY 283 107 305 33 QSizeF(0, 0)
[    61.14 ] D: mouseMove2
[    61.16 ] D: _pointActive2 false 0
[    61.16 ] D: _automationChanging true
[    61.16 ] D: createSelectedPoints 0 -1
[    61.16 ] D: ACTIVE
[    61.16 ] D: _currentMouseY 283 107 305 33 QSizeF(0, 1)
[    61.16 ] D: mouseMove2
[    61.17 ] D: _pointActive2 false 0
[    61.17 ] D: _automationChanging true
[    61.17 ] D: createSelectedPoints 0 -1
[    61.17 ] D: ACTIVE
[    61.17 ] D: _currentMouseY 283 107 305 33 QSizeF(0, 2)
[    61.17 ] D: mouseMove2
[    61.18 ] D: _automationChanging true
[    61.18 ] D: ACTIVE
[    61.18 ] D: _currentMouseY 282 107 305 33 QSizeF(-1, 0)
[    61.18 ] D: mouseMove2
[    61.19 ] D: _pointActive2 false 0
[    61.19 ] D: createSelectedPoints 0 -1
[    61.19 ] D: _automationChanging true
[    61.19 ] D: ACTIVE
[    61.19 ] D: _currentMouseY 282 107 305 33 QSizeF(0, 1)
[    61.19 ] D: mouseMove2
[    61.21 ] D: _pointActive2 false 0
[    61.21 ] D: createSelectedPoints 0 -1
[    61.21 ] D: _automationChanging true
[    61.21 ] D: ACTIVE
[    61.21 ] D: _currentMouseY 281 107 305 33 QSizeF(-1, 1)
[    61.22 ] D: mouseMove2
[    61.22 ] D: _automationChanging true
[    61.22 ] D: ACTIVE
[    61.22 ] D: _currentMouseY 281 107 305 33 QSizeF(0, 1)
[    61.22 ] D: mouseMove2
[    61.22 ] D: _pointActive2 false 0
[    61.22 ] D: _automationChanging true
[    61.22 ] D: createSelectedPoints 0 -1
[    61.22 ] D: ACTIVE
[    61.22 ] D: _currentMouseY 281 107 305 33 QSizeF(0, 0)
[    61.22 ] D: mouseMove2
[    61.23 ] D: _automationChanging true
[    61.23 ] D: ACTIVE
[    61.23 ] D: _currentMouseY 281 107 305 33 QSizeF(0, 1)
[    61.23 ] D: mouseMove2
[    61.24 ] D: _pointActive2 false 0
[    61.24 ] D: createSelectedPoints 0 -1
[    61.24 ] D: _automationChanging true
[    61.24 ] D: ACTIVE
[    61.24 ] D: _currentMouseY 281 107 305 33 QSizeF(0, 0)
[    61.24 ] D: mouseMove2
[    61.26 ] D: _pointActive2 false 0
[    61.26 ] D: createSelectedPoints 0 -1
[    61.26 ] D: _automationChanging true
[    61.26 ] D: ACTIVE
[    61.26 ] D: _currentMouseY 281 107 305 33 QSizeF(0, 1)
[    61.26 ] D: mouseMove2
[    61.27 ] D: _pointActive2 false 0
[    61.27 ] D: createSelectedPoints 0 -1
[    61.27 ] D: _automationChanging true
[    61.27 ] D: ACTIVE
[    61.27 ] D: _currentMouseY 281 107 305 33 QSizeF(0, 0)
[    61.27 ] D: mouseMove2
[    61.29 ] D: _pointActive2 false 0
[    61.29 ] D: _automationChanging true
[    61.29 ] D: createSelectedPoints 0 -1
[    61.29 ] D: ACTIVE
[    61.29 ] D: _currentMouseY 281 107 305 33 QSizeF(0, 1)
[    61.29 ] D: mouseMove2
[    61.31 ] D: _pointActive2 false 0
[    61.31 ] D: createSelectedPoints 0 -1
[    61.31 ] D: _automationChanging true
[    61.31 ] D: ACTIVE
[    61.31 ] D: _currentMouseY 281 107 305 33 QSizeF(0, 0)
[    61.31 ] D: mouseMove2
[    61.32 ] D: _pointActive2 false 0
[    61.32 ] D: createSelectedPoints 0 -1
[    61.63 ] D: _automationChanging true
[    61.63 ] D: ACTIVE
[    61.63 ] D: _currentMouseY 281 106 305 33 QSizeF(0, -1)
[    61.63 ] D: mouseMove2
[    61.64 ] D: _pointActive2 false 0
[    61.64 ] D: createSelectedPoints 0 -1
[    61.64 ] D: _automationChanging true
[    61.64 ] D: ACTIVE
[    61.64 ] D: _currentMouseY 281 104 305 33 QSizeF(0, -2)
[    61.64 ] D: mouseMove2
[    61.64 ] D: _automationChanging true
[    61.64 ] D: ACTIVE
[    61.64 ] D: _currentMouseY 281 103 305 33 QSizeF(0, -1)
[    61.65 ] D: mouseMove2
[    61.66 ] D: _pointActive2 false 0
[    61.66 ] D: createSelectedPoints 0 -1
[    61.66 ] D: _automationChanging true
[    61.66 ] D: ACTIVE
[    61.66 ] D: _currentMouseY 281 101 305 33 QSizeF(0, -2)
[    61.66 ] D: mouseMove2
[    61.66 ] D: _automationChanging true
[    61.66 ] D: ACTIVE
[    61.66 ] D: _currentMouseY 282 98 305 33 QSizeF(1, -3)
[    61.66 ] D: mouseMove2
[    61.66 ] D: _automationChanging true
[    61.66 ] D: ACTIVE
[    61.66 ] D: _currentMouseY 282 97 305 33 QSizeF(0, -1)
[    61.66 ] D: mouseMove2
[    61.67 ] D: _pointActive2 false 0
[    61.67 ] D: _automationChanging true
[    61.67 ] D: createSelectedPoints 0 -1
[    61.67 ] D: ACTIVE
[    61.67 ] D: _currentMouseY 283 93 305 33 QSizeF(1, -4)
[    61.67 ] D: mouseMove2
[    61.68 ] D: _automationChanging true
[    61.68 ] D: ACTIVE
[    61.68 ] D: _currentMouseY 283 92 305 33 QSizeF(0, -1)
[    61.68 ] D: mouseMove2
[    61.69 ] D: _pointActive2 false 0
[    61.69 ] D: createSelectedPoints 0 -1
[    61.69 ] D: _automationChanging true
[    61.69 ] D: ACTIVE
[    61.69 ] D: _currentMouseY 284 89 305 33 QSizeF(1, -3)
[    61.69 ] D: mouseMove2
[    61.69 ] D: _automationChanging true
[    61.69 ] D: ACTIVE
[    61.69 ] D: _currentMouseY 284 88 305 33 QSizeF(0, -1)
[    61.69 ] D: mouseMove2
[    61.71 ] D: _pointActive2 false 0
[    61.71 ] D: createSelectedPoints 0 -1
[    61.71 ] D: _automationChanging true
[    61.71 ] D: ACTIVE
[    61.71 ] D: _currentMouseY 285 83 305 33 QSizeF(1, -5)
[    61.71 ] D: mouseMove2
[    61.71 ] D: _automationChanging true
[    61.71 ] D: ACTIVE
[    61.71 ] D: _currentMouseY 285 82 305 33 QSizeF(0, -1)
[    61.71 ] D: mouseMove2
[    61.71 ] D: _automationChanging true
[    61.71 ] D: ACTIVE
[    61.71 ] D: _currentMouseY 285 80 305 33 QSizeF(0, -2)
[    61.72 ] D: mouseMove2
[    61.72 ] D: _pointActive2 false 0
[    61.72 ] D: _automationChanging true
[    61.72 ] D: createSelectedPoints 0 -1
[    61.72 ] D: ACTIVE
[    61.72 ] D: _currentMouseY 286 77 305 33 QSizeF(1, -3)
[    61.72 ] D: mouseMove2
[    61.72 ] D: _automationChanging true
[    61.72 ] D: ACTIVE
[    61.72 ] D: _currentMouseY 287 77 305 33 QSizeF(1, 0)
[    61.73 ] D: mouseMove2
[    61.73 ] D: _automationChanging true
[    61.73 ] D: ACTIVE
[    61.73 ] D: _currentMouseY 287 76 305 33 QSizeF(0, -1)
[    61.73 ] D: mouseMove2
[    61.74 ] D: _pointActive2 false 0
[    61.74 ] D: createSelectedPoints 0 -1
[    61.74 ] D: _automationChanging true
[    61.74 ] D: ACTIVE
[    61.74 ] D: _currentMouseY 287 73 305 33 QSizeF(0, -3)
[    61.74 ] D: mouseMove2
[    61.74 ] D: _automationChanging true
[    61.74 ] D: ACTIVE
[    61.74 ] D: _currentMouseY 287 69 305 33 QSizeF(0, -4)
[    61.74 ] D: mouseMove2
[    61.74 ] D: _automationChanging true
[    61.74 ] D: ACTIVE
[    61.74 ] D: _currentMouseY 287 68 305 33 QSizeF(0, -1)
[    61.74 ] D: mouseMove2
[    61.76 ] D: _pointActive2 false 0
[    61.76 ] D: _automationChanging true
[    61.76 ] D: createSelectedPoints 0 -1
[    61.76 ] D: ACTIVE
[    61.76 ] D: _currentMouseY 288 66 305 33 QSizeF(1, -2)
[    61.76 ] D: mouseMove2
[    61.76 ] D: _automationChanging true
[    61.76 ] D: ACTIVE
[    61.76 ] D: _currentMouseY 288 65 305 33 QSizeF(0, -1)
[    61.76 ] D: mouseMove2
[    61.77 ] D: _pointActive2 false 0
[    61.77 ] D: createSelectedPoints 0 -1
[    61.77 ] D: _automationChanging true
[    61.77 ] D: ACTIVE
[    61.77 ] D: _currentMouseY 289 62 305 33 QSizeF(1, -3)
[    61.77 ] D: mouseMove2
[    61.78 ] D: _automationChanging true
[    61.78 ] D: ACTIVE
[    61.78 ] D: _currentMouseY 289 61 305 33 QSizeF(0, -1)
[    61.78 ] D: mouseMove2
[    61.79 ] D: _pointActive2 false 0
[    61.79 ] D: _automationChanging true
[    61.79 ] D: createSelectedPoints 0 -1
[    61.79 ] D: ACTIVE
[    61.79 ] D: _currentMouseY 289 59 305 33 QSizeF(0, -2)
[    61.79 ] D: mouseMove2
[    61.79 ] D: _automationChanging true
[    61.79 ] D: ACTIVE
[    61.79 ] D: _currentMouseY 289 56 305 33 QSizeF(0, -3)
[    61.79 ] D: mouseMove2
[    61.79 ] D: _automationChanging true
[    61.79 ] D: ACTIVE
[    61.79 ] D: _currentMouseY 289 55 305 33 QSizeF(0, -1)
[    61.79 ] D: mouseMove2
[    61.81 ] D: _pointActive2 false 0
[    61.81 ] D: createSelectedPoints 0 -1
[    61.81 ] D: _automationChanging true
[    61.81 ] D: ACTIVE
[    61.81 ] D: _currentMouseY 290 51 305 33 QSizeF(1, -4)
[    61.81 ] D: mouseMove2
[    61.81 ] D: _automationChanging true
[    61.81 ] D: ACTIVE
[    61.81 ] D: _currentMouseY 290 50 305 33 QSizeF(0, -1)
[    61.81 ] D: mouseMove2
[    61.82 ] D: _pointActive2 false 0
[    61.82 ] D: createSelectedPoints 0 -1
[    61.82 ] D: _automationChanging true
[    61.82 ] D: ACTIVE
[    61.82 ] D: _currentMouseY 291 45 305 33 QSizeF(1, -5)
[    61.82 ] D: mouseMove2
[    61.83 ] D: _automationChanging true
[    61.83 ] D: ACTIVE
[    61.83 ] D: _currentMouseY 291 44 305 33 QSizeF(0, -1)
[    61.83 ] D: mouseMove2
[    61.84 ] D: _pointActive2 false 0
[    61.84 ] D: _automationChanging true
[    61.84 ] D: createSelectedPoints 0 -1
[    61.84 ] D: ACTIVE
[    61.84 ] D: _currentMouseY 291 39 305 33 QSizeF(0, -5)
[    61.84 ] D: mouseMove2
[    61.84 ] D: _automationChanging true
[    61.84 ] D: ACTIVE
[    61.84 ] D: _currentMouseY 292 38 305 33 QSizeF(1, -1)
[    61.84 ] D: mouseMove2
[    61.84 ] D: _automationChanging true
[    61.84 ] D: ACTIVE
[    61.84 ] D: _currentMouseY 292 37 305 33 QSizeF(0, -1)
[    61.85 ] D: mouseMove2
[    61.86 ] D: _pointActive2 false 0
[    61.86 ] D: _automationChanging true
[    61.86 ] D: createSelectedPoints 0 -1
[    61.86 ] D: ACTIVE
[    61.86 ] D: _currentMouseY 292 35 305 33 QSizeF(0, -2)
[    61.86 ] D: mouseMove2
[    61.86 ] D: _automationChanging true
[    61.86 ] D: ACTIVE
[    61.86 ] D: _currentMouseY 292 32 305 33 QSizeF(0, -3)
[    61.86 ] D: mouseMove2
[    61.86 ] D: _automationChanging true
[    61.86 ] D: ACTIVE
[    61.86 ] D: _currentMouseY 293 31 305 33 QSizeF(1, -1)
[    61.86 ] D: mouseMove2
[    61.86 ] D: _automationChanging true
[    61.86 ] D: ACTIVE
[    61.86 ] D: _currentMouseY 293 30 305 33 QSizeF(0, -1)
[    61.86 ] D: mouseMove2
[    61.87 ] D: _pointActive2 false 0
[    61.87 ] D: _automationChanging true
[    61.87 ] D: createSelectedPoints 0 -1
[    61.87 ] D: ACTIVE
[    61.87 ] D: _currentMouseY 293 27 305 33 QSizeF(0, -4)
[    61.88 ] D: mouseMove2
[    61.88 ] D: _automationChanging true
[    61.88 ] D: ACTIVE
[    61.88 ] D: _currentMouseY 293 27 305 33 QSizeF(0, -2)
[    61.88 ] D: mouseMove2
[    61.89 ] D: _pointActive2 false 0
[    61.89 ] D: _automationChanging true
[    61.89 ] D: createSelectedPoints 0 -1
[    61.89 ] D: ACTIVE
[    61.89 ] D: _currentMouseY 293 27 305 33 QSizeF(0, -3)
[    61.89 ] D: mouseMove2
[    61.89 ] D: _automationChanging true
[    61.89 ] D: ACTIVE
[    61.89 ] D: _currentMouseY 293 27 305 33 QSizeF(0, -4)
[    61.89 ] D: mouseMove2
[    61.89 ] D: _automationChanging true
[    61.89 ] D: ACTIVE
[    61.89 ] D: _currentMouseY 293 27 305 33 QSizeF(0, -1)
[    61.90 ] D: mouseMove2
[    61.91 ] D: _pointActive2 false 0
[    61.91 ] D: _automationChanging true
[    61.91 ] D: createSelectedPoints 0 -1
[    61.91 ] D: ACTIVE
[    61.91 ] D: _currentMouseY 294 27 305 33 QSizeF(1, -4)
[    61.91 ] D: mouseMove2
[    61.91 ] D: _automationChanging true
[    61.91 ] D: ACTIVE
[    61.91 ] D: _currentMouseY 294 27 305 33 QSizeF(0, -1)
[    61.91 ] D: mouseMove2
[    61.92 ] D: _pointActive2 false 0
[    61.92 ] D: createSelectedPoints 0 -1
[    61.92 ] D: _automationChanging true
[    61.92 ] D: ACTIVE
[    61.92 ] D: _currentMouseY 294 27 305 33 QSizeF(0, -2)
[    61.93 ] D: mouseMove2
[    61.94 ] D: _pointActive2 false 0
[    61.94 ] D: createSelectedPoints 0 -1
[    61.94 ] D: _automationChanging true
[    61.94 ] D: ACTIVE
[    61.94 ] D: _currentMouseY 294 27 305 33 QSizeF(0, 0)
[    61.94 ] D: mouseMove2
[    61.94 ] D: _automationChanging true
[    61.94 ] D: ACTIVE
[    61.94 ] D: _currentMouseY 294 27 305 33 QSizeF(0, -1)
[    61.94 ] D: mouseMove2
[    61.96 ] D: _pointActive2 false 0
[    61.96 ] D: createSelectedPoints 0 -1
[    61.96 ] D: _automationChanging true
[    61.96 ] D: ACTIVE
[    61.96 ] D: _currentMouseY 294 27 305 33 QSizeF(0, -2)
[    61.96 ] D: mouseMove2
[    61.97 ] D: _pointActive2 false 0
[    61.97 ] D: createSelectedPoints 0 -1
[    61.97 ] D: _automationChanging true
[    61.97 ] D: ACTIVE
[    61.97 ] D: _currentMouseY 294 27 305 33 QSizeF(0, -1)
[    61.97 ] D: mouseMove2
[    61.99 ] D: _pointActive2 false 0
[    61.99 ] D: createSelectedPoints 0 -1
[    61.99 ] D: _automationChanging true
[    61.99 ] D: ACTIVE
[    61.99 ] D: _currentMouseY 294 27 305 33 QSizeF(0, 0)
[    61.99 ] D: mouseMove2
[    62.01 ] D: _pointActive2 false 0
[    62.01 ] D: createSelectedPoints 0 -1
[    62.01 ] D: _automationChanging true
[    62.01 ] D: ACTIVE
[    62.01 ] D: _currentMouseY 294 27 305 33 QSizeF(0, -1)
[    62.01 ] D: mouseMove2
[    62.02 ] D: _pointActive2 false 0
[    62.02 ] D: createSelectedPoints 0 -1
[    62.02 ] D: _automationChanging true
[    62.02 ] D: ACTIVE
[    62.02 ] D: _currentMouseY 294 27 305 33 QSizeF(0, 0)
[    62.02 ] D: mouseMove2
[    62.04 ] D: _pointActive2 false 0
[    62.04 ] D: createSelectedPoints 0 -1
[    62.17 ] D: createSelectedPoints 0 -1
[    62.17 ] D: ACTIVE
[    63.47 ] D: findTrackIndexByPoint 0 QRect(0,0 1707x111) true QPointF(161,104)
[    63.47 ] D: ACTIVE
[    63.47 ] D: createSelectedPoints 0 -1
[    63.56 ] D: _automationChanging true
[    63.56 ] D: mouseMove2
[    63.57 ] D: _automationChanging true
[    63.57 ] D: ACTIVE
[    63.57 ] D: _currentMouseY 160 105 161 104 QSizeF(-1, 1)
[    63.57 ] D: mouseMove2
[    63.57 ] D: _automationChanging true
[    63.57 ] D: _pointActive1 true false false
[    63.57 ] D: _pointActive2 false 0
[    63.57 ] D: createSelectedPoints 0 -1
[    63.57 ] D: ACTIVE
[    63.57 ] D: _currentMouseY 159 105 161 104 QSizeF(-1, 0)
[    63.58 ] D: mouseMove2
[    63.59 ] D: _pointActive2 false 0
[    63.59 ] D: createSelectedPoints 0 -1
[    63.59 ] D: _automationChanging true
[    63.59 ] D: ACTIVE
[    63.59 ] D: _currentMouseY 157 105 161 104 QSizeF(-2, 0)
[    63.59 ] D: mouseMove2
[    63.61 ] D: _pointActive2 false 0
[    63.61 ] D: _automationChanging true
[    63.61 ] D: createSelectedPoints 0 -1
[    63.61 ] D: ACTIVE
[    63.61 ] D: _currentMouseY 157 105 161 104 QSizeF(0, 0)
[    63.61 ] D: mouseMove2
[    63.62 ] D: _pointActive2 false 0
[    63.62 ] D: createSelectedPoints 0 -1
[    63.64 ] D: _automationChanging true
[    63.64 ] D: ACTIVE
[    63.64 ] D: _currentMouseY 156 105 161 104 QSizeF(-1, 0)
[    63.64 ] D: mouseMove2
[    63.66 ] D: _pointActive2 false 0
[    63.66 ] D: _automationChanging true
[    63.66 ] D: createSelectedPoints 0 -1
[    63.66 ] D: ACTIVE
[    63.66 ] D: _currentMouseY 156 105 161 104 QSizeF(0, 0)
[    63.66 ] D: mouseMove2
[    63.66 ] D: _automationChanging true
[    63.66 ] D: ACTIVE
[    63.66 ] D: _currentMouseY 155 105 161 104 QSizeF(-1, 0)
[    63.66 ] D: mouseMove2
[    63.67 ] D: _pointActive2 false 0
[    63.67 ] D: _automationChanging true
[    63.67 ] D: createSelectedPoints 0 -1
[    63.67 ] D: ACTIVE
[    63.67 ] D: _currentMouseY 153 105 161 104 QSizeF(-2, 0)
[    63.67 ] D: mouseMove2
[    63.68 ] D: _automationChanging true
[    63.68 ] D: ACTIVE
[    63.68 ] D: _currentMouseY 153 104 161 104 QSizeF(0, -1)
[    63.68 ] D: mouseMove2
[    63.69 ] D: _pointActive2 false 0
[    63.69 ] D: createSelectedPoints 0 -1
[    63.69 ] D: _automationChanging true
[    63.69 ] D: ACTIVE
[    63.69 ] D: _currentMouseY 152 102 161 104 QSizeF(-1, -2)
[    63.69 ] D: mouseMove2
[    63.69 ] D: _automationChanging true
[    63.69 ] D: ACTIVE
[    63.69 ] D: _currentMouseY 151 99 161 104 QSizeF(-1, -3)
[    63.69 ] D: mouseMove2
[    63.69 ] D: _automationChanging true
[    63.69 ] D: ACTIVE
[    63.69 ] D: _currentMouseY 150 99 161 104 QSizeF(-1, 0)
[    63.69 ] D: mouseMove2
[    63.71 ] D: _pointActive2 false 0
[    63.71 ] D: createSelectedPoints 0 -1
[    63.71 ] D: _automationChanging true
[    63.71 ] D: ACTIVE
[    63.71 ] D: _currentMouseY 149 97 161 104 QSizeF(-1, -2)
[    63.71 ] D: mouseMove2
[    63.71 ] D: _automationChanging true
[    63.71 ] D: ACTIVE
[    63.71 ] D: _currentMouseY 149 96 161 104 QSizeF(0, -1)
[    63.71 ] D: mouseMove2
[    63.72 ] D: _pointActive2 false 0
[    63.72 ] D: createSelectedPoints 0 -1
[    63.73 ] D: _automationChanging true
[    63.73 ] D: ACTIVE
[    63.73 ] D: _currentMouseY 149 94 161 104 QSizeF(0, -2)
[    63.73 ] D: mouseMove2
[    63.73 ] D: _automationChanging true
[    63.73 ] D: ACTIVE
[    63.73 ] D: _currentMouseY 148 94 161 104 QSizeF(-1, 0)
[    63.74 ] D: mouseMove2
[    63.74 ] D: _pointActive2 false 0
[    63.74 ] D: createSelectedPoints 0 -1
[    63.74 ] D: _automationChanging true
[    63.74 ] D: ACTIVE
[    63.74 ] D: _currentMouseY 148 93 161 104 QSizeF(0, -1)
[    63.74 ] D: mouseMove2
[    63.76 ] D: _pointActive2 false 0
[    63.76 ] D: createSelectedPoints 0 -1
[    63.76 ] D: _automationChanging true
[    63.76 ] D: ACTIVE
[    63.76 ] D: _currentMouseY 148 91 161 104 QSizeF(0, -2)
[    63.76 ] D: mouseMove2
[    63.77 ] D: _pointActive2 false 0
[    63.77 ] D: _automationChanging true
[    63.77 ] D: createSelectedPoints 0 -1
[    63.77 ] D: ACTIVE
[    63.77 ] D: _currentMouseY 147 90 161 104 QSizeF(-1, -1)
[    63.78 ] D: mouseMove2
[    63.78 ] D: _automationChanging true
[    63.78 ] D: ACTIVE
[    63.78 ] D: _currentMouseY 147 89 161 104 QSizeF(0, -1)
[    63.78 ] D: mouseMove2
[    63.79 ] D: _pointActive2 false 0
[    63.79 ] D: createSelectedPoints 0 -1
[    63.80 ] D: _automationChanging true
[    63.80 ] D: ACTIVE
[    63.80 ] D: _currentMouseY 147 87 161 104 QSizeF(0, -2)
[    63.80 ] D: mouseMove2
[    63.81 ] D: _pointActive2 false 0
[    63.81 ] D: _automationChanging true
[    63.81 ] D: createSelectedPoints 0 -1
[    63.81 ] D: ACTIVE
[    63.81 ] D: _currentMouseY 147 87 161 104 QSizeF(0, 0)
[    63.81 ] D: mouseMove2
[    63.81 ] D: _automationChanging true
[    63.81 ] D: ACTIVE
[    63.81 ] D: _currentMouseY 147 86 161 104 QSizeF(0, -1)
[    63.81 ] D: mouseMove2
[    63.82 ] D: _pointActive2 false 0
[    63.82 ] D: createSelectedPoints 0 -1
[    63.82 ] D: _automationChanging true
[    63.82 ] D: ACTIVE
[    63.82 ] D: _currentMouseY 147 86 161 104 QSizeF(0, 0)
[    63.82 ] D: mouseMove2
[    63.84 ] D: _pointActive2 false 0
[    63.84 ] D: _automationChanging true
[    63.84 ] D: createSelectedPoints 0 -1
[    63.84 ] D: ACTIVE
[    63.84 ] D: _currentMouseY 147 85 161 104 QSizeF(0, -1)
[    63.84 ] D: mouseMove2
[    63.86 ] D: _pointActive2 false 0
[    63.86 ] D: createSelectedPoints 0 -1
[    63.90 ] D: _automationChanging true
[    63.90 ] D: ACTIVE
[    63.90 ] D: _currentMouseY 147 83 161 104 QSizeF(0, -2)
[    63.90 ] D: mouseMove2
[    63.91 ] D: _pointActive2 false 0
[    63.91 ] D: _automationChanging true
[    63.91 ] D: createSelectedPoints 0 -1
[    63.91 ] D: ACTIVE
[    63.91 ] D: _currentMouseY 147 83 161 104 QSizeF(0, 0)
[    63.91 ] D: mouseMove2
[    63.91 ] D: _automationChanging true
[    63.91 ] D: ACTIVE
[    63.91 ] D: _currentMouseY 147 82 161 104 QSizeF(0, -1)
[    63.91 ] D: mouseMove2
[    63.92 ] D: _pointActive2 false 0
[    63.92 ] D: createSelectedPoints 0 -1
[    63.94 ] D: _automationChanging true
[    63.94 ] D: ACTIVE
[    63.94 ] D: _currentMouseY 147 80 161 104 QSizeF(0, -2)
[    63.94 ] D: mouseMove2
[    63.96 ] D: _pointActive2 false 0
[    63.96 ] D: createSelectedPoints 0 -1
[    63.96 ] D: _automationChanging true
[    63.96 ] D: ACTIVE
[    63.96 ] D: _currentMouseY 147 79 161 104 QSizeF(0, -1)
[    63.96 ] D: mouseMove2
[    63.97 ] D: _pointActive2 false 0
[    63.97 ] D: createSelectedPoints 0 -1
[    63.97 ] D: _automationChanging true
[    63.97 ] D: ACTIVE
[    63.97 ] D: _currentMouseY 146 78 161 104 QSizeF(-1, -1)
[    63.97 ] D: mouseMove2
[    63.98 ] D: _automationChanging true
[    63.98 ] D: ACTIVE
[    63.98 ] D: _currentMouseY 146 77 161 104 QSizeF(0, -1)
[    63.98 ] D: mouseMove2
[    63.99 ] D: _pointActive2 false 0
[    63.99 ] D: createSelectedPoints 0 -1
[    63.99 ] D: _automationChanging true
[    63.99 ] D: ACTIVE
[    63.99 ] D: _currentMouseY 146 77 161 104 QSizeF(0, 0)
[    63.99 ] D: mouseMove2
[    64.01 ] D: _pointActive2 false 0
[    64.01 ] D: createSelectedPoints 0 -1
[    64.02 ] D: _automationChanging true
[    64.02 ] D: ACTIVE
[    64.02 ] D: _currentMouseY 146 76 161 104 QSizeF(0, -1)
[    64.02 ] D: mouseMove2
[    64.04 ] D: _pointActive2 false 0
[    64.04 ] D: createSelectedPoints 0 -1
[    64.05 ] D: _automationChanging true
[    64.05 ] D: ACTIVE
[    64.05 ] D: _currentMouseY 146 74 161 104 QSizeF(0, -2)
[    64.06 ] D: mouseMove2
[    64.06 ] D: _pointActive2 false 0
[    64.06 ] D: createSelectedPoints 0 -1
[    64.07 ] D: _automationChanging true
[    64.07 ] D: ACTIVE
[    64.07 ] D: _currentMouseY 146 74 161 104 QSizeF(0, 0)
[    64.07 ] D: mouseMove2
[    64.09 ] D: _pointActive2 false 0
[    64.09 ] D: createSelectedPoints 0 -1
[    64.27 ] D: _automationChanging true
[    64.27 ] D: ACTIVE
[    64.27 ] D: _currentMouseY 146 75 161 104 QSizeF(0, 1)
[    64.28 ] D: mouseMove2
[    64.28 ] D: _automationChanging true
[    64.28 ] D: ACTIVE
[    64.28 ] D: _currentMouseY 145 75 161 104 QSizeF(-1, 0)
[    64.28 ] D: mouseMove2
[    64.28 ] D: _automationChanging true
[    64.28 ] D: ACTIVE
[    64.28 ] D: _currentMouseY 145 76 161 104 QSizeF(0, 1)
[    64.28 ] D: mouseMove2
[    64.29 ] D: _pointActive2 false 0
[    64.29 ] D: createSelectedPoints 0 -1
[    64.29 ] D: _automationChanging true
[    64.29 ] D: ACTIVE
[    64.29 ] D: _currentMouseY 145 78 161 104 QSizeF(0, 2)
[    64.29 ] D: mouseMove2
[    64.30 ] D: _automationChanging true
[    64.30 ] D: ACTIVE
[    64.30 ] D: _currentMouseY 145 79 161 104 QSizeF(0, 1)
[    64.30 ] D: mouseMove2
[    64.31 ] D: _pointActive2 false 0
[    64.31 ] D: createSelectedPoints 0 -1
[    64.31 ] D: _automationChanging true
[    64.31 ] D: ACTIVE
[    64.31 ] D: _currentMouseY 145 79 161 104 QSizeF(0, 0)
[    64.31 ] D: mouseMove2
[    64.31 ] D: _automationChanging true
[    64.31 ] D: ACTIVE
[    64.31 ] D: _currentMouseY 145 80 161 104 QSizeF(0, 1)
[    64.31 ] D: mouseMove2
[    64.32 ] D: _pointActive2 false 0
[    64.32 ] D: _automationChanging true
[    64.32 ] D: createSelectedPoints 0 -1
[    64.32 ] D: ACTIVE
[    64.32 ] D: _currentMouseY 144 81 161 104 QSizeF(-1, 1)
[    64.32 ] D: mouseMove2
[    64.33 ] D: _automationChanging true
[    64.33 ] D: ACTIVE
[    64.33 ] D: _currentMouseY 144 82 161 104 QSizeF(0, 1)
[    64.33 ] D: mouseMove2
[    64.34 ] D: _pointActive2 false 0
[    64.34 ] D: _automationChanging true
[    64.34 ] D: createSelectedPoints 0 -1
[    64.34 ] D: ACTIVE
[    64.34 ] D: _currentMouseY 143 83 161 104 QSizeF(-1, 1)
[    64.34 ] D: mouseMove2
[    64.34 ] D: _automationChanging true
[    64.34 ] D: ACTIVE
[    64.34 ] D: _currentMouseY 143 84 161 104 QSizeF(0, 1)
[    64.34 ] D: mouseMove2
[    64.36 ] D: _pointActive2 false 0
[    64.36 ] D: createSelectedPoints 0 -1
[    64.38 ] D: _automationChanging true
[    64.38 ] D: ACTIVE
[    64.38 ] D: _currentMouseY 143 86 161 104 QSizeF(0, 2)
[    64.38 ] D: mouseMove2
[    64.39 ] D: _pointActive2 false 0
[    64.39 ] D: _automationChanging true
[    64.39 ] D: createSelectedPoints 0 -1
[    64.39 ] D: ACTIVE
[    64.39 ] D: _currentMouseY 143 86 161 104 QSizeF(0, 0)
[    64.39 ] D: mouseMove2
[    64.39 ] D: _automationChanging true
[    64.39 ] D: ACTIVE
[    64.39 ] D: _currentMouseY 143 87 161 104 QSizeF(0, 1)
[    64.39 ] D: mouseMove2
[    64.41 ] D: _pointActive2 false 0
[    64.41 ] D: _automationChanging true
[    64.41 ] D: createSelectedPoints 0 -1
[    64.41 ] D: ACTIVE
[    64.41 ] D: _currentMouseY 143 87 161 104 QSizeF(0, 0)
[    64.41 ] D: mouseMove2
[    64.42 ] D: _pointActive2 false 0
[    64.42 ] D: createSelectedPoints 0 -1
[    64.42 ] D: _automationChanging true
[    64.42 ] D: ACTIVE
[    64.42 ] D: _currentMouseY 143 89 161 104 QSizeF(0, 2)
[    64.43 ] D: mouseMove2
[    64.44 ] D: _pointActive2 false 0
[    64.44 ] D: createSelectedPoints 0 -1
[    64.44 ] D: _automationChanging true
[    64.44 ] D: ACTIVE
[    64.44 ] D: _currentMouseY 143 90 161 104 QSizeF(0, 1)
[    64.44 ] D: mouseMove2
[    64.44 ] D: _automationChanging true
[    64.44 ] D: ACTIVE
[    64.44 ] D: _currentMouseY 143 92 161 104 QSizeF(0, 2)
[    64.44 ] D: mouseMove2
[    64.46 ] D: _pointActive2 false 0
[    64.46 ] D: createSelectedPoints 0 -1
[    64.46 ] D: _automationChanging true
[    64.46 ] D: ACTIVE
[    64.46 ] D: _currentMouseY 142 94 161 104 QSizeF(-1, 2)
[    64.46 ] D: mouseMove2
[    64.46 ] D: _automationChanging true
[    64.46 ] D: ACTIVE
[    64.46 ] D: _currentMouseY 142 95 161 104 QSizeF(0, 1)
[    64.46 ] D: mouseMove2
[    64.47 ] D: _pointActive2 false 0
[    64.47 ] D: createSelectedPoints 0 -1
[    64.47 ] D: _automationChanging true
[    64.47 ] D: ACTIVE
[    64.47 ] D: _currentMouseY 142 97 161 104 QSizeF(0, 2)
[    64.47 ] D: mouseMove2
[    64.48 ] D: _automationChanging true
[    64.48 ] D: ACTIVE
[    64.48 ] D: _currentMouseY 141 97 161 104 QSizeF(-1, 0)
[    64.48 ] D: mouseMove2
[    64.49 ] D: _pointActive2 false 0
[    64.49 ] D: createSelectedPoints 0 -1
[    64.49 ] D: _automationChanging true
[    64.49 ] D: ACTIVE
[    64.49 ] D: _currentMouseY 141 99 161 104 QSizeF(0, 2)
[    64.49 ] D: mouseMove2
[    64.49 ] D: _automationChanging true
[    64.49 ] D: ACTIVE
[    64.49 ] D: _currentMouseY 141 100 161 104 QSizeF(0, 1)
[    64.50 ] D: mouseMove2
[    64.51 ] D: _pointActive2 false 0
[    64.51 ] D: createSelectedPoints 0 -1
[    64.51 ] D: _automationChanging true
[    64.51 ] D: ACTIVE
[    64.51 ] D: _currentMouseY 141 102 161 104 QSizeF(0, 2)
[    64.51 ] D: mouseMove2
[    64.52 ] D: _pointActive2 false 0
[    64.52 ] D: createSelectedPoints 0 -1
[    64.52 ] D: _automationChanging true
[    64.52 ] D: ACTIVE
[    64.52 ] D: _currentMouseY 140 103 161 104 QSizeF(-1, 1)
[    64.53 ] D: mouseMove2
[    64.53 ] D: _automationChanging true
[    64.53 ] D: ACTIVE
[    64.53 ] D: _currentMouseY 140 104 161 104 QSizeF(0, 1)
[    64.53 ] D: mouseMove2
[    64.54 ] D: _pointActive2 false 0
[    64.54 ] D: createSelectedPoints 0 -1
[    64.60 ] D: _automationChanging true
[    64.60 ] D: ACTIVE
[    64.61 ] D: _currentMouseY 140 106 161 104 QSizeF(0, 2)
[    64.61 ] D: mouseMove2
[    64.61 ] D: _pointActive2 false 0
[    64.61 ] D: createSelectedPoints 0 -1
[    64.62 ] D: _automationChanging true
[    64.62 ] D: ACTIVE
[    64.62 ] D: _currentMouseY 140 107 161 104 QSizeF(0, 1)
[    64.62 ] D: mouseMove2
[    64.62 ] D: _automationChanging true
[    64.62 ] D: ACTIVE
[    64.62 ] D: _currentMouseY 140 107 161 104 QSizeF(0, 0)
[    64.62 ] D: mouseMove2
[    64.64 ] D: _pointActive2 false 0
[    64.64 ] D: createSelectedPoints 0 -1
[    64.64 ] D: _automationChanging true
[    64.64 ] D: ACTIVE
[    64.64 ] D: _currentMouseY 140 107 161 104 QSizeF(0, 1)
[    64.64 ] D: mouseMove2
[    64.64 ] D: _automationChanging true
[    64.64 ] D: ACTIVE
[    64.64 ] D: _currentMouseY 139 107 161 104 QSizeF(-1, 0)
[    64.64 ] D: mouseMove2
[    64.66 ] D: _pointActive2 false 0
[    64.66 ] D: _automationChanging true
[    64.66 ] D: createSelectedPoints 0 -1
[    64.66 ] D: ACTIVE
[    64.66 ] D: _currentMouseY 139 107 161 104 QSizeF(0, 2)
[    64.66 ] D: mouseMove2
[    64.67 ] D: _pointActive2 false 0
[    64.67 ] D: _automationChanging true
[    64.67 ] D: createSelectedPoints 0 -1
[    64.67 ] D: ACTIVE
[    64.67 ] D: _currentMouseY 139 107 161 104 QSizeF(0, 0)
[    64.68 ] D: mouseMove2
[    64.69 ] D: _pointActive2 false 0
[    64.69 ] D: _automationChanging true
[    64.69 ] D: createSelectedPoints 0 -1
[    64.69 ] D: ACTIVE
[    64.69 ] D: _currentMouseY 139 107 161 104 QSizeF(0, 1)
[    64.69 ] D: mouseMove2
[    64.71 ] D: _pointActive2 false 0
[    64.71 ] D: createSelectedPoints 0 -1
[    64.71 ] D: _automationChanging true
[    64.71 ] D: ACTIVE
[    64.71 ] D: _currentMouseY 139 107 161 104 QSizeF(0, 0)
[    64.71 ] D: mouseMove2
[    64.71 ] D: _automationChanging true
[    64.71 ] D: ACTIVE
[    64.71 ] D: _currentMouseY 139 107 161 104 QSizeF(0, 1)
[    64.71 ] D: mouseMove2
[    64.72 ] D: _pointActive2 false 0
[    64.72 ] D: createSelectedPoints 0 -1
[    64.72 ] D: _automationChanging true
[    64.72 ] D: ACTIVE
[    64.72 ] D: _currentMouseY 139 107 161 104 QSizeF(0, 0)
[    64.72 ] D: mouseMove2
[    64.74 ] D: _pointActive2 false 0
[    64.74 ] D: createSelectedPoints 0 -1
[    64.76 ] D: _automationChanging true
[    64.76 ] D: ACTIVE
[    64.76 ] D: _currentMouseY 139 107 161 104 QSizeF(0, 1)
[    64.76 ] D: mouseMove2
[    64.77 ] D: _pointActive2 false 0
[    64.77 ] D: createSelectedPoints 0 -1
[    64.77 ] D: _automationChanging true
[    64.77 ] D: ACTIVE
[    64.77 ] D: _currentMouseY 139 107 161 104 QSizeF(0, 0)
[    64.77 ] D: mouseMove2
[    64.79 ] D: _pointActive2 false 0
[    64.79 ] D: createSelectedPoints 0 -1
[    64.80 ] D: _automationChanging true
[    64.80 ] D: ACTIVE
[    64.80 ] D: _currentMouseY 139 107 161 104 QSizeF(0, 1)
[    64.80 ] D: mouseMove2
[    64.81 ] D: _automationChanging true
[    64.81 ] D: ACTIVE
[    64.81 ] D: _currentMouseY 139 107 161 104 QSizeF(0, 0)
[    64.81 ] D: mouseMove2
[    64.81 ] D: _pointActive2 false 0
[    64.81 ] D: createSelectedPoints 0 -1
[    64.87 ] D: _automationChanging true
[    64.87 ] D: ACTIVE
[    64.87 ] D: _currentMouseY 139 107 161 104 QSizeF(0, 1)
[    64.87 ] D: mouseMove2
[    64.87 ] D: _automationChanging true
[    64.87 ] D: ACTIVE
[    64.87 ] D: _currentMouseY 138 107 161 104 QSizeF(-1, 0)
[    64.88 ] D: mouseMove2
[    64.89 ] D: _pointActive2 false 0
[    64.89 ] D: _automationChanging true
[    64.89 ] D: createSelectedPoints 0 -1
[    64.89 ] D: ACTIVE
[    64.89 ] D: _currentMouseY 138 107 161 104 QSizeF(0, 0)
[    64.89 ] D: mouseMove2
[    64.89 ] D: _automationChanging true
[    64.89 ] D: ACTIVE
[    64.89 ] D: _currentMouseY 138 107 161 104 QSizeF(0, 1)
[    64.89 ] D: mouseMove2
[    64.91 ] D: _pointActive2 false 0
[    64.91 ] D: _automationChanging true
[    64.91 ] D: createSelectedPoints 0 -1
[    64.91 ] D: ACTIVE
[    64.91 ] D: _currentMouseY 138 107 161 104 QSizeF(0, 0)
[    64.91 ] D: mouseMove2
[    64.92 ] D: _pointActive2 false 0
[    64.92 ] D: createSelectedPoints 0 -1
[    65.09 ] D: _automationChanging true
[    65.09 ] D: ACTIVE
[    65.09 ] D: _currentMouseY 138 107 161 104 QSizeF(0, 1)
[    65.09 ] D: mouseMove2
[    65.09 ] D: _automationChanging true
[    65.09 ] D: ACTIVE
[    65.09 ] D: _currentMouseY 138 107 161 104 QSizeF(0, 0)
[    65.09 ] D: mouseMove2
[    65.11 ] D: _pointActive2 false 0
[    65.11 ] D: _automationChanging true
[    65.11 ] D: createSelectedPoints 0 -1
[    65.11 ] D: ACTIVE
[    65.11 ] D: _currentMouseY 138 107 161 104 QSizeF(0, 1)
[    65.11 ] D: mouseMove2
[    65.12 ] D: _pointActive2 false 0
[    65.12 ] D: _automationChanging true
[    65.12 ] D: createSelectedPoints 0 -1
[    65.12 ] D: ACTIVE
[    65.12 ] D: _currentMouseY 138 107 161 104 QSizeF(0, 0)
[    65.12 ] D: mouseMove2
[    65.14 ] D: _pointActive2 false 0
[    65.14 ] D: _automationChanging true
[    65.14 ] D: createSelectedPoints 0 -1
[    65.14 ] D: ACTIVE
[    65.14 ] D: _currentMouseY 138 107 161 104 QSizeF(0, 1)
[    65.14 ] D: mouseMove2
[    65.16 ] D: _pointActive2 false 0
[    65.16 ] D: createSelectedPoints 0 -1
[    65.16 ] D: _automationChanging true
[    65.16 ] D: ACTIVE
[    65.16 ] D: _currentMouseY 138 107 161 104 QSizeF(0, 2)
[    65.16 ] D: mouseMove2
[    65.17 ] D: _pointActive2 false 0
[    65.17 ] D: createSelectedPoints 0 -1
[    65.17 ] D: _automationChanging true
[    65.17 ] D: ACTIVE
[    65.17 ] D: _currentMouseY 138 107 161 104 QSizeF(0, 1)
[    65.18 ] D: mouseMove2
[    65.19 ] D: _pointActive2 false 0
[    65.19 ] D: createSelectedPoints 0 -1
[    65.21 ] D: _automationChanging true
[    65.21 ] D: ACTIVE
[    65.21 ] D: _currentMouseY 138 107 161 104 QSizeF(0, 2)
[    65.21 ] D: mouseMove2
[    65.22 ] D: _pointActive2 false 0
[    65.22 ] D: _automationChanging true
[    65.22 ] D: createSelectedPoints 0 -1
[    65.22 ] D: ACTIVE
[    65.22 ] D: _currentMouseY 138 107 161 104 QSizeF(0, 1)
[    65.22 ] D: mouseMove2
[    65.24 ] D: _pointActive2 false 0
[    65.24 ] D: createSelectedPoints 0 -1
[    65.26 ] D: _automationChanging true
[    65.26 ] D: ACTIVE
[    65.26 ] D: _currentMouseY 138 107 161 104 QSizeF(0, 2)
[    65.26 ] D: mouseMove2
[    65.27 ] D: _pointActive2 false 0
[    65.27 ] D: _automationChanging true
[    65.27 ] D: createSelectedPoints 0 -1
[    65.27 ] D: ACTIVE
[    65.27 ] D: _currentMouseY 138 107 161 104 QSizeF(0, 0)
[    65.28 ] D: mouseMove2
[    65.29 ] D: _pointActive2 false 0
[    65.29 ] D: createSelectedPoints 0 -1
[    65.42 ] D: createSelectedPoints 0 -1
[    65.42 ] D: ACTIVE
[    66.22 ] D: findTrackIndexByPoint 0 QRect(0,0 1707x111) true QPointF(393,33)
[    66.23 ] D: ACTIVE
[    66.24 ] D: createSelectedPoints 0 -1
[    66.28 ] D: _automationChanging true
[    66.28 ] D: mouseMove2
[    66.28 ] D: _automationChanging true
[    66.28 ] D: mouseMove2
[    66.29 ] D: _automationChanging true
[    66.29 ] D: mouseMove2
[    66.29 ] D: _automationChanging true
[    66.29 ] D: mouseMove2
[    66.29 ] D: _automationChanging true
[    66.29 ] D: mouseMove2
[    66.29 ] D: _automationChanging true
[    66.29 ] D: mouseMove2
[    66.31 ] D: _automationChanging true
[    66.31 ] D: mouseMove2
[    66.31 ] D: _automationChanging true
[    66.31 ] D: mouseMove2
[    66.31 ] D: _automationChanging true
[    66.31 ] D: mouseMove2
[    66.32 ] D: _automationChanging true
[    66.32 ] D: mouseMove2
[    66.32 ] D: _automationChanging true
[    66.32 ] D: mouseMove2
[    66.33 ] D: _automationChanging true
[    66.33 ] D: mouseMove2
[    66.34 ] D: _automationChanging true
[    66.34 ] D: ACTIVE
[    66.34 ] D: _currentMouseY 384 92 393 33 QSizeF(-9, 59)
[    66.34 ] D: mouseMove2
[    66.34 ] D: _automationChanging true
[    66.34 ] D: ACTIVE
[    66.34 ] D: _currentMouseY 374 107 393 33 QSizeF(-10, 61)
[    66.34 ] D: mouseMove2
[    66.34 ] D: _automationChanging true
[    66.34 ] D: ACTIVE
[    66.34 ] D: _currentMouseY 374 107 393 33 QSizeF(0, 3)
[    66.35 ] D: mouseMove2
[    66.35 ] D: _automationChanging true
[    66.35 ] D: ACTIVE
[    66.35 ] D: _currentMouseY 373 107 393 33 QSizeF(-1, 2)
[    66.35 ] D: mouseMove2
[    66.36 ] D: _automationChanging true
[    66.36 ] D: _pointActive1 false true false
[    66.36 ] D: ACTIVE
[    66.36 ] D: _currentMouseY 372 107 393 33 QSizeF(-1, 3)
[    66.36 ] D: mouseMove2
[    66.36 ] D: ACTIVE
[    66.36 ] D: _automationChanging true
[    66.36 ] D: ACTIVE
[    66.36 ] D: _currentMouseY 372 107 393 33 QSizeF(0, 3)
[    66.36 ] D: mouseMove2
[    66.36 ] D: _automationChanging true
[    66.36 ] D: ACTIVE
[    66.36 ] D: _currentMouseY 371 107 393 33 QSizeF(-1, 1)
[    66.36 ] D: mouseMove2
[    66.36 ] D: _automationChanging true
[    66.36 ] D: ACTIVE
[    66.36 ] D: _currentMouseY 370 107 393 33 QSizeF(-1, 3)
[    66.36 ] D: mouseMove2
[    66.37 ] D: _automationChanging true
[    66.37 ] D: _pointActive2 false 0
[    66.37 ] D: createSelectedPoints 0 -1
[    66.37 ] D: ACTIVE
[    66.37 ] D: _currentMouseY 370 107 393 33 QSizeF(0, 1)
[    66.38 ] D: mouseMove2
[    66.38 ] D: _automationChanging true
[    66.38 ] D: ACTIVE
[    66.38 ] D: _currentMouseY 369 107 393 33 QSizeF(-1, 7)
[    66.38 ] D: mouseMove2
[    66.38 ] D: _automationChanging true
[    66.38 ] D: ACTIVE
[    66.38 ] D: _currentMouseY 369 107 393 33 QSizeF(0, 1)
[    66.38 ] D: mouseMove2
[    66.38 ] D: _automationChanging true
[    66.38 ] D: ACTIVE
[    66.38 ] D: _currentMouseY 369 107 393 33 QSizeF(0, 2)
[    66.38 ] D: mouseMove2
[    66.39 ] D: _pointActive2 false 0
[    66.39 ] D: _automationChanging true
[    66.39 ] D: createSelectedPoints 0 -1
[    66.39 ] D: ACTIVE
[    66.39 ] D: _currentMouseY 369 107 393 33 QSizeF(0, 3)
[    66.39 ] D: mouseMove2
[    66.39 ] D: _automationChanging true
[    66.39 ] D: ACTIVE
[    66.39 ] D: _currentMouseY 369 107 393 33 QSizeF(0, 1)
[    66.39 ] D: mouseMove2
[    66.41 ] D: _pointActive2 false 0
[    66.41 ] D: createSelectedPoints 0 -1
[    66.41 ] D: _automationChanging true
[    66.41 ] D: ACTIVE
[    66.41 ] D: _currentMouseY 369 107 393 33 QSizeF(0, 2)
[    66.41 ] D: mouseMove2
[    66.41 ] D: _automationChanging true
[    66.41 ] D: ACTIVE
[    66.41 ] D: _currentMouseY 369 107 393 33 QSizeF(0, 1)
[    66.41 ] D: mouseMove2
[    66.42 ] D: _pointActive2 false 0
[    66.42 ] D: _automationChanging true
[    66.42 ] D: createSelectedPoints 0 -1
[    66.42 ] D: ACTIVE
[    66.42 ] D: _currentMouseY 369 107 393 33 QSizeF(0, 2)
[    66.43 ] D: mouseMove2
[    66.43 ] D: _automationChanging true
[    66.43 ] D: ACTIVE
[    66.43 ] D: _currentMouseY 369 107 393 33 QSizeF(0, 1)
[    66.43 ] D: mouseMove2
[    66.44 ] D: _pointActive2 false 0
[    66.44 ] D: createSelectedPoints 0 -1
[    66.44 ] D: _automationChanging true
[    66.44 ] D: ACTIVE
[    66.44 ] D: _currentMouseY 369 107 393 33 QSizeF(0, 0)
[    66.44 ] D: mouseMove2
[    66.44 ] D: _automationChanging true
[    66.44 ] D: ACTIVE
[    66.44 ] D: _currentMouseY 369 107 393 33 QSizeF(0, 1)
[    66.44 ] D: mouseMove2
[    66.46 ] D: _pointActive2 false 0
[    66.46 ] D: createSelectedPoints 0 -1
[    66.46 ] D: _automationChanging true
[    66.46 ] D: ACTIVE
[    66.46 ] D: _currentMouseY 368 107 393 33 QSizeF(-1, 1)
[    66.46 ] D: mouseMove2
[    66.47 ] D: _pointActive2 false 0
[    66.47 ] D: createSelectedPoints 0 -1
[    66.47 ] D: _automationChanging true
[    66.47 ] D: ACTIVE
[    66.47 ] D: _currentMouseY 368 107 393 33 QSizeF(0, 0)
[    66.48 ] D: mouseMove2
[    66.48 ] D: _automationChanging true
[    66.48 ] D: ACTIVE
[    66.48 ] D: _currentMouseY 368 107 393 33 QSizeF(0, 1)
[    66.48 ] D: mouseMove2
[    66.49 ] D: _pointActive2 false 0
[    66.49 ] D: createSelectedPoints 0 -1
[    66.49 ] D: _automationChanging true
[    66.49 ] D: ACTIVE
[    66.49 ] D: _currentMouseY 368 107 393 33 QSizeF(0, 0)
[    66.49 ] D: mouseMove2
[    66.51 ] D: _pointActive2 false 0
[    66.51 ] D: createSelectedPoints 0 -1
[    66.52 ] D: _automationChanging true
[    66.52 ] D: ACTIVE
[    66.52 ] D: _currentMouseY 368 107 393 33 QSizeF(0, 1)
[    66.53 ] D: mouseMove2
[    66.54 ] D: _pointActive2 false 0
[    66.54 ] D: createSelectedPoints 0 -1
[    66.54 ] D: _automationChanging true
[    66.54 ] D: ACTIVE
[    66.54 ] D: _currentMouseY 368 107 393 33 QSizeF(0, 0)
[    66.54 ] D: mouseMove2
[    66.56 ] D: _pointActive2 false 0
[    66.56 ] D: createSelectedPoints 0 -1
[    66.56 ] D: _automationChanging true
[    66.56 ] D: ACTIVE
[    66.56 ] D: _currentMouseY 368 107 393 33 QSizeF(0, 1)
[    66.56 ] D: mouseMove2
[    66.57 ] D: _pointActive2 false 0
[    66.57 ] D: createSelectedPoints 0 -1
[    66.57 ] D: _automationChanging true
[    66.57 ] D: ACTIVE
[    66.57 ] D: _currentMouseY 368 107 393 33 QSizeF(0, 0)
[    66.57 ] D: mouseMove2
[    66.59 ] D: _pointActive2 false 0
[    66.59 ] D: _automationChanging true
[    66.59 ] D: createSelectedPoints 0 -1
[    66.59 ] D: ACTIVE
[    66.59 ] D: _currentMouseY 368 107 393 33 QSizeF(0, 1)
[    66.59 ] D: mouseMove2
[    66.61 ] D: _pointActive2 false 0
[    66.61 ] D: _automationChanging true
[    66.61 ] D: createSelectedPoints 0 -1
[    66.61 ] D: ACTIVE
[    66.61 ] D: _currentMouseY 368 107 393 33 QSizeF(0, 0)
[    66.61 ] D: mouseMove2
[    66.62 ] D: _pointActive2 false 0
[    66.62 ] D: createSelectedPoints 0 -1
[    67.01 ] D: _automationChanging true
[    67.01 ] D: ACTIVE
[    67.01 ] D: _currentMouseY 369 106 393 33 QSizeF(1, -1)
[    67.01 ] D: mouseMove2
[    67.02 ] D: _automationChanging true
[    67.02 ] D: ACTIVE
[    67.02 ] D: _currentMouseY 370 106 393 33 QSizeF(1, 0)
[    67.02 ] D: mouseMove2
[    67.02 ] D: _automationChanging true
[    67.02 ] D: ACTIVE
[    67.02 ] D: _currentMouseY 371 105 393 33 QSizeF(1, -1)
[    67.02 ] D: mouseMove2
[    67.02 ] D: _pointActive2 false 0
[    67.02 ] D: createSelectedPoints 0 -1
[    67.02 ] D: _automationChanging true
[    67.02 ] D: ACTIVE
[    67.02 ] D: _currentMouseY 373 104 393 33 QSizeF(2, -1)
[    67.03 ] D: mouseMove2
[    67.03 ] D: _automationChanging true
[    67.03 ] D: ACTIVE
[    67.03 ] D: _currentMouseY 373 103 393 33 QSizeF(0, -1)
[    67.03 ] D: mouseMove2
[    67.03 ] D: _automationChanging true
[    67.03 ] D: ACTIVE
[    67.03 ] D: _currentMouseY 374 102 393 33 QSizeF(1, -1)
[    67.03 ] D: mouseMove2
[    67.03 ] D: _automationChanging true
[    67.03 ] D: ACTIVE
[    67.03 ] D: _currentMouseY 375 102 393 33 QSizeF(1, 0)
[    67.03 ] D: mouseMove2
[    67.04 ] D: _pointActive2 false 0
[    67.04 ] D: createSelectedPoints 0 -1
[    67.04 ] D: _automationChanging true
[    67.04 ] D: ACTIVE
[    67.04 ] D: _currentMouseY 380 99 393 33 QSizeF(5, -3)
[    67.04 ] D: mouseMove2
[    67.04 ] D: _automationChanging true
[    67.04 ] D: ACTIVE
[    67.04 ] D: _currentMouseY 380 98 393 33 QSizeF(0, -1)
[    67.04 ] D: mouseMove2
[    67.04 ] D: _automationChanging true
[    67.04 ] D: ACTIVE
[    67.04 ] D: _currentMouseY 381 97 393 33 QSizeF(1, -1)
[    67.05 ] D: mouseMove2
[    67.05 ] D: _automationChanging true
[    67.05 ] D: ACTIVE
[    67.05 ] D: _currentMouseY 383 97 393 33 QSizeF(2, 0)
[    67.05 ] D: mouseMove2
[    67.06 ] D: _automationChanging true
[    67.06 ] D: _pointActive2 false 0
[    67.06 ] D: createSelectedPoints 0 -1
[    67.06 ] D: ACTIVE
[    67.06 ] D: _currentMouseY 383 96 393 33 QSizeF(0, -1)
[    67.06 ] D: mouseMove2
[    67.06 ] D: _automationChanging true
[    67.06 ] D: ACTIVE
[    67.06 ] D: _currentMouseY 384 96 393 33 QSizeF(1, 0)
[    67.06 ] D: mouseMove2
[    67.06 ] D: _automationChanging true
[    67.06 ] D: ACTIVE
[    67.06 ] D: _currentMouseY 385 95 393 33 QSizeF(1, -1)
[    67.06 ] D: mouseMove2
[    67.06 ] D: _automationChanging true
[    67.06 ] D: ACTIVE
[    67.06 ] D: _currentMouseY 386 95 393 33 QSizeF(1, 0)
[    67.06 ] D: mouseMove2
[    67.07 ] D: _automationChanging true
[    67.07 ] D: _pointActive2 false 0
[    67.07 ] D: createSelectedPoints 0 -1
[    67.07 ] D: ACTIVE
[    67.07 ] D: _currentMouseY 387 94 393 33 QSizeF(1, -1)
[    67.07 ] D: mouseMove2
[    67.07 ] D: _automationChanging true
[    67.07 ] D: ACTIVE
[    67.08 ] D: _currentMouseY 392 92 393 33 QSizeF(5, -2)
[    67.08 ] D: mouseMove2
[    67.08 ] D: _automationChanging true
[    67.08 ] D: ACTIVE
[    67.08 ] D: _currentMouseY 392 91 393 33 QSizeF(0, -1)
[    67.08 ] D: mouseMove2
[    67.08 ] D: _automationChanging true
[    67.08 ] D: ACTIVE
[    67.08 ] D: _currentMouseY 393 91 393 33 QSizeF(1, 0)
[    67.08 ] D: mouseMove2
[    67.09 ] D: _pointActive2 false 0
[    67.09 ] D: _automationChanging true
[    67.09 ] D: createSelectedPoints 0 -1
[    67.09 ] D: ACTIVE
[    67.09 ] D: _currentMouseY 396 91 393 33 QSizeF(3, 0)
[    67.09 ] D: mouseMove2
[    67.09 ] D: _automationChanging true
[    67.09 ] D: ACTIVE
[    67.09 ] D: _currentMouseY 396 90 393 33 QSizeF(0, -1)
[    67.09 ] D: mouseMove2
[    67.09 ] D: _automationChanging true
[    67.09 ] D: ACTIVE
[    67.09 ] D: _currentMouseY 397 90 393 33 QSizeF(1, 0)
[    67.10 ] D: mouseMove2
[    67.11 ] D: _pointActive2 false 0
[    67.11 ] D: _automationChanging true
[    67.11 ] D: createSelectedPoints 0 -1
[    67.11 ] D: ACTIVE
[    67.11 ] D: _currentMouseY 400 89 393 33 QSizeF(3, -1)
[    67.11 ] D: mouseMove2
[    67.11 ] D: _automationChanging true
[    67.11 ] D: ACTIVE
[    67.11 ] D: _currentMouseY 400 88 393 33 QSizeF(0, -1)
[    67.11 ] D: mouseMove2
[    67.11 ] D: _automationChanging true
[    67.11 ] D: ACTIVE
[    67.11 ] D: _currentMouseY 401 88 393 33 QSizeF(1, 0)
[    67.11 ] D: mouseMove2
[    67.12 ] D: _pointActive2 false 0
[    67.12 ] D: _automationChanging true
[    67.12 ] D: createSelectedPoints 0 -1
[    67.12 ] D: ACTIVE
[    67.12 ] D: _currentMouseY 402 87 393 33 QSizeF(1, -1)
[    67.12 ] D: mouseMove2
[    67.12 ] D: _automationChanging true
[    67.12 ] D: ACTIVE
[    67.13 ] D: _currentMouseY 404 86 393 33 QSizeF(2, -1)
[    67.13 ] D: mouseMove2
[    67.13 ] D: _automationChanging true
[    67.13 ] D: ACTIVE
[    67.13 ] D: _currentMouseY 405 85 393 33 QSizeF(1, -1)
[    67.13 ] D: mouseMove2
[    67.14 ] D: _pointActive2 false 0
[    67.14 ] D: _automationChanging true
[    67.14 ] D: createSelectedPoints 0 -1
[    67.14 ] D: ACTIVE
[    67.14 ] D: _currentMouseY 410 81 393 33 QSizeF(5, -4)
[    67.14 ] D: mouseMove2
[    67.14 ] D: _automationChanging true
[    67.14 ] D: ACTIVE
[    67.14 ] D: _currentMouseY 411 81 393 33 QSizeF(1, 0)
[    67.14 ] D: mouseMove2
[    67.14 ] D: _automationChanging true
[    67.14 ] D: ACTIVE
[    67.14 ] D: _currentMouseY 411 80 393 33 QSizeF(0, -1)
[    67.15 ] D: mouseMove2
[    67.15 ] D: _automationChanging true
[    67.15 ] D: ACTIVE
[    67.15 ] D: _currentMouseY 413 79 393 33 QSizeF(2, -1)
[    67.15 ] D: mouseMove2
[    67.16 ] D: _pointActive2 false 0
[    67.16 ] D: _automationChanging true
[    67.16 ] D: createSelectedPoints 0 -1
[    67.16 ] D: ACTIVE
[    67.16 ] D: _currentMouseY 417 76 393 33 QSizeF(4, -3)
[    67.16 ] D: mouseMove2
[    67.16 ] D: _automationChanging true
[    67.16 ] D: ACTIVE
[    67.16 ] D: _currentMouseY 418 75 393 33 QSizeF(1, -1)
[    67.16 ] D: mouseMove2
[    67.16 ] D: _automationChanging true
[    67.16 ] D: ACTIVE
[    67.16 ] D: _currentMouseY 420 74 393 33 QSizeF(2, -1)
[    67.16 ] D: mouseMove2
[    67.17 ] D: _pointActive2 false 0
[    67.17 ] D: createSelectedPoints 0 -1
[    67.18 ] D: _automationChanging true
[    67.18 ] D: ACTIVE
[    67.18 ] D: _currentMouseY 424 70 393 33 QSizeF(4, -4)
[    67.18 ] D: mouseMove2
[    67.18 ] D: _automationChanging true
[    67.18 ] D: ACTIVE
[    67.18 ] D: _currentMouseY 429 65 393 33 QSizeF(5, -5)
[    67.18 ] D: mouseMove2
[    67.18 ] D: _automationChanging true
[    67.18 ] D: ACTIVE
[    67.18 ] D: _currentMouseY 430 64 393 33 QSizeF(1, -1)
[    67.18 ] D: mouseMove2
[    67.19 ] D: _pointActive2 false 0
[    67.19 ] D: createSelectedPoints 0 -1
[    67.19 ] D: _automationChanging true
[    67.19 ] D: ACTIVE
[    67.19 ] D: _currentMouseY 434 59 393 33 QSizeF(4, -5)
[    67.19 ] D: mouseMove2
[    67.19 ] D: _automationChanging true
[    67.19 ] D: ACTIVE
[    67.19 ] D: _currentMouseY 435 58 393 33 QSizeF(1, -1)
[    67.19 ] D: mouseMove2
[    67.19 ] D: _automationChanging true
[    67.19 ] D: ACTIVE
[    67.19 ] D: _currentMouseY 436 58 393 33 QSizeF(1, 0)
[    67.20 ] D: mouseMove2
[    67.20 ] D: _automationChanging true
[    67.20 ] D: ACTIVE
[    67.20 ] D: _currentMouseY 437 57 393 33 QSizeF(1, -1)
[    67.20 ] D: mouseMove2
[    67.21 ] D: _pointActive2 false 0
[    67.21 ] D: createSelectedPoints 0 -1
[    67.21 ] D: _automationChanging true
[    67.21 ] D: ACTIVE
[    67.21 ] D: _currentMouseY 441 53 393 33 QSizeF(4, -4)
[    67.21 ] D: mouseMove2
[    67.21 ] D: _automationChanging true
[    67.21 ] D: ACTIVE
[    67.21 ] D: _currentMouseY 445 48 393 33 QSizeF(4, -5)
[    67.21 ] D: mouseMove2
[    67.21 ] D: _automationChanging true
[    67.21 ] D: ACTIVE
[    67.21 ] D: _currentMouseY 446 47 393 33 QSizeF(1, -1)
[    67.21 ] D: mouseMove2
[    67.21 ] D: _automationChanging true
[    67.21 ] D: ACTIVE
[    67.21 ] D: _currentMouseY 447 47 393 33 QSizeF(1, 0)
[    67.21 ] D: mouseMove2
[    67.21 ] D: _automationChanging true
[    67.21 ] D: ACTIVE
[    67.21 ] D: _currentMouseY 447 45 393 33 QSizeF(0, -2)
[    67.22 ] D: mouseMove2
[    67.22 ] D: _automationChanging true
[    67.22 ] D: _pointActive2 false 0
[    67.22 ] D: createSelectedPoints 0 -1
[    67.22 ] D: ACTIVE
[    67.22 ] D: _currentMouseY 448 44 393 33 QSizeF(1, -1)
[    67.22 ] D: mouseMove2
[    67.22 ] D: _automationChanging true
[    67.22 ] D: ACTIVE
[    67.23 ] D: _currentMouseY 449 44 393 33 QSizeF(1, 0)
[    67.23 ] D: mouseMove2
[    67.23 ] D: _automationChanging true
[    67.23 ] D: ACTIVE
[    67.23 ] D: _currentMouseY 450 43 393 33 QSizeF(1, -1)
[    67.23 ] D: mouseMove2
[    67.23 ] D: _automationChanging true
[    67.23 ] D: ACTIVE
[    67.23 ] D: _currentMouseY 450 42 393 33 QSizeF(0, -1)
[    67.23 ] D: mouseMove2
[    67.24 ] D: _pointActive2 false 0
[    67.24 ] D: createSelectedPoints 0 -1
[    67.24 ] D: _automationChanging true
[    67.24 ] D: ACTIVE
[    67.24 ] D: _currentMouseY 452 40 393 33 QSizeF(2, -2)
[    67.24 ] D: mouseMove2
[    67.24 ] D: _automationChanging true
[    67.24 ] D: ACTIVE
[    67.24 ] D: _currentMouseY 455 37 393 33 QSizeF(3, -3)
[    67.24 ] D: mouseMove2
[    67.25 ] D: _automationChanging true
[    67.25 ] D: ACTIVE
[    67.25 ] D: _currentMouseY 456 36 393 33 QSizeF(1, -1)
[    67.25 ] D: mouseMove2
[    67.25 ] D: _automationChanging true
[    67.25 ] D: ACTIVE
[    67.25 ] D: _currentMouseY 456 35 393 33 QSizeF(0, -1)
[    67.25 ] D: mouseMove2
[    67.26 ] D: _pointActive2 false 0
[    67.26 ] D: createSelectedPoints 0 -1
[    67.26 ] D: _automationChanging true
[    67.26 ] D: ACTIVE
[    67.26 ] D: _currentMouseY 459 31 393 33 QSizeF(3, -4)
[    67.26 ] D: mouseMove2
[    67.26 ] D: _automationChanging true
[    67.26 ] D: ACTIVE
[    67.26 ] D: _currentMouseY 460 31 393 33 QSizeF(1, 0)
[    67.26 ] D: mouseMove2
[    67.26 ] D: _automationChanging true
[    67.26 ] D: ACTIVE
[    67.26 ] D: _currentMouseY 460 30 393 33 QSizeF(0, -1)
[    67.26 ] D: mouseMove2
[    67.27 ] D: _pointActive2 false 0
[    67.27 ] D: createSelectedPoints 0 -1
[    67.27 ] D: _automationChanging true
[    67.27 ] D: ACTIVE
[    67.28 ] D: _currentMouseY 463 27 393 33 QSizeF(3, -4)
[    67.28 ] D: mouseMove2
[    67.28 ] D: _automationChanging true
[    67.28 ] D: ACTIVE
[    67.28 ] D: _currentMouseY 466 27 393 33 QSizeF(3, -5)
[    67.28 ] D: mouseMove2
[    67.28 ] D: _automationChanging true
[    67.28 ] D: ACTIVE
[    67.28 ] D: _currentMouseY 466 27 393 33 QSizeF(0, -1)
[    67.28 ] D: mouseMove2
[    67.28 ] D: _automationChanging true
[    67.28 ] D: ACTIVE
[    67.28 ] D: _currentMouseY 467 27 393 33 QSizeF(1, 0)
[    67.28 ] D: mouseMove2
[    67.28 ] D: _automationChanging true
[    67.28 ] D: ACTIVE
[    67.28 ] D: _currentMouseY 468 27 393 33 QSizeF(1, -1)
[    67.28 ] D: mouseMove2
[    67.29 ] D: _automationChanging true
[    67.29 ] D: _pointActive2 false 0
[    67.29 ] D: createSelectedPoints 0 -1
[    67.29 ] D: ACTIVE
[    67.29 ] D: _currentMouseY 468 27 393 33 QSizeF(0, -1)
[    67.29 ] D: mouseMove2
[    67.29 ] D: _automationChanging true
[    67.29 ] D: ACTIVE
[    67.29 ] D: _currentMouseY 469 27 393 33 QSizeF(1, 0)
[    67.29 ] D: mouseMove2
[    67.29 ] D: _automationChanging true
[    67.29 ] D: ACTIVE
[    67.29 ] D: _currentMouseY 469 27 393 33 QSizeF(0, -1)
[    67.29 ] D: mouseMove2
[    67.31 ] D: _pointActive2 false 0
[    67.31 ] D: createSelectedPoints 0 -1
[    67.31 ] D: _automationChanging true
[    67.31 ] D: ACTIVE
[    67.31 ] D: _currentMouseY 470 27 393 33 QSizeF(1, -2)
[    67.31 ] D: mouseMove2
[    67.31 ] D: _automationChanging true
[    67.31 ] D: ACTIVE
[    67.31 ] D: _currentMouseY 471 27 393 33 QSizeF(1, -1)
[    67.31 ] D: mouseMove2
[    67.32 ] D: _pointActive2 false 0
[    67.32 ] D: createSelectedPoints 0 -1
[    67.32 ] D: _automationChanging true
[    67.32 ] D: ACTIVE
[    67.32 ] D: _currentMouseY 471 27 393 33 QSizeF(0, -1)
[    67.33 ] D: mouseMove2
[    67.33 ] D: _automationChanging true
[    67.33 ] D: ACTIVE
[    67.33 ] D: _currentMouseY 472 27 393 33 QSizeF(1, 0)
[    67.33 ] D: mouseMove2
[    67.34 ] D: _automationChanging true
[    67.34 ] D: _pointActive2 false 0
[    67.34 ] D: createSelectedPoints 0 -1
[    67.34 ] D: ACTIVE
[    67.34 ] D: _currentMouseY 472 27 393 33 QSizeF(0, -1)
[    67.34 ] D: mouseMove2
[    67.34 ] D: _automationChanging true
[    67.34 ] D: ACTIVE
[    67.34 ] D: _currentMouseY 473 27 393 33 QSizeF(1, 0)
[    67.34 ] D: mouseMove2
[    67.36 ] D: _pointActive2 false 0
[    67.36 ] D: _automationChanging true
[    67.36 ] D: createSelectedPoints 0 -1
[    67.36 ] D: ACTIVE
[    67.36 ] D: _currentMouseY 473 27 393 33 QSizeF(0, -1)
[    67.36 ] D: mouseMove2
[    67.37 ] D: _pointActive2 false 0
[    67.37 ] D: createSelectedPoints 0 -1
[    67.38 ] D: _automationChanging true
[    67.38 ] D: ACTIVE
[    67.38 ] D: _currentMouseY 474 27 393 33 QSizeF(1, -1)
[    67.38 ] D: mouseMove2
[    67.39 ] D: _pointActive2 false 0
[    67.39 ] D: _automationChanging true
[    67.39 ] D: createSelectedPoints 0 -1
[    67.39 ] D: ACTIVE
[    67.39 ] D: _currentMouseY 474 27 393 33 QSizeF(0, 0)
[    67.39 ] D: mouseMove2
[    67.39 ] D: _automationChanging true
[    67.39 ] D: ACTIVE
[    67.39 ] D: _currentMouseY 474 27 393 33 QSizeF(0, -1)
[    67.39 ] D: mouseMove2
[    67.41 ] D: _pointActive2 false 0
[    67.41 ] D: _automationChanging true
[    67.41 ] D: createSelectedPoints 0 -1
[    67.41 ] D: ACTIVE
[    67.41 ] D: _currentMouseY 474 27 393 33 QSizeF(0, 0)
[    67.41 ] D: mouseMove2
[    67.42 ] D: _pointActive2 false 0
[    67.42 ] D: createSelectedPoints 0 -1
[    67.55 ] D: _automationChanging true
[    67.55 ] D: ACTIVE
[    67.55 ] D: _currentMouseY 474 28 393 33 QSizeF(0, 1)
[    67.56 ] D: mouseMove2
[    67.56 ] D: _pointActive2 false 0
[    67.56 ] D: createSelectedPoints 0 -1
[    67.56 ] D: _automationChanging true
[    67.56 ] D: ACTIVE
[    67.56 ] D: _currentMouseY 474 31 393 33 QSizeF(0, 3)
[    67.56 ] D: mouseMove2
[    67.56 ] D: _automationChanging true
[    67.56 ] D: ACTIVE
[    67.56 ] D: _currentMouseY 474 32 393 33 QSizeF(0, 1)
[    67.56 ] D: mouseMove2
[    67.56 ] D: _automationChanging true
[    67.56 ] D: ACTIVE
[    67.56 ] D: _currentMouseY 473 32 393 33 QSizeF(-1, 0)
[    67.57 ] D: mouseMove2
[    67.57 ] D: _automationChanging true
[    67.57 ] D: ACTIVE
[    67.57 ] D: _currentMouseY 473 33 393 33 QSizeF(0, 1)
[    67.57 ] D: mouseMove2
[    67.57 ] D: _pointActive2 false 0
[    67.57 ] D: _automationChanging true
[    67.57 ] D: createSelectedPoints 0 -1
[    67.57 ] D: ACTIVE
[    67.57 ] D: _currentMouseY 472 36 393 33 QSizeF(-1, 3)
[    67.57 ] D: mouseMove2
[    67.58 ] D: _automationChanging true
[    67.58 ] D: ACTIVE
[    67.58 ] D: _currentMouseY 471 37 393 33 QSizeF(-1, 1)
[    67.58 ] D: mouseMove2
[    67.58 ] D: _automationChanging true
[    67.58 ] D: ACTIVE
[    67.58 ] D: _currentMouseY 471 39 393 33 QSizeF(0, 2)
[    67.58 ] D: mouseMove2
[    67.59 ] D: _automationChanging true
[    67.59 ] D: _pointActive2 false 0
[    67.59 ] D: createSelectedPoints 0 -1
[    67.59 ] D: ACTIVE
[    67.59 ] D: _currentMouseY 470 39 393 33 QSizeF(-1, 0)
[    67.59 ] D: mouseMove2
[    67.59 ] D: _automationChanging true
[    67.59 ] D: ACTIVE
[    67.59 ] D: _currentMouseY 469 42 393 33 QSizeF(-1, 3)
[    67.59 ] D: mouseMove2
[    67.59 ] D: _automationChanging true
[    67.59 ] D: ACTIVE
[    67.59 ] D: _currentMouseY 468 43 393 33 QSizeF(-1, 1)
[    67.60 ] D: mouseMove2
[    67.60 ] D: _automationChanging true
[    67.60 ] D: ACTIVE
[    67.60 ] D: _currentMouseY 468 44 393 33 QSizeF(0, 1)
[    67.60 ] D: mouseMove2
[    67.61 ] D: _pointActive2 false 0
[    67.61 ] D: _automationChanging true
[    67.61 ] D: createSelectedPoints 0 -1
[    67.61 ] D: ACTIVE
[    67.61 ] D: _currentMouseY 466 47 393 33 QSizeF(-2, 3)
[    67.61 ] D: mouseMove2
[    67.61 ] D: _automationChanging true
[    67.61 ] D: ACTIVE
[    67.61 ] D: _currentMouseY 466 48 393 33 QSizeF(0, 1)
[    67.61 ] D: mouseMove2
[    67