[     4.63 ] I: Log: Log file open in follow path at 1403/5/28 22:19:28 : C:\Users\AmirPasha\Desktop\Rpos\DAW-3\build2019\debug\Logs\Launch.log
[     4.63 ] I: The subsystem "class DGE::Core::IO::LogSystem::Logger" is registered successfully.
[     4.63 ] I: The subsystem "class DGE::Core::Windows::QtWindow" is registered successfully.
[     4.63 ] D: API version is: 4.60 ,shader version is: 4.60
[     4.63 ] I: The subsystem "class DGE::GFX::GCore::QtWrapper::QtRenderer" is registered successfully.
[     4.63 ] I: Current Render API is: 4.60
[     4.63 ] I: The subsystem "Renderer" is registered successfully.
[     4.63 ] I: The subsystem "class DGE::Core::Platforms::QtPlatform" is registered successfully.
[     4.63 ] I: The subsystem "Platform" is registered successfully.
[     4.63 ] I: The subsystem "class DGE::Core::IO::FileSystem::FileManager" is registered successfully.
[     4.63 ] I: The subsystem "class DGE::Core::CoreModule" is registered successfully.
[     4.63 ] I: The subsystem "class DGE::Core::Profiling::Profiler" is registered successfully.
[     4.63 ] I: The subsystem "class DGE::GFX::DrawablesManager" is registered successfully.
[     4.63 ] I: #version 460 core
#define GLES_Ver 460

[     4.63 ] I: The subsystem "class DGE::GFX::GraphicsManager" is registered successfully.
[     4.63 ] I: The subsystem "class DGE::GFX::GFXModule" is registered successfully.
[     4.71 ] D: Shader Compile successfully.
[     4.71 ] I: The subsystem "class DGE::Scene::ViewportManager" is registered successfully.
[     4.71 ] I: The subsystem "class DGE::Scene::SceneModule" is registered successfully.
[     4.71 ] I: The subsystem "class DGE::Managers::RenderManager" is registered successfully.
[     4.71 ] D: Engine Enabled
[     4.71 ] I: The subsystem "class DGE::Engine" is registered successfully.
[     4.71 ] D: Node with id 1 is added to Qt layer
[     4.71 ] D: Node with id 2460 is added to Qt layer
[     4.71 ] D: Node with id 2462 is added to Qt layer
[     4.71 ] D: Node with id 2464 is added to Qt layer
[     4.72 ] D: Node with id 2466 is added to Qt layer
[     4.72 ] D: Node with id 2468 is added to Qt layer
[     4.72 ] D: Node with id 2470 is added to Qt layer
[     4.72 ] D: Node with id 2472 is added to Qt layer
[     4.72 ] D: Node with id 2474 is added to Qt layer
[     4.72 ] D: Node with id 2476 is added to Qt layer
[     4.72 ] D: Node with id 2478 is added to Qt layer
[     4.72 ] D: Node with id 2480 is added to Qt layer
[     4.72 ] D: Node with id 2482 is added to Qt layer
[     4.72 ] D: Node with id 2484 is added to Qt layer
[     4.72 ] D: Node with id 2486 is added to Qt layer
[     4.72 ] D: Node with id 2487 is added to Qt layer
[     4.72 ] D: Node with id 2489 is added to Qt layer
[     4.72 ] D: Node with id 2491 is added to Qt layer
[     4.72 ] D: Node with id 3 is added to Qt layer
[     4.72 ] D: Node with id 2493 is added to Qt layer
[     4.72 ] S: New view-port registered with id: 1
[     4.72 ] S: New view-port registered with id: 2
[     4.72 ] S: New view-port registered with id: 3
[     4.72 ] S: New view-port registered with id: 4
[     4.72 ] S: New view-port registered with id: 5
[     4.72 ] S: New view-port registered with id: 6
[     4.83 ] D: Creating suitable QNanoBackend for OpenGL 4.6 context
[     4.83 ] D: Using backend: "OpenGL 3"
[     4.86 ] W: Floating point comparison needs context sanity check
[     4.86 ] D: QT onScaleChanged=  144
[     4.88 ] W: ShaderEffectSource: 'recursive' must be set to true when rendering recursively.
[     4.89 ] W: ShaderEffectSource: 'recursive' must be set to true when rendering recursively.
[     4.89 ] W: ShaderEffectSource: 'recursive' must be set to true when rendering recursively.
[     4.90 ] W: ShaderEffectSource: 'recursive' must be set to true when rendering recursively.
[     5.06 ] D: Engine Started.
[     7.58 ] W: qrc:/TrackPanels/Audio/Automation/Automation.qml:0: ReferenceError: theme is not defined
[     8.77 ] W: qrc:/TrackPanels/Audio/Automation/Automation.qml:0: ReferenceError: theme is not defined
[     9.49 ] D: findTrackIndexByPoint 0 QRect(0,0 1707x111) true QPointF(159,42)
[     9.50 ] D: createSelectedPoints 0 -1
[     9.83 ] D: findTrackIndexByPoint 0 QRect(0,0 1707x111) true QPointF(199,39)
[     9.85 ] D: createSelectedPoints 0 -1
[     9.90 ] D: _automationChanging true
[     9.90 ] D: mouseMove2
[     9.92 ] D: _automationChanging true
[     9.92 ] D: mouseMove2
[     9.92 ] D: _automationChanging true
[     9.92 ] D: mouseMove2
[     9.92 ] D: _automationChanging true
[     9.92 ] D: mouseMove2
[     9.93 ] D: _automationChanging true
[     9.94 ] D: mouseMove2
[     9.94 ] D: _automationChanging true
[     9.94 ] D: _currentMouseY 204 47 199 39 QSizeF(5, 8)
[     9.94 ] D: mouseMove2
[     9.94 ] D: _automationChanging true
[     9.94 ] D: _currentMouseY 210 56 199 39 QSizeF(6, 9)
[     9.94 ] D: mouseMove2
[     9.95 ] D: _automationChanging true
[     9.95 ] D: _pointActive1 false true false
[     9.95 ] D: _currentMouseY 210 57 199 39 QSizeF(0, 1)
[     9.96 ] D: mouseMove2
[     9.97 ] D: _automationChanging true
[     9.97 ] D: _pointActive2 false 0
[     9.97 ] D: createSelectedPoints 0 -1
[     9.97 ] D: _currentMouseY 212 62 199 39 QSizeF(2, 5)
[     9.97 ] D: mouseMove2
[     9.97 ] D: _automationChanging true
[     9.97 ] D: _currentMouseY 215 68 199 39 QSizeF(3, 6)
[     9.98 ] D: mouseMove2
[     9.98 ] D: _automationChanging true
[     9.98 ] D: _pointActive2 false 0
[     9.98 ] D: createSelectedPoints 0 -1
[     9.99 ] D: _currentMouseY 216 69 199 39 QSizeF(1, 1)
[     9.99 ] D: mouseMove2
[     9.99 ] D: _automationChanging true
[     9.99 ] D: _currentMouseY 217 72 199 39 QSizeF(1, 3)
[     9.99 ] D: mouseMove2
[     9.99 ] D: _automationChanging true
[     9.99 ] D: _currentMouseY 219 75 199 39 QSizeF(2, 3)
[     9.99 ] D: mouseMove2
[    10.00 ] D: _automationChanging true
[    10.00 ] D: _pointActive2 false 0
[    10.00 ] D: createSelectedPoints 0 -1
[    10.01 ] D: _currentMouseY 219 76 199 39 QSizeF(0, 1)
[    10.01 ] D: mouseMove2
[    10.01 ] D: _automationChanging true
[    10.01 ] D: _currentMouseY 220 76 199 39 QSizeF(1, 0)
[    10.01 ] D: mouseMove2
[    10.02 ] D: _automationChanging true
[    10.02 ] D: _pointActive2 false 0
[    10.02 ] D: createSelectedPoints 0 -1
[    10.02 ] D: _currentMouseY 222 76 199 39 QSizeF(2, 0)
[    10.02 ] D: mouseMove2
[    10.02 ] D: _automationChanging true
[    10.02 ] D: _currentMouseY 223 79 199 39 QSizeF(1, 3)
[    10.02 ] D: mouseMove2
[    10.03 ] D: _pointActive2 false 0
[    10.03 ] D: createSelectedPoints 0 -1
[    10.03 ] D: _automationChanging true
[    10.04 ] D: _currentMouseY 224 81 199 39 QSizeF(1, 2)
[    10.04 ] D: mouseMove2
[    10.05 ] D: _automationChanging true
[    10.05 ] D: _pointActive2 false 0
[    10.05 ] D: createSelectedPoints 0 -1
[    10.06 ] D: _currentMouseY 226 84 199 39 QSizeF(2, 3)
[    10.06 ] D: mouseMove2
[    10.07 ] D: _automationChanging true
[    10.07 ] D: _pointActive2 false 0
[    10.07 ] D: createSelectedPoints 0 -1
[    10.07 ] D: _currentMouseY 227 85 199 39 QSizeF(1, 1)
[    10.07 ] D: mouseMove2
[    10.07 ] D: _automationChanging true
[    10.07 ] D: _currentMouseY 229 88 199 39 QSizeF(2, 3)
[    10.07 ] D: mouseMove2
[    10.08 ] D: _pointActive2 false 0
[    10.09 ] D: createSelectedPoints 0 -1
[    10.09 ] D: _automationChanging true
[    10.09 ] D: _currentMouseY 230 88 199 39 QSizeF(1, 0)
[    10.09 ] D: mouseMove2
[    10.10 ] D: _pointActive2 false 0
[    10.10 ] D: createSelectedPoints 0 -1
[    10.10 ] D: _automationChanging true
[    10.10 ] D: _currentMouseY 230 88 199 39 QSizeF(0, 0)
[    10.10 ] D: mouseMove2
[    10.12 ] D: _pointActive2 false 0
[    10.12 ] D: createSelectedPoints 0 -1
[    10.25 ] D: _automationChanging true
[    10.25 ] D: _currentMouseY 230 89 199 39 QSizeF(0, 1)
[    10.26 ] D: mouseMove2
[    10.27 ] D: _pointActive2 false 0
[    10.27 ] D: createSelectedPoints 0 -1
[    10.27 ] D: _automationChanging true
[    10.27 ] D: _currentMouseY 230 89 199 39 QSizeF(0, 0)
[    10.27 ] D: mouseMove2
[    10.28 ] D: _pointActive2 false 0
[    10.28 ] D: createSelectedPoints 0 -1
[    10.29 ] D: _automationChanging true
[    10.29 ] D: _currentMouseY 230 90 199 39 QSizeF(0, 1)
[    10.29 ] D: mouseMove2
[    10.30 ] D: _pointActive2 false 0
[    10.30 ] D: _automationChanging true
[    10.30 ] D: createSelectedPoints 0 -1
[    10.30 ] D: _currentMouseY 229 90 199 39 QSizeF(-1, 0)
[    10.31 ] D: mouseMove2
[    10.32 ] D: _pointActive2 false 0
[    10.32 ] D: createSelectedPoints 0 -1
[    10.32 ] D: _automationChanging true
[    10.32 ] D: _currentMouseY 225 90 199 39 QSizeF(-4, 0)
[    10.32 ] D: mouseMove2
[    10.32 ] D: _automationChanging true
[    10.32 ] D: _currentMouseY 225 91 199 39 QSizeF(0, 1)
[    10.32 ] D: mouseMove2
[    10.33 ] D: _automationChanging true
[    10.33 ] D: _pointActive2 false 0
[    10.33 ] D: createSelectedPoints 0 -1
[    10.34 ] D: _currentMouseY 223 92 199 39 QSizeF(-2, 1)
[    10.34 ] D: mouseMove2
[    10.34 ] D: _automationChanging true
[    10.34 ] D: _currentMouseY 214 93 199 39 QSizeF(-9, 1)
[    10.34 ] D: mouseMove2
[    10.34 ] D: _automationChanging true
[    10.34 ] D: _currentMouseY 213 93 199 39 QSizeF(-1, 0)
[    10.34 ] D: mouseMove2
[    10.34 ] D: _automationChanging true
[    10.34 ] D: _currentMouseY 211 93 199 39 QSizeF(-2, 0)
[    10.35 ] D: mouseMove2
[    10.35 ] D: _pointActive2 false 0
[    10.35 ] D: _automationChanging true
[    10.35 ] D: createSelectedPoints 0 -1
[    10.35 ] D: _currentMouseY 204 93 199 39 QSizeF(-7, 0)
[    10.36 ] D: mouseMove2
[    10.37 ] D: _automationChanging true
[    10.37 ] D: _pointActive2 false 0
[    10.37 ] D: createSelectedPoints 0 -1
[    10.37 ] D: _currentMouseY 195 93 199 39 QSizeF(-9, 0)
[    10.37 ] D: mouseMove2
[    10.37 ] D: _automationChanging true
[    10.37 ] D: _currentMouseY 185 93 199 39 QSizeF(-10, 0)
[    10.37 ] D: mouseMove2
[    10.37 ] D: _automationChanging true
[    10.37 ] D: _currentMouseY 172 93 199 39 QSizeF(-13, 0)
[    10.38 ] D: mouseMove2
[    10.38 ] D: _automationChanging true
[    10.38 ] D: _pointActive2 false 0
[    10.38 ] D: createSelectedPoints 0 -1
[    10.39 ] D: _currentMouseY 169 93 199 39 QSizeF(-3, 0)
[    10.39 ] D: mouseMove2
[    10.39 ] D: _automationChanging true
[    10.39 ] D: _currentMouseY 168 93 199 39 QSizeF(-1, 0)
[    10.39 ] D: mouseMove2
[    10.39 ] D: _automationChanging true
[    10.39 ] D: _currentMouseY 165 93 199 39 QSizeF(-3, 0)
[    10.39 ] D: mouseMove2
[    10.40 ] D: _automationChanging true
[    10.40 ] D: _pointActive2 false 0
[    10.40 ] D: createSelectedPoints 0 -1
[    10.40 ] D: _currentMouseY 163 93 199 39 QSizeF(-2, 0)
[    10.40 ] D: mouseMove2
[    10.40 ] D: _automationChanging true
[    10.40 ] D: _currentMouseY 155 93 199 39 QSizeF(-8, 0)
[    10.41 ] D: mouseMove2
[    10.41 ] D: _automationChanging true
[    10.41 ] D: _currentMouseY 154 93 199 39 QSizeF(-1, 0)
[    10.41 ] D: mouseMove2
[    10.41 ] D: _automationChanging true
[    10.41 ] D: _currentMouseY 152 93 199 39 QSizeF(-2, 0)
[    10.41 ] D: mouseMove2
[    10.42 ] D: _automationChanging true
[    10.42 ] D: _pointActive2 false 0
[    10.42 ] D: createSelectedPoints 0 -1
[    10.42 ] D: _currentMouseY 151 93 199 39 QSizeF(-1, 0)
[    10.42 ] D: mouseMove2
[    10.42 ] D: _automationChanging true
[    10.42 ] D: _currentMouseY 146 93 199 39 QSizeF(-5, 0)
[    10.42 ] D: mouseMove2
[    10.42 ] D: _automationChanging true
[    10.42 ] D: _currentMouseY 145 93 199 39 QSizeF(-1, 0)
[    10.43 ] D: mouseMove2
[    10.43 ] D: _pointActive2 false 0
[    10.43 ] D: createSelectedPoints 0 -1
[    10.43 ] D: _automationChanging true
[    10.44 ] D: _currentMouseY 141 93 199 39 QSizeF(-4, 0)
[    10.44 ] D: mouseMove2
[    10.45 ] D: _automationChanging true
[    10.45 ] D: _pointActive2 false 0
[    10.45 ] D: createSelectedPoints 0 -1
[    10.45 ] D: _currentMouseY 140 93 199 39 QSizeF(-1, 0)
[    10.45 ] D: mouseMove2
[    10.46 ] D: _automationChanging true
[    10.46 ] D: _currentMouseY 136 93 199 39 QSizeF(-4, 0)
[    10.46 ] D: mouseMove2
[    10.46 ] D: _automationChanging true
[    10.46 ] D: _currentMouseY 135 93 199 39 QSizeF(-1, 0)
[    10.46 ] D: mouseMove2
[    10.47 ] D: _pointActive2 false 0
[    10.47 ] D: _automationChanging true
[    10.47 ] D: createSelectedPoints 0 -1
[    10.47 ] D: _currentMouseY 133 93 199 39 QSizeF(-2, 0)
[    10.47 ] D: mouseMove2
[    10.47 ] D: _automationChanging true
[    10.47 ] D: _currentMouseY 132 93 199 39 QSizeF(-1, 0)
[    10.47 ] D: mouseMove2
[    10.47 ] D: _automationChanging true
[    10.47 ] D: _currentMouseY 130 93 199 39 QSizeF(-2, 0)
[    10.48 ] D: mouseMove2
[    10.48 ] D: _pointActive2 false 0
[    10.48 ] D: _automationChanging true
[    10.48 ] D: createSelectedPoints 0 -1
[    10.48 ] D: _currentMouseY 126 93 199 39 QSizeF(-4, 0)
[    10.49 ] D: mouseMove2
[    10.49 ] D: _automationChanging true
[    10.49 ] D: _currentMouseY 124 93 199 39 QSizeF(-2, 0)
[    10.49 ] D: mouseMove2
[    10.49 ] D: _automationChanging true
[    10.49 ] D: _currentMouseY 121 93 199 39 QSizeF(-3, 0)
[    10.49 ] D: mouseMove2
[    10.50 ] D: _pointActive2 false 0
[    10.50 ] D: createSelectedPoints 0 -1
[    10.50 ] D: _automationChanging true
[    10.50 ] D: _currentMouseY 117 93 199 39 QSizeF(-4, 0)
[    10.50 ] D: mouseMove2
[    10.52 ] D: _automationChanging true
[    10.52 ] D: _pointActive2 false 0
[    10.52 ] D: createSelectedPoints 0 -1
[    10.52 ] D: _currentMouseY 116 93 199 39 QSizeF(-1, 0)
[    10.52 ] D: mouseMove2
[    10.52 ] D: _automationChanging true
[    10.52 ] D: _currentMouseY 114 93 199 39 QSizeF(-2, 0)
[    10.52 ] D: mouseMove2
[    10.53 ] D: _pointActive2 false 0
[    10.53 ] D: createSelectedPoints 0 -1
[    10.53 ] D: _automationChanging true
[    10.53 ] D: _currentMouseY 110 93 199 39 QSizeF(-4, 0)
[    10.54 ] D: mouseMove2
[    10.55 ] D: _pointActive2 false 0
[    10.55 ] D: createSelectedPoints 0 -1
[    10.55 ] D: _automationChanging true
[    10.55 ] D: _currentMouseY 105 93 199 39 QSizeF(-5, 0)
[    10.55 ] D: mouseMove2
[    10.55 ] D: _automationChanging true
[    10.56 ] D: _currentMouseY 99 93 199 39 QSizeF(-6, 0)
[    10.56 ] D: mouseMove2
[    10.56 ] D: _automationChanging true
[    10.56 ] D: _currentMouseY 98 93 199 39 QSizeF(-1, 0)
[    10.56 ] D: mouseMove2
[    10.56 ] D: _automationChanging true
[    10.56 ] D: _currentMouseY 96 93 199 39 QSizeF(-2, 0)
[    10.56 ] D: mouseMove2
[    10.57 ] D: _pointActive2 false 0
[    10.57 ] D: _automationChanging true
[    10.57 ] D: createSelectedPoints 0 -1
[    10.57 ] D: _currentMouseY 93 93 199 39 QSizeF(-3, 0)
[    10.57 ] D: mouseMove2
[    10.57 ] D: _automationChanging true
[    10.57 ] D: _currentMouseY 92 93 199 39 QSizeF(-1, 0)
[    10.57 ] D: mouseMove2
[    10.57 ] D: _automationChanging true
[    10.57 ] D: _currentMouseY 90 93 199 39 QSizeF(-2, 0)
[    10.58 ] D: mouseMove2
[    10.58 ] D: _automationChanging true
[    10.58 ] D: _pointActive2 false 0
[    10.58 ] D: createSelectedPoints 0 -1
[    10.59 ] D: _currentMouseY 89 93 199 39 QSizeF(-1, 0)
[    10.59 ] D: mouseMove2
[    10.59 ] D: _automationChanging true
[    10.59 ] D: _currentMouseY 85 93 199 39 QSizeF(-4, 0)
[    10.59 ] D: mouseMove2
[    10.59 ] D: _automationChanging true
[    10.59 ] D: _currentMouseY 84 93 199 39 QSizeF(-1, 0)
[    10.59 ] D: mouseMove2
[    10.60 ] D: _pointActive2 false 0
[    10.60 ] D: _automationChanging true
[    10.60 ] D: createSelectedPoints 0 -1
[    10.60 ] D: _currentMouseY 81 93 199 39 QSizeF(-3, 0)
[    10.60 ] D: mouseMove2
[    10.61 ] D: _automationChanging true
[    10.61 ] D: _currentMouseY 80 93 199 39 QSizeF(-1, 0)
[    10.61 ] D: mouseMove2
[    10.62 ] D: _pointActive2 false 0
[    10.62 ] D: _automationChanging true
[    10.62 ] D: createSelectedPoints 0 -1
[    10.62 ] D: _currentMouseY 78 93 199 39 QSizeF(-2, 0)
[    10.62 ] D: mouseMove2
[    10.62 ] D: _automationChanging true
[    10.62 ] D: _currentMouseY 77 93 199 39 QSizeF(-1, 0)
[    10.62 ] D: mouseMove2
[    10.63 ] D: _pointActive2 false 0
[    10.63 ] D: createSelectedPoints 0 -1
[    10.64 ] D: _automationChanging true
[    10.64 ] D: _currentMouseY 75 93 199 39 QSizeF(-2, 0)
[    10.64 ] D: mouseMove2
[    10.64 ] D: _automationChanging true
[    10.64 ] D: _currentMouseY 74 93 199 39 QSizeF(-1, 0)
[    10.64 ] D: mouseMove2
[    10.65 ] D: _pointActive2 false 0
[    10.65 ] D: _automationChanging true
[    10.65 ] D: createSelectedPoints 0 -1
[    10.65 ] D: _currentMouseY 72 93 199 39 QSizeF(-2, 0)
[    10.65 ] D: mouseMove2
[    10.66 ] D: _automationChanging true
[    10.66 ] D: _currentMouseY 71 93 199 39 QSizeF(-1, 0)
[    10.66 ] D: mouseMove2
[    10.67 ] D: _pointActive2 false 0
[    10.67 ] D: createSelectedPoints 0 -1
[    10.67 ] D: _automationChanging true
[    10.67 ] D: _currentMouseY 69 93 199 39 QSizeF(-2, 0)
[    10.67 ] D: mouseMove2
[    10.68 ] D: _automationChanging true
[    10.68 ] D: _currentMouseY 68 93 199 39 QSizeF(-1, 0)
[    10.68 ] D: mouseMove2
[    10.68 ] D: _pointActive2 false 0
[    10.68 ] D: createSelectedPoints 0 -1
[    10.69 ] D: _automationChanging true
[    10.69 ] D: _currentMouseY 68 93 199 39 QSizeF(0, 0)
[    10.69 ] D: mouseMove2
[    10.70 ] D: _pointActive2 false 0
[    10.70 ] D: createSelectedPoints 0 -1
[    10.86 ] D: _automationChanging true
[    10.86 ] D: _currentMouseY 69 93 199 39 QSizeF(1, 0)
[    10.86 ] D: mouseMove2
[    10.86 ] D: _automationChanging true
[    10.86 ] D: _currentMouseY 69 93 199 39 QSizeF(0, 0)
[    10.86 ] D: mouseMove2
[    10.87 ] D: _pointActive2 false 0
[    10.87 ] D: createSelectedPoints 0 -1
[    10.87 ] D: _automationChanging true
[    10.87 ] D: _currentMouseY 70 93 199 39 QSizeF(1, 0)
[    10.87 ] D: mouseMove2
[    10.88 ] D: _pointActive2 false 0
[    10.88 ] D: _automationChanging true
[    10.88 ] D: createSelectedPoints 0 -1
[    10.88 ] D: _currentMouseY 72 93 199 39 QSizeF(2, 0)
[    10.89 ] D: mouseMove2
[    10.89 ] D: _automationChanging true
[    10.89 ] D: _currentMouseY 73 93 199 39 QSizeF(1, 0)
[    10.89 ] D: mouseMove2
[    10.90 ] D: _pointActive2 false 0
[    10.90 ] D: _automationChanging true
[    10.90 ] D: createSelectedPoints 0 -1
[    10.90 ] D: _currentMouseY 77 93 199 39 QSizeF(4, 0)
[    10.90 ] D: mouseMove2
[    10.90 ] D: _automationChanging true
[    10.91 ] D: _currentMouseY 78 92 199 39 QSizeF(1, -1)
[    10.91 ] D: mouseMove2
[    10.92 ] D: _automationChanging true
[    10.92 ] D: _pointActive2 false 0
[    10.92 ] D: createSelectedPoints 0 -1
[    10.92 ] D: _currentMouseY 81 91 199 39 QSizeF(3, -1)
[    10.92 ] D: mouseMove2
[    10.92 ] D: _automationChanging true
[    10.92 ] D: _currentMouseY 92 89 199 39 QSizeF(11, -2)
[    10.93 ] D: mouseMove2
[    10.93 ] D: _pointActive2 false 0
[    10.93 ] D: createSelectedPoints 0 -1
[    10.94 ] D: _automationChanging true
[    10.94 ] D: _currentMouseY 99 88 199 39 QSizeF(7, -1)
[    10.94 ] D: mouseMove2
[    10.95 ] D: _automationChanging true
[    10.95 ] D: _pointActive2 false 0
[    10.95 ] D: createSelectedPoints 0 -1
[    10.95 ] D: _currentMouseY 108 87 199 39 QSizeF(9, -1)
[    10.96 ] D: mouseMove2
[    10.96 ] D: _automationChanging true
[    10.96 ] D: _currentMouseY 119 86 199 39 QSizeF(11, -1)
[    10.96 ] D: mouseMove2
[    10.97 ] D: _automationChanging true
[    10.97 ] D: _pointActive2 false 0
[    10.97 ] D: createSelectedPoints 0 -1
[    10.97 ] D: _currentMouseY 121 85 199 39 QSizeF(2, -1)
[    10.97 ] D: mouseMove2
[    10.98 ] D: _automationChanging true
[    10.98 ] D: _pointActive2 false 0
[    10.98 ] D: createSelectedPoints 0 -1
[    10.99 ] D: _currentMouseY 131 84 199 39 QSizeF(10, -1)
[    10.99 ] D: mouseMove2
[    10.99 ] D: _automationChanging true
[    10.99 ] D: _currentMouseY 142 83 199 39 QSizeF(11, -1)
[    10.99 ] D: mouseMove2
[    11.00 ] D: _automationChanging true
[    11.00 ] D: _pointActive2 false 0
[    11.00 ] D: createSelectedPoints 0 -1
[    11.01 ] D: _currentMouseY 160 82 199 39 QSizeF(18, -1)
[    11.01 ] D: mouseMove2
[    11.01 ] D: _automationChanging true
[    11.01 ] D: _currentMouseY 162 81 199 39 QSizeF(2, -1)
[    11.01 ] D: mouseMove2
[    11.02 ] D: _automationChanging true
[    11.02 ] D: _pointActive2 false 0
[    11.02 ] D: createSelectedPoints 0 -1
[    11.02 ] D: _currentMouseY 169 80 199 39 QSizeF(7, -1)
[    11.02 ] D: mouseMove2
[    11.02 ] D: _automationChanging true
[    11.02 ] D: _currentMouseY 177 79 199 39 QSizeF(8, -1)
[    11.02 ] D: mouseMove2
[    11.03 ] D: _automationChanging true
[    11.03 ] D: _pointActive2 false 0
[    11.03 ] D: createSelectedPoints 0 -1
[    11.04 ] D: _currentMouseY 178 79 199 39 QSizeF(1, 0)
[    11.04 ] D: mouseMove2
[    11.04 ] D: _automationChanging true
[    11.04 ] D: _currentMouseY 180 79 199 39 QSizeF(2, 0)
[    11.04 ] D: mouseMove2
[    11.05 ] D: _automationChanging true
[    11.05 ] D: _pointActive2 false 0
[    11.05 ] D: createSelectedPoints 0 -1
[    11.05 ] D: _currentMouseY 181 79 199 39 QSizeF(1, 0)
[    11.05 ] D: mouseMove2
[    11.06 ] D: _automationChanging true
[    11.06 ] D: _currentMouseY 183 79 199 39 QSizeF(2, 0)
[    11.06 ] D: mouseMove2
[    11.06 ] D: _automationChanging true
[    11.06 ] D: _currentMouseY 184 79 199 39 QSizeF(1, 0)
[    11.06 ] D: mouseMove2
[    11.06 ] D: _automationChanging true
[    11.06 ] D: _currentMouseY 186 79 199 39 QSizeF(2, 0)
[    11.06 ] D: mouseMove2
[    11.07 ] D: _automationChanging true
[    11.07 ] D: _pointActive2 false 0
[    11.07 ] D: createSelectedPoints 0 -1
[    11.07 ] D: _currentMouseY 187 79 199 39 QSizeF(1, 0)
[    11.07 ] D: mouseMove2
[    11.07 ] D: _automationChanging true
[    11.07 ] D: _currentMouseY 190 78 199 39 QSizeF(3, -1)
[    11.07 ] D: mouseMove2
[    11.07 ] D: _automationChanging true
[    11.07 ] D: _currentMouseY 191 78 199 39 QSizeF(1, 0)
[    11.07 ] D: mouseMove2
[    11.08 ] D: _pointActive2 false 0
[    11.08 ] D: createSelectedPoints 0 -1
[    11.08 ] D: _automationChanging true
[    11.09 ] D: _currentMouseY 194 77 199 39 QSizeF(3, -1)
[    11.09 ] D: mouseMove2
[    11.09 ] D: _automationChanging true
[    11.09 ] D: _currentMouseY 199 76 199 39 QSizeF(5, -1)
[    11.09 ] D: mouseMove2
[    11.10 ] D: _pointActive2 false 0
[    11.10 ] D: _automationChanging true
[    11.10 ] D: createSelectedPoints 0 -1
[    11.10 ] D: _currentMouseY 202 76 199 39 QSizeF(3, 0)
[    11.11 ] D: mouseMove2
[    11.12 ] D: _automationChanging true
[    11.12 ] D: _pointActive2 false 0
[    11.12 ] D: createSelectedPoints 0 -1
[    11.12 ] D: _currentMouseY 203 76 199 39 QSizeF(1, 0)
[    11.12 ] D: mouseMove2
[    11.12 ] D: _automationChanging true
[    11.12 ] D: _currentMouseY 206 76 199 39 QSizeF(3, 0)
[    11.12 ] D: mouseMove2
[    11.13 ] D: _pointActive2 false 0
[    11.13 ] D: _automationChanging true
[    11.13 ] D: createSelectedPoints 0 -1
[    11.14 ] D: _currentMouseY 208 76 199 39 QSizeF(2, 0)
[    11.14 ] D: mouseMove2
[    11.15 ] D: _pointActive2 false 0
[    11.15 ] D: createSelectedPoints 0 -1
[    11.15 ] D: _automationChanging true
[    11.15 ] D: _currentMouseY 209 76 199 39 QSizeF(1, 0)
[    11.15 ] D: mouseMove2
[    11.16 ] D: _automationChanging true
[    11.16 ] D: _currentMouseY 211 76 199 39 QSizeF(2, 0)
[    11.16 ] D: mouseMove2
[    11.17 ] D: _pointActive2 false 0
[    11.17 ] D: createSelectedPoints 0 -1
[    11.17 ] D: _automationChanging true
[    11.17 ] D: _currentMouseY 212 76 199 39 QSizeF(1, 0)
[    11.17 ] D: mouseMove2
[    11.18 ] D: _pointActive2 false 0
[    11.18 ] D: createSelectedPoints 0 -1
[    11.20 ] D: _automationChanging true
[    11.20 ] D: _currentMouseY 214 76 199 39 QSizeF(2, 0)
[    11.20 ] D: mouseMove2
[    11.20 ] D: _automationChanging true
[    11.20 ] D: _currentMouseY 217 76 199 39 QSizeF(3, 0)
[    11.21 ] D: mouseMove2
[    11.22 ] D: _pointActive2 false 0
[    11.22 ] D: createSelectedPoints 0 -1
[    11.22 ] D: _automationChanging true
[    11.22 ] D: _currentMouseY 218 76 199 39 QSizeF(1, 0)
[    11.22 ] D: mouseMove2
[    11.23 ] D: _pointActive2 false 0
[    11.23 ] D: createSelectedPoints 0 -1
[    11.23 ] D: _automationChanging true
[    11.23 ] D: _currentMouseY 218 76 199 39 QSizeF(0, 0)
[    11.24 ] D: mouseMove2
[    11.24 ] D: _automationChanging true
[    11.24 ] D: _currentMouseY 219 76 199 39 QSizeF(1, 0)
[    11.24 ] D: mouseMove2
[    11.25 ] D: _pointActive2 false 0
[    11.25 ] D: createSelectedPoints 0 -1
[    11.25 ] D: _automationChanging true
[    11.25 ] D: _currentMouseY 219 76 199 39 QSizeF(0, 0)
[    11.25 ] D: mouseMove2
[    11.26 ] D: _automationChanging true
[    11.26 ] D: _currentMouseY 220 76 199 39 QSizeF(1, 0)
[    11.26 ] D: mouseMove2
[    11.27 ] D: _pointActive2 false 0
[    11.27 ] D: createSelectedPoints 0 -1
[    11.27 ] D: _automationChanging true
[    11.27 ] D: _currentMouseY 220 76 199 39 QSizeF(0, 0)
[    11.27 ] D: mouseMove2
[    11.27 ] D: _automationChanging true
[    11.27 ] D: _currentMouseY 221 76 199 39 QSizeF(1, 0)
[    11.27 ] D: mouseMove2
[    11.28 ] D: _pointActive2 false 0
[    11.28 ] D: createSelectedPoints 0 -1
[    11.38 ] D: _automationChanging true
[    11.39 ] D: _currentMouseY 222 77 199 39 QSizeF(1, 1)
[    11.39 ] D: mouseMove2
[    11.40 ] D: _pointActive2 false 0
[    11.40 ] D: createSelectedPoints 0 -1
[    11.40 ] D: _automationChanging true
[    11.40 ] D: _currentMouseY 221 77 199 39 QSizeF(-1, 0)
[    11.41 ] D: mouseMove2
[    11.42 ] D: _automationChanging true
[    11.42 ] D: _pointActive2 false 0
[    11.42 ] D: createSelectedPoints 0 -1
[    11.42 ] D: _currentMouseY 219 77 199 39 QSizeF(-2, 0)
[    11.42 ] D: mouseMove2
[    11.42 ] D: _automationChanging true
[    11.42 ] D: _currentMouseY 217 78 199 39 QSizeF(-2, 1)
[    11.42 ] D: mouseMove2
[    11.42 ] D: _automationChanging true
[    11.43 ] D: _currentMouseY 215 78 199 39 QSizeF(-2, 0)
[    11.43 ] D: mouseMove2
[    11.43 ] D: _automationChanging true
[    11.43 ] D: _pointActive2 false 0
[    11.43 ] D: createSelectedPoints 0 -1
[    11.44 ] D: _currentMouseY 214 78 199 39 QSizeF(-1, 0)
[    11.44 ] D: mouseMove2
[    11.45 ] D: _automationChanging true
[    11.45 ] D: _pointActive2 false 0
[    11.45 ] D: createSelectedPoints 0 -1
[    11.45 ] D: _currentMouseY 210 80 199 39 QSizeF(-4, 2)
[    11.45 ] D: mouseMove2
[    11.45 ] D: _automationChanging true
[    11.45 ] D: _currentMouseY 208 80 199 39 QSizeF(-2, 0)
[    11.46 ] D: mouseMove2
[    11.46 ] D: _automationChanging true
[    11.46 ] D: _currentMouseY 207 81 199 39 QSizeF(-1, 1)
[    11.46 ] D: mouseMove2
[    11.46 ] D: _automationChanging true
[    11.46 ] D: _currentMouseY 205 82 199 39 QSizeF(-2, 1)
[    11.46 ] D: mouseMove2
[    11.46 ] D: _automationChanging true
[    11.46 ] D: _currentMouseY 202 83 199 39 QSizeF(-3, 1)
[    11.46 ] D: mouseMove2
[    11.47 ] D: _automationChanging true
[    11.47 ] D: _pointActive2 false 0
[    11.47 ] D: createSelectedPoints 0 -1
[    11.47 ] D: _currentMouseY 201 83 199 39 QSizeF(-1, 0)
[    11.47 ] D: mouseMove2
[    11.47 ] D: _automationChanging true
[    11.47 ] D: _currentMouseY 196 83 199 39 QSizeF(-5, 0)
[    11.48 ] D: mouseMove2
[    11.48 ] D: _automationChanging true
[    11.48 ] D: _currentMouseY 194 84 199 39 QSizeF(-2, 1)
[    11.48 ] D: mouseMove2
[    11.48 ] D: _automationChanging true
[    11.48 ] D: _pointActive2 false 0
[    11.48 ] D: createSelectedPoints 0 -1
[    11.49 ] D: _currentMouseY 193 84 199 39 QSizeF(-1, 0)
[    11.49 ] D: mouseMove2
[    11.49 ] D: _automationChanging true
[    11.49 ] D: _currentMouseY 186 85 199 39 QSizeF(-7, 1)
[    11.49 ] D: mouseMove2
[    11.50 ] D: _automationChanging true
[    11.50 ] D: _pointActive2 false 0
[    11.50 ] D: createSelectedPoints 0 -1
[    11.51 ] D: _currentMouseY 185 85 199 39 QSizeF(-1, 0)
[    11.51 ] D: mouseMove2
[    11.52 ] D: _automationChanging true
[    11.52 ] D: _pointActive2 false 0
[    11.52 ] D: createSelectedPoints 0 -1
[    11.52 ] D: _currentMouseY 179 85 199 39 QSizeF(-6, 0)
[    11.52 ] D: mouseMove2
[    11.52 ] D: _automationChanging true
[    11.52 ] D: _currentMouseY 169 85 199 39 QSizeF(-10, 0)
[    11.52 ] D: mouseMove2
[    11.52 ] D: _automationChanging true
[    11.52 ] D: _currentMouseY 168 85 199 39 QSizeF(-1, 0)
[    11.53 ] D: mouseMove2
[    11.53 ] D: _pointActive2 false 0
[    11.53 ] D: _automationChanging true
[    11.53 ] D: createSelectedPoints 0 -1
[    11.53 ] D: _currentMouseY 165 85 199 39 QSizeF(-3, 0)
[    11.54 ] D: mouseMove2
[    11.54 ] D: _automationChanging true
[    11.54 ] D: _currentMouseY 164 85 199 39 QSizeF(-1, 0)
[    11.54 ] D: mouseMove2
[    11.55 ] D: _automationChanging true
[    11.55 ] D: _pointActive2 false 0
[    11.55 ] D: createSelectedPoints 0 -1
[    11.55 ] D: _currentMouseY 162 85 199 39 QSizeF(-2, 0)
[    11.55 ] D: mouseMove2
[    11.56 ] D: _automationChanging true
[    11.56 ] D: _currentMouseY 157 85 199 39 QSizeF(-5, 0)
[    11.56 ] D: mouseMove2
[    11.56 ] D: _automationChanging true
[    11.56 ] D: _currentMouseY 156 85 199 39 QSizeF(-1, 0)
[    11.56 ] D: mouseMove2
[    11.57 ] D: _pointActive2 false 0
[    11.57 ] D: _automationChanging true
[    11.57 ] D: createSelectedPoints 0 -1
[    11.57 ] D: _currentMouseY 153 85 199 39 QSizeF(-3, 0)
[    11.57 ] D: mouseMove2
[    11.57 ] D: _automationChanging true
[    11.57 ] D: _currentMouseY 152 85 199 39 QSizeF(-1, 0)
[    11.57 ] D: mouseMove2
[    11.58 ] D: _pointActive2 false 0
[    11.59 ] D: _automationChanging true
[    11.59 ] D: createSelectedPoints 0 -1
[    11.59 ] D: _currentMouseY 149 85 199 39 QSizeF(-3, 0)
[    11.59 ] D: mouseMove2
[    11.59 ] D: _automationChanging true
[    11.59 ] D: _currentMouseY 148 85 199 39 QSizeF(-1, 0)
[    11.59 ] D: mouseMove2
[    11.60 ] D: _pointActive2 false 0
[    11.60 ] D: _automationChanging true
[    11.60 ] D: createSelectedPoints 0 -1
[    11.60 ] D: _currentMouseY 145 85 199 39 QSizeF(-3, 0)
[    11.60 ] D: mouseMove2
[    11.60 ] D: _automationChanging true
[    11.60 ] D: _currentMouseY 141 85 199 39 QSizeF(-4, 0)
[    11.61 ] D: mouseMove2
[    11.61 ] D: _automationChanging true
[    11.61 ] D: _currentMouseY 140 85 199 39 QSizeF(-1, 0)
[    11.61 ] D: mouseMove2
[    11.62 ] D: _pointActive2 false 0
[    11.62 ] D: _automationChanging true
[    11.62 ] D: createSelectedPoints 0 -1
[    11.62 ] D: _currentMouseY 137 85 199 39 QSizeF(-3, 0)
[    11.62 ] D: mouseMove2
[    11.62 ] D: _automationChanging true
[    11.62 ] D: _currentMouseY 136 85 199 39 QSizeF(-1, 0)
[    11.62 ] D: mouseMove2
[    11.63 ] D: _pointActive2 false 0
[    11.63 ] D: _automationChanging true
[    11.63 ] D: createSelectedPoints 0 -1
[    11.64 ] D: _currentMouseY 134 85 199 39 QSizeF(-2, 0)
[    11.64 ] D: mouseMove2
[    11.64 ] D: _automationChanging true
[    11.64 ] D: _currentMouseY 133 85 199 39 QSizeF(-1, 0)
[    11.64 ] D: mouseMove2
[    11.64 ] D: _automationChanging true
[    11.64 ] D: _currentMouseY 131 85 199 39 QSizeF(-2, 0)
[    11.64 ] D: mouseMove2
[    11.65 ] D: _pointActive2 false 0
[    11.65 ] D: createSelectedPoints 0 -1
[    11.66 ] D: _automationChanging true
[    11.66 ] D: _currentMouseY 128 85 199 39 QSizeF(-3, 0)
[    11.66 ] D: mouseMove2
[    11.67 ] D: _pointActive2 false 0
[    11.67 ] D: createSelectedPoints 0 -1
[    11.67 ] D: _automationChanging true
[    11.67 ] D: _currentMouseY 124 85 199 39 QSizeF(-4, 0)
[    11.68 ] D: mouseMove2
[    11.68 ] D: _automationChanging true
[    11.68 ] D: _currentMouseY 123 85 199 39 QSizeF(-1, 0)
[    11.68 ] D: mouseMove2
[    11.68 ] D: _pointActive2 false 0
[    11.68 ] D: createSelectedPoints 0 -1
[    11.68 ] D: _automationChanging true
[    11.69 ] D: _currentMouseY 120 85 199 39 QSizeF(-3, 0)
[    11.69 ] D: mouseMove2
[    11.70 ] D: _pointActive2 false 0
[    11.70 ] D: createSelectedPoints 0 -1
[    11.70 ] D: _automationChanging true
[    11.70 ] D: _currentMouseY 116 85 199 39 QSizeF(-4, 0)
[    11.70 ] D: mouseMove2
[    11.70 ] D: _automationChanging true
[    11.70 ] D: _currentMouseY 111 85 199 39 QSizeF(-5, 0)
[    11.71 ] D: mouseMove2
[    11.71 ] D: _automationChanging true
[    11.71 ] D: _currentMouseY 110 85 199 39 QSizeF(-1, 0)
[    11.71 ] D: mouseMove2
[    11.72 ] D: _automationChanging true
[    11.72 ] D: _pointActive2 false 0
[    11.72 ] D: createSelectedPoints 0 -1
[    11.72 ] D: _currentMouseY 108 84 199 39 QSizeF(-2, -1)
[    11.72 ] D: mouseMove2
[    11.72 ] D: _automationChanging true
[    11.72 ] D: _currentMouseY 105 84 199 39 QSizeF(-3, 0)
[    11.72 ] D: mouseMove2
[    11.72 ] D: _automationChanging true
[    11.72 ] D: _currentMouseY 104 84 199 39 QSizeF(-1, 0)
[    11.73 ] D: mouseMove2
[    11.73 ] D: _pointActive2 false 0
[    11.73 ] D: createSelectedPoints 0 -1
[    11.73 ] D: _automationChanging true
[    11.74 ] D: _currentMouseY 101 84 199 39 QSizeF(-3, 0)
[    11.74 ] D: mouseMove2
[    11.75 ] D: _automationChanging true
[    11.75 ] D: _pointActive2 false 0
[    11.75 ] D: createSelectedPoints 0 -1
[    11.75 ] D: _currentMouseY 100 84 199 39 QSizeF(-1, 0)
[    11.75 ] D: mouseMove2
[    11.76 ] D: _automationChanging true
[    11.76 ] D: _currentMouseY 96 84 199 39 QSizeF(-4, 0)
[    11.76 ] D: mouseMove2
[    11.76 ] D: _automationChanging true
[    11.76 ] D: _currentMouseY 95 84 199 39 QSizeF(-1, 0)
[    11.76 ] D: mouseMove2
[    11.77 ] D: _pointActive2 false 0
[    11.77 ] D: _automationChanging true
[    11.77 ] D: createSelectedPoints 0 -1
[    11.77 ] D: _currentMouseY 93 84 199 39 QSizeF(-2, 0)
[    11.77 ] D: mouseMove2
[    11.77 ] D: _automationChanging true
[    11.77 ] D: _currentMouseY 92 84 199 39 QSizeF(-1, 0)
[    11.77 ] D: mouseMove2
[    11.78 ] D: _pointActive2 false 0
[    11.78 ] D: createSelectedPoints 0 -1
[    11.78 ] D: _automationChanging true
[    11.78 ] D: _currentMouseY 90 84 199 39 QSizeF(-2, 0)
[    11.79 ] D: mouseMove2
[    11.80 ] D: _pointActive2 false 0
[    11.80 ] D: createSelectedPoints 0 -1
[    11.80 ] D: _automationChanging true
[    11.80 ] D: _currentMouseY 90 84 199 39 QSizeF(0, 0)
[    11.80 ] D: mouseMove2
[    11.82 ] D: _pointActive2 false 0
[    11.82 ] D: createSelectedPoints 0 -1
[    11.93 ] D: _automationChanging true
[    11.93 ] D: _currentMouseY 91 84 199 39 QSizeF(1, 0)
[    11.93 ] D: mouseMove2
[    11.95 ] D: _pointActive2 false 0
[    11.95 ] D: createSelectedPoints 0 -1
[    11.95 ] D: _automationChanging true
[    11.95 ] D: _currentMouseY 93 84 199 39 QSizeF(2, 0)
[    11.95 ] D: mouseMove2
[    11.95 ] D: _automationChanging true
[    11.96 ] D: _currentMouseY 96 84 199 39 QSizeF(3, 0)
[    11.96 ] D: mouseMove2
[    11.96 ] D: _automationChanging true
[    11.96 ] D: _currentMouseY 97 84 199 39 QSizeF(1, 0)
[    11.96 ] D: mouseMove2
[    11.97 ] D: _automationChanging true
[    11.97 ] D: _pointActive2 false 0
[    11.97 ] D: createSelectedPoints 0 -1
[    11.97 ] D: _currentMouseY 97 83 199 39 QSizeF(0, -1)
[    11.97 ] D: mouseMove2
[    11.97 ] D: _automationChanging true
[    11.97 ] D: _currentMouseY 101 83 199 39 QSizeF(4, 0)
[    11.97 ] D: mouseMove2
[    11.97 ] D: _automationChanging true
[    11.98 ] D: _currentMouseY 103 82 199 39 QSizeF(2, -1)
[    11.98 ] D: mouseMove2
[    11.98 ] D: _automationChanging true
[    11.98 ] D: _currentMouseY 106 81 199 39 QSizeF(3, -1)
[    11.98 ] D: mouseMove2
[    11.98 ] D: _automationChanging true
[    11.98 ] D: _pointActive2 false 0
[    11.98 ] D: _currentMouseY 108 81 199 39 QSizeF(2, 0)
[    11.98 ] D: createSelectedPoints 0 -1
[    11.98 ] D: mouseMove2
[    11.99 ] D: _automationChanging true
[    11.99 ] D: _currentMouseY 110 80 199 39 QSizeF(2, -1)
[    11.99 ] D: mouseMove2
[    11.99 ] D: _automationChanging true
[    11.99 ] D: _currentMouseY 113 79 199 39 QSizeF(3, -1)
[    11.99 ] D: mouseMove2
[    11.99 ] D: _automationChanging true
[    11.99 ] D: _currentMouseY 119 78 199 39 QSizeF(6, -1)
[    11.99 ] D: mouseMove2
[    12.00 ] D: _automationChanging true
[    12.00 ] D: _pointActive2 false 0
[    12.00 ] D: createSelectedPoints 0 -1
[    12.01 ] D: _currentMouseY 121 78 199 39 QSizeF(2, 0)
[    12.01 ] D: mouseMove2
[    12.01 ] D: _automationChanging true
[    12.01 ] D: _currentMouseY 122 78 199 39 QSizeF(1, 0)
[    12.01 ] D: mouseMove2
[    12.02 ] D: _pointActive2 false 0
[    12.02 ] D: _automationChanging true
[    12.02 ] D: createSelectedPoints 0 -1
[    12.02 ] D: _currentMouseY 130 78 199 39 QSizeF(8, 0)
[    12.02 ] D: mouseMove2
[    12.02 ] D: _automationChanging true
[    12.02 ] D: _currentMouseY 132 78 199 39 QSizeF(2, 0)
[    12.02 ] D: mouseMove2
[    12.02 ] D: _automationChanging true
[    12.02 ] D: _currentMouseY 136 78 199 39 QSizeF(4, 0)
[    12.03 ] D: mouseMove2
[    12.03 ] D: _automationChanging true
[    12.03 ] D: _pointActive2 false 0
[    12.03 ] D: createSelectedPoints 0 -1
[    12.03 ] D: _currentMouseY 139 77 199 39 QSizeF(3, -1)
[    12.04 ] D: mouseMove2
[    12.04 ] D: _automationChanging true
[    12.04 ] D: _currentMouseY 141 77 199 39 QSizeF(2, 0)
[    12.04 ] D: mouseMove2
[    12.04 ] D: _automationChanging true
[    12.04 ] D: _currentMouseY 142 77 199 39 QSizeF(1, 0)
[    12.04 ] D: mouseMove2
[    12.04 ] D: _automationChanging true
[    12.04 ] D: _currentMouseY 145 77 199 39 QSizeF(3, 0)
[    12.04 ] D: mouseMove2
[    12.05 ] D: _automationChanging true
[    12.05 ] D: _pointActive2 false 0
[    12.05 ] D: createSelectedPoints 0 -1
[    12.06 ] D: _currentMouseY 147 77 199 39 QSizeF(2, 0)
[    12.06 ] D: mouseMove2
[    12.07 ] D: _automationChanging true
[    12.07 ] D: _pointActive2 false 0
[    12.07 ] D: createSelectedPoints 0 -1
[    12.07 ] D: _currentMouseY 155 77 199 39 QSizeF(8, 0)
[    12.07 ] D: mouseMove2
[    12.07 ] D: _automationChanging true
[    12.07 ] D: _currentMouseY 165 77 199 39 QSizeF(10, 0)
[    12.07 ] D: mouseMove2
[    12.07 ] D: _automationChanging true
[    12.07 ] D: _currentMouseY 176 77 199 39 QSizeF(11, 0)
[    12.07 ] D: mouseMove2
[    12.08 ] D: _automationChanging true
[    12.08 ] D: _pointActive2 false 0
[    12.08 ] D: createSelectedPoints 0 -1
[    12.09 ] D: _currentMouseY 179 77 199 39 QSizeF(3, 0)
[    12.09 ] D: mouseMove2
[    12.09 ] D: _automationChanging true
[    12.09 ] D: _currentMouseY 180 77 199 39 QSizeF(1, 0)
[    12.09 ] D: mouseMove2
[    12.09 ] D: _automationChanging true
[    12.09 ] D: _currentMouseY 182 77 199 39 QSizeF(2, 0)
[    12.09 ] D: mouseMove2
[    12.09 ] D: _automationChanging true
[    12.09 ] D: _currentMouseY 185 77 199 39 QSizeF(3, 0)
[    12.09 ] D: mouseMove2
[    12.10 ] D: _pointActive2 false 0
[    12.10 ] D: createSelectedPoints 0 -1
[    12.10 ] D: _automationChanging true
[    12.10 ] D: _currentMouseY 189 77 199 39 QSizeF(4, 0)
[    12.10 ] D: mouseMove2
[    12.10 ] D: _automationChanging true
[    12.10 ] D: _currentMouseY 190 77 199 39 QSizeF(1, 0)
[    12.11 ] D: mouseMove2
[    12.12 ] D: _pointActive2 false 0
[    12.12 ] D: _automationChanging true
[    12.12 ] D: createSelectedPoints 0 -1
[    12.12 ] D: _currentMouseY 195 77 199 39 QSizeF(5, 0)
[    12.12 ] D: mouseMove2
[    12.12 ] D: _automationChanging true
[    12.12 ] D: _currentMouseY 196 77 199 39 QSizeF(1, 0)
[    12.12 ] D: mouseMove2
[    12.12 ] D: _automationChanging true
[    12.12 ] D: _currentMouseY 198 77 199 39 QSizeF(2, 0)
[    12.12 ] D: mouseMove2
[    12.13 ] D: _pointActive2 false 0
[    12.13 ] D: _automationChanging true
[    12.13 ] D: createSelectedPoints 0 -1
[    12.14 ] D: _currentMouseY 201 77 199 39 QSizeF(3, 0)
[    12.14 ] D: mouseMove2
[    12.14 ] D: _automationChanging true
[    12.14 ] D: _currentMouseY 202 77 199 39 QSizeF(1, 0)
[    12.14 ] D: mouseMove2
[    12.14 ] D: _automationChanging true
[    12.14 ] D: _currentMouseY 204 77 199 39 QSizeF(2, 0)
[    12.14 ] D: mouseMove2
[    12.15 ] D: _automationChanging true
[    12.15 ] D: _pointActive2 false 0
[    12.15 ] D: createSelectedPoints 0 -1
[    12.15 ] D: _currentMouseY 205 77 199 39 QSizeF(1, 0)
[    12.15 ] D: mouseMove2
[    12.16 ] D: _automationChanging true
[    12.16 ] D: _currentMouseY 209 77 199 39 QSizeF(4, 0)
[    12.16 ] D: mouseMove2
[    12.16 ] D: _automationChanging true
[    12.16 ] D: _currentMouseY 210 77 199 39 QSizeF(1, 0)
[    12.16 ] D: mouseMove2
[    12.17 ] D: _pointActive2 false 0
[    12.17 ] D: createSelectedPoints 0 -1
[    12.17 ] D: _automationChanging true
[    12.17 ] D: _currentMouseY 212 77 199 39 QSizeF(2, 0)
[    12.17 ] D: mouseMove2
[    12.17 ] D: _automationChanging true
[    12.17 ] D: _currentMouseY 213 77 199 39 QSizeF(1, 0)
[    12.17 ] D: mouseMove2
[    12.18 ] D: _pointActive2 false 0
[    12.18 ] D: createSelectedPoints 0 -1
[    12.19 ] D: _automationChanging true
[    12.19 ] D: _currentMouseY 216 77 199 39 QSizeF(3, 0)
[    12.19 ] D: mouseMove2
[    12.19 ] D: _automationChanging true
[    12.19 ] D: _currentMouseY 217 77 199 39 QSizeF(1, 0)
[    12.19 ] D: mouseMove2
[    12.20 ] D: _pointActive2 false 0
[    12.20 ] D: createSelectedPoints 0 -1
[    12.20 ] D: _automationChanging true
[    12.20 ] D: _currentMouseY 219 76 199 39 QSizeF(2, -1)
[    12.20 ] D: mouseMove2
[    12.20 ] D: _automationChanging true
[    12.20 ] D: _currentMouseY 220 76 199 39 QSizeF(1, 0)
[    12.21 ] D: mouseMove2
[    12.22 ] D: _pointActive2 false 0
[    12.22 ] D: _automationChanging true
[    12.22 ] D: createSelectedPoints 0 -1
[    12.22 ] D: _currentMouseY 223 76 199 39 QSizeF(3, 0)
[    12.22 ] D: mouseMove2
[    12.23 ] D: _pointActive2 false 0
[    12.23 ] D: createSelectedPoints 0 -1
[    12.23 ] D: _automationChanging true
[    12.23 ] D: _currentMouseY 225 76 199 39 QSizeF(2, 0)
[    12.24 ] D: mouseMove2
[    12.25 ] D: _pointActive2 false 0
[    12.25 ] D: createSelectedPoints 0 -1
[    12.26 ] D: _automationChanging true
[    12.26 ] D: _currentMouseY 228 76 199 39 QSizeF(3, 0)
[    12.26 ] D: mouseMove2
[    12.27 ] D: _pointActive2 false 0
[    12.27 ] D: createSelectedPoints 0 -1
[    12.27 ] D: _automationChanging true
[    12.27 ] D: _currentMouseY 228 76 199 39 QSizeF(0, 0)
[    12.27 ] D: mouseMove2
[    12.27 ] D: _automationChanging true
[    12.27 ] D: _currentMouseY 229 76 199 39 QSizeF(1, 0)
[    12.27 ] D: mouseMove2
[    12.28 ] D: _pointActive2 false 0
[    12.28 ] D: createSelectedPoints 0 -1
[    12.34 ] D: _automationChanging true
[    12.34 ] D: _currentMouseY 231 76 199 39 QSizeF(2, 0)
[    12.34 ] D: mouseMove2
[    12.35 ] D: _pointActive2 false 0
[    12.35 ] D: createSelectedPoints 0 -1
[    12.35 ] D: _automationChanging true
[    12.35 ] D: _currentMouseY 231 76 199 39 QSizeF(0, 0)
[    12.35 ] D: mouseMove2
[    12.37 ] D: _pointActive2 false 0
[    12.37 ] D: createSelectedPoints 0 -1
[    12.37 ] D: _automationChanging true
[    12.37 ] D: _currentMouseY 232 76 199 39 QSizeF(1, 0)
[    12.37 ] D: mouseMove2
[    12.38 ] D: _pointActive2 false 0
[    12.38 ] D: createSelectedPoints 0 -1
[    12.39 ] D: _automationChanging true
[    12.39 ] D: _currentMouseY 232 76 199 39 QSizeF(0, 0)
[    12.39 ] D: mouseMove2
[    12.40 ] D: _pointActive2 false 0
[    12.40 ] D: createSelectedPoints 0 -1
[    12.40 ] D: _automationChanging true
[    12.40 ] D: _currentMouseY 234 76 199 39 QSizeF(2, 0)
[    12.40 ] D: mouseMove2
[    12.42 ] D: _pointActive2 false 0
[    12.42 ] D: createSelectedPoints 0 -1
[    12.42 ] D: _automationChanging true
[    12.42 ] D: _currentMouseY 234 76 199 39 QSizeF(0, 0)
[    12.42 ] D: mouseMove2
[    12.42 ] D: _automationChanging true
[    12.42 ] D: _currentMouseY 235 76 199 39 QSizeF(1, 0)
[    12.42 ] D: mouseMove2
[    12.43 ] D: _pointActive2 false 0
[    12.43 ] D: createSelectedPoints 0 -1
[    12.45 ] D: _automationChanging true
[    12.45 ] D: _currentMouseY 237 76 199 39 QSizeF(2, 0)
[    12.45 ] D: mouseMove2
[    12.47 ] D: _pointActive2 false 0
[    12.47 ] D: createSelectedPoints 0 -1
[    12.47 ] D: _automationChanging true
[    12.47 ] D: _currentMouseY 238 76 199 39 QSizeF(1, 0)
[    12.47 ] D: mouseMove2
[    12.48 ] D: _pointActive2 false 0
[    12.48 ] D: createSelectedPoints 0 -1
[    12.48 ] D: _automationChanging true
[    12.48 ] D: _currentMouseY 238 76 199 39 QSizeF(0, 0)
[    12.49 ] D: mouseMove2
[    12.50 ] D: _pointActive2 false 0
[    12.50 ] D: createSelectedPoints 0 -1
[    12.50 ] D: _automationChanging true
[    12.50 ] D: _currentMouseY 239 76 199 39 QSizeF(1, 0)
[    12.50 ] D: mouseMove2
[    12.52 ] D: _pointActive2 false 0
[    12.52 ] D: createSelectedPoints 0 -1
[    12.53 ] D: _automationChanging true
[    12.53 ] D: _currentMouseY 241 76 199 39 QSizeF(2, 0)
[    12.53 ] D: mouseMove2
[    12.53 ] D: _pointActive2 false 0
[    12.53 ] D: createSelectedPoints 0 -1
[    12.55 ] D: _automationChanging true
[    12.55 ] D: _currentMouseY 241 76 199 39 QSizeF(0, 0)
[    12.55 ] D: mouseMove2
[    12.57 ] D: _pointActive2 false 0
[    12.57 ] D: createSelectedPoints 0 -1
[    12.75 ] D: createSelectedPoints 0 -1
[    13.12 ] D: findTrackIndexByPoint 0 QRect(0,0 1707x111) true QPointF(307,73)
[    13.14 ] D: createSelectedPoints 0 -1
[    13.17 ] D: _automationChanging true
[    13.17 ] D: mouseMove2
[    13.18 ] D: _automationChanging true
[    13.18 ] D: mouseMove2
[    13.19 ] D: _automationChanging true
[    13.19 ] D: mouseMove2
[    13.20 ] D: _automationChanging true
[    13.20 ] D: mouseMove2
[    13.20 ] D: _automationChanging true
[    13.20 ] D: mouseMove2
[    13.22 ] D: _automationChanging true
[    13.22 ] D: mouseMove2
[    13.22 ] D: _automationChanging true
[    13.22 ] D: mouseMove2
[    13.23 ] D: _automationChanging true
[    13.23 ] D: _currentMouseY 317 68 307 73 QSizeF(10, -5)
[    13.24 ] D: mouseMove2
[    13.25 ] D: _pointActive1 false true false
[    13.25 ] D: _automationChanging true
[    13.26 ] D: _currentMouseY 321 66 307 73 QSizeF(4, -2)
[    13.26 ] D: mouseMove2
[    13.26 ] D: _automationChanging true
[    13.26 ] D: _currentMouseY 326 64 307 73 QSizeF(5, -2)
[    13.26 ] D: mouseMove2
[    13.27 ] D: _automationChanging true
[    13.27 ] D: _pointActive2 false 0
[    13.27 ] D: createSelectedPoints 0 -1
[    13.27 ] D: _currentMouseY 331 61 307 73 QSizeF(5, -3)
[    13.27 ] D: mouseMove2
[    13.27 ] D: _automationChanging true
[    13.27 ] D: _currentMouseY 335 58 307 73 QSizeF(4, -3)
[    13.28 ] D: mouseMove2
[    13.28 ] D: _pointActive2 false 0
[    13.28 ] D: createSelectedPoints 0 -1
[    13.28 ] D: _automationChanging true
[    13.29 ] D: _currentMouseY 336 57 307 73 QSizeF(1, -1)
[    13.29 ] D: mouseMove2
[    13.30 ] D: _automationChanging true
[    13.30 ] D: _pointActive2 false 0
[    13.30 ] D: createSelectedPoints 0 -1
[    13.30 ] D: _currentMouseY 338 55 307 73 QSizeF(2, -2)
[    13.31 ] D: mouseMove2
[    13.31 ] D: _automationChanging true
[    13.31 ] D: _currentMouseY 342 52 307 73 QSizeF(4, -3)
[    13.31 ] D: mouseMove2
[    13.32 ] D: _pointActive2 false 0
[    13.32 ] D: _automationChanging true
[    13.32 ] D: createSelectedPoints 0 -1
[    13.32 ] D: _currentMouseY 343 51 307 73 QSizeF(1, -1)
[    13.32 ] D: mouseMove2
[    13.34 ] D: _pointActive2 false 0
[    13.34 ] D: createSelectedPoints 0 -1
[    13.34 ] D: _automationChanging true
[    13.34 ] D: _currentMouseY 344 51 307 73 QSizeF(1, 0)
[    13.34 ] D: mouseMove2
[    13.35 ] D: _pointActive2 false 0
[    13.35 ] D: createSelectedPoints 0 -1
[    13.35 ] D: _automationChanging true
[    13.35 ] D: _currentMouseY 345 50 307 73 QSizeF(1, -1)
[    13.35 ] D: mouseMove2
[    13.37 ] D: _pointActive2 false 0
[    13.37 ] D: createSelectedPoints 0 -1
[    13.37 ] D: _automationChanging true
[    13.37 ] D: _currentMouseY 345 50 307 73 QSizeF(0, 0)
[    13.37 ] D: mouseMove2
[    13.37 ] D: _automationChanging true
[    13.37 ] D: _currentMouseY 345 49 307 73 QSizeF(0, -1)
[    13.38 ] D: mouseMove2
[    13.38 ] D: _automationChanging true
[    13.38 ] D: _currentMouseY 346 49 307 73 QSizeF(1, 0)
[    13.38 ] D: mouseMove2
[    13.39 ] D: _pointActive2 false 0
[    13.39 ] D: createSelectedPoints 0 -1
[    13.40 ] D: _automationChanging true
[    13.40 ] D: _currentMouseY 348 48 307 73 QSizeF(2, -1)
[    13.41 ] D: mouseMove2
[    13.41 ] D: _automationChanging true
[    13.41 ] D: _currentMouseY 350 46 307 73 QSizeF(2, -2)
[    13.41 ] D: mouseMove2
[    13.42 ] D: _automationChanging true
[    13.42 ] D: _pointActive2 false 0
[    13.42 ] D: createSelectedPoints 0 -1
[    13.42 ] D: _currentMouseY 351 46 307 73 QSizeF(1, 0)
[    13.42 ] D: mouseMove2
[    13.42 ] D: _automationChanging true
[    13.42 ] D: _currentMouseY 353 44 307 73 QSizeF(2, -2)
[    13.43 ] D: mouseMove2
[    13.43 ] D: _automationChanging true
[    13.43 ] D: _currentMouseY 356 42 307 73 QSizeF(3, -2)
[    13.43 ] D: mouseMove2
[    13.44 ] D: _automationChanging true
[    13.44 ] D: _pointActive2 false 0
[    13.44 ] D: createSelectedPoints 0 -1
[    13.44 ] D: _currentMouseY 356 41 307 73 QSizeF(0, -1)
[    13.44 ] D: mouseMove2
[    13.44 ] D: _automationChanging true
[    13.44 ] D: _currentMouseY 357 40 307 73 QSizeF(1, -1)
[    13.44 ] D: mouseMove2
[    13.45 ] D: _pointActive2 false 0
[    13.45 ] D: _automationChanging true
[    13.45 ] D: createSelectedPoints 0 -1
[    13.45 ] D: _currentMouseY 357 39 307 73 QSizeF(0, -1)
[    13.46 ] D: mouseMove2
[    13.47 ] D: _pointActive2 false 0
[    13.47 ] D: createSelectedPoints 0 -1
[    13.47 ] D: _automationChanging true
[    13.47 ] D: _currentMouseY 358 39 307 73 QSizeF(1, 0)
[    13.47 ] D: mouseMove2
[    13.48 ] D: _pointActive2 false 0
[    13.48 ] D: createSelectedPoints 0 -1
[    13.48 ] D: _automationChanging true
[    13.49 ] D: _currentMouseY 358 39 307 73 QSizeF(0, 0)
[    13.49 ] D: mouseMove2
[    13.50 ] D: _pointActive2 false 0
[    13.50 ] D: createSelectedPoints 0 -1
[    13.57 ] D: createSelectedPoints 0 -1
[    13.97 ] D: findTrackIndexByPoint 0 QRect(0,0 1707x111) true QPointF(395,39)
[    13.98 ] D: createSelectedPoints 0 -1
[    14.00 ] D: _automationChanging true
[    14.00 ] D: mouseMove2
[    14.04 ] D: _automationChanging true
[    14.04 ] D: mouseMove2
[    14.05 ] D: _automationChanging true
[    14.05 ] D: mouseMove2
[    14.05 ] D: _automationChanging true
[    14.05 ] D: mouseMove2
[    14.06 ] D: _automationChanging true
[    14.06 ] D: mouseMove2
[    14.07 ] D: _automationChanging true
[    14.07 ] D: mouseMove2
[    14.07 ] D: _automationChanging true
[    14.07 ] D: _currentMouseY 402 44 395 39 QSizeF(7, 5)
[    14.07 ] D: mouseMove2
[    14.07 ] D: _automationChanging true
[    14.07 ] D: _currentMouseY 410 50 395 39 QSizeF(8, 6)
[    14.08 ] D: mouseMove2
[    14.09 ] D: _pointActive1 false true false
[    14.09 ] D: _automationChanging true
[    14.09 ] D: _currentMouseY 413 52 395 39 QSizeF(3, 2)
[    14.09 ] D: mouseMove2
[    14.09 ] D: _automationChanging true
[    14.09 ] D: _currentMouseY 418 55 395 39 QSizeF(5, 3)
[    14.09 ] D: mouseMove2
[    14.10 ] D: _automationChanging true
[    14.10 ] D: _pointActive2 false 0
[    14.10 ] D: createSelectedPoints 0 -1
[    14.11 ] D: _currentMouseY 419 56 395 39 QSizeF(1, 1)
[    14.11 ] D: mouseMove2
[    14.12 ] D: _automationChanging true
[    14.12 ] D: _pointActive2 false 0
[    14.12 ] D: createSelectedPoints 0 -1
[    14.12 ] D: _currentMouseY 424 61 395 39 QSizeF(5, 5)
[    14.12 ] D: mouseMove2
[    14.12 ] D: _automationChanging true
[    14.12 ] D: _currentMouseY 433 70 395 39 QSizeF(9, 9)
[    14.12 ] D: mouseMove2
[    14.12 ] D: _automationChanging true
[    14.13 ] D: _currentMouseY 443 79 395 39 QSizeF(10, 9)
[    14.13 ] D: mouseMove2
[    14.14 ] D: _automationChanging true
[    14.14 ] D: _pointActive2 false 0
[    14.14 ] D: createSelectedPoints 0 -1
[    14.14 ] D: _currentMouseY 444 80 395 39 QSizeF(1, 1)
[    14.14 ] D: mouseMove2
[    14.14 ] D: _automationChanging true
[    14.14 ] D: _currentMouseY 448 83 395 39 QSizeF(4, 3)
[    14.14 ] D: mouseMove2
[    14.14 ] D: _automationChanging true
[    14.14 ] D: _currentMouseY 453 87 395 39 QSizeF(5, 4)
[    14.14 ] D: mouseMove2
[    14.15 ] D: _pointActive2 false 0
[    14.15 ] D: createSelectedPoints 0 -1
[    14.15 ] D: _automationChanging true
[    14.15 ] D: _currentMouseY 455 89 395 39 QSizeF(2, 2)
[    14.16 ] D: mouseMove2
[    14.17 ] D: _pointActive2 false 0
[    14.17 ] D: createSelectedPoints 0 -1
[    14.17 ] D: _automationChanging true
[    14.17 ] D: _currentMouseY 459 91 395 39 QSizeF(4, 2)
[    14.17 ] D: mouseMove2
[    14.17 ] D: _automationChanging true
[    14.17 ] D: _currentMouseY 463 94 395 39 QSizeF(4, 3)
[    14.18 ] D: mouseMove2
[    14.19 ] D: _automationChanging true
[    14.19 ] D: _pointActive2 false 0
[    14.19 ] D: createSelectedPoints 0 -1
[    14.19 ] D: _currentMouseY 464 94 395 39 QSizeF(1, 0)
[    14.19 ] D: mouseMove2
[    14.20 ] D: _automationChanging true
[    14.20 ] D: _pointActive2 false 0
[    14.20 ] D: createSelectedPoints 0 -1
[    14.20 ] D: _currentMouseY 466 96 395 39 QSizeF(2, 2)
[    14.20 ] D: mouseMove2
[    14.20 ] D: _automationChanging true
[    14.20 ] D: _currentMouseY 469 98 395 39 QSizeF(3, 2)
[    14.21 ] D: mouseMove2
[    14.21 ] D: _automationChanging true
[    14.21 ] D: _currentMouseY 470 98 395 39 QSizeF(1, 0)
[    14.21 ] D: mouseMove2
[    14.21 ] D: _automationChanging true
[    14.21 ] D: _currentMouseY 471 99 395 39 QSizeF(1, 1)
[    14.21 ] D: mouseMove2
[    14.22 ] D: _automationChanging true
[    14.22 ] D: _pointActive2 false 0
[    14.22 ] D: createSelectedPoints 0 -1
[    14.22 ] D: _currentMouseY 472 99 395 39 QSizeF(1, 0)
[    14.22 ] D: mouseMove2
[    14.22 ] D: _automationChanging true
[    14.22 ] D: _currentMouseY 474 101 395 39 QSizeF(2, 2)
[    14.23 ] D: mouseMove2
[    14.23 ] D: _pointActive2 false 0
[    14.23 ] D: createSelectedPoints 0 -1
[    14.23 ] D: _automationChanging true
[    14.24 ] D: _currentMouseY 476 102 395 39 QSizeF(2, 1)
[    14.24 ] D: mouseMove2
[    14.24 ] D: _automationChanging true
[    14.24 ] D: _currentMouseY 478 104 395 39 QSizeF(2, 2)
[    14.24 ] D: mouseMove2
[    14.25 ] D: _pointActive2 false 0
[    14.25 ] D: createSelectedPoints 0 -1
[    14.25 ] D: _automationChanging true
[    14.26 ] D: _currentMouseY 480 105 395 39 QSizeF(2, 1)
[    14.26 ] D: mouseMove2
[    14.27 ] D: _automationChanging true
[    14.27 ] D: _pointActive2 false 0
[    14.27 ] D: createSelectedPoints 0 -1
[    14.27 ] D: _currentMouseY 481 105 395 39 QSizeF(1, 0)
[    14.27 ] D: mouseMove2
[    14.27 ] D: _automationChanging true
[    14.27 ] D: _currentMouseY 484 106 395 39 QSizeF(3, 1)
[    14.28 ] D: mouseMove2
[    14.28 ] D: _automationChanging true
[    14.28 ] D: _pointActive2 false 0
[    14.28 ] D: createSelectedPoints 0 -1
[    14.29 ] D: _currentMouseY 485 107 395 39 QSizeF(1, 1)
[    14.29 ] D: mouseMove2
[    14.29 ] D: _automationChanging true
[    14.29 ] D: _currentMouseY 488 107 395 39 QSizeF(3, 2)
[    14.29 ] D: mouseMove2
[    14.30 ] D: _pointActive2 false 0
[    14.30 ] D: _automationChanging true
[    14.30 ] D: createSelectedPoints 0 -1
[    14.31 ] D: _currentMouseY 489 107 395 39 QSizeF(1, 0)
[    14.31 ] D: mouseMove2
[    14.32 ] D: _automationChanging true
[    14.32 ] D: _pointActive2 false 0
[    14.32 ] D: createSelectedPoints 0 -1
[    14.32 ] D: _currentMouseY 491 107 395 39 QSizeF(2, 0)
[    14.32 ] D: mouseMove2
[    14.32 ] D: _automationChanging true
[    14.32 ] D: _currentMouseY 492 107 395 39 QSizeF(1, 0)
[    14.32 ] D: mouseMove2
[    14.33 ] D: _pointActive2 false 0
[    14.33 ] D: createSelectedPoints 0 -1
[    14.35 ] D: _automationChanging true
[    14.35 ] D: _currentMouseY 494 107 395 39 QSizeF(2, 0)
[    14.35 ] D: mouseMove2
[    14.37 ] D: _pointActive2 false 0
[    14.37 ] D: createSelectedPoints 0 -1
[    14.37 ] D: _automationChanging true
[    14.37 ] D: _currentMouseY 494 107 395 39 QSizeF(0, 0)
[    14.37 ] D: mouseMove2
[    14.38 ] D: _pointActive2 false 0
[    14.39 ] D: createSelectedPoints 0 -1
[    14.48 ] D: _automationChanging true
[    14.48 ] D: _currentMouseY 494 107 395 39 QSizeF(0, 1)
[    14.48 ] D: mouseMove2
[    14.48 ] D: _automationChanging true
[    14.48 ] D: _currentMouseY 494 107 395 39 QSizeF(0, 0)
[    14.48 ] D: mouseMove2
[    14.48 ] D: _pointActive2 false 0
[    14.48 ] D: createSelectedPoints 0 -1
[    14.51 ] D: _automationChanging true
[    14.51 ] D: _currentMouseY 493 107 395 39 QSizeF(-1, 0)
[    14.51 ] D: mouseMove2
[    14.51 ] D: _automationChanging true
[    14.51 ] D: _currentMouseY 493 107 395 39 QSizeF(0, 0)
[    14.52 ] D: mouseMove2
[    14.53 ] D: _pointActive2 false 0
[    14.53 ] D: createSelectedPoints 0 -1
[    14.53 ] D: _automationChanging true
[    14.53 ] D: _currentMouseY 490 106 395 39 QSizeF(-3, -1)
[    14.54 ] D: mouseMove2
[    14.55 ] D: _pointActive2 false 0
[    14.55 ] D: createSelectedPoints 0 -1
[    14.55 ] D: _automationChanging true
[    14.56 ] D: _currentMouseY 487 106 395 39 QSizeF(-3, 0)
[    14.56 ] D: mouseMove2
[    14.56 ] D: _automationChanging true
[    14.56 ] D: _currentMouseY 484 105 395 39 QSizeF(-3, -1)
[    14.56 ] D: mouseMove2
[    14.57 ] D: _pointActive2 false 0
[    14.57 ] D: _automationChanging true
[    14.57 ] D: createSelectedPoints 0 -1
[    14.57 ] D: _currentMouseY 483 104 395 39 QSizeF(-1, -1)
[    14.57 ] D: mouseMove2
[    14.59 ] D: _automationChanging true
[    14.59 ] D: _pointActive2 false 0
[    14.59 ] D: createSelectedPoints 0 -1
[    14.59 ] D: _currentMouseY 481 103 395 39 QSizeF(-2, -1)
[    14.59 ] D: mouseMove2
[    14.59 ] D: _automationChanging true
[    14.59 ] D: _currentMouseY 480 102 395 39 QSizeF(-1, -1)
[    14.59 ] D: mouseMove2
[    14.59 ] D: _automationChanging true
[    14.59 ] D: _currentMouseY 479 100 395 39 QSizeF(-1, -2)
[    14.59 ] D: mouseMove2
[    14.60 ] D: _automationChanging true
[    14.60 ] D: _pointActive2 false 0
[    14.60 ] D: createSelectedPoints 0 -1
[    14.60 ] D: _currentMouseY 477 98 395 39 QSizeF(-2, -2)
[    14.60 ] D: mouseMove2
[    14.61 ] D: _automationChanging true
[    14.61 ] D: _currentMouseY 476 96 395 39 QSizeF(-1, -2)
[    14.61 ] D: mouseMove2
[    14.61 ] D: _automationChanging true
[    14.61 ] D: _currentMouseY 475 96 395 39 QSizeF(-1, 0)
[    14.61 ] D: mouseMove2
[    14.62 ] D: _automationChanging true
[    14.62 ] D: _pointActive2 false 0
[    14.62 ] D: createSelectedPoints 0 -1
[    14.62 ] D: _currentMouseY 475 95 395 39 QSizeF(0, -1)
[    14.62 ] D: mouseMove2
[    14.62 ] D: _automationChanging true
[    14.62 ] D: _currentMouseY 473 92 395 39 QSizeF(-2, -3)
[    14.62 ] D: mouseMove2
[    14.64 ] D: _pointActive2 false 0
[    14.64 ] D: createSelectedPoints 0 -1
[    14.64 ] D: _automationChanging true
[    14.64 ] D: _currentMouseY 472 90 395 39 QSizeF(-1, -2)
[    14.64 ] D: mouseMove2
[    14.65 ] D: _automationChanging true
[    14.65 ] D: _pointActive2 false 0
[    14.65 ] D: createSelectedPoints 0 -1
[    14.65 ] D: _currentMouseY 470 87 395 39 QSizeF(-2, -3)
[    14.66 ] D: mouseMove2
[    14.66 ] D: _automationChanging true
[    14.66 ] D: _currentMouseY 470 86 395 39 QSizeF(0, -1)
[    14.66 ] D: mouseMove2
[    14.67 ] D: _pointActive2 false 0
[    14.67 ] D: createSelectedPoints 0 -1
[    14.67 ] D: _automationChanging true
[    14.67 ] D: _currentMouseY 470 86 395 39 QSizeF(0, 0)
[    14.67 ] D: mouseMove2
[    14.67 ] D: _automationChanging true
[    14.67 ] D: _currentMouseY 470 85 395 39 QSizeF(0, -1)
[    14.68 ] D: mouseMove2
[    14.69 ] D: _pointActive2 false 0
[    14.69 ] D: createSelectedPoints 0 -1
[    14.69 ] D: _automationChanging true
[    14.69 ] D: _currentMouseY 470 85 395 39 QSizeF(0, 0)
[    14.69 ] D: mouseMove2
[    14.70 ] D: _pointActive2 false 0
[    14.70 ] D: createSelectedPoints 0 -1
[    14.70 ] D: _automationChanging true
[    14.70 ] D: _currentMouseY 470 84 395 39 QSizeF(0, -1)
[    14.70 ] D: mouseMove2
[    14.72 ] D: _pointActive2 false 0
[    14.72 ] D: createSelectedPoints 0 -1
[    14.73 ] D: _automationChanging true
[    14.74 ] D: _currentMouseY 470 82 395 39 QSizeF(0, -2)
[    14.74 ] D: mouseMove2
[    14.74 ] D: _automationChanging true
[    14.74 ] D: _currentMouseY 470 79 395 39 QSizeF(0, -3)
[    14.74 ] D: mouseMove2
[    14.75 ] D: _pointActive2 false 0
[    14.75 ] D: createSelectedPoints 0 -1
[    14.75 ] D: _automationChanging true
[    14.76 ] D: _currentMouseY 470 78 395 39 QSizeF(0, -1)
[    14.76 ] D: mouseMove2
[    14.77 ] D: _pointActive2 false 0
[    14.77 ] D: createSelectedPoints 0 -1
[    14.78 ] D: _automationChanging true
[    14.79 ] D: _currentMouseY 470 76 395 39 QSizeF(0, -2)
[    14.79 ] D: mouseMove2
[    14.80 ] D: _pointActive2 false 0
[    14.80 ] D: createSelectedPoints 0 -1
[    14.80 ] D: _automationChanging true
[    14.81 ] D: _currentMouseY 470 76 395 39 QSizeF(0, 0)
[    14.81 ] D: mouseMove2
[    14.82 ] D: _pointActive2 false 0
[    14.82 ] D: createSelectedPoints 0 -1
[    14.92 ] D: createSelectedPoints 0 -1
[    15.83 ] D: findTrackIndexByPoint 0 QRect(0,0 1707x111) true QPointF(409,60)
[    15.85 ] D: createSelectedPoints 0 -1
[    15.87 ] D: _automationChanging true
[    15.87 ] D: mouseMove2
[    15.90 ] D: _automationChanging true
[    15.90 ] D: mouseMove2
[    15.90 ] D: _automationChanging true
[    15.90 ] D: mouseMove2
[    15.92 ] D: _automationChanging true
[    15.92 ] D: mouseMove2
[    15.92 ] D: _automationChanging true
[    15.92 ] D: mouseMove2
[    15.94 ] D: _automationChanging true
[    15.94 ] D: _currentMouseY 410 69 409 60 QSizeF(1, 9)
[    15.94 ] D: mouseMove2
[    15.95 ] D: _pointActive1 false true false
[    15.95 ] D: _automationChanging true
[    15.95 ] D: _currentMouseY 410 72 409 60 QSizeF(0, 3)
[    15.96 ] D: mouseMove2
[    15.96 ] D: _automationChanging true
[    15.96 ] D: _currentMouseY 409 76 409 60 QSizeF(-1, 4)
[    15.96 ] D: mouseMove2
[    15.97 ] D: _pointActive2 false 0
[    15.97 ] D: createSelectedPoints 0 -1
[    15.97 ] D: _automationChanging true
[    15.97 ] D: _currentMouseY 409 79 409 60 QSizeF(0, 3)
[    15.97 ] D: mouseMove2
[    15.98 ] D: _automationChanging true
[    15.98 ] D: _pointActive2 false 0
[    15.98 ] D: createSelectedPoints 0 -1
[    15.99 ] D: _currentMouseY 407 83 409 60 QSizeF(-2, 4)
[    15.99 ] D: mouseMove2
[    15.99 ] D: _automationChanging true
[    15.99 ] D: _currentMouseY 403 92 409 60 QSizeF(-4, 9)
[    15.99 ] D: mouseMove2
[    16.00 ] D: _pointActive2 false 0
[    16.00 ] D: createSelectedPoints 0 -1
[    16.00 ] D: _automationChanging true
[    16.00 ] D: _currentMouseY 400 94 409 60 QSizeF(-3, 2)
[    16.01 ] D: mouseMove2
[    16.02 ] D: _pointActive2 false 0
[    16.02 ] D: createSelectedPoints 0 -1
[    16.02 ] D: _automationChanging true
[    16.02 ] D: _currentMouseY 396 96 409 60 QSizeF(-4, 2)
[    16.02 ] D: mouseMove2
[    16.02 ] D: _automationChanging true
[    16.02 ] D: _currentMouseY 392 99 409 60 QSizeF(-4, 3)
[    16.02 ] D: mouseMove2
[    16.03 ] D: _automationChanging true
[    16.03 ] D: _pointActive2 false 0
[    16.03 ] D: createSelectedPoints 0 -1
[    16.04 ] D: _currentMouseY 392 100 409 60 QSizeF(0, 1)
[    16.04 ] D: mouseMove2
[    16.04 ] D: _automationChanging true
[    16.04 ] D: _currentMouseY 388 102 409 60 QSizeF(-4, 2)
[    16.04 ] D: mouseMove2
[    16.05 ] D: _automationChanging true
[    16.05 ] D: _pointActive2 false 0
[    16.05 ] D: createSelectedPoints 0 -1
[    16.06 ] D: _currentMouseY 387 102 409 60 QSizeF(-1, 0)
[    16.06 ] D: mouseMove2
[    16.06 ] D: _automationChanging true
[    16.06 ] D: _currentMouseY 382 103 409 60 QSizeF(-5, 1)
[    16.06 ] D: mouseMove2
[    16.06 ] D: _automationChanging true
[    16.06 ] D: _currentMouseY 376 104 409 60 QSizeF(-6, 1)
[    16.06 ] D: mouseMove2
[    16.07 ] D: _automationChanging true
[    16.07 ] D: _pointActive2 false 0
[    16.07 ] D: createSelectedPoints 0 -1
[    16.07 ] D: _currentMouseY 375 104 409 60 QSizeF(-1, 0)
[    16.07 ] D: mouseMove2
[    16.08 ] D: _automationChanging true
[    16.08 ] D: _pointActive2 false 0
[    16.08 ] D: createSelectedPoints 0 -1
[    16.09 ] D: _currentMouseY 370 105 409 60 QSizeF(-5, 1)
[    16.09 ] D: mouseMove2
[    16.09 ] D: _automationChanging true
[    16.09 ] D: _currentMouseY 364 106 409 60 QSizeF(-6, 1)
[    16.09 ] D: mouseMove2
[    16.09 ] D: _automationChanging true
[    16.09 ] D: _currentMouseY 362 106 409 60 QSizeF(-2, 0)
[    16.09 ] D: mouseMove2
[    16.09 ] D: _automationChanging true
[    16.09 ] D: _currentMouseY 359 106 409 60 QSizeF(-3, 0)
[    16.09 ] D: mouseMove2
[    16.10 ] D: _automationChanging true
[    16.10 ] D: _pointActive2 false 0
[    16.10 ] D: createSelectedPoints 0 -1
[    16.10 ] D: _currentMouseY 358 106 409 60 QSizeF(-1, 0)
[    16.11 ] D: mouseMove2
[    16.12 ] D: _automationChanging true
[    16.12 ] D: _pointActive2 false 0
[    16.12 ] D: createSelectedPoints 0 -1
[    16.12 ] D: _currentMouseY 351 106 409 60 QSizeF(-7, 0)
[    16.12 ] D: mouseMove2
[    16.12 ] D: _automationChanging true
[    16.12 ] D: _currentMouseY 339 106 409 60 QSizeF(-12, 0)
[    16.12 ] D: mouseMove2
[    16.12 ] D: _automationChanging true
[    16.12 ] D: _currentMouseY 338 106 409 60 QSizeF(-1, 0)
[    16.13 ] D: mouseMove2
[    16.13 ] D: _automationChanging true
[    16.13 ] D: _currentMouseY 336 106 409 60 QSizeF(-2, 0)
[    16.13 ] D: mouseMove2
[    16.13 ] D: _pointActive2 false 0
[    16.13 ] D: _automationChanging true
[    16.13 ] D: createSelectedPoints 0 -1
[    16.14 ] D: _currentMouseY 332 106 409 60 QSizeF(-4, 0)
[    16.14 ] D: mouseMove2
[    16.14 ] D: _automationChanging true
[    16.14 ] D: _currentMouseY 331 106 409 60 QSizeF(-1, 0)
[    16.14 ] D: mouseMove2
[    16.14 ] D: _automationChanging true
[    16.14 ] D: _currentMouseY 329 106 409 60 QSizeF(-2, 0)
[    16.14 ] D: mouseMove2
[    16.15 ] D: _automationChanging true
[    16.15 ] D: _pointActive2 false 0
[    16.15 ] D: createSelectedPoints 0 -1
[    16.15 ] D: _currentMouseY 326 106 409 60 QSizeF(-3, 0)
[    16.15 ] D: mouseMove2
[    16.16 ] D: _automationChanging true
[    16.16 ] D: _currentMouseY 321 105 409 60 QSizeF(-5, -1)
[    16.16 ] D: mouseMove2
[    16.16 ] D: _automationChanging true
[    16.16 ] D: _currentMouseY 320 105 409 60 QSizeF(-1, 0)
[    16.16 ] D: mouseMove2
[    16.17 ] D: _pointActive2 false 0
[    16.17 ] D: createSelectedPoints 0 -1
[    16.17 ] D: _automationChanging true
[    16.17 ] D: _currentMouseY 316 105 409 60 QSizeF(-4, 0)
[    16.17 ] D: mouseMove2
[    16.17 ] D: _automationChanging true
[    16.17 ] D: _currentMouseY 314 105 409 60 QSizeF(-2, 0)
[    16.18 ] D: mouseMove2
[    16.18 ] D: _automationChanging true
[    16.18 ] D: _currentMouseY 311 105 409 60 QSizeF(-3, 0)
[    16.18 ] D: mouseMove2
[    16.18 ] D: _pointActive2 false 0
[    16.18 ] D: createSelectedPoints 0 -1
[    16.19 ] D: _automationChanging true
[    16.19 ] D: _currentMouseY 307 105 409 60 QSizeF(-4, 0)
[    16.19 ] D: mouseMove2
[    16.19 ] D: _automationChanging true
[    16.19 ] D: _currentMouseY 302 105 409 60 QSizeF(-5, 0)
[    16.19 ] D: mouseMove2
[    16.20 ] D: _automationChanging true
[    16.20 ] D: _pointActive2 false 0
[    16.20 ] D: createSelectedPoints 0 -1
[    16.20 ] D: _currentMouseY 300 105 409 60 QSizeF(-2, 0)
[    16.20 ] D: mouseMove2
[    16.20 ] D: _automationChanging true
[    16.20 ] D: _currentMouseY 295 105 409 60 QSizeF(-5, 0)
[    16.21 ] D: mouseMove2
[    16.21 ] D: _automationChanging true
[    16.21 ] D: _currentMouseY 294 105 409 60 QSizeF(-1, 0)
[    16.21 ] D: mouseMove2
[    16.22 ] D: _pointActive2 false 0
[    16.22 ] D: _automationChanging true
[    16.22 ] D: createSelectedPoints 0 -1
[    16.22 ] D: _currentMouseY 290 105 409 60 QSizeF(-4, 0)
[    16.22 ] D: mouseMove2
[    16.22 ] D: _automationChanging true
[    16.22 ] D: _currentMouseY 288 105 409 60 QSizeF(-2, 0)
[    16.22 ] D: mouseMove2
[    16.22 ] D: _automationChanging true
[    16.22 ] D: _currentMouseY 285 105 409 60 QSizeF(-3, 0)
[    16.23 ] D: mouseMove2
[    16.23 ] D: _pointActive2 false 0
[    16.23 ] D: createSelectedPoints 0 -1
[    16.23 ] D: _automationChanging true
[    16.24 ] D: _currentMouseY 280 105 409 60 QSizeF(-5, 0)
[    16.24 ] D: mouseMove2
[    16.24 ] D: _automationChanging true
[    16.24 ] D: _currentMouseY 279 105 409 60 QSizeF(-1, 0)
[    16.24 ] D: mouseMove2
[    16.24 ] D: _automationChanging true
[    16.24 ] D: _currentMouseY 277 105 409 60 QSizeF(-2, 0)
[    16.24 ] D: mouseMove2
[    16.25 ] D: _automationChanging true
[    16.25 ] D: _pointActive2 false 0
[    16.25 ] D: createSelectedPoints 0 -1
[    16.25 ] D: _currentMouseY 276 105 409 60 QSizeF(-1, 0)
[    16.25 ] D: mouseMove2
[    16.26 ] D: _automationChanging true
[    16.26 ] D: _currentMouseY 271 105 409 60 QSizeF(-5, 0)
[    16.26 ] D: mouseMove2
[    16.26 ] D: _automationChanging true
[    16.26 ] D: _currentMouseY 270 105 409 60 QSizeF(-1, 0)
[    16.26 ] D: mouseMove2
[    16.26 ] D: _automationChanging true
[    16.26 ] D: _currentMouseY 268 105 409 60 QSizeF(-2, 0)
[    16.26 ] D: mouseMove2
[    16.27 ] D: _automationChanging true
[    16.27 ] D: _pointActive2 false 0
[    16.27 ] D: createSelectedPoints 0 -1
[    16.27 ] D: _currentMouseY 267 105 409 60 QSizeF(-1, 0)
[    16.27 ] D: mouseMove2
[    16.27 ] D: _automationChanging true
[    16.27 ] D: _currentMouseY 265 105 409 60 QSizeF(-2, 0)
[    16.27 ] D: mouseMove2
[    16.28 ] D: _automationChanging true
[    16.28 ] D: _pointActive2 false 0
[    16.28 ] D: createSelectedPoints 0 -1
[    16.28 ] D: _currentMouseY 264 105 409 60 QSizeF(-1, 0)
[    16.29 ] D: mouseMove2
[    16.29 ] D: _automationChanging true
[    16.29 ] D: _currentMouseY 260 105 409 60 QSizeF(-4, 0)
[    16.29 ] D: mouseMove2
[    16.29 ] D: _automationChanging true
[    16.29 ] D: _currentMouseY 258 105 409 60 QSizeF(-2, 0)
[    16.29 ] D: mouseMove2
[    16.30 ] D: _pointActive2 false 0
[    16.30 ] D: _automationChanging true
[    16.30 ] D: createSelectedPoints 0 -1
[    16.30 ] D: _currentMouseY 255 105 409 60 QSizeF(-3, 0)
[    16.30 ] D: mouseMove2
[    16.30 ] D: _automationChanging true
[    16.30 ] D: _currentMouseY 251 105 409 60 QSizeF(-4, 0)
[    16.31 ] D: mouseMove2
[    16.31 ] D: _automationChanging true
[    16.31 ] D: _currentMouseY 250 105 409 60 QSizeF(-1, 0)
[    16.31 ] D: mouseMove2
[    16.32 ] D: _automationChanging true
[    16.32 ] D: _pointActive2 false 0
[    16.32 ] D: createSelectedPoints 0 -1
[    16.32 ] D: _currentMouseY 248 105 409 60 QSizeF(-2, 0)
[    16.32 ] D: mouseMove2
[    16.32 ] D: _automationChanging true
[    16.32 ] D: _currentMouseY 245 105 409 60 QSizeF(-3, 0)
[    16.32 ] D: mouseMove2
[    16.32 ] D: _automationChanging true
[    16.32 ] D: _currentMouseY 244 105 409 60 QSizeF(-1, 0)
[    16.33 ] D: mouseMove2
[    16.33 ] D: _pointActive2 false 0
[    16.33 ] D: createSelectedPoints 0 -1
[    16.33 ] D: _automationChanging true
[    16.33 ] D: _currentMouseY 240 105 409 60 QSizeF(-4, 0)
[    16.34 ] D: mouseMove2
[    16.34 ] D: _automationChanging true
[    16.34 ] D: _currentMouseY 239 105 409 60 QSizeF(-1, 0)
[    16.34 ] D: mouseMove2
[    16.35 ] D: _pointActive2 false 0
[    16.35 ] D: _automationChanging true
[    16.35 ] D: createSelectedPoints 0 -1
[    16.35 ] D: _currentMouseY 235 105 409 60 QSizeF(-4, 0)
[    16.35 ] D: mouseMove2
[    16.36 ] D: _automationChanging true
[    16.36 ] D: _currentMouseY 234 105 409 60 QSizeF(-1, 0)
[    16.36 ] D: mouseMove2
[    16.36 ] D: _automationChanging true
[    16.36 ] D: _currentMouseY 232 105 409 60 QSizeF(-2, 0)
[    16.36 ] D: mouseMove2
[    16.37 ] D: _pointActive2 false 0
[    16.37 ] D: _automationChanging true
[    16.37 ] D: createSelectedPoints 0 -1
[    16.37 ] D: _currentMouseY 229 105 409 60 QSizeF(-3, 0)
[    16.37 ] D: mouseMove2
[    16.37 ] D: _automationChanging true
[    16.37 ] D: _currentMouseY 228 105 409 60 QSizeF(-1, 0)
[    16.37 ] D: mouseMove2
[    16.37 ] D: _automationChanging true
[    16.37 ] D: _currentMouseY 226 105 409 60 QSizeF(-2, 0)
[    16.38 ] D: mouseMove2
[    16.38 ] D: _pointActive2 false 0
[    16.39 ] D: _automationChanging true
[    16.39 ] D: createSelectedPoints 0 -1
[    16.39 ] D: _currentMouseY 223 105 409 60 QSizeF(-3, 0)
[    16.39 ] D: mouseMove2
[    16.39 ] D: _automationChanging true
[    16.39 ] D: _currentMouseY 222 105 409 60 QSizeF(-1, 0)
[    16.39 ] D: mouseMove2
[    16.40 ] D: _pointActive2 false 0
[    16.40 ] D: createSelectedPoints 0 -1
[    16.40 ] D: _automationChanging true
[    16.40 ] D: _currentMouseY 219 105 409 60 QSizeF(-3, 0)
[    16.40 ] D: mouseMove2
[    16.42 ] D: _pointActive2 false 0
[    16.42 ] D: createSelectedPoints 0 -1
[    16.42 ] D: _automationChanging true
[    16.42 ] D: _currentMouseY 218 105 409 60 QSizeF(-1, 0)
[    16.42 ] D: mouseMove2
[    16.43 ] D: _pointActive2 false 0
[    16.43 ] D: createSelectedPoints 0 -1
[    16.43 ] D: _automationChanging true
[    16.43 ] D: _currentMouseY 218 105 409 60 QSizeF(0, 0)
[    16.44 ] D: mouseMove2
[    16.45 ] D: _pointActive2 false 0
[    16.45 ] D: createSelectedPoints 0 -1
[    16.51 ] D: _automationChanging true
[    16.51 ] D: _currentMouseY 219 105 409 60 QSizeF(1, 0)
[    16.51 ] D: mouseMove2
[    16.51 ] D: _automationChanging true
[    16.51 ] D: _currentMouseY 219 105 409 60 QSizeF(0, 0)
[    16.51 ] D: mouseMove2
[    16.53 ] D: _pointActive2 false 0
[    16.53 ] D: createSelectedPoints 0 -1
[    16.53 ] D: _automationChanging true
[    16.53 ] D: _currentMouseY 223 105 409 60 QSizeF(4, 0)
[    16.54 ] D: mouseMove2
[    16.54 ] D: _automationChanging true
[    16.54 ] D: _currentMouseY 228 105 409 60 QSizeF(5, 0)
[    16.54 ] D: mouseMove2
[    16.54 ] D: _automationChanging true
[    16.54 ] D: _currentMouseY 229 105 409 60 QSizeF(1, 0)
[    16.54 ] D: mouseMove2
[    16.55 ] D: _automationChanging true
[    16.55 ] D: _pointActive2 false 0
[    16.55 ] D: createSelectedPoints 0 -1
[    16.55 ] D: _currentMouseY 230 104 409 60 QSizeF(1, -1)
[    16.55 ] D: mouseMove2
[    16.56 ] D: _automationChanging true
[    16.56 ] D: _currentMouseY 234 104 409 60 QSizeF(4, 0)
[    16.56 ] D: mouseMove2
[    16.56 ] D: _automationChanging true
[    16.56 ] D: _currentMouseY 236 104 409 60 QSizeF(2, 0)
[    16.56 ] D: mouseMove2
[    16.57 ] D: _automationChanging true
[    16.57 ] D: _pointActive2 false 0
[    16.57 ] D: createSelectedPoints 0 -1
[    16.57 ] D: _currentMouseY 238 103 409 60 QSizeF(2, -1)
[    16.57 ] D: mouseMove2
[    16.58 ] D: _automationChanging true
[    16.58 ] D: _pointActive2 false 0
[    16.58 ] D: createSelectedPoints 0 -1
[    16.59 ] D: _currentMouseY 240 103 409 60 QSizeF(2, 0)
[    16.59 ] D: mouseMove2
[    16.59 ] D: _automationChanging true
[    16.59 ] D: _currentMouseY 243 103 409 60 QSizeF(3, 0)
[    16.59 ] D: mouseMove2
[    16.60 ] D: _automationChanging true
[    16.60 ] D: _pointActive2 false 0
[    16.60 ] D: createSelectedPoints 0 -1
[    16.60 ] D: _currentMouseY 259 102 409 60 QSizeF(16, -1)
[    16.60 ] D: mouseMove2
[    16.60 ] D: _automationChanging true
[    16.60 ] D: _currentMouseY 277 101 409 60 QSizeF(18, -1)
[    16.61 ] D: mouseMove2
[    16.61 ] D: _automationChanging true
[    16.61 ] D: _currentMouseY 278 101 409 60 QSizeF(1, 0)
[    16.61 ] D: mouseMove2
[    16.61 ] D: _automationChanging true
[    16.61 ] D: _currentMouseY 280 101 409 60 QSizeF(2, 0)
[    16.61 ] D: mouseMove2
[    16.62 ] D: _pointActive2 false 0
[    16.62 ] D: _automationChanging true
[    16.62 ] D: createSelectedPoints 0 -1
[    16.62 ] D: _currentMouseY 286 101 409 60 QSizeF(6, 0)
[    16.62 ] D: mouseMove2
[    16.64 ] D: _automationChanging true
[    16.64 ] D: _pointActive2 false 0
[    16.64 ] D: createSelectedPoints 0 -1
[    16.64 ] D: _currentMouseY 295 100 409 60 QSizeF(9, -1)
[    16.64 ] D: mouseMove2
[    16.64 ] D: _automationChanging true
[    16.64 ] D: _currentMouseY 305 99 409 60 QSizeF(10, -1)
[    16.64 ] D: mouseMove2
[    16.64 ] D: _automationChanging true
[    16.64 ] D: _currentMouseY 306 99 409 60 QSizeF(1, 0)
[    16.64 ] D: mouseMove2
[    16.64 ] D: _automationChanging true
[    16.64 ] D: _currentMouseY 309 99 409 60 QSizeF(3, 0)
[    16.64 ] D: mouseMove2
[    16.65 ] D: _automationChanging true
[    16.65 ] D: _pointActive2 false 0
[    16.65 ] D: createSelectedPoints 0 -1
[    16.66 ] D: _currentMouseY 310 99 409 60 QSizeF(1, 0)
[    16.66 ] D: mouseMove2
[    16.67 ] D: _automationChanging true
[    16.67 ] D: _pointActive2 false 0
[    16.67 ] D: createSelectedPoints 0 -1
[    16.67 ] D: _currentMouseY 318 99 409 60 QSizeF(8, 0)
[    16.67 ] D: mouseMove2
[    16.67 ] D: _automationChanging true
[    16.67 ] D: _currentMouseY 328 99 409 60 QSizeF(10, 0)
[    16.67 ] D: mouseMove2
[    16.67 ] D: _automationChanging true
[    16.67 ] D: _currentMouseY 330 99 409 60 QSizeF(2, 0)
[    16.67 ] D: mouseMove2
[    16.68 ] D: _automationChanging true
[    16.68 ] D: _currentMouseY 333 99 409 60 QSizeF(3, 0)
[    16.68 ] D: mouseMove2
[    16.68 ] D: _automationChanging true
[    16.68 ] D: _pointActive2 false 0
[    16.68 ] D: createSelectedPoints 0 -1
[    16.68 ] D: _currentMouseY 335 99 409 60 QSizeF(2, 0)
[    16.69 ] D: mouseMove2
[    16.69 ] D: _automationChanging true
[    16.69 ] D: _currentMouseY 336 99 409 60 QSizeF(1, 0)
[    16.69 ] D: mouseMove2
[    16.69 ] D: _automationChanging true
[    16.69 ] D: _currentMouseY 338 99 409 60 QSizeF(2, 0)
[    16.69 ] D: mouseMove2
[    16.69 ] D: _automationChanging true
[    16.69 ] D: _currentMouseY 342 99 409 60 QSizeF(4, 0)
[    16.69 ] D: mouseMove2
[    16.70 ] D: _automationChanging true
[    16.70 ] D: _pointActive2 false 0
[    16.70 ] D: createSelectedPoints 0 -1
[    16.70 ] D: _currentMouseY 343 99 409 60 QSizeF(1, 0)
[    16.70 ] D: mouseMove2
[    16.70 ] D: _automationChanging true
[    16.70 ] D: _currentMouseY 349 98 409 60 QSizeF(6, -1)
[    16.71 ] D: mouseMove2
[    16.71 ] D: _automationChanging true
[    16.71 ] D: _currentMouseY 350 98 409 60 QSizeF(1, 0)
[    16.71 ] D: mouseMove2
[    16.72 ] D: _automationChanging true
[    16.72 ] D: _pointActive2 false 0
[    16.72 ] D: createSelectedPoints 0 -1
[    16.72 ] D: _currentMouseY 352 98 409 60 QSizeF(2, 0)
[    16.72 ] D: mouseMove2
[    16.72 ] D: _automationChanging true
[    16.72 ] D: _currentMouseY 358 97 409 60 QSizeF(6, -1)
[    16.73 ] D: mouseMove2
[    16.73 ] D: _automationChanging true
[    16.73 ] D: _currentMouseY 365 96 409 60 QSizeF(7, -1)
[    16.73 ] D: mouseMove2
[    16.74 ] D: _pointActive2 false 0
[    16.74 ] D: createSelectedPoints 0 -1
[    16.74 ] D: _automationChanging true
[    16.74 ] D: _currentMouseY 369 96 409 60 QSizeF(4, 0)
[    16.74 ] D: mouseMove2
[    16.75 ] D: _automationChanging true
[    16.75 ] D: _pointActive2 false 0
[    16.75 ] D: createSelectedPoints 0 -1
[    16.75 ] D: _currentMouseY 375 96 409 60 QSizeF(6, 0)
[    16.76 ] D: mouseMove2
[    16.76 ] D: _automationChanging true
[    16.76 ] D: _currentMouseY 376 96 409 60 QSizeF(1, 0)
[    16.76 ] D: mouseMove2
[    16.76 ] D: _automationChanging true
[    16.76 ] D: _currentMouseY 378 96 409 60 QSizeF(2, 0)
[    16.76 ] D: mouseMove2
[    16.76 ] D: _automationChanging true
[    16.76 ] D: _currentMouseY 379 96 409 60 QSizeF(1, 0)
[    16.76 ] D: mouseMove2
[    16.77 ] D: _pointActive2 false 0
[    16.77 ] D: _automationChanging true
[    16.77 ] D: createSelectedPoints 0 -1
[    16.77 ] D: _currentMouseY 382 96 409 60 QSizeF(3, 0)
[    16.77 ] D: mouseMove2
[    16.77 ] D: _automationChanging true
[    16.77 ] D: _currentMouseY 383 96 409 60 QSizeF(1, 0)
[    16.77 ] D: mouseMove2
[    16.78 ] D: _pointActive2 false 0
[    16.78 ] D: createSelectedPoints 0 -1
[    16.78 ] D: _automationChanging true
[    16.79 ] D: _currentMouseY 386 96 409 60 QSizeF(3, 0)
[    16.79 ] D: mouseMove2
[    16.79 ] D: _automationChanging true
[    16.79 ] D: _currentMouseY 390 96 409 60 QSizeF(4, 0)
[    16.79 ] D: mouseMove2
[    16.80 ] D: _automationChanging true
[    16.80 ] D: _pointActive2 false 0
[    16.80 ] D: createSelectedPoints 0 -1
[    16.80 ] D: _currentMouseY 391 96 409 60 QSizeF(1, 0)
[    16.80 ] D: mouseMove2
[    16.80 ] D: _automationChanging true
[    16.81 ] D: _currentMouseY 394 96 409 60 QSizeF(3, 0)
[    16.81 ] D: mouseMove2
[    16.81 ] D: _automationChanging true
[    16.81 ] D: _currentMouseY 395 96 409 60 QSizeF(1, 0)
[    16.81 ] D: mouseMove2
[    16.82 ] D: _pointActive2 false 0
[    16.82 ] D: _automationChanging true
[    16.82 ] D: createSelectedPoints 0 -1
[    16.82 ] D: _currentMouseY 398 96 409 60 QSizeF(3, 0)
[    16.82 ] D: mouseMove2
[    16.82 ] D: _automationChanging true
[    16.82 ] D: _currentMouseY 399 96 409 60 QSizeF(1, 0)
[    16.82 ] D: mouseMove2
[    16.83 ] D: _pointActive2 false 0
[    16.83 ] D: createSelectedPoints 0 -1
[    16.83 ] D: _automationChanging true
[    16.84 ] D: _currentMouseY 401 96 409 60 QSizeF(2, 0)
[    16.84 ] D: mouseMove2
[    16.85 ] D: _pointActive2 false 0
[    16.85 ] D: createSelectedPoints 0 -1
[    16.85 ] D: _automationChanging true
[    16.85 ] D: _currentMouseY 401 96 409 60 QSizeF(0, 0)
[    16.85 ] D: mouseMove2
[    16.86 ] D: _automationChanging true
[    16.86 ] D: _currentMouseY 402 96 409 60 QSizeF(1, 0)
[    16.86 ] D: mouseMove2
[    16.87 ] D: _pointActive2 false 0
[    16.87 ] D: _automationChanging true
[    16.87 ] D: createSelectedPoints 0 -1
[    16.87 ] D: _currentMouseY 402 96 409 60 QSizeF(0, 0)
[    16.87 ] D: mouseMove2
[    16.87 ] D: _automationChanging true
[    16.87 ] D: _currentMouseY 403 96 409 60 QSizeF(1, 0)
[    16.87 ] D: mouseMove2
[    16.88 ] D: _pointActive2 false 0
[    16.88 ] D: createSelectedPoints 0 -1
[    16.89 ] D: _automationChanging true
[    16.89 ] D: _currentMouseY 403 96 409 60 QSizeF(0, 0)
[    16.89 ] D: mouseMove2
[    16.90 ] D: _pointActive2 false 0
[    16.90 ] D: createSelectedPoints 0 -1
[    17.06 ] D: _automationChanging true
[    17.06 ] D: _currentMouseY 402 96 409 60 QSizeF(-1, 0)
[    17.06 ] D: mouseMove2
[    17.07 ] D: _pointActive2 false 0
[    17.07 ] D: createSelectedPoints 0 -1
[    17.07 ] D: _automationChanging true
[    17.07 ] D: _currentMouseY 400 96 409 60 QSizeF(-2, 0)
[    17.07 ] D: mouseMove2
[    17.08 ] D: _automationChanging true
[    17.08 ] D: _pointActive2 false 0
[    17.08 ] D: createSelectedPoints 0 -1
[    17.08 ] D: _currentMouseY 399 96 409 60 QSizeF(-1, 0)
[    17.09 ] D: mouseMove2
[    17.09 ] D: _automationChanging true
[    17.09 ] D: _currentMouseY 396 96 409 60 QSizeF(-3, 0)
[    17.09 ] D: mouseMove2
[    17.09 ] D: _automationChanging true
[    17.09 ] D: _currentMouseY 392 96 409 60 QSizeF(-4, 0)
[    17.09 ] D: mouseMove2
[    17.10 ] D: _automationChanging true
[    17.10 ] D: _pointActive2 false 0
[    17.10 ] D: createSelectedPoints 0 -1
[    17.10 ] D: _currentMouseY 391 96 409 60 QSizeF(-1, 0)
[    17.10 ] D: mouseMove2
[    17.10 ] D: _automationChanging true
[    17.10 ] D: _currentMouseY 388 96 409 60 QSizeF(-3, 0)
[    17.11 ] D: mouseMove2
[    17.12 ] D: _automationChanging true
[    17.12 ] D: _pointActive2 false 0
[    17.12 ] D: createSelectedPoints 0 -1
[    17.12 ] D: _currentMouseY 387 96 409 60 QSizeF(-1, 0)
[    17.12 ] D: mouseMove2
[    17.13 ] D: _pointActive2 false 0
[    17.13 ] D: _automationChanging true
[    17.13 ] D: createSelectedPoints 0 -1
[    17.14 ] D: _currentMouseY 385 96 409 60 QSizeF(-2, 0)
[    17.14 ] D: mouseMove2
[    17.14 ] D: _automationChanging true
[    17.14 ] D: _currentMouseY 384 96 409 60 QSizeF(-1, 0)
[    17.14 ] D: mouseMove2
[    17.15 ] D: _pointActive2 false 0
[    17.15 ] D: createSelectedPoints 0 -1
[    17.15 ] D: _automationChanging true
[    17.15 ] D: _currentMouseY 384 96 409 60 QSizeF(0, 0)
[    17.15 ] D: mouseMove2
[    17.15 ] D: _automationChanging true
[    17.16 ] D: _currentMouseY 383 96 409 60 QSizeF(-1, 0)
[    17.16 ] D: mouseMove2
[    17.17 ] D: _pointActive2 false 0
[    17.17 ] D: createSelectedPoints 0 -1
[    17.17 ] D: _automationChanging true
[    17.17 ] D: _currentMouseY 383 96 409 60 QSizeF(0, 0)
[    17.17 ] D: mouseMove2
[    17.18 ] D: _pointActive2 false 0
[    17.18 ] D: createSelectedPoints 0 -1
[    17.42 ] D: createSelectedPoints 0 -1
[    24.89 ] W: qrc:/TrackPanels/Audio/Automation/Automation.qml:0: ReferenceError: theme is not defined
[    25.92 ] D: findTrackIndexByPoint 0 QRect(0,0 1707x111) true QPointF(318,66)
[    25.94 ] D: p1 QRect(0,27 1707x81) 17666.7 0.481481 66
[    25.94 ] D: p2 QRect(0,27 1707x81) 17666.7 0.481481
[    25.94 ] D: p1 QRect(0,27 1707x81) 17666.7 0.481481 66
[    26.07 ] D: p1 QRect(0,27 1707x81) 17611.1 0.481481 66
[    26.07 ] D: p2 QRect(0,27 1707x81) 17611.1 0.481481
[    26.07 ] D: p1 QRect(0,27 1707x81) 17611.1 0.481481 66
[    26.07 ] D: p1 QRect(0,27 1707x81) 17611.1 0.481481 66
[    26.08 ] D: p1 QRect(0,27 1707x81) 17555.6 0.481481 66
[    26.08 ] D: p2 QRect(0,27 1707x81) 17555.6 0.481481
[    26.08 ] D: p1 QRect(0,27 1707x81) 17555.6 0.481481 66
[    26.08 ] D: p1 QRect(0,27 1707x81) 17555.6 0.481481 66
[    26.17 ] D: p1 QRect(0,27 1707x81) 17500 0.493827 67
[    26.17 ] D: p2 QRect(0,27 1707x81) 17500 0.493827
[    26.17 ] D: p1 QRect(0,27 1707x81) 17500 0.493827 67
[    26.17 ] D: p1 QRect(0,27 1707x81) 17500 0.493827 67
[    26.18 ] D: p1 QRect(0,27 1707x81) 17333.3 0.530864 70
[    26.18 ] D: p2 QRect(0,27 1707x81) 17333.3 0.530864
[    26.18 ] D: p1 QRect(0,27 1707x81) 17333.3 0.530864 70
[    26.18 ] D: p1 QRect(0,27 1707x81) 17333.3 0.530864 70
[    26.20 ] D: p1 QRect(0,27 1707x81) 17111.1 0.54321 71
[    26.20 ] D: p2 QRect(0,27 1707x81) 17111.1 0.54321
[    26.20 ] D: p1 QRect(0,27 1707x81) 17111.1 0.54321 71
[    26.20 ] D: p1 QRect(0,27 1707x81) 17000 0.54321 71
[    26.22 ] D: p1 QRect(0,27 1707x81) 16944.4 0.54321 71
[    26.22 ] D: p2 QRect(0,27 1707x81) 16944.4 0.54321
[    26.22 ] D: p1 QRect(0,27 1707x81) 16944.4 0.54321 71
[    26.22 ] D: p1 QRect(0,27 1707x81) 16944.4 0.54321 71
[    26.24 ] D: p1 QRect(0,27 1707x81) 16944.4 0.54321 71
[    26.24 ] D: p2 QRect(0,27 1707x81) 16944.4 0.54321
[    26.24 ] D: p1 QRect(0,27 1707x81) 16944.4 0.54321 71
[    26.24 ] D: p1 QRect(0,27 1707x81) 16944.4 0.54321 71
[    26.37 ] D: p1 QRect(0,27 1707x81) 17111.1 0.54321 71
[    26.37 ] D: p2 QRect(0,27 1707x81) 17111.1 0.54321
[    26.37 ] D: p1 QRect(0,27 1707x81) 17277.8 0.54321 71
[    26.37 ] D: p1 QRect(0,27 1707x81) 17277.8 0.54321 71
[    26.39 ] D: p1 QRect(0,27 1707x81) 17388.9 0.54321 71
[    26.39 ] D: p2 QRect(0,27 1707x81) 17388.9 0.54321
[    26.39 ] D: p1 QRect(0,27 1707x81) 17611.1 0.54321 71
[    26.39 ] D: p1 QRect(0,27 1707x81) 17611.1 0.54321 71
[    26.40 ] D: p1 QRect(0,27 1707x81) 17777.8 0.54321 71
[    26.40 ] D: p1 QRect(0,27 1707x81) 17777.8 0.54321 71
[    26.40 ] D: p2 QRect(0,27 1707x81) 17777.8 0.54321
[    26.40 ] D: p1 QRect(0,27 1707x81) 17777.8 0.54321 71
[    26.42 ] D: p1 QRect(0,27 1707x81) 18222.2 0.54321 71
[    26.42 ] D: p1 QRect(0,27 1707x81) 18333.3 0.530864 70
[    26.42 ] D: p2 QRect(0,27 1707x81) 18333.3 0.530864
[    26.42 ] D: p1 QRect(0,27 1707x81) 18333.3 0.530864 70
[    26.43 ] D: p1 QRect(0,27 1707x81) 18333.3 0.530864 70
[    26.43 ] D: p1 QRect(0,27 1707x81) 18333.3 0.530864 70
[    26.43 ] D: p2 QRect(0,27 1707x81) 18333.3 0.530864
[    26.43 ] D: p1 QRect(0,27 1707x81) 18333.3 0.530864 70
[    26.60 ] D: p1 QRect(0,27 1707x81) 18222.2 0.530864 70
[    26.60 ] D: p1 QRect(0,27 1707x81) 18222.2 0.530864 70
[    26.60 ] D: p2 QRect(0,27 1707x81) 18222.2 0.530864
[    26.60 ] D: p1 QRect(0,27 1707x81) 18222.2 0.530864 70
[    26.62 ] D: p1 QRect(0,27 1707x81) 18166.7 0.530864 70
[    26.62 ] D: p1 QRect(0,27 1707x81) 18166.7 0.530864 70
[    26.62 ] D: p2 QRect(0,27 1707x81) 18166.7 0.530864
[    26.62 ] D: p1 QRect(0,27 1707x81) 18055.6 0.54321 71
[    26.64 ] D: p1 QRect(0,27 1707x81) 18055.6 0.54321 71
[    26.64 ] D: p1 QRect(0,27 1707x81) 18055.6 0.54321 71
[    26.64 ] D: p2 QRect(0,27 1707x81) 18055.6 0.54321
[    26.64 ] D: p1 QRect(0,27 1707x81) 18055.6 0.54321 71
[    26.65 ] D: p1 QRect(0,27 1707x81) 17944.4 0.54321 71
[    26.65 ] D: p1 QRect(0,27 1707x81) 17944.4 0.54321 71
[    26.65 ] D: p2 QRect(0,27 1707x81) 17944.4 0.54321
[    26.65 ] D: p1 QRect(0,27 1707x81) 17944.4 0.54321 71
[    26.68 ] D: p1 QRect(0,27 1707x81) 17833.3 0.54321 71
[    26.68 ] D: p1 QRect(0,27 1707x81) 17833.3 0.54321 71
[    26.68 ] D: p2 QRect(0,27 1707x81) 17833.3 0.54321
[    26.68 ] D: p1 QRect(0,27 1707x81) 17833.3 0.54321 71
[    26.70 ] D: p1 QRect(0,27 1707x81) 17777.8 0.54321 71
[    26.70 ] D: p1 QRect(0,27 1707x81) 17777.8 0.54321 71
[    26.70 ] D: p2 QRect(0,27 1707x81) 17777.8 0.54321
[    26.70 ] D: p1 QRect(0,27 1707x81) 17777.8 0.54321 71
[    26.72 ] D: p1 QRect(0,27 1707x81) 17722.2 0.54321 71
[    26.72 ] D: p1 QRect(0,27 1707x81) 17722.2 0.54321 71
[    26.72 ] D: p2 QRect(0,27 1707x81) 17722.2 0.54321
[    26.72 ] D: p1 QRect(0,27 1707x81) 17722.2 0.54321 71
[    27.05 ] D: findTrackIndexByPoint 0 QRect(0,0 1707x111) true QPointF(319,71)
[    27.07 ] D: p1 QRect(0,27 1707x81) 17722.2 0.54321 71
[    27.07 ] D: p1 QRect(0,27 1707x81) 17722.2 0.54321 71
[    27.07 ] D: p2 QRect(0,27 1707x81) 17722.2 0.54321
[    27.07 ] D: p1 QRect(0,27 1707x81) 17722.2 0.54321 71
[    27.11 ] D: _automationChanging false
[    27.11 ] D: mouseMove2
[    27.11 ] D: _automationChanging false
[    27.11 ] D: mouseMove2
[    27.12 ] D: _automationChanging false
[    27.12 ] D: mouseMove2
[    27.14 ] D: _automationChanging false
[    27.14 ] D: mouseMove2
[    27.14 ] D: _automationChanging false
[    27.14 ] D: mouseMove2
[    27.14 ] D: _automationChanging false
[    27.14 ] D: mouseMove2
[    27.15 ] D: _automationChanging false
[    27.15 ] D: mouseMove2
[    27.16 ] D: _automationChanging false
[    27.16 ] D: mouseMove2
[    27.16 ] D: _automationChanging false
[    27.16 ] D: mouseMove2
[    27.17 ] D: _automationChanging false
[    27.17 ] D: mouseMove2
[    27.17 ] D: _automationChanging false
[    27.17 ] D: mouseMove2
[    27.17 ] D: _automationChanging false
[    27.17 ] D: mouseMove2
[    27.19 ] D: _automationChanging false
[    27.19 ] D: mouseMove2
[    27.19 ] D: _automationChanging false
[    27.19 ] D: mouseMove2
[    27.20 ] D: _automationChanging false
[    27.20 ] D: mouseMove2
[    27.20 ] D: _automationChanging false
[    27.20 ] D: mouseMove2
[    27.22 ] D: _automationChanging false
[    27.22 ] D: mouseMove2
[    27.24 ] D: _automationChanging false
[    27.24 ] D: mouseMove2
[    27.25 ] D: _automationChanging false
[    27.25 ] D: mouseMove2
[    27.27 ] D: _automationChanging false
[    27.27 ] D: mouseMove2
[    27.27 ] D: _automationChanging false
[    27.27 ] D: mouseMove2
[    27.29 ] D: _automationChanging false
[    27.29 ] D: mouseMove2
[    27.30 ] D: _automationChanging false
[    27.30 ] D: mouseMove2
[    27.32 ] D: _automationChanging false
[    27.32 ] D: mouseMove2
[    27.32 ] D: _automationChanging false
[    27.32 ] D: mouseMove2
[    27.32 ] D: _automationChanging false
[    27.32 ] D: mouseMove2
[    27.34 ] D: _automationChanging false
[    27.34 ] D: mouseMove2
[    27.34 ] D: _automationChanging false
[    27.34 ] D: mouseMove2
[    27.34 ] D: _automationChanging false
[    27.34 ] D: mouseMove2
[    27.35 ] D: _automationChanging false
[    27.35 ] D: mouseMove2
[    27.35 ] D: _automationChanging false
[    27.35 ] D: mouseMove2
[    27.35 ] D: _automationChanging false
[    27.35 ] D: mouseMove2
[    27.36 ] D: _automationChanging false
[    27.36 ] D: mouseMove2
[    27.37 ] D: _automationChanging false
[    27.37 ] D: mouseMove2
[    27.37 ] D: _automationChanging false
[    27.37 ] D: mouseMove2
[    27.37 ] D: _automationChanging false
[    27.37 ] D: mouseMove2
[    27.37 ] D: _automationChanging false
[    27.37 ] D: mouseMove2
[    27.39 ] D: _automationChanging false
[    27.39 ] D: mouseMove2
[    27.39 ] D: _automationChanging false
[    27.39 ] D: mouseMove2
[    27.39 ] D: _automationChanging false
[    27.39 ] D: mouseMove2
[    27.40 ] D: _automationChanging false
[    27.40 ] D: mouseMove2
[    27.41 ] D: _automationChanging false
[    27.41 ] D: mouseMove2
[    27.42 ] D: _automationChanging false
[    27.42 ] D: mouseMove2
[    27.42 ] D: _automationChanging false
[    27.42 ] D: mouseMove2
[    27.42 ] D: _automationChanging false
[    27.42 ] D: mouseMove2
[    27.44 ] D: _automationChanging false
[    27.44 ] D: mouseMove2
[    27.44 ] D: _automationChanging false
[    27.44 ] D: mouseMove2
[    27.44 ] D: _automationChanging false
[    27.44 ] D: mouseMove2
[    27.45 ] D: _automationChanging false
[    27.45 ] D: mouseMove2
[    27.46 ] D: _automationChanging false
[    27.46 ] D: mouseMove2
[    27.46 ] D: _automationChanging false
[    27.46 ] D: mouseMove2
[    27.47 ] D: _automationChanging false
[    27.47 ] D: mouseMove2
[    27.47 ] D: _automationChanging false
[    27.47 ] D: mouseMove2
[    27.47 ] D: _automationChanging false
[    27.47 ] D: mouseMove2
[    27.47 ] D: _automationChanging false
[    27.47 ] D: mouseMove2
[    27.49 ] D: _automationChanging false
[    27.49 ] D: mouseMove2
[    27.49 ] D: _automationChanging false
[    27.49 ] D: mouseMove2
[    27.49 ] D: _automationChanging false
[    27.49 ] D: mouseMove2
[    27.50 ] D: _automationChanging false
[    27.50 ] D: mouseMove2
[    27.50 ] D: _automationChanging false
[    27.50 ] D: mouseMove2
[    27.52 ] D: _automationChanging false
[    27.52 ] D: mouseMove2
[    27.52 ] D: _automationChanging false
[    27.52 ] D: mouseMove2
[    27.52 ] D: _automationChanging false
[    27.52 ] D: mouseMove2
[    27.52 ] D: _automationChanging false
[    27.52 ] D: mouseMove2
[    27.54 ] D: _automationChanging false
[    27.54 ] D: mouseMove2
[    27.54 ] D: _automationChanging false
[    27.54 ] D: mouseMove2
[    27.54 ] D: _automationChanging false
[    27.54 ] D: mouseMove2
[    27.55 ] D: _automationChanging false
[    27.55 ] D: mouseMove2
[    27.55 ] D: _automationChanging false
[    27.55 ] D: mouseMove2
[    27.55 ] D: _automationChanging false
[    27.55 ] D: mouseMove2
[    27.57 ] D: _automationChanging false
[    27.57 ] D: mouseMove2
[    27.57 ] D: _automationChanging false
[    27.57 ] D: mouseMove2
[    27.57 ] D: _automationChanging false
[    27.57 ] D: mouseMove2
[    27.59 ] D: _automationChanging false
[    27.59 ] D: mouseMove2
[    27.60 ] D: _automationChanging false
[    27.60 ] D: mouseMove2
[    27.60 ] D: _automationChanging false
[    27.60 ] D: mouseMove2
[    27.60 ] D: _automationChanging false
[    27.60 ] D: mouseMove2
[    27.60 ] D: _automationChanging false
[    27.60 ] D: mouseMove2
[    27.61 ] D: _automationChanging false
[    27.61 ] D: mouseMove2
[    27.62 ] D: _automationChanging false
[    27.62 ] D: mouseMove2
[    27.62 ] D: _automationChanging false
[    27.62 ] D: mouseMove2
[    27.62 ] D: _automationChanging false
[    27.62 ] D: mouseMove2
[    27.62 ] D: _automationChanging false
[    27.62 ] D: mouseMove2
[    27.64 ] D: _automationChanging false
[    27.64 ] D: mouseMove2
[    27.64 ] D: _automationChanging false
[    27.64 ] D: mouseMove2
[    27.64 ] D: _automationChanging false
[    27.64 ] D: mouseMove2
[    27.65 ] D: _automationChanging false
[    27.65 ] D: mouseMove2
[    27.66 ] D: _automationChanging false
[    27.66 ] D: mouseMove2
[    27.67 ] D: _automationChanging false
[    27.67 ] D: mouseMove2
[    27.67 ] D: _automationChanging false
[    27.67 ] D: mouseMove2
[    27.68 ] D: _automationChanging false
[    27.69 ] D: mouseMove2
[    27.69 ] D: _automationChanging false
[    27.69 ] D: mouseMove2
[    27.70 ] D: _automationChanging false
[    27.70 ] D: mouseMove2
[    27.71 ] D: _automationChanging false
[    27.71 ] D: mouseMove2
[    27.71 ] D: _automationChanging false
[    27.71 ] D: mouseMove2
[    27.72 ] D: _automationChanging false
[    27.72 ] D: mouseMove2
[    27.72 ] D: _automationChanging false
[    27.72 ] D: mouseMove2
[    27.72 ] D: _automationChanging false
[    27.72 ] D: mouseMove2
[    27.74 ] D: _automationChanging false
[    27.74 ] D: mouseMove2
[    27.74 ] D: _automationChanging false
[    27.74 ] D: mouseMove2
[    27.74 ] D: _automationChanging false
[    27.74 ] D: mouseMove2
[    27.75 ] D: _automationChanging false
[    27.75 ] D: mouseMove2
[    27.75 ] D: _automationChanging false
[    27.75 ] D: mouseMove2
[    27.77 ] D: _automationChanging false
[    27.77 ] D: mouseMove2
[    27.77 ] D: _automationChanging false
[    27.77 ] D: mouseMove2
[    27.77 ] D: _automationChanging false
[    27.77 ] D: mouseMove2
[    27.77 ] D: _automationChanging false
[    27.77 ] D: mouseMove2
[    27.79 ] D: _automationChanging false
[    27.79 ] D: mouseMove2
[    27.79 ] D: _automationChanging false
[    27.79 ] D: mouseMove2
[    27.79 ] D: _automationChanging false
[    27.79 ] D: mouseMove2
[    27.80 ] D: _automationChanging false
[    27.80 ] D: mouseMove2
[    27.80 ] D: _automationChanging false
[    27.80 ] D: mouseMove2
[    27.82 ] D: _automationChanging false
[    27.82 ] D: mouseMove2
[    27.82 ] D: _automationChanging false
[    27.82 ] D: mouseMove2
[    27.82 ] D: _automationChanging false
[    27.82 ] D: mouseMove2
[    27.84 ] D: _automationChanging false
[    27.84 ] D: mouseMove2
[    27.85 ] D: _automationChanging false
[    27.85 ] D: mouseMove2
[    27.85 ] D: _automationChanging false
[    27.85 ] D: mouseMove2
[    27.85 ] D: _automationChanging false
[    27.85 ] D: mouseMove2
[    27.87 ] D: _automationChanging false
[    27.87 ] D: mouseMove2
[    27.89 ] D: _automationChanging false
[    27.89 ] D: mouseMove2
[    27.89 ] D: _automationChanging false
[    27.89 ] D: mouseMove2
[    27.90 ] D: _automationChanging false
[    27.90 ] D: mouseMove2
[    27.90 ] D: _automationChanging false
[    27.90 ] D: mouseMove2
[    27.91 ] D: _automationChanging false
[    27.91 ] D: mouseMove2
[    27.92 ] D: _automationChanging false
[    27.92 ] D: mouseMove2
[    27.92 ] D: _automationChanging false
[    27.92 ] D: mouseMove2
[    27.92 ] D: _automationChanging false
[    27.92 ] D: mouseMove2
[    27.94 ] D: _automationChanging false
[    27.94 ] D: mouseMove2
[    27.94 ] D: _automationChanging false
[    27.94 ] D: mouseMove2
[    27.94 ] D: _automationChanging false
[    27.94 ] D: mouseMove2
[    27.95 ] D: _automationChanging false
[    27.95 ] D: mouseMove2
[    27.96 ] D: _automationChanging false
[    27.96 ] D: mouseMove2
[    27.97 ] D: _automationChanging false
[    27.97 ] D: mouseMove2
[    27.97 ] D: _automationChanging false
[    27.97 ] D: mouseMove2
[    27.97 ] D: _automationChanging false
[    27.97 ] D: mouseMove2
[    27.99 ] D: _automationChanging false
[    27.99 ] D: mouseMove2
[    27.99 ] D: _automationChanging false
[    27.99 ] D: mouseMove2
[    28.01 ] D: _automationChanging false
[    28.01 ] D: mouseMove2
[    28.17 ] D: _automationChanging false
[    28.17 ] D: mouseMove2
[    28.17 ] D: _automationChanging false
[    28.17 ] D: mouseMove2
[    28.17 ] D: _automationChanging false
[    28.17 ] D: mouseMove2
[    28.18 ] D: _automationChanging false
[    28.19 ] D: mouseMove2
[    28.19 ] D: _automationChanging false
[    28.19 ] D: mouseMove2
[    28.19 ] D: _automationChanging false
[    28.19 ] D: mouseMove2
[    28.19 ] D: _automationChanging false
[    28.19 ] D: mouseMove2
[    28.20 ] D: _automationChanging false
[    28.20 ] D: mouseMove2
[    28.20 ] D: _automationChanging false
[    28.20 ] D: mouseMove2
[    28.20 ] D: _automationChanging false
[    28.20 ] D: mouseMove2
[    28.22 ] D: _automationChanging false
[    28.22 ] D: mouseMove2
[    28.22 ] D: _automationChanging false
[    28.22 ] D: mouseMove2
[    28.22 ] D: _automationChanging false
[    28.22 ] D: mouseMove2
[    28.22 ] D: _automationChanging false
[    28.22 ] D: mouseMove2
[    28.24 ] D: _automationChanging false
[    28.24 ] D: mouseMove2
[    28.24 ] D: _automationChanging false
[    28.24 ] D: mouseMove2
[    28.24 ] D: _automationChanging false
[    28.24 ] D: mouseMove2
[    28.24 ] D: _automationChanging false
[    28.24 ] D: mouseMove2
[    28.25 ] D: _automationChanging false
[    28.25 ] D: mouseMove2
[    28.25 ] D: _automationChanging false
[    28.25 ] D: mouseMove2
[    28.26 ] D: _automationChanging false
[    28.26 ] D: mouseMove2
[    28.27 ] D: _automationChanging false
[    28.27 ] D: mouseMove2
[    28.27 ] D: _automationChanging false
[    28.27 ] D: mouseMove2
[    28.27 ] D: _automationChanging false
[    28.27 ] D: mouseMove2
[    28.27 ] D: _automationChanging false
[    28.27 ] D: mouseMove2
[    28.29 ] D: _automationChanging false
[    28.29 ] D: mouseMove2
[    28.29 ] D: _automationChanging false
[    28.29 ] D: mouseMove2
[    28.29 ] D: _automationChanging false
[    28.29 ] D: mouseMove2
[    28.30 ] D: _automationChanging false
[    28.30 ] D: mouseMove2
[    28.30 ] D: _automationChanging false
[    28.30 ] D: mouseMove2
[    28.31 ] D: _automationChanging false
[    28.31 ] D: mouseMove2
[    28.32 ] D: _automationChanging false
[    28.32 ] D: mouseMove2
[    28.32 ] D: _automationChanging false
[    28.32 ] D: mouseMove2
[    28.32 ] D: _automationChanging false
[    28.32 ] D: mouseMove2
[    28.33 ] D: _automationChanging false
[    28.33 ] D: mouseMove2
[    28.34 ] D: _automationChanging false
[    28.34 ] D: mouseMove2
[    28.34 ] D: _automationChanging false
[    28.34 ] D: mouseMove2
[    28.35 ] D: _automationChanging false
[    28.35 ] D: mouseMove2
[    28.35 ] D: _automationChanging false
[    28.35 ] D: mouseMove2
[    28.36 ] D: _automationChanging false
[    28.36 ] D: mouseMove2
[    28.37 ] D: _automationChanging false
[    28.37 ] D: mouseMove2
[    28.37 ] D: _automationChanging false
[    28.37 ] D: mouseMove2
[    28.37 ] D: _automationChanging false
[    28.37 ] D: mouseMove2
[    28.39 ] D: _automationChanging false
[    28.39 ] D: mouseMove2
[    28.39 ] D: _automationChanging false
[    28.39 ] D: mouseMove2
[    28.39 ] D: _automationChanging false
[    28.39 ] D: mouseMove2
[    28.40 ] D: _automationChanging false
[    28.40 ] D: mouseMove2
[    28.40 ] D: _automationChanging false
[    28.40 ] D: mouseMove2
[    28.41 ] D: _automationChanging false
[    28.41 ] D: mouseMove2
[    28.42 ] D: _automationChanging false
[    28.42 ] D: mouseMove2
[    28.42 ] D: _automationChanging false
[    28.42 ] D: mouseMove2
[    28.42 ] D: _automationChanging false
[    28.42 ] D: mouseMove2
[    28.42 ] D: _automationChanging false
[    28.42 ] D: mouseMove2
[    28.42 ] D: _automationChanging false
[    28.42 ] D: mouseMove2
[    28.44 ] D: _automationChanging false
[    28.44 ] D: mouseMove2
[    28.44 ] D: _automationChanging false
[    28.44 ] D: mouseMove2
[    28.44 ] D: _automationChanging false
[    28.44 ] D: mouseMove2
[    28.44 ] D: _automationChanging false
[    28.44 ] D: mouseMove2
[    28.44 ] D: _automationChanging false
[    28.44 ] D: mouseMove2
[    28.45 ] D: _automationChanging false
[    28.45 ] D: mouseMove2
[    28.45 ] D: _automationChanging false
[    28.45 ] D: mouseMove2
[    28.46 ] D: _automationChanging false
[    28.46 ] D: mouseMove2
[    28.46 ] D: _automationChanging false
[    28.46 ] D: mouseMove2
[    28.47 ] D: _automationChanging false
[    28.47 ] D: mouseMove2
[    28.47 ] D: _automationChanging false
[    28.47 ] D: mouseMove2
[    28.47 ] D: _automationChanging false
[    28.47 ] D: mouseMove2
[    28.49 ] D: _automationChanging false
[    28.49 ] D: mouseMove2
[    28.49 ] D: _automationChanging false
[    28.49 ] D: mouseMove2
[    28.49 ] D: _automationChanging false
[    28.49 ] D: mouseMove2
[    28.50 ] D: _automationChanging false
[    28.50 ] D: mouseMove2
[    28.50 ] D: _automationChanging false
[    28.50 ] D: mouseMove2
[    28.51 ] D: _automationChanging false
[    28.51 ] D: mouseMove2
[    28.52 ] D: _automationChanging false
[    28.52 ] D: mouseMove2
[    28.52 ] D: _automationChanging false
[    28.52 ] D: mouseMove2
[    28.52 ] D: _automationChanging false
[    28.52 ] D: mouseMove2
[    28.52 ] D: _automationChanging false
[    28.52 ] D: mouseMove2
[    28.54 ] D: _automationChanging false
[    28.54 ] D: mouseMove2
[    28.54 ] D: _automationChanging false
[    28.54 ] D: mouseMove2
[    28.55 ] D: _automationChanging false
[    28.55 ] D: mouseMove2
[    28.56 ] D: _automationChanging false
[    28.56 ] D: mouseMove2
[    28.56 ] D: _automationChanging false
[    28.56 ] D: mouseMove2
[    28.57 ] D: _automationChanging false
[    28.57 ] D: mouseMove2
[    28.57 ] D: _automationChanging false
[    28.57 ] D: mouseMove2
[    28.57 ] D: _automationChanging false
[    28.57 ] D: mouseMove2
[    28.59 ] D: _automationChanging false
[    28.59 ] D: mouseMove2
[    28.59 ] D: _automationChanging false
[    28.59 ] D: mouseMove2
[    28.59 ] D: _automationChanging false
[    28.59 ] D: mouseMove2
[    28.60 ] D: _automationChanging false
[    28.60 ] D: mouseMove2
[    28.62 ] D: _automationChanging false
[    28.62 ] D: mouseMove2
[    28.62 ] D: _automationChanging false
[    28.62 ] D: mouseMove2
[    28.62 ] D: _automationChanging false
[    28.62 ] D: mouseMove2
[    28.65 ] D: _automationChanging false
[    28.65 ] D: mouseMove2
[    28.77 ] D: _automationChanging false
[    28.77 ] D: mouseMove2
[    28.78 ] D: _automationChanging false
[    28.79 ] D: mouseMove2
[    28.79 ] D: _automationChanging false
[    28.79 ] D: mouseMove2
[    28.80 ] D: _automationChanging false
[    28.80 ] D: mouseMove2
[    28.81 ] D: _automationChanging false
[    28.81 ] D: mouseMove2
[    28.82 ] D: _automationChanging false
[    28.82 ] D: mouseMove2
[    28.82 ] D: _automationChanging false
[    28.82 ] D: mouseMove2
[    28.83 ] D: _automationChanging false
[    28.84 ] D: mouseMove2
[    28.92 ] D: p1 QRect(0,27 1707x81) 14222.2 0.555556 72
[    28.92 ] D: p1 QRect(0,27 1707x81) 14222.2 0.555556 72
[    28.92 ] D: p2 QRect(0,27 1707x81) 14222.2 0.555556
[    28.92 ] D: p1 QRect(0,27 1707x81) 14222.2 0.555556 72
[    28.95 ] D: p1 QRect(0,27 1707x81) 14166.7 0.555556 72
[    28.95 ] D: p2 QRect(0,27 1707x81) 14166.7 0.555556
[    28.95 ] D: p1 QRect(0,27 1707x81) 14166.7 0.555556 72
[    28.95 ] D: p1 QRect(0,27 1707x81) 14166.7 0.555556 72
[    28.97 ] D: p1 QRect(0,27 1707x81) 14111.1 0.555556 72
[    28.97 ] D: p2 QRect(0,27 1707x81) 14111.1 0.555556
[    28.97 ] D: p1 QRect(0,27 1707x81) 14111.1 0.555556 72
[    28.97 ] D: p1 QRect(0,27 1707x81) 14111.1 0.555556 72
[    29.03 ] D: p1 QRect(0,27 1707x81) 14166.7 0.54321 71
[    29.03 ] D: p2 QRect(0,27 1707x81) 14166.7 0.54321
[    29.03 ] D: p1 QRect(0,27 1707x81) 14166.7 0.54321 71
[    29.03 ] D: p1 QRect(0,27 1707x81) 14166.7 0.54321 71
[    29.05 ] D: p1 QRect(0,27 1707x81) 14944.4 0.518519 69
[    29.05 ] D: p1 QRect(0,27 1707x81) 15722.2 0.518519 69
[    29.05 ] D: p2 QRect(0,27 1707x81) 15722.2 0.518519
[    29.05 ] D: p1 QRect(0,27 1707x81) 15722.2 0.518519 69
[    29.07 ] D: p1 QRect(0,27 1707x81) 16222.2 0.518519 69
[    29.07 ] D: p1 QRect(0,27 1707x81) 16222.2 0.518519 68
[    29.07 ] D: p2 QRect(0,27 1707x81) 16222.2 0.518519
[    29.07 ] D: p1 QRect(0,27 1707x81) 17166.7 0.506173 68
[    29.08 ] D: p1 QRect(0,27 1707x81) 17722.2 0.506173 68
[    29.08 ] D: p1 QRect(0,27 1707x81) 17722.2 0.506173 68
[    29.08 ] D: p2 QRect(0,27 1707x81) 17722.2 0.506173
[    29.09 ] D: p1 QRect(0,27 1707x81) 18944.4 0.506173 68
[    29.10 ] D: p1 QRect(0,27 1707x81) 19277.8 0.506173 68
[    29.10 ] D: p1 QRect(0,27 1707x81) 20444.4 0.506173 68
[    29.10 ] D: p2 QRect(0,27 1707x81) 20444.4 0.506173
[    29.10 ] D: p1 QRect(0,27 1707x81) 20444.4 0.506173 68
[    29.12 ] D: p1 QRect(0,27 1707x81) 20833.3 0.506173 68
[    29.12 ] D: p1 QRect(0,27 1707x81) 20833.3 0.506173 68
[    29.12 ] D: p2 QRect(0,27 1707x81) 20833.3 0.506173
[    29.12 ] D: p1 QRect(0,27 1707x81) 21777.8 0.506173 68
[    29.14 ] D: p1 QRect(0,27 1707x81) 22222.2 0.506173 68
[    29.14 ] D: p1 QRect(0,27 1707x81) 22222.2 0.506173 68
[    29.14 ] D: p2 QRect(0,27 1707x81) 22222.2 0.506173
[    29.14 ] D: p1 QRect(0,27 1707x81) 22833.3 0.506173 68
[    29.14 ] D: p2 QRect(0,27 1707x81) 22833.3 0.506173
[    29.15 ] D: p1 QRect(0,27 1707x81) 23055.6 0.518519 69
[    29.15 ] D: p1 QRect(0,27 1707x81) 23055.6 0.518519 69
[    29.15 ] D: p1 QRect(0,27 1707x81) 23055.6 0.518519 69
[    29.15 ] D: p2 QRect(0,27 1707x81) 23055.6 0.518519
[    29.17 ] D: p1 QRect(0,27 1707x81) 23388.9 0.518519 69
[    29.17 ] D: p1 QRect(0,27 1707x81) 23388.9 0.518519 69
[    29.17 ] D: p1 QRect(0,27 1707x81) 23388.9 0.518519 69
[    29.17 ] D: p2 QRect(0,27 1707x81) 23388.9 0.518519
[    29.18 ] D: p1 QRect(0,27 1707x81) 23444.4 0.518519 69
[    29.18 ] D: p1 QRect(0,27 1707x81) 23444.4 0.518519 69
[    29.18 ] D: p1 QRect(0,27 1707x81) 23444.4 0.518519 69
[    29.18 ] D: p2 QRect(0,27 1707x81) 23444.4 0.518519
[    29.40 ] D: p1 QRect(0,27 1707x81) 23277.8 0.518519 69
[    29.40 ] D: p1 QRect(0,27 1707x81) 23277.8 0.518519 69
[    29.40 ] D: p1 QRect(0,27 1707x81) 23277.8 0.518519 69
[    29.40 ] D: p2 QRect(0,27 1707x81) 23277.8 0.518519
[    29.42 ] D: p1 QRect(0,27 1707x81) 23222.2 0.518519 69
[    29.42 ] D: p1 QRect(0,27 1707x81) 23222.2 0.518519 69
[    29.42 ] D: p1 QRect(0,27 1707x81) 23222.2 0.518519 69
[    29.42 ] D: p2 QRect(0,27 1707x81) 23222.2 0.518519
