[     4.93 ] I: Log: Log file open in follow path at 1403/6/17 20:38:15 : C:\Users\AmirPasha\Desktop\Rpos\DAW-3\build2019\debug\Logs\Launch.log
[     4.93 ] I: The subsystem "class DGE::Core::IO::LogSystem::Logger" is registered successfully.
[     4.93 ] I: The subsystem "class DGE::Core::Windows::QtWindow" is registered successfully.
[     4.93 ] D: API version is: 4.60 ,shader version is: 4.60
[     4.93 ] I: The subsystem "class DGE::GFX::GCore::QtWrapper::QtRenderer" is registered successfully.
[     4.93 ] I: Current Render API is: 4.60
[     4.93 ] I: The subsystem "Renderer" is registered successfully.
[     4.93 ] I: The subsystem "class DGE::Core::Platforms::QtPlatform" is registered successfully.
[     4.93 ] I: The subsystem "Platform" is registered successfully.
[     4.93 ] I: The subsystem "class DGE::Core::IO::FileSystem::FileManager" is registered successfully.
[     4.93 ] I: The subsystem "class DGE::Core::CoreModule" is registered successfully.
[     4.93 ] I: The subsystem "class DGE::Core::Profiling::Profiler" is registered successfully.
[     4.93 ] I: The subsystem "class DGE::GFX::DrawablesManager" is registered successfully.
[     4.93 ] I: #version 460 core
#define GLES_Ver 460

[     4.93 ] I: The subsystem "class DGE::GFX::GraphicsManager" is registered successfully.
[     4.93 ] I: The subsystem "class DGE::GFX::GFXModule" is registered successfully.
[     5.01 ] D: Shader Compile successfully.
[     5.01 ] I: The subsystem "class DGE::Scene::ViewportManager" is registered successfully.
[     5.01 ] I: The subsystem "class DGE::Scene::SceneModule" is registered successfully.
[     5.01 ] I: The subsystem "class DGE::Managers::RenderManager" is registered successfully.
[     5.01 ] D: Engine Enabled
[     5.01 ] I: The subsystem "class DGE::Engine" is registered successfully.
[     5.01 ] D: Node with id 1 is added to Qt layer
[     5.01 ] D: Node with id 2460 is added to Qt layer
[     5.01 ] D: Node with id 2462 is added to Qt layer
[     5.02 ] D: Node with id 2464 is added to Qt layer
[     5.02 ] D: Node with id 2466 is added to Qt layer
[     5.02 ] D: Node with id 2468 is added to Qt layer
[     5.02 ] D: Node with id 2470 is added to Qt layer
[     5.02 ] D: Node with id 2472 is added to Qt layer
[     5.02 ] D: Node with id 2474 is added to Qt layer
[     5.02 ] D: Node with id 2476 is added to Qt layer
[     5.02 ] D: Node with id 2478 is added to Qt layer
[     5.02 ] D: Node with id 2480 is added to Qt layer
[     5.02 ] D: Node with id 2482 is added to Qt layer
[     5.02 ] D: Node with id 2484 is added to Qt layer
[     5.02 ] D: Node with id 2486 is added to Qt layer
[     5.02 ] D: Node with id 2487 is added to Qt layer
[     5.02 ] D: Node with id 2489 is added to Qt layer
[     5.02 ] D: Node with id 2491 is added to Qt layer
[     5.02 ] D: Node with id 3 is added to Qt layer
[     5.02 ] D: Node with id 2493 is added to Qt layer
[     5.02 ] S: New view-port registered with id: 1
[     5.02 ] S: New view-port registered with id: 2
[     5.02 ] S: New view-port registered with id: 3
[     5.02 ] S: New view-port registered with id: 4
[     5.02 ] S: New view-port registered with id: 5
[     5.02 ] S: New view-port registered with id: 6
[     5.13 ] D: Creating suitable QNanoBackend for OpenGL 4.6 context
[     5.13 ] D: Using backend: "OpenGL 3"
[     5.16 ] W: Floating point comparison needs context sanity check
[     5.16 ] D: QT onScaleChanged=  144
[     5.18 ] W: ShaderEffectSource: 'recursive' must be set to true when rendering recursively.
[     5.18 ] W: ShaderEffectSource: 'recursive' must be set to true when rendering recursively.
[     5.19 ] W: ShaderEffectSource: 'recursive' must be set to true when rendering recursively.
[     5.20 ] W: ShaderEffectSource: 'recursive' must be set to true when rendering recursively.
[     5.36 ] D: Engine Started.
[    57.29 ] D: _editController->getParameterCount() 13
[    57.30 ] D: defaultValue 1
[    57.30 ] D: defaultValue 0
[    57.30 ] D: defaultValue 0.5
[    57.30 ] D: defaultValue 0.5
[    57.30 ] D: defaultValue 0.5
[    57.30 ] D: defaultValue 0.365345
[    57.30 ] D: defaultValue 0
[    57.30 ] D: defaultValue 0.0416667
[    57.30 ] D: defaultValue 0
[    57.31 ] D: effectModel.controls VST3
[    57.31 ] D: ADDED 0 0 0
[    57.33 ] D: ADDED 1 0 0
[    57.33 ] D: ADDED 2 0 0
[    57.33 ] D: ADDED 3 0 0
[    57.35 ] D: ADDED
[    85.18 ] W: ShaderEffectSource: 'recursive' must be set to true when rendering recursively.
[   273.18 ] D: _editController->getParameterCount() 36
[   273.18 ] D: defaultValue 0.5
[   273.18 ] D: defaultValue 0.5
[   273.18 ] D: defaultValue 0.01
[   273.18 ] D: defaultValue 0
[   273.18 ] D: defaultValue 0.5
[   273.18 ] D: defaultValue 0.5
[   273.18 ] D: defaultValue 0.5
[   273.18 ] D: defaultValue 0
[   273.18 ] D: defaultValue 0.5
[   273.18 ] D: defaultValue 0.0204082
[   273.18 ] D: defaultValue 0
[   273.18 ] D: defaultValue 1
[   273.18 ] D: defaultValue 0
[   273.18 ] D: defaultValue 0.5
[   273.18 ] D: defaultValue 0.0416667
[   273.18 ] D: defaultValue 0
[   273.18 ] D: defaultValue 0
[   273.18 ] D: defaultValue 0.125
[   273.18 ] D: defaultValue 0
[   273.18 ] D: effectModel.controls VST3
[   273.18 ] D: ADDED 0 0 1
[   273.23 ] D: ADDED 1 0 1
[   273.23 ] D: ADDED 2 0 1
[   273.23 ] D: ADDED 3 0 1
[   273.23 ] D: ADDED
[   358.33 ] D: findTrackIndexByPoint 0 QRect(0,0 1707x111) true QPointF(131,105)
[   358.34 ] D: ACTIVE
[   358.34 ] D: ACTIVE
[   358.34 ] D: sltDataChagedFromView
[   358.35 ] D: createSelectedPoints 0 -1
[   358.43 ] D: ACTIVE
[   359.48 ] D: findTrackIndexByPoint 0 QRect(0,0 1707x111) true QPointF(185,103)
[   359.48 ] D: ACTIVE
[   359.49 ] D: ACTIVE
[   359.50 ] D: createSelectedPoints 0 -1
[   359.60 ] D: _pointActive1 false true false
[   359.60 ] D: ACTIVE
[   359.60 ] D: _pointActive2 false 0
[   359.60 ] D: createSelectedPoints 0 -1
[   359.68 ] D: _automationChanging true
[   359.68 ] D: ACTIVE
[   359.68 ] D: _currentMouseY 186 103 185 103 QSizeF(1, 0)
[   359.68 ] D: mouseMove2
[   359.68 ] D: _automationChanging true
[   359.68 ] D: ACTIVE
[   359.68 ] D: _currentMouseY 186 103 185 103 QSizeF(0, 0)
[   359.68 ] D: mouseMove2
[   359.69 ] D: _automationChanging true
[   359.69 ] D: _pointActive2 false 0
[   359.69 ] D: createSelectedPoints 0 -1
[   359.69 ] D: _pointActive2 false 0
[   359.69 ] D: createSelectedPoints 0 -1
[   359.69 ] D: ACTIVE
[   359.69 ] D: _currentMouseY 187 103 185 103 QSizeF(1, 0)
[   359.69 ] D: mouseMove2
[   359.69 ] D: _automationChanging true
[   359.69 ] D: ACTIVE
[   359.69 ] D: _currentMouseY 188 102 185 103 QSizeF(1, -1)
[   359.69 ] D: mouseMove2
[   359.70 ] D: _pointActive2 false 0
[   359.70 ] D: _automationChanging true
[   359.70 ] D: createSelectedPoints 0 -1
[   359.70 ] D: _pointActive2 false 0
[   359.70 ] D: createSelectedPoints 0 -1
[   359.70 ] D: ACTIVE
[   359.70 ] D: _currentMouseY 188 101 185 103 QSizeF(0, -1)
[   359.70 ] D: mouseMove2
[   359.70 ] D: _automationChanging true
[   359.70 ] D: ACTIVE
[   359.70 ] D: _currentMouseY 189 100 185 103 QSizeF(1, -1)
[   359.70 ] D: mouseMove2
[   359.70 ] D: _automationChanging true
[   359.70 ] D: ACTIVE
[   359.70 ] D: _currentMouseY 189 99 185 103 QSizeF(0, -1)
[   359.71 ] D: mouseMove2
[   359.72 ] D: _automationChanging true
[   359.72 ] D: _pointActive2 false 0
[   359.72 ] D: createSelectedPoints 0 -1
[   359.72 ] D: _pointActive2 false 0
[   359.72 ] D: createSelectedPoints 0 -1
[   359.72 ] D: ACTIVE
[   359.72 ] D: _currentMouseY 190 99 185 103 QSizeF(1, 0)
[   359.72 ] D: mouseMove2
[   359.72 ] D: _automationChanging true
[   359.72 ] D: ACTIVE
[   359.72 ] D: _currentMouseY 192 97 185 103 QSizeF(2, -2)
[   359.72 ] D: mouseMove2
[   359.73 ] D: _automationChanging true
[   359.73 ] D: _pointActive2 false 0
[   359.73 ] D: createSelectedPoints 0 -1
[   359.73 ] D: _pointActive2 false 0
[   359.73 ] D: createSelectedPoints 0 -1
[   359.73 ] D: ACTIVE
[   359.73 ] D: _currentMouseY 193 96 185 103 QSizeF(1, -1)
[   359.73 ] D: mouseMove2
[   359.74 ] D: _automationChanging true
[   359.74 ] D: ACTIVE
[   359.74 ] D: _currentMouseY 194 96 185 103 QSizeF(1, 0)
[   359.74 ] D: mouseMove2
[   359.75 ] D: _automationChanging true
[   359.75 ] D: _pointActive2 false 0
[   359.75 ] D: createSelectedPoints 0 -1
[   359.75 ] D: _pointActive2 false 0
[   359.75 ] D: createSelectedPoints 0 -1
[   359.75 ] D: ACTIVE
[   359.75 ] D: _currentMouseY 194 95 185 103 QSizeF(0, -1)
[   359.75 ] D: mouseMove2
[   359.75 ] D: _automationChanging true
[   359.75 ] D: ACTIVE
[   359.75 ] D: _currentMouseY 195 94 185 103 QSizeF(1, -1)
[   359.75 ] D: mouseMove2
[   359.76 ] D: _automationChanging true
[   359.76 ] D: ACTIVE
[   359.76 ] D: _currentMouseY 196 92 185 103 QSizeF(1, -2)
[   359.76 ] D: mouseMove2
[   359.77 ] D: _pointActive2 false 0
[   359.77 ] D: _automationChanging true
[   359.77 ] D: createSelectedPoints 0 -1
[   359.77 ] D: _pointActive2 false 0
[   359.77 ] D: createSelectedPoints 0 -1
[   359.77 ] D: ACTIVE
[   359.77 ] D: _currentMouseY 196 91 185 103 QSizeF(0, -1)
[   359.77 ] D: mouseMove2
[   359.77 ] D: _automationChanging true
[   359.77 ] D: ACTIVE
[   359.77 ] D: _currentMouseY 197 90 185 103 QSizeF(1, -1)
[   359.77 ] D: mouseMove2
[   359.78 ] D: _automationChanging true
[   359.78 ] D: _pointActive2 false 0
[   359.78 ] D: createSelectedPoints 0 -1
[   359.78 ] D: _pointActive2 false 0
[   359.78 ] D: createSelectedPoints 0 -1
[   359.78 ] D: ACTIVE
[   359.78 ] D: _currentMouseY 198 90 185 103 QSizeF(1, 0)
[   359.79 ] D: mouseMove2
[   359.79 ] D: _automationChanging true
[   359.79 ] D: ACTIVE
[   359.79 ] D: _currentMouseY 199 89 185 103 QSizeF(1, -1)
[   359.79 ] D: mouseMove2
[   359.80 ] D: _automationChanging true
[   359.80 ] D: _pointActive2 false 0
[   359.80 ] D: createSelectedPoints 0 -1
[   359.80 ] D: _pointActive2 false 0
[   359.80 ] D: createSelectedPoints 0 -1
[   359.80 ] D: ACTIVE
[   359.80 ] D: _currentMouseY 200 87 185 103 QSizeF(1, -2)
[   359.80 ] D: mouseMove2
[   359.80 ] D: _automationChanging true
[   359.80 ] D: ACTIVE
[   359.80 ] D: _currentMouseY 201 86 185 103 QSizeF(1, -1)
[   359.80 ] D: mouseMove2
[   359.82 ] D: _automationChanging true
[   359.82 ] D: _pointActive2 false 0
[   359.82 ] D: createSelectedPoints 0 -1
[   359.82 ] D: _pointActive2 false 0
[   359.82 ] D: createSelectedPoints 0 -1
[   359.82 ] D: ACTIVE
[   359.82 ] D: _currentMouseY 201 85 185 103 QSizeF(0, -1)
[   359.82 ] D: mouseMove2
[   359.82 ] D: _automationChanging true
[   359.82 ] D: ACTIVE
[   359.82 ] D: _currentMouseY 202 84 185 103 QSizeF(1, -1)
[   359.82 ] D: mouseMove2
[   359.83 ] D: _automationChanging true
[   359.83 ] D: ACTIVE
[   359.83 ] D: _currentMouseY 202 83 185 103 QSizeF(0, -1)
[   359.83 ] D: mouseMove2
[   359.83 ] D: _pointActive2 false 0
[   359.83 ] D: _automationChanging true
[   359.83 ] D: createSelectedPoints 0 -1
[   359.83 ] D: _pointActive2 false 0
[   359.83 ] D: createSelectedPoints 0 -1
[   359.83 ] D: ACTIVE
[   359.83 ] D: _currentMouseY 203 82 185 103 QSizeF(1, -1)
[   359.84 ] D: mouseMove2
[   359.85 ] D: _pointActive2 false 0
[   359.85 ] D: _automationChanging true
[   359.85 ] D: createSelectedPoints 0 -1
[   359.85 ] D: _pointActive2 false 0
[   359.85 ] D: createSelectedPoints 0 -1
[   359.85 ] D: ACTIVE
[   359.85 ] D: _currentMouseY 204 80 185 103 QSizeF(1, -2)
[   359.85 ] D: mouseMove2
[   359.86 ] D: _automationChanging true
[   359.86 ] D: ACTIVE
[   359.86 ] D: _currentMouseY 204 79 185 103 QSizeF(0, -1)
[   359.86 ] D: mouseMove2
[   359.87 ] D: _automationChanging true
[   359.87 ] D: _pointActive2 false 0
[   359.87 ] D: createSelectedPoints 0 -1
[   359.87 ] D: _pointActive2 false 0
[   359.87 ] D: createSelectedPoints 0 -1
[   359.87 ] D: ACTIVE
[   359.87 ] D: _currentMouseY 205 79 185 103 QSizeF(1, 0)
[   359.87 ] D: mouseMove2
[   359.87 ] D: _automationChanging true
[   359.87 ] D: ACTIVE
[   359.87 ] D: _currentMouseY 207 79 185 103 QSizeF(2, 0)
[   359.87 ] D: mouseMove2
[   359.88 ] D: _automationChanging true
[   359.88 ] D: ACTIVE
[   359.88 ] D: _currentMouseY 209 77 185 103 QSizeF(2, -2)
[   359.88 ] D: mouseMove2
[   359.88 ] D: _automationChanging true
[   359.88 ] D: ACTIVE
[   359.88 ] D: _currentMouseY 209 76 185 103 QSizeF(0, -1)
[   359.88 ] D: mouseMove2
[   359.88 ] D: _automationChanging true
[   359.88 ] D: _pointActive2 false 0
[   359.88 ] D: createSelectedPoints 0 -1
[   359.88 ] D: _pointActive2 false 0
[   359.88 ] D: createSelectedPoints 0 -1
[   359.89 ] D: ACTIVE
[   359.89 ] D: _currentMouseY 210 76 185 103 QSizeF(1, 0)
[   359.89 ] D: mouseMove2
[   359.89 ] D: _automationChanging true
[   359.89 ] D: ACTIVE
[   359.89 ] D: _currentMouseY 212 74 185 103 QSizeF(2, -2)
[   359.89 ] D: mouseMove2
[   359.90 ] D: _pointActive2 false 0
[   359.90 ] D: createSelectedPoints 0 -1
[   359.90 ] D: _pointActive2 false 0
[   359.90 ] D: createSelectedPoints 0 -1
[   359.90 ] D: _automationChanging true
[   359.90 ] D: ACTIVE
[   359.90 ] D: _currentMouseY 212 73 185 103 QSizeF(0, -1)
[   359.90 ] D: mouseMove2
[   359.90 ] D: _automationChanging true
[   359.90 ] D: ACTIVE
[   359.91 ] D: _currentMouseY 213 72 185 103 QSizeF(1, -1)
[   359.91 ] D: mouseMove2
[   359.92 ] D: _pointActive2 false 0
[   359.92 ] D: _automationChanging true
[   359.92 ] D: createSelectedPoints 0 -1
[   359.92 ] D: _pointActive2 false 0
[   359.92 ] D: createSelectedPoints 0 -1
[   359.92 ] D: ACTIVE
[   359.92 ] D: _currentMouseY 213 72 185 103 QSizeF(0, 0)
[   359.92 ] D: mouseMove2
[   359.92 ] D: _automationChanging true
[   359.92 ] D: ACTIVE
[   359.93 ] D: _currentMouseY 213 71 185 103 QSizeF(0, -1)
[   359.93 ] D: mouseMove2
[   359.93 ] D: _automationChanging true
[   359.93 ] D: _pointActive2 false 0
[   359.93 ] D: createSelectedPoints 0 -1
[   359.93 ] D: _pointActive2 false 0
[   359.93 ] D: createSelectedPoints 0 -1
[   359.93 ] D: ACTIVE
[   359.93 ] D: _currentMouseY 214 71 185 103 QSizeF(1, 0)
[   359.94 ] D: mouseMove2
[   359.94 ] D: _automationChanging true
[   359.94 ] D: ACTIVE
[   359.94 ] D: _currentMouseY 215 70 185 103 QSizeF(1, -1)
[   359.94 ] D: mouseMove2
[   359.95 ] D: _pointActive2 false 0
[   359.95 ] D: _automationChanging true
[   359.95 ] D: createSelectedPoints 0 -1
[   359.95 ] D: _pointActive2 false 0
[   359.95 ] D: createSelectedPoints 0 -1
[   359.95 ] D: ACTIVE
[   359.95 ] D: _currentMouseY 215 70 185 103 QSizeF(0, 0)
[   359.95 ] D: mouseMove2
[   359.95 ] D: _automationChanging true
[   359.95 ] D: ACTIVE
[   359.95 ] D: _currentMouseY 215 69 185 103 QSizeF(0, -1)
[   359.95 ] D: mouseMove2
[   359.97 ] D: _pointActive2 false 0
[   359.97 ] D: createSelectedPoints 0 -1
[   359.97 ] D: _pointActive2 false 0
[   359.97 ] D: createSelectedPoints 0 -1
[   359.97 ] D: _automationChanging true
[   359.97 ] D: ACTIVE
[   359.97 ] D: _currentMouseY 215 69 185 103 QSizeF(0, 0)
[   359.97 ] D: mouseMove2
[   359.98 ] D: _pointActive2 false 0
[   359.98 ] D: createSelectedPoints 0 -1
[   359.98 ] D: _pointActive2 false 0
[   359.98 ] D: createSelectedPoints 0 -1
[   361.38 ] D: _automationChanging true
[   361.38 ] D: ACTIVE
[   361.38 ] D: _currentMouseY 214 70 185 103 QSizeF(-1, 1)
[   361.39 ] D: mouseMove2
[   361.39 ] D: _automationChanging true
[   361.39 ] D: ACTIVE
[   361.39 ] D: _currentMouseY 214 71 185 103 QSizeF(0, 1)
[   361.39 ] D: mouseMove2
[   361.40 ] D: _pointActive2 false 0
[   361.40 ] D: createSelectedPoints 0 -1
[   361.40 ] D: _pointActive2 false 0
[   361.40 ] D: createSelectedPoints 0 -1
[   361.40 ] D: _automationChanging true
[   361.40 ] D: ACTIVE
[   361.40 ] D: _currentMouseY 213 71 185 103 QSizeF(-1, 0)
[   361.40 ] D: mouseMove2
[   361.42 ] D: _pointActive2 false 0
[   361.42 ] D: createSelectedPoints 0 -1
[   361.42 ] D: _pointActive2 false 0
[   361.42 ] D: createSelectedPoints 0 -1
[   361.42 ] D: _automationChanging true
[   361.42 ] D: ACTIVE
[   361.42 ] D: _currentMouseY 212 72 185 103 QSizeF(-1, 1)
[   361.42 ] D: mouseMove2
[   361.43 ] D: _pointActive2 false 0
[   361.43 ] D: createSelectedPoints 0 -1
[   361.43 ] D: _pointActive2 false 0
[   361.43 ] D: createSelectedPoints 0 -1
[   361.43 ] D: _automationChanging true
[   361.43 ] D: ACTIVE
[   361.43 ] D: _currentMouseY 212 72 185 103 QSizeF(0, 0)
[   361.43 ] D: mouseMove2
[   361.44 ] D: _automationChanging true
[   361.44 ] D: ACTIVE
[   361.44 ] D: _currentMouseY 212 73 185 103 QSizeF(0, 1)
[   361.44 ] D: mouseMove2
[   361.45 ] D: _pointActive2 false 0
[   361.45 ] D: _automationChanging true
[   361.45 ] D: createSelectedPoints 0 -1
[   361.45 ] D: _pointActive2 false 0
[   361.45 ] D: createSelectedPoints 0 -1
[   361.45 ] D: ACTIVE
[   361.45 ] D: _currentMouseY 212 73 185 103 QSizeF(0, 0)
[   361.45 ] D: mouseMove2
[   361.45 ] D: _automationChanging true
[   361.45 ] D: ACTIVE
[   361.45 ] D: _currentMouseY 211 73 185 103 QSizeF(-1, 0)
[   361.45 ] D: mouseMove2
[   361.47 ] D: _pointActive2 false 0
[   361.47 ] D: createSelectedPoints 0 -1
[   361.47 ] D: _pointActive2 false 0
[   361.47 ] D: createSelectedPoints 0 -1
[   361.47 ] D: _automationChanging true
[   361.47 ] D: ACTIVE
[   361.47 ] D: _currentMouseY 211 73 185 103 QSizeF(0, 0)
[   361.47 ] D: mouseMove2
[   361.48 ] D: _pointActive2 false 0
[   361.48 ] D: createSelectedPoints 0 -1
[   361.48 ] D: _pointActive2 false 0
[   361.48 ] D: createSelectedPoints 0 -1
[   362.97 ] D: _automationChanging true
[   362.97 ] D: ACTIVE
[   362.97 ] D: _currentMouseY 212 72 185 103 QSizeF(1, -1)
[   362.97 ] D: mouseMove2
[   362.98 ] D: _pointActive2 false 0
[   362.98 ] D: createSelectedPoints 0 -1
[   362.98 ] D: _automationChanging true
[   362.98 ] D: _pointActive2 false 0
[   362.98 ] D: createSelectedPoints 0 -1
[   362.98 ] D: ACTIVE
[   362.98 ] D: _currentMouseY 213 72 185 103 QSizeF(1, 0)
[   362.98 ] D: mouseMove2
[   362.98 ] D: _automationChanging true
[   362.98 ] D: ACTIVE
[   362.99 ] D: _currentMouseY 214 71 185 103 QSizeF(1, -1)
[   362.99 ] D: mouseMove2
[   362.99 ] D: _automationChanging true
[   362.99 ] D: ACTIVE
[   362.99 ] D: _currentMouseY 214 70 185 103 QSizeF(0, -1)
[   362.99 ] D: mouseMove2
[   363.00 ] D: _pointActive2 false 0
[   363.00 ] D: _automationChanging true
[   363.00 ] D: createSelectedPoints 0 -1
[   363.00 ] D: _pointActive2 false 0
[   363.00 ] D: createSelectedPoints 0 -1
[   363.00 ] D: ACTIVE
[   363.00 ] D: _currentMouseY 214 70 185 103 QSizeF(0, 0)
[   363.00 ] D: mouseMove2
[   363.02 ] D: _pointActive2 false 0
[   363.02 ] D: _automationChanging true
[   363.02 ] D: createSelectedPoints 0 -1
[   363.02 ] D: _pointActive2 false 0
[   363.02 ] D: createSelectedPoints 0 -1
[   363.02 ] D: ACTIVE
[   363.02 ] D: _currentMouseY 214 69 185 103 QSizeF(0, -1)
[   363.02 ] D: mouseMove2
[   363.02 ] D: _automationChanging true
[   363.02 ] D: ACTIVE
[   363.02 ] D: _currentMouseY 215 69 185 103 QSizeF(1, 0)
[   363.02 ] D: mouseMove2
[   363.03 ] D: _pointActive2 false 0
[   363.03 ] D: _automationChanging true
[   363.03 ] D: createSelectedPoints 0 -1
[   363.03 ] D: _pointActive2 false 0
[   363.03 ] D: createSelectedPoints 0 -1
[   363.03 ] D: ACTIVE
[   363.04 ] D: _currentMouseY 215 68 185 103 QSizeF(0, -1)
[   363.04 ] D: mouseMove2
[   363.05 ] D: _pointActive2 false 0
[   363.05 ] D: _automationChanging true
[   363.05 ] D: createSelectedPoints 0 -1
[   363.05 ] D: _pointActive2 false 0
[   363.05 ] D: createSelectedPoints 0 -1
[   363.05 ] D: ACTIVE
[   363.05 ] D: _currentMouseY 216 68 185 103 QSizeF(1, 0)
[   363.05 ] D: mouseMove2
[   363.07 ] D: _pointActive2 false 0
[   363.07 ] D: _automationChanging true
[   363.07 ] D: createSelectedPoints 0 -1
[   363.07 ] D: _pointActive2 false 0
[   363.07 ] D: createSelectedPoints 0 -1
[   363.07 ] D: ACTIVE
[   363.07 ] D: _currentMouseY 216 67 185 103 QSizeF(0, -1)
[   363.07 ] D: mouseMove2
[   363.08 ] D: _pointActive2 false 0
[   363.08 ] D: createSelectedPoints 0 -1
[   363.08 ] D: _automationChanging true
[   363.08 ] D: _pointActive2 false 0
[   363.08 ] D: createSelectedPoints 0 -1
[   363.08 ] D: ACTIVE
[   363.08 ] D: _currentMouseY 216 67 185 103 QSizeF(0, 0)
[   363.09 ] D: mouseMove2
[   363.10 ] D: _pointActive2 false 0
[   363.10 ] D: createSelectedPoints 0 -1
[   363.10 ] D: _pointActive2 false 0
[   363.10 ] D: createSelectedPoints 0 -1
[   363.20 ] D: _automationChanging true
[   363.20 ] D: ACTIVE
[   363.20 ] D: _currentMouseY 216 66 185 103 QSizeF(0, -1)
[   363.20 ] D: mouseMove2
[   363.20 ] D: _automationChanging true
[   363.20 ] D: ACTIVE
[   363.20 ] D: _currentMouseY 216 66 185 103 QSizeF(0, 0)
[   363.20 ] D: mouseMove2
[   363.22 ] D: _pointActive2 false 0
[   363.22 ] D: createSelectedPoints 0 -1
[   363.22 ] D: _pointActive2 false 0
[   363.22 ] D: createSelectedPoints 0 -1
[   363.23 ] D: _automationChanging true
[   363.23 ] D: ACTIVE
[   363.23 ] D: _currentMouseY 216 65 185 103 QSizeF(0, -1)
[   363.23 ] D: mouseMove2
[   363.23 ] D: _automationChanging true
[   363.23 ] D: ACTIVE
[   363.24 ] D: _currentMouseY 217 65 185 103 QSizeF(1, 0)
[   363.24 ] D: mouseMove2
[   363.25 ] D: _pointActive2 false 0
[   363.25 ] D: createSelectedPoints 0 -1
[   363.25 ] D: _pointActive2 false 0
[   363.25 ] D: createSelectedPoints 0 -1
[   363.27 ] D: _automationChanging true
[   363.27 ] D: ACTIVE
[   363.27 ] D: _currentMouseY 217 64 185 103 QSizeF(0, -1)
[   363.27 ] D: mouseMove2
[   363.27 ] D: _automationChanging true
[   363.27 ] D: ACTIVE
[   363.27 ] D: _currentMouseY 217 62 185 103 QSizeF(0, -2)
[   363.27 ] D: mouseMove2
[   363.27 ] D: _automationChanging true
[   363.27 ] D: ACTIVE
[   363.27 ] D: _currentMouseY 218 62 185 103 QSizeF(1, 0)
[   363.27 ] D: mouseMove2
[   363.28 ] D: _pointActive2 false 0
[   363.28 ] D: _automationChanging true
[   363.28 ] D: createSelectedPoints 0 -1
[   363.28 ] D: _pointActive2 false 0
[   363.28 ] D: createSelectedPoints 0 -1
[   363.28 ] D: ACTIVE
[   363.29 ] D: _currentMouseY 218 61 185 103 QSizeF(0, -1)
[   363.29 ] D: mouseMove2
[   363.30 ] D: _pointActive2 false 0
[   363.30 ] D: createSelectedPoints 0 -1
[   363.30 ] D: _automationChanging true
[   363.30 ] D: _pointActive2 false 0
[   363.30 ] D: createSelectedPoints 0 -1
[   363.30 ] D: ACTIVE
[   363.30 ] D: _currentMouseY 218 61 185 103 QSizeF(0, 0)
[   363.30 ] D: mouseMove2
[   363.32 ] D: _pointActive2 false 0
[   363.32 ] D: createSelectedPoints 0 -1
[   363.32 ] D: _pointActive2 false 0
[   363.32 ] D: createSelectedPoints 0 -1
[   363.42 ] D: _automationChanging true
[   363.42 ] D: ACTIVE
[   363.42 ] D: _currentMouseY 218 59 185 103 QSizeF(0, -2)
[   363.42 ] D: mouseMove2
[   363.42 ] D: _automationChanging true
[   363.42 ] D: ACTIVE
[   363.42 ] D: _currentMouseY 219 59 185 103 QSizeF(1, 0)
[   363.42 ] D: mouseMove2
[   363.42 ] D: _automationChanging true
[   363.42 ] D: ACTIVE
[   363.42 ] D: _currentMouseY 219 58 185 103 QSizeF(0, -1)
[   363.42 ] D: mouseMove2
[   363.43 ] D: _pointActive2 false 0
[   363.43 ] D: createSelectedPoints 0 -1
[   363.43 ] D: _pointActive2 false 0
[   363.43 ] D: createSelectedPoints 0 -1
[   363.43 ] D: _automationChanging true
[   363.43 ] D: ACTIVE
[   363.43 ] D: _currentMouseY 219 58 185 103 QSizeF(0, 0)
[   363.43 ] D: mouseMove2
[   363.44 ] D: _automationChanging true
[   363.44 ] D: ACTIVE
[   363.44 ] D: _currentMouseY 219 57 185 103 QSizeF(0, -1)
[   363.44 ] D: mouseMove2
[   363.45 ] D: _pointActive2 false 0
[   363.45 ] D: _automationChanging true
[   363.45 ] D: createSelectedPoints 0 -1
[   363.45 ] D: _pointActive2 false 0
[   363.45 ] D: createSelectedPoints 0 -1
[   363.45 ] D: ACTIVE
[   363.45 ] D: _currentMouseY 220 56 185 103 QSizeF(1, -1)
[   363.45 ] D: mouseMove2
[   363.45 ] D: _automationChanging true
[   363.45 ] D: ACTIVE
[   363.45 ] D: _currentMouseY 221 54 185 103 QSizeF(1, -2)
[   363.45 ] D: mouseMove2
[   363.47 ] D: _pointActive2 false 0
[   363.47 ] D: createSelectedPoints 0 -1
[   363.47 ] D: _pointActive2 false 0
[   363.47 ] D: createSelectedPoints 0 -1
[   363.47 ] D: _automationChanging true
[   363.47 ] D: ACTIVE
[   363.47 ] D: _currentMouseY 222 53 185 103 QSizeF(1, -1)
[   363.47 ] D: mouseMove2
[   363.47 ] D: _automationChanging true
[   363.47 ] D: ACTIVE
[   363.47 ] D: _currentMouseY 222 52 185 103 QSizeF(0, -1)
[   363.47 ] D: mouseMove2
[   363.48 ] D: _pointActive2 false 0
[   363.48 ] D: _automationChanging true
[   363.48 ] D: createSelectedPoints 0 -1
[   363.48 ] D: _pointActive2 false 0
[   363.48 ] D: createSelectedPoints 0 -1
[   363.48 ] D: ACTIVE
[   363.48 ] D: _currentMouseY 222 52 185 103 QSizeF(0, 0)
[   363.49 ] D: mouseMove2
[   363.49 ] D: _automationChanging true
[   363.49 ] D: ACTIVE
[   363.49 ] D: _currentMouseY 222 51 185 103 QSizeF(0, -1)
[   363.49 ] D: mouseMove2
[   363.50 ] D: _pointActive2 false 0
[   363.50 ] D: createSelectedPoints 0 -1
[   363.50 ] D: _pointActive2 false 0
[   363.50 ] D: createSelectedPoints 0 -1
[   363.52 ] D: _automationChanging true
[   363.52 ] D: ACTIVE
[   363.52 ] D: _currentMouseY 223 50 185 103 QSizeF(1, -1)
[   363.52 ] D: mouseMove2
[   363.53 ] D: _pointActive2 false 0
[   363.53 ] D: _automationChanging true
[   363.53 ] D: createSelectedPoints 0 -1
[   363.53 ] D: _pointActive2 false 0
[   363.53 ] D: createSelectedPoints 0 -1
[   363.53 ] D: ACTIVE
[   363.54 ] D: _currentMouseY 223 50 185 103 QSizeF(0, 0)
[   363.54 ] D: mouseMove2
[   363.55 ] D: _pointActive2 false 0
[   363.55 ] D: _automationChanging true
[   363.55 ] D: createSelectedPoints 0 -1
[   363.55 ] D: _pointActive2 false 0
[   363.55 ] D: createSelectedPoints 0 -1
[   363.55 ] D: ACTIVE
[   363.55 ] D: _currentMouseY 223 49 185 103 QSizeF(0, -1)
[   363.55 ] D: mouseMove2
[   363.57 ] D: _pointActive2 false 0
[   363.57 ] D: createSelectedPoints 0 -1
[   363.57 ] D: _pointActive2 false 0
[   363.57 ] D: createSelectedPoints 0 -1
[   363.60 ] D: _automationChanging true
[   363.60 ] D: ACTIVE
[   363.60 ] D: _currentMouseY 224 47 185 103 QSizeF(1, -2)
[   363.60 ] D: mouseMove2
[   363.62 ] D: _pointActive2 false 0
[   363.62 ] D: createSelectedPoints 0 -1
[   363.62 ] D: _pointActive2 false 0
[   363.62 ] D: createSelectedPoints 0 -1
[   363.62 ] D: _automationChanging true
[   363.62 ] D: ACTIVE
[   363.62 ] D: _currentMouseY 224 46 185 103 QSizeF(0, -1)
[   363.62 ] D: mouseMove2
[   363.62 ] D: _automationChanging true
[   363.62 ] D: ACTIVE
[   363.62 ] D: _currentMouseY 224 44 185 103 QSizeF(0, -2)
[   363.62 ] D: mouseMove2
[   363.63 ] D: _pointActive2 false 0
[   363.63 ] D: createSelectedPoints 0 -1
[   363.64 ] D: _pointActive2 false 0
[   363.64 ] D: createSelectedPoints 0 -1
[   363.64 ] D: _automationChanging true
[   363.64 ] D: ACTIVE
[   363.64 ] D: _currentMouseY 224 44 185 103 QSizeF(0, 0)
[   363.64 ] D: mouseMove2
[   363.64 ] D: _automationChanging true
[   363.64 ] D: ACTIVE
[   363.64 ] D: _currentMouseY 224 43 185 103 QSizeF(0, -1)
[   363.64 ] D: mouseMove2
[   363.65 ] D: _pointActive2 false 0
[   363.65 ] D: createSelectedPoints 0 -1
[   363.65 ] D: _pointActive2 false 0
[   363.65 ] D: createSelectedPoints 0 -1
[   363.65 ] D: _automationChanging true
[   363.65 ] D: ACTIVE
[   363.65 ] D: _currentMouseY 224 43 185 103 QSizeF(0, 0)
[   363.65 ] D: mouseMove2
[   363.65 ] D: _automationChanging true
[   363.65 ] D: ACTIVE
[   363.66 ] D: _currentMouseY 224 42 185 103 QSizeF(0, -1)
[   363.66 ] D: mouseMove2
[   363.67 ] D: _pointActive2 false 0
[   363.67 ] D: _automationChanging true
[   363.67 ] D: createSelectedPoints 0 -1
[   363.67 ] D: _pointActive2 false 0
[   363.67 ] D: createSelectedPoints 0 -1
[   363.67 ] D: ACTIVE
[   363.67 ] D: _currentMouseY 224 42 185 103 QSizeF(0, 0)
[   363.67 ] D: mouseMove2
[   363.67 ] D: _automationChanging true
[   363.67 ] D: ACTIVE
[   363.67 ] D: _currentMouseY 225 41 185 103 QSizeF(1, -1)
[   363.67 ] D: mouseMove2
[   363.68 ] D: _pointActive2 false 0
[   363.68 ] D: createSelectedPoints 0 -1
[   363.68 ] D: _pointActive2 false 0
[   363.68 ] D: createSelectedPoints 0 -1
[   363.68 ] D: _automationChanging true
[   363.68 ] D: ACTIVE
[   363.68 ] D: _currentMouseY 225 40 185 103 QSizeF(0, -1)
[   363.69 ] D: mouseMove2
[   363.70 ] D: _pointActive2 false 0
[   363.70 ] D: _automationChanging true
[   363.70 ] D: createSelectedPoints 0 -1
[   363.70 ] D: _pointActive2 false 0
[   363.70 ] D: createSelectedPoints 0 -1
[   363.70 ] D: ACTIVE
[   363.70 ] D: _currentMouseY 225 40 185 103 QSizeF(0, 0)
[   363.70 ] D: mouseMove2
[   363.70 ] D: _automationChanging true
[   363.70 ] D: ACTIVE
[   363.71 ] D: _currentMouseY 225 39 185 103 QSizeF(0, -1)
[   363.71 ] D: mouseMove2
[   363.72 ] D: _pointActive2 false 0
[   363.72 ] D: createSelectedPoints 0 -1
[   363.72 ] D: _pointActive2 false 0
[   363.72 ] D: createSelectedPoints 0 -1
[   363.72 ] D: _automationChanging true
[   363.72 ] D: ACTIVE
[   363.72 ] D: _currentMouseY 226 38 185 103 QSizeF(1, -1)
[   363.72 ] D: mouseMove2
[   363.73 ] D: _pointActive2 false 0
[   363.73 ] D: createSelectedPoints 0 -1
[   363.73 ] D: _automationChanging true
[   363.73 ] D: _pointActive2 false 0
[   363.73 ] D: createSelectedPoints 0 -1
[   363.73 ] D: ACTIVE
[   363.73 ] D: _currentMouseY 226 37 185 103 QSizeF(0, -1)
[   363.74 ] D: mouseMove2
[   363.75 ] D: _pointActive2 false 0
[   363.75 ] D: createSelectedPoints 0 -1
[   363.75 ] D: _pointActive2 false 0
[   363.75 ] D: createSelectedPoints 0 -1
[   363.76 ] D: _automationChanging true
[   363.76 ] D: ACTIVE
[   363.76 ] D: _currentMouseY 226 35 185 103 QSizeF(0, -2)
[   363.76 ] D: mouseMove2
[   363.77 ] D: _pointActive2 false 0
[   363.77 ] D: _automationChanging true
[   363.77 ] D: createSelectedPoints 0 -1
[   363.77 ] D: _pointActive2 false 0
[   363.77 ] D: createSelectedPoints 0 -1
[   363.77 ] D: ACTIVE
[   363.77 ] D: _currentMouseY 227 34 185 103 QSizeF(1, -1)
[   363.77 ] D: mouseMove2
[   363.78 ] D: _pointActive2 false 0
[   363.78 ] D: _automationChanging true
[   363.78 ] D: createSelectedPoints 0 -1
[   363.78 ] D: _pointActive2 false 0
[   363.78 ] D: createSelectedPoints 0 -1
[   363.79 ] D: ACTIVE
[   363.79 ] D: _currentMouseY 227 33 185 103 QSizeF(0, -1)
[   363.79 ] D: mouseMove2
[   363.80 ] D: _pointActive2 false 0
[   363.80 ] D: _automationChanging true
[   363.80 ] D: createSelectedPoints 0 -1
[   363.80 ] D: _pointActive2 false 0
[   363.80 ] D: createSelectedPoints 0 -1
[   363.80 ] D: ACTIVE
[   363.80 ] D: _currentMouseY 228 32 185 103 QSizeF(1, -1)
[   363.80 ] D: mouseMove2
[   363.82 ] D: _pointActive2 false 0
[   363.82 ] D: _automationChanging true
[   363.82 ] D: createSelectedPoints 0 -1
[   363.82 ] D: _pointActive2 false 0
[   363.82 ] D: createSelectedPoints 0 -1
[   363.82 ] D: ACTIVE
[   363.82 ] D: _currentMouseY 228 30 185 103 QSizeF(0, -2)
[   363.82 ] D: mouseMove2
[   363.82 ] D: _automationChanging true
[   363.82 ] D: ACTIVE
[   363.82 ] D: _currentMouseY 228 29 185 103 QSizeF(0, -1)
[   363.83 ] D: mouseMove2
[   363.83 ] D: _pointActive2 false 0
[   363.83 ] D: _automationChanging true
[   363.83 ] D: createSelectedPoints 0 -1
[   363.83 ] D: _pointActive2 false 0
[   363.83 ] D: createSelectedPoints 0 -1
[   363.83 ] D: ACTIVE
[   363.83 ] D: _currentMouseY 228 29 185 103 QSizeF(0, 0)
[   363.84 ] D: mouseMove2
[   363.84 ] D: _automationChanging true
[   363.84 ] D: ACTIVE
[   363.84 ] D: _currentMouseY 228 28 185 103 QSizeF(0, -1)
[   363.84 ] D: mouseMove2
[   363.84 ] D: _automationChanging true
[   363.84 ] D: ACTIVE
[   363.84 ] D: _currentMouseY 229 28 185 103 QSizeF(1, 0)
[   363.84 ] D: mouseMove2
[   363.85 ] D: _automationChanging true
[   363.85 ] D: _pointActive2 false 0
[   363.85 ] D: createSelectedPoints 0 -1
[   363.85 ] D: _pointActive2 false 0
[   363.85 ] D: createSelectedPoints 0 -1
[   363.85 ] D: ACTIVE
[   363.85 ] D: _currentMouseY 229 27 185 103 QSizeF(0, -1)
[   363.85 ] D: mouseMove2
[   363.87 ] D: _pointActive2 false 0
[   363.87 ] D: createSelectedPoints 0 -1
[   363.87 ] D: _pointActive2 false 0
[   363.87 ] D: createSelectedPoints 0 -1
[   363.87 ] D: _automationChanging true
[   363.87 ] D: ACTIVE
[   363.87 ] D: _currentMouseY 230 27 185 103 QSizeF(1, -2)
[   363.87 ] D: mouseMove2
[   363.88 ] D: _pointActive2 false 0
[   363.88 ] D: createSelectedPoints 0 -1
[   363.88 ] D: _pointActive2 false 0
[   363.88 ] D: createSelectedPoints 0 -1
[   363.89 ] D: _automationChanging true
[   363.89 ] D: ACTIVE
[   363.89 ] D: _currentMouseY 230 27 185 103 QSizeF(0, -1)
[   363.89 ] D: mouseMove2
[   363.90 ] D: _pointActive2 false 0
[   363.90 ] D: createSelectedPoints 0 -1
[   363.90 ] D: _pointActive2 false 0
[   363.90 ] D: createSelectedPoints 0 -1
[   363.90 ] D: _automationChanging true
[   363.90 ] D: ACTIVE
[   363.90 ] D: _currentMouseY 230 27 185 103 QSizeF(0, -2)
[   363.91 ] D: mouseMove2
[   363.92 ] D: _pointActive2 false 0
[   363.92 ] D: _automationChanging true
[   363.92 ] D: createSelectedPoints 0 -1
[   363.92 ] D: _pointActive2 false 0
[   363.92 ] D: createSelectedPoints 0 -1
[   363.92 ] D: ACTIVE
[   363.92 ] D: _currentMouseY 230 27 185 103 QSizeF(0, -1)
[   363.92 ] D: mouseMove2
[   363.92 ] D: _automationChanging true
[   363.92 ] D: ACTIVE
[   363.92 ] D: _currentMouseY 231 27 185 103 QSizeF(1, -1)
[   363.92 ] D: mouseMove2
[   363.92 ] D: _automationChanging true
[   363.92 ] D: ACTIVE
[   363.92 ] D: _currentMouseY 231 27 185 103 QSizeF(0, -1)
[   363.92 ] D: mouseMove2
[   363.93 ] D: _pointActive2 false 0
[   363.93 ] D: createSelectedPoints 0 -1
[   363.93 ] D: _pointActive2 false 0
[   363.93 ] D: createSelectedPoints 0 -1
[   363.94 ] D: _automationChanging true
[   363.94 ] D: ACTIVE
[   363.94 ] D: _currentMouseY 232 27 185 103 QSizeF(1, -1)
[   363.94 ] D: mouseMove2
[   363.95 ] D: _pointActive2 false 0
[   363.95 ] D: _automationChanging true
[   363.95 ] D: createSelectedPoints 0 -1
[   363.95 ] D: _pointActive2 false 0
[   363.95 ] D: createSelectedPoints 0 -1
[   363.95 ] D: ACTIVE
[   363.95 ] D: _currentMouseY 232 27 185 103 QSizeF(0, -1)
[   363.95 ] D: mouseMove2
[   363.97 ] D: _pointActive2 false 0
[   363.97 ] D: createSelectedPoints 0 -1
[   363.97 ] D: _pointActive2 false 0
[   363.97 ] D: createSelectedPoints 0 -1
[   363.97 ] D: _automationChanging true
[   363.97 ] D: ACTIVE
[   363.97 ] D: _currentMouseY 232 27 185 103 QSizeF(0, -2)
[   363.97 ] D: mouseMove2
[   363.98 ] D: _pointActive2 false 0
[   363.98 ] D: _automationChanging true
[   363.98 ] D: createSelectedPoints 0 -1
[   363.98 ] D: _pointActive2 false 0
[   363.98 ] D: createSelectedPoints 0 -1
[   363.98 ] D: ACTIVE
[   363.98 ] D: _currentMouseY 232 27 185 103 QSizeF(0, 0)
[   363.99 ] D: mouseMove2
[   363.99 ] D: _automationChanging true
[   363.99 ] D: ACTIVE
[   363.99 ] D: _currentMouseY 232 27 185 103 QSizeF(0, -1)
[   363.99 ] D: mouseMove2
[   364.00 ] D: _pointActive2 false 0
[   364.00 ] D: createSelectedPoints 0 -1
[   364.00 ] D: _pointActive2 false 0
[   364.00 ] D: createSelectedPoints 0 -1
[   364.00 ] D: _automationChanging true
[   364.00 ] D: ACTIVE
[   364.00 ] D: _currentMouseY 233 27 185 103 QSizeF(1, -1)
[   364.00 ] D: mouseMove2
[   364.02 ] D: _pointActive2 false 0
[   364.02 ] D: _automationChanging true
[   364.02 ] D: createSelectedPoints 0 -1
[   364.02 ] D: _pointActive2 false 0
[   364.02 ] D: createSelectedPoints 0 -1
[   364.02 ] D: ACTIVE
[   364.02 ] D: _currentMouseY 233 27 185 103 QSizeF(0, 0)
[   364.02 ] D: mouseMove2
[   364.03 ] D: _pointActive2 false 0
[   364.03 ] D: _automationChanging true
[   364.03 ] D: createSelectedPoints 0 -1
[   364.03 ] D: _pointActive2 false 0
[   364.03 ] D: createSelectedPoints 0 -1
[   364.03 ] D: ACTIVE
[   364.03 ] D: _currentMouseY 233 27 185 103 QSizeF(0, -1)
[   364.04 ] D: mouseMove2
[   364.05 ] D: _pointActive2 false 0
[   364.05 ] D: _automationChanging true
[   364.05 ] D: createSelectedPoints 0 -1
[   364.05 ] D: _pointActive2 false 0
[   364.05 ] D: createSelectedPoints 0 -1
[   364.05 ] D: ACTIVE
[   364.05 ] D: _currentMouseY 233 27 185 103 QSizeF(0, 0)
[   364.05 ] D: mouseMove2
[   364.07 ] D: _pointActive2 false 0
[   364.07 ] D: createSelectedPoints 0 -1
[   364.07 ] D: _pointActive2 false 0
[   364.07 ] D: createSelectedPoints 0 -1
[   364.10 ] D: _automationChanging true
[   364.10 ] D: ACTIVE
[   364.10 ] D: _currentMouseY 233 27 185 103 QSizeF(0, -1)
[   364.10 ] D: mouseMove2
[   364.12 ] D: _pointActive2 false 0
[   364.12 ] D: _automationChanging true
[   364.12 ] D: createSelectedPoints 0 -1
[   364.12 ] D: _pointActive2 false 0
[   364.12 ] D: createSelectedPoints 0 -1
[   364.12 ] D: ACTIVE
[   364.12 ] D: _currentMouseY 233 27 185 103 QSizeF(0, 0)
[   364.12 ] D: mouseMove2
[   364.13 ] D: _pointActive2 false 0
[   364.13 ] D: createSelectedPoints 0 -1
[   364.13 ] D: _pointActive2 false 0
[   364.13 ] D: createSelectedPoints 0 -1
[   364.49 ] D: _automationChanging true
[   364.49 ] D: ACTIVE
[   364.49 ] D: _currentMouseY 233 28 185 103 QSizeF(0, 1)
[   364.49 ] D: mouseMove2
[   364.50 ] D: _pointActive2 false 0
[   364.50 ] D: _automationChanging true
[   364.50 ] D: createSelectedPoints 0 -1
[   364.50 ] D: _pointActive2 false 0
[   364.50 ] D: createSelectedPoints 0 -1
[   364.50 ] D: ACTIVE
[   364.50 ] D: _currentMouseY 233 28 185 103 QSizeF(0, 0)
[   364.50 ] D: mouseMove2
[   364.50 ] D: _automationChanging true
[   364.50 ] D: ACTIVE
[   364.50 ] D: _currentMouseY 233 29 185 103 QSizeF(0, 1)
[   364.51 ] D: mouseMove2
[   364.52 ] D: _pointActive2 false 0
[   364.52 ] D: createSelectedPoints 0 -1
[   364.52 ] D: _pointActive2 false 0
[   364.52 ] D: createSelectedPoints 0 -1
[   364.52 ] D: _automationChanging true
[   364.52 ] D: ACTIVE
[   364.52 ] D: _currentMouseY 233 31 185 103 QSizeF(0, 2)
[   364.53 ] D: mouseMove2
[   364.53 ] D: _pointActive2 false 0
[   364.53 ] D: _automationChanging true
[   364.53 ] D: createSelectedPoints 0 -1
[   364.53 ] D: _pointActive2 false 0
[   364.53 ] D: createSelectedPoints 0 -1
[   364.53 ] D: ACTIVE
[   364.54 ] D: _currentMouseY 233 32 185 103 QSizeF(0, 1)
[   364.54 ] D: mouseMove2
[   364.55 ] D: _pointActive2 false 0
[   364.55 ] D: _automationChanging true
[   364.55 ] D: createSelectedPoints 0 -1
[   364.55 ] D: _pointActive2 false 0
[   364.55 ] D: createSelectedPoints 0 -1
[   364.55 ] D: ACTIVE
[   364.55 ] D: _currentMouseY 232 33 185 103 QSizeF(-1, 1)
[   364.55 ] D: mouseMove2
[   364.57 ] D: _automationChanging true
[   364.57 ] D: _pointActive2 false 0
[   364.57 ] D: createSelectedPoints 0 -1
[   364.57 ] D: _pointActive2 false 0
[   364.57 ] D: createSelectedPoints 0 -1
[   364.57 ] D: ACTIVE
[   364.57 ] D: _currentMouseY 232 34 185 103 QSizeF(0, 1)
[   364.57 ] D: mouseMove2
[   364.58 ] D: _automationChanging true
[   364.58 ] D: _pointActive2 false 0
[   364.58 ] D: createSelectedPoints 0 -1
[   364.58 ] D: _pointActive2 false 0
[   364.58 ] D: createSelectedPoints 0 -1
[   364.58 ] D: ACTIVE
[   364.58 ] D: _currentMouseY 232 36 185 103 QSizeF(0, 2)
[   364.59 ] D: mouseMove2
[   364.59 ] D: _automationChanging true
[   364.59 ] D: ACTIVE
[   364.59 ] D: _currentMouseY 231 37 185 103 QSizeF(-1, 1)
[   364.59 ] D: mouseMove2
[   364.60 ] D: _pointActive2 false 0
[   364.60 ] D: _automationChanging true
[   364.60 ] D: createSelectedPoints 0 -1
[   364.60 ] D: _pointActive2 false 0
[   364.60 ] D: createSelectedPoints 0 -1
[   364.60 ] D: ACTIVE
[   364.60 ] D: _currentMouseY 231 37 185 103 QSizeF(0, 0)
[   364.60 ] D: mouseMove2
[   364.62 ] D: _pointActive2 false 0
[   364.62 ] D: createSelectedPoints 0 -1
[   364.62 ] D: _pointActive2 false 0
[   364.62 ] D: createSelectedPoints 0 -1
[   364.62 ] D: _automationChanging true
[   364.62 ] D: ACTIVE
[   364.62 ] D: _currentMouseY 231 38 185 103 QSizeF(0, 1)
[   364.62 ] D: mouseMove2
[   364.63 ] D: _pointActive2 false 0
[   364.63 ] D: createSelectedPoints 0 -1
[   364.63 ] D: _pointActive2 false 0
[   364.63 ] D: createSelectedPoints 0 -1
[   364.64 ] D: _automationChanging true
[   364.64 ] D: ACTIVE
[   364.64 ] D: _currentMouseY 231 38 185 103 QSizeF(0, 0)
[   364.64 ] D: mouseMove2
[   364.65 ] D: _pointActive2 false 0
[   364.65 ] D: createSelectedPoints 0 -1
[   364.65 ] D: _pointActive2 false 0
[   364.65 ] D: createSelectedPoints 0 -1
[   364.65 ] D: _automationChanging true
[   364.65 ] D: ACTIVE
[   364.66 ] D: _currentMouseY 231 39 185 103 QSizeF(0, 1)
[   364.66 ] D: mouseMove2
[   364.67 ] D: _pointActive2 false 0
[   364.67 ] D: createSelectedPoints 0 -1
[   364.67 ] D: _pointActive2 false 0
[   364.67 ] D: createSelectedPoints 0 -1
[   364.67 ] D: _automationChanging true
[   364.67 ] D: ACTIVE
[   364.67 ] D: _currentMouseY 230 40 185 103 QSizeF(-1, 1)
[   364.67 ] D: mouseMove2
[   364.68 ] D: _automationChanging true
[   364.68 ] D: _pointActive2 false 0
[   364.68 ] D: createSelectedPoints 0 -1
[   364.68 ] D: _pointActive2 false 0
[   364.68 ] D: createSelectedPoints 0 -1
[   364.68 ] D: ACTIVE
[   364.68 ] D: _currentMouseY 230 41 185 103 QSizeF(0, 1)
[   364.69 ] D: mouseMove2
[   364.70 ] D: _pointActive2 false 0
[   364.70 ] D: _automationChanging true
[   364.70 ] D: createSelectedPoints 0 -1
[   364.70 ] D: _pointActive2 false 0
[   364.70 ] D: createSelectedPoints 0 -1
[   364.70 ] D: ACTIVE
[   364.70 ] D: _currentMouseY 229 42 185 103 QSizeF(-1, 1)
[   364.70 ] D: mouseMove2
[   364.71 ] D: _automationChanging true
[   364.71 ] D: ACTIVE
[   364.71 ] D: _currentMouseY 228 44 185 103 QSizeF(-1, 2)
[   364.71 ] D: mouseMove2
[   364.72 ] D: _automationChanging true
[   364.72 ] D: _pointActive2 false 0
[   364.72 ] D: createSelectedPoints 0 -1
[   364.72 ] D: _pointActive2 false 0
[   364.72 ] D: createSelectedPoints 0 -1
[   364.72 ] D: ACTIVE
[   364.72 ] D: _currentMouseY 228 45 185 103 QSizeF(0, 1)
[   364.72 ] D: mouseMove2
[   364.73 ] D: _pointActive2 false 0
[   364.73 ] D: createSelectedPoints 0 -1
[   364.73 ] D: _pointActive2 false 0
[   364.73 ] D: createSelectedPoints 0 -1
[   364.74 ] D: _automationChanging true
[   364.74 ] D: ACTIVE
[   364.74 ] D: _currentMouseY 227 47 185 103 QSizeF(-1, 2)
[   364.74 ] D: mouseMove2
[   364.75 ] D: _pointActive2 false 0
[   364.75 ] D: _automationChanging true
[   364.75 ] D: createSelectedPoints 0 -1
[   364.75 ] D: _pointActive2 false 0
[   364.75 ] D: createSelectedPoints 0 -1
[   364.75 ] D: ACTIVE
[   364.75 ] D: _currentMouseY 227 47 185 103 QSizeF(0, 0)
[   364.75 ] D: mouseMove2
[   364.77 ] D: _automationChanging true
[   364.77 ] D: _pointActive2 false 0
[   364.77 ] D: createSelectedPoints 0 -1
[   364.77 ] D: _pointActive2 false 0
[   364.77 ] D: createSelectedPoints 0 -1
[   364.77 ] D: ACTIVE
[   364.77 ] D: _currentMouseY 227 48 185 103 QSizeF(0, 1)
[   364.77 ] D: mouseMove2
[   364.78 ] D: _automationChanging true
[   364.78 ] D: _pointActive2 false 0
[   364.78 ] D: createSelectedPoints 0 -1
[   364.78 ] D: _pointActive2 false 0
[   364.78 ] D: createSelectedPoints 0 -1
[   364.78 ] D: ACTIVE
[   364.79 ] D: _currentMouseY 226 48 185 103 QSizeF(-1, 0)
[   364.79 ] D: mouseMove2
[   364.80 ] D: _pointActive2 false 0
[   364.80 ] D: createSelectedPoints 0 -1
[   364.80 ] D: _automationChanging true
[   364.80 ] D: _pointActive2 false 0
[   364.80 ] D: createSelectedPoints 0 -1
[   364.80 ] D: ACTIVE
[   364.80 ] D: _currentMouseY 226 48 185 103 QSizeF(0, 0)
[   364.80 ] D: mouseMove2
[   364.80 ] D: _automationChanging true
[   364.81 ] D: ACTIVE
[   364.81 ] D: _currentMouseY 226 49 185 103 QSizeF(0, 1)
[   364.81 ] D: mouseMove2
[   364.82 ] D: _pointActive2 false 0
[   364.82 ] D: _automationChanging true
[   364.82 ] D: createSelectedPoints 0 -1
[   364.82 ] D: _pointActive2 false 0
[   364.82 ] D: createSelectedPoints 0 -1
[   364.82 ] D: ACTIVE
[   364.82 ] D: _currentMouseY 226 49 185 103 QSizeF(0, 0)
[   364.82 ] D: mouseMove2
[   364.83 ] D: _pointActive2 false 0
[   364.83 ] D: _automationChanging true
[   364.83 ] D: createSelectedPoints 0 -1
[   364.83 ] D: _pointActive2 false 0
[   364.83 ] D: createSelectedPoints 0 -1
[   364.83 ] D: ACTIVE
[   364.83 ] D: _currentMouseY 226 50 185 103 QSizeF(0, 1)
[   364.84 ] D: mouseMove2
[   364.85 ] D: _pointActive2 false 0
[   364.85 ] D: createSelectedPoints 0 -1
[   364.85 ] D: _pointActive2 false 0
[   364.85 ] D: createSelectedPoints 0 -1
[   364.86 ] D: _automationChanging true
[   364.86 ] D: ACTIVE
[   364.86 ] D: _currentMouseY 226 52 185 103 QSizeF(0, 2)
[   364.86 ] D: mouseMove2
[   364.86 ] D: _automationChanging true
[   364.86 ] D: ACTIVE
[   364.87 ] D: _currentMouseY 226 52 185 103 QSizeF(0, 0)
[   364.87 ] D: mouseMove2
[   364.88 ] D: _automationChanging true
[   364.88 ] D: _pointActive2 false 0
[   364.88 ] D: createSelectedPoints 0 -1
[   364.88 ] D: _pointActive2 false 0
[   364.88 ] D: createSelectedPoints 0 -1
[   364.88 ] D: ACTIVE
[   364.89 ] D: _currentMouseY 225 52 185 103 QSizeF(-1, 0)
[   364.89 ] D: mouseMove2
[   364.90 ] D: _pointActive2 false 0
[   364.90 ] D: createSelectedPoints 0 -1
[   364.90 ] D: _pointActive2 false 0
[   364.90 ] D: createSelectedPoints 0 -1
[   364.90 ] D: _automationChanging true
[   364.90 ] D: ACTIVE
[   364.90 ] D: _currentMouseY 225 52 185 103 QSizeF(0, 0)
[   364.90 ] D: mouseMove2
[   364.92 ] D: _pointActive2 false 0
[   364.92 ] D: _automationChanging true
[   364.92 ] D: createSelectedPoints 0 -1
[   364.92 ] D: _pointActive2 false 0
[   364.92 ] D: createSelectedPoints 0 -1
[   364.92 ] D: ACTIVE
[   364.92 ] D: _currentMouseY 225 54 185 103 QSizeF(0, 2)
[   364.92 ] D: mouseMove2
[   364.93 ] D: _pointActive2 false 0
[   364.93 ] D: createSelectedPoints 0 -1
[   364.93 ] D: _pointActive2 false 0
[   364.93 ] D: createSelectedPoints 0 -1
[   364.93 ] D: _automationChanging true
[   364.93 ] D: ACTIVE
[   364.93 ] D: _currentMouseY 225 54 185 103 QSizeF(0, 0)
[   364.94 ] D: mouseMove2
[   364.95 ] D: _pointActive2 false 0
[   364.95 ] D: _automationChanging true
[   364.95 ] D: createSelectedPoints 0 -1
[   364.95 ] D: _pointActive2 false 0
[   364.95 ] D: createSelectedPoints 0 -1
[   364.95 ] D: ACTIVE
[   364.95 ] D: _currentMouseY 224 54 185 103 QSizeF(-1, 0)
[   364.95 ] D: mouseMove2
[   364.97 ] D: _pointActive2 false 0
[   364.97 ] D: createSelectedPoints 0 -1
[   364.97 ] D: _pointActive2 false 0
[   364.97 ] D: createSelectedPoints 0 -1
[   364.97 ] D: _automationChanging true
[   364.97 ] D: ACTIVE
[   364.97 ] D: _currentMouseY 224 54 185 103 QSizeF(0, 0)
[   364.97 ] D: mouseMove2
[   364.97 ] D: _automationChanging true
[   364.97 ] D: ACTIVE
[   364.97 ] D: _currentMouseY 224 55 185 103 QSizeF(0, 1)
[   364.97 ] D: mouseMove2
[   364.98 ] D: _pointActive2 false 0
[   364.98 ] D: _automationChanging true
[   364.98 ] D: createSelectedPoints 0 -1
[   364.98 ] D: _pointActive2 false 0
[   364.98 ] D: createSelectedPoints 0 -1
[   364.98 ] D: ACTIVE
[   364.98 ] D: _currentMouseY 224 55 185 103 QSizeF(0, 0)
[   364.99 ] D: mouseMove2
[   365.00 ] D: _pointActive2 false 0
[   365.00 ] D: createSelectedPoints 0 -1
[   365.00 ] D: _pointActive2 false 0
[   365.00 ] D: createSelectedPoints 0 -1
[   365.02 ] D: _automationChanging true
[   365.02 ] D: ACTIVE
[   365.02 ] D: _currentMouseY 224 56 185 103 QSizeF(0, 1)
[   365.02 ] D: mouseMove2
[   365.03 ] D: _pointActive2 false 0
[   365.03 ] D: _automationChanging true
[   365.03 ] D: createSelectedPoints 0 -1
[   365.03 ] D: _pointActive2 false 0
[   365.03 ] D: createSelectedPoints 0 -1
[   365.04 ] D: ACTIVE
[   365.04 ] D: _currentMouseY 224 56 185 103 QSizeF(0, 0)
[   365.04 ] D: mouseMove2
[   365.05 ] D: _pointActive2 false 0
[   365.05 ] D: _automationChanging true
[   365.05 ] D: createSelectedPoints 0 -1
[   365.05 ] D: _pointActive2 false 0
[   365.05 ] D: createSelectedPoints 0 -1
[   365.05 ] D: ACTIVE
[   365.05 ] D: _currentMouseY 224 57 185 103 QSizeF(0, 1)
[   365.05 ] D: mouseMove2
[   365.07 ] D: _pointActive2 false 0
[   365.07 ] D: createSelectedPoints 0 -1
[   365.07 ] D: _pointActive2 false 0
[   365.07 ] D: createSelectedPoints 0 -1
[   365.17 ] D: _automationChanging true
[   365.17 ] D: ACTIVE
[   365.17 ] D: _currentMouseY 224 59 185 103 QSizeF(0, 2)
[   365.17 ] D: mouseMove2
[   365.18 ] D: _pointActive2 false 0
[   365.18 ] D: createSelectedPoints 0 -1
[   365.18 ] D: _pointActive2 false 0
[   365.18 ] D: createSelectedPoints 0 -1
[   365.18 ] D: _automationChanging true
[   365.18 ] D: ACTIVE
[   365.18 ] D: _currentMouseY 224 59 185 103 QSizeF(0, 0)
[   365.19 ] D: mouseMove2
[   365.20 ] D: _automationChanging true
[   365.20 ] D: _pointActive2 false 0
[   365.20 ] D: createSelectedPoints 0 -1
[   365.20 ] D: _pointActive2 false 0
[   365.20 ] D: createSelectedPoints 0 -1
[   365.20 ] D: ACTIVE
[   365.20 ] D: _currentMouseY 224 60 185 103 QSizeF(0, 1)
[   365.20 ] D: mouseMove2
[   365.22 ] D: _pointActive2 false 0
[   365.22 ] D: createSelectedPoints 0 -1
[   365.22 ] D: _pointActive2 false 0
[   365.22 ] D: createSelectedPoints 0 -1
[   365.22 ] D: _automationChanging true
[   365.22 ] D: ACTIVE
[   365.22 ] D: _currentMouseY 224 60 185 103 QSizeF(0, 0)
[   365.22 ] D: mouseMove2
[   365.23 ] D: _pointActive2 false 0
[   365.23 ] D: createSelectedPoints 0 -1
[   365.23 ] D: _pointActive2 false 0
[   365.23 ] D: createSelectedPoints 0 -1
[   365.23 ] D: _automationChanging true
[   365.23 ] D: ACTIVE
[   365.24 ] D: _currentMouseY 224 61 185 103 QSizeF(0, 1)
[   365.24 ] D: mouseMove2
[   365.25 ] D: _pointActive2 false 0
[   365.25 ] D: createSelectedPoints 0 -1
[   365.25 ] D: _pointActive2 false 0
[   365.25 ] D: createSelectedPoints 0 -1
[   365.27 ] D: _automationChanging true
[   365.27 ] D: ACTIVE
[   365.27 ] D: _currentMouseY 224 63 185 103 QSizeF(0, 2)
[   365.27 ] D: mouseMove2
[   365.28 ] D: _pointActive2 false 0
[   365.28 ] D: _automationChanging true
[   365.28 ] D: createSelectedPoints 0 -1
[   365.28 ] D: _pointActive2 false 0
[   365.28 ] D: createSelectedPoints 0 -1
[   365.28 ] D: ACTIVE
[   365.29 ] D: _currentMouseY 224 63 185 103 QSizeF(0, 0)
[   365.29 ] D: mouseMove2
[   365.30 ] D: _pointActive2 false 0
[   365.30 ] D: _automationChanging true
[   365.30 ] D: createSelectedPoints 0 -1
[   365.30 ] D: _pointActive2 false 0
[   365.30 ] D: createSelectedPoints 0 -1
[   365.30 ] D: ACTIVE
[   365.30 ] D: _currentMouseY 224 64 185 103 QSizeF(0, 1)
[   365.30 ] D: mouseMove2
[   365.32 ] D: _pointActive2 false 0
[   365.32 ] D: createSelectedPoints 0 -1
[   365.32 ] D: _pointActive2 false 0
[   365.32 ] D: createSelectedPoints 0 -1
[   365.33 ] D: _automationChanging true
[   365.33 ] D: ACTIVE
[   365.33 ] D: _currentMouseY 224 66 185 103 QSizeF(0, 2)
[   365.33 ] D: mouseMove2
[   365.35 ] D: _pointActive2 false 0
[   365.35 ] D: _automationChanging true
[   365.35 ] D: createSelectedPoints 0 -1
[   365.35 ] D: _pointActive2 false 0
[   365.35 ] D: createSelectedPoints 0 -1
[   365.35 ] D: ACTIVE
[   365.35 ] D: _currentMouseY 224 67 185 103 QSizeF(0, 1)
[   365.35 ] D: mouseMove2
[   365.37 ] D: _pointActive2 false 0
[   365.37 ] D: createSelectedPoints 0 -1
[   365.37 ] D: _pointActive2 false 0
[   365.37 ] D: createSelectedPoints 0 -1
[   365.37 ] D: _automationChanging true
[   365.37 ] D: ACTIVE
[   365.37 ] D: _currentMouseY 224 67 185 103 QSizeF(0, 0)
[   365.37 ] D: mouseMove2
[   365.38 ] D: _pointActive2 false 0
[   365.38 ] D: createSelectedPoints 0 -1
[   365.38 ] D: _pointActive2 false 0
[   365.38 ] D: createSelectedPoints 0 -1
[   365.44 ] D: _automationChanging true
[   365.44 ] D: ACTIVE
[   365.44 ] D: _currentMouseY 224 68 185 103 QSizeF(0, 1)
[   365.44 ] D: mouseMove2
[   365.45 ] D: _pointActive2 false 0
[   365.45 ] D: createSelectedPoints 0 -1
[   365.45 ] D: _pointActive2 false 0
[   365.45 ] D: createSelectedPoints 0 -1
[   365.47 ] D: _automationChanging true
[   365.47 ] D: ACTIVE
[   365.47 ] D: _currentMouseY 224 68 185 103 QSizeF(0, 0)
[   365.47 ] D: mouseMove2
[   365.47 ] D: _automationChanging true
[   365.47 ] D: ACTIVE
[   365.47 ] D: _currentMouseY 224 69 185 103 QSizeF(0, 1)
[   365.47 ] D: mouseMove2
[   365.48 ] D: _pointActive2 false 0
[   365.48 ] D: createSelectedPoints 0 -1
[   365.48 ] D: _pointActive2 false 0
[   365.48 ] D: _automationChanging true
[   365.48 ] D: createSelectedPoints 0 -1
[   365.48 ] D: ACTIVE
[   365.48 ] D: _currentMouseY 224 69 185 103 QSizeF(0, 0)
[   365.49 ] D: mouseMove2
[   365.50 ] D: _pointActive2 false 0
[   365.50 ] D: createSelectedPoints 0 -1
[   365.50 ] D: _pointActive2 false 0
[   365.50 ] D: createSelectedPoints 0 -1
[   367.93 ] D: createSelectedPoints 0 -1
[   367.93 ] D: ACTIVE
[   381.45 ] D: findTrackIndexByPoint 0 QRect(0,0 1707x111) true QPointF(216,71)
[   381.45 ] D: ACTIVE
[   381.45 ] D: ACTIVE
[   381.47 ] D: createSelectedPoints 0 -1
[   381.57 ] D: _pointActive1 true false false
[   381.57 ] D: _pointActive2 false 0
[   381.57 ] D: createSelectedPoints 0 -1
[   381.57 ] D: _pointActive2 false 0
[   381.57 ] D: createSelectedPoints 0 -1
[   381.61 ] D: _automationChanging true
[   381.61 ] D: ACTIVE
[   381.61 ] D: _currentMouseY 217 71 216 71 QSizeF(1, 0)
[   381.61 ] D: mouseMove2
[   381.61 ] D: _automationChanging true
[   381.61 ] D: ACTIVE
[   381.61 ] D: _currentMouseY 217 70 216 71 QSizeF(0, -1)
[   381.61 ] D: mouseMove2
[   381.61 ] D: sltDataChagedFromView
[   381.63 ] D: _automationChanging true
[   381.63 ] D: _pointActive2 false 0
[   381.63 ] D: createSelectedPoints 0 -1
[   381.63 ] D: _pointActive2 false 0
[   381.63 ] D: createSelectedPoints 0 -1
[   381.64 ] D: ACTIVE
[   381.64 ] D: _currentMouseY 218 70 216 71 QSizeF(1, 0)
[   381.64 ] D: mouseMove2
[   381.65 ] D: _pointActive2 false 0
[   381.65 ] D: createSelectedPoints 0 -1
[   381.65 ] D: _pointActive2 false 0
[   381.65 ] D: createSelectedPoints 0 -1
[   381.65 ] D: _automationChanging true
[   381.65 ] D: ACTIVE
[   381.65 ] D: _currentMouseY 219 69 216 71 QSizeF(1, -1)
[   381.65 ] D: mouseMove2
[   381.65 ] D: _automationChanging true
[   381.65 ] D: ACTIVE
[   381.65 ] D: _currentMouseY 221 68 216 71 QSizeF(2, -1)
[   381.66 ] D: mouseMove2
[   381.67 ] D: _pointActive2 false 0
[   381.67 ] D: _automationChanging true
[   381.67 ] D: createSelectedPoints 0 -1
[   381.67 ] D: _pointActive2 false 0
[   381.67 ] D: createSelectedPoints 0 -1
[   381.67 ] D: ACTIVE
[   381.67 ] D: _currentMouseY 222 68 216 71 QSizeF(1, 0)
[   381.67 ] D: mouseMove2
[   381.67 ] D: _automationChanging true
[   381.67 ] D: ACTIVE
[   381.67 ] D: _currentMouseY 222 67 216 71 QSizeF(0, -1)
[   381.67 ] D: mouseMove2
[   381.68 ] D: _pointActive2 false 0
[   381.68 ] D: createSelectedPoints 0 -1
[   381.68 ] D: _pointActive2 false 0
[   381.69 ] D: createSelectedPoints 0 -1
[   381.69 ] D: _automationChanging true
[   381.69 ] D: ACTIVE
[   381.69 ] D: _currentMouseY 222 67 216 71 QSizeF(0, 0)
[   381.69 ] D: mouseMove2
[   381.70 ] D: _pointActive2 false 0
[   381.70 ] D: createSelectedPoints 0 -1
[   381.70 ] D: _pointActive2 false 0
[   381.70 ] D: createSelectedPoints 0 -1
[   381.84 ] D: _automationChanging true
[   381.84 ] D: ACTIVE
[   381.84 ] D: _currentMouseY 222 66 216 71 QSizeF(0, -1)
[   381.84 ] D: mouseMove2
[   381.85 ] D: _pointActive2 false 0
[   381.85 ] D: createSelectedPoints 0 -1
[   381.85 ] D: _automationChanging true
[   381.85 ] D: _pointActive2 false 0
[   381.85 ] D: createSelectedPoints 0 -1
[   381.85 ] D: ACTIVE
[   381.85 ] D: _currentMouseY 223 66 216 71 QSizeF(1, 0)
[   381.85 ] D: mouseMove2
[   381.87 ] D: _pointActive2 false 0
[   381.87 ] D: createSelectedPoints 0 -1
[   381.87 ] D: _pointActive2 false 0
[   381.87 ] D: createSelectedPoints 0 -1
[   381.87 ] D: _automationChanging true
[   381.87 ] D: ACTIVE
[   381.87 ] D: _currentMouseY 224 65 216 71 QSizeF(1, -1)
[   381.87 ] D: mouseMove2
[   381.89 ] D: _pointActive2 false 0
[   381.89 ] D: createSelectedPoints 0 -1
[   381.89 ] D: _pointActive2 false 0
[   381.89 ] D: createSelectedPoints 0 -1
[   381.90 ] D: _automationChanging true
[   381.90 ] D: ACTIVE
[   381.90 ] D: _currentMouseY 224 65 216 71 QSizeF(0, 0)
[   381.90 ] D: mouseMove2
[   381.92 ] D: _pointActive2 false 0
[   381.92 ] D: _automationChanging true
[   381.92 ] D: createSelectedPoints 0 -1
[   381.92 ] D: _pointActive2 false 0
[   381.92 ] D: createSelectedPoints 0 -1
[   381.92 ] D: ACTIVE
[   381.92 ] D: _currentMouseY 224 64 216 71 QSizeF(0, -1)
[   381.92 ] D: mouseMove2
[   381.92 ] D: _automationChanging true
[   381.92 ] D: ACTIVE
[   381.92 ] D: _currentMouseY 225 64 216 71 QSizeF(1, 0)
[   381.93 ] D: mouseMove2
[   381.93 ] D: _pointActive2 false 0
[   381.93 ] D: createSelectedPoints 0 -1
[   381.93 ] D: _pointActive2 false 0
[   381.93 ] D: createSelectedPoints 0 -1
[   381.94 ] D: _automationChanging true
[   381.94 ] D: ACTIVE
[   381.94 ] D: _currentMouseY 225 64 216 71 QSizeF(0, 0)
[   381.94 ] D: mouseMove2
[   381.95 ] D: _pointActive2 false 0
[   381.95 ] D: createSelectedPoints 0 -1
[   381.95 ] D: _pointActive2 false 0
[   381.95 ] D: createSelectedPoints 0 -1
[   381.95 ] D: _automationChanging true
[   381.95 ] D: ACTIVE
[   381.96 ] D: _currentMouseY 225 63 216 71 QSizeF(0, -1)
[   381.96 ] D: mouseMove2
[   381.97 ] D: _automationChanging true
[   381.97 ] D: _pointActive2 false 0
[   381.97 ] D: createSelectedPoints 0 -1
[   381.97 ] D: _pointActive2 false 0
[   381.97 ] D: createSelectedPoints 0 -1
[   381.97 ] D: ACTIVE
[   381.97 ] D: _currentMouseY 226 63 216 71 QSizeF(1, 0)
[   381.97 ] D: mouseMove2
[   381.98 ] D: _pointActive2 false 0
[   381.98 ] D: _automationChanging true
[   381.98 ] D: createSelectedPoints 0 -1
[   381.98 ] D: _pointActive2 false 0
[   381.98 ] D: createSelectedPoints 0 -1
[   381.99 ] D: ACTIVE
[   381.99 ] D: _currentMouseY 226 63 216 71 QSizeF(0, 0)
[   381.99 ] D: mouseMove2
[   382.00 ] D: _automationChanging true
[   382.00 ] D: _pointActive2 false 0
[   382.00 ] D: createSelectedPoints 0 -1
[   382.00 ] D: _pointActive2 false 0
[   382.00 ] D: createSelectedPoints 0 -1
[   382.00 ] D: ACTIVE
[   382.00 ] D: _currentMouseY 226 62 216 71 QSizeF(0, -1)
[   382.00 ] D: mouseMove2
[   382.02 ] D: _pointActive2 false 0
[   382.02 ] D: _automationChanging true
[   382.02 ] D: createSelectedPoints 0 -1
[   382.02 ] D: _pointActive2 false 0
[   382.02 ] D: createSelectedPoints 0 -1
[   382.02 ] D: ACTIVE
[   382.02 ] D: _currentMouseY 226 62 216 71 QSizeF(0, 0)
[   382.02 ] D: mouseMove2
[   382.02 ] D: _automationChanging true
[   382.02 ] D: ACTIVE
[   382.02 ] D: _currentMouseY 226 61 216 71 QSizeF(0, -1)
[   382.02 ] D: mouseMove2
[   382.04 ] D: _pointActive2 false 0
[   382.04 ] D: _automationChanging true
[   382.04 ] D: createSelectedPoints 0 -1
[   382.04 ] D: _pointActive2 false 0
[   382.04 ] D: createSelectedPoints 0 -1
[   382.04 ] D: ACTIVE
[   382.04 ] D: _currentMouseY 227 61 216 71 QSizeF(1, 0)
[   382.04 ] D: mouseMove2
[   382.05 ] D: _pointActive2 false 0
[   382.05 ] D: _automationChanging true
[   382.05 ] D: createSelectedPoints 0 -1
[   382.05 ] D: _pointActive2 false 0
[   382.05 ] D: createSelectedPoints 0 -1
[   382.05 ] D: ACTIVE
[   382.05 ] D: _currentMouseY 227 61 216 71 QSizeF(0, 0)
[   382.05 ] D: mouseMove2
[   382.07 ] D: _pointActive2 false 0
[   382.07 ] D: createSelectedPoints 0 -1
[   382.07 ] D: _pointActive2 false 0
[   382.07 ] D: createSelectedPoints 0 -1
[   382.15 ] D: _automationChanging true
[   382.15 ] D: ACTIVE
[   382.15 ] D: _currentMouseY 228 60 216 71 QSizeF(1, -1)
[   382.15 ] D: mouseMove2
[   382.17 ] D: _pointActive2 false 0
[   382.17 ] D: createSelectedPoints 0 -1
[   382.17 ] D: _pointActive2 false 0
[   382.17 ] D: createSelectedPoints 0 -1
[   382.17 ] D: _automationChanging true
[   382.17 ] D: ACTIVE
[   382.17 ] D: _currentMouseY 228 59 216 71 QSizeF(0, -1)
[   382.17 ] D: mouseMove2
[   382.18 ] D: _pointActive2 false 0
[   382.18 ] D: createSelectedPoints 0 -1
[   382.18 ] D: _pointActive2 false 0
[   382.18 ] D: createSelectedPoints 0 -1
[   382.19 ] D: _automationChanging true
[   382.19 ] D: ACTIVE
[   382.19 ] D: _currentMouseY 228 59 216 71 QSizeF(0, 0)
[   382.19 ] D: mouseMove2
[   382.20 ] D: _pointActive2 false 0
[   382.20 ] D: _automationChanging true
[   382.20 ] D: createSelectedPoints 0 -1
[   382.20 ] D: _pointActive2 false 0
[   382.20 ] D: createSelectedPoints 0 -1
[   382.20 ] D: ACTIVE
[   382.20 ] D: _currentMouseY 229 58 216 71 QSizeF(1, -1)
[   382.20 ] D: mouseMove2
[   382.22 ] D: _pointActive2 false 0
[   382.22 ] D: createSelectedPoints 0 -1
[   382.22 ] D: _pointActive2 false 0
[   382.22 ] D: createSelectedPoints 0 -1
[   382.22 ] D: _automationChanging true
[   382.22 ] D: ACTIVE
[   382.22 ] D: _currentMouseY 229 58 216 71 QSizeF(0, 0)
[   382.22 ] D: mouseMove2
[   382.23 ] D: _pointActive2 false 0
[   382.23 ] D: _automationChanging true
[   382.23 ] D: createSelectedPoints 0 -1
[   382.23 ] D: _pointActive2 false 0
[   382.23 ] D: createSelectedPoints 0 -1
[   382.24 ] D: ACTIVE
[   382.24 ] D: _currentMouseY 230 57 216 71 QSizeF(1, -1)
[   382.24 ] D: mouseMove2
[   382.25 ] D: _pointActive2 false 0
[   382.25 ] D: _automationChanging true
[   382.25 ] D: createSelectedPoints 0 -1
[   382.25 ] D: _pointActive2 false 0
[   382.25 ] D: createSelectedPoints 0 -1
[   382.25 ] D: ACTIVE
[   382.25 ] D: _currentMouseY 230 57 216 71 QSizeF(0, 0)
[   382.25 ] D: mouseMove2
[   382.27 ] D: _pointActive2 false 0
[   382.27 ] D: _automationChanging true
[   382.27 ] D: createSelectedPoints 0 -1
[   382.27 ] D: _pointActive2 false 0
[   382.27 ] D: createSelectedPoints 0 -1
[   382.27 ] D: ACTIVE
[   382.27 ] D: _currentMouseY 230 56 216 71 QSizeF(0, -1)
[   382.27 ] D: mouseMove2
[   382.29 ] D: _pointActive2 false 0
[   382.29 ] D: createSelectedPoints 0 -1
[   382.29 ] D: _pointActive2 false 0
[   382.29 ] D: createSelectedPoints 0 -1
[   382.29 ] D: _automationChanging true
[   382.29 ] D: ACTIVE
[   382.29 ] D: _currentMouseY 231 55 216 71 QSizeF(1, -1)
[   382.29 ] D: mouseMove2
[   382.30 ] D: _pointActive2 false 0
[   382.30 ] D: _automationChanging true
[   382.30 ] D: createSelectedPoints 0 -1
[   382.30 ] D: _pointActive2 false 0
[   382.30 ] D: createSelectedPoints 0 -1
[   382.30 ] D: ACTIVE
[   382.30 ] D: _currentMouseY 231 54 216 71 QSizeF(0, -1)
[   382.30 ] D: mouseMove2
[   382.32 ] D: _pointActive2 false 0
[   382.32 ] D: _automationChanging true
[   382.32 ] D: createSelectedPoints 0 -1
[   382.32 ] D: _pointActive2 false 0
[   382.32 ] D: createSelectedPoints 0 -1
[   382.32 ] D: ACTIVE
[   382.32 ] D: _currentMouseY 232 53 216 71 QSizeF(1, -1)
[   382.32 ] D: mouseMove2
[   382.33 ] D: _pointActive2 false 0
[   382.33 ] D: _automationChanging true
[   382.33 ] D: createSelectedPoints 0 -1
[   382.33 ] D: _pointActive2 false 0
[   382.33 ] D: createSelectedPoints 0 -1
[   382.34 ] D: ACTIVE
[   382.34 ] D: _currentMouseY 232 53 216 71 QSizeF(0, 0)
[   382.34 ] D: mouseMove2
[   382.35 ] D: _automationChanging true
[   382.35 ] D: _pointActive2 false 0
[   382.35 ] D: createSelectedPoints 0 -1
[   382.35 ] D: _pointActive2 false 0
[   382.35 ] D: createSelectedPoints 0 -1
[   382.35 ] D: ACTIVE
[   382.35 ] D: _currentMouseY 233 52 216 71 QSizeF(1, -1)
[   382.35 ] D: mouseMove2
[   382.36 ] D: _automationChanging true
[   382.36 ] D: ACTIVE
[   382.36 ] D: _currentMouseY 234 50 216 71 QSizeF(1, -2)
[   382.36 ] D: mouseMove2
[   382.37 ] D: _pointActive2 false 0
[   382.37 ] D: createSelectedPoints 0 -1
[   382.37 ] D: _pointActive2 false 0
[   382.37 ] D: createSelectedPoints 0 -1
[   382.37 ] D: _automationChanging true
[   382.37 ] D: ACTIVE
[   382.37 ] D: _currentMouseY 234 49 216 71 QSizeF(0, -1)
[   382.37 ] D: mouseMove2
[   382.39 ] D: _pointActive2 false 0
[   382.39 ] D: _automationChanging true
[   382.39 ] D: createSelectedPoints 0 -1
[   382.39 ] D: _pointActive2 false 0
[   382.39 ] D: createSelectedPoints 0 -1
[   382.39 ] D: ACTIVE
[   382.39 ] D: _currentMouseY 235 48 216 71 QSizeF(1, -1)
[   382.39 ] D: mouseMove2
[   382.39 ] D: _automationChanging true
[   382.39 ] D: ACTIVE
[   382.39 ] D: _currentMouseY 235 47 216 71 QSizeF(0, -1)
[   382.39 ] D: mouseMove2
[   382.40 ] D: _pointActive2 false 0
[   382.40 ] D: createSelectedPoints 0 -1
[   382.40 ] D: _pointActive2 false 0
[   382.40 ] D: createSelectedPoints 0 -1
[   382.40 ] D: _automationChanging true
[   382.40 ] D: ACTIVE
[   382.40 ] D: _currentMouseY 236 46 216 71 QSizeF(1, -1)
[   382.40 ] D: mouseMove2
[   382.41 ] D: _automationChanging true
[   382.41 ] D: ACTIVE
[   382.41 ] D: _currentMouseY 236 45 216 71 QSizeF(0, -1)
[   382.41 ] D: mouseMove2
[   382.42 ] D: _pointActive2 false 0
[   382.42 ] D: _automationChanging true
[   382.42 ] D: createSelectedPoints 0 -1
[   382.42 ] D: _pointActive2 false 0
[   382.42 ] D: createSelectedPoints 0 -1
[   382.42 ] D: ACTIVE
[   382.42 ] D: _currentMouseY 236 45 216 71 QSizeF(0, 0)
[   382.42 ] D: mouseMove2
[   382.43 ] D: _pointActive2 false 0
[   382.43 ] D: createSelectedPoints 0 -1
[   382.43 ] D: _pointActive2 false 0
[   382.43 ] D: createSelectedPoints 0 -1
[   382.43 ] D: _automationChanging true
[   382.43 ] D: ACTIVE
[   382.44 ] D: _currentMouseY 236 44 216 71 QSizeF(0, -1)
[   382.44 ] D: mouseMove2
[   382.45 ] D: _pointActive2 false 0
[   382.45 ] D: createSelectedPoints 0 -1
[   382.45 ] D: _pointActive2 false 0
[   382.45 ] D: createSelectedPoints 0 -1
[   382.46 ] D: _automationChanging true
[   382.46 ] D: ACTIVE
[   382.46 ] D: _currentMouseY 236 42 216 71 QSizeF(0, -2)
[   382.46 ] D: mouseMove2
[   382.47 ] D: _automationChanging true
[   382.47 ] D: ACTIVE
[   382.47 ] D: _currentMouseY 236 42 216 71 QSizeF(0, 0)
[   382.47 ] D: mouseMove2
[   382.48 ] D: _pointActive2 false 0
[   382.48 ] D: _automationChanging true
[   382.48 ] D: createSelectedPoints 0 -1
[   382.48 ] D: _pointActive2 false 0
[   382.48 ] D: createSelectedPoints 0 -1
[   382.49 ] D: ACTIVE
[   382.49 ] D: _currentMouseY 237 41 216 71 QSizeF(1, -1)
[   382.49 ] D: mouseMove2
[   382.50 ] D: _pointActive2 false 0
[   382.50 ] D: _automationChanging true
[   382.50 ] D: createSelectedPoints 0 -1
[   382.50 ] D: _pointActive2 false 0
[   382.50 ] D: createSelectedPoints 0 -1
[   382.50 ] D: ACTIVE
[   382.50 ] D: _currentMouseY 237 41 216 71 QSizeF(0, 0)
[   382.50 ] D: mouseMove2
[   382.52 ] D: _pointActive2 false 0
[   382.52 ] D: _automationChanging true
[   382.52 ] D: createSelectedPoints 0 -1
[   382.52 ] D: _pointActive2 false 0
[   382.52 ] D: createSelectedPoints 0 -1
[   382.52 ] D: ACTIVE
[   382.52 ] D: _currentMouseY 237 40 216 71 QSizeF(0, -1)
[   382.52 ] D: mouseMove2
[   382.54 ] D: _pointActive2 false 0
[   382.54 ] D: createSelectedPoints 0 -1
[   382.54 ] D: _pointActive2 false 0
[   382.54 ] D: createSelectedPoints 0 -1
[   382.55 ] D: _automationChanging true
[   382.55 ] D: ACTIVE
[   382.55 ] D: _currentMouseY 238 39 216 71 QSizeF(1, -1)
[   382.55 ] D: mouseMove2
[   382.57 ] D: _pointActive2 false 0
[   382.57 ] D: _automationChanging true
[   382.57 ] D: createSelectedPoints 0 -1
[   382.57 ] D: _pointActive2 false 0
[   382.57 ] D: createSelectedPoints 0 -1
[   382.57 ] D: ACTIVE
[   382.57 ] D: _currentMouseY 238 39 216 71 QSizeF(0, 0)
[   382.57 ] D: mouseMove2
[   382.57 ] D: _automationChanging true
[   382.57 ] D: ACTIVE
[   382.58 ] D: _currentMouseY 238 38 216 71 QSizeF(0, -1)
[   382.58 ] D: mouseMove2
[   382.58 ] D: _pointActive2 false 0
[   382.58 ] D: createSelectedPoints 0 -1
[   382.58 ] D: _pointActive2 false 0
[   382.58 ] D: createSelectedPoints 0 -1
[   382.61 ] D: _automationChanging true
[   382.61 ] D: ACTIVE
[   382.61 ] D: _currentMouseY 238 36 216 71 QSizeF(0, -2)
[   382.61 ] D: mouseMove2
[   382.62 ] D: _automationChanging true
[   382.62 ] D: ACTIVE
[   382.62 ] D: _currentMouseY 238 36 216 71 QSizeF(0, 0)
[   382.62 ] D: mouseMove2
[   382.63 ] D: _automationChanging true
[   382.63 ] D: _pointActive2 false 0
[   382.63 ] D: createSelectedPoints 0 -1
[   382.64 ] D: _pointActive2 false 0
[   382.64 ] D: createSelectedPoints 0 -1
[   382.64 ] D: ACTIVE
[   382.64 ] D: _currentMouseY 238 35 216 71 QSizeF(0, -1)
[   382.64 ] D: mouseMove2
[   382.65 ] D: _pointActive2 false 0
[   382.65 ] D: createSelectedPoints 0 -1
[   382.65 ] D: _pointActive2 false 0
[   382.65 ] D: createSelectedPoints 0 -1
[   382.65 ] D: _automationChanging true
[   382.65 ] D: ACTIVE
[   382.65 ] D: _currentMouseY 238 35 216 71 QSizeF(0, 0)
[   382.65 ] D: mouseMove2
[   382.67 ] D: _automationChanging true
[   382.67 ] D: _pointActive2 false 0
[   382.67 ] D: createSelectedPoints 0 -1
[   382.67 ] D: _pointActive2 false 0
[   382.67 ] D: createSelectedPoints 0 -1
[   382.67 ] D: ACTIVE
[   382.67 ] D: _currentMouseY 239 35 216 71 QSizeF(1, 0)
[   382.67 ] D: mouseMove2
[   382.67 ] D: _automationChanging true
[   382.67 ] D: ACTIVE
[   382.67 ] D: _currentMouseY 240 34 216 71 QSizeF(1, -1)
[   382.67 ] D: mouseMove2
[   382.68 ] D: _pointActive2 false 0
[   382.68 ] D: createSelectedPoints 0 -1
[   382.68 ] D: _pointActive2 false 0
[   382.68 ] D: createSelectedPoints 0 -1
[   382.69 ] D: _automationChanging true
[   382.69 ] D: ACTIVE
[   382.69 ] D: _currentMouseY 240 33 216 71 QSizeF(0, -1)
[   382.69 ] D: mouseMove2
[   382.70 ] D: _pointActive2 false 0
[   382.70 ] D: _automationChanging true
[   382.70 ] D: createSelectedPoints 0 -1
[   382.70 ] D: _pointActive2 false 0
[   382.70 ] D: createSelectedPoints 0 -1
[   382.70 ] D: ACTIVE
[   382.70 ] D: _currentMouseY 240 33 216 71 QSizeF(0, 0)
[   382.70 ] D: mouseMove2
[   382.72 ] D: _pointActive2 false 0
[   382.72 ] D: createSelectedPoints 0 -1
[   382.72 ] D: _pointActive2 false 0
[   382.72 ] D: createSelectedPoints 0 -1
[   382.97 ] D: createSelectedPoints 0 -1
[   382.97 ] D: ACTIVE
[   401.33 ] D: findTrackIndexByPoint 0 QRect(0,0 1707x111) true QPointF(131,107)
[   401.33 ] D: ACTIVE
[   401.33 ] D: ACTIVE
[   401.33 ] D: sltDataChagedFromView
[   401.35 ] D: createSelectedPoints 0 -1
[   401.43 ] D: _automationChanging true
[   401.43 ] D: ACTIVE
[   401.43 ] D: _currentMouseY 131 106 131 107 QSizeF(0, -1)
[   401.43 ] D: mouseMove2
[   401.43 ] D: _pointActive1 true false false
[   401.44 ] D: _pointActive2 false 0
[   401.44 ] D: createSelectedPoints 0 -1
[   401.44 ] D: _pointActive2 false 0
[   401.44 ] D: createSelectedPoints 0 -1
[   401.44 ] D: _automationChanging true
[   401.44 ] D: ACTIVE
[   401.44 ] D: _currentMouseY 131 104 131 107 QSizeF(0, -2)
[   401.44 ] D: mouseMove2
[   401.44 ] D: _automationChanging true
[   401.44 ] D: ACTIVE
[   401.44 ] D: _currentMouseY 131 103 131 107 QSizeF(0, -1)
[   401.44 ] D: mouseMove2
[   401.44 ] D: _automationChanging true
[   401.44 ] D: ACTIVE
[   401.44 ] D: _currentMouseY 131 101 131 107 QSizeF(0, -2)
[   401.45 ] D: mouseMove2
[   401.45 ] D: _automationChanging true
[   401.45 ] D: _pointActive2 false 0
[   401.45 ] D: createSelectedPoints 0 -1
[   401.45 ] D: _pointActive2 false 0
[   401.45 ] D: createSelectedPoints 0 -1
[   401.45 ] D: ACTIVE
[   401.45 ] D: _currentMouseY 131 98 131 107 QSizeF(0, -3)
[   401.45 ] D: mouseMove2
[   401.45 ] D: _automationChanging true
[   401.45 ] D: ACTIVE
[   401.45 ] D: _currentMouseY 131 92 131 107 QSizeF(0, -6)
[   401.46 ] D: mouseMove2
[   401.47 ] D: _automationChanging true
[   401.47 ] D: _pointActive2 false 0
[   401.47 ] D: createSelectedPoints 0 -1
[   401.47 ] D: _pointActive2 false 0
[   401.47 ] D: createSelectedPoints 0 -1
[   401.47 ] D: ACTIVE
[   401.47 ] D: _currentMouseY 131 90 131 107 QSizeF(0, -2)
[   401.47 ] D: mouseMove2
[   401.47 ] D: _automationChanging true
[   401.47 ] D: ACTIVE
[   401.47 ] D: _currentMouseY 131 87 131 107 QSizeF(0, -3)
[   401.47 ] D: mouseMove2
[   401.49 ] D: _automationChanging true
[   401.49 ] D: _pointActive2 false 0
[   401.49 ] D: createSelectedPoints 0 -1
[   401.49 ] D: _pointActive2 false 0
[   401.49 ] D: createSelectedPoints 0 -1
[   401.49 ] D: ACTIVE
[   401.49 ] D: _currentMouseY 131 86 131 107 QSizeF(0, -1)
[   401.49 ] D: mouseMove2
[   401.49 ] D: _automationChanging true
[   401.49 ] D: ACTIVE
[   401.49 ] D: _currentMouseY 131 84 131 107 QSizeF(0, -2)
[   401.49 ] D: mouseMove2
[   401.50 ] D: _automationChanging true
[   401.50 ] D: _pointActive2 false 0
[   401.50 ] D: createSelectedPoints 0 -1
[   401.50 ] D: _pointActive2 false 0
[   401.50 ] D: createSelectedPoints 0 -1
[   401.50 ] D: ACTIVE
[   401.50 ] D: _currentMouseY 131 83 131 107 QSizeF(0, -1)
[   401.51 ] D: mouseMove2
[   401.51 ] D: _automationChanging true
[   401.51 ] D: ACTIVE
[   401.51 ] D: _currentMouseY 131 81 131 107 QSizeF(0, -2)
[   401.51 ] D: mouseMove2
[   401.52 ] D: _automationChanging true
[   401.52 ] D: _pointActive2 false 0
[   401.52 ] D: createSelectedPoints 0 -1
[   401.52 ] D: _pointActive2 false 0
[   401.52 ] D: createSelectedPoints 0 -1
[   401.52 ] D: ACTIVE
[   401.52 ] D: _currentMouseY 131 80 131 107 QSizeF(0, -1)
[   401.52 ] D: mouseMove2
[   401.52 ] D: _automationChanging true
[   401.52 ] D: ACTIVE
[   401.52 ] D: _currentMouseY 131 76 131 107 QSizeF(0, -4)
[   401.52 ] D: mouseMove2
[   401.54 ] D: _pointActive2 false 0
[   401.54 ] D: _automationChanging true
[   401.54 ] D: createSelectedPoints 0 -1
[   401.54 ] D: _pointActive2 false 0
[   401.54 ] D: createSelectedPoints 0 -1
[   401.54 ] D: ACTIVE
[   401.54 ] D: _currentMouseY 132 74 131 107 QSizeF(1, -2)
[   401.54 ] D: mouseMove2
[   401.54 ] D: _automationChanging true
[   401.54 ] D: ACTIVE
[   401.54 ] D: _currentMouseY 132 73 131 107 QSizeF(0, -1)
[   401.54 ] D: mouseMove2
[   401.55 ] D: _pointActive2 false 0
[   401.55 ] D: _automationChanging true
[   401.55 ] D: createSelectedPoints 0 -1
[   401.55 ] D: _pointActive2 false 0
[   401.55 ] D: createSelectedPoints 0 -1
[   401.55 ] D: ACTIVE
[   401.55 ] D: _currentMouseY 133 70 131 107 QSizeF(1, -3)
[   401.56 ] D: mouseMove2
[   401.56 ] D: _automationChanging true
[   401.56 ] D: ACTIVE
[   401.56 ] D: _currentMouseY 133 69 131 107 QSizeF(0, -1)
[   401.56 ] D: mouseMove2
[   401.57 ] D: _pointActive2 false 0
[   401.57 ] D: createSelectedPoints 0 -1
[   401.57 ] D: _pointActive2 false 0
[   401.57 ] D: createSelectedPoints 0 -1
[   401.57 ] D: _automationChanging true
[   401.57 ] D: ACTIVE
[   401.57 ] D: _currentMouseY 133 65 131 107 QSizeF(0, -4)
[   401.57 ] D: mouseMove2
[   401.58 ] D: _automationChanging true
[   401.58 ] D: ACTIVE
[   401.58 ] D: _currentMouseY 133 64 131 107 QSizeF(0, -1)
[   401.58 ] D: mouseMove2
[   401.59 ] D: _pointActive2 false 0
[   401.59 ] D: createSelectedPoints 0 -1
[   401.59 ] D: _pointActive2 false 0
[   401.59 ] D: createSelectedPoints 0 -1
[   401.59 ] D: _automationChanging true
[   401.59 ] D: ACTIVE
[   401.59 ] D: _currentMouseY 133 61 131 107 QSizeF(0, -3)
[   401.59 ] D: mouseMove2
[   401.59 ] D: _automationChanging true
[   401.59 ] D: ACTIVE
[   401.59 ] D: _currentMouseY 134 58 131 107 QSizeF(1, -3)
[   401.59 ] D: mouseMove2
[   401.60 ] D: _automationChanging true
[   401.60 ] D: _pointActive2 false 0
[   401.60 ] D: createSelectedPoints 0 -1
[   401.60 ] D: _pointActive2 false 0
[   401.60 ] D: createSelectedPoints 0 -1
[   401.60 ] D: ACTIVE
[   401.60 ] D: _currentMouseY 134 57 131 107 QSizeF(0, -1)
[   401.61 ] D: mouseMove2
[   401.62 ] D: _automationChanging true
[   401.62 ] D: _pointActive2 false 0
[   401.62 ] D: createSelectedPoints 0 -1
[   401.62 ] D: _pointActive2 false 0
[   401.62 ] D: createSelectedPoints 0 -1
[   401.62 ] D: ACTIVE
[   401.62 ] D: _currentMouseY 135 54 131 107 QSizeF(1, -3)
[   401.62 ] D: mouseMove2
[   401.63 ] D: _automationChanging true
[   401.63 ] D: ACTIVE
[   401.63 ] D: _currentMouseY 135 50 131 107 QSizeF(0, -4)
[   401.63 ] D: mouseMove2
[   401.63 ] D: _automationChanging true
[   401.63 ] D: ACTIVE
[   401.63 ] D: _currentMouseY 135 49 131 107 QSizeF(0, -1)
[   401.63 ] D: mouseMove2
[   401.64 ] D: _pointActive2 false 0
[   401.64 ] D: _automationChanging true
[   401.64 ] D: createSelectedPoints 0 -1
[   401.64 ] D: _pointActive2 false 0
[   401.64 ] D: createSelectedPoints 0 -1
[   401.64 ] D: ACTIVE
[   401.64 ] D: _currentMouseY 135 47 131 107 QSizeF(0, -2)
[   401.64 ] D: mouseMove2
[   401.64 ] D: _automationChanging true
[   401.64 ] D: ACTIVE
[   401.64 ] D: _currentMouseY 136 47 131 107 QSizeF(1, 0)
[   401.64 ] D: mouseMove2
[   401.64 ] D: _automationChanging true
[   401.64 ] D: ACTIVE
[   401.64 ] D: _currentMouseY 136 46 131 107 QSizeF(0, -1)
[   401.64 ] D: mouseMove2
[   401.65 ] D: _pointActive2 false 0
[   401.65 ] D: createSelectedPoints 0 -1
[   401.65 ] D: _pointActive2 false 0
[   401.65 ] D: createSelectedPoints 0 -1
[   401.65 ] D: _automationChanging true
[   401.65 ] D: ACTIVE
[   401.65 ] D: _currentMouseY 136 44 131 107 QSizeF(0, -2)
[   401.65 ] D: mouseMove2
[   401.65 ] D: _automationChanging true
[   401.66 ] D: ACTIVE
[   401.66 ] D: _currentMouseY 137 44 131 107 QSizeF(1, 0)
[   401.66 ] D: mouseMove2
[   401.67 ] D: _automationChanging true
[   401.67 ] D: _pointActive2 false 0
[   401.67 ] D: createSelectedPoints 0 -1
[   401.67 ] D: _pointActive2 false 0
[   401.67 ] D: createSelectedPoints 0 -1
[   401.67 ] D: ACTIVE
[   401.67 ] D: _currentMouseY 137 43 131 107 QSizeF(0, -1)
[   401.67 ] D: mouseMove2
[   401.67 ] D: _automationChanging true
[   401.67 ] D: ACTIVE
[   401.67 ] D: _currentMouseY 138 41 131 107 QSizeF(1, -2)
[   401.68 ] D: mouseMove2
[   401.69 ] D: _pointActive2 false 0
[   401.69 ] D: createSelectedPoints 0 -1
[   401.69 ] D: _pointActive2 false 0
[   401.69 ] D: createSelectedPoints 0 -1
[   401.69 ] D: _automationChanging true
[   401.69 ] D: ACTIVE
[   401.69 ] D: _currentMouseY 138 40 131 107 QSizeF(0, -1)
[   401.69 ] D: mouseMove2
[   401.70 ] D: _pointActive2 false 0
[   401.70 ] D: _automationChanging true
[   401.70 ] D: createSelectedPoints 0 -1
[   401.70 ] D: _pointActive2 false 0
[   401.70 ] D: createSelectedPoints 0 -1
[   401.70 ] D: ACTIVE
[   401.70 ] D: _currentMouseY 138 38 131 107 QSizeF(0, -2)
[   401.70 ] D: mouseMove2
[   401.72 ] D: _pointActive2 false 0
[   401.72 ] D: createSelectedPoints 0 -1
[   401.72 ] D: _pointActive2 false 0
[   401.72 ] D: createSelectedPoints 0 -1
[   401.73 ] D: _automationChanging true
[   401.74 ] D: ACTIVE
[   401.74 ] D: _currentMouseY 139 35 131 107 QSizeF(1, -3)
[   401.74 ] D: mouseMove2
[   401.74 ] D: _automationChanging true
[   401.74 ] D: ACTIVE
[   401.74 ] D: _currentMouseY 139 34 131 107 QSizeF(0, -1)
[   401.74 ] D: mouseMove2
[   401.75 ] D: _pointActive2 false 0
[   401.75 ] D: createSelectedPoints 0 -1
[   401.75 ] D: _pointActive2 false 0
[   401.75 ] D: createSelectedPoints 0 -1
[   401.76 ] D: _automationChanging true
[   401.76 ] D: ACTIVE
[   401.76 ] D: _currentMouseY 139 32 131 107 QSizeF(0, -2)
[   401.76 ] D: mouseMove2
[   401.77 ] D: _pointActive2 false 0
[   401.77 ] D: createSelectedPoints 0 -1
[   401.77 ] D: _pointActive2 false 0
[   401.77 ] D: createSelectedPoints 0 -1
[   401.77 ] D: _automationChanging true
[   401.77 ] D: ACTIVE
[   401.77 ] D: _currentMouseY 140 30 131 107 QSizeF(1, -2)
[   401.77 ] D: mouseMove2
[   401.79 ] D: _automationChanging true
[   401.79 ] D: _pointActive2 false 0
[   401.79 ] D: createSelectedPoints 0 -1
[   401.79 ] D: _pointActive2 false 0
[   401.79 ] D: createSelectedPoints 0 -1
[   401.79 ] D: ACTIVE
[   401.79 ] D: _currentMouseY 140 29 131 107 QSizeF(0, -1)
[   401.79 ] D: mouseMove2
[   401.79 ] D: _automationChanging true
[   401.79 ] D: ACTIVE
[   401.79 ] D: _currentMouseY 140 27 131 107 QSizeF(0, -2)
[   401.79 ] D: mouseMove2
[   401.80 ] D: _automationChanging true
[   401.80 ] D: _pointActive2 false 0
[   401.80 ] D: createSelectedPoints 0 -1
[   401.80 ] D: _pointActive2 false 0
[   401.80 ] D: createSelectedPoints 0 -1
[   401.80 ] D: ACTIVE
[   401.80 ] D: _currentMouseY 140 27 131 107 QSizeF(0, -1)
[   401.80 ] D: mouseMove2
[   401.82 ] D: _automationChanging true
[   401.82 ] D: _pointActive2 false 0
[   401.82 ] D: createSelectedPoints 0 -1
[   401.82 ] D: _pointActive2 false 0
[   401.82 ] D: createSelectedPoints 0 -1
[   401.82 ] D: ACTIVE
[   401.82 ] D: _currentMouseY 140 27 131 107 QSizeF(0, -2)
[   401.82 ] D: mouseMove2
[   401.84 ] D: _pointActive2 false 0
[   401.84 ] D: createSelectedPoints 0 -1
[   401.84 ] D: _pointActive2 false 0
[   401.84 ] D: createSelectedPoints 0 -1
[   401.84 ] D: _automationChanging true
[   401.84 ] D: ACTIVE
[   401.84 ] D: _currentMouseY 140 27 131 107 QSizeF(0, -1)
[   401.84 ] D: mouseMove2
[   401.85 ] D: _pointActive2 false 0
[   401.85 ] D: createSelectedPoints 0 -1
[   401.85 ] D: _pointActive2 false 0
[   401.85 ] D: _automationChanging true
[   401.85 ] D: createSelectedPoints 0 -1
[   401.85 ] D: ACTIVE
[   401.85 ] D: _currentMouseY 140 27 131 107 QSizeF(0, 0)
[   401.86 ] D: mouseMove2
[   401.87 ] D: _pointActive2 false 0
[   401.87 ] D: createSelectedPoints 0 -1
[   401.87 ] D: _pointActive2 false 0
[   401.87 ] D: createSelectedPoints 0 -1
[   401.95 ] D: createSelectedPoints 0 -1
[   401.95 ] D: ACTIVE
[   402.75 ] D: findTrackIndexByPoint 0 QRect(0,0 1707x111) true QPointF(237,37)
[   402.76 ] D: ACTIVE
[   402.76 ] D: ACTIVE
[   402.77 ] D: createSelectedPoints 0 -1
[   402.81 ] D: _automationChanging true
[   402.81 ] D: mouseMove2
[   402.82 ] D: _automationChanging true
[   402.82 ] D: mouseMove2
[   402.82 ] D: _automationChanging true
[   402.82 ] D: mouseMove2
[   402.82 ] D: _automationChanging true
[   402.82 ] D: mouseMove2
[   402.82 ] D: _automationChanging true
[   402.82 ] D: mouseMove2
[   402.84 ] D: _automationChanging true
[   402.84 ] D: mouseMove2
[   402.84 ] D: _automationChanging true
[   402.84 ] D: mouseMove2
[   402.84 ] D: _automationChanging true
[   402.84 ] D: mouseMove2
[   402.85 ] D: _automationChanging true
[   402.85 ] D: mouseMove2
[   402.86 ] D: _automationChanging true
[   402.86 ] D: mouseMove2
[   402.87 ] D: _pointActive1 true false false
[   402.87 ] D: _pointActive2 false 0
[   402.87 ] D: createSelectedPoints 0 -1
[   402.87 ] D: _automationChanging true
[   402.87 ] D: ACTIVE
[   402.87 ] D: _currentMouseY 250 62 237 37 QSizeF(13, 25)
[   402.87 ] D: mouseMove2
[   402.87 ] D: _automationChanging true
[   402.87 ] D: ACTIVE
[   402.87 ] D: _currentMouseY 264 88 237 37 QSizeF(14, 26)
[   402.87 ] D: mouseMove2
[   402.89 ] D: _automationChanging true
[   402.89 ] D: _pointActive2 false 0
[   402.89 ] D: createSelectedPoints 0 -1
[   402.89 ] D: _pointActive2 false 0
[   402.89 ] D: createSelectedPoints 0 -1
[   402.89 ] D: ACTIVE
[   402.89 ] D: _currentMouseY 264 89 237 37 QSizeF(0, 1)
[   402.89 ] D: mouseMove2
[   402.89 ] D: _automationChanging true
[   402.89 ] D: ACTIVE
[   402.89 ] D: _currentMouseY 265 92 237 37 QSizeF(1, 3)
[   402.89 ] D: mouseMove2
[   402.89 ] D: _automationChanging true
[   402.89 ] D: ACTIVE
[   402.89 ] D: _currentMouseY 265 93 237 37 QSizeF(0, 1)
[   402.89 ] D: mouseMove2
[   402.90 ] D: _automationChanging true
[   402.90 ] D: _pointActive2 false 0
[   402.90 ] D: createSelectedPoints 0 -1
[   402.90 ] D: _pointActive2 false 0
[   402.90 ] D: createSelectedPoints 0 -1
[   402.90 ] D: ACTIVE
[   402.90 ] D: _currentMouseY 266 94 237 37 QSizeF(1, 1)
[   402.91 ] D: mouseMove2
[   402.92 ] D: _automationChanging true
[   402.92 ] D: _pointActive2 false 0
[   402.92 ] D: createSelectedPoints 0 -1
[   402.92 ] D: _pointActive2 false 0
[   402.92 ] D: createSelectedPoints 0 -1
[   402.92 ] D: ACTIVE
[   402.92 ] D: _currentMouseY 266 95 237 37 QSizeF(0, 1)
[   402.92 ] D: mouseMove2
[   402.92 ] D: _automationChanging true
[   402.92 ] D: ACTIVE
[   402.92 ] D: _currentMouseY 267 99 237 37 QSizeF(1, 4)
[   402.93 ] D: mouseMove2
[   402.93 ] D: _automationChanging true
[   402.93 ] D: ACTIVE
[   402.93 ] D: _currentMouseY 267 100 237 37 QSizeF(0, 1)
[   402.93 ] D: mouseMove2
[   402.94 ] D: _automationChanging true
[   402.94 ] D: _pointActive2 false 0
[   402.94 ] D: createSelectedPoints 0 -1
[   402.94 ] D: _pointActive2 false 0
[   402.94 ] D: createSelectedPoints 0 -1
[   402.94 ] D: ACTIVE
[   402.94 ] D: _currentMouseY 267 102 237 37 QSizeF(0, 2)
[   402.94 ] D: mouseMove2
[   402.94 ] D: _automationChanging true
[   402.94 ] D: ACTIVE
[   402.94 ] D: _currentMouseY 268 105 237 37 QSizeF(1, 3)
[   402.94 ] D: mouseMove2
[   402.95 ] D: _pointActive2 false 0
[   402.95 ] D: _automationChanging true
[   402.95 ] D: createSelectedPoints 0 -1
[   402.95 ] D: _pointActive2 false 0
[   402.95 ] D: createSelectedPoints 0 -1
[   402.95 ] D: ACTIVE
[   402.95 ] D: _currentMouseY 268 107 237 37 QSizeF(0, 2)
[   402.95 ] D: mouseMove2
[   402.96 ] D: _automationChanging true
[   402.96 ] D: ACTIVE
[   402.96 ] D: _currentMouseY 268 107 237 37 QSizeF(0, 1)
[   402.96 ] D: mouseMove2
[   402.97 ] D: _automationChanging true
[   402.97 ] D: _pointActive2 false 0
[   402.97 ] D: createSelectedPoints 0 -1
[   402.97 ] D: _pointActive2 false 0
[   402.97 ] D: createSelectedPoints 0 -1
[   402.97 ] D: ACTIVE
[   402.97 ] D: _currentMouseY 269 107 237 37 QSizeF(1, 1)
[   402.97 ] D: mouseMove2
[   402.97 ] D: _automationChanging true
[   402.97 ] D: ACTIVE
[   402.97 ] D: _currentMouseY 270 107 237 37 QSizeF(1, 3)
[   402.98 ] D: mouseMove2
[   402.98 ] D: _automationChanging true
[   402.98 ] D: ACTIVE
[   402.98 ] D: _currentMouseY 270 107 237 37 QSizeF(0, 1)
[   402.98 ] D: mouseMove2
[   402.99 ] D: _pointActive2 false 0
[   402.99 ] D: createSelectedPoints 0 -1
[   402.99 ] D: _pointActive2 false 0
[   402.99 ] D: createSelectedPoints 0 -1
[   402.99 ] D: _automationChanging true
[   402.99 ] D: ACTIVE
[   402.99 ] D: _currentMouseY 270 107 237 37 QSizeF(0, 2)
[   402.99 ] D: mouseMove2
[   403.00 ] D: _pointActive2 false 0
[   403.00 ] D: createSelectedPoints 0 -1
[   403.00 ] D: _pointActive2 false 0
[   403.00 ] D: createSelectedPoints 0 -1
[   403.01 ] D: _automationChanging true
[   403.01 ] D: ACTIVE
[   403.01 ] D: _currentMouseY 270 107 237 37 QSizeF(0, 3)
[   403.01 ] D: mouseMove2
[   403.01 ] D: _automationChanging true
[   403.01 ] D: ACTIVE
[   403.01 ] D: _currentMouseY 271 107 237 37 QSizeF(1, 1)
[   403.01 ] D: mouseMove2
[   403.02 ] D: _automationChanging true
[   403.02 ] D: ACTIVE
[   403.02 ] D: _currentMouseY 271 107 237 37 QSizeF(0, 0)
[   403.02 ] D: mouseMove2
[   403.04 ] D: _automationChanging true
[   403.04 ] D: _pointActive2 false 0
[   403.04 ] D: createSelectedPoints 0 -1
[   403.04 ] D: _pointActive2 false 0
[   403.04 ] D: createSelectedPoints 0 -1
[   403.04 ] D: ACTIVE
[   403.04 ] D: _currentMouseY 271 107 237 37 QSizeF(0, 1)
[   403.04 ] D: mouseMove2
[   403.04 ] D: _automationChanging true
[   403.04 ] D: ACTIVE
[   403.04 ] D: _currentMouseY 271 107 237 37 QSizeF(0, 5)
[   403.04 ] D: mouseMove2
[   403.04 ] D: _automationChanging true
[   403.04 ] D: ACTIVE
[   403.04 ] D: _currentMouseY 271 107 237 37 QSizeF(0, 1)
[   403.04 ] D: mouseMove2
[   403.04 ] D: _automationChanging true
[   403.04 ] D: ACTIVE
[   403.04 ] D: _currentMouseY 272 107 237 37 QSizeF(1, 0)
[   403.04 ] D: mouseMove2
[   403.05 ] D: _pointActive2 false 0
[   403.05 ] D: _automationChanging true
[   403.05 ] D: createSelectedPoints 0 -1
[   403.05 ] D: _pointActive2 false 0
[   403.05 ] D: createSelectedPoints 0 -1
[   403.05 ] D: ACTIVE
[   403.05 ] D: _currentMouseY 272 107 237 37 QSizeF(0, 2)
[   403.05 ] D: mouseMove2
[   403.06 ] D: _automationChanging true
[   403.06 ] D: ACTIVE
[   403.06 ] D: _currentMouseY 272 107 237 37 QSizeF(0, 3)
[   403.06 ] D: mouseMove2
[   403.06 ] D: _automationChanging true
[   403.06 ] D: ACTIVE
[   403.06 ] D: _currentMouseY 272 107 237 37 QSizeF(0, 1)
[   403.06 ] D: mouseMove2
[   403.07 ] D: _pointActive2 false 0
[   403.07 ] D: createSelectedPoints 0 -1
[   403.07 ] D: _pointActive2 false 0
[   403.07 ] D: createSelectedPoints 0 -1
[   403.07 ] D: _automationChanging true
[   403.07 ] D: ACTIVE
[   403.07 ] D: _currentMouseY 272 107 237 37 QSizeF(0, 3)
[   403.07 ] D: mouseMove2
[   403.08 ] D: _automationChanging true
[   403.08 ] D: ACTIVE
[   403.08 ] D: _currentMouseY 272 107 237 37 QSizeF(0, 1)
[   403.08 ] D: mouseMove2
[   403.09 ] D: _pointActive2 false 0
[   403.09 ] D: createSelectedPoints 0 -1
[   403.09 ] D: _pointActive2 false 0
[   403.09 ] D: createSelectedPoints 0 -1
[   403.09 ] D: _automationChanging true
[   403.09 ] D: ACTIVE
[   403.09 ] D: _currentMouseY 273 107 237 37 QSizeF(1, 2)
[   403.09 ] D: mouseMove2
[   403.09 ] D: _automationChanging true
[   403.09 ] D: ACTIVE
[   403.09 ] D: _currentMouseY 273 107 237 37 QSizeF(0, 1)
[   403.09 ] D: mouseMove2
[   403.10 ] D: _pointActive2 false 0
[   403.10 ] D: createSelectedPoints 0 -1
[   403.10 ] D: _automationChanging true
[   403.10 ] D: _pointActive2 false 0
[   403.10 ] D: createSelectedPoints 0 -1
[   403.10 ] D: ACTIVE
[   403.10 ] D: _currentMouseY 273 107 237 37 QSizeF(0, 0)
[   403.11 ] D: mouseMove2
[   403.11 ] D: _automationChanging true
[   403.11 ] D: ACTIVE
[   403.11 ] D: _currentMouseY 273 107 237 37 QSizeF(0, 1)
[   403.11 ] D: mouseMove2
[   403.12 ] D: _pointActive2 false 0
[   403.12 ] D: createSelectedPoints 0 -1
[   403.12 ] D: _pointActive2 false 0
[   403.12 ] D: createSelectedPoints 0 -1
[   403.12 ] D: _automationChanging true
[   403.12 ] D: ACTIVE
[   403.12 ] D: _currentMouseY 273 107 237 37 QSizeF(0, 0)
[   403.12 ] D: mouseMove2
[   403.14 ] D: _pointActive2 false 0
[   403.14 ] D: _automationChanging true
[   403.14 ] D: createSelectedPoints 0 -1
[   403.14 ] D: _pointActive2 false 0
[   403.14 ] D: createSelectedPoints 0 -1
[   403.14 ] D: ACTIVE
[   403.14 ] D: _currentMouseY 273 107 237 37 QSizeF(0, 1)
[   403.14 ] D: mouseMove2
[   403.15 ] D: _pointActive2 false 0
[   403.15 ] D: createSelectedPoints 0 -1
[   403.15 ] D: _pointActive2 false 0
[   403.15 ] D: createSelectedPoints 0 -1
[   403.15 ] D: _automationChanging true
[   403.15 ] D: ACTIVE
[   403.15 ] D: _currentMouseY 273 107 237 37 QSizeF(0, 0)
[   403.15 ] D: mouseMove2
[   403.17 ] D: _pointActive2 false 0
[   403.17 ] D: createSelectedPoints 0 -1
[   403.17 ] D: _pointActive2 false 0
[   403.17 ] D: createSelectedPoints 0 -1
[   403.20 ] D: _automationChanging true
[   403.20 ] D: ACTIVE
[   403.20 ] D: _currentMouseY 274 107 237 37 QSizeF(1, 0)
[   403.20 ] D: mouseMove2
[   403.22 ] D: _pointActive2 false 0
[   403.22 ] D: createSelectedPoints 0 -1
[   403.22 ] D: _pointActive2 false 0
[   403.22 ] D: createSelectedPoints 0 -1
[   403.22 ] D: _automationChanging true
[   403.22 ] D: ACTIVE
[   403.22 ] D: _currentMouseY 274 107 237 37 QSizeF(0, 0)
[   403.22 ] D: mouseMove2
[   403.24 ] D: _pointActive2 false 0
[   403.24 ] D: createSelectedPoints 0 -1
[   403.24 ] D: _pointActive2 false 0
[   403.24 ] D: createSelectedPoints 0 -1
[   403.37 ] D: createSelectedPoints 0 -1
[   403.37 ] D: ACTIVE
[   648.83 ] D: findTrackIndexByPoint 0 QRect(0,0 1707x111) true QPointF(146,28)
[   648.83 ] D: ACTIVE
[   648.83 ] D: ACTIVE
[   648.83 ] D: sltDataChagedFromView
[   648.85 ] D: createSelectedPoints 0 -1
[   648.94 ] D: _pointActive1 true false false
[   648.94 ] D: _pointActive2 false 0
[   648.94 ] D: createSelectedPoints 0 -1
[   648.94 ] D: _pointActive2 false 0
[   648.94 ] D: createSelectedPoints 0 -1
[   649.09 ] D: _automationChanging true
[   649.09 ] D: ACTIVE
[   649.09 ] D: _currentMouseY 147 28 146 28 QSizeF(1, 0)
[   649.09 ] D: mouseMove2
[   649.09 ] D: _automationChanging true
[   649.09 ] D: ACTIVE
[   649.09 ] D: _currentMouseY 149 28 146 28 QSizeF(2, 0)
[   649.09 ] D: mouseMove2
[   649.10 ] D: _pointActive2 false 0
[   649.10 ] D: _automationChanging true
[   649.10 ] D: createSelectedPoints 0 -1
[   649.10 ] D: _pointActive2 false 0
[   649.10 ] D: createSelectedPoints 0 -1
[   649.10 ] D: ACTIVE
[   649.10 ] D: _currentMouseY 150 28 146 28 QSizeF(1, 0)
[   649.10 ] D: mouseMove2
[   649.10 ] D: _automationChanging true
[   649.10 ] D: ACTIVE
[   649.10 ] D: _currentMouseY 153 28 146 28 QSizeF(3, 0)
[   649.10 ] D: mouseMove2
[   649.11 ] D: _automationChanging true
[   649.11 ] D: ACTIVE
[   649.11 ] D: _currentMouseY 154 28 146 28 QSizeF(1, 0)
[   649.11 ] D: mouseMove2
[   649.11 ] D: _automationChanging true
[   649.11 ] D: ACTIVE
[   649.11 ] D: _currentMouseY 156 28 146 28 QSizeF(2, 0)
[   649.11 ] D: mouseMove2
[   649.12 ] D: _automationChanging true
[   649.12 ] D: _pointActive2 false 0
[   649.12 ] D: createSelectedPoints 0 -1
[   649.12 ] D: _pointActive2 false 0
[   649.12 ] D: createSelectedPoints 0 -1
[   649.12 ] D: ACTIVE
[   649.12 ] D: _currentMouseY 157 28 146 28 QSizeF(1, 0)
[   649.12 ] D: mouseMove2
[   649.12 ] D: _automationChanging true
[   649.12 ] D: ACTIVE
[   649.12 ] D: _currentMouseY 160 28 146 28 QSizeF(3, 0)
[   649.12 ] D: mouseMove2
[   649.12 ] D: _automationChanging true
[   649.12 ] D: ACTIVE
[   649.12 ] D: _currentMouseY 162 27 146 28 QSizeF(2, -1)
[   649.13 ] D: mouseMove2
[   649.14 ] D: _pointActive2 false 0
[   649.14 ] D: createSelectedPoints 0 -1
[   649.14 ] D: _pointActive2 false 0
[   649.14 ] D: createSelectedPoints 0 -1
[   649.14 ] D: _automationChanging true
[   649.14 ] D: ACTIVE
[   649.14 ] D: _currentMouseY 169 27 146 28 QSizeF(7, -1)
[   649.14 ] D: mouseMove2
[   649.14 ] D: _automationChanging true
[   649.14 ] D: ACTIVE
[   649.14 ] D: _currentMouseY 177 27 146 28 QSizeF(8, -1)
[   649.14 ] D: mouseMove2
[   649.14 ] D: _automationChanging true
[   649.14 ] D: ACTIVE
[   649.14 ] D: _currentMouseY 178 27 146 28 QSizeF(1, 0)
[   649.14 ] D: mouseMove2
[   649.14 ] D: _automationChanging true
[   649.14 ] D: ACTIVE
[   649.14 ] D: _currentMouseY 181 27 146 28 QSizeF(3, 0)
[   649.15 ] D: mouseMove2
[   649.15 ] D: _automationChanging true
[   649.15 ] D: _pointActive2 false 0
[   649.15 ] D: createSelectedPoints 0 -1
[   649.15 ] D: _pointActive2 false 0
[   649.15 ] D: createSelectedPoints 0 -1
[   649.15 ] D: ACTIVE
[   649.15 ] D: _currentMouseY 182 27 146 28 QSizeF(1, 0)
[   649.16 ] D: mouseMove2
[   649.16 ] D: _automationChanging true
[   649.16 ] D: ACTIVE
[   649.16 ] D: _currentMouseY 185 27 146 28 QSizeF(3, 0)
[   649.16 ] D: mouseMove2
[   649.16 ] D: _automationChanging true
[   649.16 ] D: ACTIVE
[   649.16 ] D: _currentMouseY 187 27 146 28 QSizeF(2, -1)
[   649.16 ] D: mouseMove2
[   649.17 ] D: _pointActive2 false 0
[   649.17 ] D: createSelectedPoints 0 -1
[   649.17 ] D: _pointActive2 false 0
[   649.17 ] D: createSelectedPoints 0 -1
[   649.17 ] D: _automationChanging true
[   649.17 ] D: ACTIVE
[   649.17 ] D: _currentMouseY 191 27 146 28 QSizeF(4, 0)
[   649.17 ] D: mouseMove2
[   649.17 ] D: _automationChanging true
[   649.17 ] D: ACTIVE
[   649.17 ] D: _currentMouseY 197 27 146 28 QSizeF(6, 0)
[   649.17 ] D: mouseMove2
[   649.17 ] D: _automationChanging true
[   649.17 ] D: ACTIVE
[   649.17 ] D: _currentMouseY 199 27 146 28 QSizeF(2, 0)
[   649.17 ] D: mouseMove2
[   649.18 ] D: _pointActive2 false 0
[   649.18 ] D: createSelectedPoints 0 -1
[   649.18 ] D: _automationChanging true
[   649.19 ] D: _pointActive2 false 0
[   649.19 ] D: createSelectedPoints 0 -1
[   649.19 ] D: ACTIVE
[   649.19 ] D: _currentMouseY 202 27 146 28 QSizeF(3, 0)
[   649.19 ] D: mouseMove2
[   649.19 ] D: _automationChanging true
[   649.19 ] D: ACTIVE
[   649.19 ] D: _currentMouseY 207 27 146 28 QSizeF(5, 0)
[   649.19 ] D: mouseMove2
[   649.19 ] D: _automationChanging true
[   649.19 ] D: ACTIVE
[   649.19 ] D: _currentMouseY 208 27 146 28 QSizeF(1, 0)
[   649.19 ] D: mouseMove2
[   649.20 ] D: _pointActive2 false 0
[   649.20 ] D: createSelectedPoints 0 -1
[   649.20 ] D: _pointActive2 false 0
[   649.20 ] D: createSelectedPoints 0 -1
[   649.20 ] D: _automationChanging true
[   649.20 ] D: ACTIVE
[   649.20 ] D: _currentMouseY 212 27 146 28 QSizeF(4, 0)
[   649.20 ] D: mouseMove2
[   649.21 ] D: _automationChanging true
[   649.21 ] D: ACTIVE
[   649.21 ] D: _currentMouseY 213 27 146 28 QSizeF(1, 0)
[   649.21 ] D: mouseMove2
[   649.22 ] D: _pointActive2 false 0
[   649.22 ] D: _automationChanging true
[   649.22 ] D: createSelectedPoints 0 -1
[   649.22 ] D: _pointActive2 false 0
[   649.22 ] D: createSelectedPoints 0 -1
[   649.22 ] D: ACTIVE
[   649.22 ] D: _currentMouseY 217 27 146 28 QSizeF(4, 0)
[   649.22 ] D: mouseMove2
[   649.22 ] D: _automationChanging true
[   649.22 ] D: ACTIVE
[   649.22 ] D: _currentMouseY 218 27 146 28 QSizeF(1, 0)
[   649.22 ] D: mouseMove2
[   649.23 ] D: _automationChanging true
[   649.23 ] D: _pointActive2 false 0
[   649.23 ] D: createSelectedPoints 0 -1
[   649.23 ] D: _pointActive2 false 0
[   649.23 ] D: createSelectedPoints 0 -1
[   649.23 ] D: ACTIVE
[   649.24 ] D: _currentMouseY 221 27 146 28 QSizeF(3, 0)
[   649.24 ] D: mouseMove2
[   649.24 ] D: _automationChanging true
[   649.24 ] D: ACTIVE
[   649.24 ] D: _currentMouseY 222 27 146 28 QSizeF(1, 0)
[   649.24 ] D: mouseMove2
[   649.24 ] D: _automationChanging true
[   649.24 ] D: ACTIVE
[   649.24 ] D: _currentMouseY 224 27 146 28 QSizeF(2, 0)
[   649.24 ] D: mouseMove2
[   649.25 ] D: _pointActive2 false 0
[   649.25 ] D: _automationChanging true
[   649.25 ] D: createSelectedPoints 0 -1
[   649.25 ] D: _pointActive2 false 0
[   649.25 ] D: createSelectedPoints 0 -1
[   649.25 ] D: ACTIVE
[   649.25 ] D: _currentMouseY 229 27 146 28 QSizeF(5, 0)
[   649.25 ] D: mouseMove2
[   649.25 ] D: _automationChanging true
[   649.25 ] D: ACTIVE
[   649.25 ] D: _currentMouseY 231 27 146 28 QSizeF(2, 0)
[   649.26 ] D: mouseMove2
[   649.26 ] D: _automationChanging true
[   649.26 ] D: ACTIVE
[   649.26 ] D: _currentMouseY 232 27 146 28 QSizeF(1, 0)
[   649.26 ] D: mouseMove2
[   649.27 ] D: _pointActive2 false 0
[   649.27 ] D: _automationChanging true
[   649.27 ] D: createSelectedPoints 0 -1
[   649.27 ] D: _pointActive2 false 0
[   649.27 ] D: createSelectedPoints 0 -1
[   649.27 ] D: ACTIVE
[   649.27 ] D: _currentMouseY 237 27 146 28 QSizeF(5, 0)
[   649.27 ] D: mouseMove2
[   649.27 ] D: _automationChanging true
[   649.27 ] D: ACTIVE
[   649.27 ] D: _currentMouseY 243 27 146 28 QSizeF(6, 0)
[   649.27 ] D: mouseMove2
[   649.27 ] D: _automationChanging true
[   649.27 ] D: ACTIVE
[   649.27 ] D: _currentMouseY 244 27 146 28 QSizeF(1, 0)
[   649.27 ] D: mouseMove2
[   649.28 ] D: _pointActive2 false 0
[   649.28 ] D: _automationChanging true
[   649.28 ] D: createSelectedPoints 0 -1
[   649.28 ] D: _pointActive2 false 0
[   649.28 ] D: createSelectedPoints 0 -1
[   649.28 ] D: ACTIVE
[   649.28 ] D: _currentMouseY 248 27 146 28 QSizeF(4, 0)
[   649.29 ] D: mouseMove2
[   649.29 ] D: _automationChanging true
[   649.29 ] D: ACTIVE
[   649.29 ] D: _currentMouseY 253 27 146 28 QSizeF(5, 0)
[   649.29 ] D: mouseMove2
[   649.29 ] D: _automationChanging true
[   649.29 ] D: ACTIVE
[   649.29 ] D: _currentMouseY 254 27 146 28 QSizeF(1, 0)
[   649.29 ] D: mouseMove2
[   649.30 ] D: _pointActive2 false 0
[   649.30 ] D: _automationChanging true
[   649.30 ] D: createSelectedPoints 0 -1
[   649.30 ] D: _pointActive2 false 0
[   649.30 ] D: createSelectedPoints 0 -1
[   649.30 ] D: ACTIVE
[   649.30 ] D: _currentMouseY 259 27 146 28 QSizeF(5, 0)
[   649.30 ] D: mouseMove2
[   649.30 ] D: _automationChanging true
[   649.30 ] D: ACTIVE
[   649.30 ] D: _currentMouseY 260 27 146 28 QSizeF(1, 0)
[   649.31 ] D: mouseMove2
[   649.31 ] D: _automationChanging true
[   649.31 ] D: ACTIVE
[   649.31 ] D: _currentMouseY 262 27 146 28 QSizeF(2, 0)
[   649.31 ] D: mouseMove2
[   649.32 ] D: _automationChanging true
[   649.32 ] D: _pointActive2 false 0
[   649.32 ] D: createSelectedPoints 0 -1
[   649.32 ] D: _pointActive2 false 0
[   649.32 ] D: createSelectedPoints 0 -1
[   649.32 ] D: ACTIVE
[   649.32 ] D: _currentMouseY 263 27 146 28 QSizeF(1, 0)
[   649.32 ] D: mouseMove2
[   649.32 ] D: _automationChanging true
[   649.32 ] D: ACTIVE
[   649.32 ] D: _currentMouseY 269 27 146 28 QSizeF(6, 0)
[   649.32 ] D: mouseMove2
[   649.32 ] D: _automationChanging true
[   649.32 ] D: ACTIVE
[   649.32 ] D: _currentMouseY 270 27 146 28 QSizeF(1, 0)
[   649.33 ] D: mouseMove2
[   649.34 ] D: _pointActive2 false 0
[   649.34 ] D: createSelectedPoints 0 -1
[   649.34 ] D: _pointActive2 false 0
[   649.34 ] D: createSelectedPoints 0 -1
[   649.34 ] D: _automationChanging true
[   649.34 ] D: ACTIVE
[   649.34 ] D: _currentMouseY 274 27 146 28 QSizeF(4, 0)
[   649.34 ] D: mouseMove2
[   649.34 ] D: _automationChanging true
[   649.34 ] D: ACTIVE
[   649.34 ] D: _currentMouseY 275 27 146 28 QSizeF(1, 0)
[   649.34 ] D: mouseMove2
[   649.35 ] D: _pointActive2 false 0
[   649.35 ] D: createSelectedPoints 0 -1
[   649.35 ] D: _pointActive2 false 0
[   649.35 ] D: createSelectedPoints 0 -1
[   649.35 ] D: _automationChanging true
[   649.35 ] D: ACTIVE
[   649.35 ] D: _currentMouseY 279 27 146 28 QSizeF(4, 0)
[   649.35 ] D: mouseMove2
[   649.35 ] D: _automationChanging true
[   649.35 ] D: ACTIVE
[   649.35 ] D: _currentMouseY 280 27 146 28 QSizeF(1, 0)
[   649.36 ] D: mouseMove2
[   649.37 ] D: _pointActive2 false 0
[   649.37 ] D: createSelectedPoints 0 -1
[   649.37 ] D: _pointActive2 false 0
[   649.37 ] D: _automationChanging true
[   649.37 ] D: createSelectedPoints 0 -1
[   649.37 ] D: ACTIVE
[   649.37 ] D: _currentMouseY 283 28 146 28 QSizeF(3, 1)
[   649.37 ] D: mouseMove2
[   649.37 ] D: _automationChanging true
[   649.37 ] D: ACTIVE
[   649.37 ] D: _currentMouseY 284 28 146 28 QSizeF(1, 0)
[   649.37 ] D: mouseMove2
[   649.39 ] D: _pointActive2 false 0
[   649.39 ] D: createSelectedPoints 0 -1
[   649.39 ] D: _pointActive2 false 0
[   649.39 ] D: createSelectedPoints 0 -1
[   649.39 ] D: _automationChanging true
[   649.39 ] D: ACTIVE
[   649.39 ] D: _currentMouseY 286 28 146 28 QSizeF(2, 0)
[   649.39 ] D: mouseMove2
[   649.39 ] D: _automationChanging true
[   649.39 ] D: ACTIVE
[   649.39 ] D: _currentMouseY 289 28 146 28 QSizeF(3, 0)
[   649.39 ] D: mouseMove2
[   649.40 ] D: _pointActive2 false 0
[   649.40 ] D: _automationChanging true
[   649.40 ] D: createSelectedPoints 0 -1
[   649.40 ] D: _pointActive2 false 0
[   649.40 ] D: createSelectedPoints 0 -1
[   649.40 ] D: ACTIVE
[   649.40 ] D: _currentMouseY 291 28 146 28 QSizeF(2, 0)
[   649.41 ] D: mouseMove2
[   649.42 ] D: _pointActive2 false 0
[   649.42 ] D: createSelectedPoints 0 -1
[   649.42 ] D: _pointActive2 false 0
[   649.42 ] D: createSelectedPoints 0 -1
[   649.42 ] D: _automationChanging true
[   649.42 ] D: ACTIVE
[   649.42 ] D: _currentMouseY 294 28 146 28 QSizeF(3, 0)
[   649.42 ] D: mouseMove2
[   649.43 ] D: _pointActive2 false 0
[   649.43 ] D: createSelectedPoints 0 -1
[   649.43 ] D: _pointActive2 false 0
[   649.43 ] D: createSelectedPoints 0 -1
[   649.44 ] D: _automationChanging true
[   649.44 ] D: ACTIVE
[   649.44 ] D: _currentMouseY 298 28 146 28 QSizeF(4, 0)
[   649.44 ] D: mouseMove2
[   649.44 ] D: _automationChanging true
[   649.44 ] D: ACTIVE
[   649.44 ] D: _currentMouseY 299 28 146 28 QSizeF(1, 0)
[   649.44 ] D: mouseMove2
[   649.45 ] D: _pointActive2 false 0
[   649.45 ] D: createSelectedPoints 0 -1
[   649.45 ] D: _pointActive2 false 0
[   649.45 ] D: createSelectedPoints 0 -1
[   649.45 ] D: _automationChanging true
[   649.45 ] D: ACTIVE
[   649.45 ] D: _currentMouseY 303 28 146 28 QSizeF(4, 0)
[   649.45 ] D: mouseMove2
[   649.45 ] D: _automationChanging true
[   649.45 ] D: ACTIVE
[   649.45 ] D: _currentMouseY 305 29 146 28 QSizeF(2, 1)
[   649.46 ] D: mouseMove2
[   649.46 ] D: _automationChanging true
[   649.46 ] D: ACTIVE
[   649.46 ] D: _currentMouseY 306 29 146 28 QSizeF(1, 0)
[   649.46 ] D: mouseMove2
[   649.47 ] D: _pointActive2 false 0
[   649.47 ] D: _automationChanging true
[   649.47 ] D: createSelectedPoints 0 -1
[   649.47 ] D: _pointActive2 false 0
[   649.47 ] D: createSelectedPoints 0 -1
[   649.47 ] D: ACTIVE
[   649.47 ] D: _currentMouseY 311 29 146 28 QSizeF(5, 0)
[   649.47 ] D: mouseMove2
[   649.47 ] D: _automationChanging true
[   649.47 ] D: ACTIVE
[   649.47 ] D: _currentMouseY 317 29 146 28 QSizeF(6, 0)
[   649.47 ] D: mouseMove2
[   649.49 ] D: _automationChanging true
[   649.49 ] D: _pointActive2 false 0
[   649.49 ] D: createSelectedPoints 0 -1
[   649.49 ] D: _pointActive2 false 0
[   649.49 ] D: createSelectedPoints 0 -1
[   649.49 ] D: ACTIVE
[   649.49 ] D: _currentMouseY 319 30 146 28 QSizeF(2, 1)
[   649.49 ] D: mouseMove2
[   649.49 ] D: _automationChanging true
[   649.49 ] D: ACTIVE
[   649.49 ] D: _currentMouseY 320 30 146 28 QSizeF(1, 0)
[   649.49 ] D: mouseMove2
[   649.49 ] D: _automationChanging true
[   649.49 ] D: ACTIVE
[   649.49 ] D: _currentMouseY 323 31 146 28 QSizeF(3, 1)
[   649.49 ] D: mouseMove2
[   649.49 ] D: _automationChanging true
[   649.49 ] D: ACTIVE
[   649.49 ] D: _currentMouseY 324 31 146 28 QSizeF(1, 0)
[   649.49 ] D: mouseMove2
[   649.50 ] D: _pointActive2 false 0
[   649.50 ] D: _automationChanging true
[   649.50 ] D: createSelectedPoints 0 -1
[   649.50 ] D: _pointActive2 false 0
[   649.50 ] D: createSelectedPoints 0 -1
[   649.50 ] D: ACTIVE
[   649.50 ] D: _currentMouseY 329 31 146 28 QSizeF(5, 0)
[   649.50 ] D: mouseMove2
[   649.50 ] D: _automationChanging true
[   649.50 ] D: ACTIVE
[   649.51 ] D: _currentMouseY 330 31 146 28 QSizeF(1, 0)
[   649.51 ] D: mouseMove2
[   649.51 ] D: _automationChanging true
[   649.51 ] D: ACTIVE
[   649.51 ] D: _currentMouseY 332 31 146 28 QSizeF(2, 0)
[   649.51 ] D: mouseMove2
[   649.51 ] D: _automationChanging true
[   649.51 ] D: ACTIVE
[   649.51 ] D: _currentMouseY 335 31 146 28 QSizeF(3, 0)
[   649.51 ] D: mouseMove2
[   649.52 ] D: _automationChanging true
[   649.52 ] D: _pointActive2 false 0
[   649.52 ] D: createSelectedPoints 0 -1
[   649.52 ] D: _pointActive2 false 0
[   649.52 ] D: createSelectedPoints 0 -1
[   649.52 ] D: ACTIVE
[   649.52 ] D: _currentMouseY 336 31 146 28 QSizeF(1, 0)
[   649.52 ] D: mouseMove2
[   649.53 ] D: _automationChanging true
[   649.53 ] D: _pointActive2 false 0
[   649.53 ] D: createSelectedPoints 0 -1
[   649.53 ] D: _pointActive2 false 0
[   649.53 ] D: createSelectedPoints 0 -1
[   649.54 ] D: ACTIVE
[   649.54 ] D: _currentMouseY 340 32 146 28 QSizeF(4, 1)
[   649.54 ] D: mouseMove2
[   649.54 ] D: _automationChanging true
[   649.54 ] D: ACTIVE
[   649.54 ] D: _currentMouseY 342 32 146 28 QSizeF(2, 0)
[   649.54 ] D: mouseMove2
[   649.54 ] D: _automationChanging true
[   649.54 ] D: ACTIVE
[   649.54 ] D: _currentMouseY 343 32 146 28 QSizeF(1, 0)
[   649.54 ] D: mouseMove2
[   649.55 ] D: _pointActive2 false 0
[   649.55 ] D: _automationChanging true
[   649.55 ] D: createSelectedPoints 0 -1
[   649.55 ] D: _pointActive2 false 0
[   649.55 ] D: createSelectedPoints 0 -1
[   649.55 ] D: ACTIVE
[   649.55 ] D: _currentMouseY 345 33 146 28 QSizeF(2, 1)
[   649.55 ] D: mouseMove2
[   649.55 ] D: _automationChanging true
[   649.55 ] D: ACTIVE
[   649.56 ] D: _currentMouseY 346 33 146 28 QSizeF(1, 0)
[   649.56 ] D: mouseMove2
[   649.57 ] D: _pointActive2 false 0
[   649.57 ] D: createSelectedPoints 0 -1
[   649.57 ] D: _automationChanging true
[   649.57 ] D: _pointActive2 false 0
[   649.57 ] D: createSelectedPoints 0 -1
[   649.57 ] D: ACTIVE
[   649.57 ] D: _currentMouseY 348 33 146 28 QSizeF(2, 0)
[   649.57 ] D: mouseMove2
[   649.58 ] D: _automationChanging true
[   649.58 ] D: ACTIVE
[   649.58 ] D: _currentMouseY 349 33 146 28 QSizeF(1, 0)
[   649.58 ] D: mouseMove2
[   649.59 ] D: _pointActive2 false 0
[   649.59 ] D: _automationChanging true
[   649.59 ] D: createSelectedPoints 0 -1
[   649.59 ] D: _pointActive2 false 0
[   649.59 ] D: createSelectedPoints 0 -1
[   649.59 ] D: ACTIVE
[   649.59 ] D: _currentMouseY 349 33 146 28 QSizeF(0, 0)
[   649.59 ] D: mouseMove2
[   649.59 ] D: _automationChanging true
[   649.59 ] D: ACTIVE
[   649.59 ] D: _currentMouseY 350 33 146 28 QSizeF(1, 0)
[   649.59 ] D: mouseMove2
[   649.60 ] D: _pointActive2 false 0
[   649.60 ] D: createSelectedPoints 0 -1
[   649.60 ] D: _pointActive2 false 0
[   649.60 ] D: createSelectedPoints 0 -1
[   649.60 ] D: _automationChanging true
[   649.60 ] D: ACTIVE
[   649.60 ] D: _currentMouseY 350 33 146 28 QSizeF(0, 0)
[   649.60 ] D: mouseMove2
[   649.61 ] D: _automationChanging true
[   649.61 ] D: ACTIVE
[   649.61 ] D: _currentMouseY 351 33 146 28 QSizeF(1, 0)
[   649.61 ] D: mouseMove2
[   649.62 ] D: _pointActive2 false 0
[   649.62 ] D: createSelectedPoints 0 -1
[   649.62 ] D: _pointActive2 false 0
[   649.62 ] D: _automationChanging true
[   649.62 ] D: createSelectedPoints 0 -1
[   649.62 ] D: ACTIVE
[   649.62 ] D: _currentMouseY 353 33 146 28 QSizeF(2, 0)
[   649.62 ] D: mouseMove2
[   649.62 ] D: _automationChanging true
[   649.62 ] D: ACTIVE
[   649.62 ] D: _currentMouseY 354 33 146 28 QSizeF(1, 0)
[   649.62 ] D: mouseMove2
[   649.64 ] D: _pointActive2 false 0
[   649.64 ] D: createSelectedPoints 0 -1
[   649.64 ] D: _pointActive2 false 0
[   649.64 ] D: createSelectedPoints 0 -1
[   649.64 ] D: _automationChanging true
[   649.64 ] D: ACTIVE
[   649.64 ] D: _currentMouseY 357 33 146 28 QSizeF(3, 0)
[   649.64 ] D: mouseMove2
[   649.64 ] D: _automationChanging true
[   649.64 ] D: ACTIVE
[   649.64 ] D: _currentMouseY 358 33 146 28 QSizeF(1, 0)
[   649.64 ] D: mouseMove2
[   649.65 ] D: _pointActive2 false 0
[   649.65 ] D: _automationChanging true
[   649.65 ] D: createSelectedPoints 0 -1
[   649.65 ] D: _pointActive2 false 0
[   649.65 ] D: createSelectedPoints 0 -1
[   649.65 ] D: ACTIVE
[   649.65 ] D: _currentMouseY 362 33 146 28 QSizeF(4, 0)
[   649.65 ] D: mouseMove2
[   649.66 ] D: _automationChanging true
[   649.66 ] D: ACTIVE
[   649.66 ] D: _currentMouseY 363 33 146 28 QSizeF(1, 0)
[   649.66 ] D: mouseMove2
[   649.68 ] D: _pointActive2 false 0
[   649.68 ] D: createSelectedPoints 0 -1
[   649.68 ] D: _pointActive2 false 0
[   649.68 ] D: createSelectedPoints 0 -1
[   649.68 ] D: _automationChanging true
[   649.68 ] D: ACTIVE
[   649.68 ] D: _currentMouseY 365 33 146 28 QSizeF(2, 0)
[   649.68 ] D: mouseMove2
[   649.68 ] D: _pointActive2 false 0
[   649.68 ] D: _automationChanging true
[   649.68 ] D: createSelectedPoints 0 -1
[   649.69 ] D: _pointActive2 false 0
[   649.69 ] D: createSelectedPoints 0 -1
[   649.69 ] D: ACTIVE
[   649.69 ] D: _currentMouseY 365 33 146 28 QSizeF(0, 0)
[   649.69 ] D: mouseMove2
[   649.70 ] D: _pointActive2 false 0
[   649.70 ] D: createSelectedPoints 0 -1
[   649.70 ] D: _pointActive2 false 0
[   649.70 ] D: createSelectedPoints 0 -1
[   649.82 ] D: _automationChanging true
[   649.82 ] D: ACTIVE
[   649.82 ] D: _currentMouseY 367 33 146 28 QSizeF(2, 0)
[   649.82 ] D: mouseMove2
[   649.82 ] D: _automationChanging true
[   649.82 ] D: ACTIVE
[   649.82 ] D: _currentMouseY 368 33 146 28 QSizeF(1, 0)
[   649.82 ] D: mouseMove2
[   649.83 ] D: _pointActive2 false 0
[   649.83 ] D: createSelectedPoints 0 -1
[   649.83 ] D: _automationChanging true
[   649.83 ] D: _pointActive2 false 0
[   649.83 ] D: createSelectedPoints 0 -1
[   649.84 ] D: ACTIVE
[   649.84 ] D: _currentMouseY 372 33 146 28 QSizeF(4, 0)
[   649.84 ] D: mouseMove2
[   649.84 ] D: _automationChanging true
[   649.84 ] D: ACTIVE
[   649.84 ] D: _currentMouseY 377 33 146 28 QSizeF(5, 0)
[   649.84 ] D: mouseMove2
[   649.84 ] D: _automationChanging true
[   649.84 ] D: ACTIVE
[   649.84 ] D: _currentMouseY 378 33 146 28 QSizeF(1, 0)
[   649.84 ] D: mouseMove2
[   649.85 ] D: _pointActive2 false 0
[   649.85 ] D: createSelectedPoints 0 -1
[   649.85 ] D: _pointActive2 false 0
[   649.85 ] D: createSelectedPoints 0 -1
[   649.85 ] D: _automationChanging true
[   649.85 ] D: ACTIVE
[   649.85 ] D: _currentMouseY 382 33 146 28 QSizeF(4, 0)
[   649.85 ] D: mouseMove2
[   649.85 ] D: _automationChanging true
[   649.85 ] D: ACTIVE
[   649.85 ] D: _currentMouseY 383 33 146 28 QSizeF(1, 0)
[   649.86 ] D: mouseMove2
[   649.87 ] D: _pointActive2 false 0
[   649.87 ] D: createSelectedPoints 0 -1
[   649.87 ] D: _pointActive2 false 0
[   649.87 ] D: createSelectedPoints 0 -1
[   649.99 ] D: _automationChanging true
[   649.99 ] D: ACTIVE
[   650.00 ] D: _currentMouseY 383 33 146 28 QSizeF(0, 0)
[   650.00 ] D: mouseMove2
[   650.00 ] D: _pointActive2 false 0
[   650.00 ] D: _automationChanging true
[   650.00 ] D: createSelectedPoints 0 -1
[   650.00 ] D: _pointActive2 false 0
[   650.00 ] D: createSelectedPoints 0 -1
[   650.00 ] D: ACTIVE
[   650.00 ] D: _currentMouseY 381 33 146 28 QSizeF(-2, 0)
[   650.00 ] D: mouseMove2
[   650.00 ] D: _automationChanging true
[   650.00 ] D: ACTIVE
[   650.00 ] D: _currentMouseY 380 33 146 28 QSizeF(-1, 0)
[   650.01 ] D: mouseMove2
[   650.01 ] D: _automationChanging true
[   650.01 ] D: ACTIVE
[   650.01 ] D: _currentMouseY 378 33 146 28 QSizeF(-2, 0)
[   650.01 ] D: mouseMove2
[   650.02 ] D: _automationChanging true
[   650.02 ] D: _pointActive2 false 0
[   650.02 ] D: createSelectedPoints 0 -1
[   650.02 ] D: _pointActive2 false 0
[   650.02 ] D: createSelectedPoints 0 -1
[   650.02 ] D: ACTIVE
[   650.02 ] D: _currentMouseY 377 33 146 28 QSizeF(-1, 0)
[   650.02 ] D: mouseMove2
[   650.02 ] D: _automationChanging true
[   650.02 ] D: ACTIVE
[   650.02 ] D: _currentMouseY 374 33 146 28 QSizeF(-3, 0)
[   650.02 ] D: mouseMove2
[   650.02 ] D: _automationChanging true
[   650.02 ] D: ACTIVE
[   650.02 ] D: _currentMouseY 373 33 146 28 QSizeF(-1, 0)
[   650.03 ] D: mouseMove2
[   650.03 ] D: _automationChanging true
[   650.03 ] D: ACTIVE
[   650.03 ] D: _currentMouseY 369 33 146 28 QSizeF(-4, 0)
[   650.03 ] D: mouseMove2
[   650.03 ] D: _automationChanging true
[   650.03 ] D: _pointActive2 false 0
[   650.03 ] D: createSelectedPoints 0 -1
[   650.03 ] D: _pointActive2 false 0
[   650.03 ] D: createSelectedPoints 0 -1
[   650.03 ] D: ACTIVE
[   650.04 ] D: _currentMouseY 367 33 146 28 QSizeF(-2, 0)
[   650.04 ] D: mouseMove2
[   650.04 ] D: _automationChanging true
[   650.04 ] D: ACTIVE
[   650.04 ] D: _currentMouseY 353 33 146 28 QSizeF(-14, 0)
[   650.04 ] D: mouseMove2
[   650.04 ] D: _automationChanging true
[   650.04 ] D: ACTIVE
[   650.04 ] D: _currentMouseY 349 33 146 28 QSizeF(-4, 0)
[   650.04 ] D: mouseMove2
[   650.05 ] D: _automationChanging true
[   650.05 ] D: _pointActive2 false 0
[   650.05 ] D: createSelectedPoints 0 -1
[   650.05 ] D: _pointActive2 false 0
[   650.05 ] D: createSelectedPoints 0 -1
[   650.05 ] D: ACTIVE
[   650.05 ] D: _currentMouseY 347 33 146 28 QSizeF(-2, 0)
[   650.05 ] D: mouseMove2
[   650.05 ] D: _automationChanging true
[   650.05 ] D: ACTIVE
[   650.05 ] D: _currentMouseY 344 33 146 28 QSizeF(-3, 0)
[   650.05 ] D: mouseMove2
[   650.06 ] D: _automationChanging true
[   650.06 ] D: ACTIVE
[   650.06 ] D: _currentMouseY 337 33 146 28 QSizeF(-7, 0)
[   650.06 ] D: mouseMove2
[   650.07 ] D: _automationChanging true
[   650.07 ] D: _pointActive2 false 0
[   650.07 ] D: createSelectedPoints 0 -1
[   650.07 ] D: _pointActive2 false 0
[   650.07 ] D: createSelectedPoints 0 -1
[   650.07 ] D: ACTIVE
[   650.07 ] D: _currentMouseY 332 32 146 28 QSizeF(-5, -1)
[   650.07 ] D: mouseMove2
[   650.07 ] D: _automationChanging true
[   650.07 ] D: ACTIVE
[   650.07 ] D: _currentMouseY 329 32 146 28 QSizeF(-3, 0)
[   650.07 ] D: mouseMove2
[   650.08 ] D: _automationChanging true
[   650.08 ] D: ACTIVE
[   650.08 ] D: _currentMouseY 321 32 146 28 QSizeF(-8, 0)
[   650.08 ] D: mouseMove2
[   650.08 ] D: _automationChanging true
[   650.08 ] D: _pointActive2 false 0
[   650.09 ] D: createSelectedPoints 0 -1
[   650.09 ] D: _pointActive2 false 0
[   650.09 ] D: createSelectedPoints 0 -1
[   650.09 ] D: ACTIVE
[   650.09 ] D: _currentMouseY 317 31 146 28 QSizeF(-4, -1)
[   650.09 ] D: mouseMove2
[   650.09 ] D: _automationChanging true
[   650.09 ] D: ACTIVE
[   650.09 ] D: _currentMouseY 292 27 146 28 QSizeF(-25, -4)
[   650.09 ] D: mouseMove2
[   650.09 ] D: _automationChanging true
[   650.09 ] D: ACTIVE
[   650.09 ] D: _currentMouseY 287 27 146 28 QSizeF(-5, -1)
[   650.09 ] D: mouseMove2
[   650.10 ] D: _automationChanging true
[   650.10 ] D: _pointActive2 false 0
[   650.10 ] D: createSelectedPoints 0 -1
[   650.10 ] D: _pointActive2 false 0
[   650.10 ] D: createSelectedPoints 0 -1
[   650.10 ] D: ACTIVE
[   650.10 ] D: _currentMouseY 284 27 146 28 QSizeF(-3, -1)
[   650.10 ] D: mouseMove2
[   650.10 ] D: _automationChanging true
[   650.10 ] D: ACTIVE
[   650.11 ] D: _currentMouseY 280 27 146 28 QSizeF(-4, 0)
[   650.11 ] D: mouseMove2
[   650.11 ] D: _automationChanging true
[   650.11 ] D: ACTIVE
[   650.11 ] D: _currentMouseY 271 27 146 28 QSizeF(-9, -1)
[   650.11 ] D: mouseMove2
[   650.12 ] D: _automationChanging true
[   650.12 ] D: _pointActive2 false 0
[   650.12 ] D: createSelectedPoints 0 -1
[   650.12 ] D: _pointActive2 false 0
[   650.12 ] D: createSelectedPoints 0 -1
[   650.12 ] D: ACTIVE
[   650.12 ] D: _currentMouseY 267 27 146 28 QSizeF(-4, -1)
[   650.12 ] D: mouseMove2
[   650.12 ] D: _automationChanging true
[   650.12 ] D: ACTIVE
[   650.12 ] D: _currentMouseY 261 27 146 28 QSizeF(-6, -1)
[   650.12 ] D: mouseMove2
[   650.13 ] D: _automationChanging true
[   650.14 ] D: _pointActive2 false 0
[   650.14 ] D: createSelectedPoints 0 -1
[   650.14 ] D: _pointActive2 false 0
[   650.14 ] D: createSelectedPoints 0 -1
[   650.14 ] D: ACTIVE
[   650.14 ] D: _currentMouseY 258 27 146 28 QSizeF(-3, -1)
[   650.14 ] D: mouseMove2
[   650.14 ] D: _automationChanging true
[   650.14 ] D: ACTIVE
[   650.14 ] D: _currentMouseY 255 27 146 28 QSizeF(-3, 0)
[   650.14 ] D: mouseMove2
[   650.14 ] D: _automationChanging true
[   650.14 ] D: ACTIVE
[   650.14 ] D: _currentMouseY 253 27 146 28 QSizeF(-2, -1)
[   650.14 ] D: mouseMove2
[   650.14 ] D: _automationChanging true
[   650.14 ] D: ACTIVE
[   650.14 ] D: _currentMouseY 251 27 146 28 QSizeF(-2, 0)
[   650.14 ] D: mouseMove2
[   650.15 ] D: _pointActive2 false 0
[   650.15 ] D: createSelectedPoints 0 -1
[   650.15 ] D: _pointActive2 false 0
[   650.15 ] D: createSelectedPoints 0 -1
[   650.15 ] D: _automationChanging true
[   650.15 ] D: ACTIVE
[   650.15 ] D: _currentMouseY 242 27 146 28 QSizeF(-9, -1)
[   650.15 ] D: mouseMove2
[   650.15 ] D: _automationChanging true
[   650.16 ] D: ACTIVE
[   650.16 ] D: _currentMouseY 241 27 146 28 QSizeF(-1, 0)
[   650.16 ] D: mouseMove2
[   650.16 ] D: _automationChanging true
[   650.16 ] D: ACTIVE
[   650.16 ] D: _currentMouseY 240 27 146 28 QSizeF(-1, -1)
[   650.16 ] D: mouseMove2
[   650.16 ] D: _automationChanging true
[   650.16 ] D: ACTIVE
[   650.16 ] D: _currentMouseY 239 27 146 28 QSizeF(-1, 0)
[   650.16 ] D: mouseMove2
[   650.17 ] D: _pointActive2 false 0
[   650.17 ] D: createSelectedPoints 0 -1
[   650.17 ] D: _pointActive2 false 0
[   650.17 ] D: createSelectedPoints 0 -1
[   650.17 ] D: _automationChanging true
[   650.17 ] D: ACTIVE
[   650.17 ] D: _currentMouseY 235 27 146 28 QSizeF(-4, 0)
[   650.17 ] D: mouseMove2
[   650.17 ] D: _automationChanging true
[   650.17 ] D: ACTIVE
[   650.17 ] D: _currentMouseY 230 27 146 28 QSizeF(-5, 0)
[   650.17 ] D: mouseMove2
[   650.17 ] D: _automationChanging true
[   650.17 ] D: ACTIVE
[   650.17 ] D: _currentMouseY 229 27 146 28 QSizeF(-1, 0)
[   650.17 ] D: mouseMove2
[   650.18 ] D: _pointActive2 false 0
[   650.18 ] D: _automationChanging true
[   650.18 ] D: createSelectedPoints 0 -1
[   650.18 ] D: _pointActive2 false 0
[   650.18 ] D: createSelectedPoints 0 -1
[   650.18 ] D: ACTIVE
[   650.18 ] D: _currentMouseY 227 27 146 28 QSizeF(-2, 0)
[   650.19 ] D: mouseMove2
[   650.19 ] D: _automationChanging true
[   650.19 ] D: ACTIVE
[   650.19 ] D: _currentMouseY 226 27 146 28 QSizeF(-1, 0)
[   650.19 ] D: mouseMove2
[   650.20 ] D: _pointActive2 false 0
[   650.20 ] D: createSelectedPoints 0 -1
[   650.20 ] D: _pointActive2 false 0
[   650.20 ] D: createSelectedPoints 0 -1
[   650.21 ] D: _automationChanging true
[   650.21 ] D: ACTIVE
[   650.21 ] D: _currentMouseY 224 27 146 28 QSizeF(-2, 0)
[   650.21 ] D: mouseMove2
[   650.22 ] D: _automationChanging true
[   650.22 ] D: ACTIVE
[   650.22 ] D: _currentMouseY 223 27 146 28 QSizeF(-1, 0)
[   650.22 ] D: mouseMove2
[   650.22 ] D: _automationChanging true
[   650.22 ] D: _pointActive2 false 0
[   650.22 ] D: createSelectedPoints 0 -1
[   650.22 ] D: _pointActive2 false 0
[   650.22 ] D: createSelectedPoints 0 -1
[   650.22 ] D: ACTIVE
[   650.22 ] D: _currentMouseY 223 27 146 28 QSizeF(0, 0)
[   650.22 ] D: mouseMove2
[   650.23 ] D: _automationChanging true
[   650.23 ] D: _pointActive2 false 0
[   650.23 ] D: createSelectedPoints 0 -1
[   650.23 ] D: _pointActive2 false 0
[   650.23 ] D: createSelectedPoints 0 -1
[   650.23 ] D: ACTIVE
[   650.24 ] D: _currentMouseY 222 27 146 28 QSizeF(-1, 0)
[   650.24 ] D: mouseMove2
[   650.24 ] D: _automationChanging true
[   650.24 ] D: ACTIVE
[   650.24 ] D: _currentMouseY 220 27 146 28 QSizeF(-2, 0)
[   650.24 ] D: mouseMove2
[   650.24 ] D: _automationChanging true
[   650.24 ] D: ACTIVE
[   650.24 ] D: _currentMouseY 219 27 146 28 QSizeF(-1, 0)
[   650.24 ] D: mouseMove2
[   650.25 ] D: _pointActive2 false 0
[   650.25 ] D: createSelectedPoints 0 -1
[   650.25 ] D: _pointActive2 false 0
[   650.25 ] D: createSelectedPoints 0 -1
[   650.26 ] D: _automationChanging true
[   650.26 ] D: ACTIVE
[   650.26 ] D: _currentMouseY 217 27 146 28 QSizeF(-2, 0)
[   650.27 ] D: mouseMove2
[   650.27 ] D: _automationChanging true
[   650.27 ] D: ACTIVE
[   650.27 ] D: _currentMouseY 217 27 146 28 QSizeF(0, 0)
[   650.27 ] D: mouseMove2
[   650.27 ] D: _automationChanging true
[   650.27 ] D: ACTIVE
[   650.27 ] D: _currentMouseY 217 28 146 28 QSizeF(0, 1)
[   650.27 ] D: mouseMove2
[   650.28 ] D: _pointActive2 false 0
[   650.28 ] D: _automationChanging true
[   650.28 ] D: createSelectedPoints 0 -1
[   650.28 ] D: _pointActive2 false 0
[   650.28 ] D: createSelectedPoints 0 -1
[   650.29 ] D: ACTIVE
[   650.29 ] D: _currentMouseY 216 28 146 28 QSizeF(-1, 0)
[   650.29 ] D: mouseMove2
[   650.30 ] D: _pointActive2 false 0
[   650.30 ] D: _automationChanging true
[   650.30 ] D: createSelectedPoints 0 -1
[   650.30 ] D: _pointActive2 false 0
[   650.30 ] D: createSelectedPoints 0 -1
[   650.30 ] D: ACTIVE
[   650.30 ] D: _currentMouseY 215 29 146 28 QSizeF(-1, 1)
[   650.30 ] D: mouseMove2
[   650.32 ] D: _pointActive2 false 0
[   650.32 ] D: createSelectedPoints 0 -1
[   650.32 ] D: _pointActive2 false 0
[   650.32 ] D: createSelectedPoints 0 -1
[   650.32 ] D: _automationChanging true
[   650.32 ] D: ACTIVE
[   650.32 ] D: _currentMouseY 214 29 146 28 QSizeF(-1, 0)
[   650.32 ] D: mouseMove2
[   650.34 ] D: _pointActive2 false 0
[   650.34 ] D: createSelectedPoints 0 -1
[   650.34 ] D: _pointActive2 false 0
[   650.34 ] D: createSelectedPoints 0 -1
[   650.34 ] D: _automationChanging true
[   650.34 ] D: ACTIVE
[   650.34 ] D: _currentMouseY 214 30 146 28 QSizeF(0, 1)
[   650.34 ] D: mouseMove2
[   650.35 ] D: _pointActive2 false 0
[   650.35 ] D: createSelectedPoints 0 -1
[   650.35 ] D: _pointActive2 false 0
[   650.35 ] D: createSelectedPoints 0 -1
[   650.35 ] D: _automationChanging true
[   650.35 ] D: ACTIVE
[   650.35 ] D: _currentMouseY 212 31 146 28 QSizeF(-2, 1)
[   650.36 ] D: mouseMove2
[   650.37 ] D: _pointActive2 false 0
[   650.37 ] D: createSelectedPoints 0 -1
[   650.37 ] D: _pointActive2 false 0
[   650.37 ] D: _automationChanging true
[   650.37 ] D: createSelectedPoints 0 -1
[   650.37 ] D: ACTIVE
[   650.37 ] D: _currentMouseY 211 32 146 28 QSizeF(-1, 1)
[   650.37 ] D: mouseMove2
[   650.39 ] D: _pointActive2 false 0
[   650.39 ] D: createSelectedPoints 0 -1
[   650.39 ] D: _pointActive2 false 0
[   650.39 ] D: createSelectedPoints 0 -1
[   650.40 ] D: _automationChanging true
[   650.40 ] D: ACTIVE
[   650.40 ] D: _currentMouseY 209 33 146 28 QSizeF(-2, 1)
[   650.40 ] D: mouseMove2
[   650.40 ] D: _automationChanging true
[   650.40 ] D: _pointActive2 false 0
[   650.40 ] D: createSelectedPoints 0 -1
[   650.40 ] D: _pointActive2 false 0
[   650.40 ] D: createSelectedPoints 0 -1
[   650.40 ] D: ACTIVE
[   650.40 ] D: _currentMouseY 209 33 146 28 QSizeF(0, 0)
[   650.41 ] D: mouseMove2
[   650.42 ] D: _automationChanging true
[   650.42 ] D: _pointActive2 false 0
[   650.42 ] D: createSelectedPoints 0 -1
[   650.42 ] D: _pointActive2 false 0
[   650.42 ] D: createSelectedPoints 0 -1
[   650.42 ] D: ACTIVE
[   650.42 ] D: _currentMouseY 209 34 146 28 QSizeF(0, 1)
[   650.42 ] D: mouseMove2
[   650.43 ] D: _automationChanging true
[   650.43 ] D: ACTIVE
[   650.43 ] D: _currentMouseY 207 34 146 28 QSizeF(-2, 0)
[   650.43 ] D: mouseMove2
[   650.44 ] D: _automationChanging true
[   650.44 ] D: _pointActive2 false 0
[   650.44 ] D: createSelectedPoints 0 -1
[   650.44 ] D: _pointActive2 false 0
[   650.44 ] D: createSelectedPoints 0 -1
[   650.44 ] D: ACTIVE
[   650.44 ] D: _currentMouseY 206 34 146 28 QSizeF(-1, 0)
[   650.44 ] D: mouseMove2
[   650.44 ] D: _automationChanging true
[   650.44 ] D: ACTIVE
[   650.44 ] D: _currentMouseY 203 36 146 28 QSizeF(-3, 2)
[   650.44 ] D: mouseMove2
[   650.44 ] D: _automationChanging true
[   650.44 ] D: ACTIVE
[   650.44 ] D: _currentMouseY 202 36 146 28 QSizeF(-1, 0)
[   650.45 ] D: mouseMove2
[   650.45 ] D: _pointActive2 false 0
[   650.45 ] D: _automationChanging true
[   650.45 ] D: createSelectedPoints 0 -1
[   650.45 ] D: _pointActive2 false 0
[   650.45 ] D: createSelectedPoints 0 -1
[   650.45 ] D: ACTIVE
[   650.45 ] D: _currentMouseY 200 37 146 28 QSizeF(-2, 1)
[   650.46 ] D: mouseMove2
[   650.46 ] D: _automationChanging true
[   650.46 ] D: ACTIVE
[   650.46 ] D: _currentMouseY 199 37 146 28 QSizeF(-1, 0)
[   650.46 ] D: mouseMove2
[   650.46 ] D: _automationChanging true
[   650.46 ] D: ACTIVE
[   650.46 ] D: _currentMouseY 198 38 146 28 QSizeF(-1, 1)
[   650.46 ] D: mouseMove2
[   650.47 ] D: _automationChanging true
[   650.47 ] D: _pointActive2 false 0
[   650.47 ] D: createSelectedPoints 0 -1
[   650.47 ] D: _pointActive2 false 0
[   650.47 ] D: createSelectedPoints 0 -1
[   650.47 ] D: ACTIVE
[   650.47 ] D: _currentMouseY 197 38 146 28 QSizeF(-1, 0)
[   650.47 ] D: mouseMove2
[   650.47 ] D: _automationChanging true
[   650.47 ] D: ACTIVE
[   650.47 ] D: _currentMouseY 195 39 146 28 QSizeF(-2, 1)
[   650.47 ] D: mouseMove2
[   650.49 ] D: _automationChanging true
[   650.49 ] D: _pointActive2 false 0
[   650.49 ] D: createSelectedPoints 0 -1
[   650.49 ] D: _pointActive2 false 0
[   650.49 ] D: createSelectedPoints 0 -1
[   650.49 ] D: ACTIVE
[   650.49 ] D: _currentMouseY 194 39 146 28 QSizeF(-1, 0)
[   650.49 ] D: mouseMove2
[   650.49 ] D: _automationChanging true
[   650.49 ] D: ACTIVE
[   650.49 ] D: _currentMouseY 192 39 146 28 QSizeF(-2, 0)
[   650.49 ] D: mouseMove2
[   650.49 ] D: _automationChanging true
[   650.49 ] D: ACTIVE
[   650.49 ] D: _currentMouseY 191 39 146 28 QSizeF(-1, 0)
[   650.49 ] D: mouseMove2
[   650.50 ] D: _automationChanging true
[   650.50 ] D: _pointActive2 false 0
[   650.50 ] D: createSelectedPoints 0 -1
[   650.50 ] D: _pointActive2 false 0
[   650.50 ] D: createSelectedPoints 0 -1
[   650.50 ] D: ACTIVE
[   650.50 ] D: _currentMouseY 189 40 146 28 QSizeF(-2, 1)
[   650.51 ] D: mouseMove2
[   650.51 ] D: _automationChanging true
[   650.51 ] D: ACTIVE
[   650.51 ] D: _currentMouseY 188 40 146 28 QSizeF(-1, 0)
[   650.51 ] D: mouseMove2
[   650.51 ] D: _automationChanging true
[   650.51 ] D: ACTIVE
[   650.51 ] D: _currentMouseY 186 40 146 28 QSizeF(-2, 0)
[   650.51 ] D: mouseMove2
[   650.52 ] D: _pointActive2 false 0
[   650.52 ] D: createSelectedPoints 0 -1
[   650.52 ] D: _automationChanging true
[   650.52 ] D: _pointActive2 false 0
[   650.52 ] D: createSelectedPoints 0 -1
[   650.52 ] D: ACTIVE
[   650.52 ] D: _currentMouseY 183 41 146 28 QSizeF(-3, 1)
[   650.52 ] D: mouseMove2
[   650.52 ] D: _automationChanging true
[   650.52 ] D: ACTIVE
[   650.52 ] D: _currentMouseY 182 41 146 28 QSizeF(-1, 0)
[   650.52 ] D: mouseMove2
[   650.54 ] D: _automationChanging true
[   650.54 ] D: _pointActive2 false 0
[   650.54 ] D: createSelectedPoints 0 -1
[   650.54 ] D: _pointActive2 false 0
[   650.54 ] D: createSelectedPoints 0 -1
[   650.54 ] D: ACTIVE
[   650.54 ] D: _currentMouseY 180 42 146 28 QSizeF(-2, 1)
[   650.54 ] D: mouseMove2
[   650.54 ] D: _automationChanging true
[   650.54 ] D: ACTIVE
[   650.54 ] D: _currentMouseY 174 44 146 28 QSizeF(-6, 2)
[   650.54 ] D: mouseMove2
[   650.55 ] D: _automationChanging true
[   650.55 ] D: _pointActive2 false 0
[   650.55 ] D: createSelectedPoints 0 -1
[   650.55 ] D: _pointActive2 false 0
[   650.55 ] D: createSelectedPoints 0 -1
[   650.55 ] D: ACTIVE
[   650.55 ] D: _currentMouseY 173 44 146 28 QSizeF(-1, 0)
[   650.55 ] D: mouseMove2
[   650.57 ] D: _pointActive2 false 0
[   650.57 ] D: createSelectedPoints 0 -1
[   650.57 ] D: _pointActive2 false 0
[   650.57 ] D: createSelectedPoints 0 -1
[   650.57 ] D: _automationChanging true
[   650.57 ] D: ACTIVE
[   650.57 ] D: _currentMouseY 171 44 146 28 QSizeF(-2, 0)
[   650.58 ] D: mouseMove2
[   650.59 ] D: _pointActive2 false 0
[   650.59 ] D: createSelectedPoints 0 -1
[   650.59 ] D: _pointActive2 false 0
[   650.59 ] D: createSelectedPoints 0 -1
[   650.59 ] D: _automationChanging true
[   650.59 ] D: ACTIVE
[   650.59 ] D: _currentMouseY 171 44 146 28 QSizeF(0, 0)
[   650.59 ] D: mouseMove2
[   650.60 ] D: _pointActive2 false 0
[   650.60 ] D: createSelectedPoints 0 -1
[   650.60 ] D: _pointActive2 false 0
[   650.60 ] D: createSelectedPoints 0 -1
[   650.87 ] D: createSelectedPoints 0 -1
[   650.87 ] D: ACTIVE
[   659.95 ] D: findTrackIndexByPoint 0 QRect(0,0 1707x111) true QPointF(176,38)
[   659.96 ] D: ACTIVE
[   659.96 ] D: ACTIVE
[   659.96 ] D: _automationChanging true
[   659.96 ] D: mouseMove2
[   659.97 ] D: createSelectedPoints 0 -1
[   659.97 ] D: _automationChanging true
[   659.97 ] D: mouseMove2
[   660.00 ] D: _automationChanging true
[   660.00 ] D: mouseMove2
[   660.02 ] D: _automationChanging true
[   660.02 ] D: mouseMove2
[   660.04 ] D: _automationChanging true
[   660.04 ] D: mouseMove2
[   660.05 ] D: _automationChanging true
[   660.05 ] D: mouseMove2
[   660.07 ] D: _automationChanging true
[   660.07 ] D: _pointActive1 false true false
[   660.07 ] D: _pointActive2 false 0
[   660.07 ] D: createSelectedPoints 0 -1
[   660.07 ] D: ACTIVE
[   660.07 ] D: _currentMouseY 180 43 176 38 QSizeF(4, 5)
[   660.07 ] D: mouseMove2
[   660.07 ] D: ACTIVE
[   660.07 ] D: _automationChanging true
[   660.07 ] D: ACTIVE
[   660.07 ] D: _currentMouseY 180 44 176 38 QSizeF(0, 1)
[   660.07 ] D: mouseMove2
[   660.09 ] D: _pointActive2 false 0
[   660.09 ] D: createSelectedPoints 0 -1
[   660.09 ] D: _pointActive2 false 0
[   660.09 ] D: createSelectedPoints 0 -1
[   660.09 ] D: _automationChanging true
[   660.09 ] D: ACTIVE
[   660.09 ] D: _currentMouseY 181 46 176 38 QSizeF(1, 2)
[   660.09 ] D: mouseMove2
[   660.09 ] D: _automationChanging true
[   660.09 ] D: ACTIVE
[   660.09 ] D: _currentMouseY 181 47 176 38 QSizeF(0, 1)
[   660.09 ] D: mouseMove2
[   660.10 ] D: _pointActive2 false 0
[   660.10 ] D: createSelectedPoints 0 -1
[   660.10 ] D: _pointActive2 false 0
[   660.10 ] D: createSelectedPoints 0 -1
[   660.10 ] D: _automationChanging true
[   660.10 ] D: ACTIVE
[   660.11 ] D: _currentMouseY 181 49 176 38 QSizeF(0, 2)
[   660.11 ] D: mouseMove2
[   660.11 ] D: _automationChanging true
[   660.11 ] D: ACTIVE
[   660.11 ] D: _currentMouseY 182 49 176 38 QSizeF(1, 0)
[   660.11 ] D: mouseMove2
[   660.12 ] D: _automationChanging true
[   660.12 ] D: _pointActive2 false 0
[   660.12 ] D: createSelectedPoints 0 -1
[   660.12 ] D: _pointActive2 false 0
[   660.12 ] D: createSelectedPoints 0 -1
[   660.12 ] D: ACTIVE
[   660.12 ] D: _currentMouseY 182 50 176 38 QSizeF(0, 1)
[   660.12 ] D: mouseMove2
[   660.12 ] D: _automationChanging true
[   660.12 ] D: ACTIVE
[   660.12 ] D: _currentMouseY 183 52 176 38 QSizeF(1, 2)
[   660.12 ] D: mouseMove2
[   660.13 ] D: _automationChanging true
[   660.13 ] D: ACTIVE
[   660.13 ] D: _currentMouseY 183 53 176 38 QSizeF(0, 1)
[   660.13 ] D: mouseMove2
[   660.14 ] D: _pointActive2 false 0
[   660.14 ] D: createSelectedPoints 0 -1
[   660.14 ] D: _pointActive2 false 0
[   660.14 ] D: createSelectedPoints 0 -1
[   660.15 ] D: _automationChanging true
[   660.15 ] D: ACTIVE
[   660.15 ] D: _currentMouseY 183 55 176 38 QSizeF(0, 2)
[   660.15 ] D: mouseMove2
[   660.15 ] D: _automationChanging true
[   660.15 ] D: ACTIVE
[   660.15 ] D: _currentMouseY 183 55 176 38 QSizeF(0, 0)
[   660.15 ] D: mouseMove2
[   660.17 ] D: _automationChanging true
[   660.17 ] D: _pointActive2 false 0
[   660.17 ] D: createSelectedPoints 0 -1
[   660.17 ] D: _pointActive2 false 0
[   660.17 ] D: createSelectedPoints 0 -1
[   660.17 ] D: ACTIVE
[   660.17 ] D: _currentMouseY 184 56 176 38 QSizeF(1, 1)
[   660.17 ] D: mouseMove2
[   660.17 ] D: _automationChanging true
[   660.17 ] D: ACTIVE
[   660.17 ] D: _currentMouseY 184 56 176 38 QSizeF(0, 0)
[   660.17 ] D: mouseMove2
[   660.17 ] D: _automationChanging true
[   660.17 ] D: ACTIVE
[   660.17 ] D: _currentMouseY 184 57 176 38 QSizeF(0, 1)
[   660.18 ] D: mouseMove2
[   660.19 ] D: _pointActive2 false 0
[   660.19 ] D: createSelectedPoints 0 -1
[   660.19 ] D: _pointActive2 false 0
[   660.19 ] D: createSelectedPoints 0 -1
[   660.20 ] D: _automationChanging true
[   660.20 ] D: ACTIVE
[   660.20 ] D: _currentMouseY 185 58 176 38 QSizeF(1, 1)
[   660.21 ] D: mouseMove2
[   660.21 ] D: _automationChanging true
[   660.21 ] D: ACTIVE
[   660.21 ] D: _currentMouseY 185 59 176 38 QSizeF(0, 1)
[   660.21 ] D: mouseMove2
[   660.22 ] D: _pointActive2 false 0
[   660.22 ] D: _automationChanging true
[   660.22 ] D: createSelectedPoints 0 -1
[   660.22 ] D: _pointActive2 false 0
[   660.22 ] D: createSelectedPoints 0 -1
[   660.22 ] D: ACTIVE
[   660.22 ] D: _currentMouseY 185 59 176 38 QSizeF(0, 0)
[   660.22 ] D: mouseMove2
[   660.24 ] D: _pointActive2 false 0
[   660.24 ] D: createSelectedPoints 0 -1
[   660.24 ] D: _pointActive2 false 0
[   660.24 ] D: createSelectedPoints 0 -1
[   660.24 ] D: _automationChanging true
[   660.24 ] D: ACTIVE
[   660.24 ] D: _currentMouseY 185 60 176 38 QSizeF(0, 1)
[   660.24 ] D: mouseMove2
[   660.25 ] D: _pointActive2 false 0
[   660.25 ] D: _automationChanging true
[   660.25 ] D: createSelectedPoints 0 -1
[   660.25 ] D: _pointActive2 false 0
[   660.25 ] D: createSelectedPoints 0 -1
[   660.25 ] D: ACTIVE
[   660.25 ] D: _currentMouseY 185 60 176 38 QSizeF(0, 0)
[   660.25 ] D: mouseMove2
[   660.27 ] D: _pointActive2 false 0
[   660.27 ] D: _automationChanging true
[   660.27 ] D: createSelectedPoints 0 -1
[   660.27 ] D: _pointActive2 false 0
[   660.27 ] D: createSelectedPoints 0 -1
[   660.27 ] D: ACTIVE
[   660.27 ] D: _currentMouseY 185 61 176 38 QSizeF(0, 1)
[   660.27 ] D: mouseMove2
[   660.28 ] D: _pointActive2 false 0
[   660.28 ] D: createSelectedPoints 0 -1
[   660.29 ] D: _pointActive2 false 0
[   660.29 ] D: createSelectedPoints 0 -1
[   660.30 ] D: _automationChanging true
[   660.30 ] D: ACTIVE
[   660.30 ] D: _currentMouseY 186 64 176 38 QSizeF(1, 3)
[   660.30 ] D: mouseMove2
[   660.32 ] D: _pointActive2 false 0
[   660.32 ] D: _automationChanging true
[   660.32 ] D: createSelectedPoints 0 -1
[   660.32 ] D: _pointActive2 false 0
[   660.32 ] D: createSelectedPoints 0 -1
[   660.32 ] D: ACTIVE
[   660.32 ] D: _currentMouseY 186 65 176 38 QSizeF(0, 1)
[   660.32 ] D: mouseMove2
[   660.34 ] D: _pointActive2 false 0
[   660.34 ] D: createSelectedPoints 0 -1
[   660.34 ] D: _pointActive2 false 0
[   660.34 ] D: createSelectedPoints 0 -1
[   660.34 ] D: _automationChanging true
[   660.34 ] D: ACTIVE
[   660.34 ] D: _currentMouseY 187 66 176 38 QSizeF(1, 1)
[   660.34 ] D: mouseMove2
[   660.34 ] D: _automationChanging true
[   660.34 ] D: ACTIVE
[   660.34 ] D: _currentMouseY 187 67 176 38 QSizeF(0, 1)
[   660.34 ] D: mouseMove2
[   660.35 ] D: _pointActive2 false 0
[   660.35 ] D: createSelectedPoints 0 -1
[   660.35 ] D: _pointActive2 false 0
[   660.35 ] D: createSelectedPoints 0 -1
[   660.37 ] D: _automationChanging true
[   660.37 ] D: ACTIVE
[   660.37 ] D: _currentMouseY 187 69 176 38 QSizeF(0, 2)
[   660.37 ] D: mouseMove2
[   660.39 ] D: _pointActive2 false 0
[   660.39 ] D: createSelectedPoints 0 -1
[   660.39 ] D: _pointActive2 false 0
[   660.39 ] D: createSelectedPoints 0 -1
[   660.39 ] D: _automationChanging true
[   660.39 ] D: ACTIVE
[   660.39 ] D: _currentMouseY 187 69 176 38 QSizeF(0, 0)
[   660.39 ] D: mouseMove2
[   660.40 ] D: _pointActive2 false 0
[   660.40 ] D: createSelectedPoints 0 -1
[   660.40 ] D: _pointActive2 false 0
[   660.40 ] D: createSelectedPoints 0 -1
[   660.42 ] D: _automationChanging true
[   660.42 ] D: ACTIVE
[   660.42 ] D: _currentMouseY 187 70 176 38 QSizeF(0, 1)
[   660.42 ] D: mouseMove2
[   660.44 ] D: _pointActive2 false 0
[   660.44 ] D: _automationChanging true
[   660.44 ] D: createSelectedPoints 0 -1
[   660.44 ] D: _pointActive2 false 0
[   660.44 ] D: createSelectedPoints 0 -1
[   660.44 ] D: ACTIVE
[   660.44 ] D: _currentMouseY 187 70 176 38 QSizeF(0, 0)
[   660.44 ] D: mouseMove2
[   660.45 ] D: _pointActive2 false 0
[   660.45 ] D: createSelectedPoints 0 -1
[   660.45 ] D: _pointActive2 false 0
[   660.45 ] D: createSelectedPoints 0 -1
[   660.70 ] D: _automationChanging true
[   660.70 ] D: ACTIVE
[   660.70 ] D: _currentMouseY 187 69 176 38 QSizeF(0, -1)
[   660.70 ] D: mouseMove2
[   660.70 ] D: _automationChanging true
[   660.70 ] D: ACTIVE
[   660.70 ] D: _currentMouseY 187 67 176 38 QSizeF(0, -2)
[   660.71 ] D: mouseMove2
[   660.72 ] D: _pointActive2 false 0
[   660.72 ] D: createSelectedPoints 0 -1
[   660.72 ] D: _pointActive2 false 0
[   660.72 ] D: createSelectedPoints 0 -1
[   660.73 ] D: _automationChanging true
[   660.73 ] D: ACTIVE
[   660.74 ] D: _currentMouseY 187 64 176 38 QSizeF(0, -3)
[   660.74 ] D: mouseMove2
[   660.75 ] D: _pointActive2 false 0
[   660.75 ] D: _automationChanging true
[   660.75 ] D: createSelectedPoints 0 -1
[   660.75 ] D: _pointActive2 false 0
[   660.75 ] D: createSelectedPoints 0 -1
[   660.75 ] D: ACTIVE
[   660.75 ] D: _currentMouseY 187 64 176 38 QSizeF(0, 0)
[   660.75 ] D: mouseMove2
[   660.77 ] D: _pointActive2 false 0
[   660.77 ] D: createSelectedPoints 0 -1
[   660.77 ] D: _pointActive2 false 0
[   660.77 ] D: createSelectedPoints 0 -1
[   660.91 ] D: createSelectedPoints 0 -1
[   660.91 ] D: ACTIVE
[   661.27 ] D: findTrackIndexByPoint 0 QRect(0,0 1707x111) true QPointF(130,94)
[   661.28 ] D: ACTIVE
[   661.28 ] D: ACTIVE
[   661.28 ] D: createSelectedPoints 0 -1
[   661.96 ] D: _requestForLoading false false
[   661.96 ] D: _requestForLoading2
[   661.96 ] D: _numberOfSampleBuffer 0
[   665.69 ] W: qrc:/Items/CustomRectangle.qml:56: TypeError: Cannot read property 'color' of null
[   665.69 ] W: qrc:/Items/CustomRectangle.qml:56: TypeError: Cannot read property 'color' of null
[   665.69 ] W: qrc:/Items/CustomRectangle.qml:56: TypeError: Cannot read property 'color' of null
[   665.6