[     5.28 ] I: Log: Log file open in follow path at 1403/6/14 22:42:34 : C:\Users\AmirPasha\Desktop\Rpos\DAW-3\build2019\debug\Logs\Launch.log
[     5.28 ] I: The subsystem "class DGE::Core::IO::LogSystem::Logger" is registered successfully.
[     5.28 ] I: The subsystem "class DGE::Core::Windows::QtWindow" is registered successfully.
[     5.28 ] D: API version is: 4.60 ,shader version is: 4.60
[     5.28 ] I: The subsystem "class DGE::GFX::GCore::QtWrapper::QtRenderer" is registered successfully.
[     5.28 ] I: Current Render API is: 4.60
[     5.28 ] I: The subsystem "Renderer" is registered successfully.
[     5.28 ] I: The subsystem "class DGE::Core::Platforms::QtPlatform" is registered successfully.
[     5.28 ] I: The subsystem "Platform" is registered successfully.
[     5.28 ] I: The subsystem "class DGE::Core::IO::FileSystem::FileManager" is registered successfully.
[     5.28 ] I: The subsystem "class DGE::Core::CoreModule" is registered successfully.
[     5.28 ] I: The subsystem "class DGE::Core::Profiling::Profiler" is registered successfully.
[     5.28 ] I: The subsystem "class DGE::GFX::DrawablesManager" is registered successfully.
[     5.28 ] I: #version 460 core
#define GLES_Ver 460

[     5.28 ] I: The subsystem "class DGE::GFX::GraphicsManager" is registered successfully.
[     5.28 ] I: The subsystem "class DGE::GFX::GFXModule" is registered successfully.
[     5.39 ] D: Shader Compile successfully.
[     5.39 ] I: The subsystem "class DGE::Scene::ViewportManager" is registered successfully.
[     5.39 ] I: The subsystem "class DGE::Scene::SceneModule" is registered successfully.
[     5.39 ] I: The subsystem "class DGE::Managers::RenderManager" is registered successfully.
[     5.39 ] D: Engine Enabled
[     5.39 ] I: The subsystem "class DGE::Engine" is registered successfully.
[     5.39 ] D: Node with id 1 is added to Qt layer
[     5.39 ] D: Node with id 2460 is added to Qt layer
[     5.39 ] D: Node with id 2462 is added to Qt layer
[     5.39 ] D: Node with id 2464 is added to Qt layer
[     5.39 ] D: Node with id 2466 is added to Qt layer
[     5.39 ] D: Node with id 2468 is added to Qt layer
[     5.39 ] D: Node with id 2470 is added to Qt layer
[     5.39 ] D: Node with id 2472 is added to Qt layer
[     5.39 ] D: Node with id 2474 is added to Qt layer
[     5.39 ] D: Node with id 2476 is added to Qt layer
[     5.39 ] D: Node with id 2478 is added to Qt layer
[     5.39 ] D: Node with id 2480 is added to Qt layer
[     5.39 ] D: Node with id 2482 is added to Qt layer
[     5.39 ] D: Node with id 2484 is added to Qt layer
[     5.39 ] D: Node with id 2486 is added to Qt layer
[     5.39 ] D: Node with id 2487 is added to Qt layer
[     5.40 ] D: Node with id 2489 is added to Qt layer
[     5.40 ] D: Node with id 2491 is added to Qt layer
[     5.40 ] D: Node with id 3 is added to Qt layer
[     5.40 ] D: Node with id 2493 is added to Qt layer
[     5.40 ] S: New view-port registered with id: 1
[     5.40 ] S: New view-port registered with id: 2
[     5.40 ] S: New view-port registered with id: 3
[     5.40 ] S: New view-port registered with id: 4
[     5.40 ] S: New view-port registered with id: 5
[     5.40 ] S: New view-port registered with id: 6
[     5.51 ] D: Creating suitable QNanoBackend for OpenGL 4.6 context
[     5.51 ] D: Using backend: "OpenGL 3"
[     5.55 ] W: Floating point comparison needs context sanity check
[     5.56 ] D: QT onScaleChanged=  144
[     5.57 ] W: ShaderEffectSource: 'recursive' must be set to true when rendering recursively.
[     5.58 ] W: ShaderEffectSource: 'recursive' must be set to true when rendering recursively.
[     5.59 ] W: ShaderEffectSource: 'recursive' must be set to true when rendering recursively.
[     5.60 ] W: ShaderEffectSource: 'recursive' must be set to true when rendering recursively.
[     5.78 ] D: Engine Started.
[    27.22 ] D: P1 -291
[    27.22 ] D: P1 -293
[    27.22 ] D: P1 -293
[    27.23 ] D: P1 -294
[    27.23 ] D: P1 -296
[    27.24 ] D: P1 -297
[    27.24 ] D: P1 -297
[    27.24 ] D: P1 -298
[    27.25 ] D: P1 -302
[    27.25 ] D: P1 -303
[    27.26 ] D: P1 -303
[    27.27 ] D: P1 -305
[    27.27 ] D: P1 -309
[    27.27 ] D: P1 -310
[    27.27 ] D: P1 -311
[    27.28 ] D: P1 -316
[    27.29 ] D: P1 -316
[    27.29 ] D: P1 -317
[    27.29 ] D: P1 -318
[    27.30 ] D: P1 -322
[    27.30 ] D: P1 -323
[    27.30 ] D: P1 -324
[    27.30 ] D: P1 -324
[    27.32 ] D: P1 -325
[    27.32 ] D: P1 -333
[    27.32 ] D: P14
[    27.32 ] W: qrc:/main.qml:663: TypeError: Cannot read property 'contentY' of undefined
[    27.32 ] D: P1 -334
[    27.32 ] D: P14
[    27.32 ] D: P1 -336
[    27.32 ] D: P14
[    27.33 ] D: P1 -337
[    27.33 ] D: P14
[    27.33 ] W: qrc:/main.qml:663: TypeError: Cannot read property 'contentY' of undefined
[    27.34 ] D: P1 -346
[    27.34 ] D: P14
[    27.34 ] D: P1 -347
[    27.34 ] D: P14
[    27.34 ] D: P1 -349
[    27.34 ] D: P14
[    27.34 ] W: qrc:/main.qml:663: TypeError: Cannot read property 'contentY' of undefined
[    27.35 ] D: P1 -351
[    27.35 ] D: P14
[    27.35 ] W: qrc:/main.qml:663: TypeError: Cannot read property 'contentY' of undefined
[    27.35 ] D: P1 -358
[    27.35 ] D: P14
[    27.35 ] D: P1 -361
[    27.35 ] D: P14
[    27.36 ] D: P1 -363
[    27.36 ] D: P14
[    27.37 ] D: P1 -370
[    27.37 ] D: P1 -372
[    27.37 ] D: P1 -374
[    27.37 ] D: P1 -375
[    27.38 ] D: P1 -376
[    27.39 ] D: P1 -382
[    27.39 ] D: P1 -383
[    27.39 ] D: P1 -384
[    27.40 ] D: P1 -385
[    27.40 ] D: P1 -391
[    27.40 ] D: P1 -392
[    27.41 ] D: P1 -393
[    27.41 ] D: P1 -394
[    27.41 ] D: P1 -395
[    27.42 ] D: P1 -398
[    27.42 ] D: P1 -400
[    27.42 ] D: P1 -401
[    27.42 ] D: P1 -402
[    27.43 ] D: P1 -406
[    27.44 ] D: P1 -406
[    27.44 ] D: P1 -407
[    27.44 ] D: P1 -408
[    27.45 ] D: P1 -409
[    27.45 ] D: P1 -412
[    27.45 ] D: P1 -413
[    27.47 ] D: P1 -414
[    27.47 ] D: P1 -417
[    27.47 ] D: P1 -417
[    27.49 ] D: P1 -420
[    27.50 ] D: P1 -420
[    27.52 ] D: P1 -421
[    27.76 ] D: sltPositionChanged 661500
[    27.76 ] D: frame_offset 0 0 217
[    27.76 ] D: frame_offset 0 1 217
[    27.77 ] D: frame_offset 0 2 217
[    27.77 ] D: frame_offset 0 3 217
[    27.77 ] D: frame_offset 0 4 217
[    27.78 ] D: findOverlayItems 1 0
[    27.78 ] D: "{c9861651-1b19-47a0-8c82-4535095ce37a}" i.value()->sampleClip()->startTime()  15000 337833 337833 15000
[    27.78 ] D: findOverlayItems
[    27.80 ] D: sltPositionChanged 661500
[    27.80 ] D: frame_offset 0 0 217
[    27.80 ] D: frame_offset 0 1 217
[    27.80 ] D: frame_offset 0 2 217
[    27.80 ] D: frame_offset 0 3 217
[    27.81 ] D: frame_offset 0 4 217
[    28.19 ] D: findTrackIndexByPoint 0 QRect(0,0 1707x111) true QPointF(334,24)
[    28.19 ] D: _startSelectedClipIndex123 "{c9861651-1b19-47a0-8c82-4535095ce37a}"
[    28.19 ] D: copySelectedArea1; QRectF(15000,0 322833x111) QRect(0,0 1707x111)
[    28.19 ] D: copySelectedArea3
[    28.19 ] D: copySelectedArea1; QRectF(15000,0 322833x111) QRect(0,111 1707x111)
[    28.19 ] D: copySelectedArea1; QRectF(15000,0 322833x111) QRect(0,222 1707x111)
[    28.19 ] D: copySelectedArea1; QRectF(15000,0 322833x111) QRect(0,333 1707x111)
[    28.19 ] D: Ok
[    28.19 ] D: OK
[    28.19 ] D: OK
[    28.19 ] D: IOIO 0 0
[    28.19 ] D: RETURN 0 0 -1 1 1 -1
[    28.19 ] D: RETURN
[    28.19 ] D: IOIO 0 0
[    28.19 ] D: RETURN 0 0 -1 1 2 -1
[    28.19 ] D: RETURN
[    28.19 ] D: IOIO 0 0
[    28.19 ] D: RETURN 0 0 -1 1 3 -1
[    28.19 ] D: RETURN
[    28.19 ] D: IOIO 0 0
[    28.96 ] D: findTrackIndexByPoint 0 QRect(0,0 1707x111) true QPointF(318,72)
[    29.41 ] D: findTrackIndexByPoint 0 QRect(0,0 1707x111) true QPointF(343,77)
[    29.47 ] D: _automationChanging false
[    29.47 ] D: findTrackIndexByPoint 0 QRect(0,0 1707x111) true QPointF(344,77)
[    29.47 ] D: mouseMove2
[    29.49 ] D: _automationChanging false
[    29.49 ] D: findTrackIndexByPoint 0 QRect(0,0 1707x111) true QPointF(350,76)
[    29.49 ] D: mouseMove2
[    29.49 ] D: _automationChanging false
[    29.49 ] D: findTrackIndexByPoint 0 QRect(0,0 1707x111) true QPointF(352,76)
[    29.49 ] D: mouseMove2
[    29.50 ] D: _automationChanging false
[    29.50 ] D: findTrackIndexByPoint 0 QRect(0,0 1707x111) true QPointF(353,75)
[    29.50 ] D: mouseMove2
[    29.50 ] D: _automationChanging false
[    29.50 ] D: findTrackIndexByPoint 0 QRect(0,0 1707x111) true QPointF(354,75)
[    29.50 ] D: mouseMove2
[    29.51 ] D: _automationChanging false
[    29.51 ] D: findTrackIndexByPoint 0 QRect(0,0 1707x111) true QPointF(367,74)
[    29.51 ] D: mouseMove2
[    29.51 ] D: _automationChanging false
[    29.51 ] D: findTrackIndexByPoint 0 QRect(0,0 1707x111) true QPointF(368,74)
[    29.51 ] D: mouseMove2
[    29.51 ] D: _automationChanging false
[    29.51 ] D: findTrackIndexByPoint 0 QRect(0,0 1707x111) true QPointF(372,73)
[    29.51 ] D: mouseMove2
[    29.51 ] D: _automationChanging false
[    29.51 ] D: findTrackIndexByPoint 0 QRect(0,0 1707x111) true QPointF(374,73)
[    29.51 ] D: mouseMove2
[    29.53 ] D: _automationChanging false
[    29.53 ] D: findTrackIndexByPoint 0 QRect(0,0 1707x111) true QPointF(389,71)
[    29.53 ] D: mouseMove2
[    29.53 ] D: _automationChanging false
[    29.53 ] D: findTrackIndexByPoint 0 QRect(0,0 1707x111) true QPointF(393,71)
[    29.53 ] D: mouseMove2
[    29.53 ] D: _automationChanging false
[    29.53 ] D: findTrackIndexByPoint 0 QRect(0,0 1707x111) true QPointF(397,70)
[    29.53 ] D: mouseMove2
[    29.53 ] D: _automationChanging false
[    29.53 ] D: findTrackIndexByPoint 0 QRect(0,0 1707x111) true QPointF(400,70)
[    29.53 ] D: mouseMove2
[    29.54 ] D: _automationChanging false
[    29.54 ] D: findTrackIndexByPoint 0 QRect(0,0 1707x111) true QPointF(424,67)
[    29.54 ] D: mouseMove2
[    29.55 ] D: _automationChanging false
[    29.55 ] D: findTrackIndexByPoint 0 QRect(0,0 1707x111) true QPointF(427,67)
[    29.55 ] D: mouseMove2
[    29.55 ] D: _automationChanging false
[    29.55 ] D: findTrackIndexByPoint 0 QRect(0,0 1707x111) true QPointF(432,66)
[    29.55 ] D: mouseMove2
[    29.56 ] D: _automationChanging false
[    29.56 ] D: findTrackIndexByPoint 0 QRect(0,0 1707x111) true QPointF(454,64)
[    29.56 ] D: mouseMove2
[    29.56 ] D: _automationChanging false
[    29.56 ] D: findTrackIndexByPoint 0 QRect(0,0 1707x111) true QPointF(458,64)
[    29.56 ] D: mouseMove2
[    29.56 ] D: _automationChanging false
[    29.56 ] D: findTrackIndexByPoint 0 QRect(0,0 1707x111) true QPointF(463,64)
[    29.56 ] D: mouseMove2
[    29.56 ] D: _automationChanging false
[    29.56 ] D: findTrackIndexByPoint 0 QRect(0,0 1707x111) true QPointF(468,63)
[    29.56 ] D: mouseMove2
[    29.57 ] D: _automationChanging false
[    29.57 ] D: findTrackIndexByPoint 0 QRect(0,0 1707x111) true QPointF(471,63)
[    29.57 ] D: mouseMove2
[    29.58 ] D: _automationChanging false
[    29.58 ] D: findTrackIndexByPoint 0 QRect(0,0 1707x111) true QPointF(493,61)
[    29.58 ] D: mouseMove2
[    29.58 ] D: _automationChanging false
[    29.58 ] D: findTrackIndexByPoint 0 QRect(0,0 1707x111) true QPointF(497,61)
[    29.58 ] D: mouseMove2
[    29.58 ] D: _automationChanging false
[    29.58 ] D: findTrackIndexByPoint 0 QRect(0,0 1707x111) true QPointF(502,61)
[    29.58 ] D: mouseMove2
[    29.58 ] D: _automationChanging false
[    29.58 ] D: findTrackIndexByPoint 0 QRect(0,0 1707x111) true QPointF(505,60)
[    29.58 ] D: mouseMove2
[    29.59 ] D: _automationChanging false
[    29.59 ] D: findTrackIndexByPoint 0 QRect(0,0 1707x111) true QPointF(525,59)
[    29.59 ] D: mouseMove2
[    29.59 ] D: _automationChanging false
[    29.59 ] D: findTrackIndexByPoint 0 QRect(0,0 1707x111) true QPointF(528,59)
[    29.59 ] D: mouseMove2
[    29.60 ] D: _automationChanging false
[    29.60 ] D: findTrackIndexByPoint 0 QRect(0,0 1707x111) true QPointF(532,59)
[    29.60 ] D: mouseMove2
[    29.60 ] D: _automationChanging false
[    29.60 ] D: findTrackIndexByPoint 0 QRect(0,0 1707x111) true QPointF(536,59)
[    29.60 ] D: mouseMove2
[    29.61 ] D: _automationChanging false
[    29.61 ] D: findTrackIndexByPoint 0 QRect(0,0 1707x111) true QPointF(551,58)
[    29.61 ] D: mouseMove2
[    29.61 ] D: _automationChanging false
[    29.61 ] D: findTrackIndexByPoint 0 QRect(0,0 1707x111) true QPointF(554,58)
[    29.61 ] D: mouseMove2
[    29.61 ] D: _automationChanging false
[    29.61 ] D: findTrackIndexByPoint 0 QRect(0,0 1707x111) true QPointF(556,58)
[    29.61 ] D: mouseMove2
[    29.61 ] D: _automationChanging false
[    29.61 ] D: findTrackIndexByPoint 0 QRect(0,0 1707x111) true QPointF(559,58)
[    29.61 ] D: mouseMove2
[    29.63 ] D: _automationChanging false
[    29.63 ] D: findTrackIndexByPoint 0 QRect(0,0 1707x111) true QPointF(565,58)
[    29.63 ] D: mouseMove2
[    29.63 ] D: _automationChanging false
[    29.63 ] D: findTrackIndexByPoint 0 QRect(0,0 1707x111) true QPointF(566,58)
[    29.63 ] D: mouseMove2
[    29.63 ] D: _automationChanging false
[    29.63 ] D: findTrackIndexByPoint 0 QRect(0,0 1707x111) true QPointF(567,57)
[    29.63 ] D: mouseMove2
[    29.63 ] D: _automationChanging false
[    29.63 ] D: findTrackIndexByPoint 0 QRect(0,0 1707x111) true QPointF(568,57)
[    29.63 ] D: mouseMove2
[    29.64 ] D: _automationChanging false
[    29.64 ] D: findTrackIndexByPoint 0 QRect(0,0 1707x111) true QPointF(570,57)
[    29.64 ] D: mouseMove2
[    30.15 ] D: findTrackIndexByPoint 0 QRect(0,0 1707x111) true QPointF(523,10)
[    30.15 ] D: _startSelectedClipIndex123 "{c9861651-1b19-47a0-8c82-4535095ce37a}"
[    30.15 ] D: copySelectedArea1; QRectF(19000,0 13000x111) QRect(0,0 1707x111)
[    30.15 ] D: copySelectedArea3
[    30.15 ] D: copySelectedArea1; QRectF(19000,0 13000x111) QRect(0,111 1707x111)
[    30.15 ] D: copySelectedArea1; QRectF(19000,0 13000x111) QRect(0,222 1707x111)
[    30.15 ] D: copySelectedArea1; QRectF(19000,0 13000x111) QRect(0,333 1707x111)
[    30.15 ] D: Ok
[    30.15 ] D: OK
[    30.15 ] D: OK
[    30.15 ] D: IOIO1 0 0
[    30.15 ] D: RETURN 0 0 -1 1 1 -1
[    30.16 ] D: RETURN
[    30.16 ] D: IOIO1 0 0
[    30.16 ] D: RETURN 0 0 -1 1 2 -1
[    30.16 ] D: RETURN
[    30.16 ] D: IOIO1 0 0
[    30.16 ] D: RETURN 0 0 -1 1 3 -1
[    30.16 ] D: RETURN
[    30.16 ] D: IOIO1 0 0
[    30.16 ] D: _movingAutomationPoint 0
[    33.43 ] D: sltPositionChanged 661500
[    33.43 ] D: frame_offset 0 0 217
[    33.43 ] D: frame_offset 0 1 217
[    33.43 ] D: frame_offset 0 2 217
[    33.43 ] D: frame_offset 0 3 217
[    33.44 ] D: frame_offset 0 4 217
[    33.44 ] D: sltPositionChanged 661500
[    33.44 ] D: frame_offset 0 0 217
[    33.44 ] D: frame_offset 0 1 217
[    33.44 ] D: frame_offset 0 2 217
[    33.44 ] D: frame_offset 0 3 217
[    33.45 ] D: frame_offset 0 4 217
[    33.48 ] D: sltPositionChanged 837899
[    33.48 ] D: sltPositionChanged 661500
[    33.48 ] D: frame_offset 2 0 217
[    33.48 ] D: frame_offset 0 0 217
[    33.48 ] D: frame_offset 2 1 217
[    33.48 ] D: frame_offset 0 1 217
[    33.48 ] D: frame_offset 2 2 217
[    33.48 ] D: frame_offset 0 2 217
[    33.48 ] D: frame_offset 2 3 217
[    33.49 ] D: frame_offset 0 3 217
[    33.49 ] D: frame_offset 2 4 217
[    33.49 ] D: frame_offset 0 4 217
[    34.77 ] D: findTrackIndexByPoint 0 QRect(0,0 1707x111) true QPointF(540,17)
[    34.77 ] D: _startSelectedClipIndex123 "{17653d26-8fa3-4208-b42d-ccb268c01754}"
[    34.77 ] D: copySelectedArea1; QRectF(19000,0 13000x111) QRect(0,0 1707x111)
[    34.77 ] D: copySelectedArea3
[    34.77 ] D: copySelectedArea2
[    34.77 ] D: copySelectedArea1; QRectF(19000,0 13000x111) QRect(0,111 1707x111)
[    34.77 ] D: copySelectedArea1; QRectF(19000,0 13000x111) QRect(0,222 1707x111)
[    34.77 ] D: copySelectedArea1; QRectF(19000,0 13000x111) QRect(0,333 1707x111)
[    34.77 ] D: Ok
[    34.77 ] D: OK
[    34.77 ] D: OK
[    34.77 ] D: IOIO1 0 0
[    34.77 ] D: RETURN 0 0 -1 1 1 -1
[    34.77 ] D: RETURN
[    34.77 ] D: IOIO1 0 0
[    34.77 ] D: RETURN 0 0 -1 1 2 -1
[    34.77 ] D: RETURN
[    34.77 ] D: IOIO1 0 0
[    34.77 ] D: RETURN 0 0 -1 1 3 -1
[    34.77 ] D: RETURN
[    34.77 ] D: IOIO1 0 0
[    34.77 ] D: _movingAutomationPoint 0
[    34.84 ] D: _automationChanging false
[    34.84 ] D: mouseMove2
[    34.86 ] D: newTopPixel 0 17 17
[    34.86 ] D: findTrackIndexByPoint 0 QRect(0,0 1707x111) true QPointF(342,0)
[    34.86 ] D: tmp:tmp:tmp:tmp:tmp QPair(0,-1)
[    34.86 ] D: firstIndex 0 0 1 4
[    34.86 ] D: firstIndex2
[    34.86 ] D: firstIndex4 0 1
[    34.86 ] D: firstIndex3 0 1
[    34.86 ] D: firstIndex2 0 2
[    34.86 ] D: firstIndex3.3
[    34.86 ] D: firstIndex3
[    34.86 ] W: qrc:/main.qml:663: TypeError: Cannot read property 'contentY' of undefined
[    34.86 ] D: _automationChanging false
[    34.86 ] D: mouseMove2
[    34.86 ] D: _automationChanging false
[    34.86 ] D: mouseMove2
[    34.86 ] D: _automationChanging false
[    34.86 ] D: mouseMove2
[    34.87 ] D: _automationChanging false
[    34.87 ] D: mouseMove2
[    34.88 ] D: newTopPixel 9 26 17
[    34.88 ] D: findTrackIndexByPoint 0 QRect(0,0 1707x111) true QPointF(342,9)
[    34.88 ] D: tmp:tmp:tmp:tmp:tmp QPair(0,-1)
[    34.88 ] D: firstIndex 0 0 1 4
[    34.88 ] D: firstIndex2
[    34.88 ] D: firstIndex4 0 1
[    34.88 ] D: firstIndex3 0 1
[    34.88 ] D: firstIndex2 0 2
[    34.88 ] D: firstIndex3.3
[    34.88 ] D: firstIndex3
[    34.88 ] W: qrc:/main.qml:663: TypeError: Cannot read property 'contentY' of undefined
[    34.88 ] D: _automationChanging false
[    34.88 ] D: mouseMove2
[    34.88 ] D: newTopPixel 14 31 17
[    34.88 ] D: findTrackIndexByPoint 0 QRect(0,0 1707x111) true QPointF(342,14)
[    34.88 ] D: tmp:tmp:tmp:tmp:tmp QPair(0,-1)
[    34.88 ] D: firstIndex 0 0 1 4
[    34.88 ] D: firstIndex2
[    34.88 ] D: firstIndex4 0 1
[    34.88 ] D: firstIndex3 0 1
[    34.88 ] D: firstIndex2 0 2
[    34.88 ] D: firstIndex3.3
[    34.88 ] D: firstIndex3
[    34.88 ] W: qrc:/main.qml:663: TypeError: Cannot read property 'contentY' of undefined
[    34.88 ] D: _automationChanging false
[    34.88 ] D: mouseMove2
[    34.88 ] D: _automationChanging false
[    34.88 ] D: mouseMove2
[    34.88 ] D: _automationChanging false
[    34.88 ] D: mouseMove2
[    34.89 ] D: newTopPixel 18 35 17
[    34.89 ] D: findTrackIndexByPoint 0 QRect(0,0 1707x111) true QPointF(342,18)
[    34.89 ] D: tmp:tmp:tmp:tmp:tmp QPair(0,-1)
[    34.89 ] D: firstIndex 0 0 1 4
[    34.89 ] D: firstIndex2
[    34.89 ] D: firstIndex4 0 1
[    34.89 ] D: firstIndex3 0 1
[    34.89 ] D: firstIndex2 0 2
[    34.89 ] D: firstIndex3.3
[    34.89 ] D: firstIndex3
[    34.89 ] W: qrc:/main.qml:663: TypeError: Cannot read property 'contentY' of undefined
[    34.89 ] D: _automationChanging false
[    34.89 ] D: mouseMove2
[    34.89 ] D: _automationChanging false
[    34.89 ] D: mouseMove2
[    34.90 ] D: _automationChanging false
[    34.90 ] D: mouseMove2
[    34.90 ] D: _automationChanging false
[    34.90 ] D: mouseMove2
[    34.90 ] D: newTopPixel 33 50 17
[    34.90 ] D: findTrackIndexByPoint 0 QRect(0,0 1707x111) true QPointF(324,33)
[    34.90 ] D: tmp:tmp:tmp:tmp:tmp QPair(0,-1)
[    34.90 ] D: firstIndex 0 0 1 4
[    34.90 ] D: firstIndex2
[    34.90 ] D: firstIndex4 0 1
[    34.90 ] D: firstIndex3 0 1
[    34.90 ] D: firstIndex2 0 2
[    34.90 ] D: firstIndex3.3
[    34.90 ] D: firstIndex3
[    34.90 ] W: qrc:/main.qml:663: TypeError: Cannot read property 'contentY' of undefined
[    34.91 ] D: newTopPixel 33 50 17
[    34.91 ] D: findTrackIndexByPoint 0 QRect(0,0 1707x111) true QPointF(324,33)
[    34.91 ] D: tmp:tmp:tmp:tmp:tmp QPair(0,-1)
[    34.91 ] D: firstIndex 0 0 1 4
[    34.91 ] D: firstIndex2
[    34.91 ] D: firstIndex4 0 1
[    34.91 ] D: firstIndex3 0 1
[    34.91 ] D: firstIndex2 0 2
[    34.91 ] D: firstIndex3.3
[    34.91 ] D: firstIndex3
[    34.91 ] W: qrc:/main.qml:663: TypeError: Cannot read property 'contentY' of undefined
[    34.91 ] D: _automationChanging false
[    34.91 ] D: mouseMove2
[    34.91 ] D: _automationChanging false
[    34.91 ] D: mouseMove2
[    34.91 ] D: _automationChanging false
[    34.91 ] D: mouseMove2
[    34.92 ] D: _automationChanging false
[    34.92 ] D: mouseMove2
[    34.93 ] D: newTopPixel 49 66 17
[    34.93 ] D: findTrackIndexByPoint 0 QRect(0,0 1707x111) true QPointF(324,49)
[    34.93 ] D: tmp:tmp:tmp:tmp:tmp QPair(0,-1)
[    34.93 ] D: firstIndex 0 0 1 4
[    34.93 ] D: firstIndex2
[    34.93 ] D: firstIndex4 0 1
[    34.93 ] D: firstIndex3 0 1
[    34.93 ] D: firstIndex2 0 2
[    34.93 ] D: firstIndex3.3
[    34.93 ] D: firstIndex3
[    34.93 ] W: qrc:/main.qml:663: TypeError: Cannot read property 'contentY' of undefined
[    34.93 ] D: _automationChanging false
[    34.93 ] D: mouseMove2
[    34.93 ] D: _automationChanging false
[    34.93 ] D: mouseMove2
[    34.93 ] D: newTopPixel 57 74 17
[    34.93 ] D: findTrackIndexByPoint 0 QRect(0,0 1707x111) true QPointF(324,57)
[    34.93 ] D: tmp:tmp:tmp:tmp:tmp QPair(0,-1)
[    34.93 ] D: firstIndex 0 0 1 4
[    34.93 ] D: firstIndex2
[    34.93 ] D: firstIndex4 0 1
[    34.93 ] D: firstIndex3 0 1
[    34.93 ] D: firstIndex2 0 2
[    34.93 ] D: firstIndex3.3
[    34.93 ] D: firstIndex3
[    34.93 ] W: qrc:/main.qml:663: TypeError: Cannot read property 'contentY' of undefined
[    34.93 ] D: _automationChanging false
[    34.93 ] D: mouseMove2
[    34.93 ] D: _automationChanging false
[    34.93 ] D: mouseMove2
[    34.94 ] D: newTopPixel 59 76 17
[    34.94 ] D: findTrackIndexByPoint 0 QRect(0,0 1707x111) true QPointF(324,59)
[    34.94 ] D: tmp:tmp:tmp:tmp:tmp QPair(0,-1)
[    34.94 ] D: firstIndex 0 0 1 4
[    34.94 ] D: firstIndex2
[    34.94 ] D: firstIndex4 0 1
[    34.94 ] D: firstIndex3 0 1
[    34.94 ] D: firstIndex2 0 2
[    34.94 ] D: firstIndex3.3
[    34.94 ] D: firstIndex3
[    34.94 ] W: qrc:/main.qml:663: TypeError: Cannot read property 'contentY' of undefined
[    34.94 ] D: _automationChanging false
[    34.94 ] D: mouseMove2
[    34.94 ] D: _automationChanging false
[    34.94 ] D: mouseMove2
[    34.95 ] D: _automationChanging false
[    34.95 ] D: mouseMove2
[    34.96 ] D: newTopPixel 69 86 17
[    34.96 ] D: findTrackIndexByPoint 0 QRect(0,0 1707x111) true QPointF(306,69)
[    34.96 ] D: tmp:tmp:tmp:tmp:tmp QPair(0,-1)
[    34.96 ] D: firstIndex 0 0 1 4
[    34.96 ] D: firstIndex2
[    34.96 ] D: firstIndex4 0 1
[    34.96 ] D: firstIndex3 0 1
[    34.96 ] D: firstIndex2 0 2
[    34.96 ] D: firstIndex3.3
[    34.96 ] D: firstIndex3
[    34.96 ] W: qrc:/main.qml:663: TypeError: Cannot read property 'contentY' of undefined
[    34.96 ] D: _automationChanging false
[    34.96 ] D: mouseMove2
[    34.96 ] D: _automationChanging false
[    34.96 ] D: mouseMove2
[    34.97 ] D: _automationChanging false
[    34.97 ] D: mouseMove2
[    34.98 ] D: newTopPixel 78 95 17
[    34.98 ] D: findTrackIndexByPoint 0 QRect(0,0 1707x111) true QPointF(306,78)
[    34.98 ] D: tmp:tmp:tmp:tmp:tmp QPair(0,-1)
[    34.98 ] D: firstIndex 0 0 1 4
[    34.98 ] D: firstIndex2
[    34.98 ] D: firstIndex4 0 1
[    34.98 ] D: firstIndex3 0 1
[    34.98 ] D: firstIndex2 0 2
[    34.98 ] D: firstIndex3.3
[    34.98 ] D: firstIndex3
[    34.98 ] W: qrc:/main.qml:663: TypeError: Cannot read property 'contentY' of undefined
[    34.98 ] D: _automationChanging false
[    34.98 ] D: mouseMove2
[    34.98 ] D: _automationChanging false
[    34.98 ] D: mouseMove2
[    34.98 ] D: newTopPixel 83 100 17
[    34.98 ] D: findTrackIndexByPoint 0 QRect(0,0 1707x111) true QPointF(306,83)
[    34.98 ] D: tmp:tmp:tmp:tmp:tmp QPair(0,-1)
[    34.98 ] D: firstIndex 0 0 1 4
[    34.98 ] D: firstIndex2
[    34.98 ] D: firstIndex4 0 1
[    34.98 ] D: firstIndex3 0 1
[    34.98 ] D: firstIndex2 0 2
[    34.98 ] D: firstIndex3.3
[    34.98 ] D: firstIndex3
[    34.98 ] W: qrc:/main.qml:663: TypeError: Cannot read property 'contentY' of undefined
[    34.98 ] D: _automationChanging false
[    34.98 ] D: mouseMove2
[    34.98 ] D: _automationChanging false
[    34.98 ] D: mouseMove2
[    34.99 ] D: newTopPixel 85 102 17
[    34.99 ] D: findTrackIndexByPoint 0 QRect(0,0 1707x111) true QPointF(306,85)
[    34.99 ] D: tmp:tmp:tmp:tmp:tmp QPair(0,-1)
[    34.99 ] D: firstIndex 0 0 1 4
[    34.99 ] D: firstIndex2
[    34.99 ] D: firstIndex4 0 1
[    34.99 ] D: firstIndex3 0 1
[    34.99 ] D: firstIndex2 0 2
[    34.99 ] D: firstIndex3.3
[    34.99 ] D: firstIndex3
[    34.99 ] W: qrc:/main.qml:663: TypeError: Cannot read property 'contentY' of undefined
[    34.99 ] D: _automationChanging false
[    34.99 ] D: mouseMove2
[    34.99 ] D: _automationChanging false
[    34.99 ] D: mouseMove2
[    34.99 ] D: _automationChanging false
[    34.99 ] D: mouseMove2
[    35.00 ] D: newTopPixel 91 108 17
[    35.00 ] D: findTrackIndexByPoint 0 QRect(0,0 1707x111) true QPointF(306,91)
[    35.00 ] D: tmp:tmp:tmp:tmp:tmp QPair(0,-1)
[    35.00 ] D: firstIndex 0 0 1 4
[    35.00 ] D: firstIndex2
[    35.00 ] D: firstIndex4 0 1
[    35.00 ] D: firstIndex3 0 1
[    35.00 ] D: firstIndex2 0 2
[    35.00 ] D: firstIndex3.3
[    35.00 ] D: firstIndex3
[    35.00 ] W: qrc:/main.qml:663: TypeError: Cannot read property 'contentY' of undefined
[    35.01 ] D: newTopPixel 91 108 17
[    35.01 ] D: findTrackIndexByPoint 0 QRect(0,0 1707x111) true QPointF(306,91)
[    35.01 ] D: tmp:tmp:tmp:tmp:tmp QPair(0,-1)
[    35.01 ] D: firstIndex 0 0 1 4
[    35.01 ] D: firstIndex2
[    35.01 ] D: firstIndex4 0 1
[    35.01 ] D: firstIndex3 0 1
[    35.01 ] D: firstIndex2 0 2
[    35.01 ] D: firstIndex3.3
[    35.01 ] D: firstIndex3
[    35.01 ] W: qrc:/main.qml:663: TypeError: Cannot read property 'contentY' of undefined
[    35.01 ] D: _automationChanging false
[    35.01 ] D: mouseMove2
[    35.01 ] D: _automationChanging false
[    35.01 ] D: mouseMove2
[    35.01 ] D: _automationChanging false
[    35.01 ] D: mouseMove2
[    35.03 ] D: newTopPixel 99 116 17
[    35.03 ] D: findTrackIndexByPoint 0 QRect(0,0 1707x111) true QPointF(306,99)
[    35.03 ] D: tmp:tmp:tmp:tmp:tmp QPair(0,-1)
[    35.03 ] D: firstIndex 0 0 1 4
[    35.03 ] D: firstIndex2
[    35.03 ] D: firstIndex4 0 1
[    35.03 ] D: firstIndex3 0 1
[    35.03 ] D: firstIndex2 0 2
[    35.03 ] D: firstIndex3.3
[    35.03 ] D: firstIndex3
[    35.03 ] W: qrc:/main.qml:663: TypeError: Cannot read property 'contentY' of undefined
[    35.03 ] D: _automationChanging false
[    35.03 ] D: mouseMove2
[    35.03 ] D: _automationChanging false
[    35.03 ] D: mouseMove2
[    35.03 ] D: newTopPixel 104 121 17
[    35.03 ] D: findTrackIndexByPoint 0 QRect(0,0 1707x111) true QPointF(306,104)
[    35.03 ] D: tmp:tmp:tmp:tmp:tmp QPair(0,-1)
[    35.03 ] D: firstIndex 0 0 1 4
[    35.03 ] D: firstIndex2
[    35.03 ] D: firstIndex4 0 1
[    35.03 ] D: firstIndex3 0 1
[    35.03 ] D: firstIndex2 0 2
[    35.03 ] D: firstIndex3.3
[    35.03 ] D: firstIndex3
[    35.03 ] D: _automationChanging false
[    35.03 ] D: mouseMove2
[    35.03 ] D: _automationChanging false
[    35.03 ] D: mouseMove2
[    35.04 ] D: _automationChanging false
[    35.04 ] D: mouseMove2
[    35.04 ] D: newTopPixel 107 124 17
[    35.04 ] D: findTrackIndexByPoint 0 QRect(0,0 1707x111) true QPointF(306,107)
[    35.04 ] D: tmp:tmp:tmp:tmp:tmp QPair(0,-1)
[    35.04 ] D: firstIndex 0 0 1 4
[    35.04 ] D: firstIndex2
[    35.04 ] D: firstIndex4 0 1
[    35.04 ] D: firstIndex3 0 1
[    35.04 ] D: firstIndex2 0 2
[    35.04 ] D: firstIndex3.3
[    35.04 ] D: firstIndex3
[    35.04 ] D: _automationChanging false
[    35.04 ] D: mouseMove2
[    35.04 ] D: _automationChanging false
[    35.04 ] D: mouseMove2
[    35.04 ] D: _automationChanging false
[    35.04 ] D: mouseMove2
[    35.05 ] D: _automationChanging false
[    35.05 ] D: mouseMove2
[    35.06 ] D: newTopPixel 111 128 17
[    35.06 ] D: findTrackIndexByPoint 0 QRect(0,0 1707x111) false QPointF(306,111)
[    35.06 ] D: findTrackIndexByPoint 1 QRect(0,111 1707x111) true QPointF(306,111)
[    35.06 ] D: tmp:tmp:tmp:tmp:tmp QPair(1,-1)
[    35.06 ] D: firstIndex 1 0 1 4
[    35.06 ] D: firstIndex2
[    35.06 ] D: firstIndex4 0 1
[    35.06 ] D: firstIndex3 0 1
[    35.06 ] D: firstIndex2 0 2
[    35.06 ] D: firstIndex3.3
[    35.06 ] D: firstIndex3
[    35.06 ] D: _automationChanging false
[    35.06 ] D: mouseMove2
[    35.06 ] D: _automationChanging false
[    35.06 ] D: mouseMove2
[    35.06 ] D: _automationChanging false
[    35.06 ] D: mouseMove2
[    35.08 ] D: newTopPixel 117 134 17
[    35.08 ] D: findTrackIndexByPoint 0 QRect(0,0 1707x111) false QPointF(306,117)
[    35.08 ] D: findTrackIndexByPoint 1 QRect(0,111 1707x111) true QPointF(306,117)
[    35.08 ] D: tmp:tmp:tmp:tmp:tmp QPair(1,-1)
[    35.08 ] D: firstIndex 1 0 1 4
[    35.08 ] D: firstIndex2
[    35.08 ] D: firstIndex4 0 1
[    35.08 ] D: firstIndex3 0 1
[    35.08 ] D: firstIndex2 0 2
[    35.08 ] D: firstIndex3.3
[    35.08 ] D: firstIndex3
[    35.08 ] D: _automationChanging false
[    35.08 ] D: mouseMove2
[    35.08 ] D: _automationChanging false
[    35.08 ] D: mouseMove2
[    35.08 ] D: newTopPixel 121 138 17
[    35.08 ] D: findTrackIndexByPoint 0 QRect(0,0 1707x111) false QPointF(306,121)
[    35.08 ] D: findTrackIndexByPoint 1 QRect(0,111 1707x111) true QPointF(306,121)
[    35.08 ] D: tmp:tmp:tmp:tmp:tmp QPair(1,-1)
[    35.08 ] D: firstIndex 1 0 1 4
[    35.08 ] D: firstIndex2
[    35.08 ] D: firstIndex4 0 1
[    35.08 ] D: firstIndex3 0 1
[    35.08 ] D: firstIndex2 0 2
[    35.08 ] D: firstIndex3.3
[    35.08 ] D: firstIndex3
[    35.08 ] D: _automationChanging false
[    35.08 ] D: mouseMove2
[    35.09 ] D: newTopPixel 122 139 17
[    35.09 ] D: findTrackIndexByPoint 0 QRect(0,0 1707x111) false QPointF(306,122)
[    35.09 ] D: findTrackIndexByPoint 1 QRect(0,111 1707x111) true QPointF(306,122)
[    35.09 ] D: tmp:tmp:tmp:tmp:tmp QPair(1,-1)
[    35.09 ] D: firstIndex 1 0 1 4
[    35.09 ] D: firstIndex2
[    35.09 ] D: firstIndex4 0 1
[    35.09 ] D: firstIndex3 0 1
[    35.09 ] D: firstIndex2 0 2
[    35.09 ] D: firstIndex3.3
[    35.09 ] D: firstIndex3
[    35.09 ] D: _automationChanging false
[    35.09 ] D: mouseMove2
[    35.10 ] D: _automationChanging false
[    35.10 ] D: mouseMove2
[    35.10 ] D: newTopPixel 126 143 17
[    35.10 ] D: findTrackIndexByPoint 0 QRect(0,0 1707x111) false QPointF(306,126)
[    35.10 ] D: findTrackIndexByPoint 1 QRect(0,111 1707x111) true QPointF(306,126)
[    35.10 ] D: tmp:tmp:tmp:tmp:tmp QPair(1,-1)
[    35.10 ] D: firstIndex 1 0 1 4
[    35.10 ] D: firstIndex2
[    35.10 ] D: firstIndex4 0 1
[    35.10 ] D: firstIndex3 0 1
[    35.10 ] D: firstIndex2 0 2
[    35.10 ] D: firstIndex3.3
[    35.10 ] D: firstIndex3
[    35.11 ] D: newTopPixel 126 143 17
[    35.11 ] D: findTrackIndexByPoint 0 QRect(0,0 1707x111) false QPointF(306,126)
[    35.11 ] D: findTrackIndexByPoint 1 QRect(0,111 1707x111) true QPointF(306,126)
[    35.11 ] D: tmp:tmp:tmp:tmp:tmp QPair(1,-1)
[    35.11 ] D: firstIndex 1 0 1 4
[    35.11 ] D: firstIndex2
[    35.11 ] D: firstIndex4 0 1
[    35.11 ] D: firstIndex3 0 1
[    35.11 ] D: firstIndex2 0 2
[    35.11 ] D: firstIndex3.3
[    35.11 ] D: firstIndex3
[    35.11 ] D: _automationChanging false
[    35.11 ] D: mouseMove2
[    35.11 ] D: _automationChanging false
[    35.11 ] D: mouseMove2
[    35.13 ] D: newTopPixel 130 147 17
[    35.13 ] D: findTrackIndexByPoint 0 QRect(0,0 1707x111) false QPointF(306,130)
[    35.13 ] D: findTrackIndexByPoint 1 QRect(0,111 1707x111) true QPointF(306,130)
[    35.13 ] D: tmp:tmp:tmp:tmp:tmp QPair(1,-1)
[    35.13 ] D: firstIndex 1 0 1 4
[    35.13 ] D: firstIndex2
[    35.13 ] D: firstIndex4 0 1
[    35.13 ] D: firstIndex3 0 1
[    35.13 ] D: firstIndex2 0 2
[    35.13 ] D: firstIndex3.3
[    35.13 ] D: firstIndex3
[    35.13 ] D: _automationChanging false
[    35.13 ] D: mouseMove2
[    35.13 ] D: newTopPixel 132 149 17
[    35.13 ] D: findTrackIndexByPoint 0 QRect(0,0 1707x111) false QPointF(306,132)
[    35.13 ] D: findTrackIndexByPoint 1 QRect(0,111 1707x111) true QPointF(306,132)
[    35.13 ] D: tmp:tmp:tmp:tmp:tmp QPair(1,-1)
[    35.13 ] D: firstIndex 1 0 1 4
[    35.13 ] D: firstIndex2
[    35.13 ] D: firstIndex4 0 1
[    35.13 ] D: firstIndex3 0 1
[    35.13 ] D: firstIndex2 0 2
[    35.13 ] D: firstIndex3.3
[    35.13 ] D: firstIndex3
[    35.13 ] D: _automationChanging false
[    35.13 ] D: mouseMove2
[    35.14 ] D: newTopPixel 133 150 17
[    35.14 ] D: findTrackIndexByPoint 0 QRect(0,0 1707x111) false QPointF(306,133)
[    35.14 ] D: findTrackIndexByPoint 1 QRect(0,111 1707x111) true QPointF(306,133)
[    35.14 ] D: tmp:tmp:tmp:tmp:tmp QPair(1,-1)
[    35.14 ] D: firstIndex 1 0 1 4
[    35.14 ] D: firstIndex2
[    35.14 ] D: firstIndex4 0 1
[    35.14 ] D: firstIndex3 0 1
[    35.14 ] D: firstIndex2 0 2
[    35.14 ] D: firstIndex3.3
[    35.14 ] D: firstIndex3
[    35.14 ] D: _automationChanging false
[    35.14 ] D: mouseMove2
[    35.15 ] D: _automationChanging false
[    35.15 ] D: mouseMove2
[    35.15 ] D: newTopPixel 136 153 17
[    35.15 ] D: findTrackIndexByPoint 0 QRect(0,0 1707x111) false QPointF(306,136)
[    35.15 ] D: findTrackIndexByPoint 1 QRect(0,111 1707x111) true QPointF(306,136)
[    35.15 ] D: tmp:tmp:tmp:tmp:tmp QPair(1,-1)
[    35.15 ] D: firstIndex 1 0 1 4
[    35.15 ] D: firstIndex2
[    35.15 ] D: firstIndex4 0 1
[    35.15 ] D: firstIndex3 0 1
[    35.15 ] D: firstIndex2 0 2
[    35.15 ] D: firstIndex3.3
[    35.15 ] D: firstIndex3
[    35.16 ] D: newTopPixel 136 153 17
[    35.16 ] D: findTrackIndexByPoint 0 QRect(0,0 1707x111) false QPointF(306,136)
[    35.16 ] D: findTrackIndexByPoint 1 QRect(0,111 1707x111) true QPointF(306,136)
[    35.16 ] D: tmp:tmp:tmp:tmp:tmp QPair(1,-1)
[    35.16 ] D: firstIndex 1 0 1 4
[    35.16 ] D: firstIndex2
[    35.16 ] D: firstIndex4 0 1
[    35.16 ] D: firstIndex3 0 1
[    35.16 ] D: firstIndex2 0 2
[    35.16 ] D: firstIndex3.3
[    35.16 ] D: firstIndex3
[    35.16 ] D: _automationChanging false
[    35.16 ] D: mouseMove2
[    35.16 ] D: _automationChanging false
[    35.16 ] D: mouseMove2
[    35.17 ] D: newTopPixel 141 158 17
[    35.17 ] D: findTrackIndexByPoint 0 QRect(0,0 1707x111) false QPointF(306,141)
[    35.18 ] D: findTrackIndexByPoint 1 QRect(0,111 1707x111) true QPointF(306,141)
[    35.18 ] D: tmp:tmp:tmp:tmp:tmp QPair(1,-1)
[    35.18 ] D: firstIndex 1 0 1 4
[    35.18 ] D: firstIndex2
[    35.18 ] D: firstIndex4 0 1
[    35.18 ] D: firstIndex3 0 1
[    35.18 ] D: firstIndex2 0 2
[    35.18 ] D: firstIndex3.3
[    35.18 ] D: firstIndex3
[    35.18 ] D: _automationChanging false
[    35.18 ] D: mouseMove2
[    35.18 ] D: newTopPixel 144 161 17
[    35.18 ] D: findTrackIndexByPoint 0 QRect(0,0 1707x111) false QPointF(306,144)
[    35.18 ] D: findTrackIndexByPoint 1 QRect(0,111 1707x111) true QPointF(306,144)
[    35.18 ] D: tmp:tmp:tmp:tmp:tmp QPair(1,-1)
[    35.18 ] D: firstIndex 1 0 1 4
[    35.18 ] D: firstIndex2
[    35.18 ] D: firstIndex4 0 1
[    35.18 ] D: firstIndex3 0 1
[    35.18 ] D: firstIndex2 0 2
[    35.18 ] D: firstIndex3.3
[    35.18 ] D: firstIndex3
[    35.18 ] D: _automationChanging false
[    35.18 ] D: mouseMove2
[    35.19 ] D: newTopPixel 145 162 17
[    35.19 ] D: findTrackIndexByPoint 0 QRect(0,0 1707x111) false QPointF(306,145)
[    35.19 ] D: findTrackIndexByPoint 1 QRect(0,111 1707x111) true QPointF(306,145)
[    35.19 ] D: tmp:tmp:tmp:tmp:tmp QPair(1,-1)
[    35.19 ] D: firstIndex 1 0 1 4
[    35.19 ] D: firstIndex2
[    35.19 ] D: firstIndex4 0 1
[    35.19 ] D: firstIndex3 0 1
[    35.19 ] D: firstIndex2 0 2
[    35.19 ] D: firstIndex3.3
[    35.19 ] D: firstIndex3
[    35.19 ] D: _automationChanging false
[    35.19 ] D: mouseMove2
[    35.19 ] D: _automationChanging false
[    35.19 ] D: mouseMove2
[    35.21 ] D: newTopPixel 148 165 17
[    35.21 ] D: findTrackIndexByPoint 0 QRect(0,0 1707x111) false QPointF(306,148)
[    35.21 ] D: findTrackIndexByPoint 1 QRect(0,111 1707x111) true QPointF(306,148)
[    35.21 ] D: tmp:tmp:tmp:tmp:tmp QPair(1,-1)
[    35.21 ] D: firstIndex 1 0 1 4
[    35.21 ] D: firstIndex2
[    35.21 ] D: firstIndex4 0 1
[    35.21 ] D: firstIndex3 0 1
[    35.21 ] D: firstIndex2 0 2
[    35.21 ] D: firstIndex3.3
[    35.21 ] D: firstIndex3
[    35.21 ] D: _automationChanging false
[    35.21 ] D: mouseMove2
[    35.23 ] D: newTopPixel 150 167 17
[    35.23 ] D: findTrackIndexByPoint 0 QRect(0,0 1707x111) false QPointF(306,150)
[    35.23 ] D: findTrackIndexByPoint 1 QRect(0,111 1707x111) true QPointF(306,150)
[    35.23 ] D: tmp:tmp:tmp:tmp:tmp QPair(1,-1)
[    35.23 ] D: firstIndex 1 0 1 4
[    35.23 ] D: firstIndex2
[    35.23 ] D: firstIndex4 0 1
[    35.23 ] D: firstIndex3 0 1
[    35.23 ] D: firstIndex2 0 2
[    35.23 ] D: firstIndex3.3
[    35.23 ] D: firstIndex3
[    35.23 ] D: _automationChanging false
[    35.23 ] D: mouseMove2
[    35.23 ] D: newTopPixel 153 170 17
[    35.23 ] D: findTrackIndexByPoint 0 QRect(0,0 1707x111) false QPointF(306,153)
[    35.23 ] D: findTrackIndexByPoint 1 QRect(0,111 1707x111) true QPointF(306,153)
[    35.23 ] D: tmp:tmp:tmp:tmp:tmp QPair(1,-1)
[    35.23 ] D: firstIndex 1 0 1 4
[    35.23 ] D: firstIndex2
[    35.23 ] D: firstIndex4 0 1
[    35.23 ] D: firstIndex3 0 1
[    35.23 ] D: firstIndex2 0 2
[    35.23 ] D: firstIndex3.3
[    35.23 ] D: firstIndex3
[    35.23 ] D: _automationChanging false
[    35.23 ] D: mouseMove2
[    35.24 ] D: newTopPixel 154 171 17
[    35.24 ] D: findTrackIndexByPoint 0 QRect(0,0 1707x111) false QPointF(306,154)
[    35.24 ] D: findTrackIndexByPoint 1 QRect(0,111 1707x111) true QPointF(306,154)
[    35.24 ] D: tmp:tmp:tmp:tmp:tmp QPair(1,-1)
[    35.24 ] D: firstIndex 1 0 1 4
[    35.24 ] D: firstIndex2
[    35.24 ] D: firstIndex4 0 1
[    35.24 ] D: firstIndex3 0 1
[    35.24 ] D: firstIndex2 0 2
[    35.24 ] D: firstIndex3.3
[    35.24 ] D: firstIndex3
[    35.24 ] D: _automationChanging false
[    35.24 ] D: mouseMove2
[    35.24 ] D: _automationChanging false
[    35.24 ] D: mouseMove2
[    35.25 ] D: _automationChanging false
[    35.25 ] D: mouseMove2
[    35.25 ] D: newTopPixel 159 176 17
[    35.25 ] D: findTrackIndexByPoint 0 QRect(0,0 1707x111) false QPointF(306,159)
[    35.25 ] D: findTrackIndexByPoint 1 QRect(0,111 1707x111) true QPointF(306,159)
[    35.25 ] D: tmp:tmp:tmp:tmp:tmp QPair(1,-1)
[    35.25 ] D: firstIndex 1 0 1 4
[    35.25 ] D: firstIndex2
[    35.25 ] D: firstIndex4 0 1
[    35.25 ] D: firstIndex3 0 1
[    35.25 ] D: firstIndex2 0 2
[    35.25 ] D: firstIndex3.3
[    35.25 ] D: firstIndex3
[    35.26 ] D: newTopPixel 159 176 17
[    35.26 ] D: findTrackIndexByPoint 0 QRect(0,0 1707x111) false QPointF(306,159)
[    35.26 ] D: findTrackIndexByPoint 1 QRect(0,111 1707x111) true QPointF(306,159)
[    35.26 ] D: tmp:tmp:tmp:tmp:tmp QPair(1,-1)
[    35.26 ] D: firstIndex 1 0 1 4
[    35.26 ] D: firstIndex2
[    35.26 ] D: firstIndex4 0 1
[    35.26 ] D: firstIndex3 0 1
[    35.26 ] D: firstIndex2 0 2
[    35.26 ] D: firstIndex3.3
[    35.26 ] D: firstIndex3
[    35.26 ] D: _automationChanging false
[    35.26 ] D: mouseMove2
[    35.26 ] D: _automationChanging false
[    35.26 ] D: mouseMove2
[    35.26 ] D: _automationChanging false
[    35.26 ] D: mouseMove2
[    35.26 ] D: _automationChanging false
[    35.26 ] D: mouseMove2
[    35.28 ] D: newTopPixel 165 182 17
[    35.28 ] D: findTrackIndexByPoint 0 QRect(0,0 1707x111) false QPointF(306,165)
[    35.28 ] D: findTrackIndexByPoint 1 QRect(0,111 1707x111) true QPointF(306,165)
[    35.28 ] D: tmp:tmp:tmp:tmp:tmp QPair(1,-1)
[    35.28 ] D: firstIndex 1 0 1 4
[    35.28 ] D: firstIndex2
[    35.28 ] D: firstIndex4 0 1
[    35.28 ] D: firstIndex3 0 1
[    35.28 ] D: firstIndex2 0 2
[    35.28 ] D: firstIndex3.3
[    35.28 ] D: firstIndex3
[    35.28 ] D: _automationChanging false
[    35.28 ] D: mouseMove2
[    35.28 ] D: newTopPixel 168 185 17
[    35.28 ] D: findTrackIndexByPoint 0 QRect(0,0 1707x111) false QPointF(306,168)
[    35.28 ] D: findTrackIndexByPoint 1 QRect(0,111 1707x111) true QPointF(306,168)
[    35.28 ] D: tmp:tmp:tmp:tmp:tmp QPair(1,-1)
[    35.28 ] D: firstIndex 1 0 1 4
[    35.28 ] D: firstIndex2
[    35.28 ] D: firstIndex4 0 1
[    35.28 ] D: firstIndex3 0 1
[    35.28 ] D: firstIndex2 0 2
[    35.28 ] D: firstIndex3.3
[    35.28 ] D: firstIndex3
[    35.28 ] D: _automationChanging false
[    35.28 ] D: mouseMove2
[    35.28 ] D: _automationChanging false
[    35.28 ] D: mouseMove2
[    35.29 ] D: newTopPixel 170 187 17
[    35.29 ] D: findTrackIndexByPoint 0 QRect(0,0 1707x111) false QPointF(306,170)
[    35.29 ] D: findTrackIndexByPoint 1 QRect(0,111 1707x111) true QPointF(306,170)
[    35.29 ] D: tmp:tmp:tmp:tmp:tmp QPair(1,-1)
[    35.29 ] D: firstIndex 1 0 1 4
[    35.29 ] D: firstIndex2
[    35.29 ] D: firstIndex4 0 1
[    35.29 ] D: firstIndex3 0 1
[    35.29 ] D: firstIndex2 0 2
[    35.29 ] D: firstIndex3.3
[    35.29 ] D: firstIndex3
[    35.29 ] D: _automationChanging false
[    35.29 ] D: mouseMove2
[    35.29 ] D: _automationChanging false
[    35.29 ] D: mouseMove2
[    35.30 ] D: _automationChanging false
[    35.30 ] D: mouseMove2
[    35.30 ] D: newTopPixel 174 191 17
[    35.30 ] D: findTrackIndexByPoint 0 QRect(0,0 1707x111) false QPointF(306,174)
[    35.30 ] D: findTrackIndexByPoint 1 QRect(0,111 1707x111) true QPointF(306,174)
[    35.30 ] D: tmp:tmp:tmp:tmp:tmp QPair(1,-1)
[    35.30 ] D: firstIndex 1 0 1 4
[    35.30 ] D: firstIndex2
[    35.30 ] D: firstIndex4 0 1
[    35.30 ] D: firstIndex3 0 1
[    35.30 ] D: firstIndex2 0 2
[    35.30 ] D: firstIndex3.3
[    35.30 ] D: firstIndex3
[    35.31 ] D: newTopPixel 174 191 17
[    35.31 ] D: findTrackIndexByPoint 0 QRect(0,0 1707x111) false QPointF(306,174)
[    35.31 ] D: findTrackIndexByPoint 1 QRect(0,111 1707x111) true QPointF(306,174)
[    35.31 ] D: tmp:tmp:tmp:tmp:tmp QPair(1,-1)
[    35.31 ] D: firstIndex 1 0 1 4
[    35.31 ] D: firstIndex2
[    35.31 ] D: firstIndex4 0 1
[    35.31 ] D: firstIndex3 0 1
[    35.31 ] D: firstIndex2 0 2
[    35.31 ] D: firstIndex3.3
[    35.31 ] D: firstIndex3
[    35.31 ] D: _automationChanging false
[    35.31 ] D: mouseMove2
[    35.31 ] D: _automationChanging false
[    35.31 ] D: mouseMove2
[    35.33 ] D: newTopPixel 178 195 17
[    35.33 ] D: findTrackIndexByPoint 0 QRect(0,0 1707x111) false QPointF(306,178)
[    35.33 ] D: findTrackIndexByPoint 1 QRect(0,111 1707x111) true QPointF(306,178)
[    35.33 ] D: tmp:tmp:tmp:tmp:tmp QPair(1,-1)
[    35.33 ] D: firstIndex 1 0 1 4
[    35.33 ] D: firstIndex2
[    35.33 ] D: firstIndex4 0 1
[    35.33 ] D: firstIndex3 0 1
[    35.33 ] D: firstIndex2 0 2
[    35.33 ] D: firstIndex3.3
[    35.33 ] D: firstIndex3
[    35.33 ] D: _automationChanging false
[    35.33 ] D: mouseMove2
[    35.33 ] D: newTopPixel 180 197 17
[    35.33 ] D: findTrackIndexByPoint 0 QRect(0,0 1707x111) false QPointF(306,180)
[    35.33 ] D: findTrackIndexByPoint 1 QRect(0,111 1707x111) true QPointF(306,180)
[    35.33 ] D: tmp:tmp:tmp:tmp:tmp QPair(1,-1)
[    35.33 ] D: firstIndex 1 0 1 4
[    35.33 ] D: firstIndex2
[    35.33 ] D: firstIndex4 0 1
[    35.33 ] D: firstIndex3 0 1
[    35.33 ] D: firstIndex2 0 2
[    35.33 ] D: firstIndex3.3
[    35.33 ] D: firstIndex3
[    35.33 ] D: _automationChanging false
[    35.33 ] D: mouseMove2
[    35.34 ] D: newTopPixel 181 198 17
[    35.34 ] D: findTrackIndexByPoint 0 QRect(0,0 1707x111) false QPointF(306,181)
[    35.34 ] D: findTrackIndexByPoint 1 QRect(0,111 1707x111) true QPointF(306,181)
[    35.34 ] D: tmp:tmp:tmp:tmp:tmp QPair(1,-1)
[    35.34 ] D: firstIndex 1 0 1 4
[    35.34 ] D: firstIndex2
[    35.34 ] D: firstIndex4 0 1
[    35.34 ] D: firstIndex3 0 1
[    35.34 ] D: firstIndex2 0 2
[    35.34 ] D: firstIndex3.3
[    35.34 ] D: firstIndex3
[    35.34 ] D: _automationChanging false
[    35.34 ] D: mouseMove2
[    35.35 ] D: _automationChanging false
[    35.35 ] D: mouseMove2
[    35.35 ] D: newTopPixel 183 200 17
[    35.35 ] D: findTrackIndexByPoint 0 QRect(0,0 1707x111) false QPointF(306,183)
[    35.35 ] D: findTrackIndexByPoint 1 QRect(0,111 1707x111) true QPointF(306,183)
[    35.35 ] D: tmp:tmp:tmp:tmp:tmp QPair(1,-1)
[    35.35 ] D: firstIndex 1 0 1 4
[    35.35 ] D: firstIndex2
[    35.35 ] D: firstIndex4 0 1
[    35.35 ] D: firstIndex3 0 1
[    35.35 ] D: firstIndex2 0 2
[    35.35 ] D: firstIndex3.3
[    35.35 ] D: firstIndex3
[    35.36 ] D: newTopPixel 183 200 17
[    35.36 ] D: findTrackIndexByPoint 0 QRect(0,0 1707x111) false QPointF(306,183)
[    35.36 ] D: findTrackIndexByPoint 1 QRect(0,111 1707x111) true QPointF(306,183)
[    35.36 ] D: tmp:tmp:tmp:tmp:tmp QPair(1,-1)
[    35.36 ] D: firstIndex 1 0 1 4
[    35.36 ] D: firstIndex2
[    35.36 ] D: firstIndex4 0 1
[    35.36 ] D: firstIndex3 0 1
[    35.36 ] D: firstIndex2 0 2
[    35.36 ] D: firstIndex3.3
[    35.36 ] D: firstIndex3
[    35.36 ] D: _automationChanging false
[    35.36 ] D: mouseMove2
[    35.37 ] D: newTopPixel 184 201 17
[    35.37 ] D: findTrackIndexByPoint 0 QRect(0,0 1707x111) false QPointF(306,184)
[    35.37 ] D: findTrackIndexByPoint 1 QRect(0,111 1707x111) true QPointF(306,184)
[    35.37 ] D: tmp:tmp:tmp:tmp:tmp QPair(1,-1)
[    35.37 ] D: firstIndex 1 0 1 4
[    35.37 ] D: firstIndex2
[    35.37 ] D: firstIndex4 0 1
[    35.37 ] D: firstIndex3 0 1
[    35.37 ] D: firstIndex2 0 2
[    35.37 ] D: firstIndex3.3
[    35.37 ] D: firstIndex3
[    35.38 ] D: _automationChanging false
[    35.38 ] D: mouseMove2
[    35.38 ] D: newTopPixel 185 202 17
[    35.38 ] D: findTrackIndexByPoint 0 QRect(0,0 1707x111) false QPointF(306,185)
[    35.38 ] D: findTrackIndexByPoint 1 QRect(0,111 1707x111) true QPointF(306,185)
[    35.38 ] D: tmp:tmp:tmp:tmp:tmp QPair(1,-1)
[    35.38 ] D: firstIndex 1 0 1 4
[    35.38 ] D: firstIndex2
[    35.38 ] D: firstIndex4 0 1
[    35.38 ] D: firstIndex3 0 1
[    35.38 ] D: firstIndex2 0 2
[    35.38 ] D: firstIndex3.3
[    35.38 ] D: firstIndex3
[    35.39 ] D: newTopPixel 185 202 17
[    35.39 ] D: findTrackIndexByPoint 0 QRect(0,0 1707x111) false QPointF(306,185)
[    35.39 ] D: findTrackIndexByPoint 1 QRect(0,111 1707x111) true QPointF(306,185)
[    35.39 ] D: tmp:tmp:tmp:tmp:tmp QPair(1,-1)
[    35.39 ] D: firstIndex 1 0 1 4
[    35.39 ] D: firstIndex2
[    35.39 ] D: firstIndex4 0 1
[    35.39 ] D: firstIndex3 0 1
[    35.39 ] D: firstIndex2 0 2
[    35.39 ] D: firstIndex3.3
[    35.39 ] D: firstIndex3
[    35.40 ] D: newTopPixel 185 202 17
[    35.40 ] D: findTrackIndexByPoint 0 QRect(0,0 1707x111) false QPointF(306,185)
[    35.40 ] D: findTrackIndexByPoint 1 QRect(0,111 1707x111) true QPointF(306,185)
[    35.40 ] D: tmp:tmp:tmp:tmp:tmp QPair(1,-1)
[    35.40 ] D: firstIndex 1 0 1 4
[    35.40 ] D: firstIndex2
[    35.40 ] D: firstIndex4 0 1
[    35.40 ] D: firstIndex3 0 1
[    35.40 ] D: firstIndex2 0 2
[    35.40 ] D: firstIndex3.3
[    35.40 ] D: firstIndex3
[    35.40 ] D: _automationChanging false
[    35.40 ] D: mouseMove2
[    35.41 ] D: newTopPixel 186 203 17
[    35.41 ] D: findTrackIndexByPoint 0 QRect(0,0 1707x111) false QPointF(306,186)
[    35.41 ] D: findTrackIndexByPoint 1 QRect(0,111 1707x111) true QPointF(306,186)
[    35.41 ] D: tmp:tmp:tmp:tmp:tmp QPair(1,-1)
[    35.41 ] D: firstIndex 1 0 1 4
[    35.41 ] D: firstIndex2
[    35.41 ] D: firstIndex4 0 1
[    35.41 ] D: firstIndex3 0 1
[    35.41 ] D: firstIndex2 0 2
[    35.41 ] D: firstIndex3.3
[    35.41 ] D: firstIndex3
[    35.43 ] D: newTopPixel 186 203 17
[    35.43 ] D: findTrackIndexByPoint 0 QRect(0,0 1707x111) false QPointF(306,186)
[    35.43 ] D: findTrackIndexByPoint 1 QRect(0,111 1707x111) true QPointF(306,186)
[    35.43 ] D: tmp:tmp:tmp:tmp:tmp QPair(1,-1)
[    35.43 ] D: firstIndex 1 0 1 4
[    35.43 ] D: firstIndex2
[    35.43 ] D: firstIndex4 0 1
[    35.43 ] D: firstIndex3 0 1
[    35.43 ] D: firstIndex2 0 2
[    35.43 ] D: firstIndex3.3
[    35.43 ] D: firstIndex3
[    35.43 ] D: newTopPixel 186 203 17
[    35.43 ] D: findTrackIndexByPoint 0 QRect(0,0 1707x111) false QPointF(306,186)
[    35.43 ] D: findTrackIndexByPoint 1 QRect(0,111 1707x111) true QPointF(306,186)
[    35.43 ] D: tmp:tmp:tmp:tmp:tmp QPair(1,-1)
[    35.43 ] D: firstIndex 1 0 1 4
[    35.43 ] D: firstIndex2
[    35.43 ] D: firstIndex4 0 1
[    35.43 ] D: firstIndex3 0 1
[    35.43 ] D: firstIndex2 0 2
[    35.43 ] D: firstIndex3.3
[    35.43 ] D: firstIndex3
[    35.44 ] D: newTopPixel 186 203 17
[    35.44 ] D: findTrackIndexByPoint 0 QRect(0,0 1707x111) false QPointF(306,186)
[    35.44 ] D: findTrackIndexByPoint 1 QRect(0,111 1707x111) true QPointF(306,186)
[    35.44 ] D: tmp:tmp:tmp:tmp:tmp QPair(1,-1)
[    35.44 ] D: firstIndex 1 0 1 4
[    35.44 ] D: firstIndex2
[    35.44 ] D: firstIndex4 0 1
[    35.44 ] D: firstIndex3 0 1
[    35.44 ] D: firstIndex2 0 2
[    35.44 ] D: firstIndex3.3
[    35.44 ] D: firstIndex3
[    35.45 ] D: newTopPixel 186 203 17
[    35.45 ] D: findTrackIndexByPoint 0 QRect(0,0 1707x111) false QPointF(306,186)
[    35.45 ] D: findTrackIndexByPoint 1 QRect(0,111 1707x111) true QPointF(306,186)
[    35.45 ] D: tmp:tmp:tmp:tmp:tmp QPair(1,-1)
[    35.45 ] D: firstIndex 1 0 1 4
[    35.45 ] D: firstIndex2
[    35.45 ] D: firstIndex4 0 1
[    35.45 ] D: firstIndex3 0 1
[    35.45 ] D: firstIndex2 0 2
[    35.45 ] D: firstIndex3.3
[    35.45 ] D: firstIndex3
[    35.46 ] D: newTopPixel 186 203 17
[    35.46 ] D: findTrackIndexByPoint 0 QRect(0,0 1707x111) false QPointF(306,186)
[    35.46 ] D: findTrackIndexByPoint 1 QRect(0,111 1707x111) true QPointF(306,186)
[    35.46 ] D: tmp:tmp:tmp:tmp:tmp QPair(1,-1)
[    35.46 ] D: firstIndex 1 0 1 4
[    35.46 ] D: firstIndex2
[    35.46 ] D: firstIndex4 0 1
[    35.46 ] D: firstIndex3 0 1
[    35.46 ] D: firstIndex2 0 2
[    35.46 ] D: firstIndex3.3
[    35.46 ] D: firstIndex3
[    35.47 ] D: newTopPixel 186 203 17
[    35.47 ] D: findTrackIndexByPoint 0 QRect(0,0 1707x111) false QPointF(306,186)
[    35.47 ] D: findTrackIndexByPoint 1 QRect(0,111 1707x111) true QPointF(306,186)
[    35.47 ] D: tmp:tmp:tmp:tmp:tmp QPair(1,-1)
[    35.47 ] D: firstIndex 1 0 1 4
[    35.47 ] D: firstIndex2
[    35.47 ] D: firstIndex4 0 1
[    35.47 ] D: firstIndex3 0 1
[    35.47 ] D: firstIndex2 0 2
[    35.47 ] D: firstIndex3.3
[    35.47 ] D: firstIndex3
[    35.48 ] D: newTopPixel 186 203 17
[    35.48 ] D: findTrackIndexByPoint 0 QRect(0,0 1707x111) false QPointF(306,186)
[    35.48 ] D: findTrackIndexByPoint 1 QRect(0,111 1707x111) true QPointF(306,186)
[    35.48 ] D: tmp:tmp:tmp:tmp:tmp QPair(1,-1)
[    35.48 ] D: firstIndex 1 0 1 4
[    35.48 ] D: firstIndex2
[    35.48 ] D: firstIndex4 0 1
[    35.48 ] D: firstIndex3 0 1
[    35.48 ] D: firstIndex2 0 2
[    35.48 ] D: firstIndex3.3
[    35.48 ] D: firstIndex3
[    35.49 ] D: newTopPixel 186 203 17
[    35.49 ] D: findTrackIndexByPoint 0 QRect(0,0 1707x111) false QPointF(306,186)
[    35.49 ] D: findTrackIndexByPoint 1 QRect(0,111 1707x111) true QPointF(306,186)
[    35.49 ] D: tmp:tmp:tmp:tmp:tmp QPair(1,-1)
[    35.49 ] D: firstIndex 1 0 1 4
[    35.49 ] D: firstIndex2
[    35.49 ] D: firstIndex4 0 1
[    35.49 ] D: firstIndex3 0 1
[    35.49 ] D: firstIndex2 0 2
[    35.49 ] D: firstIndex3.3
[    35.49 ] D: firstIndex3
[    35.50 ] D: newTopPixel 186 203 17
[    35.50 ] D: findTrackIndexByPoint 0 QRect(0,0 1707x111) false QPointF(306,186)
[    35.50 ] D: findTrackIndexByPoint 1 QRect(0,111 1707x111) true QPointF(306,186)
[    35.50 ] D: tmp:tmp:tmp:tmp:tmp QPair(1,-1)
[    35.50 ] D: firstIndex 1 0 1 4
[    35.50 ] D: firstIndex2
[    35.50 ] D: firstIndex4 0 1
[    35.50 ] D: firstIndex3 0 1
[    35.50 ] D: firstIndex2 0 2
[    35.50 ] D: firstIndex3.3
[    35.50 ] D: firstIndex3
[    35.51 ] D: newTopPixel 186 203 17
[    35.51 ] D: findTrackIndexByPoint 0 QRect(0,0 1707x111) false QPointF(306,186)
[    35.51 ] D: findTrackIndexByPoint 1 QRect(0,111 1707x111) true QPointF(306,186)
[    35.51 ] D: tmp:tmp:tmp:tmp:tmp QPair(1,-1)
[    35.51 ] D: firstIndex 1 0 1 4
[    35.51 ] D: firstIndex2
[    35.51 ] D: firstIndex4 0 1
[    35.51 ] D: firstIndex3 0 1
[    35.51 ] D: firstIndex2 0 2
[    35.51 ] D: firstIndex3.3
[    35.51 ] D: firstIndex3
[    35.52 ] D: newTopPixel 186 203 17
[    35.52 ] D: findTrackIndexByPoint 0 QRect(0,0 1707x111) false QPointF(306,186)
[    35.52 ] D: findTrackIndexByPoint 1 QRect(0,111 1707x111) true QPointF(306,186)
[    35.52 ] D: tmp:tmp:tmp:tmp:tmp QPair(1,-1)
[    35.52 ] D: firstIndex 1 0 1 4
[    35.52 ] D: firstIndex2
[    35.52 ] D: firstIndex4 0 1
[    35.52 ] D: firstIndex3 0 1
[    35.52 ] D: firstIndex2 0 2
[    35.52 ] D: firstIndex3.3
[    35.52 ] D: firstIndex3
[    35.53 ] D: newTopPixel 186 203 17
[    35.53 ] D: findTrackIndexByPoint 0 QRect(0,0 1707x111) false QPointF(306,186)
[    35.53 ] D: findTrackIndexByPoint 1 QRect(0,111 1707x111) true QPointF(306,186)
[    35.53 ] D: tmp:tmp:tmp:tmp:tmp QPair(1,-1)
[    35.53 ] D: firstIndex 1 0 1 4
[    35.53 ] D: firstIndex2
[    35.53 ] D: firstIndex4 0 1
[    35.53 ] D: firstIndex3 0 1
[    35.53 ] D: firstIndex2 0 2
[    35.53 ] D: firstIndex3.3
[    35.53 ] D: firstIndex3
[    35.54 ] D: newTopPixel 186 203 17
[    35.54 ] D: findTrackIndexByPoint 0 QRect(0,0 1707x111) false QPointF(306,186)
[    35.54 ] D: findTrackIndexByPoint 1 QRect(0,111 1707x111) true QPointF(306,186)
[    35.54 ] D: tmp:tmp:tmp:tmp:tmp QPair(1,-1)
[    35.54 ] D: firstIndex 1 0 1 4
[    35.54 ] D: firstIndex2
[    35.54 ] D: firstIndex4 0 1
[    35.54 ] D: firstIndex3 0 1
[    35.54 ] D: firstIndex2 0 2
[    35.54 ] D: firstIndex3.3
[    35.54 ] D: firstIndex3
[    35.55 ] D: newTopPixel 186 203 17
[    35.55 ] D: findTrackIndexByPoint 0 QRect(0,0 1707x111) false QPointF(306,186)
[    35.55 ] D: findTrackIndexByPoint 1 QRect(0,111 1707x111) true QPointF(306,186)
[    35.55 ] D: tmp:tmp:tmp:tmp:tmp QPair(1,-1)
[    35.55 ] D: firstIndex 1 0 1 4
[    35.55 ] D: firstIndex2
[    35.55 ] D: firstIndex4 0 1
[    35.55 ] D: firstIndex3 0 1
[    35.55 ] D: firstIndex2 0 2
[    35.55 ] D: firstIndex3.3
[    35.55 ] D: firstIndex3
[    35.56 ] D: newTopPixel 186 203 17
[    35.56 ] D: findTrackIndexByPoint 0 QRect(0,0 1707x111) false QPointF(306,186)
[    35.56 ] D: findTrackIndexByPoint 1 QRect(0,111 1707x111) true QPointF(306,186)
[    35.56 ] D: tmp:tmp:tmp:tmp:tmp QPair(1,-1)
[    35.56 ] D: firstIndex 1 0 1 4
[    35.56 ] D: firstIndex2
[    35.56 ] D: firstIndex4 0 1
[    35.56 ] D: firstIndex3 0 1
[    35.56 ] D: firstIndex2 0 2
[    35.56 ] D: firstIndex3.3
[    35.56 ] D: firstIndex3
[    35.58 ] D: newTopPixel 186 203 17
[    35.58 ] D: findTrackIndexByPoint 0 QRect(0,0 1707x111) false QPointF(306,186)
[    35.58 ] D: findTrackIndexByPoint 1 QRect(0,111 1707x111) true QPointF(306,186)
[    35.58 ] D: tmp:tmp:tmp:tmp:tmp QPair(1,-1)
[    35.58 ] D: firstIndex 1 0 1 4
[    35.58 ] D: firstIndex2
[    35.58 ] D: firstIndex4 0 1
[    35.58 ] D: firstIndex3 0 1
[    35.58 ] D: firstIndex2 0 2
[    35.58 ] D: firstIndex3.3
[    35.58 ] D: firstIndex3
[    35.58 ] D: newTopPixel 186 203 17
[    35.58 ] D: findTrackIndexByPoint 0 QRect(0,0 1707x111) false QPointF(306,186)
[    35.58 ] D: findTrackIndexByPoint 1 QRect(0,111 1707x111) true QPointF(306,186)
[    35.58 ] D: tmp:tmp:tmp:tmp:tmp QPair(1,-1)
[    35.58 ] D: firstIndex 1 0 1 4
[    35.58 ] D: firstIndex2
[    35.58 ] D: firstIndex4 0 1
[    35.58 ] D: firstIndex3 0 1
[    35.58 ] D: firstIndex2 0 2
[    35.58 ] D: firstIndex3.3
[    35.58 ] D: firstIndex3
[    35.59 ] D: newTopPixel 186 203 17
[    35.59 ] D: findTrackIndexByPoint 0 QRect(0,0 1707x111) false QPointF(306,186)
[    35.59 ] D: findTrackIndexByPoint 1 QRect(0,111 1707x111) true QPointF(306,186)
[    35.59 ] D: tmp:tmp:tmp:tmp:tmp QPair(1,-1)
[    35.59 ] D: firstIndex 1 0 1 4
[    35.59 ] D: firstIndex2
[    35.59 ] D: firstIndex4 0 1
[    35.59 ] D: firstIndex3 0 1
[    35.59 ] D: firstIndex2 0 2
[    35.59 ] D: firstIndex3.3
[    35.59 ] D: firstIndex3
[    35.60 ] D: newTopPixel 186 203 17
[    35.60 ] D: findTrackIndexByPoint 0 QRect(0,0 1707x111) false QPointF(306,186)
[    35.60 ] D: findTrackIndexByPoint 1 QRect(0,111 1707x111) true QPointF(306,186)
[    35.60 ] D: tmp:tmp:tmp:tmp:tmp QPair(1,-1)
[    35.60 ] D: firstIndex 1 0 1 4
[    35.60 ] D: firstIndex2
[    35.60 ] D: firstIndex4 0 1
[    35.60 ] D: firstIndex3 0 1
[    35.60 ] D: firstIndex2 0 2
[    35.60 ] D: firstIndex3.3
[    35.60 ] D: firstIndex3
[    35.61 ] D: newTopPixel 186 203 17
[    35.61 ] D: findTrackIndexByPoint 0 QRect(0,0 1707x111) false QPointF(306,186)
[    35.61 ] D: findTrackIndexByPoint 1 QRect(0,111 1707x111) true QPointF(306,186)
[    35.61 ] D: tmp:tmp:tmp:tmp:tmp QPair(1,-1)
[    35.61 ] D: firstIndex 1 0 1 4
[    35.61 ] D: firstIndex2
[    35.61 ] D: firstIndex4 0 1
[    35.61 ] D: firstIndex3 0 1
[    35.61 ] D: firstIndex2 0 2
[    35.61 ] D: firstIndex3.3
[    35.61 ] D: firstIndex3
[    35.62 ] D: newTopPixel 186 203 17
[    35.62 ] D: findTrackIndexByPoint 0 QRect(0,0 1707x111) false QPointF(306,186)
[    35.62 ] D: findTrackIndexByPoint 1 QRect(0,111 1707x111) true QPointF(306,186)
[    35.62 ] D: tmp:tmp:tmp:tmp:tmp QPair(1,-1)
[    35.62 ] D: firstIndex 1 0 1 4
[    35.62 ] D: firstIndex2
[    35.62 ] D: firstIndex4 0 1
[    35.62 ] D: firstIndex3 0 1
[    35.62 ] D: firstIndex2 0 2
[    35.62 ] D: firstIndex3.3
[    35.62 ] D: firstIndex3
[    35.63 ] D: newTopPixel 186 203 17
[    35.63 ] D: findTrackIndexByPoint 0 QRect(0,0 1707x111) false QPointF(306,186)
[    35.63 ] D: findTrackIndexByPoint 1 QRect(0,111 1707x111) true QPointF(306,186)
[    35.63 ] D: tmp:tmp:tmp:tmp:tmp QPair(1,-1)
[    35.63 ] D: firstIndex 1 0 1 4
[    35.63 ] D: firstIndex2
[    35.63 ] D: firstIndex4 0 1
[    35.63 ] D: firstIndex3 0 1
[    35.63 ] D: firstIndex2 0 2
[    35.63 ] D: firstIndex3.3
[    35.63 ] D: firstIndex3
[    35.64 ] D: newTopPixel 186 203 17
[    35.64 ] D: findTrackIndexByPoint 0 QRect(0,0 1707x111) false QPointF(306,186)
[    35.64 ] D: findTrackIndexByPoint 1 QRect(0,111 1707x111) true QPointF(306,186)
[    35.64 ] D: tmp:tmp:tmp:tmp:tmp QPair(1,-1)
[    35.64 ] D: firstIndex 1 0 1 4
[    35.64 ] D: firstIndex2
[    35.64 ] D: firstIndex4 0 1
[    35.64 ] D: firstIndex3 0 1
[    35.64 ] D: firstIndex2 0 2
[    35.64 ] D: firstIndex3.3
[    35.64 ] D: firstIndex3
[    35.65 ] D: newTopPixel 186 203 17
[    35.65 ] D: findTrackIndexByPoint 0 QRect(0,0 1707x111) false QPointF(306,186)
[    35.65 ] D: findTrackIndexByPoint 1 QRect(0,111 1707x111) true QPointF(306,186)
[    35.65 ] D: tmp:tmp:tmp:tmp:tmp QPair(1,-1)
[    35.65 ] D: firstIndex 1 0 1 4
[    35.65 ] D: firstIndex2
[    35.65 ] D: firstIndex4 0 1
[    35.65 ] D: firstIndex3 0 1
[    35.65 ] D: firstIndex2 0 2
[    35.65 ] D: firstIndex3.3
[    35.65 ] D: firstIndex3
[    35.65 ] D: _automationChanging false
[    35.65 ] D: mouseMove2
[    35.66 ] D: newTopPixel 186 203 17
[    35.66 ] D: findTrackIndexByPoint 0 QRect(0,0 1707x111) false QPointF(288,186)
[    35.66 ] D: findTrackIndexByPoint 1 QRect(0,111 1707x111) true QPointF(288,186)
[    35.66 ] D: tmp:tmp:tmp:tmp:tmp QPair(1,-1)
[    35.66 ] D: firstIndex 1 0 1 4
[    35.66 ] D: firstIndex2
[    35.66 ] D: firstIndex4 0 1
[    35.66 ] D: firstIndex3 0 1
[    35.66 ] D: firstIndex2 0 2
[    35.66 ] D: firstIndex3.3
[    35.66 ] D: firstIndex3
[    35.66 ] D: _automationChanging false
[    35.66 ] D: mouseMove2
[    35.67 ] D: _automationChanging false
[    35.67 ] D: mouseMove2
[    35.67 ] D: newTopPixel 187 204 17
[    35.67 ] D: findTrackIndexByPoint 0 QRect(0,0 1707x111) false QPointF(288,187)
[    35.67 ] D: findTrackIndexByPoint 1 QRect(0,111 1707x111) true QPointF(288,187)
[    35.67 ] D: tmp:tmp:tmp:tmp:tmp QPair(1,-1)
[    35.67 ] D: firstIndex 1 0 1 4
[    35.67 ] D: firstIndex2
[    35.67 ] D: firstIndex4 0 1
[    35.67 ] D: firstIndex3 0 1
[    35.67 ] D: firstIndex2 0 2
[    35.67 ] D: firstIndex3.3
[    35.67 ] D: firstIndex3
[    35.68 ] D: _automationChanging false
[    35.68 ] D: mouseMove2
[    35.68 ] D: _automationChanging false
[    35.68 ] D: mouseMove2
[    35.68 ] D: newTopPixel 187 204 17
[    35.68 ] D: findTrackIndexByPoint 0 QRect(0,0 1707x111) false QPointF(288,187)
[    35.68 ] D: findTrackIndexByPoint 1 QRect(0,111 1707x111) true QPointF(288,187)
[    35.68 ] D: tmp:tmp:tmp:tmp:tmp QPair(1,-1)
[    35.68 ] D: firstIndex 1 0 1 4
[    35.68 ] D: firstIndex2
[    35.68 ] D: firstIndex4 0 1
[    35.68 ] D: firstIndex3 0 1
[    35.68 ] D: firstIndex2 0 2
[    35.68 ] D: firstIndex3.3
[    35.68 ] D: firstIndex3
[    35.68 ] D: _automationChanging false
[    35.68 ] D: mouseMove2
[    35.68 ] D: _automationChanging false
[    35.68 ] D: mouseMove2
[    35.69 ] D: newTopPixel 187 204 17
[    35.69 ] D: findTrackIndexByPoint 0 QRect(0,0 1707x111) false QPointF(288,187)
[    35.69 ] D: findTrackIndexByPoint 1 QRect(0,111 1707x111) true QPointF(288,187)
[    35.69 ] D: tmp:tmp:tmp:tmp:tmp QPair(1,-1)
[    35.69 ] D: firstIndex 1 0 1 4
[    35.69 ] D: firstIndex2
[    35.69 ] D: firstIndex4 0 1
[    35.69 ] D: firstIndex3 0 1
[    35.69 ] D: firstIndex2 0 2
[    35.69 ] D: firstIndex3.3
[    35.69 ] D: firstIndex3
[    35.69 ] D: _automationChanging false
[    35.69 ] D: mouseMove2
[    35.69 ] D: _automationChanging false
[    35.69 ] D: mouseMove2
[    35.69 ] D: _automationChanging false
[    35.69 ] D: mouseMove2
[    35.70 ] D: _automationChanging false
[    35.70 ] D: mouseMove2
[    35.71 ] D: newTopPixel 188 205 17
[    35.71 ] D: findTrackIndexByPoint 0 QRect(0,0 1707x111) false QPointF(270,188)
[    35.71 ] D: findTrackIndexByPoint 1 QRect(0,111 1707x111) true QPointF(270,188)
[    35.71 ] D: tmp:tmp:tmp:tmp:tmp QPair(1,-1)
[    35.71 ] D: firstIndex 1 0 1 4
[    35.71 ] D: firstIndex2
[    35.71 ] D: firstIndex4 0 1
[    35.71 ] D: firstIndex3 0 1
[    35.71 ] D: firstIndex2 0 2
[    35.71 ] D: firstIndex3.3
[    35.71 ] D: firstIndex3
[    35.71 ] D: _automationChanging false
[    35.71 ] D: mouseMove2
[    35.71 ] D: _automationChanging false
[    35.71 ] D: mouseMove2
[    35.71 ] D: _automationChanging false
[    35.71 ] D: mouseMove2
[    35.72 ] D: _automationChanging false
[    35.72 ] D: mouseMove2
[    35.73 ] D: newTopPixel 188 205 17
[    35.73 ] D: findTrackIndexByPoint 0 QRect(0,0 1707x111) false QPointF(270,188)
[    35.73 ] D: findTrackIndexByPoint 1 QRect(0,111 1707x111) true QPointF(270,188)
[    35.73 ] D: tmp:tmp:tmp:tmp:tmp QPair(1,-1)
[    35.73 ] D: firstIndex 1 0 1 4
[    35.73 ] D: firstIndex2
[    35.73 ] D: firstIndex4 0 1
[    35.73 ] D: firstIndex3 0 1
[    35.73 ] D: firstIndex2 0 2
[    35.73 ] D: firstIndex3.3
[    35.73 ] D: firstIndex3
[    35.73 ] D: _automationChanging false
[    35.73 ] D: mouseMove2
[    35.73 ] D: newTopPixel 188 205 17
[    35.73 ] D: findTrackIndexByPoint 0 QRect(0,0 1707x111) false QPointF(252,188)
[    35.73 ] D: findTrackIndexByPoint 1 QRect(0,111 1707x111) true QPointF(252,188)
[    35.73 ] D: tmp:tmp:tmp:tmp:tmp QPair(1,-1)
[    35.73 ] D: firstIndex 1 0 1 4
[    35.73 ] D: firstIndex2
[    35.73 ] D: firstIndex4 0 1
[    35.73 ] D: firstIndex3 0 1
[    35.73 ] D: firstIndex2 0 2
[    35.73 ] D: firstIndex3.3
[    35.73 ] D: firstIndex3
[    35.73 ] D: _automationChanging false
[    35.73 ] D: mouseMove2
[    35.73 ] D: _automationChanging false
[    35.73 ] D: mouseMove2
[    35.73 ] D: _automationChanging false
[    35.73 ] D: mouseMove2
[    35.74 ] D: newTopPixel 189 206 17
[    35.74 ] D: findTrackIndexByPoint 0 QRect(0,0 1707x111) false QPointF(234,189)
[    35.74 ] D: findTrackIndexByPoint 1 QRect(0,111 1707x111) true QPointF(234,189)
[    35.74 ] D: tmp:tmp:tmp:tmp:tmp QPair(1,-1)
[    35.74 ] D: firstIndex 1 0 1 4
[    35.74 ] D: firstIndex2
[    35.74 ] D: firstIndex4 0 1
[    35.74 ] D: firstIndex3 0 1
[    35.74 ] D: firstIndex2 0 2
[    35.74 ] D: firstIndex3.3
[    35.74 ] D: firstIndex3
[    35.74 ] D: _automationChanging false
[    35.74 ] D: mouseMove2
[    35.74 ] D: _automationChanging false
[    35.74 ] D: mouseMove2
[    35.74 ] D: _automationChanging false
[    35.74 ] D: mouseMove2
[    35.75 ] D: _automationChanging false
[    35.75 ] D: mouseMove2
[    35.75 ] D: newTopPixel 189 206 17
[    35.75 ] D: findTrackIndexByPoint 0 QRect(0,0 1707x111) false QPointF(216,189)
[    35.75 ] D: findTrackIndexByPoint 1 QRect(0,111 1707x111) true QPointF(216,189)
[    35.75 ] D: tmp:tmp:tmp:tmp:tmp QPair(1,-1)
[    35.75 ] D: firstIndex 1 0 1 4
[    35.75 ] D: firstIndex2
[    35.75 ] D: firstIndex4 0 1
[    35.75 ] D: firstIndex3 0 1
[    35.75 ] D: firstIndex2 0 2
[    35.75 ] D: firstIndex3.3
[    35.75 ] D: firstIndex3
[    35.76 ] D: newTopPixel 189 206 17
[    35.76 ] D: findTrackIndexByPoint 0 QRect(0,0 1707x111) false QPointF(216,189)
[    35.76 ] D: findTrackIndexByPoint 1 QRect(0,111 1707x111) true QPointF(216,189)
[    35.76 ] D: tmp:tmp:tmp:tmp:tmp QPair(1,-1)
[    35.76 ] D: firstIndex 1 0 1 4
[    35.76 ] D: firstIndex2
[    35.76 ] D: firstIndex4 0 1
[    35.76 ] D: firstIndex3 0 1
[    35.76 ] D: firstIndex2 0 2
[    35.76 ] D: firstIndex3.3
[    35.76 ] D: firstIndex3
[    35.76 ] D: _automationChanging false
[    35.76 ] D: mouseMove2
[    35.76 ] D: _automationChanging false
[    35.76 ] D: mouseMove2
[    35.76 ] D: _automationChanging false
[    35.76 ] D: mouseMove2
[    35.76 ] D: _automationChanging false
[    35.76 ] D: mouseMove2
[    35.78 ] D: newTopPixel 190 207 17
[    35.78 ] D: findTrackIndexByPoint 0 QRect(0,0 1707x111) false QPointF(198,190)
[    35.78 ] D: findTrackIndexByPoint 1 QRect(0,111 1707x111) true QPointF(198,190)
[    35.78 ] D: tmp:tmp:tmp:tmp:tmp QPair(1,-1)
[    35.78 ] D: firstIndex 1 0 1 4
[    35.78 ] D: firstIndex2
[    35.78 ] D: firstIndex4 0 1
[    35.78 ] D: firstIndex3 0 1
[    35.78 ] D: firstIndex2 0 2
[    35.78 ] D: firstIndex3.3
[    35.78 ] D: firstIndex3
[    35.78 ] D: _automationChanging false
[    35.78 ] D: mouseMove2
[    35.78 ] D: _automationChanging false
[    35.78 ] D: mouseMove2
[    35.78 ] D: newTopPixel 190 207 17
[    35.78 ] D: findTrackIndexByPoint 0 QRect(0,0 1707x111) false QPointF(180,190)
[    35.78 ] D: findTrackIndexByPoint 1 QRect(0,111 1707x111) true QPointF(180,190)
[    35.78 ] D: tmp:tmp:tmp:tmp:tmp QPair(1,-1)
[    35.78 ] D: firstIndex 1 0 1 4
[    35.78 ] D: firstIndex2
[    35.78 ] D: firstIndex4 0 1
[    35.78 ] D: firstIndex3 0 1
[    35.78 ] D: firstIndex2 0 2
[    35.78 ] D: firstIndex3.3
[    35.78 ] D: firstIndex3
[    35.78 ] D: _automationChanging false
[    35.78 ] D: mouseMove2
[    35.78 ] D: _automationChanging false
[    35.78 ] D: mouseMove2
[    35.78 ] D: _automationChanging false
[    35.78 ] D: mouseMove2
[    35.79 ] D: newTopPixel 191 208 17
[    35.79 ] D: findTrackIndexByPoint 0 QRect(0,0 1707x111) false QPointF(180,191)
[    35.79 ] D: findTrackIndexByPoint 1 QRect(0,111 1707x111) true QPointF(180,191)
[    35.79 ] D: tmp:tmp:tmp:tmp:tmp QPair(1,-1)
[    35.79 ] D: firstIndex 1 0 1 4
[    35.79 ] D: firstIndex2
[    35.79 ] D: firstIndex4 0 1
[    35.79 ] D: firstIndex3 0 1
[    35.79 ] D: firstIndex2 0 2
[    35.79 ] D: firstIndex3.3
[    35.79 ] D: firstIndex3
[    35.79 ] D: _automationChanging false
[    35.79 ] D: mouseMove2
[    35.79 ] D: _automationChanging false
[    35.79 ] D: mouseMove2
[    35.79 ] D: _automationChanging false
[    35.79 ] D: mouseMove2
[    35.80 ] D: _automationChanging false
[    35.80 ] D: mouseMove2
[    35.80 ] D: newTopPixel 191 208 17
[    35.80 ] D: findTrackIndexByPoint 0 QRect(0,0 1707x111) false QPointF(162,191)
[    35.80 ] D: findTrackIndexByPoint 1 QRect(0,111 1707x111) true QPointF(162,191)
[    35.80 ] D: tmp:tmp:tmp:tmp:tmp QPair(1,-1)
[    35.80 ] D: firstIndex 1 0 1 4
[    35.80 ] D: firstIndex2
[    35.80 ] D: firstIndex4 0 1
[    35.80 ] D: firstIndex3 0 1
[    35.80 ] D: firstIndex2 0 2
[    35.80 ] D: firstIndex3.3
[    35.80 ] D: firstIndex3
[    35.81 ] D: _automationChanging false
[    35.81 ] D: mouseMove2
[    35.81 ] D: newTopPixel 191 208 17
[    35.81 ] D: findTrackIndexByPoint 0 QRect(0,0 1707x111) false QPointF(162,191)
[    35.81 ] D: findTrackIndexByPoint 1 QRect(0,111 1707x111) true QPointF(162,191)
[    35.81 ] D: tmp:tmp:tmp:tmp:tmp QPair(1,-1)
[    35.81 ] D: firstIndex 1 0 1 4
[    35.81 ] D: firstIndex2
[    35.81 ] D: firstIndex4 0 1
[    35.81 ] D: firstIndex3 0 1
[    35.81 ] D: firstIndex2 0 2
[    35.81 ] D: firstIndex3.3
[    35.81 ] D: firstIndex3
[    35.81 ] D: _automationChanging false
[    35.81 ] D: mouseMove2
[    35.81 ] D: _automationChanging false
[    35.81 ] D: mouseMove2
[    35.81 ] D: _automationChanging false
[    35.81 ] D: mouseMove2
[    35.81 ] D: _automationChanging false
[    35.81 ] D: mouseMove2
[    35.83 ] D: newTopPixel 191 208 17
[    35.83 ] D: findTrackIndexByPoint 0 QRect(0,0 1707x111) false QPointF(144,191)
[    35.83 ] D: findTrackIndexByPoint 1 QRect(0,111 1707x111) true QPointF(144,191)
[    35.83 ] D: tmp:tmp:tmp:tmp:tmp QPair(1,-1)
[    35.83 ] D: firstIndex 1 0 1 4
[    35.83 ] D: firstIndex2
[    35.83 ] D: firstIndex4 0 1
[    35.83 ] D: firstIndex3 0 1
[    35.83 ] D: firstIndex2 0 2
[    35.83 ] D: firstIndex3.3
[    35.83 ] D: firstIndex3
[    35.83 ] D: _automationChanging false
[    35.83 ] D: mouseMove2
[    35.83 ] D: _automationChanging false
[    35.83 ] D: mouseMove2
[    35.83 ] D: newTopPixel 192 209 17
[    35.83 ] D: findTrackIndexByPoint 0 QRect(0,0 1707x111) false QPointF(144,192)
[    35.83 ] D: findTrackIndexByPoint 1 QRect(0,111 1707x111) true QPointF(144,192)
[    35.83 ] D: tmp:tmp:tmp:tmp:tmp QPair(1,-1)
[    35.83 ] D: firstIndex 1 0 1 4
[    35.83 ] D: firstIndex2
[    35.83 ] D: firstIndex4 0 1
[    35.83 ] D: firstIndex3 0 1
[    35.83 ] D: firstIndex2 0 2
[    35.83 ] D: firstIndex3.3
[    35.83 ] D: firstIndex3
[    35.83 ] D: _automationChanging false
[    35.83 ] D: mouseMove2
[    35.83 ] D: _automationChanging false
[    35.83 ] D: mouseMove2
[    35.83 ] D: _automationChanging false
[    35.83 ] D: mouseMove2
[    35.84 ] D: newTopPixel 192 209 17
[    35.84 ] D: findTrackIndexByPoint 0 QRect(0,0 1707x111) false QPointF(126,192)
[    35.84 ] D: findTrackIndexByPoint 1 QRect(0,111 1707x111) true QPointF(126,192)
[    35.84 ] D: tmp:tmp:tmp:tmp:tmp QPair(1,-1)
[    35.84 ] D: firstIndex 1 0 1 4
[    35.84 ] D: firstIndex2
[    35.84 ] D: firstIndex4 0 1
[    35.84 ] D: firstIndex3 0 1
[    35.84 ] D: firstIndex2 0 2
[    35.84 ] D: firstIndex3.3
[    35.84 ] D: firstIndex3
[    35.84 ] D: _automationChanging false
[    35.84 ] D: mouseMove2
[    35.85 ] D: _automationChanging false
[    35.85 ] D: mouseMove2
[    35.85 ] D: _automationChanging false
[    35.85 ] D: mouseMove2
[    35.85 ] D: _automationChanging false
[    35.85 ] D: mouseMove2
[    35.85 ] D: newTopPixel 193 210 17
[    35.85 ] D: findTrackIndexByPoint 0 QRect(0,0 1707x111) false QPointF(126,193)
[    35.85 ] D: findTrackIndexByPoint 1 QRect(0,111 1707x111) true QPointF(126,193)
[    35.85 ] D: tmp:tmp:tmp:tmp:tmp QPair(1,-1)
[    35.85 ] D: firstIndex 1 0 1 4
[    35.85 ] D: firstIndex2
[    35.85 ] D: firstIndex4 0 1
[    35.85 ] D: firstIndex3 0 1
[    35.85 ] D: firstIndex2 0 2
[    35.85 ] D: firstIndex3.3
[    35.85 ] D: firstIndex3
[    35.86 ] D: newTopPixel 193 210 17
[    35.86 ] D: findTrackIndexByPoint 0 QRect(0,0 1707x111) false QPointF(126,193)
[    35.86 ] D: findTrackIndexByPoint 1 QRect(0,111 1707x111) true QPointF(126,193)
[    35.86 ] D: tmp:tmp:tmp:tmp:tmp QPair(1,-1)
[    35.86 ] D: firstIndex 1 0 1 4
[    35.86 ] D: firstIndex2
[    35.86 ] D: firstIndex4 0 1
[    35.86 ] D: firstIndex3 0 1
[    35.86 ] D: firstIndex2 0 2
[    35.86 ] D: firstIndex3.3
[    35.86 ] D: firstIndex3
[    35.86 ] D: _automationChanging false
[    35.86 ] D: mouseMove2
[    35.86 ] D: _automationChanging false
[    35.86 ] D: mouseMove2
[    35.86 ] D: _automationChanging false
[    35.86 ] D: mouseMove2
[    35.86 ] D: _automationChanging false
[    35.86 ] D: mouseMove2
[    35.87 ] D: _automationChanging false
[    35.87 ] D: mouseMove2
[    35.88 ] D: newTopPixel 193 210 17
[    35.88 ] D: findTrackIndexByPoint 0 QRect(0,0 1707x111) false QPointF(108,193)
[    35.88 ] D: findTrackIndexByPoint 1 QRect(0,111 1707x111) true QPointF(108,193)
[    35.88 ] D: tmp:tmp:tmp:tmp:tmp QPair(1,-1)
[    35.88 ] D: firstIndex 1 0 1 4
[    35.88 ] D: firstIndex2
[    35.88 ] D: firstIndex4 0 1
[    35.88 ] D: firstIndex3 0 1
[    35.88 ] D: firstIndex2 0 2
[    35.88 ] D: firstIndex3.3
[    35.88 ] D: firstIndex3
[    35.88 ] D: _automationChanging false
[    35.88 ] D: mouseMove2
[    35.88 ] D: newTopPixel 194 211 17
[    35.88 ] D: findTrackIndexByPoint 0 QRect(0,0 1707x111) false QPointF(108,194)
[    35.88 ] D: findTrackIndexByPoint 1 QRect(0,111 1707x111) true QPointF(108,194)
[    35.88 ] D: tmp:tmp:tmp:tmp:tmp QPair(1,-1)
[    35.88 ] D: firstIndex 1 0 1 4
[    35.88 ] D: firstIndex2
[    35.88 ] D: firstIndex4 0 1
[    35.88 ] D: firstIndex3 0 1
[    35.88 ] D: firstIndex2 0 2
[    35.88 ] D: firstIndex3.3
[    35.88 ] D: firstIndex3
[    35.88 ] D: _automationChanging false
[    35.88 ] D: mouseMove2
[    35.88 ] D: _automationChanging false
[    35.88 ] D: mouseMove2
[    35.89 ] D: newTopPixel 194 211 17
[    35.89 ] D: findTrackIndexByPoint 0 QRect(0,0 1707x111) false QPointF(108,194)
[    35.89 ] D: findTrackIndexByPoint 1 QRect(0,111 1707x111) true QPointF(108,194)
[    35.89 ] D: tmp:tmp:tmp:tmp:tmp QPair(1,-1)
[    35.89 ] D: firstIndex 1 0 1 4
[    35.89 ] D: firstIndex2
[    35.89 ] D: firstIndex4 0 1
[    35.89 ] D: firstIndex3 0 1
[    35.89 ] D: firstIndex2 0 2
[    35.89 ] D: firstIndex3.3
[    35.89 ] D: firstIndex3
[    35.89 ] D: _automationChanging false
[    35.89 ] D: mouseMove2
[    35.90 ] D: _automationChanging false
[    35.90 ] D: mouseMove2
[    35.90 ] D: _automationChanging false
[    35.90 ] D: mouseMove2
[    35.90 ] D: newTopPixel 195 212 17
[    35.90 ] D: findTrackIndexByPoint 0 QRect(0,0 1707x111) false QPointF(90,195)
[    35.90 ] D: findTrackIndexByPoint 1 QRect(0,111 1707x111) true QPointF(90,195)
[    35.90 ] D: tmp:tmp:tmp:tmp:tmp QPair(1,-1)
[    35.90 ] D: firstIndex 1 0 1 4
[    35.90 ] D: firstIndex2
[    35.90 ] D: firstIndex4 0 1
[    35.90 ] D: firstIndex3 0 1
[    35.90 ] D: firstIndex2 0 2
[    35.90 ] D: firstIndex3.3
[    35.90 ] D: firstIndex3
[    35.91 ] D: newTopPixel 195 212 17
[    35.91 ] D: findTrackIndexByPoint 0 QRect(0,0 1707x111) false QPointF(90,195)
[    35.91 ] D: findTrackIndexByPoint 1 QRect(0,111 1707x111) true QPointF(90,195)
[    35.91 ] D: tmp:tmp:tmp:tmp:tmp QPair(1,-1)
[    35.91 ] D: firstIndex 1 0 1 4
[    35.91 ] D: firstIndex2
[    35.91 ] D: firstIndex4 0 1
[    35.91 ] D: firstIndex3 0 1
[    35.91 ] D: firstIndex2 0 2
[    35.91 ] D: firstIndex3.3
[    35.91 ] D: firstIndex3
[    35.91 ] D: _automationChanging false
[    35.91 ] D: mouseMove2
[    35.93 ] D: newTopPixel 195 212 17
[    35.93 ] D: findTrackIndexByPoint 0 QRect(0,0 1707x111) false QPointF(90,195)
[    35.93 ] D: findTrackIndexByPoint 1 QRect(0,111 1707x111) true QPointF(90,195)
[    35.93 ] D: tmp:tmp:tmp:tmp:tmp QPair(1,-1)
[    35.93 ] D: firstIndex 1 0 1 4
[    35.93 ] D: firstIndex2
[    35.93 ] D: firstIndex4 0 1
[    35.93 ] D: firstIndex3 0 1
[    35.93 ] D: firstIndex2 0 2
[    35.93 ] D: firstIndex3.3
[    35.93 ] D: firstIndex3
[    35.93 ] D: newTopPixel 195 212 17
[    35.93 ] D: findTrackIndexByPoint 0 QRect(0,0 1707x111) false QPointF(90,195)
[    35.93 ] D: findTrackIndexByPoint 1 QRect(0,111 1707x111) true QPointF(90,195)
[    35.93 ] D: tmp:tmp:tmp:tmp:tmp QPair(1,-1)
[    35.93 ] D: firstIndex 1 0 1 4
[    35.93 ] D: firstIndex2
[    35.93 ] D: firstIndex4 0 1
[    35.93 ] D: firstIndex3 0 1
[    35.93 ] D: firstIndex2 0 2
[    35.93 ] D: firstIndex3.3
[    35.93 ] D: firstIndex3
[    35.94 ] D: newTopPixel 195 212 17
[    35.94 ] D: findTrackIndexByPoint 0 QRect(0,0 1707x111) false QPointF(90,195)
[    35.94 ] D: findTrackIndexByPoint 1 QRect(0,111 1707x111) true QPointF(90,195)
[    35.94 ] D: tmp:tmp:tmp:tmp:tmp QPair(1,-1)
[    35.94 ] D: firstIndex 1 0 1 4
[    35.94 ] D: firstIndex2
[    35.94 ] D: firstIndex4 0 1
[    35.94 ] D: firstIndex3 0 1
[    35.94 ] D: firstIndex2 0 2
[    35.94 ] D: firstIndex3.3
[    35.94 ] D: firstIndex3
[    35.96 ] D: newTopPixel 195 212 17
[    35.96 ] D: findTrackIndexByPoint 0 QRect(0,0 1707x111) false QPointF(90,195)
[    35.96 ] D: findTrackIndexByPoint 1 QRect(0,111 1707x111) true QPointF(90,195)
[    35.96 ] D: tmp:tmp:tmp:tmp:tmp QPair(1,-1)
[    35.96 ] D: firstIndex 1 0 1 4
[    35.96 ] D: firstIndex2
[    35.96 ] D: firstIndex4 0 1
[    35.96 ] D: firstIndex3 0 1
[    35.96 ] D: firstIndex2 0 2
[    35.96 ] D: firstIndex3.3
[    35.96 ] D: firstIndex3
[    35.97 ] D: newTopPixel 195 212 17
[    35.97 ] D: findTrackIndexByPoint 0 QRect(0,0 1707x111) false QPointF(90,195)
[    35.97 ] D: findTrackIndexByPoint 1 QRect(0,111 1707x111) true QPointF(90,195)
[    35.97 ] D: tmp:tmp:tmp:tmp:tmp QPair(1,-1)
[    35.97 ] D: firstIndex 1 0 1 4
[    35.97 ] D: firstIndex2
[    35.97 ] D: firstIndex4 0 1
[    35.97 ] D: firstIndex3 0 1
[    35.97 ] D: firstIndex2 0 2
[    35.97 ] D: firstIndex3.3
[    35.97 ] D: firstIndex3
[    35.98 ] D: newTopPixel 195 212 17
[    35.98 ] D: findTrackIndexByPoint 0 QRect(0,0 1707x111) false QPointF(90,195)
[    35.98 ] D: findTrackIndexByPoint 1 QRect(0,111 1707x111) true QPointF(90,195)
[    35.98 ] D: tmp:tmp:tmp:tmp:tmp QPair(1,-1)
[    35.98 ] D: firstIndex 1 0 1 4
[    35.98 ] D: firstIndex2
[    35.98 ] D: firstIndex4 0 1
[    35.98 ] D: firstIndex3 0 1
[    35.98 ] D: firstIndex2 0 2
[    35.98 ] D: firstIndex3.3
[    35.98 ] D: firstIndex3
[    35.99 ] D: newTopPixel 195 212 17
[    35.99 ] D: findTrackIndexByPoint 0 QRect(0,0 1707x111) false QPointF(90,195)
[    35.99 ] D: findTrackIndexByPoint 1 QRect(0,111 1707x111) true QPointF(90,195)
[    35.99 ] D: tmp:tmp:tmp:tmp:tmp QPair(1,-1)
[    35.99 ] D: firstIndex 1 0 1 4
[    35.99 ] D: firstIndex2
[    35.99 ] D: firstIndex4 0 1
[    35.99 ] D: firstIndex3 0 1
[    35.99 ] D: firstIndex2 0 2
[    35.99 ] D: firstIndex3.3
[    35.99 ] D: firstIndex3
[    36.00 ] D: newTopPixel 195 212 17
[    36.00 ] D: findTrackIndexByPoint 0 QRect(0,0 1707x111) false QPointF(90,195)
[    36.00 ] D: findTrackIndexByPoint 1 QRect(0,111 1707x111) true QPointF(90,195)
[    36.00 ] D: tmp:tmp:tmp:tmp:tmp QPair(1,-1)
[    36.00 ] D: firstIndex 1 0 1 4
[    36.00 ] D: firstIndex2
[    36.00 ] D: firstIndex4 0 1
[    36.00 ] D: firstIndex3 0 1
[    36.00 ] D: firstIndex2 0 2
[    36.00 ] D: firstIndex3.3
[    36.00 ] D: firstIndex3
[    36.01 ] D: newTopPixel 195 212 17
[    36.01 ] D: findTrackIndexByPoint 0 QRect(0,0 1707x111) false QPointF(90,195)
[    36.01 ] D: findTrackIndexByPoint 1 QRect(0,111 1707x111) true QPointF(90,195)
[    36.01 ] D: tmp:tmp:tmp:tmp:tmp QPair(1,-1)
[    36.01 ] D: firstIndex 1 0 1 4
[    36.01 ] D: firstIndex2
[    36.01 ] D: firstIndex4 0 1
[    36.01 ] D: firstIndex3 0 1
[    36.01 ] D: firstIndex2 0 2
[    36.01 ] D: firstIndex3.3
[    36.01 ] D: firstIndex3
[    36.02 ] D: newTopPixel 195 212 17
[    36.02 ] D: findTrackIndexByPoint 0 QRect(0,0 1707x111) false QPointF(90,195)
[    36.02 ] D: findTrackIndexByPoint 1 QRect(0,111 1707x111) true QPointF(90,195)
[    36.02 ] D: tmp:tmp:tmp:tmp:tmp QPair(1,-1)
[    36.02 ] D: firstIndex 1 0 1 4
[    36.02 ] D: firstIndex2
[    36.02 ] D: firstIndex4 0 1
[    36.02 ] D: firstIndex3 0 1
[    36.02 ] D: firstIndex2 0 2
[    36.02 ] D: firstIndex3.3
[    36.02 ] D: firstIndex3
[    36.03 ] D: newTopPixel 195 212 17
[    36.03 ] D: findTrackIndexByPoint 0 QRect(0,0 1707x111) false QPointF(90,195)
[    36.03 ] D: findTrackIndexByPoint 1 QRect(0,111 1707x111) true QPointF(90,195)
[    36.03 ] D: tmp:tmp:tmp:tmp:tmp QPair(1,-1)
[    36.03 ] D: firstIndex 1 0 1 4
[    36.03 ] D: firstIndex2
[    36.03 ] D: firstIndex4 0 1
[    36.03 ] D: firstIndex3 0 1
[    36.03 ] D: firstIndex2 0 2
[    36.03 ] D: firstIndex3.3
[    36.03 ] D: firstIndex3
[    36.04 ] D: newTopPixel 195 212 17
[    36.04 ] D: findTrackIndexByPoint 0 QRect(0,0 1707x111) false QPointF(90,195)
[    36.04 ] D: findTrackIndexByPoint 1 QRect(0,111 1707x111) true QPointF(90,195)
[    36.04 ] D: tmp:tmp:tmp:tmp:tmp QPair(1,-1)
[    36.04 ] D: firstIndex 1 0 1 4
[    36.04 ] D: firstIndex2
[    36.04 ] D: firstIndex4 0 1
[    36.04 ] D: firstIndex3 0 1
[    36.04 ] D: firstIndex2 0 2
[    36.04 ] D: firstIndex3.3
[    36.04 ] D: firstIndex3
[    36.05 ] D: newTopPixel 195 212 17
[    36.05 ] D: findTrackIndexByPoint 0 QRect(0,0 1707x111) false QPointF(90,195)
[    36.05 ] D: findTrackIndexByPoint 1 QRect(0,111 1707x111) true QPointF(90,195)
[    36.05 ] D: tmp:tmp:tmp:tmp:tmp QPair(1,-1)
[    36.05 ] D: firstIndex 1 0 1 4
[    36.05 ] D: firstIndex2
[    36.05 ] D: firstIndex4 0 1
[    36.05 ] D: firstIndex3 0 1
[    36.05 ] D: firstIndex2 0 2
[    36.05 ] D: firstIndex3.3
[    36.05 ] D: firstIndex3
[    36.06 ] D: newTopPixel 195 212 17
[    36.06 ] D: findTrackIndexByPoint 0 QRect(0,0 1707x111) false QPointF(90,195)
[    36.06 ] D: findTrackIndexByPoint 1 QRect(0,111 1707x111) true QPointF(90,195)
[    36.06 ] D: tmp:tmp:tmp:tmp:tmp QPair(1,-1)
[    36.06 ] D: firstIndex 1 0 1 4
[    36.06 ] D: firstIndex2
[    36.06 ] D: firstIndex4 0 1
[    36.06 ] D: firstIndex3 0 1
[    36.06 ] D: firstIndex2 0 2
[    36.06 ] D: firstIndex3.3
[    36.06 ] D: firstIndex3
[    36.07 ] D: newTopPixel 195 212 17
[    36.07 ] D: findTrackIndexByPoint 0 QRect(0,0 1707x111) false QPointF(90,195)
[    36.07 ] D: findTrackIndexByPoint 1 QRect(0,111 1707x111) true QPointF(90,195)
[    36.07 ] D: tmp:tmp:tmp:tmp:tmp QPair(1,-1)
[    36.07 ] D: firstIndex 1 0 1 4
[    36.07 ] D: firstIndex2
[    36.07 ] D: firstIndex4 0 1
[    36.07 ] D: firstIndex3 0 1
[    36.07 ] D: firstIndex2 0 2
[    36.07 ] D: firstIndex3.3
[    36.07 ] D: firstIndex3
[    36.08 ] D: newTopPixel 195 212 17
[    36.08 ] D: findTrackIndexByPoint 0 QRect(0,0 1707x111) false QPointF(90,195)
[    36.08 ] D: findTrackIndexByPoint 1 QRect(0,111 1707x111) true QPointF(90,195)
[    36.08 ] D: tmp:tmp:tmp:tmp:tmp QPair(1,-1)
[    36.08 ] D: firstIndex 1 0 1 4
[    36.08 ] D: firstIndex2
[    36.08 ] D: firstIndex4 0 1
[    36.08 ] D: firstIndex3 0 1
[    36.08 ] D: firstIndex2 0 2
[    36.08 ] D: firstIndex3.3
[    36.08 ] D: firstIndex3
[    36.09 ] D: newTopPixel 195 212 17
[    36.09 ] D: findTrackIndexByPoint 0 QRect(0,0 1707x111) false QPointF(90,195)
[    36.09 ] D: findTrackIndexByPoint 1 QRect(0,111 1707x111) true QPointF(90,195)
[    36.09 ] D: tmp:tmp:tmp:tmp:tmp QPair(1,-1)
[    36.09 ] D: firstIndex 1 0 1 4
[    36.09 ] D: firstIndex2
[    36.09 ] D: firstIndex4 0 1
[    36.09 ] D: firstIndex3 0 1
[    36.09 ] D: firstIndex2 0 2
[    36.09 ] D: firstIndex3.3
[    36.09 ] D: firstIndex3
[    36.09 ] D: P1
[    36.09 ] D: P2
[    36.09 ] D: _movingAutomationPoint 0 4
[    36.09 ] D: deleteSelectedArea QRectF(19000,0 13000x111) QRect(0,0 1707x111)
[    36.09 ] D: findOverlayItems 2 0
[    36.09 ] D: "{17653d26-8fa3-4208-b42d-ccb268c01754}" i.value()->sampleClip()->startTime()  19000 337833 32000 19000
[    36.09 ] D: findOverlayItems
[    36.09 ] D: "{8a01d4d3-7ed7-4174-bf97-0812c259d062}" i.value()->sampleClip()->startTime()  15000 19000 32000 19000
[    36.09 ] D: findOverlayItems
[    36.09 ] D: deleteSelectedArea1 19000 32000
[    36.09 ] D: deleteSelectedArea3
[    36.11 ] D: sltPositionChanged 1411200
[    36.11 ] D: REMOVED array 0 1
[    36.11 ] D: deleteSelectedArea QRectF(19000,0 13000x111) QRect(0,111 1707x111)
[    36.11 ] D: REMOVED array 1 0
[    36.11 ] D: deleteSelectedArea QRectF(19000,0 13000x111) QRect(0,222 1707x111)
[    36.11 ] D: frame_offset 11 0 217
[    36.11 ] D: REMOVED array 2 0
[    36.11 ] D: deleteSelectedArea QRectF(19000,0 13000x111) QRect(0,333 1707x111)
[    36.11 ] D: REMOVED array 3 0
[    36.11 ] D: sltPositionChanged 220500
[    36.11 ] D: frame_offset 2 0 217
[    36.11 ] D: frame_offset 11 1 217
[    36.11 ] D: frame_offset 2 1 217
[    36.11 ] D: frame_offset 11 2 217
[    36.11 ] D: frame_offset 11 3 217
[    36.11 ] D: frame_offset 2 2 217
[    36.12 ] D: frame_offset 11 4 217
[    36.12 ] D: frame_offset 2 3 217
[    36.12 ] D: sltPositionChanged 220500
[    36.12 ] D: findOverlayItems 1 1
[    36.12 ] D: "{b8afd144-a191-4e8d-ace3-800bcf3c135f}" i.value()->sampleClip()->startTime()  5000 18000 18000 5000
[    36.12 ] D: findOverlayItems
[    36.12 ] D: frame_offset 2 0 217
[    36.12 ] D: frame_offset 2 1 217
[    36.12 ] D: frame_offset 2 2 217
[    36.13 ] D: frame_offset 2 3 217
[    36.13 ] D: frame_offset 2 4 217
[    37.25 ] D: findTrackIndexByPoint 0 QRect(0,0 1707x111) false QPointF(256,129)
[    37.25 ] D: findTrackIndexByPoint 1 QRect(0,111 1707x111) true QPointF(256,129)
[    37.25 ] D: _startSelectedClipIndex123 "{b8afd144-a191-4e8d-ace3-800bcf3c135f}"
[    37.25 ] D: copySelectedArea1; QRectF(5000,111 13000x111) QRect(0,0 1707x111)
[    37.25 ] D: copySelectedArea1; QRectF(5000,111 13000x111) QRect(0,111 1707x111)
[    37.25 ] D: copySelectedArea3
[    37.25 ] D: copySelectedArea1; QRectF(5000,111 13000x111) QRect(0,222 1707x111)
[    37.25 ] D: copySelectedArea1; QRectF(5000,111 13000x111) QRect(0,333 1707x111)
[    37.25 ] D: RETURN 1 1 -1 1 0 -1
[    37.25 ] D: RETURN
[    37.25 ] D: IOIO1 0 0
[    37.25 ] D: Ok
[    37.25 ] D: OK
[    37.25 ] D: OK
[    37.25 ] D: IOIO1 0 0
[    37.25 ] D: RETURN 1 1 -1 1 2 -1
[    37.25 ] D: RETURN
[    37.25 ] D: IOIO1 0 0
[    37.25 ] D: RETURN 1 1 -1 1 3 -1
[    37.25 ] D: RETURN
[    37.25 ] D: IOIO1 0 0
[    37.25 ] D: _movingAutomationPoint 0
[    37.30 ] D: _automationChanging false
[    37.30 ] D: mouseMove2
[    37.31 ] D: _automationChanging false
[    37.31 ] D: mouseMove2
[    37.31 ] D: _automationChanging false
[    37.31 ] D: mouseMove2
[    37.31 ] D: newTopPixel 111 129 18
[    37.31 ] D: findTrackIndexByPoint 0 QRect(0,0 1707x111) false QPointF(90,111)
[    37.31 ] D: findTrackIndexByPoint 1 QRect(0,111 1707x111) true QPointF(90,111)
[    37.31 ] D: tmp:tmp:tmp:tmp:tmp QPair(1,-1)
[    37.31 ] D: firstIndex 1 0 1 4
[    37.31 ] D: firstIndex2
[    37.31 ] D: firstIndex4 0 1
[    37.31 ] D: firstIndex3 0 1
[    37.31 ] D: firstIndex2 0 2
[    37.31 ] D: firstIndex3.3
[    37.31 ] D: firstIndex3
[    37.33 ] D: newTopPixel 111 129 18
[    37.33 ] D: findTrackIndexByPoint 0 QRect(0,0 1707x111) false QPointF(90,111)
[    37.33 ] D: findTrackIndexByPoint 1 QRect(0,111 1707x111) true QPointF(90,111)
[    37.33 ] D: tmp:tmp:tmp:tmp:tmp QPair(1,-1)
[    37.33 ] D: firstIndex 1 0 1 4
[    37.33 ] D: firstIndex2
[    37.33 ] D: firstIndex4 0 1
[    37.33 ] D: firstIndex3 0 1
[    37.33 ] D: firstIndex2 0 2
[    37.33 ] D: firstIndex3.3
[    37.33 ] D: firstIndex3
[    37.33 ] D: _automationChanging false
[    37.33 ] D: mouseMove2
[    37.33 ] D: _automationChanging false
[    37.33 ] D: mouseMove2
[    37.33 ] D: newTopPixel 114 132 18
[    37.33 ] D: findTrackIndexByPoint 0 QRect(0,0 1707x111) false QPointF(108,114)
[    37.33 ] D: findTrackIndexByPoint 1 QRect(0,111 1707x111) true QPointF(108,114)
[    37.33 ] D: tmp:tmp:tmp:tmp:tmp QPair(1,-1)
[    37.33 ] D: firstIndex 1 0 1 4
[    37.33 ] D: firstIndex2
[    37.33 ] D: firstIndex4 0 1
[    37.33 ] D: firstIndex3 0 1
[    37.33 ] D: firstIndex2 0 2
[    37.33 ] D: firstIndex3.3
[    37.33 ] D: firstIndex3
[    37.33 ] D: _automationChanging false
[    37.33 ] D: mouseMove2
[    37.33 ] D: _automationChanging false
[    37.33 ] D: mouseMove2
[    37.34 ] D: newTopPixel 116 134 18
[    37.34 ] D: findTrackIndexByPoint 0 QRect(0,0 1707x111) false QPointF(126,116)
[    37.34 ] D: findTrackIndexByPoint 1 QRect(0,111 1707x111) true QPointF(126,116)
[    37.34 ] D: tmp:tmp:tmp:tmp:tmp QPair(1,-1)
[    37.34 ] D: firstIndex 1 0 1 4
[    37.34 ] D: firstIndex2
[    37.34 ] D: firstIndex4 0 1
[    37.34 ] D: firstIndex3 0 1
[    37.34 ] D: firstIndex2 0 2
[    37.34 ] D: firstIndex3.3
[    37.34 ] D: firstIndex3
[    37.34 ] D: _automationChanging false
[    37.34 ] D: mouseMove2
[    37.35 ] D: _automationChanging false
[    37.35 ] D: mouseMove2
[    37.35 ] D: _automationChanging false
[    37.35 ] D: mouseMove2
[    37.35 ] D: _automationChanging false
[    37.35 ] D: mouseMove2
[    37.35 ] D: newTopPixel 120 138 18
[    37.35 ] D: findTrackIndexByPoint 0 QRect(0,0 1707x111) false QPointF(144,120)
[    37.35 ] D: findTrackIndexByPoint 1 QRect(0,111 1707x111) true QPointF(144,120)
[    37.35 ] D: tmp:tmp:tmp:tmp:tmp QPair(1,-1)
[    37.35 ] D: firstIndex 1 0 1 4
[    37.35 ] D: firstIndex2
[    37.35 ] D: firstIndex4 0 1
[    37.35 ] D: firstIndex3 0 1
[    37.35 ] D: firstIndex2 0 2
[    37.35 ] D: firstIndex3.3
[    37.35 ] D: firstIndex3
[    37.36 ] D: newTopPixel 120 138 18
[    37.36 ] D: findTrackIndexByPoint 0 QRect(0,0 1707x111) false QPointF(144,120)
[    37.36 ] D: findTrackIndexByPoint 1 QRect(0,111 1707x111) true QPointF(144,120)
[    37.36 ] D: tmp:tmp:tmp:tmp:tmp QPair(1,-1)
[    37.36 ] D: firstIndex 1 0 1 4
[    37.36 ] D: firstIndex2
[    37.36 ] D: firstIndex4 0 1
[    37.36 ] D: firstIndex3 0 1
[    37.36 ] D: firstIndex2 0 2
[    37.36 ] D: firstIndex3.3
[    37.36 ] D: firstIndex3
[    37.36 ] D: _automationChanging false
[    37.36 ] D: mouseMove2
[    37.36 ] D: _automationChanging false
[    37.36 ] D: mouseMove2
[    37.36 ] D: _automationChanging false
[    37.36 ] D: mouseMove2
[    37.37 ] D: _automationChanging false
[    37.37 ] D: mouseMove2
[    37.38 ] D: newTopPixel 126 144 18
[    37.38 ] D: findTrackIndexByPoint 0 QRect(0,0 1707x111) false QPointF(198,126)
[    37.38 ] D: findTrackIndexByPoint 1 QRect(0,111 1707x111) true QPointF(198,126)
[    37.38 ] D: tmp:tmp:tmp:tmp:tmp QPair(1,-1)
[    37.38 ] D: firstIndex 1 0 1 4
[    37.38 ] D: firstIndex2
[    37.38 ] D: firstIndex4 0 1
[    37.38 ] D: firstIndex3 0 1
[    37.38 ] D: firstIndex2 0 2
[    37.38 ] D: firstIndex3.3
[    37.38 ] D: firstIndex3
[    37.38 ] D: _automationChanging false
[    37.38 ] D: mouseMove2
[    37.38 ] D: _automationChanging false
[    37.38 ] D: mouseMove2
[    37.38 ] D: newTopPixel 130 148 18
[    37.38 ] D: findTrackIndexByPoint 0 QRect(0,0 1707x111) false QPointF(234,130)
[    37.38 ] D: findTrackIndexByPoint 1 QRect(0,111 1707x111) true QPointF(234,130)
[    37.38 ] D: tmp:tmp:tmp:tmp:tmp QPair(1,-1)
[    37.38 ] D: firstIndex 1 0 1 4
[    37.38 ] D: firstIndex2
[    37.38 ] D: firstIndex4 0 1
[    37.38 ] D: firstIndex3 0 1
[    37.38 ] D: firstIndex2 0 2
[    37.38 ] D: firstIndex3.3
[    37.38 ] D: firstIndex3
[    37.38 ] D: _automationChanging false
[    37.38 ] D: mouseMove2
[    37.38 ] D: _automationChanging false
[    37.38 ] D: mouseMove2
[    37.39 ] D: newTopPixel 133 151 18
[    37.39 ] D: findTrackIndexByPoint 0 QRect(0,0 1707x111) false QPointF(252,133)
[    37.39 ] D: findTrackIndexByPoint 1 QRect(0,111 1707x111) true QPointF(252,133)
[    37.39 ] D: tmp:tmp:tmp:tmp:tmp QPair(1,-1)
[    37.39 ] D: firstIndex 1 0 1 4
[    37.39 ] D: firstIndex2
[    37.39 ] D: firstIndex4 0 1
[    37.39 ] D: firstIndex3 0 1
[    37.39 ] D: firstIndex2 0 2
[    37.39 ] D: firstIndex3.3
[    37.39 ] D: firstIndex3
[    37.39 ] D: _automationChanging false
[    37.39 ] D: mouseMove2
[    37.39 ] D: _automationChanging false
[    37.39 ] D: mouseMove2
[    37.40 ] D: _automationChanging false
[    37.40 ] D: mouseMove2
[    37.40 ] D: _automationChanging false
[    37.40 ] D: mouseMove2
[    37.40 ] D: newTopPixel 141 159 18
[    37.40 ] D: findTrackIndexByPoint 0 QRect(0,0 1707x111) false QPointF(324,141)
[    37.40 ] D: findTrackIndexByPoint 1 QRect(0,111 1707x111) true QPointF(324,141)
[    37.40 ] D: tmp:tmp:tmp:tmp:tmp QPair(1,-1)
[    37.40 ] D: firstIndex 1 0 1 4
[    37.40 ] D: firstIndex2
[    37.40 ] D: firstIndex4 0 1
[    37.40 ] D: firstIndex3 0 1
[    37.40 ] D: firstIndex2 0 2
[    37.40 ] D: firstIndex3.3
[    37.40 ] D: firstIndex3
[    37.40 ] D: _automationChanging false
[    37.40 ] D: mouseMove2
[    37.41 ] D: newTopPixel 142 160 18
[    37.41 ] D: findTrackIndexByPoint 0 QRect(0,0 1707x111) false QPointF(324,142)
[    37.41 ] D: findTrackIndexByPoint 1 QRect(0,111 1707x111) true QPointF(324,142)
[    37.41 ] D: tmp:tmp:tmp:tmp:tmp QPair(1,-1)
[    37.41 ] D: firstIndex 1 0 1 4
[    37.41 ] D: firstIndex2
[    37.41 ] D: firstIndex4 0 1
[    37.41 ] D: firstIndex3 0 1
[    37.41 ] D: firstIndex2 0 2
[    37.41 ] D: firstIndex3.3
[    37.41 ] D: firstIndex3
[    37.41 ] D: _automationChanging false
[    37.41 ] D: mouseMove2
[    37.41 ] D: _automationChanging false
[    37.41 ] D: mouseMove2
[    37.41 ] D: _automationChanging false
[    37.41 ] D: mouseMove2
[    37.42 ] D: _automationChanging false
[    37.42 ] D: mouseMove2
[    37.43 ] D: newTopPixel 151 169 18
[    37.43 ] D: findTrackIndexByPoint 0 QRect(0,0 1707x111) false QPointF(378,151)
[    37.43 ] D: findTrackIndexByPoint 1 QRect(0,111 1707x111) true QPointF(378,151)
[    37.43 ] D: tmp:tmp:tmp:tmp:tmp QPair(1,-1)
[    37.43 ] D: firstIndex 1 0 1 4
[    37.43 ] D: firstIndex2
[    37.43 ] D: firstIndex4 0 1
[    37.43 ] D: firstIndex3 0 1
[    37.43 ] D: firstIndex2 0 2
[    37.43 ] D: firstIndex3.3
[    37.43 ] D: firstIndex3
[    37.43 ] D: _automationChanging false
[    37.43 ] D: mouseMove2
[    37.43 ] D: newTopPixel 156 174 18
[    37.43 ] D: findTrackIndexByPoint 0 QRect(0,0 1707x111) false QPointF(414,156)
[    37.43 ] D: findTrackIndexByPoint 1 QRect(0,111 1707x111) true QPointF(414,156)
[    37.43 ] D: tmp:tmp:tmp:tmp:tmp QPair(1,-1)
[    37.43 ] D: firstIndex 1 0 1 4
[    37.43 ] D: firstIndex2
[    37.43 ] D: firstIndex4 0 1
[    37.43 ] D: firstIndex3 0 1
[    37.43 ] D: firstIndex2 0 2
[    37.43 ] D: firstIndex3.3
[    37.43 ] D: firstIndex3
[    37.43 ] D: _automationChanging false
[    37.43 ] D: mouseMove2
[    37.43 ] D: _automationChanging false
[    37.43 ] D: mouseMove2
[    37.43 ] D: _automationChanging false
[    37.43 ] D: mouseMove2
[    37.44 ] D: newTopPixel 161 179 18
[    37.44 ] D: findTrackIndexByPoint 0 QRect(0,0 1707x111) false QPointF(432,161)
[    37.44 ] D: findTrackIndexByPoint 1 QRect(0,111 1707x111) true QPointF(432,161)
[    37.44 ] D: tmp:tmp:tmp:tmp:tmp QPair(1,-1)
[    37.44 ] D: firstIndex 1 0 1 4
[    37.44 ] D: firstIndex2
[    37.44 ] D: firstIndex4 0 1
[    37.44 ] D: firstIndex3 0 1
[    37.44 ] D: firstIndex2 0 2
[    37.44 ] D: firstIndex3.3
[    37.44 ] D: firstIndex3
[    37.44 ] D: _automationChanging false
[    37.44 ] D: mouseMove2
[    37.44 ] D: _automationChanging false
[    37.44 ] D: mouseMove2
[    37.44 ] D: _automationChanging false
[    37.44 ] D: mouseMove2
[    37.45 ] D: _automationChanging false
[    37.45 ] D: mouseMove2
[    37.46 ] D: newTopPixel 172 190 18
[    37.46 ] D: findTrackIndexByPoint 0 QRect(0,0 1707x111) false QPointF(468,172)
[    37.46 ] D: findTrackIndexByPoint 1 QRect(0,111 1707x111) true QPointF(468,172)
[    37.46 ] D: tmp:tmp:tmp:tmp:tmp QPair(1,-1)
[    37.46 ] D: firstIndex 1 0 1 4
[    37.46 ] D: firstIndex2
[    37.46 ] D: firstIndex4 0 1
[    37.46 ] D: firstIndex3 0 1
[    37.46 ] D: firstIndex2 0 2
[    37.46 ] D: firstIndex3.3
[    37.46 ] D: firstIndex3
[    37.46 ] D: _automationChanging false
[    37.46 ] D: mouseMove2
[    37.46 ] D: _automationChanging false
[    37.46 ] D: mouseMove2
[    37.46 ] D: _automationChanging false
[    37.46 ] D: mouseMove2
[    37.47 ] D: _automationChanging false
[    37.47 ] D: mouseMove2
[    37.48 ] D: newTopPixel 183 201 18
[    37.48 ] D: findTrackIndexByPoint 0 QRect(0,0 1707x111) false QPointF(504,183)
[    37.48 ] D: findTrackIndexByPoint 1 QRect(0,111 1707x111) true QPointF(504,183)
[    37.48 ] D: tmp:tmp:tmp:tmp:tmp QPair(1,-1)
[    37.48 ] D: firstIndex 1 0 1 4
[    37.48 ] D: firstIndex2
[    37.48 ] D: firstIndex4 0 1
[    37.48 ] D: firstIndex3 0 1
[    37.48 ] D: firstIndex2 0 2
[    37.48 ] D: firstIndex3.3
[    37.48 ] D: firstIndex3
[    37.48 ] D: _automationChanging false
[    37.48 ] D: mouseMove2
[    37.48 ] D: newTopPixel 188 206 18
[    37.48 ] D: findTrackIndexByPoint 0 QRect(0,0 1707x111) false QPointF(504,188)
[    37.48 ] D: findTrackIndexByPoint 1 QRect(0,111 1707x111) true QPointF(504,188)
[    37.48 ] D: tmp:tmp:tmp:tmp:tmp QPair(1,-1)
[    37.48 ] D: firstIndex 1 0 1 4
[    37.48 ] D: firstIndex2
[    37.48 ] D: firstIndex4 0 1
[    37.48 ] D: firstIndex3 0 1
[    37.48 ] D: firstIndex2 0 2
[    37.48 ] D: firstIndex3.3
[    37.48 ] D: firstIndex3
[    37.48 ] D: _automationChanging false
[    37.48 ] D: mouseMove2
[    37.48 ] D: _automationChanging false
[    37.48 ] D: mouseMove2
[    37.48 ] D: _automationChanging false
[    37.48 ] D: mouseMove2
[    37.49 ] D: newTopPixel 191 209 18
[    37.49 ] D: findTrackIndexByPoint 0 QRect(0,0 1707x111) false QPointF(504,191)
[    37.49 ] D: findTrackIndexByPoint 1 QRect(0,111 1707x111) true QPointF(504,191)
[    37.49 ] D: tmp:tmp:tmp:tmp:tmp QPair(1,-1)
[    37.49 ] D: firstIndex 1 0 1 4
[    37.49 ] D: firstIndex2
[    37.49 ] D: firstIndex4 0 1
[    37.49 ] D: firstIndex3 0 1
[    37.49 ] D: firstIndex2 0 2
[    37.49 ] D: firstIndex3.3
[    37.49 ] D: firstIndex3
[    37.49 ] D: _automationChanging false
[    37.49 ] D: mouseMove2
[    37.49 ] D: _automationChanging false
[    37.49 ] D: mouseMove2
[    37.49 ] D: _automationChanging false
[    37.49 ] D: mouseMove2
[    37.50 ] D: _automationChanging false
[    37.50 ] D: mouseMove2
[    37.50 ] D: newTopPixel 199 217 18
[    37.50 ] D: findTrackIndexByPoint 0 QRect(0,0 1707x111) false QPointF(522,199)
[    37.50 ] D: findTrackIndexByPoint 1 QRect(0,111 1707x111) true QPointF(522,199)
[    37.50 ] D: tmp:tmp:tmp:tmp:tmp QPair(1,-1)
[    37.50 ] D: firstIndex 1 0 1 4
[    37.50 ] D: firstIndex2
[    37.50 ] D: firstIndex4 0 1
[    37.50 ] D: firstIndex3 0 1
[    37.50 ] D: firstIndex2 0 2
[    37.50 ] D: firstIndex3.3
[    37.50 ] D: firstIndex3
[    37.51 ] D: _automationChanging false
[    37.51 ] D: mouseMove2
[    37.51 ] D: newTopPixel 200 218 18
[    37.51 ] D: findTrackIndexByPoint 0 QRect(0,0 1707x111) false QPointF(522,200)
[    37.51 ] D: findTrackIndexByPoint 1 QRect(0,111 1707x111) true QPointF(522,200)
[    37.51 ] D: tmp:tmp:tmp:tmp:tmp QPair(1,-1)
[    37.51 ] D: firstIndex 1 0 1 4
[    37.51 ] D: firstIndex2
[    37.51 ] D: firstIndex4 0 1
[    37.51 ] D: firstIndex3 0 1
[    37.51 ] D: firstIndex2 0 2
[    37.51 ] D: firstIndex3.3
[    37.51 ] D: firstIndex3
[    37.51 ] D: _automationChanging false
[    37.51 ] D: mouseMove2
[    37.51 ] D: _automationChanging false
[    37.51 ] D: mouseMove2
[    37.51 ] D: _automationChanging false
[    37.51 ] D: mouseMove2
[    37.53 ] D: newTopPixel 205 223 18
[    37.53 ] D: findTrackIndexByPoint 0 QRect(0,0 1707x111) false QPointF(522,205)
[    37.53 ] D: findTrackIndexByPoint 1 QRect(0,111 1707x111) true QPointF(522,205)
[    37.53 ] D: tmp:tmp:tmp:tmp:tmp QPair(1,-1)
[    37.53 ] D: firstIndex 1 0 1 4
[    37.53 ] D: firstIndex2
[    37.53 ] D: firstIndex4 0 1
[    37.53 ] D: firstIndex3 0 1
[    37.53 ] D: firstIndex2 0 2
[    37.53 ] D: firstIndex3.3
[    37.53 ] D: firstIndex3
[    37.53 ] D: _automationChanging false
[    37.53 ] D: mouseMove2
[    37.53 ] D: newTopPixel 208 226 18
[    37.53 ] D: findTrackIndexByPoint 0 QRect(0,0 1707x111) false QPointF(522,208)
[    37.53 ] D: findTrackIndexByPoint 1 QRect(0,111 1707x111) true QPointF(522,208)
[    37.53 ] D: tmp:tmp:tmp:tmp:tmp QPair(1,-1)
[    37.53 ] D: firstIndex 1 0 1 4
[    37.53 ] D: firstIndex2
[    37.53 ] D: firstIndex4 0 1
[    37.53 ] D: firstIndex3 0 1
[    37.53 ] D: firstIndex2 0 2
[    37.53 ] D: firstIndex3.3
[    37.53 ] D: firstIndex3
[    37.53 ] D: _automationChanging false
[    37.53 ] D: mouseMove2
[    37.53 ] D: _automationChanging false
[    37.53 ] D: mouseMove2
[    37.53 ] D: _automationChanging false
[    37.53 ] D: mouseMove2
[    37.54 ] D: newTopPixel 211 229 18
[    37.54 ] D: findTrackIndexByPoint 0 QRect(0,0 1707x111) false QPointF(522,211)
[    37.54 ] D: findTrackIndexByPoint 1 QRect(0,111 1707x111) true QPointF(522,211)
[    37.54 ] D: tmp:tmp:tmp:tmp:tmp QPair(1,-1)
[    37.54 ] D: firstIndex 1 0 1 4
[    37.54 ] D: firstIndex2
[    37.54 ] D: firstIndex4 0 1
[    37.54 ] D: firstIndex3 0 1
[    37.54 ] D: firstIndex2 0 2
[    37.54 ] D: firstIndex3.3
[    37.54 ] D: firstIndex3
[    37.54 ] D: _automationChanging false
[    37.54 ] D: mouseMove2
[    37.54 ] D: _automationChanging false
[    37.54 ] D: mouseMove2
[    37.54 ] D: _automationChanging false
[    37.54 ] D: mouseMove2
[    37.55 ] D: _automationChanging false
[    37.55 ] D: mouseMove2
[    37.55 ] D: newTopPixel 216 234 18
[    37.55 ] D: findTrackIndexByPoint 0 QRect(0,0 1707x111) false QPointF(522,216)
[    37.55 ] D: findTrackIndexByPoint 1 QRect(0,111 1707x111) true QPointF(522,216)
[    37.55 ] D: tmp:tmp:tmp:tmp:tmp QPair(1,-1)
[    37.55 ] D: firstIndex 1 0 1 4
[    37.55 ] D: firstIndex2
[    37.55 ] D: firstIndex4 0 1
[    37.55 ] D: firstIndex3 0 1
[    37.55 ] D: firstIndex2 0 2
[    37.55 ] D: firstIndex3.3
[    37.55 ] D: firstIndex3
[    37.56 ] D: _automationChanging false
[    37.56 ] D: mouseMove2
[    37.56 ] D: newTopPixel 218 236 18
[    37.56 ] D: findTrackIndexByPoint 0 QRect(0,0 1707x111) false QPointF(522,218)
[    37.56 ] D: findTrackIndexByPoint 1 QRect(0,111 1707x111) true QPointF(522,218)
[    37.56 ] D: tmp:tmp:tmp:tmp:tmp QPair(1,-1)
[    37.56 ] D: firstIndex 1 0 1 4
[    37.56 ] D: firstIndex2
[    37.56 ] D: firstIndex4 0 1
[    37.56 ] D: firstIndex3 0 1
[    37.56 ] D: firstIndex2 0 2
[    37.56 ] D: firstIndex3.3
[    37.56 ] D: firstIndex3
[    37.56 ] D: _automationChanging false
[    37.56 ] D: mouseMove2
[    37.56 ] D: _automationChanging false
[    37.56 ] D: mouseMove2
[    37.56 ] D: _automationChanging false
[    37.56 ] D: mouseMove2
[    37.56 ] D: _automationChanging false
[    37.56 ] D: mouseMove2
[    37.58 ] D: newTopPixel 225 243 18
[    37.58 ] D: findTrackIndexByPoint 0 QRect(0,0 1707x111) false QPointF(540,225)
[    37.58 ] D: findTrackIndexByPoint 1 QRect(0,111 1707x111) false QPointF(540,225)
[    37.58 ] D: findTrackIndexByPoint 2 QRect(0,222 1707x111) true QPointF(540,225)
[    37.58 ] D: tmp:tmp:tmp:tmp:tmp QPair(2,-1)
[    37.58 ] D: firstIndex 2 0 1 4
[    37.58 ] D: firstIndex2
[    37.58 ] D: firstIndex4 0 1
[    37.58 ] D: firstIndex3 0 1
[    37.58 ] D: firstIndex2 0 2
[    37.58 ] D: firstIndex3.3
[    37.58 ] D: firstIndex3
[    37.58 ] D: _automationChanging false
[    37.58 ] D: mouseMove2
[    37.58 ] D: _automationChanging false
[    37.58 ] D: mouseMove2
[    37.58 ] D: newTopPixel 231 249 18
[    37.58 ] D: findTrackIndexByPoint 0 QRect(0,0 1707x111) false QPointF(540,231)
[    37.58 ] D: findTrackIndexByPoint 1 QRect(0,111 1707x111) false QPointF(540,231)
[    37.58 ] D: findTrackIndexByPoint 2 QRect(0,222 1707x111) true QPointF(540,231)
[    37.58 ] D: tmp:tmp:tmp:tmp:tmp QPair(2,-1)
[    37.58 ] D: firstIndex 2 0 1 4
[    37.58 ] D: firstIndex2
[    37.58 ] D: firstIndex4 0 1
[    37.58 ] D: firstIndex3 0 1
[    37.58 ] D: firstIndex2 0 2
[    37.58 ] D: firstIndex3.3
[    37.58 ] D: firstIndex3
[    37.58 ] D: _automationChanging false
[    37.58 ] D: mouseMove2
[    37.58 ] D: _automationChanging false
[    37.58 ] D: mouseMove2
[    37.59 ] D: newTopPixel 233 251 18
[    37.59 ] D: findTrackIndexByPoint 0 QRect(0,0 1707x111) false QPointF(540,233)
[    37.59 ] D: findTrackIndexByPoint 1 QRect(0,111 1707x111) false QPointF(540,233)
[    37.59 ] D: findTrackIndexByPoint 2 QRect(0,222 1707x111) true QPointF(540,233)
[    37.59 ] D: tmp:tmp:tmp:tmp:tmp QPair(2,-1)
[    37.59 ] D: firstIndex 2 0 1 4
[    37.59 ] D: firstIndex2
[    37.59 ] D: firstIndex4 0 1
[    37.59 ] D: firstIndex3 0 1
[    37.59 ] D: firstIndex2 0 2
[    37.59 ] D: firstIndex3.3
[    37.59 ] D: firstIndex3
[    37.59 ] D: _automationChanging false
[    37.59 ] D: mouseMove2
[    37.59 ] D: _automationChanging false
[    37.59 ] D: mouseMove2
[    37.60 ] D: _automationChanging false
[    37.60 ] D: mouseMove2
[    37.60 ] D: newTopPixel 240 258 18
[    37.60 ] D: findTrackIndexByPoint 0 QRect(0,0 1707x111) false QPointF(540,240)
[    37.60 ] D: findTrackIndexByPoint 1 QRect(0,111 1707x111) false QPointF(540,240)
[    37.60 ] D: findTrackIndexByPoint 2 QRect(0,222 1707x111) true QPointF(540,240)
[    37.60 ] D: tmp:tmp:tmp:tmp:tmp QPair(2,-1)
[    37.60 ] D: firstIndex 2 0 1 4
[    37.60 ] D: firstIndex2
[    37.60 ] D: firstIndex4 0 1
[    37.60 ] D: firstIndex3 0 1
[    37.60 ] D: firstIndex2 0 2
[    37.60 ] D: firstIndex3.3
[    37.60 ] D: firstIndex3
[    37.61 ] D: newTopPixel 240 258 18
[    37.61 ] D: findTrackIndexByPoint 0 QRect(0,0 1707x111) false QPointF(540,240)
[    37.61 ] D: findTrackIndexByPoint 1 QRect(0,111 1707x111) false QPointF(540,240)
[    37.61 ] D: findTrackIndexByPoint 2 QRect(0,222 1707x111) true QPointF(540,240)
[    37.61 ] D: tmp:tmp:tmp:tmp:tmp QPair(2,-1)
[    37.61 ] D: firstIndex 2 0 1 4
[    37.61 ] D: firstIndex2
[    37.61 ] D: firstIndex4 0 1
[    37.61 ] D: firstIndex3 0 1
[    37.61 ] D: firstIndex2 0 2
[    37.61 ] D: firstIndex3.3
[    37.61 ] D: firstIndex3
[    37.61 ] D: _automationChanging false
[    37.61 ] D: mouseMove2
[    37.61 ] D: _automationChanging false
[    37.61 ] D: mouseMove2
[    37.61 ] D: _automationChanging false
[    37.61 ] D: mouseMove2
[    37.62 ] D: _automationChanging false
[    37.62 ] D: mouseMove2
[    37.63 ] D: newTopPixel 248 266 18
[    37.63 ] D: findTrackIndexByPoint 0 QRect(0,0 1707x111) false QPointF(540,248)
[    37.63 ] D: findTrackIndexByPoint 1 QRect(0,111 1707x111) false QPointF(540,248)
[    37.63 ] D: findTrackIndexByPoint 2 QRect(0,222 1707x111) true QPointF(540,248)
[    37.63 ] D: tmp:tmp:tmp:tmp:tmp QPair(2,-1)
[    37.63 ] D: firstIndex 2 0 1 4
[    37.63 ] D: firstIndex2
[    37.63 ] D: firstIndex4 0 1
[    37.63 ] D: firstIndex3 0 1
[    37.63 ] D: firstIndex2 0 2
[    37.63 ] D: firstIndex3.3
[    37.63 ] D: firstIndex3
[    37.63 ] D: _automationChanging false
[    37.63 ] D: mouseMove2
[    37.63 ] D: _automationChanging false
[    37.63 ] D: mouseMove2
[    37.63 ] D: newTopPixel 253 271 18
[    37.63 ] D: findTrackIndexByPoint 0 QRect(0,0 1707x111) false QPointF(540,253)
[    37.63 ] D: findTrackIndexByPoint 1 QRect(0,111 1707x111) false QPointF(540,253)
[    37.63 ] D: findTrackIndexByPoint 2 QRect(0,222 1707x111) true QPointF(540,253)
[    37.63 ] D: tmp:tmp:tmp:tmp:tmp QPair(2,-1)
[    37.63 ] D: firstIndex 2 0 1 4
[    37.63 ] D: firstIndex2
[    37.63 ] D: firstIndex4 0 1
[    37.63 ] D: firstIndex3 0 1
[    37.63 ] D: firstIndex2 0 2
[    37.63 ] D: firstIndex3.3
[    37.63 ] D: firstIndex3
[    37.63 ] D: _automationChanging false
[    37.63 ] D: mouseMove2
[    37.63 ] D: _automationChanging false
[    37.63 ] D: mouseMove2
[    37.64 ] D: newTopPixel 255 273 18
[    37.64 ] D: findTrackIndexByPoint 0 QRect(0,0 1707x111) false QPointF(540,255)
[    37.64 ] D: findTrackIndexByPoint 1 QRect(0,111 1707x111) false QPointF(540,255)
[    37.64 ] D: findTrackIndexByPoint 2 QRect(0,222 1707x111) true QPointF(540,255)
[    37.64 ] D: tmp:tmp:tmp:tmp:tmp QPair(2,-1)
[    37.64 ] D: firstIndex 2 0 1 4
[    37.64 ] D: firstIndex2
[    37.64 ] D: firstIndex4 0 1
[    37.64 ] D: firstIndex3 0 1
[    37.64 ] D: firstIndex2 0 2
[    37.64 ] D: firstIndex3.3
[    37.64 ] D: firstIndex3
[    37.65 ] D: _automationChanging false
[    37.65 ] D: mouseMove2
[    37.65 ] D: _automationChanging false
[    37.65 ] D: mouseMove2
[    37.65 ] D: _automationChanging false
[    37.65 ] D: mouseMove2
[    37.65 ] D: newTopPixel 262 280 18
[    37.65 ] D: findTrackIndexByPoint 0 QRect(0,0 1707x111) false QPointF(540,262)
[    37.65 ] D: findTrackIndexByPoint 1 QRect(0,111 1707x111) false QPointF(540,262)
[    37.65 ] D: findTrackIndexByPoint 2 QRect(0,222 1707x111) true QPointF(540,262)
[    37.65 ] D: tmp:tmp:tmp:tmp:tmp QPair(2,-1)
[    37.65 ] D: firstIndex 2 0 1 4
[    37.65 ] D: firstIndex2
[    37.65 ] D: firstIndex4 0 1
[    37.65 ] D: firstIndex3 0 1
[    37.65 ] D: firstIndex2 0 2
[    37.65 ] D: firstIndex3.3
[    37.65 ] D: firstIndex3
[    37.65 ] D: _automationChanging false
[    37.65 ] D: mouseMove2
[    37.66 ] D: newTopPixel 263 281 18
[    37.66 ] D: findTrackIndexByPoint 0 QRect(0,0 1707x111) false QPointF(540,263)
[    37.66 ] D: findTrackIndexByPoint 1 QRect(0,111 1707x111) false QPointF(540,263)
[    37.66 ] D: findTrackIndexByPoint 2 QRect(0,222 1707x111) true QPointF(540,263)
[    37.66 ] D: tmp:tmp:tmp:tmp:tmp QPair(2,-1)
[    37.66 ] D: firstIndex 2 0 1 4
[    37.66 ] D: firstIndex2
[    37.66 ] D: firstIndex4 0 1
[    37.66 ] D: firstIndex3 0 1
[    37.66 ] D: firstIndex2 0 2
[    37.66 ] D: firstIndex3.3
[    37.66 ] D: firstIndex3
[    37.66 ] D: _automationChanging false
[    37.66 ] D: mouseMove2
[    37.66 ] D: _automationChanging false
[    37.66 ] D: mouseMove2
[    37.67 ] D: _automationChanging false
[    37.67 ] D: mouseMove2
[    37.67 ] D: newTopPixel 269 287 18
[    37.68 ] D: findTrackIndexByPoint 0 QRect(0,0 1707x111) false QPointF(540,269)
[    37.68 ] D: findTrackIndexByPoint 1 QRect(0,111 1707x111) false QPointF(540,269)
[    37.68 ] D: findTrackIndexByPoint 2 QRect(0,222 1707x111) true QPointF(540,269)
[    37.68 ] D: tmp:tmp:tmp:tmp:tmp QPair(2,-1)
[    37.68 ] D: firstIndex 2 0 1 4
[    37.68 ] D: firstIndex2
[    37.68 ] D: firstIndex4 0 1
[    37.68 ] D: firstIndex3 0 1
[    37.68 ] D: firstIndex2 0 2
[    37.68 ] D: firstIndex3.3
[    37.68 ] D: firstIndex3
[    37.68 ] D: _automationChanging false
[    37.68 ] D: mouseMove2
[    37.68 ] D: newTopPixel 272 290 18
[    37.68 ] D: findTrackIndexByPoint 0 QRect(0,0 1707x111) false QPointF(540,272)
[    37.68 ] D: findTrackIndexByPoint 1 QRect(0,111 1707x111) false QPointF(540,272)
[    37.68 ] D: findTrackIndexByPoint 2 QRect(0,222 1707x111) true QPointF(540,272)
[    37.68 ] D: tmp:tmp:tmp:tmp:tmp QPair(2,-1)
[    37.68 ] D: firstIndex 2 0 1 4
[    37.68 ] D: firstIndex2
[    37.68 ] D: firstIndex4 0 1
[    37.68 ] D: firstIndex3 0 1
[    37.68 ] D: firstIndex2 0 2
[    37.68 ] D: firstIndex3.3
[    37.68 ] D: firstIndex3
[    37.68 ] D: _automationChanging false
[    37.68 ] D: mouseMove2
[    37.69 ] D: newTopPixel 273 291 18
[    37.69 ] D: findTrackIndexByPoint 0 QRect(0,0 1707x111) false QPointF(540,273)
[    37.69 ] D: findTrackIndexByPoint 1 QRect(0,111 1707x111) false QPointF(540,273)
[    37.69 ] D: findTrackIndexByPoint 2 QRect(0,222 1707x111) true QPointF(540,273)
[    37.69 ] D: tmp:tmp:tmp:tmp:tmp QPair(2,-1)
[    37.69 ] D: firstIndex 2 0 1 4
[    37.69 ] D: firstIndex2
[    37.69 ] D: firstIndex4 0 1
[    37.69 ] D: firstIndex3 0 1
[    37.69 ] D: firstIndex2 0 2
[    37.69 ] D: firstIndex3.3
[    37.69 ] D: firstIndex3
[    37.69 ] D: _automationChanging false
[    37.69 ] D: mouseMove2
[    37.69 ] D: _automationChanging false
[    37.69 ] D: mouseMove2
[    37.70 ] D: newTopPixel 276 294 18
[    37.70 ] D: findTrackIndexByPoint 0 QRect(0,0 1707x111) false QPointF(540,276)
[    37.70 ] D: findTrackIndexByPoint 1 QRect(0,111 1707x111) false QPointF(540,276)
[    37.70 ] D: findTrackIndexByPoint 2 QRect(0,222 1707x111) true QPointF(540,276)
[    37.70 ] D: tmp:tmp:tmp:tmp:tmp QPair(2,-1)
[    37.70 ] D: firstIndex 2 0 1 4
[    37.70 ] D: firstIndex2
[    37.70 ] D: firstIndex4 0 1
[    37.70 ] D: firstIndex3 0 1
[    37.70 ] D: firstIndex2 0 2
[    37.70 ] D: firstIndex3.3
[    37.70 ] D: firstIndex3
[    37.71 ] D: newTopPixel 276 294 18
[    37.71 ] D: findTrackIndexByPoint 0 QRect(0,0 1707x111) false QPointF(540,276)
[    37.71 ] D: findTrackIndexByPoint 1 QRect(0,111 1707x111) false QPointF(540,276)
[    37.71 ] D: findTrackIndexByPoint 2 QRect(0,222 1707x111) true QPointF(540,276)
[    37.71 ] D: tmp:tmp:tmp:tmp:tmp QPair(2,-1)
[    37.71 ] D: firstIndex 2 0 1 4
[    37.71 ] D: firstIndex2
[    37.71 ] D: firstIndex4 0 1
[    37.71 ] D: firstIndex3 0 1
[    37.71 ] D: firstIndex2 0 2
[    37.71 ] D: firstIndex3.3
[    37.71 ] D: firstIndex3
[    37.71 ] D: _automationChanging false
[    37.71 ] D: mouseMove2
[    37.71 ] D: _automationChanging false
[    37.71 ] D: mouseMove2
[    37.73 ] D: newTopPixel 278 296 18
[    37.73 ] D: findTrackIndexByPoint 0 QRect(0,0 1707x111) false QPointF(540,278)
[    37.73 ] D: findTrackIndexByPoint 1 QRect(0,111 1707x111) false QPointF(540,278)
[    37.73 ] D: findTrackIndexByPoint 2 QRect(0,222 1707x111) true QPointF(540,278)
[    37.73 ] D: tmp:tmp:tmp:tmp:tmp QPair(2,-1)
[    37.73 ] D: firstIndex 2 0 1 4
[    37.73 ] D: firstIndex2
[    37.73 ] D: firstIndex4 0 1
[    37.73 ] D: firstIndex3 0 1
[    37.73 ] D: firstIndex2 0 2
[    37.73 ] D: firstIndex3.3
[    37.73 ] D: firstIndex3
[    37.73 ] D: _automationChanging false
[    37.73 ] D: mouseMove2
[    37.73 ] D: newTopPixel 279 297 18
[    37.73 ] D: findTrackIndexByPoint 0 QRect(0,0 1707x111) false QPointF(540,279)
[    37.73 ] D: findTrackIndexByPoint 1 QRect(0,111 1707x111) false QPointF(540,279)
[    37.73 ] D: findTrackIndexByPoint 2 QRect(0,222 1707x111) true QPointF(540,279)
[    37.73 ] D: tmp:tmp:tmp:tmp:tmp QPair(2,-1)
[    37.73 ] D: firstIndex 2 0 1 4
[    37.73 ] D: firstIndex2
[    37.73 ] D: firstIndex4 0 1
[    37.73 ] D: firstIndex3 0 1
[    37.73 ] D: firstIndex2 0 2
[    37.73 ] D: firstIndex3.3
[    37.73 ] D: firstIndex3
[    37.74 ] D: newTopPixel 279 297 18
[    37.74 ] D: findTrackIndexByPoint 0 QRect(0,0 1707x111) false QPointF(540,279)
[    37.74 ] D: findTrackIndexByPoint 1 QRect(0,111 1707x111) false QPointF(540,279)
[    37.74 ] D: findTrackIndexByPoint 2 QRect(0,222 1707x111) true QPointF(540,279)
[    37.74 ] D: tmp:tmp:tmp:tmp:tmp QPair(2,-1)
[    37.74 ] D: firstIndex 2 0 1 4
[    37.74 ] D: firstIndex2
[    37.74 ] D: firstIndex4 0 1
[    37.74 ] D: firstIndex3 0 1
[    37.74 ] D: firstIndex2 0 2
[    37.74 ] D: firstIndex3.3
[    37.74 ] D: firstIndex3
[    37.75 ] D: newTopPixel 279 297 18
[    37.75 ] D: findTrackIndexByPoint 0 QRect(0,0 1707x111) false QPointF(540,279)
[    37.75 ] D: findTrackIndexByPoint 1 QRect(0,111 1707x111) false QPointF(540,279)
[    37.75 ] D: findTrackIndexByPoint 2 QRect(0,222 1707x111) true QPointF(540,279)
[    37.75 ] D: tmp:tmp:tmp:tmp:tmp QPair(2,-1)
[    37.75 ] D: firstIndex 2 0 1 4
[    37.75 ] D: firstIndex2
[    37.75 ] D: firstIndex4 0 1
[    37.75 ] D: firstIndex3 0 1
[    37.75 ] D: firstIndex2 0 2
[    37.75 ] D: firstIndex3.3
[    37.75 ] D: firstIndex3
[    37.76 ] D: newTopPixel 279 297 18
[    37.76 ] D: findTrackIndexByPoint 0 QRect(0,0 1707x111) false QPointF(540,279)
[    37.76 ] D: findTrackIndexByPoint 1 QRect(0,111 1707x111) false QPointF(540,279)
[    37.76 ] D: findTrackIndexByPoint 2 QRect(0,222 1707x111) true QPointF(540,279)
[    37.76 ] D: tmp:tmp:tmp:tmp:tmp QPair(2,-1)
[    37.76 ] D: firstIndex 2 0 1 4
[    37.76 ] D: firstIndex2
[    37.76 ] D: firstIndex4 0 1
[    37.76 ] D: firstIndex3 0 1
[    37.76 ] D: firstIndex2 0 2
[    37.76 ] D: firstIndex3.3
[    37.76 ] D: firstIndex3
[    37.77 ] D: newTopPixel 279 297 18
[    37.77 ] D: findTrackIndexByPoint 0 QRect(0,0 1707x111) false QPointF(540,279)
[    37.77 ] D: findTrackIndexByPoint 1 QRect(0,111 1707x111) false QPointF(540,279)
[    37.77 ] D: findTrackIndexByPoint 2 QRect(0,222 1707x111) true QPointF(540,279)
[    37.77 ] D: tmp:tmp:tmp:tmp:tmp QPair(2,-1)
[    37.77 ] D: firstIndex 2 0 1 4
[    37.77 ] D: firstIndex2
[    37.77 ] D: firstIndex4 0 1
[    37.77 ] D: firstIndex3 0 1
[    37.77 ] D: firstIndex2 0 2
[    37.77 ] D: firstIndex3.3
[    37.77 ] D: firstIndex3
[    37.78 ] D: newTopPixel 279 297 18
[    37.78 ] D: findTrackIndexByPoint 0 QRect(0,0 1707x111) false QPointF(540,279)
[    37.78 ] D: findTrackIndexByPoint 1 QRect(0,111 1707x111) false QPointF(540,279)
[    37.78 ] D: findTrackIndexByPoint 2 QRect(0,222 1707x111) true QPointF(540,279)
[    37.78 ] D: tmp:tmp:tmp:tmp:tmp QPair(2,-1)
[    37.78 ] D: firstIndex 2 0 1 4
[    37.78 ] D: firstIndex2
[    37.78 ] D: firstIndex4 0 1
[    37.78 ] D: firstIndex3 0 1
[    37.78 ] D: firstIndex2 0 2
[    37.78 ] D: firstIndex3.3
[    37.78 ] D: firstIndex3
[    37.79 ] D: newTopPixel 279 297 18
[    37.79 ] D: findTrackIndexByPoint 0 QRect(0,0 1707x111) false QPointF(540,279)
[    37.79 ] D: findTrackIndexByPoint 1 QRect(0,111 1707x111) false QPointF(540,279)
[    37.79 ] D: findTrackIndexByPoint 2 QRect(0,222 1707x111) true QPointF(540,279)
[    37.79 ] D: tmp:tmp:tmp:tmp:tmp QPair(2,-1)
[    37.79 ] D: firstIndex 2 0 1 4
[    37.79 ] D: firstIndex2
[    37.79 ] D: firstIndex4 0 1
[    37.79 ] D: firstIndex3 0 1
[    37.79 ] D: firstIndex2 0 2
[    37.79 ] D: firstIndex3.3
[    37.79 ] D: firstIndex3
[    37.80 ] D: newTopPixel 279 297 18
[    37.80 ] D: findTrackIndexByPoint 0 QRect(0,0 1707x111) false QPointF(540,279)
[    37.80 ] D: findTrackIndexByPoint 1 QRect(0,111 1707x111) false QPointF(540,279)
[    37.80 ] D: findTrackIndexByPoint 2 QRect(0,222 1707x111) true QPointF(540,279)
[    37.80 ] D: tmp:tmp:tmp:tmp:tmp QPair(2,-1)
[    37.80 ] D: firstIndex 2 0 1 4
[    37.80 ] D: firstIndex2
[    37.80 ] D: firstIndex4 0 1
[    37.80 ] D: firstIndex3 0 1
[    37.80 ] D: firstIndex2 0 2
[    37.80 ] D: firstIndex3.3
[    37.80 ] D: firstIndex3
[    37.81 ] D: newTopPixel 279 297 18
[    37.81 ] D: findTrackIndexByPoint 0 QRect(0,0 1707x111) false QPointF(540,279)
[    37.81 ] D: findTrackIndexByPoint 1 QRect(0,111 1707x111) false QPointF(540,279)
[    37.81 ] D: findTrackIndexByPoint 2 QRect(0,222 1707x111) true QPointF(540,279)
[    37.81 ] D: tmp:tmp:tmp:tmp:tmp QPair(2,-1)
[    37.81 ] D: firstIndex 2 0 1 4
[    37.81 ] D: firstIndex2
[    37.81 ] D: firstIndex4 0 1
[    37.81 ] D: firstIndex3 0 1
[    37.81 ] D: firstIndex2 0 2
[    37.81 ] D: firstIndex3.3
[    37.81 ] D: firstIndex3
[    37.82 ] D: newTopPixel 279 297 18
[    37.82 ] D: findTrackIndexByPoint 0 QRect(0,0 1707x111) false QPointF(540,279)
[    37.82 ] D: findTrackIndexByPoint 1 QRect(0,111 1707x111) false QPointF(540,279)
[    37.82 ] D: findTrackIndexByPoint 2 QRect(0,222 1707x111) true QPointF(540,279)
[    37.82 ] D: tmp:tmp:tmp:tmp:tmp QPair(2,-1)
[    37.82 ] D: firstIndex 2 0 1 4
[    37.82 ] D: firstIndex2
[    37.82 ] D: firstIndex4 0 1
[    37.82 ] D: firstIndex3 0 1
[    37.82 ] D: firstIndex2 0 2
[    37.82 ] D: firstIndex3.3
[    37.82 ] D: firstIndex3
[    37.83 ] D: newTopPixel 279 297 18
[    37.83 ] D: findTrackIndexByPoint 0 QRect(0,0 1707x111) false QPointF(540,279)
[    37.83 ] D: findTrackIndexByPoint 1 QRect(0,111 1707x111) false QPointF(540,279)
[    37.83 ] D: findTrackIndexByPoint 2 QRect(0,222 1707x111) true QPointF(540,279)
[    37.83 ] D: tmp:tmp:tmp:tmp:tmp QPair(2,-1)
[    37.83 ] D: firstIndex 2 0 1 4
[    37.83 ] D: firstIndex2
[    37.83 ] D: firstIndex4 0 1
[    37.83 ] D: firstIndex3 0 1
[    37.83 ] D: firstIndex2 0 2
[    37.83 ] D: firstIndex3.3
[    37.83 ] D: firstIndex3
[    37.84 ] D: newTopPixel 279 297 18
[    37.84 ] D: findTrackIndexByPoint 0 QRect(0,0 1707x111) false QPointF(540,279)
[    37.84 ] D: findTrackIndexByPoint 1 QRect(0,111 1707x111) false QPointF(540,279)
[    37.84 ] D: findTrackIndexByPoint 2 QRect(0,222 1707x111) true QPointF(540,279)
[    37.84 ] D: tmp:tmp:tmp:tmp:tmp QPair(2,-1)
[    37.84 ] D: firstIndex 2 0 1 4
[    37.84 ] D: firstIndex2
[    37.84 ] D: firstIndex4 0 1
[    37.84 ] D: firstIndex3 0 1
[    37.84 ] D: firstIndex2 0 2
[    37.84 ] D: firstIndex3.3
[    37.84 ] D: firstIndex3
[    37.85 ] D: newTopPixel 279 297 18
[    37.85 ] D: findTrackIndexByPoint 0 QRect(0,0 1707x111) false QPointF(540,279)
[    37.85 ] D: findTrackIndexByPoint 1 QRect(0,111 1707x111) false QPointF(540,279)
[    37.85 ] D: findTrackIndexByPoint 2 QRect(0,222 1707x111) true QPointF(540,279)
[    37.85 ] D: tmp:tmp:tmp:tmp:tmp QPair(2,-1)
[    37.85 ] D: firstIndex 2 0 1 4
[    37.85 ] D: firstIndex2
[    37.85 ] D: firstIndex4 0 1
[    37.85 ] D: firstIndex3 0 1
[    37.85 ] D: firstIndex2 0 2
[    37.85 ] D: firstIndex3.3
[    37.85 ] D: firstIndex3
[    37.86 ] D: newTopPixel 279 297 18
[    37.86 ] D: findTrackIndexByPoint 0 QRect(0,0 1707x111) false QPointF(540,279)
[    37.86 ] D: findTrackIndexByPoint 1 QRect(0,111 1707x111) false QPointF(540,279)
[    37.86 ] D: findTrackIndexByPoint 2 QRect(0,222 1707x111) true QPointF(540,279)
[    37.86 ] D: tmp:tmp:tmp:tmp:tmp QPair(2,-1)
[    37.86 ] D: firstIndex 2 0 1 4
[    37.86 ] D: firstIndex2
[    37.86 ] D: firstIndex4 0 1
[    37.86 ] D: firstIndex3 0 1
[    37.86 ] D: firstIndex2 0 2
[    37.86 ] D: firstIndex3.3
[    37.86 ] D: firstIndex3
[    37.87 ] D: newTopPixel 279 297 18
[    37.87 ] D: findTrackIndexByPoint 0 QRect(0,0 1707x111) false QPointF(540,279)
[    37.87 ] D: findTrackIndexByPoint 1 QRect(0,111 1707x111) false QPointF(540,279)
[    37.87 ] D: findTrackIndexByPoint 2 QRect(0,222 1707x111) true QPointF(540,279)
[    37.87 ] D: tmp:tmp:tmp:tmp:tmp QPair(2,-1)
[    37.87 ] D: firstIndex 2 0 1 4
[    37.87 ] D: firstIndex2
[    37.87 ] D: firstIndex4 0 1
[    37.87 ] D: firstIndex3 0 1
[    37.87 ] D: firstIndex2 0 2
[    37.87 ] D: firstIndex3.3
[    37.87 ] D: firstIndex3
[    37.88 ] D: newTopPixel 279 297 18
[    37.88 ] D: findTrackIndexByPoint 0 QRect(0,0 1707x111) false QPointF(540,279)
[    37.88 ] D: findTrackIndexByPoint 1 QRect(0,111 1707x111) false QPointF(540,279)
[    37.88 ] D: findTrackIndexByPoint 2 QRect(0,222 1707x111) true QPointF(540,279)
[    37.88 ] D: tmp:tmp:tmp:tmp:tmp QPair(2,-1)
[    37.88 ] D: firstIndex 2 0 1 4
[    37.88 ] D: firstIndex2
[    37.88 ] D: firstIndex4 0 1
[    37.88 ] D: firstIndex3 0 1
[    37.88 ] D: firstIndex2 0 2
[    37.88 ] D: firstIndex3.3
[    37.88 ] D: firstIndex3
[    37.89 ] D: newTopPixel 279 297 18
[    37.89 ] D: findTrackIndexByPoint 0 QRect(0,0 1707x111) false QPointF(540,279)
[    37.89 ] D: findTrackIndexByPoint 1 QRect(0,111 1707x111) false QPointF(540,279)
[    37.89 ] D: findTrackIndexByPoint 2 QRect(0,222 1707x111) true QPointF(540,279)
[    37.89 ] D: tmp:tmp:tmp:tmp:tmp QPair(2,-1)
[    37.89 ] D: firstIndex 2 0 1 4
[    37.89 ] D: firstIndex2
[    37.89 ] D: firstIndex4 0 1
[    37.89 ] D: firstIndex3 0 1
[    37.89 ] D: firstIndex2 0 2
[    37.89 ] D: firstIndex3.3
[    37.89 ] D: firstIndex3
[    37.90 ] D: newTopPixel 279 297 18
[    37.90 ] D: findTrackIndexByPoint 0 QRect(0,0 1707x111) false QPointF(540,279)
[    37.90 ] D: findTrackIndexByPoint 1 QRect(0,111 1707x111) false QPointF(540,279)
[    37.90 ] D: findTrackIndexByPoint 2 QRect(0,222 1707x111) true QPointF(540,279)
[    37.90 ] D: tmp:tmp:tmp:tmp:tmp QPair(2,-1)
[    37.90 ] D: firstIndex 2 0 1 4
[    37.90 ] D: firstIndex2
[    37.90 ] D: firstIndex4 0 1
[    37.90 ] D: firstIndex3 0 1
[    37.90 ] D: firstIndex2 0 2
[    37.90 ] D: firstIndex3.3
[    37.90 ] D: firstIndex3
[    37.91 ] D: newTopPixel 279 297 18
[    37.91 ] D: findTrackIndexByPoint 0 QRect(0,0 1707x111) false QPointF(540,279)
[    37.91 ] D: findTrackIndexByPoint 1 QRect(0,111 1707x111) false QPointF(540,279)
[    37.91 ] D: findTrackIndexByPoint 2 QRect(0,222 1707x111) true QPointF(540,279)
[    37.91 ] D: tmp:tmp:tmp:tmp:tmp QPair(2,-1)
[    37.91 ] D: firstIndex 2 0 1 4
[    37.91 ] D: firstIndex2
[    37.91 ] D: firstIndex4 0 1
[    37.91 ] D: firstIndex3 0 1
[    37.91 ] D: firstIndex2 0 2
[    37.91 ] D: firstIndex3.3
[    37.91 ] D: firstIndex3
[    37.92 ] D: newTopPixel 279 297 18
[    37.92 ] D: findTrackIndexByPoint 0 QRect(0,0 1707x111) false QPointF(540,279)
[    37.92 ] D: findTrackIndexByPoint 1 QRect(0,111 1707x111) false QPointF(540,279)
[    37.92 ] D: findTrackIndexByPoint 2 QRect(0,222 1707x111) true QPointF(540,279)
[    37.92 ] D: tmp:tmp:tmp:tmp:tmp QPair(2,-1)
[    37.92 ] D: firstIndex 2 0 1 4
[    37.92 ] D: firstIndex2
[    37.92 ] D: firstIndex4 0 1
[    37.92 ] D: firstIndex3 0 1
[    37.92 ] D: firstIndex2 0 2
[    37.92 ] D: firstIndex3.3
[    37.92 ] D: firstIndex3
[    37.93 ] D: newTopPixel 279 297 18
[    37.93 ] D: findTrackIndexByPoint 0 QRect(0,0 1707x111) false QPointF(540,279)
[    37.93 ] D: findTrackIndexByPoint 1 QRect(0,111 1707x111) false QPointF(540,279)
[    37.93 ] D: findTrackIndexByPoint 2 QRect(0,222 1707x111) true QPointF(540,279)
[    37.93 ] D: tmp:tmp:tmp:tmp:tmp QPair(2,-1)
[    37.93 ] D: firstIndex 2 0 1 4
[    37.93 ] D: firstIndex2
[    37.93 ] D: firstIndex4 0 1
[    37.93 ] D: firstIndex3 0 1
[    37.93 ] D: firstIndex2 0 2
[    37.93 ] D: firstIndex3.3
[    37.93 ] D: firstIndex3
[    37.94 ] D: newTopPixel 279 297 18
[    37.94 ] D: findTrackIndexByPoint 0 QRect(0,0 1707x111) false QPointF(540,279)
[    37.94 ] D: findTrackIndexByPoint 1 QRect(0,111 1707x111) false QPointF(540,279)
[    37.94 ] D: findTrackIndexByPoint 2 QRect(0,222 1707x111) true QPointF(540,279)
[    37.94 ] D: tmp:tmp:tmp:tmp:tmp QPair(2,-1)
[    37.94 ] D: firstIndex 2 0 1 4
[    37.94 ] D: firstIndex2
[    37.94 ] D: firstIndex4 0 1
[    37.94 ] D: firstIndex3 0 1
[    37.94 ] D: firstIndex2 0 2
[    37.94 ] D: firstIndex3.3
[    37.94 ] D: firstIndex3
[    37.95 ] D: newTopPixel 279 297 18
[    37.95 ] D: findTrackIndexByPoint 0 QRect(0,0 1707x111) false QPointF(540,279)
[    37.95 ] D: findTrackIndexByPoint 1 QRect(0,111 1707x111) false QPointF(540,279)
[    37.95 ] D: findTrackIndexByPoint 2 QRect(0,222 1707x111) true QPointF(540,279)
[    37.95 ] D: tmp:tmp:tmp:tmp:tmp QPair(2,-1)
[    37.95 ] D: firstIndex 2 0 1 4
[    37.95 ] D: firstIndex2
[    37.95 ] D: firstIndex4 0 1
[    37.95 ] D: firstIndex3 0 1
[    37.95 ] D: firstIndex2 0 2
[    37.95 ] D: firstIndex3.3
[    37.95 ] D: firstIndex3
[    37.95 ] D: P1
[    37.95 ] D: P2
[    37.95 ] D: _movingAutomationPoint 0 4
[    37.95 ] D: deleteSelectedArea QRectF(5000,111 13000x111) QRect(0,0 1707x111)
[    37.95 ] D: REMOVED array 0 0
[    37.95 ] D: deleteSelectedArea QRectF(5000,111 13000x111) QRect(0,111 1707x111)
[    37.95 ] D: findOverlayItems 1 1
[    37.95 ] D: "{b8afd144-a191-4e8d-ace3-800bcf3c135f}" i.value()->sampleClip()->startTime()  5000 18000 18000 5000
[    37.95 ] D: findOverlayItems
[    37.95 ] D: deleteSelectedArea1 5000 18000
[    37.95 ] D: deleteSelectedArea3
[    37.97 ] D: REMOVED array 1 1
[    37.97 ] D: deleteSelectedArea QRectF(5000,111 13000x111) QRect(0,222 1707x111)
[    37.97 ] D: REMOVED array 2 0
[    37.97 ] D: deleteSelectedArea QRectF(5000,111 13000x111) QRect(0,333 1707x111)
[    37.97 ] D: REMOVED array 3 0
[    37.97 ] D: sltPositionChanged 1322999
[    37.97 ] D: frame_offset 2 0 217
[    37.97 ] D: frame_offset 2 1 217
[    37.97 ] D: frame_offset 2 2 217
[    37.98 ] D: frame_offset 2 3 217
[    37.98 ] D: frame_offset 2 4 217
[    37.99 ] D: sltPositionChanged 1322999
[    37.99 ] D: findOverlayItems 1 2
[    37.99 ] D: "{3662ae52-c1fd-41c6-9257-8dd3aaa7ea26}" i.value()->sampleClip()->startTime()  30000 43000 43000 30000
[    37.99 ] D: findOverlayItems
[    37.99 ] D: frame_offset 2 0 217
[    37.99 ] D: frame_offset 2 1 217
[    37.99 ] D: frame_offset 2 2 217
[    37.99 ] D: frame_offset 2 3 217
[    38.00 ] D: frame_offset 2 4 217
[    39.05 ] D: findTrackIndexByPoint 0 QRect(0,0 1707x111) false QPointF(720,236)
[    39.05 ] D: findTrackIndexByPoint 1 QRect(0,111 1707x111) false QPointF(720,236)
[    39.05 ] D: findTrackIndexByPoint 2 QRect(0,222 1707x111) true QPointF(720,236)
[    39.06 ] D: _startSelectedClipIndex123 "{3662ae52-c1fd-41c6-9257-8dd3aaa7ea26}"
[    39.06 ] D: copySelectedArea1; QRectF(30000,222 13000x111) QRect(0,0 1707x111)
[    39.06 ] D: copySelectedArea1; QRectF(30000,222 13000x111) QRect(0,111 1707x111)
[    39.06 ] D: copySelectedArea1; QRectF(30000,222 13000x111) QRect(0,222 1707x111)
[    39.06 ] D: copySelectedArea3
[    39.06 ] D: copySelectedArea1; QRectF(30000,222 13000x111) QRect(0,333 1707x111)
[    39.06 ] D: RETURN 2 2 -1 1 0 -1
[    39.06 ] D: RETURN
[    39.06 ] D: IOIO1 0 0
[    39.06 ] D: RETURN 2 2 -1 1 1 -1
[    39.06 ] D: RETURN
[    39.06 ] D: IOIO1 0 0
[    39.06 ] D: Ok
[    39.06 ] D: OK
[    39.06 ] D: OK
[    39.06 ] D: IOIO1 0 0
[    39.06 ] D: RETURN 2 2 -1 1 3 -1
[    39.06 ] D: RETURN
[    39.06 ] D: IOIO1 0 0
[    39.06 ] D: _movingAutomationPoint 0
[    39.13 ] D: _automationChanging false
[    39.13 ] D: mouseMove2
[    39.13 ] D: newTopPixel 222 236 14
[    39.13 ] D: findTrackIndexByPoint 0 QRect(0,0 1707x111) false QPointF(540,222)
[    39.13 ] D: findTrackIndexByPoint 1 QRect(0,111 1707x111) false QPointF(540,222)
[    39.13 ] D: findTrackIndexByPoint 2 QRect(0,222 1707x111) true QPointF(540,222)
[    39.13 ] D: tmp:tmp:tmp:tmp:tmp QPair(2,-1)
[    39.13 ] D: firstIndex 2 0 1 4
[    39.13 ] D: firstIndex2
[    39.13 ] D: firstIndex4 0 1
[    39.13 ] D: firstIndex3 0 1
[    39.13 ] D: firstIndex2 0 2
[    39.13 ] D: firstIndex3.3
[    39.13 ] D: firstIndex3
[    39.13 ] D: _automationChanging false
[    39.13 ] D: mouseMove2
[    39.14 ] D: newTopPixel 222 236 14
[    39.14 ] D: findTrackIndexByPoint 0 QRect(0,0 1707x111) false QPointF(540,222)
[    39.14 ] D: findTrackIndexByPoint 1 QRect(0,111 1707x111) false QPointF(540,222)
[    39.14 ] D: findTrackIndexByPoint 2 QRect(0,222 1707x111) true QPointF(540,222)
[    39.14 ] D: tmp:tmp:tmp:tmp:tmp QPair(2,-1)
[    39.14 ] D: firstIndex 2 0 1 4
[    39.14 ] D: firstIndex2
[    39.14 ] D: firstIndex4 0 1
[    39.14 ] D: firstIndex3 0 1
[    39.14 ] D: firstIndex2 0 2
[    39.14 ] D: firstIndex3.3
[    39.14 ] D: firstIndex3
[    39.14 ] D: _automationChanging false
[    39.14 ] D: mouseMove2
[    39.14 ] D: _automationChanging false
[    39.14 ] D: mouseMove2
[    39.15 ] D: _automationChanging false
[    39.15 ] D: mouseMove2
[    39.15 ] D: _automationChanging false
[    39.15 ] D: mouseMove2
[    39.15 ] D: newTopPixel 222 236 14
[    39.15 ] D: findTrackIndexByPoint 0 QRect(0,0 1707x111) false QPointF(540,222)
[    39.15 ] D: findTrackIndexByPoint 1 QRect(0,111 1707x111) false QPointF(540,222)
[    39.15 ] D: findTrackIndexByPoint 2 QRect(0,222 1707x111) true QPointF(540,222)
[    39.15 ] D: tmp:tmp:tmp:tmp:tmp QPair(2,-1)
[    39.15 ] D: firstIndex 2 0 1 4
[    39.15 ] D: firstIndex2
[    39.15 ] D: firstIndex4 0 1
[    39.15 ] D: firstIndex3 0 1
[    39.15 ] D: firstIndex2 0 2
[    39.15 ] D: firstIndex3.3
[    39.15 ] D: firstIndex3
[    39.16 ] D: newTopPixel 222 236 14
[    39.16 ] D: findTrackIndexByPoint 0 QRect(0,0 1707x111) false QPointF(540,222)
[    39.16 ] D: findTrackIndexByPoint 1 QRect(0,111 1707x111) false QPointF(540,222)
[    39.16 ] D: findTrackIndexByPoint 2 QRect(0,222 1707x111) true QPointF(540,222)
[    39.16 ] D: tmp:tmp:tmp:tmp:tmp QPair(2,-1)
[    39.16 ] D: firstIndex 2 0 1 4
[    39.16 ] D: firstIndex2
[    39.16 ] D: firstIndex4 0 1
[    39.16 ] D: firstIndex3 0 1
[    39.16 ] D: firstIndex2 0 2
[    39.16 ] D: firstIndex3.3
[    39.16 ] D: firstIndex3
[    39.16 ] D: _automationChanging false
[    39.16 ] D: mouseMove2
[    39.16 ] D: _automationChanging false
[    39.16 ] D: mouseMove2
[    39.16 ] D: _automationChanging false
[    39.16 ] D: mouseMove2
[    39.17 ] D: _automationChanging false
[    39.17 ] D: mouseMove2
[    39.18 ] D: newTopPixel 219 233 14
[    39.18 ] D: findTrackIndexByPoint 0 QRect(0,0 1707x111) false QPointF(522,219)
[    39.18 ] D: findTrackIndexByPoint 1 QRect(0,111 1707x111) true QPointF(522,219)
[    39.18 ] D: tmp:tmp:tmp:tmp:tmp QPair(1,-1)
[    39.18 ] D: firstIndex 1 0 1 4
[    39.18 ] D: firstIndex2
[    39.18 ] D: firstIndex4 0 1
[    39.18 ] D: firstIndex3 0 1
[    39.18 ] D: firstIndex2 0 2
[    39.18 ] D: firstIndex3.3
[    39.18 ] D: firstIndex3
[    39.18 ] D: _automationChanging false
[    39.18 ] D: mouseMove2
[    39.18 ] D: _automationChanging false
[    39.18 ] D: mouseMove2
[    39.18 ] D: newTopPixel 216 230 14
[    39.18 ] D: findTrackIndexByPoint 0 QRect(0,0 1707x111) false QPointF(504,216)
[    39.18 ] D: findTrackIndexByPoint 1 QRect(0,111 1707x111) true QPointF(504,216)
[    39.18 ] D: tmp:tmp:tmp:tmp:tmp QPair(1,-1)
[    39.18 ] D: firstIndex 1 0 1 4
[    39.18 ] D: firstIndex2
[    39.18 ] D: firstIndex4 0 1
[    39.18 ] D: firstIndex3 0 1
[    39.18 ] D: firstIndex2 0 2
[    39.18 ] D: firstIndex3.3
[    39.18 ] D: firstIndex3
[    39.18 ] D: _automationChanging false
[    39.18 ] D: mouseMove2
[    39.18 ] D: _automationChanging false
[    39.18 ] D: mouseMove2
[    39.18 ] D: _automationChanging false
[    39.18 ] D: mouseMove2
[    39.19 ] D: newTopPixel 215 229 14
[    39.19 ] D: findTrackIndexByPoint 0 QRect(0,0 1707x111) false QPointF(504,215)
[    39.19 ] D: findTrackIndexByPoint 1 QRect(0,111 1707x111) true QPointF(504,215)
[    39.19 ] D: tmp:tmp:tmp:tmp:tmp QPair(1,-1)
[    39.19 ] D: firstIndex 1 0 1 4
[    39.19 ] D: firstIndex2
[    39.19 ] D: firstIndex4 0 1
[    39.19 ] D: firstIndex3 0 1
[    39.19 ] D: firstIndex2 0 2
[    39.19 ] D: firstIndex3.3
[    39.19 ] D: firstIndex3
[    39.19 ] D: _automationChanging false
[    39.19 ] D: mouseMove2
[    39.19 ] D: _automationChanging false
[    39.19 ] D: mouseMove2
[    39.19 ] D: _automationChanging false
[    39.19 ] D: mouseMove2
[    39.20 ] D: _automationChanging false
[    39.20 ] D: mouseMove2
[    39.20 ] D: newTopPixel 211 225 14
[    39.20 ] D: findTrackIndexByPoint 0 QRect(0,0 1707x111) false QPointF(486,211)
[    39.20 ] D: findTrackIndexByPoint 1 QRect(0,111 1707x111) true QPointF(486,211)
[    39.20 ] D: tmp:tmp:tmp:tmp:tmp QPair(1,-1)
[    39.20 ] D: firstIndex 1 0 1 4
[    39.20 ] D: firstIndex2
[    39.20 ] D: firstIndex4 0 1
[    39.20 ] D: firstIndex3 0 1
[    39.20 ] D: firstIndex2 0 2
[    39.20 ] D: firstIndex3.3
[    39.20 ] D: firstIndex3
[    39.21 ] D: newTopPixel 211 225 14
[    39.21 ] D: findTrackIndexByPoint 0 QRect(0,0 1707x111) false QPointF(486,211)
[    39.21 ] D: findTrackIndexByPoint 1 QRect(0,111 1707x111) true QPointF(486,211)
[    39.21 ] D: tmp:tmp:tmp:tmp:tmp QPair(1,-1)
[    39.21 ] D: firstIndex 1 0 1 4
[    39.21 ] D: firstIndex2
[    39.21 ] D: firstIndex4 0 1
[    39.21 ] D: firstIndex3 0 1
[    39.21 ] D: firstIndex2 0 2
[    39.21 ] D: firstIndex3.3
[    39.21 ] D: firstIndex3
[    39.21 ] D: _automationChanging false
[    39.21 ] D: mouseMove2
[    39.21 ] D: _automationChanging false
[    39.21 ] D: mouseMove2
[    39.21 ] D: _automationChanging false
[    39.21 ] D: mouseMove2
[    39.22 ] D: _automationChanging false
[    39.22 ] D: mouseMove2
[    39.23 ] D: newTopPixel 206 220 14
[    39.23 ] D: findTrackIndexByPoint 0 QRect(0,0 1707x111) false QPointF(468,206)
[    39.23 ] D: findTrackIndexByPoint 1 QRect(0,111 1707x111) true QPointF(468,206)
[    39.23 ] D: tmp:tmp:tmp:tmp:tmp QPair(1,-1)
[    39.23 ] D: firstIndex 1 0 1 4
[    39.23 ] D: firstIndex2
[    39.23 ] D: firstIndex4 0 1
[    39.23 ] D: firstIndex3 0 1
[    39.23 ] D: firstIndex2 0 2
[    39.23 ] D: firstIndex3.3
[    39.23 ] D: firstIndex3
[    39.23 ] D: _automationChanging false
[    39.23 ] D: mouseMove2
[    39.23 ] D: _automationChanging false
[    39.23 ] D: mouseMove2
[    39.23 ] D: newTopPixel 202 216 14
[    39.23 ] D: findTrackIndexByPoint 0 QRect(0,0 1707x111) false QPointF(450,202)
[    39.23 ] D: findTrackIndexByPoint 1 QRect(0,111 1707x111) true QPointF(450,202)
[    39.23 ] D: tmp:tmp:tmp:tmp:tmp QPair(1,-1)
[    39.23 ] D: firstIndex 1 0 1 4
[    39.23 ] D: firstIndex2
[    39.23 ] D: firstIndex4 0 1
[    39.23 ] D: firstIndex3 0 1
[    39.23 ] D: firstIndex2 0 2
[    39.23 ] D: firstIndex3.3
[    39.23 ] D: firstIndex3
[    39.23 ] D: _automationChanging false
[    39.23 ] D: mouseMove2
[    39.23 ] D: _automationChanging false
[    39.23 ] D: mouseMove2
[    39.24 ] D: newTopPixel 201 215 14
[    39.24 ] D: findTrackIndexByPoint 0 QRect(0,0 1707x111) false QPointF(450,201)
[    39.24 ] D: findTrackIndexByPoint 1 QRect(0,111 1707x111) true QPointF(450,201)
[    39.24 ] D: tmp:tmp:tmp:tmp:tmp QPair(1,-1)
[    39.24 ] D: firstIndex 1 0 1 4
[    39.24 ] D: firstIndex2
[    39.24 ] D: firstIndex4 0 1
[    39.24 ] D: firstIndex3 0 1
[    39.24 ] D: firstIndex2 0 2
[    39.24 ] D: firstIndex3.3
[    39.24 ] D: firstIndex3
[    39.24 ] D: _automationChanging false
[    39.24 ] D: mouseMove2
[    39.24 ] D: _automationChanging false
[    39.24 ] D: mouseMove2
[    39.24 ] D: _automationChanging false
[    39.24 ] D: mouseMove2
[    39.25 ] D: _automationChanging false
[    39.25 ] D: mouseMove2
[    39.25 ] D: newTopPixel 196 210 14
[    39.25 ] D: findTrackIndexByPoint 0 QRect(0,0 1707x111) false QPointF(432,196)
[    39.25 ] D: findTrackIndexByPoint 1 QRect(0,111 1707x111) true QPointF(432,196)
[    39.25 ] D: tmp:tmp:tmp:tmp:tmp QPair(1,-1)
[    39.25 ] D: firstIndex 1 0 1 4
[    39.25 ] D: firstIndex2
[    39.25 ] D: firstIndex4 0 1
[    39.25 ] D: firstIndex3 0 1
[    39.25 ] D: firstIndex2 0 2
[    39.25 ] D: firstIndex3.3
[    39.25 ] D: firstIndex3
[    39.26 ] D: _automationChanging false
[    39.26 ] D: mouseMove2
[    39.26 ] D: newTopPixel 195 209 14
[    39.26 ] D: findTrackIndexByPoint 0 QRect(0,0 1707x111) false QPointF(432,195)
[    39.26 ] D: findTrackIndexByPoint 1 QRect(0,111 1707x111) true QPointF(432,195)
[    39.26 ] D: tmp:tmp:tmp:tmp:tmp QPair(1,-1)
[    39.26 ] D: firstIndex 1 0 1 4
[    39.26 ] D: firstIndex2
[    39.26 ] D: firstIndex4 0 1
[    39.26 ] D: firstIndex3 0 1
[    39.26 ] D: firstIndex2 0 2
[    39.26 ] D: firstIndex3.3
[    39.26 ] D: firstIndex3
[    39.26 ] D: _automationChanging false
[    39.26 ] D: mouseMove2
[    39.26 ] D: _automationChanging false
[    39.26 ] D: mouseMove2
[    39.26 ] D: _automationChanging false
[    39.26 ] D: mouseMove2
[    39.26 ] D: _automationChanging false
[    39.26 ] D: mouseMove2
[    39.28 ] D: newTopPixel 190 204 14
[    39.28 ] D: findTrackIndexByPoint 0 QRect(0,0 1707x111) false QPointF(414,190)
[    39.28 ] D: findTrackIndexByPoint 1 QRect(0,111 1707x111) true QPointF(414,190)
[    39.28 ] D: tmp:tmp:tmp:tmp:tmp QPair(1,-1)
[    39.28 ] D: firstIndex 1 0 1 4
[    39.28 ] D: firstIndex2
[    39.28 ] D: firstIndex4 0 1
[    39.28 ] D: firstIndex3 0 1
[    39.28 ] D: firstIndex2 0 2
[    39.28 ] D: firstIndex3.3
[    39.28 ] D: firstIndex3
[    39.28 ] D: _automationChanging false
[    39.28 ] D: mouseMove2
[    39.28 ] D: newTopPixel 186 200 14
[    39.28 ] D: findTrackIndexByPoint 0 QRect(0,0 1707x111) false QPointF(414,186)
[    39.28 ] D: findTrackIndexByPoint 1 QRect(0,111 1707x111) true QPointF(414,186)
[    39.28 ] D: tmp:tmp:tmp:tmp:tmp QPair(1,-1)
[    39.28 ] D: firstIndex 1 0 1 4
[    39.28 ] D: firstIndex2
[    39.28 ] D: firstIndex4 0 1
[    39.28 ] D: firstIndex3 0 1
[    39.28 ] D: firstIndex2 0 2
[    39.28 ] D: firstIndex3.3
[    39.28 ] D: firstIndex3
[    39.28 ] D: _automationChanging false
[    39.28 ] D: mouseMove2
[    39.28 ] D: _automationChanging false
[    39.28 ] D: mouseMove2
[    39.28 ] D: _automationChanging false
[    39.28 ] D: mouseMove2
[    39.29 ] D: newTopPixel 184 198 14
[    39.29 ] D: findTrackIndexByPoint 0 QRect(0,0 1707x111) false QPointF(396,184)
[    39.29 ] D: findTrackIndexByPoint 1 QRect(0,111 1707x111) true QPointF(396,184)
[    39.29 ] D: tmp:tmp:tmp:tmp:tmp QPair(1,-1)
[    39.29 ] D: firstIndex 1 0 1 4
[    39.29 ] D: firstIndex2
[    39.29 ] D: firstIndex4 0 1
[    39.29 ] D: firstIndex3 0 1
[    39.29 ] D: firstIndex2 0 2
[    39.29 ] D: firstIndex3.3
[    39.29 ] D: firstIndex3
[    39.29 ] D: _automationChanging false
[    39.29 ] D: mouseMove2
[    39.29 ] D: _automationChanging false
[    39.29 ] D: mouseMove2
[    39.29 ] D: _automationChanging false
[    39.29 ] D: mouseMove2
[    39.30 ] D: _automationChanging false
[    39.30 ] D: mouseMove2
[    39.31 ] D: newTopPixel 179 193 14
[    39.31 ] D: findTrackIndexByPoint 0 QRect(0,0 1707x111) false QPointF(378,179)
[    39.31 ] D: findTrackIndexByPoint 1 QRect(0,111 1707x111) true QPointF(378,179)
[    39.31 ] D: tmp:tmp:tmp:tmp:tmp QPair(1,-1)
[    39.31 ] D: firstIndex 1 0 1 4
[    39.31 ] D: firstIndex2
[    39.31 ] D: firstIndex4 0 1
[    39.31 ] D: firstIndex3 0 1
[    39.31 ] D: firstIndex2 0 2
[    39.31 ] D: firstIndex3.3
[    39.31 ] D: firstIndex3
[    39.31 ] D: _automationChanging false
[    39.31 ] D: mouseMove2
[    39.31 ] D: _automationChanging false
[    39.31 ] D: mouseMove2
[    39.31 ] D: _automationChanging false
[    39.31 ] D: mouseMove2
[    39.31 ] D: _automationChanging false
[    39.31 ] D: mouseMove2
[    39.33 ] D: newTopPixel 172 186 14
[    39.33 ] D: findTrackIndexByPoint 0 QRect(0,0 1707x111) false QPointF(378,172)
[    39.33 ] D: findTrackIndexByPoint 1 QRect(0,111 1707x111) true QPointF(378,172)
[    39.33 ] D: tmp:tmp:tmp:tmp:tmp QPair(1,-1)
[    39.33 ] D: firstIndex 1 0 1 4
[    39.33 ] D: firstIndex2
[    39.33 ] D: firstIndex4 0 1
[    39.33 ] D: firstIndex3 0 1
[    39.33 ] D: firstIndex2 0 2
[    39.33 ] D: firstIndex3.3
[    39.33 ] D: firstIndex3
[    39.33 ] D: _automationChanging false
[    39.33 ] D: mouseMove2
[    39.33 ] D: newTopPixel 169 183 14
[    39.33 ] D: findTrackIndexByPoint 0 QRect(0,0 1707x111) false QPointF(360,169)
[    39.33 ] D: findTrackIndexByPoint 1 QRect(0,111 1707x111) true QPointF(360,169)
[    39.33 ] D: tmp:tmp:tmp:tmp:tmp QPair(1,-1)
[    39.33 ] D: firstIndex 1 0 1 4
[    39.33 ] D: firstIndex2
[    39.33 ] D: firstIndex4 0 1
[    39.33 ] D: firstIndex3 0 1
[    39.33 ] D: firstIndex2 0 2
[    39.33 ] D: firstIndex3.3
[    39.33 ] D: firstIndex3
[    39.33 ] D: _automationChanging false
[    39.33 ] D: mouseMove2
[    39.33 ] D: _automationChanging false
[    39.33 ] D: mouseMove2
[    39.33 ] D: _automationChanging false
[    39.33 ] D: mouseMove2
[    39.34 ] D: newTopPixel 168 182 14
[    39.34 ] D: findTrackIndexByPoint 0 QRect(0,0 1707x111) false QPointF(360,168)
[    39.34 ] D: findTrackIndexByPoint 1 QRect(0,111 1707x111) true QPointF(360,168)
[    39.34 ] D: tmp:tmp:tmp:tmp:tmp QPair(1,-1)
[    39.34 ] D: firstIndex 1 0 1 4
[    39.34 ] D: firstIndex2
[    39.34 ] D: firstIndex4 0 1
[    39.34 ] D: firstIndex3 0 1
[    39.34 ] D: firstIndex2 0 2
[    39.34 ] D: firstIndex3.3
[    39.34 ] D: firstIndex3
[    39.34 ] D: _automationChanging false
[    39.34 ] D: mouseMove2
[    39.34 ] D: _automationChanging false
[    39.34 ] D: mouseMove2
[    39.35 ] D: _automationChanging false
[    39.35 ] D: mouseMove2
[    39.35 ] D: _automationChanging false
[    39.35 ] D: mouseMove2
[    39.35 ] D: newTopPixel 164 178 14
[    39.35 ] D: findTrackIndexByPoint 0 QRect(0,0 1707x111) false QPointF(342,164)
[    39.35 ] D: findTrackIndexByPoint 1 QRect(0,111 1707x111) true QPointF(342,164)
[    39.35 ] D: tmp:tmp:tmp:tmp:tmp QPair(1,-1)
[    39.35 ] D: firstIndex 1 0 1 4
[    39.35 ] D: firstIndex2
[    39.35 ] D: firstIndex4 0 1
[    39.35 ] D: firstIndex3 0 1
[    39.35 ] D: firstIndex2 0 2
[    39.35 ] D: firstIndex3.3
[    39.35 ] D: firstIndex3
[    39.36 ] D: newTopPixel 164 178 14
[    39.36 ] D: findTrackIndexByPoint 0 QRect(0,0 1707x111) false QPointF(342,164)
[    39.36 ] D: findTrackIndexByPoint 1 QRect(0,111 1707x111) true QPointF(342,164)
[    39.36 ] D: tmp:tmp:tmp:tmp:tmp QPair(1,-1)
[    39.36 ] D: firstIndex 1 0 1 4
[    39.36 ] D: firstIndex2
[    39.36 ] D: firstIndex4 0 1
[    39.36 ] D: firstIndex3 0 1
[    39.36 ] D: firstIndex2 0 2
[    39.36 ] D: firstIndex3.3
[    39.36 ] D: firstIndex3
[    39.36 ] D: _automationChanging false
[    39.36 ] D: mouseMove2
[    39.36 ] D: _automationChanging false
[    39.36 ] D: mouseMove2
[    39.36 ] D: _automationChanging false
[    39.36 ] D: mouseMove2
[    39.37 ] D: _automationChanging false
[    39.37 ] D: mouseMove2
[    39.38 ] D: newTopPixel 161 175 14
[    39.38 ] D: findTrackIndexByPoint 0 QRect(0,0 1707x111) false QPointF(324,161)
[    39.38 ] D: findTrackIndexByPoint 1 QRect(0,111 1707x111) true QPointF(324,161)
[    39.38 ] D: tmp:tmp:tmp:tmp:tmp QPair(1,-1)
[    39.38 ] D: firstIndex 1 0 1 4
[    39.38 ] D: firstIndex2
[    39.38 ] D: firstIndex4 0 1
[    39.38 ] D: firstIndex3 0 1
[    39.38 ] D: firstIndex2 0 2
[    39.38 ] D: firstIndex3.3
[    39.38 ] D: firstIndex3
[    39.38 ] D: _automationChanging false
[    39.38 ] D: mouseMove2
[    39.38 ] D: newTopPixel 160 174 14
[    39.38 ] D: findTrackIndexByPoint 0 QRect(0,0 1707x111) false QPointF(324,160)
[    39.38 ] D: findTrackIndexByPoint 1 QRect(0,111 1707x111) true QPointF(324,160)
[    39.38 ] D: tmp:tmp:tmp:tmp:tmp QPair(1,-1)
[    39.38 ] D: firstIndex 1 0 1 4
[    39.38 ] D: firstIndex2
[    39.38 ] D: firstIndex4 0 1
[    39.38 ] D: firstIndex3 0 1
[    39.38 ] D: firstIndex2 0 2
[    39.38 ] D: firstIndex3.3
[    39.38 ] D: firstIndex3
[    39.38 ] D: _automationChanging false
[    39.38 ] D: mouseMove2
[    39.38 ] D: _automationChanging false
[    39.38 ] D: mouseMove2
[    39.38 ] D: _automationChanging false
[    39.38 ] D: mouseMove2
[    39.39 ] D: newTopPixel 159 173 14
[    39.39 ] D: findTrackIndexByPoint 0 QRect(0,0 1707x111) false QPointF(324,159)
[    39.39 ] D: findTrackIndexByPoint 1 QRect(0,111 1707x111) true QPointF(324,159)
[    39.39 ] D: tmp:tmp:tmp:tmp:tmp QPair(1,-1)
[    39.39 ] D: firstIndex 1 0 1 4
[    39.39 ] D: firstIndex2
[    39.39 ] D: firstIndex4 0 1
[    39.39 ] D: firstIndex3 0 1
[    39.39 ] D: firstIndex2 0 2
[    39.39 ] D: firstIndex3.3
[    39.39 ] D: firstIndex3
[    39.39 ] D: _automationChanging false
[    39.39 ] D: mouseMove2
[    39.39 ] D: _automationChanging false
[    39.39 ] D: mouseMove2
[    39.40 ] D: _automationChanging false
[    39.40 ] D: mouseMove2
[    39.40 ] D: _automationChanging false
[    39.40 ] D: mouseMove2
[    39.40 ] D: newTopPixel 156 170 14
[    39.40 ] D: findTrackIndexByPoint 0 QRect(0,0 1707x111) false QPointF(306,156)
[    39.40 ] D: findTrackIndexByPoint 1 QRect(0,111 1707x111) true QPointF(306,156)
[    39.40 ] D: tmp:tmp:tmp:tmp:tmp QPair(1,-1)
[    39.40 ] D: firstIndex 1 0 1 4
[    39.40 ] D: firstIndex2
[    39.40 ] D: firstIndex4 0 1
[    39.40 ] D: firstIndex3 0 1
[    39.40 ] D: firstIndex2 0 2
[    39.40 ] D: firstIndex3.3
[    39.40 ] D: firstIndex3
[    39.40 ] D: _automationChanging false
[    39.40 ] D: mouseMove2
[    39.41 ] D: newTopPixel 156 170 14
[    39.41 ] D: findTrackIndexByPoint 0 QRect(0,0 1707x111) false QPointF(306,156)
[    39.41 ] D: findTrackIndexByPoint 1 QRect(0,111 1707x111) true QPointF(306,156)
[    39.41 ] D: tmp:tmp:tmp:tmp:tmp QPair(1,-1)
[    39.41 ] D: firstIndex 1 0 1 4
[    39.41 ] D: firstIndex2
[    39.41 ] D: firstIndex4 0 1
[    39.41 ] D: firstIndex3 0 1
[    39.41 ] D: firstIndex2 0 2
[    39.41 ] D: firstIndex3.3
[    39.41 ] D: firstIndex3
[    39.41 ] D: _automationChanging false
[    39.41 ] D: mouseMove2
[    39.41 ] D: _automationChanging false
[    39.41 ] D: mouseMove2
[    39.41 ] D: _automationChanging false
[    39.41 ] D: mouseMove2
[    39.42 ] D: _automationChanging false
[    39.42 ] D: mouseMove2
[    39.43 ] D: newTopPixel 153 167 14
[    39.43 ] D: findTrackIndexByPoint 0 QRect(0,0 1707x111) false QPointF(306,153)
[    39.43 ] D: findTrackIndexByPoint 1 QRect(0,111 1707x111) true QPointF(306,153)
[    39.43 ] D: tmp:tmp:tmp:tmp:tmp QPair(1,-1)
[    39.43 ] D: firstIndex 1 0 1 4
[    39.43 ] D: firstIndex2
[    39.43 ] D: firstIndex4 0 1
[    39.43 ] D: firstIndex3 0 1
[    39.43 ] D: firstIndex2 0 2
[    39.43 ] D: firstIndex3.3
[    39.43 ] D: firstIndex3
[    39.43 ] D: _automationChanging false
[    39.43 ] D: mouseMove2
[    39.43 ] D: _automationChanging false
[    39.43 ] D: mouseMove2
[    39.43 ] D: newTopPixel 151 165 14
[    39.43 ] D: findTrackIndexByPoint 0 QRect(0,0 1707x111) false QPointF(288,151)
[    39.43 ] D: findTrackIndexByPoint 1 QRect(0,111 1707x111) true QPointF(288,151)
[    39.43 ] D: tmp:tmp:tmp:tmp:tmp QPair(1,-1)
[    39.43 ] D: firstIndex 1 0 1 4
[    39.43 ] D: firstIndex2
[    39.43 ] D: firstIndex4 0 1
[    39.43 ] D: firstIndex3 0 1
[    39.43 ] D: firstIndex2 0 2
[    39.43 ] D: firstIndex3.3
[    39.43 ] D: firstIndex3
[    39.43 ] D: _automationChanging false
[    39.43 ] D: mouseMove2
[    39.44 ] D: _automationChanging false
[    39.44 ] D: mouseMove2
[    39.44 ] D: newTopPixel 150 164 14
[    39.44 ] D: findTrackIndexByPoint 0 QRect(0,0 1707x111) false QPointF(288,150)
[    39.44 ] D: findTrackIndexByPoint 1 QRect(0,111 1707x111) true QPointF(288,150)
[    39.44 ] D: tmp:tmp:tmp:tmp:tmp QPair(1,-1)
[    39.44 ] D: firstIndex 1 0 1 4
[    39.44 ] D: firstIndex2
[    39.44 ] D: firstIndex4 0 1
[    39.44 ] D: firstIndex3 0 1
[    39.44 ] D: firstIndex2 0 2
[    39.44 ] D: firstIndex3.3
[    39.44 ] D: firstIndex3
[    39.44 ] D: _automationChanging false
[    39.44 ] D: mouseMove2
[    39.44 ] D: _automationChanging false
[    39.44 ] D: mouseMove2
[    39.45 ] D: _automationChanging false
[    39.45 ] D: mouseMove2
[    39.45 ] D: newTopPixel 148 162 14
[    39.45 ] D: findTrackIndexByPoint 0 QRect(0,0 1707x111) false QPointF(270,148)
[    39.45 ] D: findTrackIndexByPoint 1 QRect(0,111 1707x111) true QPointF(270,148)
[    39.45 ] D: tmp:tmp:tmp:tmp:tmp QPair(1,-1)
[    39.45 ] D: firstIndex 1 0 1 4
[    39.45 ] D: firstIndex2
[    39.45 ] D: firstIndex4 0 1
[    39.45 ] D: firstIndex3 0 1
[    39.45 ] D: firstIndex2 0 2
[    39.45 ] D: firstIndex3.3
[    39.45 ] D: firstIndex3
[    39.46 ] D: newTopPixel 148 162 14
[    39.46 ] D: findTrackIndexByPoint 0 QRect(0,0 1707x111) false QPointF(270,148)
[    39.46 ] D: findTrackIndexByPoint 1 QRect(0,111 1707x111) true QPointF(270,148)
[    39.46 ] D: tmp:tmp:tmp:tmp:tmp QPair(1,-1)
[    39.46 ] D: firstIndex 1 0 1 4
[    39.46 ] D: firstIndex2
[    39.46 ] D: firstIndex4 0 1
[    39.46 ] D: firstIndex3 0 1
[    39.46 ] D: firstIndex2 0 2
[    39.46 ] D: firstIndex3.3
[    39.46 ] D: firstIndex3
[    39.46 ] D: _automationChanging false
[    39.46 ] D: mouseMove2
[    39.46 ] D: _automationChanging false
[    39.46 ] D: mouseMove2
[    39.46 ] D: _automationChanging false
[    39.46 ] D: mouseMove2
[    39.47 ] D: _automationChanging false
[    39.47 ] D: mouseMove2
[    39.48 ] D: newTopPixel 146 160 14
[    39.48 ] D: findTrackIndexByPoint 0 QRect(0,0 1707x111) false QPointF(270,146)
[    39.48 ] D: findTrackIndexByPoint 1 QRect(0,111 1707x111) true QPointF(270,146)
[    39.48 ] D: tmp:tmp:tmp:tmp:tmp QPair(1,-1)
[    39.48 ] D: firstIndex 1 0 1 4
[    39.48 ] D: firstIndex2
[    39.48 ] D: firstIndex4 0 1
[    39.48 ] D: firstIndex3 0 1
[    39.48 ] D: firstIndex2 0 2
[    39.48 ] D: firstIndex3.3
[    39.48 ] D: firstIndex3
[    39.48 ] D: _automationChanging false
[    39.48 ] D: mouseMove2
[    39.48 ] D: newTopPixel 145 159 14
[    39.48 ] D: findTrackIndexByPoint 0 QRect(0,0 1707x111) false QPointF(252,145)
[    39.48 ] D: findTrackIndexByPoint 1 QRect(0,111 1707x111) true QPointF(252,145)
[    39.48 ] D: tmp:tmp:tmp:tmp:tmp QPair(1,-1)
[    39.48 ] D: firstIndex 1 0 1 4
[    39.48 ] D: firstIndex2
[    39.48 ] D: firstIndex4 0 1
[    39.48 ] D: firstIndex3 0 1
[    39.48 ] D: firstIndex2 0 2
[    39.48 ] D: firstIndex3.3
[    39.48 ] D: firstIndex3
[    39.48 ] D: _automationChanging false
[    39.48 ] D: mouseMove2
[    39.48 ] D: _automationChanging false
[    39.48 ] D: mouseMove2
[    39.48 ] D: _automationChanging false
[    39.48 ] D: mouseMove2
[    39.49 ] D: newTopPixel 145 159 14
[    39.49 ] D: findTrackIndexByPoint 0 QRect(0,0 1707x111) false QPointF(252,145)
[    39.49 ] D: findTrackIndexByPoint 1 QRect(0,111 1707x111) true QPointF(252,145)
[    39.49 ] D: tmp:tmp:tmp:tmp:tmp QPair(1,-1)
[    39.49 ] D: firstIndex 1 0 1 4
[    39.49 ] D: firstIndex2
[    39.49 ] D: firstIndex4 0 1
[    39.49 ] D: firstIndex3 0 1
[    39.49 ] D: firstIndex2 0 2
[    39.49 ] D: firstIndex3.3
[    39.49 ] D: firstIndex3
[    39.49 ] D: _automationChanging false
[    39.49 ] D: mouseMove2
[    39.49 ] D: _automationChanging false
[    39.49 ] D: mouseMove2
[    39.49 ] D: _automationChanging false
[    39.49 ] D: mouseMove2
[    39.50 ] D: newTopPixel 145 159 14
[    39.50 ] D: findTrackIndexByPoint 0 QRect(0,0 1707x111) false QPointF(252,145)
[    39.50 ] D: findTrackIndexByPoint 1 QRect(0,111 1707x111) true QPointF(252,145)
[    39.50 ] D: tmp:tmp:tmp:tmp:tmp QPair(1,-1)
[    39.50 ] D: firstIndex 1 0 1 4
[    39.50 ] D: firstIndex2
[    39.50 ] D: firstIndex4 0 1
[    39.50 ] D: firstIndex3 0 1
[    39.50 ] D: firstIndex2 0 2
[    39.50 ] D: firstIndex3.3
[    39.50 ] D: firstIndex3
[    39.51 ] D: newTopPixel 145 159 14
[    39.51 ] D: findTrackIndexByPoint 0 QRect(0,0 1707x111) false QPointF(252,145)
[    39.51 ] D: findTrackIndexByPoint 1 QRect(0,111 1707x111) true QPointF(252,145)
[    39.51 ] D: tmp:tmp:tmp:tmp:tmp QPair(1,-1)
[    39.51 ] D: firstIndex 1 0 1 4
[    39.51 ] D: firstIndex2
[    39.51 ] D: firstIndex4 0 1
[    39.51 ] D: firstIndex3 0 1
[    39.51 ] D: firstIndex2 0 2
[    39.51 ] D: firstIndex3.3
[    39.51 ] D: firstIndex3
[    39.51 ] D: _automationChanging false
[    39.51 ] D: mouseMove2
[    39.51 ] D: _automationChanging false
[    39.51 ] D: mouseMove2
[    39.51 ] D: _automationChanging false
[    39.51 ] D: mouseMove2
[    39.53 ] D: newTopPixel 143 157 14
[    39.53 ] D: findTrackIndexByPoint 0 QRect(0,0 1707x111) false QPointF(234,143)
[    39.53 ] D: findTrackIndexByPoint 1 QRect(0,111 1707x111) true QPointF(234,143)
[    39.53 ] D: tmp:tmp:tmp:tmp:tmp QPair(1,-1)
[    39.53 ] D: firstIndex 1 0 1 4
[    39.53 ] D: firstIndex2
[    39.53 ] D: firstIndex4 0 1
[    39.53 ] D: firstIndex3 0 1
[    39.53 ] D: firstIndex2 0 2
[    39.53 ] D: firstIndex3.3
[    39.53 ] D: firstIndex3
[    39.53 ] D: _automationChanging false
[    39.53 ] D: mouseMove2
[    39.53 ] D: newTopPixel 143 157 14
[    39.53 ] D: findTrackIndexByPoint 0 QRect(0,0 1707x111) false QPointF(234,143)
[    39.53 ] D: findTrackIndexByPoint 1 QRect(0,111 1707x111) true QPointF(234,143)
[    39.53 ] D: tmp:tmp:tmp:tmp:tmp QPair(1,-1)
[    39.53 ] D: firstIndex 1 0 1 4
[    39.53 ] D: firstIndex2
[    39.53 ] D: firstIndex4 0 1
[    39.53 ] D: firstIndex3 0 1
[    39.53 ] D: firstIndex2 0 2
[    39.53 ] D: firstIndex3.3
[    39.53 ] D: firstIndex3
[    39.53 ] D: _automationChanging false
[    39.53 ] D: mouseMove2
[    39.53 ] D: _automationChanging false
[    39.53 ] D: mouseMove2
[    39.53 ] D: _automationChanging false
[    39.53 ] D: mouseMove2
[    39.54 ] D: newTopPixel 142 156 14
[    39.54 ] D: findTrackIndexByPoint 0 QRect(0,0 1707x111) false QPointF(234,142)
[    39.54 ] D: findTrackIndexByPoint 1 QRect(0,111 1707x111) true QPointF(234,142)
[    39.54 ] D: tmp:tmp:tmp:tmp:tmp QPair(1,-1)
[    39.54 ] D: firstIndex 1 0 1 4
[    39.54 ] D: firstIndex2
[    39.54 ] D: firstIndex4 0 1
[    39.54 ] D: firstIndex3 0 1
[    39.54 ] D: firstIndex2 0 2
[    39.54 ] D: firstIndex3.3
[    39.54 ] D: firstIndex3
[    39.54 ] D: _automationChanging false
[    39.54 ] D: mouseMove2
[    39.54 ] D: _automationChanging false
[    39.54 ] D: mouseMove2
[    39.55 ] D: _automationChanging false
[    39.55 ] D: mouseMove2
[    39.55 ] D: newTopPixel 142 156 14
[    39.55 ] D: findTrackIndexByPoint 0 QRect(0,0 1707x111) false QPointF(234,142)
[    39.55 ] D: findTrackIndexByPoint 1 QRect(0,111 1707x111) true QPointF(234,142)
[    39.55 ] D: tmp:tmp:tmp:tmp:tmp QPair(1,-1)
[    39.55 ] D: firstIndex 1 0 1 4
[    39.55 ] D: firstIndex2
[    39.55 ] D: firstIndex4 0 1
[    39.55 ] D: firstIndex3 0 1
[    39.55 ] D: firstIndex2 0 2
[    39.55 ] D: firstIndex3.3
[    39.55 ] D: firstIndex3
[    39.56 ] D: newTopPixel 142 156 14
[    39.56 ] D: findTrackIndexByPoint 0 QRect(0,0 1707x111) false QPointF(234,142)
[    39.56 ] D: findTrackIndexByPoint 1 QRect(0,111 1707x111) true QPointF(234,142)
[    39.56 ] D: tmp:tmp:tmp:tmp:tmp QPair(1,-1)
[    39.56 ] D: firstIndex 1 0 1 4
[    39.56 ] D: firstIndex2
[    39.56 ] D: firstIndex4 0 1
[    39.56 ] D: firstIndex3 0 1
[    39.56 ] D: firstIndex2 0 2
[    39.56 ] D: firstIndex3.3
[    39.56 ] D: firstIndex3
[    39.56 ] D: _automationChanging false
[    39.56 ] D: mouseMove2
[    39.56 ] D: _automationChanging false
[    39.56 ] D: mouseMove2
[    39.56 ] D: _automationChanging false
[    39.56 ] D: mouseMove2
[    39.58 ] D: newTopPixel 142 156 14
[    39.58 ] D: findTrackIndexByPoint 0 QRect(0,0 1707x111) false QPointF(216,142)
[    39.58 ] D: findTrackIndexByPoint 1 QRect(0,111 1707x111) true QPointF(216,142)
[    39.58 ] D: tmp:tmp:tmp:tmp:tmp QPair(1,-1)
[    39.58 ] D: firstIndex 1 0 1 4
[    39.58 ] D: firstIndex2
[    39.58 ] D: firstIndex4 0 1
[    39.58 ] D: firstIndex3 0 1
[    39.58 ] D: firstIndex2 0 2
[    39.58 ] D: firstIndex3.3
[    39.58 ] D: firstIndex3
[    39.58 ] D: _automationChanging false
[    39.58 ] D: mouseMove2
[    39.58 ] D: _automationChanging false
[    39.58 ] D: mouseMove2
[    39.58 ] D: newTopPixel 141 155 14
[    39.58 ] D: findTrackIndexByPoint 0 QRect(0,0 1707x111) false QPointF(216,141)
[    39.58 ] D: findTrackIndexByPoint 1 QRect(0,111 1707x111) true QPointF(216,141)
[    39.58 ] D: tmp:tmp:tmp:tmp:tmp QPair(1,-1)
[    39.58 ] D: firstIndex 1 0 1 4
[    39.58 ] D: firstIndex2
[    39.58 ] D: firstIndex4 0 1
[    39.58 ] D: firstIndex3 0 1
[    39.58 ] D: firstIndex2 0 2
[    39.58 ] D: firstIndex3.3
[    39.58 ] D: firstIndex3
[    39.58 ] D: _automationChanging false
[    39.58 ] D: mouseMove2
[    39.59 ] D: _automationChanging false
[    39.59 ] D: mouseMove2
[    39.59 ] D: newTopPixel 141 155 14
[    39.59 ] D: findTrackIndexByPoint 0 QRect(0,0 1707x111) false QPointF(216,141)
[    39.59 ] D: findTrackIndexByPoint 1 QRect(0,111 1707x111) true QPointF(216,141)
[    39.59 ] D: tmp:tmp:tmp:tmp:tmp QPair(1,-1)
[    39.59 ] D: firstIndex 1 0 1 4
[    39.59 ] D: firstIndex2
[    39.59 ] D: firstIndex4 0 1
[    39.59 ] D: firstIndex3 0 1
[    39.59 ] D: firstIndex2 0 2
[    39.59 ] D: firstIndex3.3
[    39.59 ] D: firstIndex3
[    39.59 ] D: _automationChanging false
[    39.59 ] D: mouseMove2
[    39.60 ] D: _automationChanging false
[    39.60 ] D: mouseMove2
[    39.60 ] D: newTopPixel 140 154 14
[    39.60 ] D: findTrackIndexByPoint 0 QRect(0,0 1707x111) false QPointF(216,140)
[    39.60 ] D: findTrackIndexByPoint 1 QRect(0,111 1707x111) true QPointF(216,140)
[    39.60 ] D: tmp:tmp:tmp:tmp:tmp QPair(1,-1)
[    39.60 ] D: firstIndex 1 0 1 4
[    39.60 ] D: firstIndex2
[    39.60 ] D: firstIndex4 0 1
[    39.60 ] D: firstIndex3 0 1
[    39.60 ] D: firstIndex2 0 2
[    39.60 ] D: firstIndex3.3
[    39.60 ] D: firstIndex3
[    39.61 ] D: newTopPixel 140 154 14
[    39.61 ] D: findTrackIndexByPoint 0 QRect(0,0 1707x111) false QPointF(216,140)
[    39.61 ] D: findTrackIndexByPoint 1 QRect(0,111 1707x111) true QPointF(216,140)
[    39.61 ] D: tmp:tmp:tmp:tmp:tmp QPair(1,-1)
[    39.61 ] D: firstIndex 1 0 1 4
[    39.61 ] D: firstIndex2
[    39.61 ] D: firstIndex4 0 1
[    39.61 ] D: firstIndex3 0 1
[    39.61 ] D: firstIndex2 0 2
[    39.61 ] D: firstIndex3.3
[    39.61 ] D: firstIndex3
[    39.61 ] D: _automationChanging false
[    39.61 ] D: mouseMove2
[    39.61 ] D: _automationChanging false
[    39.61 ] D: mouseMove2
[    39.61 ] D: _automationChanging false
[    39.61 ] D: mouseMove2
[    39.63 ] D: newTopPixel 140 154 14
[    39.63 ] D: findTrackIndexByPoint 0 QRect(0,0 1707x111) false QPointF(198,140)
[    39.63 ] D: findTrackIndexByPoint 1 QRect(0,111 1707x111) true QPointF(198,140)
[    39.63 ] D: tmp:tmp:tmp:tmp:tmp QPair(1,-1)
[    39.63 ] D: firstIndex 1 0 1 4
[    39.63 ] D: firstIndex2
[    39.63 ] D: firstIndex4 0 1
[    39.63 ] D: firstIndex3 0 1
[    39.63 ] D: firstIndex2 0 2
[    39.63 ] D: firstIndex3.3
[    39.63 ] D: firstIndex3
[    39.63 ] D: _automationChanging false
[    39.63 ] D: mouseMove2
[    39.63 ] D: _automationChanging false
[    39.63 ] D: mouseMove2
[    39.63 ] D: newTopPixel 140 154 14
[    39.63 ] D: findTrackIndexByPoint 0 QRect(0,0 1707x111) false QPointF(198,140)
[    39.63 ] D: findTrackIndexByPoint 1 QRect(0,111 1707x111) true QPointF(198,140)
[    39.63 ] D: tmp:tmp:tmp:tmp:tmp QPair(1,-1)
[    39.63 ] D: firstIndex 1 0 1 4
[    39.63 ] D: firstIndex2
[    39.63 ] D: firstIndex4 0 1
[    39.63 ] D: firstIndex3 0 1
[    39.63 ] D: firstIndex2 0 2
[    39.63 ] D: firstIndex3.3
[    39.63 ] D: firstIndex3
[    39.63 ] D: _automationChanging false
[    39.63 ] D: mouseMove2
[    39.64 ] D: newTopPixel 140 154 14
[    39.64 ] D: findTrackIndexByPoint 0 QRect(0,0 1707x111) false QPointF(198,140)
[    39.64 ] D: findTrackIndexByPoint 1 QRect(0,111 1707x111) true QPointF(198,140)
[    39.64 ] D: tmp:tmp:tmp:tmp:tmp QPair(1,-1)
[    39.64 ] D: firstIndex 1 0 1 4
[    39.64 ] D: firstIndex2
[    39.64 ] D: firstIndex4 0 1
[    39.64 ] D: firstIndex3 0 1
[    39.64 ] D: firstIndex2 0 2
[    39.64 ] D: firstIndex3.3
[    39.64 ] D: firstIndex3
[    39.64 ] D: _automationChanging false
[    39.64 ] D: mouseMove2
[    39.65 ] D: _automationChanging false
[    39.65 ] D: mouseMove2
[    39.65 ] D: _automationChanging false
[    39.65 ] D: mouseMove2
[    39.65 ] D: newTopPixel 139 153 14
[    39.65 ] D: findTrackIndexByPoint 0 QRect(0,0 1707x111) false QPointF(198,139)
[    39.65 ] D: findTrackIndexByPoint 1 QRect(0,111 1707x111) true QPointF(198,139)
[    39.65 ] D: tmp:tmp:tmp:tmp:tmp QPair(1,-1)
[    39.65 ] D: firstIndex 1 0 1 4
[    39.65 ] D: firstIndex2
[    39.65 ] D: firstIndex4 0 1
[    39.65 ] D: firstIndex3 0 1
[    39.65 ] D: firstIndex2 0 2
[    39.65 ] D: firstIndex3.3
[    39.65 ] D: firstIndex3
[    39.66 ] D: newTopPixel 139 153 14
[    39.66 ] D: findTrackIndexByPoint 0 QRect(0,0 1707x111) false QPointF(198,139)
[    39.66 ] D: findTrackIndexByPoint 1 QRect(0,111 1707x111) true QPointF(198,139)
[    39.66 ] D: tmp:tmp:tmp:tmp:tmp QPair(1,-1)
[    39.66 ] D: firstIndex 1 0 1 4
[    39.66 ] D: firstIndex2
[    39.66 ] D: firstIndex4 0 1
[    39.66 ] D: firstIndex3 0 1
[    39.66 ] D: firstIndex2 0 2
[    39.66 ] D: firstIndex3.3
[    39.66 ] D: firstIndex3
[    39.66 ] D: _automationChanging false
[    39.66 ] D: mouseMove2
[    39.66 ] D: _automationChanging false
[    39.66 ] D: mouseMove2
[    39.66 ] D: _automationChanging false
[    39.66 ] D: mouseMove2
[    39.67 ] D: _automationChanging false
[    39.67 ] D: mouseMove2
[    39.68 ] D: newTopPixel 139 153 14
[    39.68 ] D: findTrackIndexByPoint 0 QRect(0,0 1707x111) false QPointF(180,139)
[    39.68 ] D: findTrackIndexByPoint 1 QRect(0,111 1707x111) true QPointF(180,139)
[    39.68 ] D: tmp:tmp:tmp:tmp:tmp QPair(1,-1)
[    39.68 ] D: firstIndex 1 0 1 4
[    39.68 ] D: firstIndex2
[    39.68 ] D: firstIndex4 0 1
[    39.68 ] D: firstIndex3 0 1
[    39.68 ] D: firstIndex2 0 2
[    39.68 ] D: firstIndex3.3
[    39.68 ] D: firstIndex3
[    39.68 ] D: _automationChanging false
[    39.68 ] D: mouseMove2
[    39.68 ] D: newTopPixel 138 152 14
[    39.68 ] D: findTrackIndexByPoint 0 QRect(0,0 1707x111) false QPointF(180,138)
[    39.68 ] D: findTrackIndexByPoint 1 QRect(0,111 1707x111) true QPointF(180,138)
[    39.68 ] D: tmp:tmp:tmp:tmp:tmp QPair(1,-1)
[    39.68 ] D: firstIndex 1 0 1 4
[    39.68 ] D: firstIndex2
[    39.68 ] D: firstIndex4 0 1
[    39.68 ] D: firstIndex3 0 1
[    39.68 ] D: firstIndex2 0 2
[    39.68 ] D: firstIndex3.3
[    39.68 ] D: firstIndex3
[    39.68 ] D: _automationChanging false
[    39.68 ] D: mouseMove2
[    39.68 ] D: _automationChanging false
[    39.68 ] D: mouseMove2
[    39.69 ] D: newTopPixel 138 152 14
[    39.69 ] D: findTrackIndexByPoint 0 QRect(0,0 1707x111) false QPointF(180,138)
[    39.69 ] D: findTrackIndexByPoint 1 QRect(0,111 1707x111) true QPointF(180,138)
[    39.69 ] D: tmp:tmp:tmp:tmp:tmp QPair(1,-1)
[    39.69 ] D: firstIndex 1 0 1 4
[    39.69 ] D: firstIndex2
[    39.69 ] D: firstIndex4 0 1
[    39.69 ] D: firstIndex3 0 1
[    39.69 ] D: firstIndex2 0 2
[    39.69 ] D: firstIndex3.3
[    39.69 ] D: firstIndex3
[    39.69 ] D: _automationChanging false
[    39.69 ] D: mouseMove2
[    39.69 ] D: _automationChanging false
[    39.69 ] D: mouseMove2
[    39.70 ] D: _automationChanging false
[    39.70 ] D: mouseMove2
[    39.70 ] D: newTopPixel 138 152 14
[    39.70 ] D: findTrackIndexByPoint 0 QRect(0,0 1707x111) false QPointF(180,138)
[    39.70 ] D: findTrackIndexByPoint 1 QRect(0,111 1707x111) true QPointF(180,138)
[    39.70 ] D: tmp:tmp:tmp:tmp:tmp QPair(1,-1)
[    39.70 ] D: firstIndex 1 0 1 4
[    39.70 ] D: firstIndex2
[    39.70 ] D: firstIndex4 0 1
[    39.70 ] D: firstIndex3 0 1
[    39.70 ] D: firstIndex2 0 2
[    39.70 ] D: firstIndex3.3
[    39.70 ] D: firstIndex3
[    39.71 ] D: newTopPixel 138 152 14
[    39.71 ] D: findTrackIndexByPoint 0 QRect(0,0 1707x111) false QPointF(180,138)
[    39.71 ] D: findTrackIndexByPoint 1 QRect(0,111 1707x111) true QPointF(180,138)
[    39.71 ] D: tmp:tmp:tmp:tmp:tmp QPair(1,-1)
[    39.71 ] D: firstIndex 1 0 1 4
[    39.71 ] D: firstIndex2
[    39.71 ] D: firstIndex4 0 1
[    39.71 ] D: firstIndex3 0 1
[    39.71 ] D: firstIndex2 0 2
[    39.71 ] D: firstIndex3.3
[    39.71 ] D: firstIndex3
[    39.71 ] D: _automationChanging false
[    39.71 ] D: mouseMove2
[    39.71 ] D: _automationChanging false
[    39.71 ] D: mouseMove2
[    39.72 ] D: _automationChanging false
[    39.72 ] D: mouseMove2
[    39.73 ] D: newTopPixel 138 152 14
[    39.73 ] D: findTrackIndexByPoint 0 QRect(0,0 1707x111) false QPointF(180,138)
[    39.73 ] D: findTrackIndexByPoint 1 QRect(0,111 1707x111) true QPointF(180,138)
[    39.73 ] D: tmp:tmp:tmp:tmp:tmp QPair(1,-1)
[    39.73 ] D: firstIndex 1 0 1 4
[    39.73 ] D: firstIndex2
[    39.73 ] D: firstIndex4 0 1
[    39.73 ] D: firstIndex3 0 1
[    39.73 ] D: firstIndex2 0 2
[    39.73 ] D: firstIndex3.3
[    39.73 ] D: firstIndex3
[    39.73 ] D: _automationChanging false
[    39.73 ] D: mouseMove2
[    39.73 ] D: newTopPixel 138 152 14
[    39.73 ] D: findTrackIndexByPoint 0 QRect(0,0 1707x111) false QPointF(180,138)
[    39.73 ] D: findTrackIndexByPoint 1 QRect(0,111 1707x111) true QPointF(180,138)
[    39.73 ] D: tmp:tmp:tmp:tmp:tmp QPair(1,-1)
[    39.73 ] D: firstIndex 1 0 1 4
[    39.73 ] D: firstIndex2
[    39.73 ] D: firstIndex4 0 1
[    39.73 ] D: firstIndex3 0 1
[    39.73 ] D: firstIndex2 0 2
[    39.73 ] D: firstIndex3.3
[    39.73 ] D: firstIndex3
[    39.73 ] D: _automationChanging false
[    39.73 ] D: mouseMove2
[    39.74 ] D: newTopPixel 138 152 14
[    39.74 ] D: findTrackIndexByPoint 0 QRect(0,0 1707x111) false QPointF(180,138)
[    39.74 ] D: findTrackIndexByPoint 1 QRect(0,111 1707x111) true QPointF(180,138)
[    39.74 ] D: tmp:tmp:tmp:tmp:tmp QPair(1,-1)
[    39.74 ] D: firstIndex 1 0 1 4
[    39.74 ] D: firstIndex2
[    39.74 ] D: firstIndex4 0 1
[    39.74 ] D: firstIndex3 0 1
[    39.74 ] D: firstIndex2 0 2
[    39.74 ] D: firstIndex3.3
[    39.74 ] D: firstIndex3
[    39.74 ] D: _automationChanging false
[    39.74 ] D: mouseMove2
[    39.75 ] D: _automationChanging false
[    39.75 ] D: mouseMove2
[    39.75 ] D: newTopPixel 138 152 14
[    39.75 ] D: findTrackIndexByPoint 0 QRect(0,0 1707x111) false QPointF(162,138)
[    39.75 ] D: findTrackIndexByPoint 1 QRect(0,111 1707x111) true QPointF(162,138)
[    39.75 ] D: tmp:tmp:tmp:tmp:tmp QPair(1,-1)
[    39.75 ] D: firstIndex 1 0 1 4
[    39.75 ] D: firstIndex2
[    39.75 ] D: firstIndex4 0 1
[    39.75 ] D: firstIndex3 0 1
[    39.75 ] D: firstIndex2 0 2
[    39.75 ] D: firstIndex3.3
[    39.75 ] D: firstIndex3
[    39.75 ] D: _automationChanging false
[    39.75 ] D: mouseMove2
[    39.76 ] D: newTopPixel 138 152 14
[    39.76 ] D: findTrackIndexByPoint 0 QRect(0,0 1707x111) false QPointF(162,138)
[    39.76 ] D: findTrackIndexByPoint 1 QRect(0,111 1707x111) true QPointF(162,138)
[    39.76 ] D: tmp:tmp:tmp:tmp:tmp QPair(1,-1)
[    39.76 ] D: firstIndex 1 0 1 4
[    39.76 ] D: firstIndex2
[    39.76 ] D: firstIndex4 0 1
[    39.76 ] D: firstIndex3 0 1
[    39.76 ] D: firstIndex2 0 2
[    39.76 ] D: firstIndex3.3
[    39.76 ] D: firstIndex3
[    39.76 ] D: _automationChanging false
[    39.76 ] D: mouseMove2
[    39.76 ] D: _automationChanging false
[    39.76 ] D: mouseMove2
[    39.78 ] D: newTopPixel 137 151 14
[    39.78 ] D: findTrackIndexByPoint 0 QRect(0,0 1707x111) false QPointF(162,137)
[    39.78 ] D: findTrackIndexByPoint 1 QRect(0,111 1707x111) true QPointF(162,137)
[    39.78 ] D: tmp:tmp:tmp:tmp:tmp QPair(1,-1)
[    39.78 ] D: firstIndex 1 0 1 4
[    39.78 ] D: firstIndex2
[    39.78 ] D: firstIndex4 0 1
[    39.78 ] D: firstIndex3 0 1
[    39.78 ] D: firstIndex2 0 2
[    39.78 ] D: firstIndex3.3
[    39.78 ] D: firstIndex3
[    39.78 ] D: _automationChanging false
[    39.78 ] D: mouseMove2
[    39.78 ] D: newTopPixel 137 151 14
[    39.78 ] D: findTrackIndexByPoint 0 QRect(0,0 1707x111) false QPointF(162,137)
[    39.78 ] D: findTrackIndexByPoint 1 QRect(0,111 1707x111) true QPointF(162,137)
[    39.78 ] D: tmp:tmp:tmp:tmp:tmp QPair(1,-1)
[    39.78 ] D: firstIndex 1 0 1 4
[    39.78 ] D: firstIndex2
[    39.78 ] D: firstIndex4 0 1
[    39.78 ] D: firstIndex3 0 1
[    39.78 ] D: firstIndex2 0 2
[    39.78 ] D: firstIndex3.3
[    39.78 ] D: firstIndex3
[    39.78 ] D: _automationChanging false
[    39.78 ] D: mouseMove2
[    39.78 ] D: _automationChanging false
[    39.78 ] D: mouseMove2
[    39.79 ] D: newTopPixel 137 151 14
[    39.79 ] D: findTrackIndexByPoint 0 QRect(0,0 1707x111) false QPointF(162,137)
[    39.79 ] D: findTrackIndexByPoint 1 QRect(0,111 1707x111) true QPointF(162,137)
[    39.79 ] D: tmp:tmp:tmp:tmp:tmp QPair(1,-1)
[    39.79 ] D: firstIndex 1 0 1 4
[    39.79 ] D: firstIndex2
[    39.79 ] D: firstIndex4 0 1
[    39.79 ] D: firstIndex3 0 1
[    39.79 ] D: firstIndex2 0 2
[    39.79 ] D: firstIndex3.3
[    39.79 ] D: firstIndex3
[    39.79 ] D: _automationChanging false
[    39.79 ] D: mouseMove2
[    39.79 ] D: _automationChanging false
[    39.79 ] D: mouseMove2
[    39.80 ] D: _automationChanging false
[    39.80 ] D: mouseMove2
[    39.80 ] D: newTopPixel 136 150 14
[    39.80 ] D: findTrackIndexByPoint 0 QRect(0,0 1707x111) false QPointF(144,136)
[    39.80 ] D: findTrackIndexByPoint 1 QRect(0,111 1707x111) true QPointF(144,136)
[    39.80 ] D: tmp:tmp:tmp:tmp:tmp QPair(1,-1)
[    39.80 ] D: firstIndex 1 0 1 4
[    39.80 ] D: firstIndex2
[    39.80 ] D: firstIndex4 0 1
[    39.80 ] D: firstIndex3 0 1
[    39.80 ] D: firstIndex2 0 2
[    39.80 ] D: firstIndex3.3
[    39.80 ] D: firstIndex3
[    39.81 ] D: newTopPixel 136 150 14
[    39.81 ] D: findTrackIndexByPoint 0 QRect(0,0 1707x111) false QPointF(144,136)
[    39.81 ] D: findTrackIndexByPoint 1 QRect(0,111 1707x111) true QPointF(144,136)
[    39.81 ] D: tmp:tmp:tmp:tmp:tmp QPair(1,-1)
[    39.81 ] D: firstIndex 1 0 1 4
[    39.81 ] D: firstIndex2
[    39.81 ] D: firstIndex4 0 1
[    39.81 ] D: firstIndex3 0 1
[    39.81 ] D: firstIndex2 0 2
[    39.81 ] D: firstIndex3.3
[    39.81 ] D: firstIndex3
[    39.81 ] D: _automationChanging false
[    39.81 ] D: mouseMove2
[    39.81 ] D: _automationChanging false
[    39.81 ] D: mouseMove2
[    39.81 ] D: _automationChanging false
[    39.81 ] D: mouseMove2
[    39.81 ] D: _automationChanging false
[    39.81 ] D: mouseMove2
[    39.83 ] D: newTopPixel 136 150 14
[    39.83 ] D: findTrackIndexByPoint 0 QRect(0,0 1707x111) false QPointF(144,136)
[    39.83 ] D: findTrackIndexByPoint 1 QRect(0,111 1707x111) true QPointF(144,136)
[    39.83 ] D: tmp:tmp:tmp:tmp:tmp QPair(1,-1)
[    39.83 ] D: firstIndex 1 0 1 4
[    39.83 ] D: firstIndex2
[    39.83 ] D: firstIndex4 0 1
[    39.83 ] D: firstIndex3 0 1
[    39.83 ] D: firstIndex2 0 2
[    39.83 ] D: firstIndex3.3
[    39.83 ] D: firstIndex3
[    39.83 ] D: _automationChanging false
[    39.83 ] D: mouseMove2
[    39.83 ] D: newTopPixel 136 150 14
[    39.83 ] D: findTrackIndexByPoint 0 QRect(0,0 1707x111) false QPointF(144,136)
[    39.83 ] D: findTrackIndexByPoint 1 QRect(0,111 1707x111) true QPointF(144,136)
[    39.83 ] D: tmp:tmp:tmp:tmp:tmp QPair(1,-1)
[    39.83 ] D: firstIndex 1 0 1 4
[    39.83 ] D: firstIndex2
[    39.83 ] D: firstIndex4 0 1
[    39.83 ] D: firstIndex3 0 1
[    39.83 ] D: firstIndex2 0 2
[    39.83 ] D: firstIndex3.3
[    39.83 ] D: firstIndex3
[    39.83 ] D: _automationChanging false
[    39.83 ] D: mouseMove2
[    39.83 ] D: _automationChanging false
[    39.83 ] D: mouseMove2
[    39.84 ] D: newTopPixel 136 150 14
[    39.84 ] D: findTrackIndexByPoint 0 QRect(0,0 1707x111) false QPointF(144,136)
[    39.84 ] D: findTrackIndexByPoint 1 QRect(0,111 1707x111) true QPointF(144,136)
[    39.84 ] D: tmp:tmp:tmp:tmp:tmp QPair(1,-1)
[    39.84 ] D: firstIndex 1 0 1 4
[    39.84 ] D: firstIndex2
[    39.84 ] D: firstIndex4 0 1
[    39.84 ] D: firstIndex3 0 1
[    39.84 ] D: firstIndex2 0 2
[    39.84 ] D: firstIndex3.3
[    39.84 ] D: firstIndex3
[    39.84 ] D: _automationChanging false
[    39.84 ] D: mouseMove2
[    39.85 ] D: _automationChanging false
[    39.85 ] D: mouseMove2
[    39.85 ] D: newTopPixel 136 150 14
[    39.85 ] D: findTrackIndexByPoint 0 QRect(0,0 1707x111) false QPointF(144,136)
[    39.85 ] D: findTrackIndexByPoint 1 QRect(0,111 1707x111) true QPointF(144,136)
[    39.85 ] D: tmp:tmp:tmp:tmp:tmp QPair(1,-1)
[    39.85 ] D: firstIndex 1 0 1 4
[    39.85 ] D: firstIndex2
[    39.85 ] D: firstIndex4 0 1
[    39.85 ] D: firstIndex3 0 1
[    39.85 ] D: firstIndex2 0 2
[    39.85 ] D: firstIndex3.3
[    39.85 ] D: firstIndex3
[    39.86 ] D: newTopPixel 136 150 14
[    39.86 ] D: findTrackIndexByPoint 0 QRect(0,0 1707x111) false QPointF(144,136)
[    39.86 ] D: findTrackIndexByPoint 1 QRect(0,111 1707x111) true QPointF(144,136)
[    39.86 ] D: tmp:tmp:tmp:tmp:tmp QPair(1,-1)
[    39.86 ] D: firstIndex 1 0 1 4
[    39.86 ] D: firstIndex2
[    39.86 ] D: firstIndex4 0 1
[    39.86 ] D: firstIndex3 0 1
[    39.86 ] D: firstIndex2 0 2
[    39.86 ] D: firstIndex3.3
[    39.86 ] D: firstIndex3
[    39.86 ] D: _automationChanging false
[    39.86 ] D: mouseMove2
[    39.86 ] D: _automationChanging false
[    39.86 ] D: mouseMove2
[    39.88 ] D: newTopPixel 135 149 14
[    39.88 ] D: findTrackIndexByPoint 0 QRect(0,0 1707x111) false QPointF(126,135)
[    39.88 ] D: findTrackIndexByPoint 1 QRect(0,111 1707x111) true QPointF(126,135)
[    39.88 ] D: tmp:tmp:tmp:tmp:tmp QPair(1,-1)
[    39.88 ] D: firstIndex 1 0 1 4
[    39.88 ] D: firstIndex2
[    39.88 ] D: firstIndex4 0 1
[    39.88 ] D: firstIndex3 0 1
[    39.88 ] D: firstIndex2 0 2
[    39.88 ] D: firstIndex3.3
[    39.88 ] D: firstIndex3
[    39.88 ] D: _automationChanging false
[    39.88 ] D: mouseMove2
[    39.88 ] D: _automationChanging false
[    39.88 ] D: mouseMove2
[    39.88 ] D: newTopPixel 135 149 14
[    39.88 ] D: findTrackIndexByPoint 0 QRect(0,0 1707x111) false QPointF(126,135)
[    39.88 ] D: findTrackIndexByPoint 1 QRect(0,111 1707x111) true QPointF(126,135)
[    39.88 ] D: tmp:tmp:tmp:tmp:tmp QPair(1,-1)
[    39.88 ] D: firstIndex 1 0 1 4
[    39.88 ] D: firstIndex2
[    39.88 ] D: firstIndex4 0 1
[    39.88 ] D: firstIndex3 0 1
[    39.88 ] D: firstIndex2 0 2
[    39.88 ] D: firstIndex3.3
[    39.88 ] D: firstIndex3
[    39.88 ] D: _automationChanging false
[    39.88 ] D: mouseMove2
[    39.89 ] D: newTopPixel 135 149 14
[    39.89 ] D: findTrackIndexByPoint 0 QRect(0,0 1707x111) false QPointF(126,135)
[    39.89 ] D: findTrackIndexByPoint 1 QRect(0,111 1707x111) true QPointF(126,135)
[    39.89 ] D: tmp:tmp:tmp:tmp:tmp QPair(1,-1)
[    39.89 ] D: firstIndex 1 0 1 4
[    39.89 ] D: firstIndex2
[    39.89 ] D: firstIndex4 0 1
[    39.89 ] D: firstIndex3 0 1
[    39.89 ] D: firstIndex2 0 2
[    39.89 ] D: firstIndex3.3
[    39.89 ] D: firstIndex3
[    39.89 ] D: _automationChanging false
[    39.89 ] D: mouseMove2
[    39.90 ] D: _automationChanging false
[    39.90 ] D: mouseMove2
[    39.90 ] D: _automationChanging false
[    39.90 ] D: mouseMove2
[    39.90 ] D: newTopPixel 134 148 14
[    39.90 ] D: findTrackIndexByPoint 0 QRect(0,0 1707x111) false QPointF(126,134)
[    39.90 ] D: findTrackIndexByPoint 1 QRect(0,111 1707x111) true QPointF(126,134)
[    39.90 ] D: tmp:tmp:tmp:tmp:tmp QPair(1,-1)
[    39.90 ] D: firstIndex 1 0 1 4
[    39.90 ] D: firstIndex2
[    39.90 ] D: firstIndex4 0 1
[    39.90 ] D: firstIndex3 0 1
[    39.90 ] D: firstIndex2 0 2
[    39.90 ] D: firstIndex3.3
[    39.90 ] D: firstIndex3
[    39.91 ] D: newTopPixel 134 148 14
[    39.91 ] D: findTrackIndexByPoint 0 QRect(0,0 1707x111) false QPointF(126,134)
[    39.91 ] D: findTrackIndexByPoint 1 QRect(0,111 1707x111) true QPointF(126,134)
[    39.91 ] D: tmp:tmp:tmp:tmp:tmp QPair(1,-1)
[    39.91 ] D: firstIndex 1 0 1 4
[    39.91 ] D: firstIndex2
[    39.91 ] D: firstIndex4 0 1
[    39.91 ] D: firstIndex3 0 1
[    39.91 ] D: firstIndex2 0 2
[    39.91 ] D: firstIndex3.3
[    39.91 ] D: firstIndex3
[    39.91 ] D: _automationChanging false
[    39.91 ] D: mouseMove2
[    39.91 ] D: _automationChanging false
[    39.91 ] D: mouseMove2
[    39.92 ] D: _automationChanging false
[    39.92 ] D: mouseMove2
[    39.93 ] D: newTopPixel 133 147 14
[    39.93 ] D: findTrackIndexByPoint 0 QRect(0,0 1707x111) false QPointF(126,133)
[    39.93 ] D: findTrackIndexByPoint 1 QRect(0,111 1707x111) true QPointF(126,133)
[    39.93 ] D: tmp:tmp:tmp:tmp:tmp QPair(1,-1)
[    39.93 ] D: firstIndex 1 0 1 4
[    39.93 ] D: firstIndex2
[    39.93 ] D: firstIndex4 0 1
[    39.93 ] D: firstIndex3 0 1
[    39.93 ] D: firstIndex2 0 2
[    39.93 ] D: firstIndex3.3
[    39.93 ] D: firstIndex3
[    39.93 ] D: _automationChanging false
[    39.93 ] D: mouseMove2
[    39.93 ] D: _automationChanging false
[    39.93 ] D: mouseMove2
[    39.93 ] D: newTopPixel 133 147 14
[    39.93 ] D: findTrackIndexByPoint 0 QRect(0,0 1707x111) false QPointF(108,133)
[    39.93 ] D: findTrackIndexByPoint 1 QRect(0,111 1707x111) true QPointF(108,133)
[    39.93 ] D: tmp:tmp:tmp:tmp:tmp QPair(1,-1)
[    39.93 ] D: firstIndex 1 0 1 4
[    39.93 ] D: firstIndex2
[    39.93 ] D: firstIndex4 0 1
[    39.93 ] D: firstIndex3 0 1
[    39.93 ] D: firstIndex2 0 2
[    39.93 ] D: firstIndex3.3
[    39.93 ] D: firstIndex3
[    39.93 ] D: _automationChanging false
[    39.93 ] D: mouseMove2
[    39.94 ] D: newTopPixel 133 147 14
[    39.94 ] D: findTrackIndexByPoint 0 QRect(0,0 1707x111) false QPointF(108,133)
[    39.94 ] D: findTrackIndexByPoint 1 QRect(0,111 1707x111) true QPointF(108,133)
[    39.94 ] D: tmp:tmp:tmp:tmp:tmp QPair(1,-1)
[    39.94 ] D: firstIndex 1 0 1 4
[    39.94 ] D: firstIndex2
[    39.94 ] D: firstIndex4 0 1
[    39.94 ] D: firstIndex3 0 1
[    39.94 ] D: firstIndex2 0 2
[    39.94 ] D: firstIndex3.3
[    39.94 ] D: firstIndex3
[    39.94 ] D: _automationChanging false
[    39.94 ] D: mouseMove2
[    39.94 ] D: _automationChanging false
[    39.94 ] D: mouseMove2
[    39.95 ] D: newTopPixel 133 147 14
[    39.95 ] D: findTrackIndexByPoint 0 QRect(0,0 1707x111) false QPointF(108,133)
[    39.95 ] D: findTrackIndexByPoint 1 QRect(0,111 1707x111) true QPointF(108,133)
[    39.95 ] D: tmp:tmp:tmp:tmp:tmp QPair(1,-1)
[    39.95 ] D: firstIndex 1 0 1 4
[    39.95 ] D: firstIndex2
[    39.95 ] D: firstIndex4 0 1
[    39.95 ] D: firstIndex3 0 1
[    39.95 ] D: firstIndex2 0 2
[    39.95 ] D: firstIndex3.3
[    39.95 ] D: firstIndex3
[    39.96 ] D: newTopPixel 133 147 14
[    39.96 ] D: findTrackIndexByPoint 0 QRect(0,0 1707x111) false QPointF(108,133)
[    39.96 ] D: findTrackIndexByPoint 1 QRect(0,111 1707x111) true QPointF(108,133)
[    39.96 ] D: tmp:tmp:tmp:tmp:tmp QPair(1,-1)
[    39.96 ] D: firstIndex 1 0 1 4
[    39.96 ] D: firstIndex2
[    39.96 ] D: firstIndex4 0 1
[    39.96 ] D: firstIndex3 0 1
[    39.96 ] D: firstIndex2 0 2
[    39.96 ] D: firstIndex3.3
[    39.96 ] D: firstIndex3
[    39.96 ] D: _automationChanging false
[    39.96 ] D: mouseMove2
[    39.96 ] D: _automationChanging false
[    39.96 ] D: mouseMove2
[    39.97 ] D: _automationChanging false
[    39.97 ] D: mouseMove2
[    39.98 ] D: newTopPixel 132 146 14
[    39.98 ] D: findTrackIndexByPoint 0 QRect(0,0 1707x111) false QPointF(108,132)
[    39.98 ] D: findTrackIndexByPoint 1 QRect(0,111 1707x111) true QPointF(108,132)
[    39.98 ] D: tmp:tmp:tmp:tmp:tmp QPair(1,-1)
[    39.98 ] D: firstIndex 1 0 1 4
[    39.98 ] D: firstIndex2
[    39.98 ] D: firstIndex4 0 1
[    39.98 ] D: firstIndex3 0 1
[    39.98 ] D: firstIndex2 0 2
[    39.98 ] D: firstIndex3.3
[    39.98 ] D: firstIndex3
[    39.98 ] D: newTopPixel 132 146 14
[    39.98 ] D: findTrackIndexByPoint 0 QRect(0,0 1707x111) false QPointF(108,132)
[    39.98 ] D: findTrackIndexByPoint 1 QRect(0,111 1707x111) true QPointF(108,132)
[    39.98 ] D: tmp:tmp:tmp:tmp:tmp QPair(1,-1)
[    39.98 ] D: firstIndex 1 0 1 4
[    39.98 ] D: firstIndex2
[    39.98 ] D: firstIndex4 0 1
[    39.98 ] D: firstIndex3 0 1
[    39.98 ] D: firstIndex2 0 2
[    39.98 ] D: firstIndex3.3
[    39.98 ] D: firstIndex3
[    39.99 ] D: newTopPixel 132 146 14
[    39.99 ] D: findTrackIndexByPoint 0 QRect(0,0 1707x111) false QPointF(108,132)
[    39.99 ] D: findTrackIndexByPoint 1 QRect(0,111 1707x111) true QPointF(108,132)
[    39.99 ] D: tmp:tmp:tmp:tmp:tmp QPair(1,-1)
[    39.99 ] D: firstIndex 1 0 1 4
[    39.99 ] D: firstIndex2
[    39.99 ] D: firstIndex4 0 1
[    39.99 ] D: firstIndex3 0 1
[    39.99 ] D: firstIndex2 0 2
[    39.99 ] D: firstIndex3.3
[    39.99 ] D: firstIndex3
[    39.99 ] D: _automationChanging false
[    39.99 ] D: mouseMove2
[    40.00 ] D: newTopPixel 132 146 14
[    40.00 ] D: findTrackIndexByPoint 0 QRect(0,0 1707x111) false QPointF(108,132)
[    40.00 ] D: findTrackIndexByPoint 1 QRect(0,111 1707x111) true QPointF(108,132)
[    40.00 ] D: tmp:tmp:tmp:tmp:tmp QPair(1,-1)
[    40.00 ] D: firstIndex 1 0 1 4
[    40.00 ] D: firstIndex2
[    40.00 ] D: firstIndex4 0 1
[    40.00 ] D: firstIndex3 0 1
[    40.00 ] D: firstIndex2 0 2
[    40.00 ] D: firstIndex3.3
[    40.00 ] D: firstIndex3
[    40.01 ] D: newTopPixel 132 146 14
[    40.01 ] D: findTrackIndexByPoint 0 QRect(0,0 1707x111) false QPointF(108,132)
[    40.01 ] D: findTrackIndexByPoint 1 QRect(0,111 1707x111) true QPointF(108,132)
[    40.01 ] D: tmp:tmp:tmp:tmp:tmp QPair(1,-1)
[    40.01 ] D: firstIndex 1 0 1 4
[    40.01 ] D: firstIndex2
[    40.01 ] D: firstIndex4 0 1
[    40.01 ] D: firstIndex3 0 1
[    40.01 ] D: firstIndex2 0 2
[    40.01 ] D: firstIndex3.3
[    40.01 ] D: firstIndex3
[    40.03 ] D: newTopPixel 132 146 14
[    40.03 ] D: findTrackIndexByPoint 0 QRect(0,0 1707x111) false QPointF(108,132)
[    40.03 ] D: findTrackIndexByPoint 1 QRect(0,111 1707x111) true QPointF(108,132)
[    40.03 ] D: tmp:tmp:tmp:tmp:tmp QPair(1,-1)
[    40.03 ] D: firstIndex 1 0 1 4
[    40.03 ] D: firstIndex2
[    40.03 ] D: firstIndex4 0 1
[    40.03 ] D: firstIndex3 0 1
[    40.03 ] D: firstIndex2 0 2
[    40.03 ] D: firstIndex3.3
[    40.03 ] D: firstIndex3
[    40.03 ] D: _automationChanging false
[    40.03 ] D: mouseMove2
[    40.03 ] D: newTopPixel 132 146 14
[    40.03 ] D: findTrackIndexByPoint 0 QRect(0,0 1707x111) false QPointF(108,132)
[    40.03 ] D: findTrackIndexByPoint 1 QRect(0,111 1707x111) true QPointF(108,132)
[    40.03 ] D: tmp:tmp:tmp:tmp:tmp QPair(1,-1)
[    40.03 ] D: firstIndex 1 0 1 4
[    40.03 ] D: firstIndex2
[    40.03 ] D: firstIndex4 0 1
[    40.03 ] D: firstIndex3 0 1
[    40.03 ] D: firstIndex2 0 2
[    40.03 ] D: firstIndex3.3
[    40.03 ] D: firstIndex3
[    40.04 ] D: newTopPixel 132 146 14
[    40.04 ] D: findTrackIndexByPoint 0 QRect(0,0 1707x111) false QPointF(108,132)
[    40.04 ] D: findTrackIndexByPoint 1 QRect(0,111 1707x111) true QPointF(108,132)
[    40.04 ] D: tmp:tmp:tmp:tmp:tmp QPair(1,-1)
[    40.04 ] D: firstIndex 1 0 1 4
[    40.04 ] D: firstIndex2
[    40.04 ] D: firstIndex4 0 1
[    40.04 ] D: firstIndex3 0 1
[    40.04 ] D: firstIndex2 0 2
[    40.04 ] D: firstIndex3.3
[    40.04 ] D: firstIndex3
[    40.04 ] D: _automationChanging false
[    40.04 ] D: mouseMove2
[    40.05 ] D: newTopPixel 131 145 14
[    40.05 ] D: findTrackIndexByPoint 0 QRect(0,0 1707x111) false QPointF(108,131)
[    40.05 ] D: findTrackIndexByPoint 1 QRect(0,111 1707x111) true QPointF(108,131)
[    40.05 ] D: tmp:tmp:tmp:tmp:tmp QPair(1,-1)
[    40.05 ] D: firstIndex 1 0 1 4
[    40.05 ] D: firstIndex2
[    40.05 ] D: firstIndex4 0 1
[    40.05 ] D: firstIndex3 0 1
[    40.05 ] D: firstIndex2 0 2
[    40.05 ] D: firstIndex3.3
[    40.05 ] D: firstIndex3
[    40.06 ] D: newTopPixel 131 145 14
[    40.06 ] D: findTrackIndexByPoint 0 QRect(0,0 1707x111) false QPointF(108,131)
[    40.06 ] D: findTrackIndexByPoint 1 QRect(0,111 1707x111) true QPointF(108,131)
[    40.06 ] D: tmp:tmp:tmp:tmp:tmp QPair(1,-1)
[    40.06 ] D: firstIndex 1 0 1 4
[    40.06 ] D: firstIndex2
[    40.06 ] D: firstIndex4 0 1
[    40.06 ] D: firstIndex3 0 1
[    40.06 ] D: firstIndex2 0 2
[    40.06 ] D: firstIndex3.3
[    40.06 ] D: firstIndex3
[    40.06 ] D: _automationChanging false
[    40.06 ] D: mouseMove2
[    40.08 ] D: newTopPixel 131 145 14
[    40.08 ] D: findTrackIndexByPoint 0 QRect(0,0 1707x111) false QPointF(108,131)
[    40.08 ] D: findTrackIndexByPoint 1 QRect(0,111 1707x111) true QPointF(108,131)
[    40.08 ] D: tmp:tmp:tmp:tmp:tmp QPair(1,-1)
[    40.08 ] D: firstIndex 1 0 1 4
[    40.08 ] D: firstIndex2
[    40.08 ] D: firstIndex4 0 1
[    40.08 ] D: firstIndex3 0 1
[    40.08 ] D: firstIndex2 0 2
[    40.08 ] D: firstIndex3.3
[    40.08 ] D: firstIndex3
[    40.08 ] D: _automationChanging false
[    40.08 ] D: mouseMove2
[    40.08 ] D: newTopPixel 131 145 14
[    40.08 ] D: findTrackIndexByPoint 0 QRect(0,0 1707x111) false QPointF(108,131)
[    40.08 ] D: findTrackIndexByPoint 1 QRect(0,111 1707x111) true QPointF(108,131)
[    40.08 ] D: tmp:tmp:tmp:tmp:tmp QPair(1,-1)
[    40.08 ] D: firstIndex 1 0 1 4
[    40.08 ] D: firstIndex2
[    40.08 ] D: firstIndex4 0 1
[    40.08 ] D: firstIndex3 0 1
[    40.08 ] D: firstIndex2 0 2
[    40.08 ] D: firstIndex3.3
[    40.08 ] D: firstIndex3
[    40.08 ] D: _automationChanging false
[    40.08 ] D: mouseMove2
[    40.09 ] D: newTopPixel 131 145 14
[    40.09 ] D: findTrackIndexByPoint 0 QRect(0,0 1707x111) false QPointF(108,131)
[    40.09 ] D: findTrackIndexByPoint 1 QRect(0,111 1707x111) true QPointF(108,131)
[    40.09 ] D: tmp:tmp:tmp:tmp:tmp QPair(1,-1)
[    40.09 ] D: firstIndex 1 0 1 4
[    40.09 ] D: firstIndex2
[    40.09 ] D: firstIndex4 0 1
[    40.09 ] D: firstIndex3 0 1
[    40.09 ] D: firstIndex2 0 2
[    40.09 ] D: firstIndex3.3
[    40.09 ] D: firstIndex3
[    40.10 ] D: newTopPixel 131 145 14
[    40.10 ] D: findTrackIndexByPoint 0 QRect(0,0 1707x111) false QPointF(108,131)
[    40.10 ] D: findTrackIndexByPoint 1 QRect(0,111 1707x111) true QPointF(108,131)
[    40.10 ] D: tmp:tmp:tmp:tmp:tmp QPair(1,-1)
[    40.10 ] D: firstIndex 1 0 1 4
[    40.10 ] D: firstIndex2
[    40.10 ] D: firstIndex4 0 1
[    40.10 ] D: firstIndex3 0 1
[    40.10 ] D: firstIndex2 0 2
[    40.10 ] D: firstIndex3.3
[    40.10 ] D: firstIndex3
[    40.11 ] D: newTopPixel 131 145 14
[    40.11 ] D: findTrackIndexByPoint 0 QRect(0,0 1707x111) false QPointF(108,131)
[    40.11 ] D: findTrackIndexByPoint 1 QRect(0,111 1707x111) true QPointF(108,131)
[    40.11 ] D: tmp:tmp:tmp:tmp:tmp QPair(1,-1)
[    40.11 ] D: firstIndex 1 0 1 4
[    40.11 ] D: firstIndex2
[    40.11 ] D: firstIndex4 0 1
[    40.11 ] D: firstIndex3 0 1
[    40.11 ] D: firstIndex2 0 2
[    40.11 ] D: firstIndex3.3
[    40.11 ] D: firstIndex3
[    40.11 ] D: _automationChanging false
[    40.11 ] D: mouseMove2
[    40.13 ] D: newTopPixel 131 145 14
[    40.13 ] D: findTrackIndexByPoint 0 QRect(0,0 1707x111) false QPointF(108,131)
[    40.13 ] D: findTrackIndexByPoint 1 QRect(0,111 1707x111) true QPointF(108,131)
[    40.13 ] D: tmp:tmp:tmp:tmp:tmp QPair(1,-1)
[    40.13 ] D: firstIndex 1 0 1 4
[    40.13 ] D: firstIndex2
[    40.13 ] D: firstIndex4 0 1
[    40.13 ] D: firstIndex3 0 1
[    40.13 ] D: firstIndex2 0 2
[    40.13 ] D: firstIndex3.3
[    40.13 ] D: firstIndex3
[    40.13 ] D: newTopPixel 131 145 14
[    40.13 ] D: findTrackIndexByPoint 0 QRect(0,0 1707x111) false QPointF(108,131)
[    40.13 ] D: findTrackIndexByPoint 1 QRect(0,111 1707x111) true QPointF(108,131)
[    40.13 ] D: tmp:tmp:tmp:tmp:tmp QPair(1,-1)
[    40.13 ] D: firstIndex 1 0 1 4
[    40.13 ] D: firstIndex2
[    40.13 ] D: firstIndex4 0 1
[    40.13 ] D: firstIndex3 0 1
[    40.13 ] D: firstIndex2 0 2
[    40.13 ] D: firstIndex3.3
[    40.13 ] D: firstIndex3
[    40.14 ] D: newTopPixel 131 145 14
[    40.14 ] D: findTrackIndexByPoint 0 QRect(0,0 1707x111) false QPointF(108,131)
[    40.14 ] D: findTrackIndexByPoint 1 QRect(0,111 1707x111) true QPointF(108,131)
[    40.14 ] D: tmp:tmp:tmp:tmp:tmp QPair(1,-1)
[    40.14 ] D: firstIndex 1 0 1 4
[    40.14 ] D: firstIndex2
[    40.14 ] D: firstIndex4 0 1
[    40.14 ] D: firstIndex3 0 1
[    40.14 ] D: firstIndex2 0 2
[    40.14 ] D: firstIndex3.3
[    40.14 ] D: firstIndex3
[    40.15 ] D: newTopPixel 131 145 14
[    40.15 ] D: findTrackIndexByPoint 0 QRect(0,0 1707x111) false QPointF(108,131)
[    40.15 ] D: findTrackIndexByPoint 1 QRect(0,111 1707x111) true QPointF(108,131)
[    40.15 ] D: tmp:tmp:tmp:tmp:tmp QPair(1,-1)
[    40.15 ] D: firstIndex 1 0 1 4
[    40.15 ] D: firstIndex2
[    40.15 ] D: firstIndex4 0 1
[    40.15 ] D: firstIndex3 0 1
[    40.15 ] D: firstIndex2 0 2
[    40.15 ] D: firstIndex3.3
[    40.15 ] D: firstIndex3
[    40.16 ] D: newTopPixel 131 145 14
[    40.16 ] D: findTrackIndexByPoint 0 QRect(0,0 1707x111) false QPointF(108,131)
[    40.16 ] D: findTrackIndexByPoint 1 QRect(0,111 1707x111) true QPointF(108,131)
[    40.16 ] D: tmp:tmp:tmp:tmp:tmp QPair(1,-1)
[    40.16 ] D: firstIndex 1 0 1 4
[    40.16 ] D: firstIndex2
[    40.16 ] D: firstIndex4 0 1
[    40.16 ] D: firstIndex3 0 1
[    40.16 ] D: firstIndex2 0 2
[    40.16 ] D: firstIndex3.3
[    40.16 ] D: firstIndex3
[    40.18 ] D: newTopPixel 131 145 14
[    40.18 ] D: findTrackIndexByPoint 0 QRect(0,0 1707x111) false QPointF(108,131)
[    40.18 ] D: findTrackIndexByPoint 1 QRect(0,111 1707x111) true QPointF(108,131)
[    40.18 ] D: tmp:tmp:tmp:tmp:tmp QPair(1,-1)
[    40.18 ] D: firstIndex 1 0 1 4
[    40.18 ] D: firstIndex2
[    40.18 ] D: firstIndex4 0 1
[    40.18 ] D: firstIndex3 0 1
[    40.18 ] D: firstIndex2 0 2
[    40.18 ] D: firstIndex3.3
[    40.18 ] D: firstIndex3
[    40.18 ] D: newTopPixel 131 145 14
[    40.18 ] D: findTrackIndexByPoint 0 QRect(0,0 1707x111) false QPointF(108,131)
[    40.18 ] D: findTrackIndexByPoint 1 QRect(0,111 1707x111) true QPointF(108,131)
[    40.18 ] D: tmp:tmp:tmp:tmp:tmp QPair(1,-1)
[    40.18 ] D: firstIndex 1 0 1 4
[    40.18 ] D: firstIndex2
[    40.18 ] D: firstIndex4 0 1
[    40.18 ] D: firstIndex3 0 1
[    40.18 ] D: firstIndex2 0 2
[    40.18 ] D: firstIndex3.3
[    40.18 ] D: firstIndex3
[    40.19 ] D: newTopPixel 131 145 14
[    40.19 ] D: findTrackIndexByPoint 0 QRect(0,0 1707x111) false QPointF(108,131)
[    40.19 ] D: findTrackIndexByPoint 1 QRect(0,111 1707x111) true QPointF(108,131)
[    40.19 ] D: tmp:tmp:tmp:tmp:tmp QPair(1,-1)
[    40.19 ] D: firstIndex 1 0 1 4
[    40.19 ] D: firstIndex2
[    40.19 ] D: firstIndex4 0 1
[    40.19 ] D: firstIndex3 0 1
[    40.19 ] D: firstIndex2 0 2
[    40.19 ] D: firstIndex3.3
[    40.19 ] D: firstIndex3
[    40.20 ] D: newTopPixel 131 145 14
[    40.20 ] D: findTrackIndexByPoint 0 QRect(0,0 1707x111) false QPointF(108,131)
[    40.20 ] D: findTrackIndexByPoint 1 QRect(0,111 1707x111) true QPointF(108,131)
[    40.20 ] D: tmp:tmp:tmp:tmp:tmp QPair(1,-1)
[    40.20 ] D: firstIndex 1 0 1 4
[    40.20 ] D: firstIndex2
[    40.20 ] D: firstIndex4 0 1
[    40.20 ] D: firstIndex3 0 1
[    40.20 ] D: firstIndex2 0 2
[    40.20 ] D: firstIndex3.3
[    40.20 ] D: firstIndex3
[    40.21 ] D: newTopPixel 131 145 14
[    40.21 ] D: findTrackIndexByPoint 0 QRect(0,0 1707x111) false QPointF(108,131)
[    40.21 ] D: findTrackIndexByPoint 1 QRect(0,111 1707x111) true QPointF(108,131)
[    40.21 ] D: tmp:tmp:tmp:tmp:tmp QPair(1,-1)
[    40.21 ] D: firstIndex 1 0 1 4
[    40.21 ] D: firstIndex2
[    40.21 ] D: firstIndex4 0 1
[    40.21 ] D: firstIndex3 0 1
[    40.21 ] D: firstIndex2 0 2
[    40.21 ] D: firstIndex3.3
[    40.21 ] D: firstIndex3
[    40.22 ] D: newTopPixel 131 145 14
[    40.22 ] D: findTrackIndexByPoint 0 QRect(0,0 1707x111) false QPointF(108,131)
[    40.22 ] D: findTrackIndexByPoint 1 QRect(0,111 1707x111) true QPointF(108,131)
[    40.22 ] D: tmp:tmp:tmp:tmp:tmp QPair(1,-1)
[    40.22 ] D: firstIndex 1 0 1 4
[    40.22 ] D: firstIndex2
[    40.22 ] D: firstIndex4 0 1
[    40.22 ] D: firstIndex3 0 1
[    40.22 ] D: firstIndex2 0 2
[    40.22 ] D: firstIndex3.3
[    40.22 ] D: firstIndex3
[    40.23 ] D: newTopPixel 131 145 14
[    40.23 ] D: findTrackIndexByPoint 0 QRect(0,0 1707x111) false QPointF(108,131)
[    40.23 ] D: findTrackIndexByPoint 1 QRect(0,111 1707x111) true QPointF(108,131)
[    40.23 ] D: tmp:tmp:tmp:tmp:tmp QPair(1,-1)
[    40.23 ] D: firstIndex 1 0 1 4
[    40.23 ] D: firstIndex2
[    40.23 ] D: firstIndex4 0 1
[    40.23 ] D: firstIndex3 0 1
[    40.23 ] D: firstIndex2 0 2
[    40.23 ] D: firstIndex3.3
[    40.23 ] D: firstIndex3
[    40.24 ] D: newTopPixel 131 145 14
[    40.24 ] D: findTrackIndexByPoint 0 QRect(0,0 1707x111) false QPointF(108,131)
[    40.24 ] D: findTrackIndexByPoint 1 QRect(0,111 1707x111) true QPointF(108,131)
[    40.24 ] D: tmp:tmp:tmp:tmp:tmp QPair(1,-1)
[    40.24 ] D: firstIndex 1 0 1 4
[    40.24 ] D: firstIndex2
[    40.24 ] D: firstIndex4 0 1
[    40.24 ] D: firstIndex3 0 1
[    40.24 ] D: firstIndex2 0 2
[    40.24 ] D: firstIndex3.3
[    40.24 ] D: firstIndex3
[    40.25 ] D: newTopPixel 131 145 14
[    40.25 ] D: findTrackIndexByPoint 0 QRect(0,0 1707x111) false QPointF(108,131)
[    40.25 ] D: findTrackIndexByPoint 1 QRect(0,111 1707x111) true QPointF(108,131)
[    40.25 ] D: tmp:tmp:tmp:tmp:tmp QPair(1,-1)
[    40.25 ] D: firstIndex 1 0 1 4
[    40.25 ] D: firstIndex2
[    40.25 ] D: firstIndex4 0 1
[    40.25 ] D: firstIndex3 0 1
[    40.25 ] D: firstIndex2 0 2
[    40.25 ] D: firstIndex3.3
[    40.25 ] D: firstIndex3
[    40.26 ] D: newTopPixel 131 145 14
[    40.26 ] D: findTrackIndexByPoint 0 QRect(0,0 1707x111) false QPointF(108,131)
[    40.26 ] D: findTrackIndexByPoint 1 QRect(0,111 1707x111) true QPointF(108,131)
[    40.26 ] D: tmp:tmp:tmp:tmp:tmp QPair(1,-1)
[    40.26 ] D: firstIndex 1 0 1 4
[    40.26 ] D: firstIndex2
[    40.26 ] D: firstIndex4 0 1
[    40.26 ] D: firstIndex3 0 1
[    40.26 ] D: firstIndex2 0 2
[    40.26 ] D: firstIndex3.3
[    40.26 ] D: firstIndex3
[    40.27 ] D: newTopPixel 131 145 14
[    40.27 ] D: findTrackIndexByPoint 0 QRect(0,0 1707x111) false QPointF(108,131)
[    40.27 ] D: findTrackIndexByPoint 1 QRect(0,111 1707x111) true QPointF(108,131)
[    40.27 ] D: tmp:tmp:tmp:tmp:tmp QPair(1,-1)
[    40.27 ] D: firstIndex 1 0 1 4
[    40.27 ] D: firstIndex2
[    40.27 ] D: firstIndex4 0 1
[    40.27 ] D: firstIndex3 0 1
[    40.27 ] D: firstIndex2 0 2
[    40.27 ] D: firstIndex3.3
[    40.27 ] D: firstIndex3
[    40.28 ] D: newTopPixel 131 145 14
[    40.28 ] D: findTrackIndexByPoint 0 QRect(0,0 1707x111) false QPointF(108,131)
[    40.28 ] D: findTrackIndexByPoint 1 QRect(0,111 1707x111) true QPointF(108,131)
[    40.28 ] D: tmp:tmp:tmp:tmp:tmp QPair(1,-1)
[    40.28 ] D: firstIndex 1 0 1 4
[    40.28 ] D: firstIndex2
[    40.28 ] D: firstIndex4 0 1
[    40.28 ] D: firstIndex3 0 1
[    40.28 ] D: firstIndex2 0 2
[    40.28 ] D: firstIndex3.3
[    40.28 ] D: firstIndex3
[    40.29 ] D: newTopPixel 131 145 14
[    40.29 ] D: findTrackIndexByPoint 0 QRect(0,0 1707x111) false QPointF(108,131)
[    40.29 ] D: findTrackIndexByPoint 1 QRect(0,111 1707x111) true QPointF(108,131)
[    40.29 ] D: tmp:tmp:tmp:tmp:tmp QPair(1,-1)
[    40.29 ] D: firstIndex 1 0 1 4
[    40.29 ] D: firstIndex2
[    40.29 ] D: firstIndex4 0 1
[    40.29 ] D: firstIndex3 0 1
[    40.29 ] D: firstIndex2 0 2
[    40.29 ] D: firstIndex3.3
[    40.29 ] D: firstIndex3
[    40.30 ] D: P1
[    40.30 ] D: P2
[    40.30 ] D: _movingAutomationPoint 0 4
[    40.30 ] D: deleteSelectedArea QRectF(30000,222 13000x111) QRect(0,0 1707x111)
[    40.30 ] D: REMOVED array 0 0
[    40.30 ] D: deleteSelectedArea QRectF(30000,222 13000x111) QRect(0,111 1707x111)
[    40.30 ] D: REMOVED array 1 0
[    40.30 ] D: deleteSelectedArea QRectF(30000,222 13000x111) QRect(0,222 1707x111)
[    40.30 ] D: findOverlayItems 1 2
[    40.30 ] D: "{3662ae52-c1fd-41c6-9257-8dd3aaa7ea26}" i.value()->sampleClip()->startTime()  30000 43000 43000 30000
[    40.30 ] D: findOverlayItems
[    40.30 ] D: deleteSelectedArea1 30000 43000
[    40.30 ] D: deleteSelectedArea3
[    40.32 ] D: REMOVED array 2 1
[    40.32 ] D: deleteSelectedArea QRectF(30000,222 13000x111) QRect(0,333 1707x111)
[    40.32 ] D: REMOVED array 3 0
[    40.32 ] D: sltPositionChanged 264600
[    40.32 ] D: frame_offset 2 0 217
[    40.32 ] D: frame_offset 2 1 217
[    40.32 ] D: frame_offset 2 2 217
[    40.33 ] D: frame_offset 2 3 217
[    40.33 ] D: frame_offset 2 4 217
[    40.34 ] D: sltPositionChanged 264600
[    40.34 ] D: findOverlayItems 1 1
[    40.34 ] D: "{3e7e5159-b470-46ba-9abc-f7dfd1e8aac8}" i.value()->sampleClip()->startTime()  6000 19000 19000 6000
[    40.34 ] D: findOverlayItems
[    40.34 ] D: frame_offset 2 0 217
[    40.34 ] D: frame_offset 2 1 217
[    40.34 ] D: frame_offset 2 2 217
[    40.34 ] D: frame_offset 2 3 217
[    40.35 ] D: frame_offset 2 4 217
[    46.86 ] D: findTrackIndexByPoint 0 QRect(0,0 1707x111) false QPointF(211,127)
[    46.86 ] D: findTrackIndexByPoint 1 QRect(0,111 1707x111) true QPointF(211,127)
[    46.86 ] D: _startSelectedClipIndex123 "{3e7e5159-b470-46ba-9abc-f7dfd1e8aac8}"
[    46.86 ] D: copySelectedArea1; QRectF(6000,111 13000x111) QRect(0,0 1707x111)
[    46.86 ] D: copySelectedArea1; QRectF(6000,111 13000x111) QRect(0,111 1707x111)
[    46.86 ] D: copySelectedArea3
[    46.86 ] D: copySelectedArea1; QRectF(6000,111 13000x111) QRect(0,222 1707x111)
[    46.86 ] D: copySelectedArea1; QRectF(6000,111 13000x111) QRect(0,333 1707x111)
[    46.86 ] D: RETURN 1 1 -1 1 0 -1
[    46.86 ] D: RETURN
[    46.87 ] D: IOIO1 0 0
[    46.87 ] D: Ok
[    46.87 ] D: OK
[    46.87 ] D: OK
[    46.87 ] D: IOIO1 0 0
[    46.87 ] D: RETURN 1 1 -1 1 2 -1
[    46.87 ] D: RETURN
[    46.87 ] D: IOIO1 0 0
[    46.87 ] D: RETURN 1 1 -1 1 3 -1
[    46.87 ] D: RETURN
[    46.87 ] D: IOIO1 0 0
[    46.87 ] D: _movingAutomationPoint 0
[    46.88 ] D: _automationChanging false
[    46.88 ] D: mouseMove2
[    46.89 ] D: newTopPixel 111 127 16
[    46.89 ] D: findTrackIndexByPoint 0 QRect(0,0 1707x111) false QPointF(108,111)
[    46.89 ] D: findTrackIndexByPoint 1 QRect(0,111 1707x111) true QPointF(108,111)
[    46.89 ] D: tmp:tmp:tmp:tmp:tmp QPair(1,-1)
[    46.89 ] D: firstIndex 1 0 1 4
[    46.89 ] D: firstIndex2
[    46.89 ] D: firstIndex4 0 1
[    46.89 ] D: firstIndex3 0 1
[    46.90 ] D: firstIndex2 0 2
[    46.90 ] D: firstIndex3.3
[    46.90 ] D: firstIndex3
[    46.90 ] D: _automationChanging false
[    46.90 ] D: mouseMove2
[    46.90 ] D: newTopPixel 111 127 16
[    46.90 ] D: findTrackIndexByPoint 0 QRect(0,0 1707x111) false QPointF(108,111)
[    46.90 ] D: findTrackIndexByPoint 1 QRect(0,111 1707x111) true QPointF(108,111)
[    46.90 ] D: tmp:tmp:tmp:tmp:tmp QPair(1,-1)
[    46.90 ] D: firstIndex 1 0 1 4
[    46.90 ] D: firstIndex2
[    46.90 ] D: firstIndex4 0 1
[    46.90 ] D: firstIndex3 0 1
[    46.90 ] D: firstIndex2 0 2
[    46.90 ] D: firstIndex3.3
[    46.90 ] D: firstIndex3
[    46.91 ] D: newTopPixel 111 127 16
[    46.91 ] D: findTrackIndexByPoint 0 QRect(0,0 1707x111) false QPointF(108,111)
[    46.91 ] D: findTrackIndexByPoint 1 QRect(0,111 1707x111) true QPointF(108,111)
[    46.91 ] D: tmp:tmp:tmp:tmp:tmp QPair(1,-1)
[    46.91 ] D: firstIndex 1 0 1 4
[    46.91 ] D: firstIndex2
[    46.91 ] D: firstIndex4 0 1
[    46.91 ] D: firstIndex3 0 1
[    46.91 ] D: firstIndex2 0 2
[    46.91 ] D: firstIndex3.3
[    46.91 ] D: firstIndex3
[    46.93 ] D: newTopPixel 111 127 16
[    46.93 ] D: findTrackIndexByPoint 0 QRect(0,0 1707x111) false QPointF(108,111)
[    46.93 ] D: findTrackIndexByPoint 1 QRect(0,111 1707x111) true QPointF(108,111)
[    46.93 ] D: tmp:tmp:tmp:tmp:tmp QPair(1,-1)
[    46.93 ] D: firstIndex 1 0 1 4
[    46.93 ] D: firstIndex2
[    46.93 ] D: firstIndex4 0 1
[    46.93 ] D: firstIndex3 0 1
[    46.93 ] D: firstIndex2 0 2
[    46.93 ] D: firstIndex3.3
[    46.93 ] D: firstIndex3
[    46.93 ] D: _automationChanging false
[    46.93 ] D: mouseMove2
[    46.93 ] D: newTopPixel 112 128 16
[    46.93 ] D: findTrackIndexByPoint 0 QRect(0,0 1707x111) false QPointF(108,112)
[    46.93 ] D: findTrackIndexByPoint 1 QRect(0,111 1707x111) true QPointF(108,112)
[    46.93 ] D: tmp:tmp:tmp:tmp:tmp QPair(1,-1)
[    46.93 ] D: firstIndex 1 0 1 4
[    46.93 ] D: firstIndex2
[    46.93 ] D: firstIndex4 0 1
[    46.93 ] D: firstIndex3 0 1
[    46.93 ] D: firstIndex2 0 2
[    46.93 ] D: firstIndex3.3
[    46.93 ] D: firstIndex3
[    46.93 ] D: _automationChanging false
[    46.93 ] D: mouseMove2
[    46.93 ] D: _automationChanging false
[    46.93 ] D: mouseMove2
[    46.94 ] D: newTopPixel 113 129 16
[    46.94 ] D: findTrackIndexByPoint 0 QRect(0,0 1707x111) false QPointF(108,113)
[    46.94 ] D: findTrackIndexByPoint 1 QRect(0,111 1707x111) true QPointF(108,113)
[    46.94 ] D: tmp:tmp:tmp:tmp:tmp QPair(1,-1)
[    46.94 ] D: firstIndex 1 0 1 4
[    46.94 ] D: firstIndex2
[    46.94 ] D: firstIndex4 0 1
[    46.94 ] D: firstIndex3 0 1
[    46.94 ] D: firstIndex2 0 2
[    46.94 ] D: firstIndex3.3
[    46.94 ] D: firstIndex3
[    46.94 ] D: _automationChanging false
[    46.94 ] D: mouseMove2
[    46.94 ] D: _automationChanging false
[    46.94 ] D: mouseMove2
[    46.95 ] D: _automationChanging false
[    46.95 ] D: mouseMove2
[    46.95 ] D: newTopPixel 115 131 16
[    46.95 ] D: findTrackIndexByPoint 0 QRect(0,0 1707x111) false QPointF(108,115)
[    46.95 ] D: findTrackIndexByPoint 1 QRect(0,111 1707x111) true QPointF(108,115)
[    46.95 ] D: tmp:tmp:tmp:tmp:tmp QPair(1,-1)
[    46.95 ] D: firstIndex 1 0 1 4
[    46.95 ] D: firstIndex2
[    46.95 ] D: firstIndex4 0 1
[    46.95 ] D: firstIndex3 0 1
[    46.95 ] D: firstIndex2 0 2
[    46.95 ] D: firstIndex3.3
[    46.95 ] D: firstIndex3
[    46.96 ] D: _automationChanging false
[    46.96 ] D: mouseMove2
[    46.96 ] D: newTopPixel 115 131 16
[    46.96 ] D: findTrackIndexByPoint 0 QRect(0,0 1707x111) false QPointF(108,115)
[    46.96 ] D: findTrackIndexByPoint 1 QRect(0,111 1707x111) true QPointF(108,115)
[    46.96 ] D: tmp:tmp:tmp:tmp:tmp QPair(1,-1)
[    46.96 ] D: firstIndex 1 0 1 4
[    46.96 ] D: firstIndex2
[    46.96 ] D: firstIndex4 0 1
[    46.96 ] D: firstIndex3 0 1
[    46.96 ] D: firstIndex2 0 2
[    46.96 ] D: firstIndex3.3
[    46.96 ] D: firstIndex3
[    46.96 ] D: _automationChanging false
[    46.96 ] D: mouseMove2
[    46.96 ] D: _automationChanging false
[    46.96 ] D: mouseMove2
[    46.96 ] D: _automationChanging false
[    46.96 ] D: mouseMove2
[    46.97 ] D: _automationChanging false
[    46.97 ] D: mouseMove2
[    46.98 ] D: newTopPixel 120 136 16
[    46.98 ] D: findTrackIndexByPoint 0 QRect(0,0 1707x111) false QPointF(108,120)
[    46.98 ] D: findTrackIndexByPoint 1 QRect(0,111 1707x111) true QPointF(108,120)
[    46.98 ] D: tmp:tmp:tmp:tmp:tmp QPair(1,-1)
[    46.98 ] D: firstIndex 1 0 1 4
[    46.98 ] D: firstIndex2
[    46.98 ] D: firstIndex4 0 1
[    46.98 ] D: firstIndex3 0 1
[    46.98 ] D: firstIndex2 0 2
[    46.98 ] D: firstIndex3.3
[    46.98 ] D: firstIndex3
[    46.98 ] D: _automationChanging false
[    46.98 ] D: mouseMove2
[    46.98 ] D: _automationChanging false
[    46.98 ] D: mouseMove2
[    46.98 ] D: newTopPixel 124 140 16
[    46.98 ] D: findTrackIndexByPoint 0 QRect(0,0 1707x111) false QPointF(126,124)
[    46.98 ] D: findTrackIndexByPoint 1 QRect(0,111 1707x111) true QPointF(126,124)
[    46.98 ] D: tmp:tmp:tmp:tmp:tmp QPair(1,-1)
[    46.98 ] D: firstIndex 1 0 1 4
[    46.98 ] D: firstIndex2
[    46.98 ] D: firstIndex4 0 1
[    46.98 ] D: firstIndex3 0 1
[    46.98 ] D: firstIndex2 0 2
[    46.98 ] D: firstIndex3.3
[    46.98 ] D: firstIndex3
[    46.98 ] D: _automationChanging false
[    46.98 ] D: mouseMove2
[    46.98 ] D: _automationChanging false
[    46.98 ] D: mouseMove2
[    46.99 ] D: newTopPixel 126 142 16
[    46.99 ] D: findTrackIndexByPoint 0 QRect(0,0 1707x111) false QPointF(126,126)
[    46.99 ] D: findTrackIndexByPoint 1 QRect(0,111 1707x111) true QPointF(126,126)
[    46.99 ] D: tmp:tmp:tmp:tmp:tmp QPair(1,-1)
[    46.99 ] D: firstIndex 1 0 1 4
[    46.99 ] D: firstIndex2
[    46.99 ] D: firstIndex4 0 1
[    46.99 ] D: firstIndex3 0 1
[    46.99 ] D: firstIndex2 0 2
[    46.99 ] D: firstIndex3.3
[    46.99 ] D: firstIndex3
[    46.99 ] D: _automationChanging false
[    46.99 ] D: mouseMove2
[    46.99 ] D: _automationChanging false
[    46.99 ] D: mouseMove2
[    47.00 ] D: _automationChanging false
[    47.00 ] D: mouseMove2
[    47.00 ] D: newTopPixel 133 149 16
[    47.00 ] D: findTrackIndexByPoint 0 QRect(0,0 1707x111) false QPointF(144,133)
[    47.00 ] D: findTrackIndexByPoint 1 QRect(0,111 1707x111) true QPointF(144,133)
[    47.00 ] D: tmp:tmp:tmp:tmp:tmp QPair(1,-1)
[    47.00 ] D: firstIndex 1 0 1 4
[    47.00 ] D: firstIndex2
[    47.00 ] D: firstIndex4 0 1
[    47.00 ] D: firstIndex3 0 1
[    47.00 ] D: firstIndex2 0 2
[    47.00 ] D: firstIndex3.3
[    47.00 ] D: firstIndex3
[    47.00 ] D: _automationChanging false
[    47.00 ] D: mouseMove2
[    47.01 ] D: newTopPixel 134 150 16
[    47.01 ] D: findTrackIndexByPoint 0 QRect(0,0 1707x111) false QPointF(162,134)
[    47.01 ] D: findTrackIndexByPoint 1 QRect(0,111 1707x111) true QPointF(162,134)
[    47.01 ] D: tmp:tmp:tmp:tmp:tmp QPair(1,-1)
[    47.01 ] D: firstIndex 1 0 1 4
[    47.01 ] D: firstIndex2
[    47.01 ] D: firstIndex4 0 1
[    47.01 ] D: firstIndex3 0 1
[    47.01 ] D: firstIndex2 0 2
[    47.01 ] D: firstIndex3.3
[    47.01 ] D: firstIndex3
[    47.01 ] D: _automationChanging false
[    47.01 ] D: mouseMove2
[    47.01 ] D: _automationChanging false
[    47.01 ] D: mouseMove2
[    47.01 ] D: _automationChanging false
[    47.01 ] D: mouseMove2
[    47.01 ] D: _automationChanging false
[    47.01 ] D: mouseMove2
[    47.03 ] D: newTopPixel 142 158 16
[    47.03 ] D: findTrackIndexByPoint 0 QRect(0,0 1707x111) false QPointF(180,142)
[    47.03 ] D: findTrackIndexByPoint 1 QRect(0,111 1707x111) true QPointF(180,142)
[    47.03 ] D: tmp:tmp:tmp:tmp:tmp QPair(1,-1)
[    47.03 ] D: firstIndex 1 0 1 4
[    47.03 ] D: firstIndex2
[    47.03 ] D: firstIndex4 0 1
[    47.03 ] D: firstIndex3 0 1
[    47.03 ] D: firstIndex2 0 2
[    47.03 ] D: firstIndex3.3
[    47.03 ] D: firstIndex3
[    47.03 ] D: _automationChanging false
[    47.03 ] D: mouseMove2
[    47.03 ] D: newTopPixel 147 163 16
[    47.03 ] D: findTrackIndexByPoint 0 QRect(0,0 1707x111) false QPointF(198,147)
[    47.03 ] D: findTrackIndexByPoint 1 QRect(0,111 1707x111) true QPointF(198,147)
[    47.03 ] D: tmp:tmp:tmp:tmp:tmp QPair(1,-1)
[    47.03 ] D: firstIndex 1 0 1 4
[    47.03 ] D: firstIndex2
[    47.03 ] D: firstIndex4 0 1
[    47.03 ] D: firstIndex3 0 1
[    47.03 ] D: firstIndex2 0 2
[    47.03 ] D: firstIndex3.3
[    47.03 ] D: firstIndex3
[    47.03 ] D: _automationChanging false
[    47.03 ] D: mouseMove2
[    47.03 ] D: _automationChanging false
[    47.03 ] D: mouseMove2
[    47.03 ] D: _automationChanging false
[    47.03 ] D: mouseMove2
[    47.03 ] D: _automationChanging false
[    47.03 ] D: mouseMove2
[    47.04 ] D: newTopPixel 153 169 16
[    47.04 ] D: findTrackIndexByPoint 0 QRect(0,0 1707x111) false QPointF(216,153)
[    47.04 ] D: findTrackIndexByPoint 1 QRect(0,111 1707x111) true QPointF(216,153)
[    47.04 ] D: tmp:tmp:tmp:tmp:tmp QPair(1,-1)
[    47.04 ] D: firstIndex 1 0 1 4
[    47.04 ] D: firstIndex2
[    47.04 ] D: firstIndex4 0 1
[    47.04 ] D: firstIndex3 0 1
[    47.04 ] D: firstIndex2 0 2
[    47.04 ] D: firstIndex3.3
[    47.04 ] D: firstIndex3
[    47.04 ] D: _automationChanging false
[    47.04 ] D: mouseMove2
[    47.04 ] D: _automationChanging false
[    47.04 ] D: mouseMove2
[    47.05 ] D: _automationChanging false
[    47.05 ] D: mouseMove2
[    47.05 ] D: newTopPixel 165 181 16
[    47.05 ] D: findTrackIndexByPoint 0 QRect(0,0 1707x111) false QPointF(252,165)
[    47.05 ] D: findTrackIndexByPoint 1 QRect(0,111 1707x111) true QPointF(252,165)
[    47.05 ] D: tmp:tmp:tmp:tmp:tmp QPair(1,-1)
[    47.05 ] D: firstIndex 1 0 1 4
[    47.05 ] D: firstIndex2
[    47.05 ] D: firstIndex4 0 1
[    47.05 ] D: firstIndex3 0 1
[    47.05 ] D: firstIndex2 0 2
[    47.05 ] D: firstIndex3.3
[    47.05 ] D: firstIndex3
[    47.05 ] D: _automationChanging false
[    47.05 ] D: mouseMove2
[    47.06 ] D: newTopPixel 166 182 16
[    47.06 ] D: findTrackIndexByPoint 0 QRect(0,0 1707x111) false QPointF(252,166)
[    47.06 ] D: findTrackIndexByPoint 1 QRect(0,111 1707x111) true QPointF(252,166)
[    47.06 ] D: tmp:tmp:tmp:tmp:tmp QPair(1,-1)
[    47.06 ] D: firstIndex 1 0 1 4
[    47.06 ] D: firstIndex2
[    47.06 ] D: firstIndex4 0 1
[    47.06 ] D: firstIndex3 0 1
[    47.06 ] D: firstIndex2 0 2
[    47.06 ] D: firstIndex3.3
[    47.06 ] D: firstIndex3
[    47.06 ] D: _automationChanging false
[    47.06 ] D: mouseMove2
[    47.06 ] D: _automationChanging false
[    47.06 ] D: mouseMove2
[    47.06 ] D: _automationChanging false
[    47.06 ] D: mouseMove2
[    47.06 ] D: _automationChanging false
[    47.06 ] D: mouseMove2
[    47.08 ] D: newTopPixel 181 197 16
[    47.08 ] D: findTrackIndexByPoint 0 QRect(0,0 1707x111) false QPointF(306,181)
[    47.08 ] D: findTrackIndexByPoint 1 QRect(0,111 1707x111) true QPointF(306,181)
[    47.08 ] D: tmp:tmp:tmp:tmp:tmp QPair(1,-1)
[    47.08 ] D: firstIndex 1 0 1 4
[    47.08 ] D: firstIndex2
[    47.08 ] D: firstIndex4 0 1
[    47.08 ] D: firstIndex3 0 1
[    47.08 ] D: firstIndex2 0 2
[    47.08 ] D: firstIndex3.3
[    47.08 ] D: firstIndex3
[    47.08 ] D: _automationChanging false
[    47.08 ] D: mouseMove2
[    47.08 ] D: newTopPixel 190 206 16
[    47.08 ] D: findTrackIndexByPoint 0 QRect(0,0 1707x111) false QPointF(324,190)
[    47.08 ] D: findTrackIndexByPoint 1 QRect(0,111 1707x111) true QPointF(324,190)
[    47.08 ] D: tmp:tmp:tmp:tmp:tmp QPair(1,-1)
[    47.08 ] D: firstIndex 1 0 1 4
[    47.08 ] D: firstIndex2
[    47.08 ] D: firstIndex4 0 1
[    47.08 ] D: firstIndex3 0 1
[    47.08 ] D: firstIndex2 0 2
[    47.08 ] D: firstIndex3.3
[    47.08 ] D: firstIndex3
[    47.08 ] D: _automationChanging false
[    47.08 ] D: mouseMove2
[    47.08 ] D: _automationChanging false
[    47.08 ] D: mouseMove2
[    47.08 ] D: _automationChanging false
[    47.08 ] D: mouseMove2
[    47.08 ] D: _automationChanging false
[    47.08 ] D: mouseMove2
[    47.09 ] D: newTopPixel 198 214 16
[    47.09 ] D: findTrackIndexByPoint 0 QRect(0,0 1707x111) false QPointF(342,198)
[    47.09 ] D: findTrackIndexByPoint 1 QRect(0,111 1707x111) true QPointF(342,198)
[    47.09 ] D: tmp:tmp:tmp:tmp:tmp QPair(1,-1)
[    47.09 ] D: firstIndex 1 0 1 4
[    47.09 ] D: firstIndex2
[    47.09 ] D: firstIndex4 0 1
[    47.09 ] D: firstIndex3 0 1
[    47.09 ] D: firstIndex2 0 2
[    47.09 ] D: firstIndex3.3
[    47.09 ] D: firstIndex3
[    47.09 ] D: _automationChanging false
[    47.10 ] D: mouseMove2
[    47.10 ] D: _automationChanging false
[    47.10 ] D: mouseMove2
[    47.10 ] D: _automationChanging false
[    47.10 ] D: mouseMove2
[    47.10 ] D: newTopPixel 209 225 16
[    47.10 ] D: findTrackIndexByPoint 0 QRect(0,0 1707x111) false QPointF(378,209)
[    47.10 ] D: findTrackIndexByPoint 1 QRect(0,111 1707x111) true QPointF(378,209)
[    47.10 ] D: tmp:tmp:tmp:tmp:tmp QPair(1,-1)
[    47.10 ] D: firstIndex 1 0 1 4
[    47.10 ] D: firstIndex2
[    47.10 ] D: firstIndex4 0 1
[    47.10 ] D: firstIndex3 0 1
[    47.10 ] D: firstIndex2 0 2
[    47.10 ] D: firstIndex3.3
[    47.10 ] D: firstIndex3
[    47.11 ] D: _automationChanging false
[    47.11 ] D: mouseMove2
[    47.11 ] D: newTopPixel 211 227 16
[    47.11 ] D: findTrackIndexByPoint 0 QRect(0,0 1707x111) false QPointF(378,211)
[    47.11 ] D: findTrackIndexByPoint 1 QRect(0,111 1707x111) true QPointF(378,211)
[    47.11 ] D: tmp:tmp:tmp:tmp:tmp QPair(1,-1)
[    47.11 ] D: firstIndex 1 0 1 4
[    47.11 ] D: firstIndex2
[    47.11 ] D: firstIndex4 0 1
[    47.11 ] D: firstIndex3 0 1
[    47.11 ] D: firstIndex2 0 2
[    47.11 ] D: firstIndex3.3
[    47.11 ] D: firstIndex3
[    47.11 ] D: _automationChanging false
[    47.11 ] D: mouseMove2
[    47.11 ] D: _automationChanging false
[    47.11 ] D: mouseMove2
[    47.11 ] D: _automationChanging false
[    47.11 ] D: mouseMove2
[    47.12 ] D: _automationChanging false
[    47.12 ] D: mouseMove2
[    47.13 ] D: newTopPixel 223 239 16
[    47.13 ] D: findTrackIndexByPoint 0 QRect(0,0 1707x111) false QPointF(414,223)
[    47.13 ] D: findTrackIndexByPoint 1 QRect(0,111 1707x111) false QPointF(414,223)
[    47.13 ] D: findTrackIndexByPoint 2 QRect(0,222 1707x111) true QPointF(414,223)
[    47.13 ] D: tmp:tmp:tmp:tmp:tmp QPair(2,-1)
[    47.13 ] D: firstIndex 2 0 1 4
[    47.13 ] D: firstIndex2
[    47.13 ] D: firstIndex4 0 1
[    47.13 ] D: firstIndex3 0 1
[    47.13 ] D: firstIndex2 0 2
[    47.13 ] D: firstIndex3.3
[    47.13 ] D: firstIndex3
[    47.13 ] D: _automationChanging false
[    47.13 ] D: mouseMove2
[    47.13 ] D: newTopPixel 230 246 16
[    47.13 ] D: findTrackIndexByPoint 0 QRect(0,0 1707x111) false QPointF(432,230)
[    47.13 ] D: findTrackIndexByPoint 1 QRect(0,111 1707x111) false QPointF(432,230)
[    47.13 ] D: findTrackIndexByPoint 2 QRect(0,222 1707x111) true QPointF(432,230)
[    47.13 ] D: tmp:tmp:tmp:tmp:tmp QPair(2,-1)
[    47.13 ] D: firstIndex 2 0 1 4
[    47.13 ] D: firstIndex2
[    47.13 ] D: firstIndex4 0 1
[    47.13 ] D: firstIndex3 0 1
[    47.13 ] D: firstIndex2 0 2
[    47.13 ] D: firstIndex3.3
[    47.13 ] D: firstIndex3
[    47.13 ] D: _automationChanging false
[    47.13 ] D: mouseMove2
[    47.13 ] D: _automationChanging false
[    47.13 ] D: mouseMove2
[    47.13 ] D: _automationChanging false
[    47.13 ] D: mouseMove2
[    47.14 ] D: newTopPixel 233 249 16
[    47.14 ] D: findTrackIndexByPoint 0 QRect(0,0 1707x111) false QPointF(450,233)
[    47.14 ] D: findTrackIndexByPoint 1 QRect(0,111 1707x111) false QPointF(450,233)
[    47.14 ] D: findTrackIndexByPoint 2 QRect(0,222 1707x111) true QPointF(450,233)
[    47.14 ] D: tmp:tmp:tmp:tmp:tmp QPair(2,-1)
[    47.14 ] D: firstIndex 2 0 1 4
[    47.14 ] D: firstIndex2
[    47.14 ] D: firstIndex4 0 1
[    47.14 ] D: firstIndex3 0 1
[    47.14 ] D: firstIndex2 0 2
[    47.14 ] D: firstIndex3.3
[    47.14 ] D: firstIndex3
[    47.15 ] D: _automationChanging false
[    47.15 ] D: mouseMove2
[    47.15 ] D: _automationChanging false
[    47.15 ] D: mouseMove2
[    47.15 ] D: _automationChanging false
[    47.15 ] D: mouseMove2
[    47.15 ] D: newTopPixel 239 255 16
[    47.15 ] D: findTrackIndexByPoint 0 QRect(0,0 1707x111) false QPointF(468,239)
[    47.15 ] D: findTrackIndexByPoint 1 QRect(0,111 1707x111) false QPointF(468,239)
[    47.15 ] D: findTrackIndexByPoint 2 QRect(0,222 1707x111) true QPointF(468,239)
[    47.15 ] D: tmp:tmp:tmp:tmp:tmp QPair(2,-1)
[    47.15 ] D: firstIndex 2 0 1 4
[    47.15 ] D: firstIndex2
[    47.15 ] D: firstIndex4 0 1
[    47.15 ] D: firstIndex3 0 1
[    47.15 ] D: firstIndex2 0 2
[    47.15 ] D: firstIndex3.3
[    47.15 ] D: firstIndex3
[    47.16 ] D: _automationChanging false
[    47.16 ] D: mouseMove2
[    47.16 ] D: newTopPixel 240 256 16
[    47.16 ] D: findTrackIndexByPoint 0 QRect(0,0 1707x111) false QPointF(468,240)
[    47.16 ] D: findTrackIndexByPoint 1 QRect(0,111 1707x111) false QPointF(468,240)
[    47.16 ] D: findTrackIndexByPoint 2 QRect(0,222 1707x111) true QPointF(468,240)
[    47.16 ] D: tmp:tmp:tmp:tmp:tmp QPair(2,-1)
[    47.16 ] D: firstIndex 2 0 1 4
[    47.16 ] D: firstIndex2
[    47.16 ] D: firstIndex4 0 1
[    47.16 ] D: firstIndex3 0 1
[    47.16 ] D: firstIndex2 0 2
[    47.16 ] D: firstIndex3.3
[    47.16 ] D: firstIndex3
[    47.16 ] D: _automationChanging false
[    47.16 ] D: mouseMove2
[    47.16 ] D: _automationChanging false
[    47.16 ] D: mouseMove2
[    47.16 ] D: _automationChanging false
[    47.16 ] D: mouseMove2
[    47.17 ] D: _automationChanging false
[    47.17 ] D: mouseMove2
[    47.18 ] D: newTopPixel 244 260 16
[    47.18 ] D: findTrackIndexByPoint 0 QRect(0,0 1707x111) false QPointF(504,244)
[    47.18 ] D: findTrackIndexByPoint 1 QRect(0,111 1707x111) false QPointF(504,244)
[    47.18 ] D: findTrackIndexByPoint 2 QRect(0,222 1707x111) true QPointF(504,244)
[    47.18 ] D: tmp:tmp:tmp:tmp:tmp QPair(2,-1)
[    47.18 ] D: firstIndex 2 0 1 4
[    47.18 ] D: firstIndex2
[    47.18 ] D: firstIndex4 0 1
[    47.18 ] D: firstIndex3 0 1
[    47.18 ] D: firstIndex2 0 2
[    47.18 ] D: firstIndex3.3
[    47.18 ] D: firstIndex3
[    47.18 ] D: _automationChanging false
[    47.18 ] D: mouseMove2
[    47.18 ] D: newTopPixel 247 263 16
[    47.18 ] D: findTrackIndexByPoint 0 QRect(0,0 1707x111) false QPointF(504,247)
[    47.18 ] D: findTrackIndexByPoint 1 QRect(0,111 1707x111) false QPointF(504,247)
[    47.18 ] D: findTrackIndexByPoint 2 QRect(0,222 1707x111) true QPointF(504,247)
[    47.18 ] D: tmp:tmp:tmp:tmp:tmp QPair(2,-1)
[    47.18 ] D: firstIndex 2 0 1 4
[    47.18 ] D: firstIndex2
[    47.18 ] D: firstIndex4 0 1
[    47.18 ] D: firstIndex3 0 1
[    47.18 ] D: firstIndex2 0 2
[    47.18 ] D: firstIndex3.3
[    47.18 ] D: firstIndex3
[    47.18 ] D: _automationChanging false
[    47.18 ] D: mouseMove2
[    47.18 ] D: _automationChanging false
[    47.18 ] D: mouseMove2
[    47.18 ] D: _automationChanging false
[    47.18 ] D: mouseMove2
[    47.18 ] D: _automationChanging false
[    47.18 ] D: mouseMove2
[    47.19 ] D: newTopPixel 249 265 16
[    47.19 ] D: findTrackIndexByPoint 0 QRect(0,0 1707x111) false QPointF(522,249)
[    47.19 ] D: findTrackIndexByPoint 1 QRect(0,111 1707x111) false QPointF(522,249)
[    47.19 ] D: findTrackIndexByPoint 2 QRect(0,222 1707x111) true QPointF(522,249)
[    47.19 ] D: tmp:tmp:tmp:tmp:tmp QPair(2,-1)
[    47.19 ] D: firstIndex 2 0 1 4
[    47.19 ] D: firstIndex2
[    47.19 ] D: firstIndex4 0 1
[    47.19 ] D: firstIndex3 0 1
[    47.19 ] D: firstIndex2 0 2
[    47.19 ] D: firstIndex3.3
[    47.19 ] D: firstIndex3
[    47.19 ] D: _automationChanging false
[    47.19 ] D: mouseMove2
[    47.19 ] D: _automationChanging false
[    47.19 ] D: mouseMove2
[    47.20 ] D: _automationChanging false
[    47.20 ] D: mouseMove2
[    47.20 ] D: newTopPixel 251 267 16
[    47.20 ] D: findTrackIndexByPoint 0 QRect(0,0 1707x111) false QPointF(540,251)
[    47.20 ] D: findTrackIndexByPoint 1 QRect(0,111 1707x111) false QPointF(540,251)
[    47.20 ] D: findTrackIndexByPoint 2 QRect(0,222 1707x111) true QPointF(540,251)
[    47.20 ] D: tmp:tmp:tmp:tmp:tmp QPair(2,-1)
[    47.20 ] D: firstIndex 2 0 1 4
[    47.20 ] D: firstIndex2
[    47.20 ] D: firstIndex4 0 1
[    47.20 ] D: firstIndex3 0 1
[    47.20 ] D: firstIndex2 0 2
[    47.20 ] D: firstIndex3.3
[    47.20 ] D: firstIndex3
[    47.21 ] D: newTopPixel 251 267 16
[    47.21 ] D: findTrackIndexByPoint 0 QRect(0,0 1707x111) false QPointF(540,251)
[    47.21 ] D: findTrackIndexByPoint 1 QRect(0,111 1707x111) false QPointF(540,251)
[    47.21 ] D: findTrackIndexByPoint 2 QRect(0,222 1707x111) true QPointF(540,251)
[    47.21 ] D: tmp:tmp:tmp:tmp:tmp QPair(2,-1)
[    47.21 ] D: firstIndex 2 0 1 4
[    47.21 ] D: firstIndex2
[    47.21 ] D: firstIndex4 0 1
[    47.21 ] D: firstIndex3 0 1
[    47.21 ] D: firstIndex2 0 2
[    47.21 ] D: firstIndex3.3
[    47.21 ] D: firstIndex3
[    47.21 ] D: _automationChanging false
[    47.21 ] D: mouseMove2
[    47.21 ] D: _automationChanging false
[    47.21 ] D: mouseMove2
[    47.21 ] D: _automationChanging false
[    47.21 ] D: mouseMove2
[    47.22 ] D: _automationChanging false
[    47.22 ] D: mouseMove2
[    47.23 ] D: newTopPixel 255 271 16
[    47.23 ] D: findTrackIndexByPoint 0 QRect(0,0 1707x111) false QPointF(576,255)
[    47.23 ] D: findTrackIndexByPoint 1 QRect(0,111 1707x111) false QPointF(576,255)
[    47.23 ] D: findTrackIndexByPoint 2 QRect(0,222 1707x111) true QPointF(576,255)
[    47.23 ] D: tmp:tmp:tmp:tmp:tmp QPair(2,-1)
[    47.23 ] D: firstIndex 2 0 1 4
[    47.23 ] D: firstIndex2
[    47.23 ] D: firstIndex4 0 1
[    47.23 ] D: firstIndex3 0 1
[    47.23 ] D: firstIndex2 0 2
[    47.23 ] D: firstIndex3.3
[    47.23 ] D: firstIndex3
[    47.23 ] D: _automationChanging false
[    47.23 ] D: mouseMove2
[    47.23 ] D: _automationChanging false
[    47.23 ] D: mouseMove2
[    47.23 ] D: newTopPixel 257 273 16
[    47.23 ] D: findTrackIndexByPoint 0 QRect(0,0 1707x111) false QPointF(576,257)
[    47.23 ] D: findTrackIndexByPoint 1 QRect(0,111 1707x111) false QPointF(576,257)
[    47.23 ] D: findTrackIndexByPoint 2 QRect(0,222 1707x111) true QPointF(576,257)
[    47.23 ] D: tmp:tmp:tmp:tmp:tmp QPair(2,-1)
[    47.23 ] D: firstIndex 2 0 1 4
[    47.23 ] D: firstIndex2
[    47.23 ] D: firstIndex4 0 1
[    47.23 ] D: firstIndex3 0 1
[    47.23 ] D: firstIndex2 0 2
[    47.23 ] D: firstIndex3.3
[    47.23 ] D: firstIndex3
[    47.23 ] D: _automationChanging false
[    47.23 ] D: mouseMove2
[    47.23 ] D: _automationChanging false
[    47.23 ] D: mouseMove2
[    47.24 ] D: newTopPixel 258 274 16
[    47.24 ] D: findTrackIndexByPoint 0 QRect(0,0 1707x111) false QPointF(594,258)
[    47.24 ] D: findTrackIndexByPoint 1 QRect(0,111 1707x111) false QPointF(594,258)
[    47.24 ] D: findTrackIndexByPoint 2 QRect(0,222 1707x111) true QPointF(594,258)
[    47.24 ] D: tmp:tmp:tmp:tmp:tmp QPair(2,-1)
[    47.24 ] D: firstIndex 2 0 1 4
[    47.24 ] D: firstIndex2
[    47.24 ] D: firstIndex4 0 1
[    47.24 ] D: firstIndex3 0 1
[    47.24 ] D: firstIndex2 0 2
[    47.24 ] D: firstIndex3.3
[    47.24 ] D: firstIndex3
[    47.24 ] D: _automationChanging false
[    47.24 ] D: mouseMove2
[    47.24 ] D: _automationChanging false
[    47.24 ] D: mouseMove2
[    47.25 ] D: _automationChanging false
[    47.25 ] D: mouseMove2
[    47.25 ] D: newTopPixel 261 277 16
[    47.25 ] D: findTrackIndexByPoint 0 QRect(0,0 1707x111) false QPointF(612,261)
[    47.25 ] D: findTrackIndexByPoint 1 QRect(0,111 1707x111) false QPointF(612,261)
[    47.25 ] D: findTrackIndexByPoint 2 QRect(0,222 1707x111) true QPointF(612,261)
[    47.25 ] D: tmp:tmp:tmp:tmp:tmp QPair(2,-1)
[    47.25 ] D: firstIndex 2 0 1 4
[    47.25 ] D: firstIndex2
[    47.25 ] D: firstIndex4 0 1
[    47.25 ] D: firstIndex3 0 1
[    47.25 ] D: firstIndex2 0 2
[    47.25 ] D: firstIndex3.3
[    47.25 ] D: firstIndex3
[    47.25 ] D: _automationChanging false
[    47.25 ] D: mouseMove2
[    47.26 ] D: newTopPixel 261 277 16
[    47.26 ] D: findTrackIndexByPoint 0 QRect(0,0 1707x111) false QPointF(612,261)
[    47.26 ] D: findTrackIndexByPoint 1 QRect(0,111 1707x111) false QPointF(612,261)
[    47.26 ] D: findTrackIndexByPoint 2 QRect(0,222 1707x111) true QPointF(612,261)
[    47.26 ] D: tmp:tmp:tmp:tmp:tmp QPair(2,-1)
[    47.26 ] D: firstIndex 2 0 1 4
[    47.26 ] D: firstIndex2
[    47.26 ] D: firstIndex4 0 1
[    47.26 ] D: firstIndex3 0 1
[    47.26 ] D: firstIndex2 0 2
[    47.26 ] D: firstIndex3.3
[    47.26 ] D: firstIndex3
[    47.26 ] D: _automationChanging false
[    47.26 ] D: mouseMove2
[    47.26 ] D: _automationChanging false
[    47.26 ] D: mouseMove2
[    47.26 ] D: _automationChanging false
[    47.26 ] D: mouseMove2
[    47.26 ] D: _automationChanging false
[    47.26 ] D: mouseMove2
[    47.28 ] D: newTopPixel 266 282 16
[    47.28 ] D: findTrackIndexByPoint 0 QRect(0,0 1707x111) false QPointF(630,266)
[    47.28 ] D: findTrackIndexByPoint 1 QRect(0,111 1707x111) false QPointF(630,266)
[    47.28 ] D: findTrackIndexByPoint 2 QRect(0,222 1707x111) true QPointF(630,266)
[    47.28 ] D: tmp:tmp:tmp:tmp:tmp QPair(2,-1)
[    47.28 ] D: firstIndex 2 0 1 4
[    47.28 ] D: firstIndex2
[    47.28 ] D: firstIndex4 0 1
[    47.28 ] D: firstIndex3 0 1
[    47.28 ] D: firstIndex2 0 2
[    47.28 ] D: firstIndex3.3
[    47.28 ] D: firstIndex3
[    47.28 ] D: _automationChanging false
[    47.28 ] D: mouseMove2
[    47.28 ] D: newTopPixel 268 284 16
[    47.28 ] D: findTrackIndexByPoint 0 QRect(0,0 1707x111) false QPointF(630,268)
[    47.28 ] D: findTrackIndexByPoint 1 QRect(0,111 1707x111) false QPointF(630,268)
[    47.28 ] D: findTrackIndexByPoint 2 QRect(0,222 1707x111) true QPointF(630,268)
[    47.28 ] D: tmp:tmp:tmp:tmp:tmp QPair(2,-1)
[    47.28 ] D: firstIndex 2 0 1 4
[    47.28 ] D: firstIndex2
[    47.28 ] D: firstIndex4 0 1
[    47.28 ] D: firstIndex3 0 1
[    47.28 ] D: firstIndex2 0 2
[    47.28 ] D: firstIndex3.3
[    47.28 ] D: firstIndex3
[    47.28 ] D: _automationChanging false
[    47.28 ] D: mouseMove2
[    47.28 ] D: _automationChanging false
[    47.28 ] D: mouseMove2
[    47.28 ] D: _automationChanging false
[    47.28 ] D: mouseMove2
[    47.29 ] D: _automationChanging false
[    47.29 ] D: mouseMove2
[    47.29 ] D: newTopPixel 269 285 16
[    47.29 ] D: findTrackIndexByPoint 0 QRect(0,0 1707x111) false QPointF(630,269)
[    47.29 ] D: findTrackIndexByPoint 1 QRect(0,111 1707x111) false QPointF(630,269)
[    47.29 ] D: findTrackIndexByPoint 2 QRect(0,222 1707x111) true QPointF(630,269)
[    47.29 ] D: tmp:tmp:tmp:tmp:tmp QPair(2,-1)
[    47.29 ] D: firstIndex 2 0 1 4
[    47.29 ] D: firstIndex2
[    47.29 ] D: firstIndex4 0 1
[    47.29 ] D: firstIndex3 0 1
[    47.29 ] D: firstIndex2 0 2
[    47.29 ] D: firstIndex3.3
[    47.29 ] D: firstIndex3
[    47.29 ] D: _automationChanging false
[    47.29 ] D: mouseMove2
[    47.29 ] D: _automationChanging false
[    47.29 ] D: mouseMove2
[    47.30 ] D: _automationChanging false
[    47.30 ] D: mouseMove2
[    47.30 ] D: newTopPixel 273 289 16
[    47.30 ] D: findTrackIndexByPoint 0 QRect(0,0 1707x111) false QPointF(648,273)
[    47.30 ] D: findTrackIndexByPoint 1 QRect(0,111 1707x111) false QPointF(648,273)
[    47.30 ] D: findTrackIndexByPoint 2 QRect(0,222 1707x111) true QPointF(648,273)
[    47.30 ] D: tmp:tmp:tmp:tmp:tmp QPair(2,-1)
[    47.30 ] D: firstIndex 2 0 1 4
[    47.30 ] D: firstIndex2
[    47.30 ] D: firstIndex4 0 1
[    47.30 ] D: firstIndex3 0 1
[    47.30 ] D: firstIndex2 0 2
[    47.30 ] D: firstIndex3.3
[    47.30 ] D: firstIndex3
[    47.31 ] D: newTopPixel 273 289 16
[    47.31 ] D: findTrackIndexByPoint 0 QRect(0,0 1707x111) false QPointF(648,273)
[    47.31 ] D: findTrackIndexByPoint 1 QRect(0,111 1707x111) false QPointF(648,273)
[    47.31 ] D: findTrackIndexByPoint 2 QRect(0,222 1707x111) true QPointF(648,273)
[    47.31 ] D: tmp:tmp:tmp:tmp:tmp QPair(2,-1)
[    47.31 ] D: firstIndex 2 0 1 4
[    47.31 ] D: firstIndex2
[    47.31 ] D: firstIndex4 0 1
[    47.31 ] D: firstIndex3 0 1
[    47.31 ] D: firstIndex2 0 2
[    47.31 ] D: firstIndex3.3
[    47.31 ] D: firstIndex3
[    47.31 ] D: _automationChanging false
[    47.31 ] D: mouseMove2
[    47.31 ] D: _automationChanging false
[    47.31 ] D: mouseMove2
[    47.31 ] D: _automationChanging false
[    47.31 ] D: mouseMove2
[    47.31 ] D: _automationChanging false
[    47.31 ] D: mouseMove2
[    47.33 ] D: newTopPixel 278 294 16
[    47.33 ] D: findTrackIndexByPoint 0 QRect(0,0 1707x111) false QPointF(666,278)
[    47.33 ] D: findTrackIndexByPoint 1 QRect(0,111 1707x111) false QPointF(666,278)
[    47.33 ] D: findTrackIndexByPoint 2 QRect(0,222 1707x111) true QPointF(666,278)
[    47.33 ] D: tmp:tmp:tmp:tmp:tmp QPair(2,-1)
[    47.33 ] D: firstIndex 2 0 1 4
[    47.33 ] D: firstIndex2
[    47.33 ] D: firstIndex4 0 1
[    47.33 ] D: firstIndex3 0 1
[    47.33 ] D: firstIndex2 0 2
[    47.33 ] D: firstIndex3.3
[    47.33 ] D: firstIndex3
[    47.33 ] D: _automationChanging false
[    47.33 ] D: mouseMove2
[    47.33 ] D: newTopPixel 280 296 16
[    47.33 ] D: findTrackIndexByPoint 0 QRect(0,0 1707x111) false QPointF(666,280)
[    47.33 ] D: findTrackIndexByPoint 1 QRect(0,111 1707x111) false QPointF(666,280)
[    47.33 ] D: findTrackIndexByPoint 2 QRect(0,222 1707x111) true QPointF(666,280)
[    47.33 ] D: tmp:tmp:tmp:tmp:tmp QPair(2,-1)
[    47.33 ] D: firstIndex 2 0 1 4
[    47.33 ] D: firstIndex2
[    47.33 ] D: firstIndex4 0 1
[    47.33 ] D: firstIndex3 0 1
[    47.33 ] D: firstIndex2 0 2
[    47.33 ] D: firstIndex3.3
[    47.33 ] D: firstIndex3
[    47.33 ] D: _automationChanging false
[    47.33 ] D: mouseMove2
[    47.33 ] D: _automationChanging false
[    47.33 ] D: mouseMove2
[    47.33 ] D: _automationChanging false
[    47.33 ] D: mouseMove2
[    47.33 ] D: _automationChanging false
[    47.33 ] D: mouseMove2
[    47.34 ] D: newTopPixel 282 298 16
[    47.34 ] D: findTrackIndexByPoint 0 QRect(0,0 1707x111) false QPointF(666,282)
[    47.34 ] D: findTrackIndexByPoint 1 QRect(0,111 1707x111) false QPointF(666,282)
[    47.34 ] D: findTrackIndexByPoint 2 QRect(0,222 1707x111) true QPointF(666,282)
[    47.34 ] D: tmp:tmp:tmp:tmp:tmp QPair(2,-1)
[    47.34 ] D: firstIndex 2 0 1 4
[    47.34 ] D: firstIndex2
[    47.34 ] D: firstIndex4 0 1
[    47.34 ] D: firstIndex3 0 1
[    47.34 ] D: firstIndex2 0 2
[    47.34 ] D: firstIndex3.3
[    47.34 ] D: firstIndex3
[    47.34 ] D: _automationChanging false
[    47.34 ] D: mouseMove2
[    47.34 ] D: _automationChanging false
[    47.34 ] D: mouseMove2
[    47.35 ] D: _automationChanging false
[    47.35 ] D: mouseMove2
[    47.35 ] D: _automationChanging false
[    47.35 ] D: mouseMove2
[    47.35 ] D: newTopPixel 286 302 16
[    47.35 ] D: findTrackIndexByPoint 0 QRect(0,0 1707x111) false QPointF(684,286)
[    47.35 ] D: findTrackIndexByPoint 1 QRect(0,111 1707x111) false QPointF(684,286)
[    47.35 ] D: findTrackIndexByPoint 2 QRect(0,222 1707x111) true QPointF(684,286)
[    47.35 ] D: tmp:tmp:tmp:tmp:tmp QPair(2,-1)
[    47.35 ] D: firstIndex 2 0 1 4
[    47.35 ] D: firstIndex2
[    47.35 ] D: firstIndex4 0 1
[    47.35 ] D: firstIndex3 0 1
[    47.35 ] D: firstIndex2 0 2
[    47.35 ] D: firstIndex3.3
[    47.35 ] D: firstIndex3
[    47.36 ] D: newTopPixel 286 302 16
[    47.36 ] D: findTrackIndexByPoint 0 QRect(0,0 1707x111) false QPointF(684,286)
[    47.36 ] D: findTrackIndexByPoint 1 QRect(0,111 1707x111) false QPointF(684,286)
[    47.36 ] D: findTrackIndexByPoint 2 QRect(0,222 1707x111) true QPointF(684,286)
[    47.36 ] D: tmp:tmp:tmp:tmp:tmp QPair(2,-1)
[    47.36 ] D: firstIndex 2 0 1 4
[    47.36 ] D: firstIndex2
[    47.36 ] D: firstIndex4 0 1
[    47.36 ] D: firstIndex3 0 1
[    47.36 ] D: firstIndex2 0 2
[    47.36 ] D: firstIndex3.3
[    47.36 ] D: firstIndex3
[    47.36 ] D: _automationChanging false
[    47.36 ] D: mouseMove2
[    47.36 ] D: _automationChanging false
[    47.36 ] D: mouseMove2
[    47.36 ] D: _automationChanging false
[    47.36 ] D: mouseMove2
[    47.37 ] D: _automationChanging false
[    47.37 ] D: mouseMove2
[    47.38 ] D: newTopPixel 289 305 16
[    47.38 ] D: findTrackIndexByPoint 0 QRect(0,0 1707x111) false QPointF(684,289)
[    47.38 ] D: findTrackIndexByPoint 1 QRect(0,111 1707x111) false QPointF(684,289)
[    47.38 ] D: findTrackIndexByPoint 2 QRect(0,222 1707x111) true QPointF(684,289)
[    47.38 ] D: tmp:tmp:tmp:tmp:tmp QPair(2,-1)
[    47.38 ] D: firstIndex 2 0 1 4
[    47.38 ] D: firstIndex2
[    47.38 ] D: firstIndex4 0 1
[    47.38 ] D: firstIndex3 0 1
[    47.38 ] D: firstIndex2 0 2
[    47.38 ] D: firstIndex3.3
[    47.38 ] D: firstIndex3
[    47.38 ] D: _automationChanging false
[    47.38 ] D: mouseMove2
[    47.38 ] D: _automationChanging false
[    47.38 ] D: mouseMove2
[    47.38 ] D: newTopPixel 291 307 16
[    47.38 ] D: findTrackIndexByPoint 0 QRect(0,0 1707x111) false QPointF(684,291)
[    47.38 ] D: findTrackIndexByPoint 1 QRect(0,111 1707x111) false QPointF(684,291)
[    47.38 ] D: findTrackIndexByPoint 2 QRect(0,222 1707x111) true QPointF(684,291)
[    47.38 ] D: tmp:tmp:tmp:tmp:tmp QPair(2,-1)
[    47.38 ] D: firstIndex 2 0 1 4
[    47.38 ] D: firstIndex2
[    47.38 ] D: firstIndex4 0 1
[    47.38 ] D: firstIndex3 0 1
[    47.38 ] D: firstIndex2 0 2
[    47.38 ] D: firstIndex3.3
[    47.38 ] D: firstIndex3
[    47.38 ] D: _automationChanging false
[    47.38 ] D: mouseMove2
[    47.39 ] D: newTopPixel 291 307 16
[    47.39 ] D: findTrackIndexByPoint 0 QRect(0,0 1707x111) false QPointF(684,291)
[    47.39 ] D: findTrackIndexByPoint 1 QRect(0,111 1707x111) false QPointF(684,291)
[    47.39 ] D: findTrackIndexByPoint 2 QRect(0,222 1707x111) true QPointF(684,291)
[    47.39 ] D: tmp:tmp:tmp:tmp:tmp QPair(2,-1)
[    47.39 ] D: firstIndex 2 0 1 4
[    47.39 ] D: firstIndex2
[    47.39 ] D: firstIndex4 0 1
[    47.39 ] D: firstIndex3 0 1
[    47.39 ] D: firstIndex2 0 2
[    47.39 ] D: firstIndex3.3
[    47.39 ] D: firstIndex3
[    47.40 ] D: _automationChanging false
[    47.40 ] D: mouseMove2
[    47.40 ] D: _automationChanging false
[    47.40 ] D: mouseMove2
[    47.40 ] D: _automationChanging false
[    47.40 ] D: mouseMove2
[    47.40 ] D: newTopPixel 293 309 16
[    47.40 ] D: findTrackIndexByPoint 0 QRect(0,0 1707x111) false QPointF(702,293)
[    47.40 ] D: findTrackIndexByPoint 1 QRect(0,111 1707x111) false QPointF(702,293)
[    47.40 ] D: findTrackIndexByPoint 2 QRect(0,222 1707x111) true QPointF(702,293)
[    47.40 ] D: tmp:tmp:tmp:tmp:tmp QPair(2,-1)
[    47.40 ] D: firstIndex 2 0 1 4
[    47.40 ] D: firstIndex2
[    47.40 ] D: firstIndex4 0 1
[    47.40 ] D: firstIndex3 0 1
[    47.40 ] D: firstIndex2 0 2
[    47.40 ] D: firstIndex3.3
[    47.40 ] D: firstIndex3
[    47.40 ] D: _automationChanging false
[    47.40 ] D: mouseMove2
[    47.41 ] D: newTopPixel 293 309 16
[    47.41 ] D: findTrackIndexByPoint 0 QRect(0,0 1707x111) false QPointF(702,293)
[    47.41 ] D: findTrackIndexByPoint 1 QRect(0,111 1707x111) false QPointF(702,293)
[    47.41 ] D: findTrackIndexByPoint 2 QRect(0,222 1707x111) true QPointF(702,293)
[    47.41 ] D: tmp:tmp:tmp:tmp:tmp QPair(2,-1)
[    47.41 ] D: firstIndex 2 0 1 4
[    47.41 ] D: firstIndex2
[    47.41 ] D: firstIndex4 0 1
[    47.41 ] D: firstIndex3 0 1
[    47.41 ] D: firstIndex2 0 2
[    47.41 ] D: firstIndex3.3
[    47.41 ] D: firstIndex3
[    47.41 ] D: _automationChanging false
[    47.41 ] D: mouseMove2
[    47.41 ] D: _automationChanging false
[    47.41 ] D: mouseMove2
[    47.42 ] D: _automationChanging false
[    47.42 ] D: mouseMove2
[    47.43 ] D: newTopPixel 294 310 16
[    47.43 ] D: findTrackIndexByPoint 0 QRect(0,0 1707x111) false QPointF(702,294)
[    47.43 ] D: findTrackIndexByPoint 1 QRect(0,111 1707x111) false QPointF(702,294)
[    47.43 ] D: findTrackIndexByPoint 2 QRect(0,222 1707x111) true QPointF(702,294)
[    47.43 ] D: tmp:tmp:tmp:tmp:tmp QPair(2,-1)
[    47.43 ] D: firstIndex 2 0 1 4
[    47.43 ] D: firstIndex2
[    47.43 ] D: firstIndex4 0 1
[    47.43 ] D: firstIndex3 0 1
[    47.43 ] D: firstIndex2 0 2
[    47.43 ] D: firstIndex3.3
[    47.43 ] D: firstIndex3
[    47.43 ] D: _automationChanging false
[    47.43 ] D: mouseMove2
[    47.43 ] D: newTopPixel 295 311 16
[    47.43 ] D: findTrackIndexByPoint 0 QRect(0,0 1707x111) false QPointF(702,295)
[    47.43 ] D: findTrackIndexByPoint 1 QRect(0,111 1707x111) false QPointF(702,295)
[    47.43 ] D: findTrackIndexByPoint 2 QRect(0,222 1707x111) true QPointF(702,295)
[    47.43 ] D: tmp:tmp:tmp:tmp:tmp QPair(2,-1)
[    47.43 ] D: firstIndex 2 0 1 4
[    47.43 ] D: firstIndex2
[    47.43 ] D: firstIndex4 0 1
[    47.43 ] D: firstIndex3 0 1
[    47.43 ] D: firstIndex2 0 2
[    47.43 ] D: firstIndex3.3
[    47.43 ] D: firstIndex3
[    47.43 ] D: _automationChanging false
[    47.43 ] D: mouseMove2
[    47.43 ] D: _automationChanging false
[    47.43 ] D: mouseMove2
[    47.43 ] D: _automationChanging false
[    47.43 ] D: mouseMove2
[    47.44 ] D: newTopPixel 296 312 16
[    47.44 ] D: findTrackIndexByPoint 0 QRect(0,0 1707x111) false QPointF(702,296)
[    47.44 ] D: findTrackIndexByPoint 1 QRect(0,111 1707x111) false QPointF(702,296)
[    47.44 ] D: findTrackIndexByPoint 2 QRect(0,222 1707x111) true QPointF(702,296)
[    47.44 ] D: tmp:tmp:tmp:tmp:tmp QPair(2,-1)
[    47.44 ] D: firstIndex 2 0 1 4
[    47.44 ] D: firstIndex2
[    47.44 ] D: firstIndex4 0 1
[    47.44 ] D: firstIndex3 0 1
[    47.44 ] D: firstIndex2 0 2
[    47.44 ] D: firstIndex3.3
[    47.44 ] D: firstIndex3
[    47.44 ] D: _automationChanging false
[    47.44 ] D: mouseMove2
[    47.44 ] D: _automationChanging false
[    47.44 ] D: mouseMove2
[    47.45 ] D: _automationChanging false
[    47.45 ] D: mouseMove2
[    47.45 ] D: newTopPixel 296 312 16
[    47.45 ] D: findTrackIndexByPoint 0 QRect(0,0 1707x111) false QPointF(720,296)
[    47.45 ] D: findTrackIndexByPoint 1 QRect(0,111 1707x111) false QPointF(720,296)
[    47.45 ] D: findTrackIndexByPoint 2 QRect(0,222 1707x111) true QPointF(720,296)
[    47.45 ] D: tmp:tmp:tmp:tmp:tmp QPair(2,-1)
[    47.45 ] D: firstIndex 2 0 1 4
[    47.45 ] D: firstIndex2
[    47.45 ] D: firstIndex4 0 1
[    47.45 ] D: firstIndex3 0 1
[    47.45 ] D: firstIndex2 0 2
[    47.45 ] D: firstIndex3.3
[    47.45 ] D: firstIndex3
[    47.46 ] D: _automationChanging false
[    47.46 ] D: mouseMove2
[    47.46 ] D: newTopPixel 296 312 16
[    47.46 ] D: findTrackIndexByPoint 0 QRect(0,0 1707x111) false QPointF(720,296)
[    47.46 ] D: findTrackIndexByPoint 1 QRect(0,111 1707x111) false QPointF(720,296)
[    47.46 ] D: findTrackIndexByPoint 2 QRect(0,222 1707x111) true QPointF(720,296)
[    47.46 ] D: tmp:tmp:tmp:tmp:tmp QPair(2,-1)
[    47.46 ] D: firstIndex 2 0 1 4
[    47.46 ] D: firstIndex2
[    47.46 ] D: firstIndex4 0 1
[    47.46 ] D: firstIndex3 0 1
[    47.46 ] D: firstIndex2 0 2
[    47.46 ] D: firstIndex3.3
[    47.46 ] D: firstIndex3
[    47.46 ] D: _automationChanging false
[    47.46 ] D: mouseMove2
[    47.46 ] D: _automationChanging false
[    47.46 ] D: mouseMove2
[    47.46 ] D: _automationChanging false
[    47.46 ] D: mouseMove2
[    47.47 ] D: _automationChanging false
[    47.47 ] D: mouseMove2
[    47.48 ] D: newTopPixel 296 312 16
[    47.48 ] D: findTrackIndexByPoint 0 QRect(0,0 1707x111) false QPointF(738,296)
[    47.48 ] D: findTrackIndexByPoint 1 QRect(0,111 1707x111) false QPointF(738,296)
[    47.48 ] D: findTrackIndexByPoint 2 QRect(0,222 1707x111) true QPointF(738,296)
[    47.48 ] D: tmp:tmp:tmp:tmp:tmp QPair(2,-1)
[    47.48 ] D: firstIndex 2 0 1 4
[    47.48 ] D: firstIndex2
[    47.48 ] D: firstIndex4 0 1
[    47.48 ] D: firstIndex3 0 1
[    47.48 ] D: firstIndex2 0 2
[    47.48 ] D: firstIndex3.3
[    47.48 ] D: firstIndex3
[    47.48 ] D: _automationChanging false
[    47.48 ] D: mouseMove2
[    47.48 ] D: newTopPixel 296 312 16
[    47.48 ] D: findTrackIndexByPoint 0 QRect(0,0 1707x111) false QPointF(738,296)
[    47.48 ] D: findTrackIndexByPoint 1 QRect(0,111 1707x111) false QPointF(738,296)
[    47.48 ] D: findTrackIndexByPoint 2 QRect(0,222 1707x111) true QPointF(738,296)
[    47.48 ] D: tmp:tmp:tmp:tmp:tmp QPair(2,-1)
[    47.48 ] D: firstIndex 2 0 1 4
[    47.48 ] D: firstIndex2
[    47.48 ] D: firstIndex4 0 1
[    47.48 ] D: firstIndex3 0 1
[    47.48 ] D: firstIndex2 0 2
[    47.48 ] D: firstIndex3.3
[    47.48 ] D: firstIndex3
[    47.48 ] D: _automationChanging false
[    47.48 ] D: mouseMove2
[    47.48 ] D: _automationChanging false
[    47.48 ] D: mouseMove2
[    47.49 ] D: newTopPixel 296 312 16
[    47.49 ] D: findTrackIndexByPoint 0 QRect(0,0 1707x111) false QPointF(738,296)
[    47.49 ] D: findTrackIndexByPoint 1 QRect(0,111 1707x111) false QPointF(738,296)
[    47.49 ] D: findTrackIndexByPoint 2 QRect(0,222 1707x111) true QPointF(738,296)
[    47.49 ] D: tmp:tmp:tmp:tmp:tmp QPair(2,-1)
[    47.49 ] D: firstIndex 2 0 1 4
[    47.49 ] D: firstIndex2
[    47.49 ] D: firstIndex4 0 1
[    47.49 ] D: firstIndex3 0 1
[    47.49 ] D: firstIndex2 0 2
[    47.49 ] D: firstIndex3.3
[    47.49 ] D: firstIndex3
[    47.49 ] D: _automationChanging false
[    47.49 ] D: mouseMove2
[    47.49 ] D: _automationChanging false
[    47.49 ] D: mouseMove2
[    47.50 ] D: _automationChanging false
[    47.50 ] D: mouseMove2
[    47.50 ] D: newTopPixel 296 312 16
[    47.50 ] D: findTrackIndexByPoint 0 QRect(0,0 1707x111) false QPointF(756,296)
[    47.50 ] D: findTrackIndexByPoint 1 QRect(0,111 1707x111) false QPointF(756,296)
[    47.50 ] D: findTrackIndexByPoint 2 QRect(0,222 1707x111) true QPointF(756,296)
[    47.50 ] D: tmp:tmp:tmp:tmp:tmp QPair(2,-1)
[    47.50 ] D: firstIndex 2 0 1 4
[    47.50 ] D: firstIndex2
[    47.50 ] D: firstIndex4 0 1
[    47.50 ] D: firstIndex3 0 1
[    47.50 ] D: firstIndex2 0 2
[    47.50 ] D: firstIndex3.3
[    47.50 ] D: firstIndex3
[    47.50 ] D: _automationChanging false
[    47.50 ] D: mouseMove2
[    47.51 ] D: newTopPixel 296 312 16
[    47.51 ] D: findTrackIndexByPoint 0 QRect(0,0 1707x111) false QPointF(756,296)
[    47.51 ] D: findTrackIndexByPoint 1 QRect(0,111 1707x111) false QPointF(756,296)
[    47.51 ] D: findTrackIndexByPoint 2 QRect(0,222 1707x111) true QPointF(756,296)
[    47.51 ] D: tmp:tmp:tmp:tmp:tmp QPair(2,-1)
[    47.51 ] D: firstIndex 2 0 1 4
[    47.51 ] D: firstIndex2
[    47.51 ] D: firstIndex4 0 1
[    47.51 ] D: firstIndex3 0 1
[    47.51 ] D: firstIndex2 0 2
[    47.51 ] D: firstIndex3.3
[    47.51 ] D: firstIndex3
[    47.51 ] D: _automationChanging false
[    47.51 ] D: mouseMove2
[    47.51 ] D: _automationChanging false
[    47.51 ] D: mouseMove2
[    47.51 ] D: _automationChanging false
[    47.51 ] D: mouseMove2
[    47.51 ] D: _automationChanging false
[    47.51 ] D: mouseMove2
[    47.53 ] D: newTopPixel 296 312 16
[    47.53 ] D: findTrackIndexByPoint 0 QRect(0,0 1707x111) false QPointF(774,296)
[    47.53 ] D: findTrackIndexByPoint 1 QRect(0,111 1707x111) false QPointF(774,296)
[    47.53 ] D: findTrackIndexByPoint 2 QRect(0,222 1707x111) true QPointF(774,296)
[    47.53 ] D: tmp:tmp:tmp:tmp:tmp QPair(2,-1)
[    47.53 ] D: firstIndex 2 0 1 4
[    47.53 ] D: firstIndex2
[    47.53 ] D: firstIndex4 0 1
[    47.53 ] D: firstIndex3 0 1
[    47.53 ] D: firstIndex2 0 2
[    47.53 ] D: firstIndex3.3
[    47.53 ] D: firstIndex3
[    47.53 ] D: _automationChanging false
[    47.53 ] D: mouseMove2
[    47.53 ] D: newTopPixel 296 312 16
[    47.53 ] D: findTrackIndexByPoint 0 QRect(0,0 1707x111) false QPointF(774,296)
[    47.53 ] D: findTrackIndexByPoint 1 QRect(0,111 1707x111) false QPointF(774,296)
[    47.53 ] D: findTrackIndexByPoint 2 QRect(0,222 1707x111) true QPointF(774,296)
[    47.53 ] D: tmp:tmp:tmp:tmp:tmp QPair(2,-1)
[    47.53 ] D: firstIndex 2 0 1 4
[    47.53 ] D: firstIndex2
[    47.53 ] D: firstIndex4 0 1
[    47.53 ] D: firstIndex3 0 1
[    47.53 ] D: firstIndex2 0 2
[    47.53 ] D: firstIndex3.3
[    47.53 ] D: firstIndex3
[    47.53 ] D: _automationChanging false
[    47.53 ] D: mouseMove2
[    47.53 ] D: _automationChanging false
[    47.53 ] D: mouseMove2
[    47.53 ] D: _automationChanging false
[    47.53 ] D: mouseMove2
[    47.54 ] D: _automationChanging false
[    47.54 ] D: mouseMove2
[    47.54 ] D: newTopPixel 296 312 16
[    47.54 ] D: findTrackIndexByPoint 0 QRect(0,0 1707x111) false QPointF(792,296)
[    47.54 ] D: findTrackIndexByPoint 1 QRect(0,111 1707x111) false QPointF(792,296)
[    47.54 ] D: findTrackIndexByPoint 2 QRect(0,222 1707x111) true QPointF(792,296)
[    47.54 ] D: tmp:tmp:tmp:tmp:tmp QPair(2,-1)
[    47.54 ] D: firstIndex 2 0 1 4
[    47.54 ] D: firstIndex2
[    47.54 ] D: firstIndex4 0 1
[    47.54 ] D: firstIndex3 0 1
[    47.54 ] D: firstIndex2 0 2
[    47.54 ] D: firstIndex3.3
[    47.54 ] D: firstIndex3
[    47.54 ] D: _automationChanging false
[    47.54 ] D: mouseMove2
[    47.54 ] D: _automationChanging false
[    47.54 ] D: mouseMove2
[    47.55 ] D: _automationChanging false
[    47.55 ] D: mouseMove2
[    47.55 ] D: newTopPixel 297 313 16
[    47.55 ] D: findTrackIndexByPoint 0 QRect(0,0 1707x111) false QPointF(792,297)
[    47.55 ] D: findTrackIndexByPoint 1 QRect(0,111 1707x111) false QPointF(792,297)
[    47.55 ] D: findTrackIndexByPoint 2 QRect(0,222 1707x111) true QPointF(792,297)
[    47.55 ] D: tmp:tmp:tmp:tmp:tmp QPair(2,-1)
[    47.55 ] D: firstIndex 2 0 1 4
[    47.55 ] D: firstIndex2
[    47.55 ] D: firstIndex4 0 1
[    47.55 ] D: firstIndex3 0 1
[    47.55 ] D: firstIndex2 0 2
[    47.55 ] D: firstIndex3.3
[    47.55 ] D: firstIndex3
[    47.56 ] D: newTopPixel 297 313 16
[    47.56 ] D: findTrackIndexByPoint 0 QRect(0,0 1707x111) false QPointF(792,297)
[    47.56 ] D: findTrackIndexByPoint 1 QRect(0,111 1707x111) false QPointF(792,297)
[    47.56 ] D: findTrackIndexByPoint 2 QRect(0,222 1707x111) true QPointF(792,297)
[    47.56 ] D: tmp:tmp:tmp:tmp:tmp QPair(2,-1)
[    47.56 ] D: firstIndex 2 0 1 4
[    47.56 ] D: firstIndex2
[    47.56 ] D: firstIndex4 0 1
[    47.56 ] D: firstIndex3 0 1
[    47.56 ] D: firstIndex2 0 2
[    47.56 ] D: firstIndex3.3
[    47.56 ] D: firstIndex3
[    47.56 ] D: _automationChanging false
[    47.56 ] D: mouseMove2
[    47.56 ] D: _automationChanging false
[    47.56 ] D: mouseMove2
[    47.56 ] D: _automationChanging false
[    47.56 ] D: mouseMove2
[    47.56 ] D: _automationChanging false
[    47.56 ] D: mouseMove2
[    47.58 ] D: newTopPixel 297 313 16
[    47.58 ] D: findTrackIndexByPoint 0 QRect(0,0 1707x111) false QPointF(810,297)
[    47.58 ] D: findTrackIndexByPoint 1 QRect(0,111 1707x111) false QPointF(810,297)
[    47.58 ] D: findTrackIndexByPoint 2 QRect(0,222 1707x111) true QPointF(810,297)
[    47.58 ] D: tmp:tmp:tmp:tmp:tmp QPair(2,-1)
[    47.58 ] D: firstIndex 2 0 1 4
[    47.58 ] D: firstIndex2
[    47.58 ] D: firstIndex4 0 1
[    47.58 ] D: firstIndex3 0 1
[    47.58 ] D: firstIndex2 0 2
[    47.58 ] D: firstIndex3.3
[    47.58 ] D: firstIndex3
[    47.58 ] D: _automationChanging false
[    47.58 ] D: mouseMove2
[    47.58 ] D: newTopPixel 297 313 16
[    47.58 ] D: findTrackIndexByPoint 0 QRect(0,0 1707x111) false QPointF(810,297)
[    47.58 ] D: findTrackIndexByPoint 1 QRect(0,111 1707x111) false QPointF(810,297)
[    47.58 ] D: findTrackIndexByPoint 2 QRect(0,222 1707x111) true QPointF(810,297)
[    47.58 ] D: tmp:tmp:tmp:tmp:tmp QPair(2,-1)
[    47.58 ] D: firstIndex 2 0 1 4
[    47.58 ] D: firstIndex2
[    47.58 ] D: firstIndex4 0 1
[    47.58 ] D: firstIndex3 0 1
[    47.58 ] D: firstIndex2 0 2
[    47.58 ] D: firstIndex3.3
[    47.58 ] D: firstIndex3
[    47.58 ] D: _automationChanging false
[    47.58 ] D: mouseMove2
[    47.58 ] D: _automationChanging false
[    47.58 ] D: mouseMove2
[    47.58 ] D: _automationChanging false
[    47.58 ] D: mouseMove2
[    47.59 ] D: newTopPixel 297 313 16
[    47.59 ] D: findTrackIndexByPoint 0 QRect(0,0 1707x111) false QPointF(810,297)
[    47.59 ] D: findTrackIndexByPoint 1 QRect(0,111 1707x111) false QPointF(810,297)
[    47.59 ] D: findTrackIndexByPoint 2 QRect(0,222 1707x111) true QPointF(810,297)
[    47.59 ] D: tmp:tmp:tmp:tmp:tmp QPair(2,-1)
[    47.59 ] D: firstIndex 2 0 1 4
[    47.59 ] D: firstIndex2
[    47.59 ] D: firstIndex4 0 1
[    47.59 ] D: firstIndex3 0 1
[    47.59 ] D: firstIndex2 0 2
[    47.59 ] D: firstIndex3.3
[    47.59 ] D: firstIndex3
[    47.60 ] D: newTopPixel 297 313 16
[    47.60 ] D: findTrackIndexByPoint 0 QRect(0,0 1707x111) false QPointF(810,297)
[    47.60 ] D: findTrackIndexByPoint 1 QRect(0,111 1707x111) false QPointF(810,297)
[    47.60 ] D: findTrackIndexByPoint 2 QRect(0,222 1707x111) true QPointF(810,297)
[    47.60 ] D: tmp:tmp:tmp:tmp:tmp QPair(2,-1)
[    47.60 ] D: firstIndex 2 0 1 4
[    47.60 ] D: firstIndex2
[    47.60 ] D: firstIndex4 0 1
[    47.60 ] D: firstIndex3 0 1
[    47.60 ] D: firstIndex2 0 2
[    47.60 ] D: firstIndex3.3
[    47.60 ] D: firstIndex3
[    47.61 ] D: newTopPixel 297 313 16
[    47.61 ] D: findTrackIndexByPoint 0 QRect(0,0 1707x111) false QPointF(810,297)
[    47.61 ] D: findTrackIndexByPoint 1 QRect(0,111 1707x111) false QPointF(810,297)
[    47.61 ] D: findTrackIndexByPoint 2 QRect(0,222 1707x111) true QPointF(810,297)
[    47.61 ] D: tmp:tmp:tmp:tmp:tmp QPair(2,-1)
[    47.61 ] D: firstIndex 2 0 1 4
[    47.61 ] D: firstIndex2
[    47.61 ] D: firstIndex4 0 1
[    47.61 ] D: firstIndex3 0 1
[    47.61 ] D: firstIndex2 0 2
[    47.61 ] D: firstIndex3.3
[    47.61 ] D: firstIndex3
[    47.62 ] D: newTopPixel 297 313 16
[    47.62 ] D: findTrackIndexByPoint 0 QRect(0,0 1707x111) false QPointF(810,297)
[    47.62 ] D: findTrackIndexByPoint 1 QRect(0,111 1707x111) false QPointF(810,297)
[    47.62 ] D: findTrackIndexByPoint 2 QRect(0,222 1707x111) true QPointF(810,297)
[    47.62 ] D: tmp:tmp:tmp:tmp:tmp QPair(2,-1)
[    47.62 ] D: firstIndex 2 0 1 4
[    47.62 ] D: firstIndex2
[    47.62 ] D: firstIndex4 0 1
[    47.62 ] D: firstIndex3 0 1
[    47.62 ] D: firstIndex2 0 2
[    47.62 ] D: firstIndex3.3
[    47.62 ] D: firstIndex3
[    47.63 ] D: newTopPixel 297 313 16
[    47.63 ] D: findTrackIndexByPoint 0 QRect(0,0 1707x111) false QPointF(810,297)
[    47.63 ] D: findTrackIndexByPoint 1 QRect(0,111 1707x111) false QPointF(810,297)
[    47.63 ] D: findTrackIndexByPoint 2 QRect(0,222 1707x111) true QPointF(810,297)
[    47.63 ] D: tmp:tmp:tmp:tmp:tmp QPair(2,-1)
[    47.63 ] D: firstIndex 2 0 1 4
[    47.63 ] D: firstIndex2
[    47.63 ] D: firstIndex4 0 1
[    47.63 ] D: firstIndex3 0 1
[    47.63 ] D: firstIndex2 0 2
[    47.63 ] D: firstIndex3.3
[    47.63 ] D: firstIndex3
[    47.64 ] D: newTopPixel 297 313 16
[    47.64 ] D: findTrackIndexByPoint 0 QRect(0,0 1707x111) false QPointF(810,297)
[    47.64 ] D: findTrackIndexByPoint 1 QRect(0,111 1707x111) false QPointF(810,297)
[    47.64 ] D: findTrackIndexByPoint 2 QRect(0,222 1707x111) true QPointF(810,297)
[    47.64 ] D: tmp:tmp:tmp:tmp:tmp QPair(2,-1)
[    47.64 ] D: firstIndex 2 0 1 4
[    47.64 ] D: firstIndex2
[    47.64 ] D: firstIndex4 0 1
[    47.64 ] D: firstIndex3 0 1
[    47.64 ] D: firstIndex2 0 2
[    47.64 ] D: firstIndex3.3
[    47.64 ] D: firstIndex3
[    47.65 ] D: newTopPixel 297 313 16
[    47.65 ] D: findTrackIndexByPoint 0 QRect(0,0 1707x111) false QPointF(810,297)
[    47.65 ] D: findTrackIndexByPoint 1 QRect(0,111 1707x111) false QPointF(810,297)
[    47.65 ] D: findTrackIndexByPoint 2 QRect(0,222 1707x111) true QPointF(810,297)
[    47.65 ] D: tmp:tmp:tmp:tmp:tmp QPair(2,-1)
[    47.65 ] D: firstIndex 2 0 1 4
[    47.65 ] D: firstIndex2
[    47.65 ] D: firstIndex4 0 1
[    47.65 ] D: firstIndex3 0 1
[    47.65 ] D: firstIndex2 0 2
[    47.65 ] D: firstIndex3.3
[    47.65 ] D: firstIndex3
[    47.66 ] D: newTopPixel 297 313 16
[    47.66 ] D: findTrackIndexByPoint 0 QRect(0,0 1707x111) false QPointF(810,297)
[    47.66 ] D: findTrackIndexByPoint 1 QRect(0,111 1707x111) false QPointF(810,297)
[    47.66 ] D: findTrackIndexByPoint 2 QRect(0,222 1707x111) true QPointF(810,297)
[    47.66 ] D: tmp:tmp:tmp:tmp:tmp QPair(2,-1)
[    47.66 ] D: firstIndex 2 0 1 4
[    47.66 ] D: firstIndex2
[    47.66 ] D: firstIndex4 0 1
[    47.66 ] D: firstIndex3 0 1
[    47.66 ] D: firstIndex2 0 2
[    47.66 ] D: firstIndex3.3
[    47.66 ] D: firstIndex3
[    47.67 ] D: newTopPixel 297 313 16
[    47.67 ] D: findTrackIndexByPoint 0 QRect(0,0 1707x111) false QPointF(810,297)
[    47.67 ] D: findTrackIndexByPoint 1 QRect(0,111 1707x111) false QPointF(810,297)
[    47.67 ] D: findTrackIndexByPoint 2 QRect(0,222 1707x111) true QPointF(810,297)
[    47.67 ] D: tmp:tmp:tmp:tmp:tmp QPair(2,-1)
[    47.67 ] D: firstIndex 2 0 1 4
[    47.67 ] D: firstIndex2
[    47.67 ] D: firstIndex4 0 1
[    47.67 ] D: firstIndex3 0 1
[    47.67 ] D: firstIndex2 0 2
[    47.67 ] D: firstIndex3.3
[    47.67 ] D: firstIndex3
[    47.68 ] D: newTopPixel 297 313 16
[    47.68 ] D: findTrackIndexByPoint 0 QRect(0,0 1707x111) false QPointF(810,297)
[    47.68 ] D: findTrackIndexByPoint 1 QRect(0,111 1707x111) false QPointF(810,297)
[    47.68 ] D: findTrackIndexByPoint 2 QRect(0,222 1707x111) true QPointF(810,297)
[    47.68 ] D: tmp:tmp:tmp:tmp:tmp QPair(2,-1)
[    47.68 ] D: firstIndex 2 0 1 4
[    47.68 ] D: firstIndex2
[    47.68 ] D: firstIndex4 0 1
[    47.68 ] D: firstIndex3 0 1
[    47.68 ] D: firstIndex2 0 2
[    47.68 ] D: firstIndex3.3
[    47.68 ] D: firstIndex3
[    47.69 ] D: newTopPixel 297 313 16
[    47.69 ] D: findTrackIndexByPoint 0 QRect(0,0 1707x111) false QPointF(810,297)
[    47.69 ] D: findTrackIndexByPoint 1 QRect(0,111 1707x111) false QPointF(810,297)
[    47.69 ] D: findTrackIndexByPoint 2 QRect(0,222 1707x111) true QPointF(810,297)
[    47.69 ] D: tmp:tmp:tmp:tmp:tmp QPair(2,-1)
[    47.69 ] D: firstIndex 2 0 1 4
[    47.69 ] D: firstIndex2
[    47.69 ] D: firstIndex4 0 1
[    47.69 ] D: firstIndex3 0 1
[    47.69 ] D: firstIndex2 0 2
[    47.69 ] D: firstIndex3.3
[    47.69 ] D: firstIndex3
[    47.70 ] D: newTopPixel 297 313 16
[    47.70 ] D: findTrackIndexByPoint 0 QRect(0,0 1707x111) false QPointF(810,297)
[    47.70 ] D: findTrackIndexByPoint 1 QRect(0,111 1707x111) false QPointF(810,297)
[    47.70 ] D: findTrackIndexByPoint 2 QRect(0,222 1707x111) true QPointF(810,297)
[    47.70 ] D: tmp:tmp:tmp:tmp:tmp QPair(2,-1)
[    47.70 ] D: firstIndex 2 0 1 4
[    47.70 ] D: firstIndex2
[    47.70 ] D: firstIndex4 0 1
[    47.70 ] D: firstIndex3 0 1
[    47.70 ] D: firstIndex2 0 2
[    47.70 ] D: firstIndex3.3
[    47.70 ] D: firstIndex3
[    47.71 ] D: newTopPixel 297 313 16
[    47.71 ] D: findTrackIndexByPoint 0 QRect(0,0 1707x111) false QPointF(810,297)
[    47.71 ] D: findTrackIndexByPoint 1 QRect(0,111 1707x111) false QPointF(810,297)
[    47.71 ] D: findTrackIndexByPoint 2 QRect(0,222 1707x111) true QPointF(810,297)
[    47.71 ] D: tmp:tmp:tmp:tmp:tmp QPair(2,-1)
[    47.71 ] D: firstIndex 2 0 1 4
[    47.71 ] D: firstIndex2
[    47.71 ] D: firstIndex4 0 1
[    47.71 ] D: firstIndex3 0 1
[    47.71 ] D: firstIndex2 0 2
[    47.71 ] D: firstIndex3.3
[    47.71 ] D: firstIndex3
[    47.72 ] D: P1
[    47.72 ] D: P2
[    47.72 ] D: _movingAutomationPoint 0 4
[    47.72 ] D: deleteSelectedArea QRectF(6000,111 13000x111) QRect(0,0 1707x111)
[    47.72 ] D: REMOVED array 0 0
[    47.72 ] D: deleteSelectedArea QRectF(6000,111 13000x111) QRect(0,111 1707x111)
[    47.72 ] D: findOverlayItems 1 1
[    47.72 ] D: "{3e7e5159-b470-46ba-9abc-f7dfd1e8aac8}" i.value()->sampleClip()->startTime()  6000 19000 19000 6000
[    47.72 ] D: findOverlayItems
[    47.72 ] D: deleteSelectedArea1 6000 19000
[    47.72 ] D: deleteSelectedArea3
[    47.72 ] D: REMOVED array 1 1
[    47.72 ] D: deleteSelectedArea QRectF(6000,111 13000x111) QRect(0,222 1707x111)
[    47.72 ] D: REMOVED array 2 0
[    47.72 ] D: deleteSelectedArea QRectF(6000,111 13000x111) QRect(0,333 1707x111)
[    47.72 ] D: REMOVED array 3 0
[    47.72 ] D: sltPositionChanged 1984500
[    47.72 ] D: frame_offset 2 0 217
[    47.72 ] D: frame_offset 2 1 217
[    47.72 ] D: frame_offset 2 2 217
[    47.73 ] D: frame_offset 2 3 217
[    47.73 ] D: frame_offset 2 4 217
[    47.74 ] D: sltPositionChanged 1984500
[    47.74 ] D: findOverlayItems 1 2
[    47.74 ] D: "{09a03824-c0d9-4d38-a0ca-3eeea8e3d56f}" i.value()->sampleClip()->startTime()  45000 58000 58000 45000
[    47.74 ] D: findOverlayItems
[    47.74 ] D: frame_offset 2 0 217
[    47.74 ] D: frame_offset 2 1 217
[    47.74 ] D: frame_offset 2 2 217
[    47.75 ] D: frame_offset 2 3 217
[    47.75 ] D: frame_offset 2 4 217
[    48.48 ] D: findTrackIndexByPoint 0 QRect(0,0 1707x111) false QPointF(543,198)
[    48.48 ] D: findTrackIndexByPoint 1 QRect(0,111 1707x111) true QPointF(543,198)
[    49.15 ] D: findTrackIndexByPoint 0 QRect(0,0 1707x111) false QPointF(901,286)
[    49.15 ] D: findTrackIndexByPoint 1 QRect(0,111 1707x111) false QPointF(901,286)
[    49.15 ] D: findTrackIndexByPoint 2 QRect(0,222 1707x111) true QPointF(901,286)
[    49.69 ] D: findTrackIndexByPoint 0 QRect(0,0 1707x111) false QPointF(827,303)
[    49.69 ] D: findTrackIndexByPoint 1 QRect(0,111 1707x111) false QPointF(827,303)
[    49.69 ] D: findTrackIndexByPoint 2 QRect(0,222 1707x111) true QPointF(827,303)
[    50.23 ] D: findTrackIndexByPoint 0 QRect(0,0 1707x111) false QPointF(892,298)
[    50.23 ] D: findTrackIndexByPoint 1 QRect(0,111 1707x111) false QPointF(892,298)
[    50.23 ] D: findTrackIndexByPoint 2 QRect(0,222 1707x111) true QPointF(892,298)
[    59.69 ] D: LambdaFunctionPointerVoidReturnType class `public: __cdecl DGE::QtWrapper::QMLScene::QNode3D::QNode3D(class DGE::QtWrapper::QMLScene::QINode3D * __ptr64) __ptr64'::`2'::<lambda_1> Is Destroyed
[    59.69 ] D: LambdaFunctionPointerVoidReturnType class `public: __cdecl DGE::QtWrapper::QMLScene::QNode3D::QNode3D(class DGE::QtWrapper::QMLScene::QINode3D * __ptr64) __ptr64'::`2'::<lambda_1> Is Destroyed
[    59.69 ] D: LambdaFunctionPointerVoidReturnType class `private: void __cdecl DGE::QtWrapper::QMLScene::QThirdPersonController::commonInitConstructor(void) __ptr64'::`2'::<lambda_1> Is Destroyed
[    59.69 ] D: LambdaFunctionPointerVoidReturnType class `protected: void __cdecl DGE::QtWrapper::QMLScene::QPerspectiveCameraController::commonInitConstructor(void) __ptr64'::`2'::<lambda_1> Is Destroyed
[    59.69 ] D: LambdaFunctionPointerVoidReturnType class `protected: void __cdecl DGE::QtWrapper::QMLScene::QPerspectiveCameraController::commonInitConstructor(void) __ptr64'::`2'::<lambda_1> Is Destroyed
[    59.69 ] D: MemberFunctionPointer void (__cdecl DGE::QtWrapper::QMLScene::QComponent3D::*)(void) __ptr64 Is Destroyed
[    59.69 ] D: MemberFunctionPointer void (__cdecl DGE::QtWrapper::QMLScene::QThirdPersonController::*)(class std::shared_ptr<class DGE::Scene::Component>) __ptr64 Is Destroyed
[    59.69 ] D: LambdaFunctionPointerVoidReturnType class `public: __cdecl DGE::QtWrapper::QMLScene::QCameraComponent::QCameraComponent(class DGE::QtWrapper::QMLScene::QNode3D * __ptr64,bool) __ptr64'::`2'::<lambda_1> Is Destroyed
[    59.69 ] D: MemberFunctionPointer void (__cdecl DGE::QtWrapper::QMLScene::QComponent3D::*)(void) __ptr64 Is Destroyed
[    59.69 ] D: LambdaFunctionPointerVoidReturnType class `private: void __cdecl DGE::QtWrapper::QMLScene::QPerspectiveLens::commonInitConstructor(void) __ptr64'::`2'::<lambda_1> Is Destroyed
[    59.69 ] D: LambdaFunctionPointerVoidReturnType class `protected: void __cdecl DGE::QtWrapper::QMLScene::QPerspectiveCameraController::commonInitConstructor(void) __ptr64'::`2'::<lambda_1> Is Destroyed
[    59.69 ] D: LambdaFunctionPointerVoidReturnType class `private: void __cdecl DGE::QtWrapper::QMLScene::QThirdPersonController::commonInitConstructor(void) __ptr64'::`2'::<lambda_1> Is Destroyed
[    59.69 ] D: LambdaFunctionPointerVoidReturnType class `protected: void __cdecl DGE::QtWrapper::QMLScene::QPerspectiveCameraController::commonInitConstructor(void) __ptr64'::`2'::<lambda_1> Is Destroyed
[    59.70 ] D: MemberFunctionPointer void (__cdecl DGE::QtWrapper::QMLScene::QComponent3D::*)(void) __ptr64 Is Destroyed
[    59.70 ] D: MemberFunctionPointer void (__cdecl DGE::QtWrapper::QMLScene::QThirdPersonController::*)(class std::shared_ptr<class DGE::Scene::Component>) __ptr64 Is Destroyed
[    59.70 ] D: LambdaFunctionPointerVoidReturnType class `public: __cdecl DGE::QtWrapper::QMLScene::QCameraComponent::QCameraComponent(class DGE::QtWrapper::QMLScene::QNode3D * __ptr64,bool) __ptr64'::`2'::<lambda_1> Is Destroyed
[    59.70 ] D: MemberFunctionPointer void (__cdecl DGE::QtWrapper::QMLScene::QComponent3D::*)(void) __ptr64 Is Destroyed
[    59.70 ] D: LambdaFunctionPointerVoidReturnType class `private: void __cdecl DGE::QtWrapper::QMLScene::QOrthoLens::commonInitConstructor(void) __ptr64'::`2'::<lambda_1> Is Destroyed
[    59.70 ] D: LambdaFunctionPointerVoidReturnType class `protected: void __cdecl DGE::QtWrapper::QMLScene::QPerspectiveCameraController::commonInitConstructor(void) __ptr64'::`2'::<lambda_1> Is Destroyed
[    59.70 ] D: LambdaFunctionPointerVoidReturnType class `protected: void __cdecl DGE::QtWrapper::QMLScene::QPerspectiveCameraController::commonInitConstructor(void) __ptr64'::`2'::<lambda_1> Is Destroyed
[    59.70 ] D: LambdaFunctionPointerVoidReturnType class `private: void __cdecl DGE::QtWrapper::QMLScene::QThirdPersonController::commonInitConstructor(void) __ptr64'::`2'::<lambda_1> Is Destroyed
[    59.70 ] D: MemberFunctionPointer void (__cdecl DGE::QtWrapper::QMLScene::QComponent3D::*)(void) __ptr64 Is Destroyed
[    59.70 ] D: MemberFunctionPointer void (__cdecl DGE::QtWrapper::QMLScene::QThirdPersonController::*)(class std::shared_ptr<class DGE::Scene::Component>) __ptr64 Is Destroyed
[    59.70 ] D: LambdaFunctionPointerVoidReturnType class `public: __cdecl DGE::QtWrapper::QMLScene::QCameraComponent::QCameraComponent(class DGE::QtWrapper::QMLScene::QNode3D * __ptr64,bool) __ptr64'::`2'::<lambda_1> Is Destroyed
[    59.70 ] D: MemberFunctionPointer void (__cdecl DGE::QtWrapper::QMLScene::QComponent3D::*)(void) __ptr64 Is Destroyed
[    59.70 ] D: LambdaFunctionPointerVoidReturnType class `private: void __cdecl DGE::QtWrapper::QMLScene::QOrthoLens::commonInitConstructor(void) __ptr64'::`2'::<lambda_1> Is Destroyed
[    59.70 ] D: LambdaFunctionPointerVoidReturnType class `public: __cdecl DGE::QtWrapper::QMLScene::QCameraComponent::QCameraComponent(class DGE::QtWrapper::QMLScene::QNode3D * __ptr64,bool) __ptr64'::`2'::<lambda_1> Is Destroyed
[    59.70 ] D: MemberFunctionPointer void (__cdecl DGE::QtWrapper::QMLScene::QComponent3D::*)(void) __ptr64 Is Destroyed
[    59.70 ] D: LambdaFunctionPointerVoidReturnType class `private: void __cdecl DGE::QtWrapper::QMLScene::QPerspectiveLens::commonInitConstructor(void) __ptr64'::`2'::<lambda_1> Is Destroyed
[    59.70 ] D: LambdaFunctionPointerVoidReturnType class `private: void __cdecl DGE::QtWrapper::QMLScene::QThirdPersonController::commonInitConstructor(void) __ptr64'::`2'::<lambda_1> Is Destroyed
[    59.70 ] D: LambdaFunctionPointerVoidReturnType class `protected: void __cdecl DGE::QtWrapper::QMLScene::QPerspectiveCameraController::commonInitConstructor(void) __ptr64'::`2'::<lambda_1> Is Destroyed
[    59.70 ] D: LambdaFunctionPointerVoidReturnType class `protected: void __cdecl DGE::QtWrapper::QMLScene::QPerspectiveCameraController::commonInitConstructor(void) __ptr64'::`2'::<lambda_1> Is Destroyed
[    59.70 ] D: MemberFunctionPointer void (__cdecl DGE::QtWrapper::QMLScene::QComponent3D::*)(void) __ptr64 Is Destroyed
[    59.70 ] D: MemberFunctionPointer void (__cdecl DGE::QtWrapper::QMLScene::QThirdPersonController::*)(class std::shared_ptr<class DGE::Scene::Component>) __ptr64 Is Destroyed
[    59.71 ] D: LambdaFunctionPointerVoidReturnType class `public: __cdecl DGE::QtWrapper::QMLScene::QCameraComponent::QCameraComponent(class DGE::QtWrapper::QMLScene::QNode3D * __ptr64,bool) __ptr64'::`2'::<lambda_1> Is Destroyed
[    59.71 ] D: MemberFunctionPointer void (__cdecl DGE::QtWrapper::QMLScene::QComponent3D::*)(void) __ptr64 Is Destroyed
[    59.71 ] D: LambdaFunctionPointerVoidReturnType class `private: void __cdecl DGE::QtWrapper::QMLScene::QPerspectiveLens::commonInitConstructor(void) __ptr64'::`2'::<lambda_1> Is Destroyed
[    59.71 ] D: LambdaFunctionPointerVoidReturnType class `protected: void __cdecl DGE::QtWrapper::QMLScene::QPerspectiveCameraController::commonInitConstructor(void) __ptr64'::`2'::<lambda_1> Is Destroyed
[    59.71 ] D: LambdaFunctionPointerVoidReturnType class `protected: void __cdecl DGE::QtWrapper::QMLScene::QPerspectiveCameraController::commonInitConstructor(void) __ptr64'::`2'::<lambda_1> Is Destroyed
[    59.71 ] D: LambdaFunctionPointerVoidReturnType class `private: void __cdecl DGE::QtWrapper::QMLScene::QThirdPersonController::commonInitConstructor(void) __ptr64'::`2'::<lambda_1> Is Destroyed
[    59.71 ] D: MemberFunctionPointer void (__cdecl DGE::QtWrapper::QMLScene::QComponent3D::*)(void) __ptr64 Is Destroyed
[    59.71 ] D: MemberFunctionPointer void (__cdecl DGE::QtWrapper::QMLScene::QThirdPersonController::*)(class std::shared_ptr<class DGE::Scene::Component>) __ptr64 Is Destroyed
[    59.71 ] D: LambdaFunctionPointerVoidReturnType class `public: __cdecl DGE::QtWrapper::QMLScene::QCameraComponent::QCameraComponent(class DGE::QtWrapper::QMLScene::QNode3D * __ptr64,bool) __ptr64'::`2'::<lambda_1> Is Destroyed
[    59.71 ] D: MemberFunctionPointer void (__cdecl DGE::QtWrapper::QMLScene::QComponent3D::*)(void) __ptr64 Is Destroyed
[    59.71 ] D: LambdaFunctionPointerVoidReturnType class `private: void __cdecl DGE::QtWrapper::QMLScene::QOrthoLens::commonInitConstructor(void) __ptr64'::`2'::<lambda_1> Is Destroyed
[    59.71 ] D: LambdaFunctionPointerVoidReturnType class `protected: void __cdecl DGE::QtWrapper::QMLScene::QPerspectiveCameraController::commonInitConstructor(void) __ptr64'::`2'::<lambda_1> Is Destroyed
[    59.71 ] D: LambdaFunctionPointerVoidReturnType class `protected: void __cdecl DGE::QtWrapper::QMLScene::QPerspectiveCameraController::commonInitConstructor(void) __ptr64'::`2'::<lambda_1> Is Destroyed
[    59.71 ] D: LambdaFunctionPointerVoidReturnType class `private: void __cdecl DGE::QtWrapper::QMLScene::QThirdPersonController::commonInitConstructor(void) __ptr64'::`2'::<lambda_1> Is Destroyed
[    59.71 ] D: MemberFunctionPointer void (__cdecl DGE::QtWrapper::QMLScene::QComponent3D::*)(void) __ptr64 Is Destroyed
[    59.71 ] D: MemberFunctionPointer void (__cdecl DGE::QtWrapper::QMLScene::QThirdPersonController::*)(class std::shared_ptr<class DGE::Scene::Component>) __ptr64 Is Destroyed
[    59.71 ] D: LambdaFunctionPointerVoidReturnType class `public: __cdecl DGE::QtWrapper::QMLScene::QCameraComponent::QCameraComponent(class DGE::QtWrapper::QMLScene::QNode3D * __ptr64,bool) __ptr64'::`2'::<lambda_1> Is Destroyed
[    59.71 ] D: MemberFunctionPointer void (__cdecl DGE::QtWrapper::QMLScene::QComponent3D::*)(void) __ptr64 Is Destroyed
[    59.71 ] D: LambdaFunctionPointerVoidReturnType class `private: void __cdecl DGE::QtWrapper::QMLScene::QOrthoLens::commonInitConstructor(void) __ptr64'::`2'::<lambda_1> Is Destroyed
[    59.71 ] D: LambdaFunctionPointerVoidReturnType class `public: __cdecl DGE::QtWrapper::QMLScene::QCameraComponent::QCameraComponent(class DGE::QtWrapper::QMLScene::QNode3D * __ptr64,bool) __ptr64'::`2'::<lambda_1> Is Destroyed
[    59.71 ] D: MemberFunctionPointer void (__cdecl DGE::QtWrapper::QMLScene::QComponent3D::*)(void) __ptr64 Is Destroyed
[    59.71 ] D: LambdaFunctionPointerVoidReturnType class `private: void __cdecl DGE::QtWrapper::QMLScene::QPerspectiveLens::commonInitConstructor(void) __ptr64'::`2'::<lambda_1> Is Destroyed
[    59.71 ] D: LambdaFunctionPointerVoidReturnType class `protected: void __cdecl DGE::QtWrapper::QMLScene::QPerspectiveCameraController::commonInitConstructor(void) __ptr64'::`2'::<lambda_1> Is Destroyed
[    59.71 ] D: LambdaFunctionPointerVoidReturnType class `private: void __cdecl DGE::QtWrapper::QMLScene::QThirdPersonController::commonInitConstructor(void) __ptr64'::`2'::<lambda_1> Is Destroyed
[    59.71 ] D: LambdaFunctionPointerVoidReturnType class `protected: void __cdecl DGE::QtWrapper::QMLScene::QPerspectiveCameraController::commonInitConstructor(void) __ptr64'::`2'::<lambda_1> Is Destroyed
[    59.71 ] D: MemberFunctionPointer void (__cdecl DGE::QtWrapper::QMLScene::QComponent3D::*)(void) __ptr64 Is Destroyed
[    59.71 ] D: MemberFunctionPointer void (__cdecl DGE::QtWrapper::QMLScene::QThirdPersonController::*)(class std::shared_ptr<class DGE::Scene::Component>) __ptr64 Is Destroyed
[    59.71 ] D: LambdaFunctionPointerVoidReturnType class `public: __cdecl DGE::QtWrapper::QMLScene::QCameraComponent::QCameraComponent(class DGE::QtWrapper::QMLScene::QNode3D * __ptr64,bool) __ptr64'::`2'::<lambda_1> Is Destroyed
[    59.71 ] D: MemberFunctionPointer void (__cdecl DGE::QtWrapper::QMLScene::QComponent3D::*)(void) __ptr64 Is Destroyed
[    59.72 ] D: LambdaFunctionPointerVoidReturnType class `private: void __cdecl DGE::QtWrapper::QMLScene::QPerspectiveLens::commonInitConstructor(void) __ptr64'::`2'::<lambda_1> Is Destroyed
[    59.72 ] D: LambdaFunctionPointerVoidReturnType class `protected: void __cdecl DGE::QtWrapper::QMLScene::QPerspectiveCameraController::commonInitConstructor(void) __ptr64'::`2'::<lambda_1> Is Destroyed
[    59.72 ] D: LambdaFunctionPointerVoidReturnType class `protected: void __cdecl DGE::QtWrapper::QMLScene::QPerspectiveCameraController::commonInitConstructor(void) __ptr64'::`2'::<lambda_1> Is Destroyed
[    59.72 ] D: LambdaFunctionPointerVoidReturnType class `private: void __cdecl DGE::QtWrapper::QMLScene::QThirdPersonController::commonInitConstructor(void) __ptr64'::`2'::<lambda_1> Is Destroyed
[    59.72 ] D: MemberFunctionPointer void (__cdecl DGE::QtWrapper::QMLScene::QComponent3D::*)(void) __ptr64 Is Destroyed
[    59.72 ] D: MemberFunctionPointer void (__cdecl DGE::QtWrapper::QMLScene::QThirdPersonController::*)(class std::shared_ptr<class DGE::Scene::Component>) __ptr64 Is Destroyed
[    59.72 ] D: LambdaFunctionPointerVoidReturnType class `public: __cdecl DGE::QtWrapper::QMLScene::QCameraComponent::QCameraComponent(class DGE::QtWrapper::QMLScene::QNode3D * __ptr64,bool) __ptr64'::`2'::<lambda_1> Is Destroyed
[    59.72 ] D: MemberFunctionPointer void (__cdecl DGE::QtWrapper::QMLScene::QComponent3D::*)(void) __ptr64 Is Destroyed
[    59.72 ] D: LambdaFunctionPointerVoidReturnType class `private: void __cdecl DGE::QtWrapper::QMLScene::QOrthoLens::commonInitConstructor(void) __ptr64'::`2'::<lambda_1> Is Destroyed
[    59.72 ] D: LambdaFunctionPointerVoidReturnType class `protected: void __cdecl DGE::QtWrapper::QMLScene::QPerspectiveCameraController::commonInitConstructor(void) __ptr64'::`2'::<lambda_1> Is Destroyed
[    59.72 ] D: LambdaFunctionPointerVoidReturnType class `protected: void __cdecl DGE::QtWrapper::QMLScene::QPerspectiveCameraController::commonInitConstructor(void) __ptr64'::`2'::<lambda_1> Is Destroyed
[    59.72 ] D: LambdaFunctionPointerVoidReturnType class `private: void __cdecl DGE::QtWrapper::QMLScene::QThirdPersonController::commonInitConstructor(void) __ptr64'::`2'::<lambda_1> Is Destroyed
[    59.72 ] D: MemberFunctionPointer void (__cdecl DGE::QtWrapper::QMLScene::QComponent3D::*)(void) __ptr64 Is Destroyed
[    59.72 ] D: MemberFunctionPointer void (__cdecl DGE::QtWrapper::QMLScene::QThirdPersonController::*)(class std::shared_ptr<class DGE::Scene::Component>) __ptr64 Is Destroyed
[    59.72 ] D: LambdaFunctionPointerVoidReturnType class `public: __cdecl DGE::QtWrapper::QMLScene::QCameraComponent::QCameraComponent(class DGE::QtWrapper::QMLScene::QNode3D * __ptr64,bool) __ptr64'::`2'::<lambda_1> Is Destroyed
[    59.72 ] D: MemberFunctionPointer void (__cdecl DGE::QtWrapper::QMLScene::QComponent3D::*)(void) __ptr64 Is Destroyed
[    59.72 ] D: LambdaFunctionPointerVoidReturnType class `private: void __cdecl DGE::QtWrapper::QMLScene::QOrthoLens::commonInitConstructor(void) __ptr64'::`2'::<lambda_1> Is Destroyed
[    59.72 ] D: LambdaFunctionPointerVoidReturnType class `public: __cdecl DGE::QtWrapper::QMLScene::QCameraComponent::QCameraComponent(class DGE::QtWrapper::QMLScene::QNode3D * __ptr64,bool) __ptr64'::`2'::<lambda_1> Is Destroyed
[    59.72 ] D: MemberFunctionPointer void (__cdecl DGE::QtWrapper::QMLScene::QComponent3D::*)(void) __ptr64 Is Destroyed
[    59.72 ] D: LambdaFunctionPointerVoidReturnType class `private: void __cdecl DGE::QtWrapper::QMLScene::QPerspectiveLens::commonInitConstructor(void) __ptr64'::`2'::<lambda_1> Is Destroyed
[    59.80 ] D: LambdaFunctionPointerVoidReturnType class `public: __cdecl DGE::QtWrapper::QMLScene::QNode3D::QNode3D(class DGE::QtWrapper::QMLScene::QINode3D * __ptr64) __ptr64'::`2'::<lambda_1> Is Destroyed
[    59.80 ] D: LambdaFunctionPointerVoidReturnType class `public: __cdecl DGE::QtWrapper::QMLScene::QNode3D::QNode3D(class DGE::QtWrapper::QMLScene::QINode3D * __ptr64) __ptr64'::`2'::<lambda_1> Is Destroyed
[    59.80 ] D: LambdaFunctionPointerVoidReturnType class `public: __cdecl DGE::QtWrapper::QMLScene::QNode3D::QNode3D(class DGE::QtWrapper::QMLScene::QINode3D * __ptr64) __ptr64'::`2'::<lambda_1> Is Destroyed
[    59.80 ] D: LambdaFunctionPointerVoidReturnType class `public: __cdecl DGE::QtWrapper::QMLScene::QEntity3D::QEntity3D(class DGE::QtWrapper::QMLScene::QINode3D * __ptr64) __ptr64'::`2'::<lambda_2> Is Destroyed
[    59.80 ] D: LambdaFunctionPointerVoidReturnType class `public: __cdecl DGE::QtWrapper::QMLScene::QNode3D::QNode3D(class DGE::QtWrapper::QMLScene::QINode3D * __ptr64) __ptr64'::`2'::<lambda_1> Is Destroyed
[    59.80 ] D: LambdaFunctionPointerVoidReturnType class `public: __cdecl DGE::QtWrapper::QMLScene::QEntity3D::QEntity3D(class DGE::QtWrapper::QMLScene::QINode3D * __ptr64) __ptr64'::`2'::<lambda_1> Is Destroyed
[    59.80 ] D: LambdaFunctionPointerVoidReturnType class `public: __cdecl DGE::QtWrapper::QMLScene::QDShader::QDShader(class DGE::QtWrapper::QMLScene::QNode3D * __ptr64) __ptr64'::`2'::<lambda_2> Is Destroyed
[    59.80 ] D: LambdaFunctionPointerVoidReturnType class `public: __cdecl DGE::QtWrapper::QMLScene::QDShader::QDShader(class DGE::QtWrapper::QMLScene::QNode3D * __ptr64) __ptr64'::`2'::<lambda_1> Is Destroyed
[    59.80 ] D: MemberFunctionPointer void (__cdecl DGE::QtWrapper::QMLScene::QComponent3D::*)(void) __ptr64 Is Destroyed
[    59.80 ] D: LambdaFunctionPointerVoidReturnType class `public: __cdecl DGE::QtWrapper::QMLScene::QDModel::QDModel(class DGE::QtWrapper::QMLScene::QNode3D * __ptr64) __ptr64'::`2'::<lambda_2> Is Destroyed
[    59.80 ] D: MemberFunctionPointer void (__cdecl DGE::QtWrapper::QMLScene::QComponent3D::*)(void) __ptr64 Is Destroyed
[    59.80 ] D: LambdaFunctionPointerVoidReturnType class `public: __cdecl DGE::QtWrapper::QMLScene::QDModel::QDModel(class DGE::QtWrapper::QMLScene::QNode3D * __ptr64) __ptr64'::`2'::<lambda_1> Is Destroyed
[    59.80 ] D: LambdaFunctionPointerVoidReturnType class `public: __cdecl DGE::QtWrapper::QMLScene::Model::BuiltIn::QDSphere::QDSphere(class QObject * __ptr64) __ptr64'::`2'::<lambda_1> Is Destroyed
[    59.80 ] D: LambdaFunctionPointerVoidReturnType class `public: void __cdecl DGE::QtWrapper::QMLScene::QDModel::modelInitialize(void) __ptr64'::`5'::<lambda_1> Is Destroyed
[    59.80 ] D: LambdaFunctionPointerVoidReturnType class `public: __cdecl `public: __cdecl DGE::QtWrapper::QMLScene::QDModel::QDModel(class DGE::QtWrapper::QMLScene::QNode3D * __ptr64) __ptr64'::`2'::<lambda_2>::operator()(void)const __ptr64'::`2'::<lambda_1> Is Destroyed
[    59.80 ] D: MemberFunctionPointer void (__cdecl DGE::QtWrapper::QMLScene::QComponent3D::*)(void) __ptr64 Is Destroyed
[    59.80 ] D: LambdaFunctionPointerVoidReturnType class `public: __cdecl DGE::QtWrapper::QMLScene::QNode3D::QNode3D(class DGE::QtWrapper::QMLScene::QINode3D * __ptr64) __ptr64'::`2'::<lambda_1> Is Destroyed
[    59.80 ] D: LambdaFunctionPointerVoidReturnType class `public: __cdecl DGE::QtWrapper::QMLScene::QNode3D::QNode3D(class DGE::QtWrapper::QMLScene::QINode3D * __ptr64) __ptr64'::`2'::<lambda_1> Is Destroyed
[    59.80 ] D: LambdaFunctionPointerVoidReturnType class `public: __cdecl DGE::QtWrapper::QMLScene::QNode3D::QNode3D(class DGE::QtWrapper::QMLScene::QINode3D * __ptr64) __ptr64'::`2'::<lambda_1> Is Destroyed
[    59.80 ] D: LambdaFunctionPointerVoidReturnType class `public: __cdecl DGE::QtWrapper::QMLScene::QNode3D::QNode3D(class DGE::QtWrapper::QMLScene::QINode3D * __ptr64) __ptr64'::`2'::<lambda_1> Is Destroyed
[    59.81 ] D: LambdaFunctionPointerVoidReturnType class `public: __cdecl DGE::QtWrapper::QMLScene::QNode3D::QNode3D(class DGE::QtWrapper::QMLScene::QINode3D * __ptr64) __ptr64'::`2'::<lambda_1> Is Destroyed
[    59.81 ] D: LambdaFunctionPointerVoidReturnType class `public: __cdecl DGE::QtWrapper::QMLScene::QNode3D::QNode3D(class DGE::QtWrapper::QMLScene::QINode3D * __ptr64) __ptr64'::`2'::<lambda_1> Is Destroyed
[    59.81 ] D: LambdaFunctionPointerVoidReturnType class `public: __cdecl DGE::QtWrapper::QMLScene::QNode3D::QNode3D(class DGE::QtWrapper::QMLScene::QINode3D * __ptr64) __ptr64'::`2'::<lambda_1> Is Destroyed
[    59.81 ] D: LambdaFunctionPointerVoidReturnType class `public: __cdecl DGE::QtWrapper::QMLScene::QNode3D::QNode3D(class DGE::QtWrapper::QMLScene::QINode3D * __ptr64) __ptr64'::`2'::<lambda_1> Is Destroyed
[    59.81 ] D: LambdaFunctionPointerVoidReturnType class `public: __cdecl DGE::QtWrapper::QMLScene::QNode3D::QNode3D(class DGE::QtWrapper::QMLScene::QINode3D * __ptr64) __ptr64'::`2'::<lambda_1> Is Destroyed
[    59.81 ] D: LambdaFunctionPointerVoidReturnType class `public: __cdecl DGE::QtWrapper::QMLScene::QNode3D::QNode3D(class DGE::QtWrapper::QMLScene::QINode3D * __ptr64) __ptr64'::`2'::<lambda_1> Is Destroyed
[    59.81 ] D: LambdaFunctionPointerVoidReturnType class `public: __cdecl DGE::QtWrapper::QMLScene::QNode3D::QNode3D(class DGE::QtWrapper::QMLScene::QINode3D * __ptr64) __ptr64'::`2'::<lambda_1> Is Destroyed
[    59.81 ] D: LambdaFunctionPointerVoidReturnType class `public: __cdecl DGE::QtWrapper::QMLScene::QNode3D::QNode3D(class DGE::QtWrapper::QMLScene::QINode3D * __ptr64) __ptr64'::`2'::<lambda_1> Is Destroyed
[    59.81 ] D: LambdaFunctionPointerVoidReturnType class `public: __cdecl DGE::QtWrapper::QMLScene::QNode3D::QNode3D(class DGE::QtWrapper::QMLScene::QINode3D * __ptr64) __ptr64'::`2'::<lambda_1> Is Destroyed
[    59.81 ] D: LambdaFunctionPointerVoidReturnType class `public: __cdecl DGE::QtWrapper::QMLScene::QNode3D::QNode3D(class DGE::QtWrapper::QMLScene::QINode3D * __ptr64) __ptr64'::`2'::<lambda_1> Is Destroyed
[    59.81 ] D: LambdaFunctionPointerVoidReturnType class `public: __cdecl DGE::QtWrapper::QMLScene::QNode3D::QNode3D(class DGE::QtWrapper::QMLScene::QINode3D * __ptr64) __ptr64'::`2'::<lambda_1> Is Destroyed
[    59.81 ] D: LambdaFunctionPointerVoidReturnType class `public: __cdecl DGE::QtWrapper::QMLScene::QNode3D::QNode3D(class DGE::QtWrapper::QMLScene::QINode3D * __ptr64) __ptr64'::`2'::<lambda_1> Is Destroyed
[    59.81 ] D: LambdaFunctionPointerVoidReturnType class `public: __cdecl DGE::QtWrapper::QMLScene::QNode3D::QNode3D(class DGE::QtWrapper::QMLScene::QINode3D * __ptr64) __ptr64'::`2'::<lambda_1> Is Destroyed
[    59.81 ] D: LambdaFunctionPointerVoidReturnType class `public: __cdecl DGE::QtWrapper::QMLScene::QNode3D::QNode3D(class DGE::QtWrapper::QMLScene::QINode3D * __ptr64) __ptr64'::`2'::<lambda_1> Is Destroyed
[    59.81 ] D: LambdaFunctionPointerVoidReturnType class `public: __cdecl DGE::QtWrapper::QMLScene::QNode3D::QNode3D(class DGE::QtWrapper::QMLScene::QINode3D * __ptr64) __ptr64'::`2'::<lambda_1> Is Destroyed
[    59.81 ] D: LambdaFunctionPointerVoidReturnType class `public: __cdecl DGE::QtWrapper::QMLScene::QNode3D::QNode3D(class DGE::QtWrapper::QMLScene::QINode3D * __ptr64) __ptr64'::`2'::<lambda_1> Is Destroyed
[    59.81 ] D: Destroy Node with id: 2457 and name: 
[    59.81 ] D: LambdaFunctionPointerVoidReturnType class `public: __cdecl DGE::Scene::Node::Node(class std::shared_ptr<class DGE::GFX::GCore::Renderer>,class std::shared_ptr<class DGE::Core::System::Context>) __ptr64'::`2'::<lambda_1> Is Destroyed
[    59.81 ] D: LambdaFunctionPointerVoidReturnType class `public: void __cdecl DGE::QtWrapper::QMLScene::QNode3D::localScaleInitialize(void) __ptr64'::`5'::<lambda_1> Is Destroyed
[    59.81 ] D: LambdaFunctionPointerVoidReturnType class `public: void __cdecl DGE::QtWrapper::QMLScene::QNode3D::localScaleInitialize(void) __ptr64'::`5'::<lambda_1> Is Destroyed
[    59.81 ] D: LambdaFunctionPointerVoidReturnType class `public: void __cdecl DGE::QtWrapper::QMLScene::QNode3D::localScaleInitialize(void) __ptr64'::`5'::<lambda_1> Is Destroyed
[    59.81 ] D: LambdaFunctionPointerVoidReturnType class `public: void __cdecl DGE::QtWrapper::QMLScene::QNode3D::localRotationInitialize(void) __ptr64'::`5'::<lambda_1> Is Destroyed
[    59.81 ] D: LambdaFunctionPointerVoidReturnType class `public: void __cdecl DGE::QtWrapper::QMLScene::QNode3D::localRotationInitialize(void) __ptr64'::`5'::<lambda_1> Is Destroyed
[    59.81 ] D: LambdaFunctionPointerVoidReturnType class `public: void __cdecl DGE::QtWrapper::QMLScene::QNode3D::localRotationInitialize(void) __ptr64'::`5'::<lambda_1> Is Destroyed
[    59.81 ] D: LambdaFunctionPointerVoidReturnType class `public: void __cdecl DGE::QtWrapper::QMLScene::QNode3D::localPositionInitialize(void) __ptr64'::`5'::<lambda_1> Is Destroyed
[    59.81 ] D: LambdaFunctionPointerVoidReturnType class `public: void __cdecl DGE::QtWrapper::QMLScene::QNode3D::localPositionInitialize(void) __ptr64'::`5'::<lambda_1> Is Destroyed
[    59.81 ] D: LambdaFunctionPointerVoidReturnType class `public: void __cdecl DGE::QtWrapper::QMLScene::QNode3D::localPositionInitialize(void) __ptr64'::`5'::<lambda_1> Is Destroyed
[    59.81 ] D: Destroy Node with id: 2458 and name: 
[    59.81 ] D: LambdaFunctionPointerVoidReturnType class `public: __cdecl DGE::Scene::DEntity::DEntity(class std::shared_ptr<class DGE::GFX::GCore::Renderer>,class std::shared_ptr<class DGE::Core::System::Context>) __ptr64'::`2'::<lambda_1> Is Destroyed
[    59.81 ] D: Destroy Node with id: 2458 and name: 
[    59.81 ] D: LambdaFunctionPointerVoidReturnType class `public: __cdecl DGE::Scene::Node::Node(class std::shared_ptr<class DGE::GFX::GCore::Renderer>,class std::shared_ptr<class DGE::Core::System::Context>) __ptr64'::`2'::<lambda_1> Is Destroyed
[    59.81 ] D: LambdaFunctionPointerVoidReturnType class `public: void __cdecl DGE::QtWrapper::QMLScene::QNode3D::localScaleInitialize(void) __ptr64'::`5'::<lambda_1> Is Destroyed
[    59.81 ] D: LambdaFunctionPointerVoidReturnType class `public: void __cdecl DGE::QtWrapper::QMLScene::QNode3D::localScaleInitialize(void) __ptr64'::`5'::<lambda_1> Is Destroyed
[    59.81 ] D: LambdaFunctionPointerVoidReturnType class `public: void __cdecl DGE::QtWrapper::QMLScene::QNode3D::localScaleInitialize(void) __ptr64'::`5'::<lambda_1> Is Destroyed
[    59.81 ] D: LambdaFunctionPointerVoidReturnType class `public: void __cdecl DGE::QtWrapper::QMLScene::QNode3D::localScaleInitialize(void) __ptr64'::`5'::<lambda_1> Is Destroyed
[    59.81 ] D: LambdaFunctionPointerVoidReturnType class `public: void __cdecl DGE::QtWrapper::QMLScene::QNode3D::localScaleInitialize(void) __ptr64'::`5'::<lambda_1> Is Destroyed
[    59.81 ] D: LambdaFunctionPointerVoidReturnType class `public: void __cdecl DGE::QtWrapper::QMLScene::QNode3D::localScaleInitialize(void) __ptr64'::`5'::<lambda_1> Is Destroyed
[    59.81 ] D: LambdaFunctionPointerVoidReturnType class `public: void __cdecl DGE::QtWrapper::QMLScene::QNode3D::localRotationInitialize(void) __ptr64'::`5'::<lambda_1> Is Destroyed
[    59.81 ] D: LambdaFunctionPointerVoidReturnType class `public: void __cdecl DGE::QtWrapper::QMLScene::QNode3D::localRotationInitialize(void) __ptr64'::`5'::<lambda_1> Is Destroyed
[    59.81 ] D: LambdaFunctionPointerVoidReturnType class `public: void __cdecl DGE::QtWrapper::QMLScene::QNode3D::localRotationInitialize(void) __ptr64'::`5'::<lambda_1> Is Destroyed
[    59.81 ] D: LambdaFunctionPointerVoidReturnType class `public: void __cdecl DGE::QtWrapper::QMLScene::QNode3D::localRotationInitialize(void) __ptr64'::`5'::<lambda_1> Is Destroyed
[    59.81 ] D: LambdaFunctionPointerVoidReturnType class `public: void __cdecl DGE::QtWrapper::QMLScene::QNode3D::localRotationInitialize(void) __ptr64'::`5'::<lambda_1> Is Destroyed
[    59.81 ] D: LambdaFunctionPointerVoidReturnType class `public: void __cdecl DGE::QtWrapper::QMLScene::QNode3D::localRotationInitialize(void) __ptr64'::`5'::<lambda_1> Is Destroyed
[    59.81 ] D: LambdaFunctionPointerVoidReturnType class `public: void __cdecl DGE::QtWrapper::QMLScene::QNode3D::localPositionInitialize(void) __ptr64'::`5'::<lambda_1> Is Destroyed
[    59.81 ] D: LambdaFunctionPointerVoidReturnType class `public: void __cdecl DGE::QtWrapper::QMLScene::QNode3D::localPositionInitialize(void) __ptr64'::`5'::<lambda_1> Is Destroyed
[    59.81 ] D: LambdaFunctionPointerVoidReturnType class `public: void __cdecl DGE::QtWrapper::QMLScene::QNode3D::localPositionInitialize(void) __ptr64'::`5'::<lambda_1> Is Destroyed
[    59.81 ] D: LambdaFunctionPointerVoidReturnType class `public: void __cdecl DGE::QtWrapper::QMLScene::QNode3D::localPositionInitialize(void) __ptr64'::`5'::<lambda_1> Is Destroyed
[    59.81 ] D: LambdaFunctionPointerVoidReturnType class `public: void __cdecl DGE::QtWrapper::QMLScene::QNode3D::localPositionInitialize(void) __ptr64'::`5'::<lambda_1> Is Destroyed
[    59.81 ] D: LambdaFunctionPointerVoidReturnType class `public: void __cdecl DGE::QtWrapper::QMLScene::QNode3D::localPositionInitialize(void) __ptr64'::`5'::<lambda_1> Is Destroyed
[    59.81 ] D: Destroy Node with id: 2459 and name: 
[    59.81 ] D: LambdaFunctionPointerVoidReturnType class `public: __cdecl DGE::Scene::Node::Node(class std::shared_ptr<class DGE::GFX::GCore::Renderer>,class std::shared_ptr<class DGE::Core::System::Context>) __ptr64'::`2'::<lambda_1> Is Destroyed
[    59.81 ] D: LambdaFunctionPointerVoidReturnType class `public: __cdecl DGE::Scene::AnimationController::AnimationController(class std::shared_ptr<class DGE::GFX::GCore::Renderer>,class std::shared_ptr<class DGE::Core::System::Context>) __ptr64'::`2'::<lambda_1> Is Destroyed
[    59.81 ] D: LambdaFunctionPointerVoidReturnType class `public: virtual bool __cdecl DGE::Scene::AnimationController::initialize(class std::map<class DGE::Core::BaseType::DString,class std::any,struct std::less<class DGE::Core::BaseType::DString>,class std::allocator<struct std::pair<class DGE::Core::BaseType::DString const ,class std::any> > > & __ptr64) __ptr64'::`2'::<lambda_2> Is Destroyed
[    59.81 ] D: LambdaFunctionPointer class `public: virtual bool __cdecl DGE::Scene::AnimationController::initialize(class std::map<class DGE::Core::BaseType::DString,class std::any,struct std::less<class DGE::Core::BaseType::DString>,class std::allocator<struct std::pair<class DGE::Core::BaseType::DString const ,class std::any> > > & __ptr64) __ptr64'::`2'::<lambda_1> Is Destroyed
[    59.81 ] D: LambdaFunctionPointerVoidReturnType class `protected: virtual void __cdecl DGE::GFX::Primitives::Sphere::regenerateVertices(bool) __ptr64'::`5'::<lambda_2> Is Destroyed
[    59.81 ] D: LambdaFunctionPointerVoidReturnType class `protected: virtual void __cdecl DGE::GFX::Primitives::Sphere::regenerateVertices(bool) __ptr64'::`5'::<lambda_1> Is Destroyed
[    59.81 ] D: LambdaFunctionPointerVoidReturnType class `public: void __cdecl DGE::QtWrapper::QMLScene::QDShader::fragmentSourceCodeInitialize(void) __ptr64'::`5'::<lambda_1> Is Destroyed
[    59.81 ] D: LambdaFunctionPointerVoidReturnType class `public: void __cdecl DGE::QtWrapper::QMLScene::QDShader::fragmentSourceCodeInitialize(void) __ptr64'::`5'::<lambda_1> Is Destroyed
[    59.81 ] D: LambdaFunctionPointerVoidReturnType class `public: void __cdecl DGE::QtWrapper::QMLScene::QDShader::fragmentSourceCodeInitialize(void) __ptr64'::`5'::<lambda_1> Is Destroyed
[    59.81 ] D: LambdaFunctionPointerVoidReturnType class `public: void __cdecl DGE::QtWrapper::QMLScene::QDShader::fragmentSourceCodeInitialize(void) __ptr64'::`5'::<lambda_1> Is Destroyed
[    59.81 ] D: LambdaFunctionPointerVoidReturnType class `public: void __cdecl DGE::QtWrapper::QMLScene::QDShader::fragmentSourceCodeInitialize(void) __ptr64'::`5'::<lambda_1> Is Destroyed
[    59.81 ] D: LambdaFunctionPointerVoidReturnType class `public: void __cdecl DGE::QtWrapper::QMLScene::QDShader::vertexSourceCodeInitialize(void) __ptr64'::`5'::<lambda_1> Is Destroyed
[    59.81 ] D: LambdaFunctionPointerVoidReturnType class `public: void __cdecl DGE::QtWrapper::QMLScene::QDShader::vertexSourceCodeInitialize(void) __ptr64'::`5'::<lambda_1> Is Destroyed
[    59.81 ] D: LambdaFunctionPointerVoidReturnType class `public: void __cdecl DGE::QtWrapper::QMLScene::QDShader::vertexSourceCodeInitialize(void) __ptr64'::`5'::<lambda_1> Is Destroyed
[    59.81 ] D: LambdaFunctionPointerVoidReturnType class `public: void __cdecl DGE::QtWrapper::QMLScene::QDShader::vertexSourceCodeInitialize(void) __ptr64'::`5'::<lambda_1> Is Destroyed
[    59.81 ] D: LambdaFunctionPointerVoidReturnType class `public: void __cdecl DGE::QtWrapper::QMLScene::QDShader::vertexSourceCodeInitialize(void) __ptr64'::`5'::<lambda_1> Is Destroyed
[    59.82 ] D: -----Released Scene Module-----
[    59.82 ] D: -----Released GFX Module-----
[    59.82 ] I: Log: Log file closed, 1403/6/14 22:43:29
