[     4.47 ] I: Log: Log file open in follow path at 1403/5/30 00:15:57 : C:\Users\AmirPasha\Desktop\Rpos\DAW-3\build2019\debug\Logs\Launch.log
[     4.47 ] I: The subsystem "class DGE::Core::IO::LogSystem::Logger" is registered successfully.
[     4.47 ] I: The subsystem "class DGE::Core::Windows::QtWindow" is registered successfully.
[     4.47 ] D: API version is: 4.60 ,shader version is: 4.60
[     4.47 ] I: The subsystem "class DGE::GFX::GCore::QtWrapper::QtRenderer" is registered successfully.
[     4.47 ] I: Current Render API is: 4.60
[     4.47 ] I: The subsystem "Renderer" is registered successfully.
[     4.47 ] I: The subsystem "class DGE::Core::Platforms::QtPlatform" is registered successfully.
[     4.47 ] I: The subsystem "Platform" is registered successfully.
[     4.47 ] I: The subsystem "class DGE::Core::IO::FileSystem::FileManager" is registered successfully.
[     4.47 ] I: The subsystem "class DGE::Core::CoreModule" is registered successfully.
[     4.47 ] I: The subsystem "class DGE::Core::Profiling::Profiler" is registered successfully.
[     4.47 ] I: The subsystem "class DGE::GFX::DrawablesManager" is registered successfully.
[     4.47 ] I: #version 460 core
#define GLES_Ver 460

[     4.47 ] I: The subsystem "class DGE::GFX::GraphicsManager" is registered successfully.
[     4.47 ] I: The subsystem "class DGE::GFX::GFXModule" is registered successfully.
[     4.54 ] D: Shader Compile successfully.
[     4.54 ] I: The subsystem "class DGE::Scene::ViewportManager" is registered successfully.
[     4.54 ] I: The subsystem "class DGE::Scene::SceneModule" is registered successfully.
[     4.54 ] I: The subsystem "class DGE::Managers::RenderManager" is registered successfully.
[     4.54 ] D: Engine Enabled
[     4.54 ] I: The subsystem "class DGE::Engine" is registered successfully.
[     4.54 ] D: Node with id 1 is added to Qt layer
[     4.55 ] D: Node with id 2460 is added to Qt layer
[     4.55 ] D: Node with id 2462 is added to Qt layer
[     4.55 ] D: Node with id 2464 is added to Qt layer
[     4.55 ] D: Node with id 2466 is added to Qt layer
[     4.55 ] D: Node with id 2468 is added to Qt layer
[     4.55 ] D: Node with id 2470 is added to Qt layer
[     4.55 ] D: Node with id 2472 is added to Qt layer
[     4.55 ] D: Node with id 2474 is added to Qt layer
[     4.55 ] D: Node with id 2476 is added to Qt layer
[     4.55 ] D: Node with id 2478 is added to Qt layer
[     4.55 ] D: Node with id 2480 is added to Qt layer
[     4.55 ] D: Node with id 2482 is added to Qt layer
[     4.55 ] D: Node with id 2484 is added to Qt layer
[     4.55 ] D: Node with id 2486 is added to Qt layer
[     4.55 ] D: Node with id 2487 is added to Qt layer
[     4.55 ] D: Node with id 2489 is added to Qt layer
[     4.55 ] D: Node with id 2491 is added to Qt layer
[     4.55 ] D: Node with id 3 is added to Qt layer
[     4.55 ] D: Node with id 2493 is added to Qt layer
[     4.55 ] S: New view-port registered with id: 1
[     4.55 ] S: New view-port registered with id: 2
[     4.55 ] S: New view-port registered with id: 3
[     4.55 ] S: New view-port registered with id: 4
[     4.55 ] S: New view-port registered with id: 5
[     4.55 ] S: New view-port registered with id: 6
[     4.66 ] D: Creating suitable QNanoBackend for OpenGL 4.6 context
[     4.66 ] D: Using backend: "OpenGL 3"
[     4.70 ] W: Floating point comparison needs context sanity check
[     4.70 ] D: QT onScaleChanged=  144
[     4.71 ] W: ShaderEffectSource: 'recursive' must be set to true when rendering recursively.
[     4.72 ] W: ShaderEffectSource: 'recursive' must be set to true when rendering recursively.
[     4.72 ] W: ShaderEffectSource: 'recursive' must be set to true when rendering recursively.
[     4.73 ] W: ShaderEffectSource: 'recursive' must be set to true when rendering recursively.
[     4.89 ] D: Engine Started.
[     8.64 ] D: findTrackIndexByPoint 0 QRect(0,0 1707x111) false QPointF(59,169)
[     8.64 ] D: findTrackIndexByPoint 1 QRect(0,111 1707x111) true QPointF(59,169)
[     9.05 ] D: findTrackIndexByPoint 0 QRect(0,0 1707x111) false QPointF(110,171)
[     9.05 ] D: findTrackIndexByPoint 1 QRect(0,111 1707x111) true QPointF(110,171)
[     9.63 ] D: findTrackIndexByPoint 0 QRect(0,0 1707x111) false QPointF(115,186)
[     9.63 ] D: findTrackIndexByPoint 1 QRect(0,111 1707x111) true QPointF(115,186)
[    15.94 ] D: P1 -311
[    15.94 ] D: P1 -314
[    15.94 ] D: P1 -314
[    15.95 ] D: P1 -315
[    15.95 ] D: P1 -315
[    15.96 ] D: P1 -316
[    15.96 ] D: P1 -318
[    15.97 ] D: P1 -318
[    15.97 ] D: P1 -319
[    15.97 ] D: P1 -319
[    15.98 ] D: P1 -321
[    15.98 ] D: P1 -321
[    15.98 ] D: P1 -321
[    15.98 ] D: P1 -321
[    16.00 ] D: P1 -321
[    16.00 ] D: P1 -321
[    16.00 ] D: P1 -321
[    16.01 ] D: P1 -321
[    16.01 ] D: P1 -321
[    16.02 ] D: P1 -321
[    16.03 ] D: P1 -321
[    16.03 ] D: P1 -321
[    16.03 ] D: P1 -321
[    16.05 ] D: P1 -321
[    16.05 ] D: P1 -321
[    16.05 ] D: P1 -321
[    16.05 ] D: P1 -321
[    16.05 ] D: P1 -321
[    16.06 ] D: P1 -320
[    16.06 ] D: P1 -320
[    16.07 ] D: P1 -320
[    16.07 ] D: P1 -320
[    16.07 ] D: P1 -319
[    16.08 ] D: P1 -318
[    16.08 ] D: P1 -318
[    16.08 ] D: P1 -317
[    16.08 ] D: P1 -317
[    16.09 ] D: P1 -316
[    16.10 ] D: P1 -315
[    16.10 ] D: P1 -315
[    16.10 ] D: P1 -314
[    16.11 ] D: P1 -314
[    16.11 ] D: P1 -310
[    16.11 ] D: P1 -309
[    16.12 ] D: P1 -309
[    16.12 ] D: P1 -308
[    16.13 ] D: P1 -307
[    16.13 ] D: P1 -305
[    16.13 ] D: P1 -304
[    16.13 ] D: P1 -303
[    16.14 ] D: P1 -303
[    16.15 ] D: P1 -302
[    16.15 ] D: P1 -301
[    16.15 ] D: P1 -300
[    16.15 ] D: P1 -300
[    16.15 ] D: P1 -299
[    16.16 ] D: P1 -299
[    16.16 ] D: P1 -297
[    16.17 ] D: P1 -297
[    16.17 ] D: P1 -297
[    16.17 ] D: P1 -297
[    16.18 ] D: P1 -295
[    16.18 ] D: P1 -295
[    16.18 ] D: P1 -294
[    16.18 ] D: P1 -294
[    16.19 ] D: P1 -293
[    16.20 ] D: P1 -292
[    16.20 ] D: P1 -292
[    16.20 ] D: P1 -292
[    16.21 ] D: P1 -291
[    16.21 ] D: P1 -290
[    16.22 ] D: P1 -290
[    16.22 ] D: P1 -290
[    16.22 ] D: P1 -290
[    16.23 ] D: P1 -290
[    16.23 ] D: P1 -290
[    16.23 ] D: P1 -290
[    16.24 ] D: P1 -290
[    16.25 ] D: P1 -290
[    16.25 ] D: P1 -290
[    16.25 ] D: P1 -290
[    16.25 ] D: P1 -290
[    16.25 ] D: P1 -290
[    16.26 ] D: P1 -290
[    16.26 ] D: P1 -290
[    16.28 ] D: P1 -290
[    16.59 ] D: sltPositionChanged 485099
[    16.59 ] D: frame_offset 0 0 10
[    16.60 ] D: frame_offset 0 1 10
[    16.60 ] D: frame_offset 0 2 10
[    16.60 ] D: findOverlayItems 1 1
[    16.60 ] D: "{d828da23-4411-404d-b499-e5b52f831adc}" i.value()->sampleClip()->startTime()  11000 26483.9 26483.9 11000
[    16.60 ] D: findOverlayItems
[    16.60 ] D: sltPositionChanged 485099
[    16.60 ] D: frame_offset 0 0 10
[    16.60 ] D: frame_offset 0 1 10
[    16.60 ] D: frame_offset 0 2 10
[    16.61 ] D: frame_offset 0 3 10
[    16.61 ] D: frame_offset 0 4 10
[    26.70 ] D: createSelectedPoints 1 -1
[    26.70 ] W: ShaderEffectSource: 'recursive' must be set to true when rendering recursively.
[    27.90 ] D: findTrackIndexByPoint 0 QRect(0,0 1707x111) false QPointF(152,144)
[    27.90 ] D: findTrackIndexByPoint 1 QRect(0,111 1707x111) true QPointF(152,144)
[    27.92 ] D: createSelectedPoints 1 -1
[    27.94 ] D: _automationChanging true
[    27.94 ] D: mouseMove2
[    27.95 ] D: _automationChanging true
[    27.95 ] D: mouseMove2
[    27.96 ] D: _automationChanging true
[    27.96 ] D: mouseMove2
[    27.96 ] D: _automationChanging true
[    27.96 ] D: mouseMove2
[    27.97 ] D: _automationChanging true
[    27.97 ] D: mouseMove2
[    27.98 ] D: _automationChanging true
[    27.98 ] D: mouseMove2
[    27.98 ] D: _automationChanging true
[    27.98 ] D: mouseMove2
[    27.98 ] D: _automationChanging true
[    27.98 ] D: mouseMove2
[    28.00 ] D: _automationChanging true
[    28.00 ] D: mouseMove2
[    28.00 ] D: _automationChanging true
[    28.00 ] D: mouseMove2
[    28.00 ] D: _automationChanging true
[    28.00 ] D: mouseMove2
[    28.01 ] D: _automationChanging true
[    28.01 ] D: _pointActive1 false true false
[    28.01 ] D: _currentMouseY 152 160 152 144 QSizeF(0, 16)
[    28.02 ] D: mouseMove2
[    28.02 ] D: _automationChanging true
[    28.02 ] D: _currentMouseY 152 177 152 144 QSizeF(0, 17)
[    28.02 ] D: mouseMove2
[    28.02 ] D: isAutomated 1
[    28.02 ] D: isAutomated 0
[    28.02 ] D: isAutomated 0
[    28.03 ] D: _automationChanging true
[    28.03 ] D: _pointActive2 false 1
[    28.03 ] D: createSelectedPoints 1 -1
[    28.03 ] D: _currentMouseY 152 195 152 144 QSizeF(0, 18)
[    28.03 ] D: mouseMove2
[    28.04 ] D: _automationChanging true
[    28.04 ] D: _currentMouseY 153 200 152 144 QSizeF(1, 5)
[    28.04 ] D: mouseMove2
[    28.04 ] D: _automationChanging true
[    28.04 ] D: _currentMouseY 153 201 152 144 QSizeF(0, 1)
[    28.04 ] D: mouseMove2
[    28.05 ] D: _automationChanging true
[    28.05 ] D: _pointActive2 false 1
[    28.05 ] D: createSelectedPoints 1 -1
[    28.05 ] D: _currentMouseY 153 203 152 144 QSizeF(0, 2)
[    28.05 ] D: mouseMove2
[    28.05 ] D: _automationChanging true
[    28.05 ] D: _currentMouseY 153 204 152 144 QSizeF(0, 1)
[    28.05 ] D: mouseMove2
[    28.07 ] D: _automationChanging true
[    28.07 ] D: _pointActive2 false 1
[    28.07 ] D: createSelectedPoints 1 -1
[    28.07 ] D: _currentMouseY 153 206 152 144 QSizeF(0, 2)
[    28.07 ] D: mouseMove2
[    28.08 ] D: _automationChanging true
[    28.08 ] D: _pointActive2 false 1
[    28.08 ] D: createSelectedPoints 1 -1
[    28.08 ] D: _currentMouseY 153 207 152 144 QSizeF(0, 1)
[    28.08 ] D: mouseMove2
[    28.09 ] D: _automationChanging true
[    28.09 ] D: _currentMouseY 153 209 152 144 QSizeF(0, 2)
[    28.09 ] D: mouseMove2
[    28.10 ] D: _automationChanging true
[    28.10 ] D: _pointActive2 false 1
[    28.10 ] D: createSelectedPoints 1 -1
[    28.10 ] D: _currentMouseY 153 210 152 144 QSizeF(0, 1)
[    28.10 ] D: mouseMove2
[    28.12 ] D: _automationChanging true
[    28.12 ] D: _pointActive2 false 1
[    28.12 ] D: createSelectedPoints 1 -1
[    28.12 ] D: _currentMouseY 153 212 152 144 QSizeF(0, 2)
[    28.12 ] D: mouseMove2
[    28.12 ] D: _automationChanging true
[    28.12 ] D: _currentMouseY 153 213 152 144 QSizeF(0, 1)
[    28.12 ] D: mouseMove2
[    28.13 ] D: _pointActive2 false 1
[    28.13 ] D: createSelectedPoints 1 -1
[    28.15 ] D: _automationChanging true
[    28.15 ] D: _currentMouseY 153 215 152 144 QSizeF(0, 2)
[    28.15 ] D: mouseMove2
[    28.17 ] D: _automationChanging true
[    28.17 ] D: _pointActive2 false 1
[    28.17 ] D: createSelectedPoints 1 -1
[    28.17 ] D: _currentMouseY 153 216 152 144 QSizeF(0, 1)
[    28.17 ] D: mouseMove2
[    28.18 ] D: _automationChanging true
[    28.18 ] D: _pointActive2 false 1
[    28.18 ] D: createSelectedPoints 1 -1
[    28.18 ] D: _currentMouseY 153 216 152 144 QSizeF(0, 0)
[    28.19 ] D: mouseMove2
[    28.19 ] D: _automationChanging true
[    28.19 ] D: _currentMouseY 153 217 152 144 QSizeF(0, 1)
[    28.19 ] D: mouseMove2
[    28.20 ] D: _pointActive2 false 1
[    28.20 ] D: createSelectedPoints 1 -1
[    28.21 ] D: _automationChanging true
[    28.21 ] D: _currentMouseY 153 218 152 144 QSizeF(0, 2)
[    28.21 ] D: mouseMove2
[    28.23 ] D: _automationChanging true
[    28.23 ] D: _pointActive2 false 1
[    28.23 ] D: createSelectedPoints 1 -1
[    28.24 ] D: _currentMouseY 153 218 152 144 QSizeF(0, 1)
[    28.24 ] D: mouseMove2
[    28.25 ] D: _pointActive2 false 1
[    28.25 ] D: createSelectedPoints 1 -1
[    28.25 ] D: _automationChanging true
[    28.25 ] D: _currentMouseY 152 218 152 144 QSizeF(-1, 2)
[    28.25 ] D: mouseMove2
[    28.26 ] D: _automationChanging true
[    28.27 ] D: _pointActive2 false 1
[    28.27 ] D: createSelectedPoints 1 -1
[    28.27 ] D: _currentMouseY 152 218 152 144 QSizeF(0, 0)
[    28.27 ] D: mouseMove2
[    28.27 ] D: _automationChanging true
[    28.27 ] D: _currentMouseY 152 218 152 144 QSizeF(0, 1)
[    28.27 ] D: mouseMove2
[    28.28 ] D: _automationChanging true
[    28.28 ] D: _pointActive2 false 1
[    28.28 ] D: createSelectedPoints 1 -1
[    28.28 ] D: _currentMouseY 152 218 152 144 QSizeF(0, 0)
[    28.28 ] D: mouseMove2
[    28.30 ] D: _pointActive2 false 1
[    28.30 ] D: createSelectedPoints 1 -1
[    28.79 ] D: _automationChanging true
[    28.79 ] D: _currentMouseY 152 217 152 144 QSizeF(0, -1)
[    28.79 ] D: mouseMove2
[    28.80 ] D: _automationChanging true
[    28.80 ] D: _currentMouseY 152 217 152 144 QSizeF(0, 0)
[    28.80 ] D: mouseMove2
[    28.82 ] D: _automationChanging true
[    28.82 ] D: _pointActive2 false 1
[    28.82 ] D: createSelectedPoints 1 -1
[    28.82 ] D: _currentMouseY 152 216 152 144 QSizeF(0, -1)
[    28.82 ] D: mouseMove2
[    28.82 ] D: _automationChanging true
[    28.82 ] D: _currentMouseY 153 214 152 144 QSizeF(1, -2)
[    28.82 ] D: mouseMove2
[    28.83 ] D: _automationChanging true
[    28.83 ] D: _pointActive2 false 1
[    28.83 ] D: createSelectedPoints 1 -1
[    28.83 ] D: _currentMouseY 153 213 152 144 QSizeF(0, -1)
[    28.84 ] D: mouseMove2
[    28.85 ] D: _automationChanging true
[    28.85 ] D: _pointActive2 false 1
[    28.85 ] D: createSelectedPoints 1 -1
[    28.85 ] D: _currentMouseY 154 212 152 144 QSizeF(1, -1)
[    28.85 ] D: mouseMove2
[    28.87 ] D: _automationChanging true
[    28.87 ] D: _pointActive2 false 1
[    28.87 ] D: createSelectedPoints 1 -1
[    28.87 ] D: _currentMouseY 154 211 152 144 QSizeF(0, -1)
[    28.87 ] D: mouseMove2
[    28.88 ] D: _automationChanging true
[    28.88 ] D: _pointActive2 false 1
[    28.88 ] D: createSelectedPoints 1 -1
[    28.89 ] D: _currentMouseY 155 210 152 144 QSizeF(1, -1)
[    28.89 ] D: mouseMove2
[    28.89 ] D: _automationChanging true
[    28.89 ] D: _currentMouseY 155 209 152 144 QSizeF(0, -1)
[    28.89 ] D: mouseMove2
[    28.90 ] D: _automationChanging true
[    28.90 ] D: _pointActive2 false 1
[    28.90 ] D: createSelectedPoints 1 -1
[    28.90 ] D: _currentMouseY 155 209 152 144 QSizeF(0, 0)
[    28.90 ] D: mouseMove2
[    28.90 ] D: _automationChanging true
[    28.90 ] D: _currentMouseY 156 209 152 144 QSizeF(1, 0)
[    28.91 ] D: mouseMove2
[    28.92 ] D: _automationChanging true
[    28.92 ] D: _pointActive2 false 1
[    28.92 ] D: createSelectedPoints 1 -1
[    28.92 ] D: _currentMouseY 156 209 152 144 QSizeF(0, 0)
[    28.92 ] D: mouseMove2
[    28.92 ] D: _automationChanging true
[    28.92 ] D: _currentMouseY 156 208 152 144 QSizeF(0, -1)
[    28.92 ] D: mouseMove2
[    28.93 ] D: _automationChanging true
[    28.93 ] D: _pointActive2 false 1
[    28.93 ] D: createSelectedPoints 1 -1
[    28.93 ] D: _currentMouseY 156 208 152 144 QSizeF(0, 0)
[    28.93 ] D: mouseMove2
[    28.95 ] D: _pointActive2 false 1
[    28.95 ] D: createSelectedPoints 1 -1
[    28.97 ] D: _automationChanging true
[    28.97 ] D: _currentMouseY 156 207 152 144 QSizeF(0, -1)
[    28.97 ] D: mouseMove2
[    28.98 ] D: _automationChanging true
[    28.98 ] D: _pointActive2 false 1
[    28.98 ] D: createSelectedPoints 1 -1
[    28.98 ] D: _currentMouseY 156 207 152 144 QSizeF(0, 0)
[    28.99 ] D: mouseMove2
[    29.00 ] D: _pointActive2 false 1
[    29.00 ] D: createSelectedPoints 1 -1
[    29.03 ] D: _automationChanging true
[    29.03 ] D: _currentMouseY 156 206 152 144 QSizeF(0, -1)
[    29.03 ] D: mouseMove2
[    29.05 ] D: _automationChanging true
[    29.05 ] D: _pointActive2 false 1
[    29.05 ] D: createSelectedPoints 1 -1
[    29.05 ] D: _currentMouseY 156 206 152 144 QSizeF(0, 0)
[    29.05 ] D: mouseMove2
[    29.07 ] D: _pointActive2 false 1
[    29.07 ] D: createSelectedPoints 1 -1
[    29.07 ] D: _automationChanging true
[    29.07 ] D: _currentMouseY 157 206 152 144 QSizeF(1, 0)
[    29.07 ] D: mouseMove2
[    29.08 ] D: _automationChanging true
[    29.08 ] D: _pointActive2 false 1
[    29.08 ] D: createSelectedPoints 1 -1
[    29.08 ] D: _currentMouseY 157 205 152 144 QSizeF(0, -1)
[    29.08 ] D: mouseMove2
[    29.10 ] D: _automationChanging true
[    29.10 ] D: _pointActive2 false 1
[    29.10 ] D: createSelectedPoints 1 -1
[    29.10 ] D: _currentMouseY 157 205 152 144 QSizeF(0, 0)
[    29.10 ] D: mouseMove2
[    29.12 ] D: _pointActive2 false 1
[    29.12 ] D: createSelectedPoints 1 -1
[    29.31 ] D: _automationChanging true
[    29.31 ] D: _currentMouseY 158 204 152 144 QSizeF(1, -1)
[    29.31 ] D: mouseMove2
[    29.32 ] D: _automationChanging true
[    29.32 ] D: _pointActive2 false 1
[    29.32 ] D: createSelectedPoints 1 -1
[    29.32 ] D: _currentMouseY 158 204 152 144 QSizeF(0, 0)
[    29.32 ] D: mouseMove2
[    29.33 ] D: _pointActive2 false 1
[    29.33 ] D: createSelectedPoints 1 -1
[    29.34 ] D: _automationChanging true
[    29.34 ] D: _currentMouseY 158 203 152 144 QSizeF(0, -1)
[    29.34 ] D: mouseMove2
[    29.35 ] D: _automationChanging true
[    29.35 ] D: _pointActive2 false 1
[    29.35 ] D: createSelectedPoints 1 -1
[    29.35 ] D: _currentMouseY 158 203 152 144 QSizeF(0, 0)
[    29.35 ] D: mouseMove2
[    29.36 ] D: _automationChanging true
[    29.37 ] D: _pointActive2 false 1
[    29.37 ] D: createSelectedPoints 1 -1
[    29.37 ] D: _currentMouseY 158 202 152 144 QSizeF(0, -1)
[    29.37 ] D: mouseMove2
[    29.38 ] D: _automationChanging true
[    29.38 ] D: _pointActive2 false 1
[    29.38 ] D: createSelectedPoints 1 -1
[    29.38 ] D: _currentMouseY 158 202 152 144 QSizeF(0, 0)
[    29.39 ] D: mouseMove2
[    29.40 ] D: _pointActive2 false 1
[    29.40 ] D: createSelectedPoints 1 -1
[    29.41 ] D: _automationChanging true
[    29.41 ] D: _currentMouseY 158 201 152 144 QSizeF(0, -1)
[    29.41 ] D: mouseMove2
[    29.43 ] D: _pointActive2 false 1
[    29.43 ] D: createSelectedPoints 1 -1
[    29.46 ] D: _automationChanging true
[    29.46 ] D: _currentMouseY 159 199 152 144 QSizeF(1, -2)
[    29.46 ] D: mouseMove2
[    29.48 ] D: _automationChanging true
[    29.48 ] D: _pointActive2 false 1
[    29.48 ] D: createSelectedPoints 1 -1
[    29.48 ] D: _currentMouseY 159 198 152 144 QSizeF(0, -1)
[    29.49 ] D: mouseMove2
[    29.50 ] D: _automationChanging true
[    29.50 ] D: _pointActive2 false 1
[    29.50 ] D: createSelectedPoints 1 -1
[    29.50 ] D: _currentMouseY 159 198 152 144 QSizeF(0, 0)
[    29.50 ] D: mouseMove2
[    29.52 ] D: _pointActive2 false 1
[    29.52 ] D: createSelectedPoints 1 -1
[    29.53 ] D: _automationChanging true
[    29.53 ] D: _currentMouseY 159 197 152 144 QSizeF(0, -1)
[    29.53 ] D: mouseMove2
[    29.55 ] D: _pointActive2 false 1
[    29.55 ] D: createSelectedPoints 1 -1
[    29.57 ] D: _automationChanging true
[    29.57 ] D: _currentMouseY 159 195 152 144 QSizeF(0, -2)
[    29.57 ] D: mouseMove2
[    29.58 ] D: _automationChanging true
[    29.58 ] D: _pointActive2 false 1
[    29.58 ] D: createSelectedPoints 1 -1
[    29.58 ] D: _currentMouseY 159 194 152 144 QSizeF(0, -1)
[    29.58 ] D: mouseMove2
[    29.60 ] D: _automationChanging true
[    29.60 ] D: _pointActive2 false 1
[    29.60 ] D: createSelectedPoints 1 -1
[    29.60 ] D: _currentMouseY 159 194 152 144 QSizeF(0, 0)
[    29.60 ] D: mouseMove2
[    29.62 ] D: _pointActive2 false 1
[    29.62 ] D: createSelectedPoints 1 -1
[    29.63 ] D: _automationChanging true
[    29.63 ] D: _currentMouseY 159 193 152 144 QSizeF(0, -1)
[    29.63 ] D: mouseMove2
[    29.65 ] D: _pointActive2 false 1
[    29.65 ] D: createSelectedPoints 1 -1
[    29.70 ] D: _automationChanging true
[    29.70 ] D: _currentMouseY 160 192 152 144 QSizeF(1, -1)
[    29.71 ] D: mouseMove2
[    29.72 ] D: _automationChanging true
[    29.72 ] D: _pointActive2 false 1
[    29.72 ] D: createSelectedPoints 1 -1
[    29.72 ] D: _currentMouseY 160 191 152 144 QSizeF(0, -1)
[    29.72 ] D: mouseMove2
[    29.73 ] D: _pointActive2 false 1
[    29.73 ] D: createSelectedPoints 1 -1
[    29.76 ] D: _automationChanging true
[    29.76 ] D: _currentMouseY 160 189 152 144 QSizeF(0, -2)
[    29.76 ] D: mouseMove2
[    29.76 ] D: _automationChanging true
[    29.76 ] D: _currentMouseY 160 186 152 144 QSizeF(0, -3)
[    29.76 ] D: mouseMove2
[    29.78 ] D: _automationChanging true
[    29.78 ] D: _pointActive2 false 1
[    29.78 ] D: createSelectedPoints 1 -1
[    29.78 ] D: _currentMouseY 160 185 152 144 QSizeF(0, -1)
[    29.79 ] D: mouseMove2
[    29.80 ] D: _automationChanging true
[    29.80 ] D: _pointActive2 false 1
[    29.80 ] D: createSelectedPoints 1 -1
[    29.80 ] D: _currentMouseY 160 185 152 144 QSizeF(0, 0)
[    29.80 ] D: mouseMove2
[    29.82 ] D: _pointActive2 false 1
[    29.82 ] D: createSelectedPoints 1 -1
[    29.84 ] D: _automationChanging true
[    29.84 ] D: _currentMouseY 160 184 152 144 QSizeF(0, -1)
[    29.85 ] D: mouseMove2
[    29.87 ] D: _pointActive2 false 1
[    29.87 ] D: createSelectedPoints 1 -1
[    29.88 ] D: _automationChanging true
[    29.88 ] D: _currentMouseY 160 182 152 144 QSizeF(0, -2)
[    29.88 ] D: mouseMove2
[    29.90 ] D: _automationChanging true
[    29.90 ] D: _pointActive2 false 1
[    29.90 ] D: createSelectedPoints 1 -1
[    29.90 ] D: _currentMouseY 160 181 152 144 QSizeF(0, -1)
[    29.90 ] D: mouseMove2
[    29.92 ] D: _pointActive2 false 1
[    29.92 ] D: createSelectedPoints 1 -1
[    29.92 ] D: _automationChanging true
[    29.92 ] D: _currentMouseY 160 179 152 144 QSizeF(0, -2)
[    29.92 ] D: mouseMove2
[    29.93 ] D: _automationChanging true
[    29.93 ] D: _currentMouseY 160 179 152 144 QSizeF(0, 0)
[    29.93 ] D: mouseMove2
[    29.95 ] D: _automationChanging true
[    29.95 ] D: _pointActive2 false 1
[    29.95 ] D: createSelectedPoints 1 -1
[    29.95 ] D: _currentMouseY 160 178 152 144 QSizeF(0, -1)
[    29.95 ] D: mouseMove2
[    29.97 ] D: _pointActive2 false 1
[    29.97 ] D: createSelectedPoints 1 -1
[    29.98 ] D: _automationChanging true
[    29.98 ] D: _currentMouseY 160 176 152 144 QSizeF(0, -2)
[    29.98 ] D: mouseMove2
[    30.00 ] D: _automationChanging true
[    30.00 ] D: _pointActive2 false 1
[    30.00 ] D: createSelectedPoints 1 -1
[    30.00 ] D: _currentMouseY 160 176 152 144 QSizeF(0, 0)
[    30.00 ] D: mouseMove2
[    30.01 ] D: _automationChanging true
[    30.02 ] D: _pointActive2 false 1
[    30.02 ] D: createSelectedPoints 1 -1
[    30.02 ] D: _currentMouseY 160 175 152 144 QSizeF(0, -1)
[    30.02 ] D: mouseMove2
[    30.03 ] D: _automationChanging true
[    30.03 ] D: _pointActive2 false 1
[    30.03 ] D: createSelectedPoints 1 -1
[    30.03 ] D: _currentMouseY 160 175 152 144 QSizeF(0, 0)
[    30.03 ] D: mouseMove2
[    30.05 ] D: _automationChanging true
[    30.05 ] D: _pointActive2 false 1
[    30.05 ] D: createSelectedPoints 1 -1
[    30.05 ] D: _currentMouseY 160 174 152 144 QSizeF(0, -1)
[    30.05 ] D: mouseMove2
[    30.07 ] D: _pointActive2 false 1
[    30.07 ] D: createSelectedPoints 1 -1
[    30.08 ] D: _automationChanging true
[    30.08 ] D: _currentMouseY 160 172 152 144 QSizeF(0, -2)
[    30.08 ] D: mouseMove2
[    30.10 ] D: _pointActive2 false 1
[    30.10 ] D: createSelectedPoints 1 -1
[    30.12 ] D: _automationChanging true
[    30.12 ] D: _currentMouseY 160 169 152 144 QSizeF(0, -3)
[    30.12 ] D: mouseMove2
[    30.13 ] D: _automationChanging true
[    30.13 ] D: _pointActive2 false 1
[    30.13 ] D: createSelectedPoints 1 -1
[    30.13 ] D: _currentMouseY 160 168 152 144 QSizeF(0, -1)
[    30.14 ] D: mouseMove2
[    30.15 ] D: _pointActive2 false 1
[    30.15 ] D: createSelectedPoints 1 -1
[    30.15 ] D: _automationChanging true
[    30.15 ] D: _currentMouseY 160 166 152 144 QSizeF(0, -2)
[    30.15 ] D: mouseMove2
[    30.17 ] D: _automationChanging true
[    30.17 ] D: _pointActive2 false 1
[    30.17 ] D: createSelectedPoints 1 -1
[    30.17 ] D: _currentMouseY 160 166 152 144 QSizeF(0, 0)
[    30.17 ] D: mouseMove2
[    30.18 ] D: _automationChanging true
[    30.18 ] D: _pointActive2 false 1
[    30.18 ] D: createSelectedPoints 1 -1
[    30.18 ] D: _currentMouseY 160 165 152 144 QSizeF(0, -1)
[    30.18 ] D: mouseMove2
[    30.20 ] D: _automationChanging true
[    30.20 ] D: _pointActive2 false 1
[    30.20 ] D: createSelectedPoints 1 -1
[    30.20 ] D: _currentMouseY 160 165 152 144 QSizeF(0, 0)
[    30.20 ] D: mouseMove2
[    30.22 ] D: _automationChanging true
[    30.22 ] D: _pointActive2 false 1
[    30.22 ] D: createSelectedPoints 1 -1
[    30.22 ] D: _currentMouseY 160 164 152 144 QSizeF(0, -1)
[    30.22 ] D: mouseMove2
[    30.23 ] D: _pointActive2 false 1
[    30.23 ] D: createSelectedPoints 1 -1
[    30.31 ] D: _automationChanging true
[    30.31 ] D: _currentMouseY 160 162 152 144 QSizeF(0, -2)
[    30.31 ] D: mouseMove2
[    30.32 ] D: _automationChanging true
[    30.32 ] D: _pointActive2 false 1
[    30.32 ] D: createSelectedPoints 1 -1
[    30.32 ] D: _currentMouseY 160 162 152 144 QSizeF(0, 0)
[    30.32 ] D: mouseMove2
[    30.33 ] D: _pointActive2 false 1
[    30.33 ] D: createSelectedPoints 1 -1
[    30.33 ] D: _automationChanging true
[    30.33 ] D: _currentMouseY 160 161 152 144 QSizeF(0, -1)
[    30.33 ] D: mouseMove2
[    30.35 ] D: _automationChanging true
[    30.35 ] D: _pointActive2 false 1
[    30.35 ] D: createSelectedPoints 1 -1
[    30.35 ] D: _currentMouseY 160 161 152 144 QSizeF(0, 0)
[    30.35 ] D: mouseMove2
[    30.37 ] D: _pointActive2 false 1
[    30.37 ] D: createSelectedPoints 1 -1
[    30.41 ] D: _automationChanging true
[    30.41 ] D: _currentMouseY 160 160 152 144 QSizeF(0, -1)
[    30.42 ] D: mouseMove2
[    30.43 ] D: _pointActive2 false 1
[    30.43 ] D: createSelectedPoints 1 -1
[    30.44 ] D: _automationChanging true
[    30.45 ] D: _currentMouseY 160 158 152 144 QSizeF(0, -2)
[    30.45 ] D: mouseMove2
[    30.47 ] D: _automationChanging true
[    30.47 ] D: _pointActive2 false 1
[    30.47 ] D: createSelectedPoints 1 -1
[    30.47 ] D: _currentMouseY 160 158 152 144 QSizeF(0, 0)
[    30.47 ] D: mouseMove2
[    30.48 ] D: _automationChanging true
[    30.48 ] D: _pointActive2 false 1
[    30.48 ] D: createSelectedPoints 1 -1
[    30.48 ] D: _currentMouseY 160 157 152 144 QSizeF(0, -1)
[    30.49 ] D: mouseMove2
[    30.50 ] D: _automationChanging true
[    30.50 ] D: _pointActive2 false 1
[    30.50 ] D: createSelectedPoints 1 -1
[    30.50 ] D: _currentMouseY 160 157 152 144 QSizeF(0, 0)
[    30.50 ] D: mouseMove2
[    30.52 ] D: _pointActive2 false 1
[    30.52 ] D: createSelectedPoints 1 -1
[    30.52 ] D: _automationChanging true
[    30.52 ] D: _currentMouseY 160 156 152 144 QSizeF(0, -1)
[    30.52 ] D: mouseMove2
[    30.53 ] D: _automationChanging true
[    30.53 ] D: _pointActive2 false 1
[    30.53 ] D: createSelectedPoints 1 -1
[    30.53 ] D: _currentMouseY 160 156 152 144 QSizeF(0, 0)
[    30.53 ] D: mouseMove2
[    30.55 ] D: _pointActive2 false 1
[    30.55 ] D: createSelectedPoints 1 -1
[    30.64 ] D: _automationChanging true
[    30.64 ] D: _currentMouseY 160 155 152 144 QSizeF(0, -1)
[    30.64 ] D: mouseMove2
[    30.65 ] D: _automationChanging true
[    30.65 ] D: _currentMouseY 160 155 152 144 QSizeF(0, 0)
[    30.65 ] D: mouseMove2
[    30.66 ] D: _pointActive2 false 1
[    30.66 ] D: createSelectedPoints 1 -1
[    30.69 ] D: _automationChanging true
[    30.70 ] D: _currentMouseY 160 154 152 144 QSizeF(0, -1)
[    30.70 ] D: mouseMove2
[    30.72 ] D: _automationChanging true
[    30.72 ] D: _pointActive2 false 1
[    30.72 ] D: createSelectedPoints 1 -1
[    30.72 ] D: _currentMouseY 160 154 152 144 QSizeF(0, 0)
[    30.72 ] D: mouseMove2
[    30.73 ] D: _pointActive2 false 1
[    30.73 ] D: createSelectedPoints 1 -1
[    30.85 ] D: _automationChanging true
[    30.85 ] D: _currentMouseY 160 153 152 144 QSizeF(0, -1)
[    30.85 ] D: mouseMove2
[    30.87 ] D: _pointActive2 false 1
[    30.87 ] D: createSelectedPoints 1 -1
[    30.90 ] D: _automationChanging true
[    30.90 ] D: _currentMouseY 160 151 152 144 QSizeF(0, -2)
[    30.90 ] D: mouseMove2
[    30.92 ] D: _automationChanging true
[    30.92 ] D: _pointActive2 false 1
[    30.92 ] D: createSelectedPoints 1 -1
[    30.92 ] D: _currentMouseY 161 150 152 144 QSizeF(1, -1)
[    30.92 ] D: mouseMove2
[    30.93 ] D: _automationChanging true
[    30.93 ] D: _pointActive2 false 1
[    30.93 ] D: createSelectedPoints 1 -1
[    30.93 ] D: _currentMouseY 161 150 152 144 QSizeF(0, 0)
[    30.94 ] D: mouseMove2
[    30.95 ] D: _pointActive2 false 1
[    30.95 ] D: createSelectedPoints 1 -1
[    30.98 ] D: _automationChanging true
[    30.98 ] D: _currentMouseY 162 149 152 144 QSizeF(1, -1)
[    30.98 ] D: mouseMove2
[    31.00 ] D: _automationChanging true
[    31.00 ] D: _pointActive2 false 1
[    31.00 ] D: createSelectedPoints 1 -1
[    31.00 ] D: _currentMouseY 162 149 152 144 QSizeF(0, 0)
[    31.00 ] D: mouseMove2
[    31.01 ] D: _automationChanging true
[    31.02 ] D: _pointActive2 false 1
[    31.02 ] D: createSelectedPoints 1 -1
[    31.02 ] D: _currentMouseY 162 148 152 144 QSizeF(0, -1)
[    31.02 ] D: mouseMove2
[    31.03 ] D: _automationChanging true
[    31.03 ] D: _pointActive2 false 1
[    31.03 ] D: createSelectedPoints 1 -1
[    31.03 ] D: _currentMouseY 162 148 152 144 QSizeF(0, 0)
[    31.03 ] D: mouseMove2
[    31.05 ] D: _automationChanging true
[    31.05 ] D: _pointActive2 false 1
[    31.05 ] D: createSelectedPoints 1 -1
[    31.05 ] D: _currentMouseY 163 148 152 144 QSizeF(1, 0)
[    31.05 ] D: mouseMove2
[    31.05 ] D: _automationChanging true
[    31.05 ] D: _currentMouseY 163 147 152 144 QSizeF(0, -1)
[    31.05 ] D: mouseMove2
[    31.07 ] D: _automationChanging true
[    31.07 ] D: _pointActive2 false 1
[    31.07 ] D: createSelectedPoints 1 -1
[    31.07 ] D: _currentMouseY 163 147 152 144 QSizeF(0, 0)
[    31.07 ] D: mouseMove2
[    31.07 ] D: _automationChanging true
[    31.07 ] D: _currentMouseY 163 146 152 144 QSizeF(0, -1)
[    31.07 ] D: mouseMove2
[    31.08 ] D: _automationChanging true
[    31.08 ] D: _pointActive2 false 1
[    31.08 ] D: createSelectedPoints 1 -1
[    31.08 ] D: _currentMouseY 163 146 152 144 QSizeF(0, 0)
[    31.08 ] D: mouseMove2
[    31.10 ] D: _automationChanging true
[    31.10 ] D: _pointActive2 false 1
[    31.10 ] D: createSelectedPoints 1 -1
[    31.10 ] D: _currentMouseY 164 146 152 144 QSizeF(1, 0)
[    31.10 ] D: mouseMove2
[    31.11 ] D: _automationChanging true
[    31.12 ] D: _pointActive2 false 1
[    31.12 ] D: createSelectedPoints 1 -1
[    31.12 ] D: _currentMouseY 164 146 152 144 QSizeF(0, 0)
[    31.12 ] D: mouseMove2
[    31.13 ] D: _pointActive2 false 1
[    31.13 ] D: createSelectedPoints 1 -1
[    31.17 ] D: _automationChanging true
[    31.17 ] D: _currentMouseY 164 145 152 144 QSizeF(0, -1)
[    31.17 ] D: mouseMove2
[    31.18 ] D: _automationChanging true
[    31.18 ] D: _pointActive2 false 1
[    31.18 ] D: createSelectedPoints 1 -1
[    31.18 ] D: _currentMouseY 164 145 152 144 QSizeF(0, 0)
[    31.18 ] D: mouseMove2
[    31.20 ] D: _automationChanging true
[    31.20 ] D: _pointActive2 false 1
[    31.20 ] D: createSelectedPoints 1 -1
[    31.20 ] D: _currentMouseY 165 144 152 144 QSizeF(1, -1)
[    31.20 ] D: mouseMove2
[    31.22 ] D: _automationChanging true
[    31.22 ] D: _pointActive2 false 1
[    31.22 ] D: createSelectedPoints 1 -1
[    31.22 ] D: _currentMouseY 165 143 152 144 QSizeF(0, -1)
[    31.22 ] D: mouseMove2
[    31.23 ] D: _automationChanging true
[    31.23 ] D: _pointActive2 false 1
[    31.23 ] D: createSelectedPoints 1 -1
[    31.23 ] D: _currentMouseY 165 143 152 144 QSizeF(0, 0)
[    31.24 ] D: mouseMove2
[    31.25 ] D: _pointActive2 false 1
[    31.25 ] D: createSelectedPoints 1 -1
[    31.27 ] D: _automationChanging true
[    31.27 ] D: _currentMouseY 165 142 152 144 QSizeF(0, -1)
[    31.27 ] D: mouseMove2
[    31.28 ] D: _automationChanging true
[    31.28 ] D: _currentMouseY 165 142 152 144 QSizeF(0, 0)
[    31.28 ] D: mouseMove2
[    31.30 ] D: _pointActive2 false 1
[    31.30 ] D: createSelectedPoints 1 -1
[    31.31 ] D: _automationChanging true
[    31.31 ] D: _currentMouseY 165 141 152 144 QSizeF(0, -1)
[    31.31 ] D: mouseMove2
[    31.31 ] D: _automationChanging true
[    31.31 ] D: _currentMouseY 165 141 152 144 QSizeF(0, 0)
[    31.31 ] D: mouseMove2
[    31.32 ] D: _pointActive2 false 1
[    31.32 ] D: createSelectedPoints 1 -1
[    31.39 ] D: _automationChanging true
[    31.39 ] D: _currentMouseY 165 140 152 144 QSizeF(0, -1)
[    31.39 ] D: mouseMove2
[    31.40 ] D: _automationChanging true
[    31.40 ] D: _currentMouseY 165 140 152 144 QSizeF(0, 0)
[    31.40 ] D: mouseMove2
[    31.42 ] D: _automationChanging true
[    31.42 ] D: _pointActive2 false 1
[    31.42 ] D: createSelectedPoints 1 -1
[    31.42 ] D: _currentMouseY 165 139 152 144 QSizeF(0, -1)
[    31.42 ] D: mouseMove2
[    31.43 ] D: _automationChanging true
[    31.43 ] D: _pointActive2 false 1
[    31.43 ] D: createSelectedPoints 1 -1
[    31.43 ] D: _currentMouseY 165 139 152 144 QSizeF(0, 0)
[    31.43 ] D: mouseMove2
[    31.44 ] D: _automationChanging true
[    31.44 ] D: _currentMouseY 165 138 152 144 QSizeF(0, -1)
[    31.44 ] D: mouseMove2
[    31.45 ] D: _automationChanging true
[    31.45 ] D: _pointActive2 false 1
[    31.45 ] D: createSelectedPoints 1 -1
[    31.45 ] D: _currentMouseY 165 138 152 144 QSizeF(0, 0)
[    31.45 ] D: mouseMove2
[    31.47 ] D: _automationChanging true
[    31.47 ] D: _pointActive2 false 1
[    31.47 ] D: createSelectedPoints 1 -1
[    31.47 ] D: _currentMouseY 165 138 152 144 QSizeF(0, -1)
[    31.47 ] D: mouseMove2
[    31.48 ] D: _automationChanging true
[    31.48 ] D: _pointActive2 false 1
[    31.48 ] D: createSelectedPoints 1 -1
[    31.48 ] D: _currentMouseY 165 138 152 144 QSizeF(0, 0)
[    31.49 ] D: mouseMove2
[    31.50 ] D: _pointActive2 false 1
[    31.50 ] D: createSelectedPoints 1 -1
[    31.55 ] D: _automationChanging true
[    31.55 ] D: _currentMouseY 165 138 152 144 QSizeF(0, -1)
[    31.55 ] D: mouseMove2
[    31.57 ] D: _automationChanging true
[    31.57 ] D: _pointActive2 false 1
[    31.57 ] D: createSelectedPoints 1 -1
[    31.57 ] D: _currentMouseY 165 138 152 144 QSizeF(0, 0)
[    31.57 ] D: mouseMove2
[    31.58 ] D: _pointActive2 false 1
[    31.58 ] D: createSelectedPoints 1 -1
[    31.63 ] D: _automationChanging true
[    31.63 ] D: _currentMouseY 165 138 152 144 QSizeF(0, -1)
[    31.63 ] D: mouseMove2
[    31.65 ] D: _automationChanging true
[    31.65 ] D: _pointActive2 false 1
[    31.65 ] D: createSelectedPoints 1 -1
[    31.65 ] D: _currentMouseY 165 138 152 144 QSizeF(0, 0)
[    31.65 ] D: mouseMove2
[    31.67 ] D: _pointActive2 false 1
[    31.67 ] D: createSelectedPoints 1 -1
[    31.73 ] D: _automationChanging true
[    31.73 ] D: _currentMouseY 165 138 152 144 QSizeF(0, -1)
[    31.73 ] D: mouseMove2
[    31.75 ] D: _automationChanging true
[    31.75 ] D: _pointActive2 false 1
[    31.75 ] D: createSelectedPoints 1 -1
[    31.75 ] D: _currentMouseY 165 138 152 144 QSizeF(0, 0)
[    31.75 ] D: mouseMove2
[    31.77 ] D: _pointActive2 false 1
[    31.77 ] D: createSelectedPoints 1 -1
[    32.20 ] D: _automationChanging true
[    32.20 ] D: _currentMouseY 165 139 152 144 QSizeF(0, 1)
[    32.21 ] D: mouseMove2
[    32.22 ] D: _pointActive2 false 1
[    32.22 ] D: createSelectedPoints 1 -1
[    32.22 ] D: _automationChanging true
[    32.22 ] D: _currentMouseY 165 141 152 144 QSizeF(0, 2)
[    32.22 ] D: mouseMove2
[    32.23 ] D: _automationChanging true
[    32.23 ] D: _pointActive2 false 1
[    32.23 ] D: createSelectedPoints 1 -1
[    32.24 ] D: _currentMouseY 165 142 152 144 QSizeF(0, 1)
[    32.24 ] D: mouseMove2
[    32.24 ] D: _automationChanging true
[    32.24 ] D: _currentMouseY 165 144 152 144 QSizeF(0, 2)
[    32.24 ] D: mouseMove2
[    32.25 ] D: _automationChanging true
[    32.25 ] D: _pointActive2 false 1
[    32.25 ] D: createSelectedPoints 1 -1
[    32.25 ] D: _currentMouseY 165 145 152 144 QSizeF(0, 1)
[    32.25 ] D: mouseMove2
[    32.25 ] D: _automationChanging true
[    32.25 ] D: _currentMouseY 165 147 152 144 QSizeF(0, 2)
[    32.25 ] D: mouseMove2
[    32.27 ] D: _automationChanging true
[    32.27 ] D: _pointActive2 false 1
[    32.27 ] D: createSelectedPoints 1 -1
[    32.27 ] D: _currentMouseY 165 148 152 144 QSizeF(0, 1)
[    32.27 ] D: mouseMove2
[    32.27 ] D: _automationChanging true
[    32.27 ] D: _currentMouseY 165 150 152 144 QSizeF(0, 2)
[    32.27 ] D: mouseMove2
[    32.28 ] D: _pointActive2 false 1
[    32.28 ] D: createSelectedPoints 1 -1
[    32.29 ] D: _automationChanging true
[    32.30 ] D: _currentMouseY 165 153 152 144 QSizeF(0, 3)
[    32.30 ] D: mouseMove2
[    32.30 ] D: _automationChanging true
[    32.30 ] D: _currentMouseY 165 157 152 144 QSizeF(0, 4)
[    32.30 ] D: mouseMove2
[    32.32 ] D: _automationChanging true
[    32.32 ] D: _pointActive2 false 1
[    32.32 ] D: createSelectedPoints 1 -1
[    32.32 ] D: _currentMouseY 165 158 152 144 QSizeF(0, 1)
[    32.32 ] D: mouseMove2
[    32.33 ] D: _pointActive2 false 1
[    32.33 ] D: createSelectedPoints 1 -1
[    32.34 ] D: _automationChanging true
[    32.34 ] D: _currentMouseY 165 160 152 144 QSizeF(0, 2)
[    32.34 ] D: mouseMove2
[    32.35 ] D: _automationChanging true
[    32.35 ] D: _pointActive2 false 1
[    32.35 ] D: createSelectedPoints 1 -1
[    32.35 ] D: _currentMouseY 165 161 152 144 QSizeF(0, 1)
[    32.35 ] D: mouseMove2
[    32.37 ] D: _automationChanging true
[    32.37 ] D: _pointActive2 false 1
[    32.37 ] D: createSelectedPoints 1 -1
[    32.37 ] D: _currentMouseY 165 163 152 144 QSizeF(0, 2)
[    32.37 ] D: mouseMove2
[    32.38 ] D: _automationChanging true
[    32.38 ] D: _pointActive2 false 1
[    32.38 ] D: createSelectedPoints 1 -1
[    32.38 ] D: _currentMouseY 165 163 152 144 QSizeF(0, 0)
[    32.39 ] D: mouseMove2
[    32.39 ] D: _automationChanging true
[    32.39 ] D: _currentMouseY 165 164 152 144 QSizeF(0, 1)
[    32.39 ] D: mouseMove2
[    32.40 ] D: _pointActive2 false 1
[    32.40 ] D: createSelectedPoints 1 -1
[    32.41 ] D: _automationChanging true
[    32.41 ] D: _currentMouseY 166 165 152 144 QSizeF(1, 1)
[    32.41 ] D: mouseMove2
[    32.42 ] D: _automationChanging true
[    32.42 ] D: _currentMouseY 166 166 152 144 QSizeF(0, 1)
[    32.42 ] D: mouseMove2
[    32.43 ] D: _automationChanging true
[    32.43 ] D: _pointActive2 false 1
[    32.43 ] D: createSelectedPoints 1 -1
[    32.44 ] D: _currentMouseY 166 166 152 144 QSizeF(0, 0)
[    32.44 ] D: mouseMove2
[    32.44 ] D: _automationChanging true
[    32.44 ] D: _currentMouseY 166 167 152 144 QSizeF(0, 1)
[    32.44 ] D: mouseMove2
[    32.45 ] D: _automationChanging true
[    32.45 ] D: _pointActive2 false 1
[    32.45 ] D: createSelectedPoints 1 -1
[    32.45 ] D: _currentMouseY 166 167 152 144 QSizeF(0, 0)
[    32.45 ] D: mouseMove2
[    32.47 ] D: _automationChanging true
[    32.47 ] D: _pointActive2 false 1
[    32.47 ] D: createSelectedPoints 1 -1
[    32.47 ] D: _currentMouseY 166 168 152 144 QSizeF(0, 1)
[    32.47 ] D: mouseMove2
[    32.48 ] D: _pointActive2 false 1
[    32.48 ] D: createSelectedPoints 1 -1
[    32.50 ] D: _automationChanging true
[    32.50 ] D: _currentMouseY 166 170 152 144 QSizeF(0, 2)
[    32.50 ] D: mouseMove2
[    32.52 ] D: _automationChanging true
[    32.52 ] D: _pointActive2 false 1
[    32.52 ] D: createSelectedPoints 1 -1
[    32.52 ] D: _currentMouseY 167 170 152 144 QSizeF(1, 0)
[    32.52 ] D: mouseMove2
[    32.53 ] D: _automationChanging true
[    32.53 ] D: _pointActive2 false 1
[    32.53 ] D: createSelectedPoints 1 -1
[    32.53 ] D: _currentMouseY 167 170 152 144 QSizeF(0, 0)
[    32.53 ] D: mouseMove2
[    32.55 ] D: _automationChanging true
[    32.55 ] D: _pointActive2 false 1
[    32.55 ] D: createSelectedPoints 1 -1
[    32.55 ] D: _currentMouseY 167 171 152 144 QSizeF(0, 1)
[    32.55 ] D: mouseMove2
[    32.56 ] D: _automationChanging true
[    32.57 ] D: _pointActive2 false 1
[    32.57 ] D: createSelectedPoints 1 -1
[    32.57 ] D: _currentMouseY 167 171 152 144 QSizeF(0, 0)
[    32.57 ] D: mouseMove2
[    32.58 ] D: _pointActive2 false 1
[    32.58 ] D: createSelectedPoints 1 -1
[    32.58 ] D: _automationChanging true
[    32.58 ] D: _currentMouseY 167 172 152 144 QSizeF(0, 1)
[    32.58 ] D: mouseMove2
[    32.60 ] D: _automationChanging true
[    32.60 ] D: _pointActive2 false 1
[    32.60 ] D: createSelectedPoints 1 -1
[    32.60 ] D: _currentMouseY 167 172 152 144 QSizeF(0, 0)
[    32.60 ] D: mouseMove2
[    32.62 ] D: _pointActive2 false 1
[    32.62 ] D: createSelectedPoints 1 -1
[    32.74 ] D: _automationChanging true
[    32.74 ] D: _currentMouseY 167 173 152 144 QSizeF(0, 1)
[    32.74 ] D: mouseMove2
[    32.74 ] D: _automationChanging true
[    32.74 ] D: _currentMouseY 167 173 152 144 QSizeF(0, 0)
[    32.75 ] D: mouseMove2
[    32.77 ] D: _pointActive2 false 1
[    32.77 ] D: createSelectedPoints 1 -1
[    32.77 ] D: _automationChanging true
[    32.77 ] D: _currentMouseY 167 174 152 144 QSizeF(0, 1)
[    32.77 ] D: mouseMove2
[    32.78 ] D: _automationChanging true
[    32.78 ] D: _pointActive2 false 1
[    32.78 ] D: createSelectedPoints 1 -1
[    32.78 ] D: _currentMouseY 167 174 152 144 QSizeF(0, 0)
[    32.79 ] D: mouseMove2
[    32.80 ] D: _pointActive2 false 1
[    32.80 ] D: createSelectedPoints 1 -1
[    32.82 ] D: _automationChanging true
[    32.82 ] D: _currentMouseY 167 175 152 144 QSizeF(0, 1)
[    32.82 ] D: mouseMove2
[    32.83 ] D: _pointActive2 false 1
[    32.83 ] D: createSelectedPoints 1 -1
[    32.86 ] D: _automationChanging true
[    32.86 ] D: _currentMouseY 167 177 152 144 QSizeF(0, 2)
[    32.86 ] D: mouseMove2
[    32.86 ] D: _automationChanging true
[    32.86 ] D: _currentMouseY 167 177 152 144 QSizeF(0, 0)
[    32.86 ] D: mouseMove2
[    32.88 ] D: _automationChanging true
[    32.88 ] D: _pointActive2 false 1
[    32.88 ] D: createSelectedPoints 1 -1
[    32.88 ] D: _currentMouseY 167 178 152 144 QSizeF(0, 1)
[    32.88 ] D: mouseMove2
[    32.90 ] D: _pointActive2 false 1
[    32.90 ] D: createSelectedPoints 1 -1
[    32.91 ] D: _automationChanging true
[    32.91 ] D: _currentMouseY 167 180 152 144 QSizeF(0, 2)
[    32.91 ] D: mouseMove2
[    32.93 ] D: _automationChanging true
[    32.93 ] D: _pointActive2 false 1
[    32.93 ] D: createSelectedPoints 1 -1
[    32.94 ] D: _currentMouseY 167 180 152 144 QSizeF(0, 0)
[    32.94 ] D: mouseMove2
[    32.94 ] D: _automationChanging true
[    32.94 ] D: _currentMouseY 167 181 152 144 QSizeF(0, 1)
[    32.94 ] D: mouseMove2
[    32.95 ] D: _pointActive2 false 1
[    32.95 ] D: createSelectedPoints 1 -1
[    32.96 ] D: _automationChanging true
[    32.96 ] D: _currentMouseY 167 183 152 144 QSizeF(0, 2)
[    32.96 ] D: mouseMove2
[    32.97 ] D: _automationChanging true
[    32.97 ] D: _pointActive2 false 1
[    32.97 ] D: createSelectedPoints 1 -1
[    32.97 ] D: _currentMouseY 167 183 152 144 QSizeF(0, 0)
[    32.97 ] D: mouseMove2
[    32.98 ] D: _pointActive2 false 1
[    32.98 ] D: createSelectedPoints 1 -1
[    32.99 ] D: _automationChanging true
[    32.99 ] D: _currentMouseY 167 184 152 144 QSizeF(0, 1)
[    32.99 ] D: mouseMove2
[    33.00 ] D: _pointActive2 false 1
[    33.00 ] D: createSelectedPoints 1 -1
[    33.03 ] D: _automationChanging true
[    33.03 ] D: _currentMouseY 167 186 152 144 QSizeF(0, 2)
[    33.03 ] D: mouseMove2
[    33.03 ] D: _automationChanging true
[    33.03 ] D: _currentMouseY 167 186 152 144 QSizeF(0, 0)
[    33.03 ] D: mouseMove2
[    33.05 ] D: _automationChanging true
[    33.05 ] D: _pointActive2 false 1
[    33.05 ] D: createSelectedPoints 1 -1
[    33.05 ] D: _currentMouseY 167 187 152 144 QSizeF(0, 1)
[    33.05 ] D: mouseMove2
[    33.07 ] D: _pointActive2 false 1
[    33.07 ] D: createSelectedPoints 1 -1
[    33.08 ] D: _automationChanging true
[    33.08 ] D: _currentMouseY 167 189 152 144 QSizeF(0, 2)
[    33.08 ] D: mouseMove2
[    33.10 ] D: _automationChanging true
[    33.10 ] D: _pointActive2 false 1
[    33.10 ] D: createSelectedPoints 1 -1
[    33.10 ] D: _currentMouseY 167 190 152 144 QSizeF(0, 1)
[    33.10 ] D: mouseMove2
[    33.12 ] D: _pointActive2 false 1
[    33.12 ] D: createSelectedPoints 1 -1
[    33.13 ] D: _automationChanging true
[    33.13 ] D: _currentMouseY 168 192 152 144 QSizeF(1, 2)
[    33.14 ] D: mouseMove2
[    33.15 ] D: _automationChanging true
[    33.15 ] D: _pointActive2 false 1
[    33.15 ] D: createSelectedPoints 1 -1
[    33.15 ] D: _currentMouseY 168 192 152 144 QSizeF(0, 0)
[    33.15 ] D: mouseMove2
[    33.15 ] D: _automationChanging true
[    33.15 ] D: _currentMouseY 168 193 152 144 QSizeF(0, 1)
[    33.15 ] D: mouseMove2
[    33.17 ] D: _automationChanging true
[    33.17 ] D: _pointActive2 false 1
[    33.17 ] D: createSelectedPoints 1 -1
[    33.17 ] D: _currentMouseY 168 193 152 144 QSizeF(0, 0)
[    33.17 ] D: mouseMove2
[    33.18 ] D: _pointActive2 false 1
[    33.18 ] D: createSelectedPoints 1 -1
[    33.20 ] D: _automationChanging true
[    33.20 ] D: _currentMouseY 168 194 152 144 QSizeF(0, 1)
[    33.20 ] D: mouseMove2
[    33.22 ] D: _automationChanging true
[    33.22 ] D: _pointActive2 false 1
[    33.22 ] D: createSelectedPoints 1 -1
[    33.22 ] D: _currentMouseY 168 194 152 144 QSizeF(0, 0)
[    33.22 ] D: mouseMove2
[    33.23 ] D: _automationChanging true
[    33.23 ] D: _pointActive2 false 1
[    33.23 ] D: createSelectedPoints 1 -1
[    33.23 ] D: _currentMouseY 168 195 152 144 QSizeF(0, 1)
[    33.24 ] D: mouseMove2
[    33.25 ] D: _automationChanging true
[    33.25 ] D: _pointActive2 false 1
[    33.25 ] D: createSelectedPoints 1 -1
[    33.25 ] D: _currentMouseY 168 195 152 144 QSizeF(0, 0)
[    33.25 ] D: mouseMove2
[    33.26 ] D: _automationChanging true
[    33.27 ] D: _pointActive2 false 1
[    33.27 ] D: createSelectedPoints 1 -1
[    33.27 ] D: _currentMouseY 168 196 152 144 QSizeF(0, 1)
[    33.27 ] D: mouseMove2
[    33.28 ] D: _automationChanging true
[    33.28 ] D: _pointActive2 false 1
[    33.28 ] D: createSelectedPoints 1 -1
[    33.28 ] D: _currentMouseY 168 198 152 144 QSizeF(0, 2)
[    33.28 ] D: mouseMove2
[    33.30 ] D: _automationChanging true
[    33.30 ] D: _pointActive2 false 1
[    33.30 ] D: createSelectedPoints 1 -1
[    33.30 ] D: _currentMouseY 168 199 152 144 QSizeF(0, 1)
[    33.30 ] D: mouseMove2
[    33.32 ] D: _pointActive2 false 1
[    33.32 ] D: createSelectedPoints 1 -1
[    33.35 ] D: _automationChanging true
[    33.35 ] D: _currentMouseY 168 201 152 144 QSizeF(0, 2)
[    33.35 ] D: mouseMove2
[    33.37 ] D: _automationChanging true
[    33.37 ] D: _pointActive2 false 1
[    33.37 ] D: createSelectedPoints 1 -1
[    33.37 ] D: _currentMouseY 168 202 152 144 QSizeF(0, 1)
[    33.37 ] D: mouseMove2
[    33.38 ] D: _pointActive2 false 1
[    33.38 ] D: createSelectedPoints 1 -1
[    33.39 ] D: _automationChanging true
[    33.39 ] D: _currentMouseY 168 204 152 144 QSizeF(0, 2)
[    33.39 ] D: mouseMove2
[    33.40 ] D: _automationChanging true
[    33.40 ] D: _currentMouseY 168 204 152 144 QSizeF(0, 0)
[    33.40 ] D: mouseMove2
[    33.42 ] D: _automationChanging true
[    33.42 ] D: _pointActive2 false 1
[    33.42 ] D: createSelectedPoints 1 -1
[    33.42 ] D: _currentMouseY 168 205 152 144 QSizeF(0, 1)
[    33.42 ] D: mouseMove2
[    33.42 ] D: _automationChanging true
[    33.42 ] D: _currentMouseY 168 207 152 144 QSizeF(0, 2)
[    33.42 ] D: mouseMove2
[    33.43 ] D: _automationChanging true
[    33.43 ] D: _pointActive2 false 1
[    33.43 ] D: createSelectedPoints 1 -1
[    33.44 ] D: _currentMouseY 168 208 152 144 QSizeF(0, 1)
[    33.44 ] D: mouseMove2
[    33.45 ] D: _pointActive2 false 1
[    33.45 ] D: createSelectedPoints 1 -1
[    33.46 ] D: _automationChanging true
[    33.46 ] D: _currentMouseY 168 210 152 144 QSizeF(0, 2)
[    33.46 ] D: mouseMove2
[    33.48 ] D: _automationChanging true
[    33.48 ] D: _pointActive2 false 1
[    33.48 ] D: createSelectedPoints 1 -1
[    33.49 ] D: _currentMouseY 168 211 152 144 QSizeF(0, 1)
[    33.49 ] D: mouseMove2
[    33.50 ] D: _automationChanging true
[    33.50 ] D: _pointActive2 false 1
[    33.50 ] D: createSelectedPoints 1 -1
[    33.50 ] D: _currentMouseY 168 211 152 144 QSizeF(0, 0)
[    33.50 ] D: mouseMove2
[    33.52 ] D: _pointActive2 false 1
[    33.52 ] D: createSelectedPoints 1 -1
[    33.55 ] D: _automationChanging true
[    33.55 ] D: _currentMouseY 168 212 152 144 QSizeF(0, 1)
[    33.55 ] D: mouseMove2
[    33.56 ] D: _automationChanging true
[    33.57 ] D: _pointActive2 false 1
[    33.57 ] D: createSelectedPoints 1 -1
[    33.57 ] D: _currentMouseY 168 212 152 144 QSizeF(0, 0)
[    33.57 ] D: mouseMove2
[    33.58 ] D: _automationChanging true
[    33.58 ] D: _pointActive2 false 1
[    33.58 ] D: createSelectedPoints 1 -1
[    33.58 ] D: _currentMouseY 168 213 152 144 QSizeF(0, 1)
[    33.58 ] D: mouseMove2
[    33.60 ] D: _automationChanging true
[    33.60 ] D: _pointActive2 false 1
[    33.60 ] D: createSelectedPoints 1 -1
[    33.60 ] D: _currentMouseY 168 213 152 144 QSizeF(0, 0)
[    33.60 ] D: mouseMove2
[    33.62 ] D: _automationChanging true
[    33.62 ] D: _pointActive2 false 1
[    33.62 ] D: createSelectedPoints 1 -1
[    33.62 ] D: _currentMouseY 168 214 152 144 QSizeF(0, 1)
[    33.62 ] D: mouseMove2
[    33.63 ] D: _automationChanging true
[    33.63 ] D: _pointActive2 false 1
[    33.63 ] D: createSelectedPoints 1 -1
[    33.63 ] D: _currentMouseY 168 214 152 144 QSizeF(0, 0)
[    33.64 ] D: mouseMove2
[    33.65 ] D: _pointActive2 false 1
[    33.65 ] D: createSelectedPoints 1 -1
[    33.67 ] D: _automationChanging true
[    33.67 ] D: _currentMouseY 168 215 152 144 QSizeF(0, 1)
[    33.67 ] D: mouseMove2
[    33.68 ] D: _automationChanging true
[    33.68 ] D: _pointActive2 false 1
[    33.68 ] D: createSelectedPoints 1 -1
[    33.68 ] D: _currentMouseY 168 215 152 144 QSizeF(0, 0)
[    33.69 ] D: mouseMove2
[    33.70 ] D: _pointActive2 false 1
[    33.70 ] D: createSelectedPoints 1 -1
[    34.00 ] D: _automationChanging true
[    34.00 ] D: _currentMouseY 168 216 152 144 QSizeF(0, 1)
[    34.00 ] D: mouseMove2
[    34.01 ] D: _automationChanging true
[    34.02 ] D: _pointActive2 false 1
[    34.02 ] D: createSelectedPoints 1 -1
[    34.02 ] D: _currentMouseY 168 216 152 144 QSizeF(0, 0)
[    34.02 ] D: mouseMove2
[    34.03 ] D: _pointActive2 false 1
[    34.03 ] D: createSelectedPoints 1 -1
[    34.05 ] D: _automationChanging true
[    34.05 ] D: _currentMouseY 168 217 152 144 QSizeF(0, 1)
[    34.05 ] D: mouseMove2
[    34.07 ] D: _pointActive2 false 1
[    34.07 ] D: createSelectedPoints 1 -1
[    34.08 ] D: _automationChanging true
[    34.08 ] D: _currentMouseY 168 218 152 144 QSizeF(0, 2)
[    34.08 ] D: mouseMove2
[    34.10 ] D: _automationChanging true
[    34.10 ] D: _pointActive2 false 1
[    34.10 ] D: createSelectedPoints 1 -1
[    34.10 ] D: _currentMouseY 168 218 152 144 QSizeF(0, 0)
[    34.10 ] D: mouseMove2
[    34.10 ] D: _automationChanging true
[    34.10 ] D: _currentMouseY 168 218 152 144 QSizeF(0, 1)
[    34.10 ] D: mouseMove2
[    34.12 ] D: _automationChanging true
[    34.12 ] D: _pointActive2 false 1
[    34.12 ] D: createSelectedPoints 1 -1
[    34.12 ] D: _currentMouseY 168 218 152 144 QSizeF(0, 0)
[    34.12 ] D: mouseMove2
[    34.13 ] D: _pointActive2 false 1
[    34.13 ] D: createSelectedPoints 1 -1
[    34.18 ] D: _automationChanging true
[    34.18 ] D: _currentMouseY 168 218 152 144 QSizeF(0, 1)
[    34.18 ] D: mouseMove2
[    34.20 ] D: _automationChanging true
[    34.20 ] D: _pointActive2 false 1
[    34.20 ] D: createSelectedPoints 1 -1
[    34.20 ] D: _currentMouseY 168 218 152 144 QSizeF(0, 0)
[    34.20 ] D: mouseMove2
[    34.22 ] D: _pointActive2 false 1
[    34.22 ] D: createSelectedPoints 1 -1
[    34.95 ] D: _automationChanging true
[    34.95 ] D: _currentMouseY 168 217 152 144 QSizeF(0, -1)
[    34.95 ] D: mouseMove2
[    34.97 ] D: _automationChanging true
[    34.97 ] D: _pointActive2 false 1
[    34.97 ] D: createSelectedPoints 1 -1
[    34.97 ] D: _currentMouseY 168 215 152 144 QSizeF(0, -2)
[    34.97 ] D: mouseMove2
[    34.98 ] D: _automationChanging true
[    34.98 ] D: _pointActive2 false 1
[    34.98 ] D: createSelectedPoints 1 -1
[    34.99 ] D: _currentMouseY 168 214 152 144 QSizeF(0, -1)
[    34.99 ] D: mouseMove2
[    35.00 ] D: _pointActive2 false 1
[    35.00 ] D: createSelectedPoints 1 -1
[    35.01 ] D: _automationChanging true
[    35.01 ] D: _currentMouseY 169 212 152 144 QSizeF(1, -2)
[    35.01 ] D: mouseMove2
[    35.03 ] D: _automationChanging true
[    35.03 ] D: _pointActive2 false 1
[    35.03 ] D: createSelectedPoints 1 -1
[    35.03 ] D: _currentMouseY 169 212 152 144 QSizeF(0, 0)
[    35.04 ] D: mouseMove2
[    35.04 ] D: _automationChanging true
[    35.04 ] D: _currentMouseY 169 211 152 144 QSizeF(0, -1)
[    35.04 ] D: mouseMove2
[    35.05 ] D: _automationChanging true
[    35.05 ] D: _pointActive2 false 1
[    35.05 ] D: createSelectedPoints 1 -1
[    35.05 ] D: _currentMouseY 169 211 152 144 QSizeF(0, 0)
[    35.05 ] D: mouseMove2
[    35.05 ] D: _automationChanging true
[    35.05 ] D: _currentMouseY 169 210 152 144 QSizeF(0, -1)
[    35.05 ] D: mouseMove2
[    35.07 ] D: _automationChanging true
[    35.07 ] D: _pointActive2 false 1
[    35.07 ] D: createSelectedPoints 1 -1
[    35.07 ] D: _currentMouseY 169 210 152 144 QSizeF(0, 0)
[    35.07 ] D: mouseMove2
[    35.07 ] D: _automationChanging true
[    35.07 ] D: _currentMouseY 169 209 152 144 QSizeF(0, -1)
[    35.07 ] D: mouseMove2
[    35.08 ] D: _automationChanging true
[    35.08 ] D: _pointActive2 false 1
[    35.08 ] D: createSelectedPoints 1 -1
[    35.08 ] D: _currentMouseY 169 209 152 144 QSizeF(0, 0)
[    35.09 ] D: mouseMove2
[    35.10 ] D: _pointActive2 false 1
[    35.10 ] D: createSelectedPoints 1 -1
[    35.13 ] D: _automationChanging true
[    35.13 ] D: _currentMouseY 169 208 152 144 QSizeF(0, -1)
[    35.13 ] D: mouseMove2
[    35.15 ] D: _automationChanging true
[    35.15 ] D: _pointActive2 false 1
[    35.15 ] D: createSelectedPoints 1 -1
[    35.15 ] D: _currentMouseY 169 208 152 144 QSizeF(0, 0)
[    35.15 ] D: mouseMove2
[    35.17 ] D: _automationChanging true
[    35.17 ] D: _pointActive2 false 1
[    35.17 ] D: createSelectedPoints 1 -1
[    35.17 ] D: _currentMouseY 169 207 152 144 QSizeF(0, -1)
[    35.17 ] D: mouseMove2
[    35.18 ] D: _automationChanging true
[    35.18 ] D: _pointActive2 false 1
[    35.18 ] D: createSelectedPoints 1 -1
[    35.18 ] D: _currentMouseY 169 207 152 144 QSizeF(0, 0)
[    35.19 ] D: mouseMove2
[    35.20 ] D: _pointActive2 false 1
[    35.20 ] D: createSelectedPoints 1 -1
[    35.23 ] D: _automationChanging true
[    35.23 ] D: _currentMouseY 169 206 152 144 QSizeF(0, -1)
[    35.23 ] D: mouseMove2
[    35.25 ] D: _automationChanging true
[    35.25 ] D: _pointActive2 false 1
[    35.25 ] D: createSelectedPoints 1 -1
[    35.25 ] D: _currentMouseY 169 206 152 144 QSizeF(0, 0)
[    35.25 ] D: mouseMove2
[    35.27 ] D: _pointActive2 false 1
[    35.27 ] D: createSelectedPoints 1 -1
[    35.98 ] D: createSelectedPoints 1 -1
[    35.98 ] D: isAutomated 1
[    35.98 ] D: isAutomated 0
[    35.98 ] D: isAutomated 0
[    36.43 ] D: findTrackIndexByPoint 0 QRect(0,0 1707x111) false QPointF(204,202)
[    36.43 ] D: findTrackIndexByPoint 1 QRect(0,111 1707x111) true QPointF(204,202)
[    36.45 ] D: createSelectedPoints 1 -1
[    36.56 ] D: _automationChanging true
[    36.56 ] D: _pointActive1 false true false
[    36.56 ] D: _currentMouseY 204 201 204 202 QSizeF(0, -1)
[    36.57 ] D: mouseMove2
[    36.57 ] D: isAutomated 1
[    36.57 ] D: isAutomated 0
[    36.57 ] D: isAutomated 0
[    36.58 ] D: _automationChanging true
[    36.58 ] D: _pointActive2 false 1
[    36.58 ] D: createSelectedPoints 1 -1
[    36.58 ] D: _currentMouseY 206 199 204 202 QSizeF(2, -2)
[    36.59 ] D: mouseMove2
[    36.59 ] D: _automationChanging true
[    36.59 ] D: _currentMouseY 207 199 204 202 QSizeF(1, 0)
[    36.59 ] D: mouseMove2
[    36.60 ] D: _automationChanging true
[    36.60 ] D: _pointActive2 false 1
[    36.60 ] D: createSelectedPoints 1 -1
[    36.60 ] D: _currentMouseY 208 198 204 202 QSizeF(1, -1)
[    36.60 ] D: mouseMove2
[    36.60 ] D: _automationChanging true
[    36.60 ] D: _currentMouseY 209 196 204 202 QSizeF(1, -2)
[    36.60 ] D: mouseMove2
[    36.62 ] D: _automationChanging true
[    36.62 ] D: _pointActive2 false 1
[    36.62 ] D: createSelectedPoints 1 -1
[    36.62 ] D: _currentMouseY 210 196 204 202 QSizeF(1, 0)
[    36.62 ] D: mouseMove2
[    36.62 ] D: _automationChanging true
[    36.62 ] D: _currentMouseY 212 196 204 202 QSizeF(2, 0)
[    36.62 ] D: mouseMove2
[    36.63 ] D: _automationChanging true
[    36.63 ] D: _pointActive2 false 1
[    36.63 ] D: createSelectedPoints 1 -1
[    36.63 ] D: _currentMouseY 214 195 204 202 QSizeF(2, -1)
[    36.64 ] D: mouseMove2
[    36.64 ] D: _automationChanging true
[    36.64 ] D: _currentMouseY 215 194 204 202 QSizeF(1, -1)
[    36.64 ] D: mouseMove2
[    36.64 ] D: _automationChanging true
[    36.64 ] D: _currentMouseY 215 193 204 202 QSizeF(0, -1)
[    36.64 ] D: mouseMove2
[    36.65 ] D: _automationChanging true
[    36.65 ] D: _pointActive2 false 1
[    36.65 ] D: createSelectedPoints 1 -1
[    36.65 ] D: _currentMouseY 216 193 204 202 QSizeF(1, 0)
[    36.65 ] D: mouseMove2
[    36.67 ] D: _automationChanging true
[    36.67 ] D: _pointActive2 false 1
[    36.67 ] D: createSelectedPoints 1 -1
[    36.67 ] D: _currentMouseY 217 192 204 202 QSizeF(1, -1)
[    36.67 ] D: mouseMove2
[    36.67 ] D: _automationChanging true
[    36.67 ] D: _currentMouseY 219 190 204 202 QSizeF(2, -2)
[    36.67 ] D: mouseMove2
[    36.68 ] D: _automationChanging true
[    36.68 ] D: _pointActive2 false 1
[    36.68 ] D: createSelectedPoints 1 -1
[    36.69 ] D: _currentMouseY 220 190 204 202 QSizeF(1, 0)
[    36.69 ] D: mouseMove2
[    36.69 ] D: _automationChanging true
[    36.69 ] D: _currentMouseY 223 188 204 202 QSizeF(3, -2)
[    36.69 ] D: mouseMove2
[    36.70 ] D: _automationChanging true
[    36.70 ] D: _pointActive2 false 1
[    36.70 ] D: createSelectedPoints 1 -1
[    36.70 ] D: _currentMouseY 225 187 204 202 QSizeF(2, -1)
[    36.70 ] D: mouseMove2
[    36.70 ] D: _automationChanging true
[    36.70 ] D: _currentMouseY 225 186 204 202 QSizeF(0, -1)
[    36.70 ] D: mouseMove2
[    36.72 ] D: _automationChanging true
[    36.72 ] D: _pointActive2 false 1
[    36.72 ] D: createSelectedPoints 1 -1
[    36.72 ] D: _currentMouseY 227 186 204 202 QSizeF(2, 0)
[    36.72 ] D: mouseMove2
[    36.72 ] D: _automationChanging true
[    36.72 ] D: _currentMouseY 229 185 204 202 QSizeF(2, -1)
[    36.72 ] D: mouseMove2
[    36.73 ] D: _automationChanging true
[    36.73 ] D: _pointActive2 false 1
[    36.73 ] D: createSelectedPoints 1 -1
[    36.74 ] D: _currentMouseY 232 184 204 202 QSizeF(3, -1)
[    36.74 ] D: mouseMove2
[    36.75 ] D: _automationChanging true
[    36.75 ] D: _pointActive2 false 1
[    36.75 ] D: createSelectedPoints 1 -1
[    36.75 ] D: _currentMouseY 234 182 204 202 QSizeF(2, -2)
[    36.75 ] D: mouseMove2
[    36.75 ] D: _automationChanging true
[    36.75 ] D: _currentMouseY 235 182 204 202 QSizeF(1, 0)
[    36.76 ] D: mouseMove2
[    36.77 ] D: _automationChanging true
[    36.77 ] D: _pointActive2 false 1
[    36.77 ] D: createSelectedPoints 1 -1
[    36.77 ] D: _currentMouseY 237 180 204 202 QSizeF(2, -2)
[    36.77 ] D: mouseMove2
[    36.77 ] D: _automationChanging true
[    36.77 ] D: _currentMouseY 238 179 204 202 QSizeF(1, -1)
[    36.77 ] D: mouseMove2
[    36.78 ] D: _automationChanging true
[    36.78 ] D: _pointActive2 false 1
[    36.78 ] D: createSelectedPoints 1 -1
[    36.78 ] D: _currentMouseY 239 177 204 202 QSizeF(1, -2)
[    36.79 ] D: mouseMove2
[    36.79 ] D: _automationChanging true
[    36.79 ] D: _currentMouseY 241 175 204 202 QSizeF(2, -2)
[    36.79 ] D: mouseMove2
[    36.80 ] D: _automationChanging true
[    36.80 ] D: _pointActive2 false 1
[    36.80 ] D: createSelectedPoints 1 -1
[    36.80 ] D: _currentMouseY 243 174 204 202 QSizeF(2, -1)
[    36.80 ] D: mouseMove2
[    36.80 ] D: _automationChanging true
[    36.80 ] D: _currentMouseY 243 173 204 202 QSizeF(0, -1)
[    36.80 ] D: mouseMove2
[    36.82 ] D: _automationChanging true
[    36.82 ] D: _pointActive2 false 1
[    36.82 ] D: createSelectedPoints 1 -1
[    36.82 ] D: _currentMouseY 245 172 204 202 QSizeF(2, -1)
[    36.82 ] D: mouseMove2
[    36.82 ] D: _automationChanging true
[    36.82 ] D: _currentMouseY 246 172 204 202 QSizeF(1, 0)
[    36.82 ] D: mouseMove2
[    36.83 ] D: _automationChanging true
[    36.83 ] D: _pointActive2 false 1
[    36.83 ] D: createSelectedPoints 1 -1
[    36.83 ] D: _currentMouseY 247 171 204 202 QSizeF(1, -1)
[    36.84 ] D: mouseMove2
[    36.84 ] D: _automationChanging true
[    36.84 ] D: _currentMouseY 249 170 204 202 QSizeF(2, -1)
[    36.84 ] D: mouseMove2
[    36.85 ] D: _automationChanging true
[    36.85 ] D: _pointActive2 false 1
[    36.85 ] D: createSelectedPoints 1 -1
[    36.85 ] D: _currentMouseY 249 170 204 202 QSizeF(0, 0)
[    36.85 ] D: mouseMove2
[    36.85 ] D: _automationChanging true
[    36.85 ] D: _currentMouseY 250 169 204 202 QSizeF(1, -1)
[    36.85 ] D: mouseMove2
[    36.87 ] D: _pointActive2 false 1
[    36.87 ] D: createSelectedPoints 1 -1
[    36.89 ] D: _automationChanging true
[    36.89 ] D: _currentMouseY 252 168 204 202 QSizeF(2, -1)
[    36.89 ] D: mouseMove2
[    36.90 ] D: _automationChanging true
[    36.90 ] D: _pointActive2 false 1
[    36.90 ] D: createSelectedPoints 1 -1
[    36.90 ] D: _currentMouseY 252 168 204 202 QSizeF(0, 0)
[    36.90 ] D: mouseMove2
[    36.90 ] D: _automationChanging true
[    36.90 ] D: _currentMouseY 253 168 204 202 QSizeF(1, 0)
[    36.90 ] D: mouseMove2
[    36.92 ] D: _automationChanging true
[    36.92 ] D: _pointActive2 false 1
[    36.92 ] D: createSelectedPoints 1 -1
[    36.92 ] D: _currentMouseY 253 168 204 202 QSizeF(0, 0)
[    36.92 ] D: mouseMove2
[    36.92 ] D: _automationChanging true
[    36.92 ] D: _currentMouseY 253 167 204 202 QSizeF(0, -1)
[    36.92 ] D: mouseMove2
[    36.93 ] D: _automationChanging true
[    36.93 ] D: _pointActive2 false 1
[    36.93 ] D: createSelectedPoints 1 -1
[    36.93 ] D: _currentMouseY 253 167 204 202 QSizeF(0, 0)
[    36.94 ] D: mouseMove2
[    36.95 ] D: _automationChanging true
[    36.95 ] D: _pointActive2 false 1
[    36.95 ] D: createSelectedPoints 1 -1
[    36.95 ] D: _currentMouseY 253 166 204 202 QSizeF(0, -1)
[    36.95 ] D: mouseMove2
[    36.95 ] D: _automationChanging true
[    36.95 ] D: _currentMouseY 254 166 204 202 QSizeF(1, 0)
[    36.95 ] D: mouseMove2
[    36.97 ] D: _pointActive2 false 1
[    36.97 ] D: createSelectedPoints 1 -1
[    36.98 ] D: _automationChanging true
[    36.98 ] D: _currentMouseY 255 165 204 202 QSizeF(1, -1)
[    36.98 ] D: mouseMove2
[    36.98 ] D: _automationChanging true
[    36.98 ] D: _currentMouseY 256 165 204 202 QSizeF(1, 0)
[    36.98 ] D: mouseMove2
[    37.00 ] D: _automationChanging true
[    37.00 ] D: _pointActive2 false 1
[    37.00 ] D: createSelectedPoints 1 -1
[    37.00 ] D: _currentMouseY 257 164 204 202 QSizeF(1, -1)
[    37.00 ] D: mouseMove2
[    37.02 ] D: _automationChanging true
[    37.02 ] D: _pointActive2 false 1
[    37.02 ] D: createSelectedPoints 1 -1
[    37.02 ] D: _currentMouseY 257 164 204 202 QSizeF(0, 0)
[    37.02 ] D: mouseMove2
[    37.02 ] D: _automationChanging true
[    37.02 ] D: _currentMouseY 258 164 204 202 QSizeF(1, 0)
[    37.02 ] D: mouseMove2
[    37.03 ] D: _automationChanging true
[    37.03 ] D: _pointActive2 false 1
[    37.03 ] D: createSelectedPoints 1 -1
[    37.03 ] D: _currentMouseY 258 164 204 202 QSizeF(0, 0)
[    37.04 ] D: mouseMove2
[    37.05 ] D: _automationChanging true
[    37.05 ] D: _pointActive2 false 1
[    37.05 ] D: createSelectedPoints 1 -1
[    37.05 ] D: _currentMouseY 259 163 204 202 QSizeF(1, -1)
[    37.05 ] D: mouseMove2
[    37.07 ] D: _automationChanging true
[    37.07 ] D: _pointActive2 false 1
[    37.07 ] D: createSelectedPoints 1 -1
[    37.07 ] D: _currentMouseY 259 163 204 202 QSizeF(0, 0)
[    37.07 ] D: mouseMove2
[    37.08 ] D: _automationChanging true
[    37.08 ] D: _pointActive2 false 1
[    37.08 ] D: createSelectedPoints 1 -1
[    37.08 ] D: _currentMouseY 259 162 204 202 QSizeF(0, -1)
[    37.08 ] D: mouseMove2
[    37.09 ] D: _automationChanging true
[    37.09 ] D: _currentMouseY 260 161 204 202 QSizeF(1, -1)
[    37.09 ] D: mouseMove2
[    37.10 ] D: _pointActive2 false 1
[    37.10 ] D: createSelectedPoints 1 -1
[    37.11 ] D: _automationChanging true
[    37.11 ] D: _currentMouseY 262 160 204 202 QSizeF(2, -1)
[    37.11 ] D: mouseMove2
[    37.11 ] D: _automationChanging true
[    37.11 ] D: _currentMouseY 262 160 204 202 QSizeF(0, 0)
[    37.11 ] D: mouseMove2
[    37.13 ] D: _automationChanging true
[    37.13 ] D: _pointActive2 false 1
[    37.13 ] D: createSelectedPoints 1 -1
[    37.13 ] D: _currentMouseY 263 159 204 202 QSizeF(1, -1)
[    37.14 ] D: mouseMove2
[    37.14 ] D: _automationChanging true
[    37.14 ] D: _currentMouseY 265 157 204 202 QSizeF(2, -2)
[    37.14 ] D: mouseMove2
[    37.15 ] D: _automationChanging true
[    37.15 ] D: _pointActive2 false 1
[    37.15 ] D: createSelectedPoints 1 -1
[    37.15 ] D: _currentMouseY 265 157 204 202 QSizeF(0, 0)
[    37.15 ] D: mouseMove2
[    37.17 ] D: _automationChanging true
[    37.17 ] D: _pointActive2 false 1
[    37.17 ] D: createSelectedPoints 1 -1
[    37.17 ] D: _currentMouseY 266 157 204 202 QSizeF(1, 0)
[    37.17 ] D: mouseMove2
[    37.17 ] D: _automationChanging true
[    37.17 ] D: _currentMouseY 266 156 204 202 QSizeF(0, -1)
[    37.17 ] D: mouseMove2
[    37.18 ] D: _automationChanging true
[    37.18 ] D: _pointActive2 false 1
[    37.18 ] D: createSelectedPoints 1 -1
[    37.18 ] D: _currentMouseY 267 155 204 202 QSizeF(1, -1)
[    37.19 ] D: mouseMove2
[    37.20 ] D: _automationChanging true
[    37.20 ] D: _pointActive2 false 1
[    37.20 ] D: createSelectedPoints 1 -1
[    37.20 ] D: _currentMouseY 269 155 204 202 QSizeF(2, 0)
[    37.20 ] D: mouseMove2
[    37.22 ] D: _automationChanging true
[    37.22 ] D: _pointActive2 false 1
[    37.22 ] D: createSelectedPoints 1 -1
[    37.22 ] D: _currentMouseY 270 154 204 202 QSizeF(1, -1)
[    37.22 ] D: mouseMove2
[    37.22 ] D: _automationChanging true
[    37.22 ] D: _currentMouseY 271 152 204 202 QSizeF(1, -2)
[    37.22 ] D: mouseMove2
[    37.23 ] D: _automationChanging true
[    37.23 ] D: _pointActive2 false 1
[    37.23 ] D: createSelectedPoints 1 -1
[    37.23 ] D: _currentMouseY 272 152 204 202 QSizeF(1, 0)
[    37.24 ] D: mouseMove2
[    37.25 ] D: _automationChanging true
[    37.25 ] D: _pointActive2 false 1
[    37.25 ] D: createSelectedPoints 1 -1
[    37.25 ] D: _currentMouseY 272 152 204 202 QSizeF(0, 0)
[    37.25 ] D: mouseMove2
[    37.26 ] D: _automationChanging true
[    37.27 ] D: _pointActive2 false 1
[    37.27 ] D: createSelectedPoints 1 -1
[    37.27 ] D: _currentMouseY 273 152 204 202 QSizeF(1, 0)
[    37.27 ] D: mouseMove2
[    37.28 ] D: _automationChanging true
[    37.28 ] D: _pointActive2 false 1
[    37.28 ] D: createSelectedPoints 1 -1
[    37.28 ] D: _currentMouseY 273 151 204 202 QSizeF(0, -1)
[    37.28 ] D: mouseMove2
[    37.30 ] D: _automationChanging true
[    37.30 ] D: _pointActive2 false 1
[    37.30 ] D: createSelectedPoints 1 -1
[    37.30 ] D: _currentMouseY 273 151 204 202 QSizeF(0, 0)
[    37.30 ] D: mouseMove2
[    37.32 ] D: _pointActive2 false 1
[    37.32 ] D: createSelectedPoints 1 -1
[    37.53 ] D: _automationChanging true
[    37.53 ] D: _currentMouseY 273 152 204 202 QSizeF(0, 1)
[    37.53 ] D: mouseMove2
[    37.53 ] D: _automationChanging true
[    37.53 ] D: _currentMouseY 272 152 204 202 QSizeF(-1, 0)
[    37.53 ] D: mouseMove2
[    37.55 ] D: _automationChanging true
[    37.55 ] D: _pointActive2 false 1
[    37.55 ] D: createSelectedPoints 1 -1
[    37.55 ] D: _currentMouseY 271 154 204 202 QSizeF(-1, 2)
[    37.55 ] D: mouseMove2
[    37.56 ] D: _automationChanging true
[    37.56 ] D: _currentMouseY 270 154 204 202 QSizeF(-1, 0)
[    37.56 ] D: mouseMove2
[    37.57 ] D: _automationChanging true
[    37.57 ] D: _pointActive2 false 1
[    37.57 ] D: createSelectedPoints 1 -1
[    37.57 ] D: _currentMouseY 269 155 204 202 QSizeF(-1, 1)
[    37.57 ] D: mouseMove2
[    37.58 ] D: _automationChanging true
[    37.58 ] D: _pointActive2 false 1
[    37.58 ] D: createSelectedPoints 1 -1
[    37.58 ] D: _currentMouseY 268 157 204 202 QSizeF(-1, 2)
[    37.59 ] D: mouseMove2
[    37.59 ] D: _automationChanging true
[    37.59 ] D: _currentMouseY 266 159 204 202 QSizeF(-2, 2)
[    37.59 ] D: mouseMove2
[    37.60 ] D: _automationChanging true
[    37.60 ] D: _pointActive2 false 1
[    37.60 ] D: createSelectedPoints 1 -1
[    37.60 ] D: _currentMouseY 265 160 204 202 QSizeF(-1, 1)
[    37.60 ] D: mouseMove2
[    37.60 ] D: _automationChanging true
[    37.60 ] D: _currentMouseY 264 162 204 202 QSizeF(-1, 2)
[    37.60 ] D: mouseMove2
[    37.62 ] D: _automationChanging true
[    37.62 ] D: _pointActive2 false 1
[    37.62 ] D: createSelectedPoints 1 -1
[    37.62 ] D: _currentMouseY 263 162 204 202 QSizeF(-1, 0)
[    37.62 ] D: mouseMove2
[    37.62 ] D: _automationChanging true
[    37.62 ] D: _currentMouseY 261 163 204 202 QSizeF(-2, 1)
[    37.62 ] D: mouseMove2
[    37.63 ] D: _automationChanging true
[    37.63 ] D: _pointActive2 false 1
[    37.63 ] D: createSelectedPoints 1 -1
[    37.63 ] D: _currentMouseY 260 164 204 202 QSizeF(-1, 1)
[    37.64 ] D: mouseMove2
[    37.65 ] D: _pointActive2 false 1
[    37.65 ] D: createSelectedPoints 1 -1
[    37.66 ] D: _automationChanging true
[    37.66 ] D: _currentMouseY 258 165 204 202 QSizeF(-2, 1)
[    37.67 ] D: mouseMove2
[    37.67 ] D: _automationChanging true
[    37.67 ] D: _currentMouseY 258 166 204 202 QSizeF(0, 1)
[    37.67 ] D: mouseMove2
[    37.68 ] D: _pointActive2 false 1
[    37.68 ] D: createSelectedPoints 1 -1
[    37.70 ] D: _automationChanging true
[    37.70 ] D: _currentMouseY 257 167 204 202 QSizeF(-1, 1)
[    37.70 ] D: mouseMove2
[    37.72 ] D: _automationChanging true
[    37.72 ] D: _pointActive2 false 1
[    37.72 ] D: createSelectedPoints 1 -1
[    37.72 ] D: _currentMouseY 257 167 204 202 QSizeF(0, 0)
[    37.72 ] D: mouseMove2
[    37.73 ] D: _pointActive2 false 1
[    37.73 ] D: createSelectedPoints 1 -1
[    37.74 ] D: _automationChanging true
[    37.74 ] D: _currentMouseY 257 168 204 202 QSizeF(0, 1)
[    37.74 ] D: mouseMove2
[    37.74 ] D: _automationChanging true
[    37.75 ] D: _currentMouseY 257 168 204 202 QSizeF(0, 0)
[    37.75 ] D: mouseMove2
[    37.76 ] D: _automationChanging true
[    37.77 ] D: _pointActive2 false 1
[    37.77 ] D: createSelectedPoints 1 -1
[    37.77 ] D: _currentMouseY 256 168 204 202 QSizeF(-1, 0)
[    37.77 ] D: mouseMove2
[    37.77 ] D: _automationChanging true
[    37.77 ] D: _currentMouseY 255 169 204 202 QSizeF(-1, 1)
[    37.77 ] D: mouseMove2
[    37.77 ] D: _automationChanging true
[    37.77 ] D: _currentMouseY 254 169 204 202 QSizeF(-1, 0)
[    37.77 ] D: mouseMove2
[    37.78 ] D: _automationChanging true
[    37.78 ] D: _pointActive2 false 1
[    37.78 ] D: createSelectedPoints 1 -1
[    37.78 ] D: _currentMouseY 254 169 204 202 QSizeF(0, 0)
[    37.79 ] D: mouseMove2
[    37.80 ] D: _automationChanging true
[    37.80 ] D: _pointActive2 false 1
[    37.80 ] D: createSelectedPoints 1 -1
[    37.80 ] D: _currentMouseY 254 170 204 202 QSizeF(0, 1)
[    37.80 ] D: mouseMove2
[    37.80 ] D: _automationChanging true
[    37.80 ] D: _currentMouseY 253 170 204 202 QSizeF(-1, 0)
[    37.80 ] D: mouseMove2
[    37.81 ] D: _automationChanging true
[    37.82 ] D: _pointActive2 false 1
[    37.82 ] D: createSelectedPoints 1 -1
[    37.82 ] D: _currentMouseY 253 171 204 202 QSizeF(0, 1)
[    37.82 ] D: mouseMove2
[    37.82 ] D: _automationChanging true
[    37.82 ] D: _currentMouseY 252 172 204 202 QSizeF(-1, 1)
[    37.82 ] D: mouseMove2
[    37.83 ] D: _automationChanging true
[    37.83 ] D: _pointActive2 false 1
[    37.83 ] D: createSelectedPoints 1 -1
[    37.83 ] D: _currentMouseY 252 172 204 202 QSizeF(0, 0)
[    37.84 ] D: mouseMove2
[    37.85 ] D: _automationChanging true
[    37.85 ] D: _pointActive2 false 1
[    37.85 ] D: createSelectedPoints 1 -1
[    37.85 ] D: _currentMouseY 252 173 204 202 QSizeF(0, 1)
[    37.85 ] D: mouseMove2
[    37.87 ] D: _automationChanging true
[    37.87 ] D: _pointActive2 false 1
[    37.87 ] D: createSelectedPoints 1 -1
[    37.87 ] D: _currentMouseY 251 174 204 202 QSizeF(-1, 1)
[    37.87 ] D: mouseMove2
[    37.88 ] D: _automationChanging true
[    37.88 ] D: _pointActive2 false 1
[    37.88 ] D: createSelectedPoints 1 -1
[    37.88 ] D: _currentMouseY 250 174 204 202 QSizeF(-1, 0)
[    37.89 ] D: mouseMove2
[    37.90 ] D: _automationChanging true
[    37.90 ] D: _pointActive2 false 1
[    37.90 ] D: createSelectedPoints 1 -1
[    37.90 ] D: _currentMouseY 250 175 204 202 QSizeF(0, 1)
[    37.90 ] D: mouseMove2
[    37.90 ] D: _automationChanging true
[    37.90 ] D: _currentMouseY 249 177 204 202 QSizeF(-1, 2)
[    37.90 ] D: mouseMove2
[    37.92 ] D: _automationChanging true
[    37.92 ] D: _pointActive2 false 1
[    37.92 ] D: createSelectedPoints 1 -1
[    37.92 ] D: _currentMouseY 248 178 204 202 QSizeF(-1, 1)
[    37.92 ] D: mouseMove2
[    37.92 ] D: _automationChanging true
[    37.92 ] D: _currentMouseY 247 178 204 202 QSizeF(-1, 0)
[    37.92 ] D: mouseMove2
[    37.93 ] D: _automationChanging true
[    37.93 ] D: _pointActive2 false 1
[    37.93 ] D: createSelectedPoints 1 -1
[    37.94 ] D: _currentMouseY 246 179 204 202 QSizeF(-1, 1)
[    37.94 ] D: mouseMove2
[    37.94 ] D: _automationChanging true
[    37.94 ] D: _currentMouseY 245 179 204 202 QSizeF(-1, 0)
[    37.94 ] D: mouseMove2
[    37.95 ] D: _automationChanging true
[    37.95 ] D: _pointActive2 false 1
[    37.95 ] D: createSelectedPoints 1 -1
[    37.95 ] D: _currentMouseY 245 180 204 202 QSizeF(0, 1)
[    37.95 ] D: mouseMove2
[    37.95 ] D: _automationChanging true
[    37.95 ] D: _currentMouseY 244 181 204 202 QSizeF(-1, 1)
[    37.95 ] D: mouseMove2
[    37.97 ] D: _pointActive2 false 1
[    37.97 ] D: createSelectedPoints 1 -1
[    37.98 ] D: _automationChanging true
[    37.98 ] D: _currentMouseY 242 183 204 202 QSizeF(-2, 2)
[    37.98 ] D: mouseMove2
[    37.98 ] D: _automationChanging true
[    37.98 ] D: _currentMouseY 241 183 204 202 QSizeF(-1, 0)
[    37.99 ] D: mouseMove2
[    38.00 ] D: _automationChanging true
[    38.00 ] D: _pointActive2 false 1
[    38.00 ] D: createSelectedPoints 1 -1
[    38.00 ] D: _currentMouseY 241 183 204 202 QSizeF(0, 0)
[    38.00 ] D: mouseMove2
[    38.00 ] D: _automationChanging true
[    38.00 ] D: _currentMouseY 240 184 204 202 QSizeF(-1, 1)
[    38.00 ] D: mouseMove2
[    38.02 ] D: _automationChanging true
[    38.02 ] D: _pointActive2 false 1
[    38.02 ] D: createSelectedPoints 1 -1
[    38.02 ] D: _currentMouseY 239 184 204 202 QSizeF(-1, 0)
[    38.02 ] D: mouseMove2
[    38.02 ] D: _automationChanging true
[    38.02 ] D: _currentMouseY 238 185 204 202 QSizeF(-1, 1)
[    38.02 ] D: mouseMove2
[    38.02 ] D: _automationChanging true
[    38.02 ] D: _currentMouseY 237 185 204 202 QSizeF(-1, 0)
[    38.02 ] D: mouseMove2
[    38.03 ] D: _pointActive2 false 1
[    38.03 ] D: createSelectedPoints 1 -1
[    38.05 ] D: _automationChanging true
[    38.05 ] D: _currentMouseY 235 185 204 202 QSizeF(-2, 0)
[    38.05 ] D: mouseMove2
[    38.07 ] D: _automationChanging true
[    38.07 ] D: _pointActive2 false 1
[    38.07 ] D: createSelectedPoints 1 -1
[    38.07 ] D: _currentMouseY 234 185 204 202 QSizeF(-1, 0)
[    38.07 ] D: mouseMove2
[    38.08 ] D: _automationChanging true
[    38.08 ] D: _pointActive2 false 1
[    38.08 ] D: createSelectedPoints 1 -1
[    38.08 ] D: _currentMouseY 234 185 204 202 QSizeF(0, 0)
[    38.08 ] D: mouseMove2
[    38.10 ] D: _automationChanging true
[    38.10 ] D: _pointActive2 false 1
[    38.10 ] D: createSelectedPoints 1 -1
[    38.10 ] D: _currentMouseY 233 185 204 202 QSizeF(-1, 0)
[    38.10 ] D: mouseMove2
[    38.12 ] D: _pointActive2 false 1
[    38.12 ] D: createSelectedPoints 1 -1
[    38.12 ] D: _automationChanging true
[    38.12 ] D: _currentMouseY 232 186 204 202 QSizeF(-1, 1)
[    38.12 ] D: mouseMove2
[    38.13 ] D: _automationChanging true
[    38.13 ] D: _pointActive2 false 1
[    38.13 ] D: createSelectedPoints 1 -1
[    38.13 ] D: _currentMouseY 231 186 204 202 QSizeF(-1, 0)
[    38.14 ] D: mouseMove2
[    38.15 ] D: _automationChanging true
[    38.15 ] D: _pointActive2 false 1
[    38.15 ] D: createSelectedPoints 1 -1
[    38.15 ] D: _currentMouseY 229 186 204 202 QSizeF(-2, 0)
[    38.15 ] D: mouseMove2
[    38.17 ] D: _automationChanging true
[    38.17 ] D: _pointActive2 false 1
[    38.17 ] D: createSelectedPoints 1 -1
[    38.17 ] D: _currentMouseY 229 186 204 202 QSizeF(0, 0)
[    38.17 ] D: mouseMove2
[    38.17 ] D: _automationChanging true
[    38.17 ] D: _currentMouseY 228 186 204 202 QSizeF(-1, 0)
[    38.17 ] D: mouseMove2
[    38.18 ] D: _pointActive2 false 1
[    38.18 ] D: createSelectedPoints 1 -1
[    38.20 ] D: _automationChanging true
[    38.20 ] D: _currentMouseY 226 186 204 202 QSizeF(-2, 0)
[    38.20 ] D: mouseMove2
[    38.22 ] D: _automationChanging true
[    38.22 ] D: _pointActive2 false 1
[    38.22 ] D: createSelectedPoints 1 -1
[    38.22 ] D: _currentMouseY 225 186 204 202 QSizeF(-1, 0)
[    38.22 ] D: mouseMove2
[    38.23 ] D: _automationChanging true
[    38.23 ] D: _pointActive2 false 1
[    38.23 ] D: createSelectedPoints 1 -1
[    38.23 ] D: _currentMouseY 225 186 204 202 QSizeF(0, 0)
[    38.24 ] D: mouseMove2
[    38.24 ] D: _automationChanging true
[    38.24 ] D: _currentMouseY 224 186 204 202 QSizeF(-1, 0)
[    38.24 ] D: mouseMove2
[    38.25 ] D: _pointActive2 false 1
[    38.25 ] D: createSelectedPoints 1 -1
[    38.28 ] D: _automationChanging true
[    38.28 ] D: _currentMouseY 222 186 204 202 QSizeF(-2, 0)
[    38.28 ] D: mouseMove2
[    38.30 ] D: _automationChanging true
[    38.30 ] D: _pointActive2 false 1
[    38.30 ] D: createSelectedPoints 1 -1
[    38.30 ] D: _currentMouseY 221 187 204 202 QSizeF(-1, 1)
[    38.30 ] D: mouseMove2
[    38.32 ] D: _automationChanging true
[    38.32 ] D: _pointActive2 false 1
[    38.32 ] D: createSelectedPoints 1 -1
[    38.32 ] D: _currentMouseY 221 187 204 202 QSizeF(0, 0)
[    38.32 ] D: mouseMove2
[    38.33 ] D: _pointActive2 false 1
[    38.33 ] D: createSelectedPoints 1 -1
[    38.34 ] D: _automationChanging true
[    38.34 ] D: _currentMouseY 220 187 204 202 QSizeF(-1, 0)
[    38.34 ] D: mouseMove2
[    38.35 ] D: _automationChanging true
[    38.35 ] D: _pointActive2 false 1
[    38.35 ] D: createSelectedPoints 1 -1
[    38.35 ] D: _currentMouseY 220 187 204 202 QSizeF(0, 0)
[    38.35 ] D: mouseMove2
[    38.37 ] D: _pointActive2 false 1
[    38.37 ] D: createSelectedPoints 1 -1
[    38.37 ] D: _automationChanging true
[    38.37 ] D: _currentMouseY 219 187 204 202 QSizeF(-1, 0)
[    38.37 ] D: mouseMove2
[    38.38 ] D: _automationChanging true
[    38.38 ] D: _pointActive2 false 1
[    38.38 ] D: createSelectedPoints 1 -1
[    38.38 ] D: _currentMouseY 219 187 204 202 QSizeF(0, 0)
[    38.38 ] D: mouseMove2
[    38.40 ] D: _pointActive2 false 1
[    38.40 ] D: createSelectedPoints 1 -1
[    38.45 ] D: _automationChanging true
[    38.45 ] D: _currentMouseY 218 187 204 202 QSizeF(-1, 0)
[    38.45 ] D: mouseMove2
[    38.47 ] D: _automationChanging true
[    38.47 ] D: _pointActive2 false 1
[    38.47 ] D: createSelectedPoints 1 -1
[    38.47 ] D: _currentMouseY 218 187 204 202 QSizeF(0, 0)
[    38.47 ] D: mouseMove2
[    38.48 ] D: _pointActive2 false 1
[    38.48 ] D: createSelectedPoints 1 -1
[    38.52 ] D: _automationChanging true
[    38.52 ] D: _currentMouseY 218 188 204 202 QSizeF(0, 1)
[    38.52 ] D: mouseMove2
[    38.53 ] D: _automationChanging true
[    38.53 ] D: _pointActive2 false 1
[    38.53 ] D: createSelectedPoints 1 -1
[    38.53 ] D: _currentMouseY 218 188 204 202 QSizeF(0, 0)
[    38.54 ] D: mouseMove2
[    38.55 ] D: _pointActive2 false 1
[    38.55 ] D: createSelectedPoints 1 -1
[    38.56 ] D: _automationChanging true
[    38.56 ] D: _currentMouseY 217 188 204 202 QSizeF(-1, 0)
[    38.56 ] D: mouseMove2
[    38.58 ] D: _automationChanging true
[    38.58 ] D: _pointActive2 false 1
[    38.58 ] D: createSelectedPoints 1 -1
[    38.58 ] D: _currentMouseY 217 189 204 202 QSizeF(0, 1)
[    38.58 ] D: mouseMove2
[    38.59 ] D: _automationChanging true
[    38.59 ] D: _currentMouseY 216 190 204 202 QSizeF(-1, 1)
[    38.59 ] D: mouseMove2
[    38.60 ] D: _automationChanging true
[    38.60 ] D: _pointActive2 false 1
[    38.60 ] D: createSelectedPoints 1 -1
[    38.60 ] D: _currentMouseY 216 190 204 202 QSizeF(0, 0)
[    38.60 ] D: mouseMove2
[    38.61 ] D: _automationChanging true
[    38.61 ] D: _currentMouseY 216 191 204 202 QSizeF(0, 1)
[    38.61 ] D: mouseMove2
[    38.62 ] D: _automationChanging true
[    38.62 ] D: _pointActive2 false 1
[    38.62 ] D: createSelectedPoints 1 -1
[    38.62 ] D: _currentMouseY 216 191 204 202 QSizeF(0, 0)
[    38.62 ] D: mouseMove2
[    38.62 ] D: _automationChanging true
[    38.62 ] D: _currentMouseY 216 192 204 202 QSizeF(0, 1)
[    38.62 ] D: mouseMove2
[    38.63 ] D: _automationChanging true
[    38.63 ] D: _pointActive2 false 1
[    38.63 ] D: createSelectedPoints 1 -1
[    38.63 ] D: _currentMouseY 215 192 204 202 QSizeF(-1, 0)
[    38.64 ] D: mouseMove2
[    38.65 ] D: _automationChanging true
[    38.65 ] D: _pointActive2 false 1
[    38.65 ] D: createSelectedPoints 1 -1
[    38.65 ] D: _currentMouseY 215 192 204 202 QSizeF(0, 0)
[    38.65 ] D: mouseMove2
[    38.67 ] D: _automationChanging true
[    38.67 ] D: _pointActive2 false 1
[    38.67 ] D: createSelectedPoints 1 -1
[    38.67 ] D: _currentMouseY 214 193 204 202 QSizeF(-1, 1)
[    38.67 ] D: mouseMove2
[    38.68 ] D: _automationChanging true
[    38.68 ] D: _pointActive2 false 1
[    38.68 ] D: createSelectedPoints 1 -1
[    38.69 ] D: _currentMouseY 214 194 204 202 QSizeF(0, 1)
[    38.69 ] D: mouseMove2
[    38.70 ] D: _automationChanging true
[    38.70 ] D: _pointActive2 false 1
[    38.70 ] D: createSelectedPoints 1 -1
[    38.70 ] D: _currentMouseY 214 194 204 202 QSizeF(0, 0)
[    38.70 ] D: mouseMove2
[    38.70 ] D: _automationChanging true
[    38.70 ] D: _currentMouseY 214 195 204 202 QSizeF(0, 1)
[    38.70 ] D: mouseMove2
[    38.72 ] D: _automationChanging true
[    38.72 ] D: _pointActive2 false 1
[    38.72 ] D: createSelectedPoints 1 -1
[    38.72 ] D: _currentMouseY 214 195 204 202 QSizeF(0, 0)
[    38.72 ] D: mouseMove2
[    38.73 ] D: _pointActive2 false 1
[    38.73 ] D: createSelectedPoints 1 -1
[    38.76 ] D: _automationChanging true
[    38.76 ] D: _currentMouseY 213 195 204 202 QSizeF(-1, 0)
[    38.76 ] D: mouseMove2
[    38.78 ] D: _automationChanging true
[    38.78 ] D: _pointActive2 false 1
[    38.78 ] D: createSelectedPoints 1 -1
[    38.78 ] D: _currentMouseY 212 196 204 202 QSizeF(-1, 1)
[    38.78 ] D: mouseMove2
[    38.80 ] D: _automationChanging true
[    38.80 ] D: _pointActive2 false 1
[    38.80 ] D: createSelectedPoints 1 -1
[    38.80 ] D: _currentMouseY 212 197 204 202 QSizeF(0, 1)
[    38.80 ] D: mouseMove2
[    38.82 ] D: _automationChanging true
[    38.82 ] D: _pointActive2 false 1
[    38.82 ] D: createSelectedPoints 1 -1
[    38.82 ] D: _currentMouseY 212 197 204 202 QSizeF(0, 0)
[    38.82 ] D: mouseMove2
[    38.83 ] D: _pointActive2 false 1
[    38.83 ] D: createSelectedPoints 1 -1
[    38.88 ] D: _automationChanging true
[    38.88 ] D: _currentMouseY 212 198 204 202 QSizeF(0, 1)
[    38.88 ] D: mouseMove2
[    38.88 ] D: _automationChanging true
[    38.88 ] D: _currentMouseY 211 198 204 202 QSizeF(-1, 0)
[    38.88 ] D: mouseMove2
[    38.90 ] D: _automationChanging true
[    38.90 ] D: _pointActive2 false 1
[    38.90 ] D: createSelectedPoints 1 -1
[    38.90 ] D: _currentMouseY 211 198 204 202 QSizeF(0, 0)
[    38.90 ] D: mouseMove2
[    38.92 ] D: _pointActive2 false 1
[    38.92 ] D: createSelectedPoints 1 -1
[    38.93 ] D: _automationChanging true
[    38.93 ] D: _currentMouseY 211 199 204 202 QSizeF(0, 1)
[    38.93 ] D: mouseMove2
[    38.95 ] D: _automationChanging true
[    38.95 ] D: _pointActive2 false 1
[    38.95 ] D: createSelectedPoints 1 -1
[    38.95 ] D: _currentMouseY 210 199 204 202 QSizeF(-1, 0)
[    38.95 ] D: mouseMove2
[    38.97 ] D: _automationChanging true
[    38.97 ] D: _pointActive2 false 1
[    38.97 ] D: createSelectedPoints 1 -1
[    38.97 ] D: _currentMouseY 210 199 204 202 QSizeF(0, 0)
[    38.97 ] D: mouseMove2
[    38.98 ] D: _pointActive2 false 1
[    38.98 ] D: createSelectedPoints 1 -1
[    39.02 ] D: _automationChanging true
[    39.02 ] D: _currentMouseY 210 200 204 202 QSizeF(0, 1)
[    39.02 ] D: mouseMove2
[    39.03 ] D: _automationChanging true
[    39.03 ] D: _pointActive2 false 1
[    39.03 ] D: createSelectedPoints 1 -1
[    39.03 ] D: _currentMouseY 210 200 204 202 QSizeF(0, 0)
[    39.04 ] D: mouseMove2
[    39.04 ] D: _automationChanging true
[    39.04 ] D: _currentMouseY 209 200 204 202 QSizeF(-1, 0)
[    39.04 ] D: mouseMove2
[    39.05 ] D: _automationChanging true
[    39.05 ] D: _pointActive2 false 1
[    39.05 ] D: createSelectedPoints 1 -1
[    39.05 ] D: _currentMouseY 209 200 204 202 QSizeF(0, 0)
[    39.05 ] D: mouseMove2
[    39.07 ] D: _pointActive2 false 1
[    39.07 ] D: createSelectedPoints 1 -1
[    39.08 ] D: _automationChanging true
[    39.08 ] D: _currentMouseY 209 201 204 202 QSizeF(0, 1)
[    39.08 ] D: mouseMove2
[    39.10 ] D: _automationChanging true
[    39.10 ] D: _pointActive2 false 1
[    39.10 ] D: createSelectedPoints 1 -1
[    39.10 ] D: _currentMouseY 208 201 204 202 QSizeF(-1, 0)
[    39.10 ] D: mouseMove2
[    39.12 ] D: _automationChanging true
[    39.12 ] D: _pointActive2 false 1
[    39.12 ] D: createSelectedPoints 1 -1
[    39.12 ] D: _currentMouseY 208 201 204 202 QSizeF(0, 0)
[    39.12 ] D: mouseMove2
[    39.13 ] D: _pointActive2 false 1
[    39.13 ] D: createSelectedPoints 1 -1
[    39.16 ] D: _automationChanging true
[    39.16 ] D: _currentMouseY 208 202 204 202 QSizeF(0, 1)
[    39.16 ] D: mouseMove2
[    39.18 ] D: _automationChanging true
[    39.18 ] D: _pointActive2 false 1
[    39.18 ] D: createSelectedPoints 1 -1
[    39.19 ] D: _currentMouseY 208 202 204 202 QSizeF(0, 0)
[    39.19 ] D: mouseMove2
[    39.20 ] D: _pointActive2 false 1
[    39.20 ] D: createSelectedPoints 1 -1
[    39.21 ] D: _automationChanging true
[    39.21 ] D: _currentMouseY 208 203 204 202 QSizeF(0, 1)
[    39.21 ] D: mouseMove2
[    39.23 ] D: _automationChanging true
[    39.23 ] D: _pointActive2 false 1
[    39.23 ] D: createSelectedPoints 1 -1
[    39.24 ] D: _currentMouseY 208 203 204 202 QSizeF(0, 0)
[    39.24 ] D: mouseMove2
[    39.25 ] D: _pointActive2 false 1
[    39.25 ] D: createSelectedPoints 1 -1
[    39.30 ] D: _automationChanging true
[    39.30 ] D: _currentMouseY 207 203 204 202 QSizeF(-1, 0)
[    39.30 ] D: mouseMove2
[    39.32 ] D: _automationChanging true
[    39.32 ] D: _pointActive2 false 1
[    39.32 ] D: createSelectedPoints 1 -1
[    39.32 ] D: _currentMouseY 207 203 204 202 QSizeF(0, 0)
[    39.32 ] D: mouseMove2
[    39.33 ] D: _pointActive2 false 1
[    39.33 ] D: createSelectedPoints 1 -1
[    40.38 ] D: _automationChanging true
[    40.38 ] D: _currentMouseY 207 204 204 202 QSizeF(0, 1)
[    40.38 ] D: mouseMove2
[    40.40 ] D: _automationChanging true
[    40.40 ] D: _pointActive2 false 1
[    40.40 ] D: createSelectedPoints 1 -1
[    40.40 ] D: _currentMouseY 207 204 204 202 QSizeF(0, 0)
[    40.40 ] D: mouseMove2
[    40.41 ] D: _automationChanging true
[    40.41 ] D: _currentMouseY 206 204 204 202 QSizeF(-1, 0)
[    40.41 ] D: mouseMove2
[    40.42 ] D: _automationChanging true
[    40.42 ] D: _pointActive2 false 1
[    40.42 ] D: createSelectedPoints 1 -1
[    40.42 ] D: _currentMouseY 206 204 204 202 QSizeF(0, 0)
[    40.42 ] D: mouseMove2
[    40.43 ] D: _pointActive2 false 1
[    40.43 ] D: createSelectedPoints 1 -1
[    40.51 ] D: _automationChanging true
[    40.51 ] D: _currentMouseY 206 205 204 202 QSizeF(0, 1)
[    40.51 ] D: mouseMove2
[    40.53 ] D: _automationChanging true
[    40.53 ] D: _pointActive2 false 1
[    40.53 ] D: createSelectedPoints 1 -1
[    40.53 ] D: _currentMouseY 205 205 204 202 QSizeF(-1, 0)
[    40.54 ] D: mouseMove2
[    40.55 ] D: _automationChanging true
[    40.55 ] D: _pointActive2 false 1
[    40.55 ] D: createSelectedPoints 1 -1
[    40.55 ] D: _currentMouseY 205 205 204 202 QSizeF(0, 0)
[    40.55 ] D: mouseMove2
[    40.55 ] D: _automationChanging true
[    40.55 ] D: _currentMouseY 204 205 204 202 QSizeF(-1, 0)
[    40.56 ] D: mouseMove2
[    40.57 ] D: _automationChanging true
[    40.57 ] D: _pointActive2 false 1
[    40.57 ] D: createSelectedPoints 1 -1
[    40.57 ] D: _currentMouseY 204 205 204 202 QSizeF(0, 0)
[    40.57 ] D: mouseMove2
[    40.58 ] D: _pointActive2 false 1
[    40.58 ] D: createSelectedPoints 1 -1
[    40.67 ] D: _automationChanging true
[    40.67 ] D: _currentMouseY 204 206 204 202 QSizeF(0, 1)
[    40.67 ] D: mouseMove2
[    40.68 ] D: _automationChanging true
[    40.68 ] D: _pointActive2 false 1
[    40.68 ] D: createSelectedPoints 1 -1
[    40.69 ] D: _currentMouseY 204 206 204 202 QSizeF(0, 0)
[    40.69 ] D: mouseMove2
[    40.70 ] D: _pointActive2 false 1
[    40.70 ] D: createSelectedPoints 1 -1
[    40.71 ] D: _automationChanging true
[    40.71 ] D: _currentMouseY 203 206 204 202 QSizeF(-1, 0)
[    40.71 ] D: mouseMove2
[    40.73 ] D: _automationChanging true
[    40.73 ] D: _pointActive2 false 1
[    40.73 ] D: createSelectedPoints 1 -1
[    40.74 ] D: _currentMouseY 203 206 204 202 QSizeF(0, 0)
[    40.74 ] D: mouseMove2
[    40.75 ] D: _pointActive2 false 1
[    40.75 ] D: createSelectedPoints 1 -1
[    40.75 ] D: _automationChanging true
[    40.75 ] D: _currentMouseY 203 207 204 202 QSizeF(0, 1)
[    40.75 ] D: mouseMove2
[    40.77 ] D: _automationChanging true
[    40.77 ] D: _pointActive2 false 1
[    40.77 ] D: createSelectedPoints 1 -1
[    40.77 ] D: _currentMouseY 202 207 204 202 QSizeF(-1, 0)
[    40.77 ] D: mouseMove2
[    40.78 ] D: _pointActive2 false 1
[    40.78 ] D: createSelectedPoints 1 -1
[    40.85 ] D: _automationChanging true
[    40.85 ] D: _currentMouseY 201 208 204 202 QSizeF(-1, 1)
[    40.85 ] D: mouseMove2
[    40.87 ] D: _automationChanging true
[    40.87 ] D: _pointActive2 false 1
[    40.87 ] D: createSelectedPoints 1 -1
[    40.87 ] D: _currentMouseY 201 208 204 202 QSizeF(0, 0)
[    40.87 ] D: mouseMove2
[    40.88 ] D: _automationChanging true
[    40.89 ] D: _pointActive2 false 1
[    40.89 ] D: createSelectedPoints 1 -1
[    40.89 ] D: _currentMouseY 200 209 204 202 QSizeF(-1, 1)
[    40.89 ] D: mouseMove2
[    40.90 ] D: _automationChanging true
[    40.90 ] D: _pointActive2 false 1
[    40.90 ] D: createSelectedPoints 1 -1
[    40.90 ] D: _currentMouseY 200 209 204 202 QSizeF(0, 0)
[    40.90 ] D: mouseMove2
[    40.92 ] D: _pointActive2 false 1
[    40.92 ] D: createSelectedPoints 1 -1
[    41.70 ] D: _automationChanging true
[    41.70 ] D: _currentMouseY 200 210 204 202 QSizeF(0, 1)
[    41.70 ] D: mouseMove2
[    41.72 ] D: _automationChanging true
[    41.72 ] D: _pointActive2 false 1
[    41.72 ] D: createSelectedPoints 1 -1
[    41.72 ] D: _currentMouseY 200 210 204 202 QSizeF(0, 0)
[    41.72 ] D: mouseMove2
[    41.73 ] D: _pointActive2 false 1
[    41.73 ] D: createSelectedPoints 1 -1
[    41.75 ] D: _automationChanging true
[    41.75 ] D: _currentMouseY 199 210 204 202 QSizeF(-1, 0)
[    41.75 ] D: mouseMove2
[    41.77 ] D: _automationChanging true
[    41.77 ] D: _pointActive2 false 1
[    41.77 ] D: createSelectedPoints 1 -1
[    41.77 ] D: _currentMouseY 199 211 204 202 QSizeF(0, 1)
[    41.77 ] D: mouseMove2
[    41.78 ] D: _pointActive2 false 1
[    41.78 ] D: createSelectedPoints 1 -1
[    41.79 ] D: _automationChanging true
[    41.79 ] D: _currentMouseY 199 213 204 202 QSizeF(0, 2)
[    41.79 ] D: mouseMove2
[    41.79 ] D: _automationChanging true
[    41.79 ] D: _currentMouseY 198 213 204 202 QSizeF(-1, 0)
[    41.79 ] D: mouseMove2
[    41.80 ] D: _automationChanging true
[    41.80 ] D: _pointActive2 false 1
[    41.80 ] D: createSelectedPoints 1 -1
[    41.80 ] D: _currentMouseY 198 214 204 202 QSizeF(0, 1)
[    41.80 ] D: mouseMove2
[    41.80 ] D: _automationChanging true
[    41.80 ] D: _currentMouseY 197 215 204 202 QSizeF(-1, 1)
[    41.81 ] D: mouseMove2
[    41.82 ] D: _automationChanging true
[    41.82 ] D: _pointActive2 false 1
[    41.82 ] D: createSelectedPoints 1 -1
[    41.82 ] D: _currentMouseY 197 216 204 202 QSizeF(0, 1)
[    41.82 ] D: mouseMove2
[    41.82 ] D: _automationChanging true
[    41.82 ] D: _currentMouseY 197 218 204 202 QSizeF(0, 2)
[    41.82 ] D: mouseMove2
[    41.83 ] D: _automationChanging true
[    41.83 ] D: _pointActive2 false 1
[    41.83 ] D: createSelectedPoints 1 -1
[    41.83 ] D: _currentMouseY 197 218 204 202 QSizeF(0, 0)
[    41.84 ] D: mouseMove2
[    41.84 ] D: _automationChanging true
[    41.84 ] D: _currentMouseY 197 218 204 202 QSizeF(0, 1)
[    41.84 ] D: mouseMove2
[    41.85 ] D: _automationChanging true
[    41.85 ] D: _pointActive2 false 1
[    41.85 ] D: createSelectedPoints 1 -1
[    41.85 ] D: _currentMouseY 197 218 204 202 QSizeF(0, 0)
[    41.85 ] D: mouseMove2
[    41.85 ] D: _automationChanging true
[    41.85 ] D: _currentMouseY 197 218 204 202 QSizeF(0, 1)
[    41.85 ] D: mouseMove2
[    41.87 ] D: _automationChanging true
[    41.87 ] D: _pointActive2 false 1
[    41.87 ] D: createSelectedPoints 1 -1
[    41.87 ] D: _currentMouseY 197 218 204 202 QSizeF(0, 0)
[    41.87 ] D: mouseMove2
[    41.88 ] D: _pointActive2 false 1
[    41.88 ] D: createSelectedPoints 1 -1
[    41.90 ] D: _automationChanging true
[    41.90 ] D: _currentMouseY 196 218 204 202 QSizeF(-1, 1)
[    41.90 ] D: mouseMove2
[    41.92 ] D: _automationChanging true
[    41.92 ] D: _pointActive2 false 1
[    41.92 ] D: createSelectedPoints 1 -1
[    41.92 ] D: _currentMouseY 196 218 204 202 QSizeF(0, 0)
[    41.92 ] D: mouseMove2
[    41.93 ] D: _automationChanging true
[    41.93 ] D: _pointActive2 false 1
[    41.93 ] D: createSelectedPoints 1 -1
[    41.93 ] D: _currentMouseY 196 218 204 202 QSizeF(0, 1)
[    41.94 ] D: mouseMove2
[    41.95 ] D: _automationChanging true
[    41.95 ] D: _pointActive2 false 1
[    41.95 ] D: createSelectedPoints 1 -1
[    41.95 ] D: _currentMouseY 196 218 204 202 QSizeF(0, 0)
[    41.95 ] D: mouseMove2
[    41.97 ] D: _pointActive2 false 1
[    41.97 ] D: createSelectedPoints 1 -1
[    41.99 ] D: _automationChanging true
[    41.99 ] D: _currentMouseY 196 218 204 202 QSizeF(0, 1)
[    41.99 ] D: mouseMove2
[    42.00 ] D: _automationChanging true
[    42.00 ] D: _pointActive2 false 1
[    42.00 ] D: createSelectedPoints 1 -1
[    42.00 ] D: _currentMouseY 196 218 204 202 QSizeF(0, 0)
[    42.00 ] D: mouseMove2
[    42.02 ] D: _pointActive2 false 1
[    42.02 ] D: createSelectedPoints 1 -1
[    42.02 ] D: _automationChanging true
[    42.02 ] D: _currentMouseY 195 218 204 202 QSizeF(-1, 0)
[    42.02 ] D: mouseMove2
[    42.03 ] D: _automationChanging true
[    42.03 ] D: _pointActive2 false 1
[    42.03 ] D: createSelectedPoints 1 -1
[    42.03 ] D: _currentMouseY 195 218 204 202 QSizeF(0, 0)
[    42.04 ] D: mouseMove2
[    42.05 ] D: _pointActive2 false 1
[    42.05 ] D: createSelectedPoints 1 -1
[    43.10 ] D: _automationChanging true
[    43.10 ] D: _currentMouseY 196 217 204 202 QSizeF(1, -1)
[    43.10 ] D: mouseMove2
[    43.12 ] D: _automationChanging true
[    43.12 ] D: _pointActive2 false 1
[    43.12 ] D: createSelectedPoints 1 -1
[    43.12 ] D: _currentMouseY 196 216 204 202 QSizeF(0, -1)
[    43.12 ] D: mouseMove2
[    43.13 ] D: _automationChanging true
[    43.13 ] D: _pointActive2 false 1
[    43.13 ] D: createSelectedPoints 1 -1
[    43.13 ] D: _currentMouseY 196 216 204 202 QSizeF(0, 0)
[    43.14 ] D: mouseMove2
[    43.14 ] D: _automationChanging true
[    43.14 ] D: _currentMouseY 196 215 204 202 QSizeF(0, -1)
[    43.14 ] D: mouseMove2
[    43.15 ] D: _automationChanging true
[    43.15 ] D: _pointActive2 false 1
[    43.15 ] D: createSelectedPoints 1 -1
[    43.15 ] D: _currentMouseY 197 214 204 202 QSizeF(1, -1)
[    43.15 ] D: mouseMove2
[    43.17 ] D: _automationChanging true
[    43.17 ] D: _pointActive2 false 1
[    43.17 ] D: createSelectedPoints 1 -1
[    43.17 ] D: _currentMouseY 198 214 204 202 QSizeF(1, 0)
[    43.17 ] D: mouseMove2
[    43.18 ] D: _automationChanging true
[    43.18 ] D: _pointActive2 false 1
[    43.18 ] D: createSelectedPoints 1 -1
[    43.19 ] D: _currentMouseY 198 213 204 202 QSizeF(0, -1)
[    43.19 ] D: mouseMove2
[    43.20 ] D: _pointActive2 false 1
[    43.20 ] D: createSelectedPoints 1 -1
[    43.73 ] D: _automationChanging true
[    43.73 ] D: _currentMouseY 198 211 204 202 QSizeF(0, -2)
[    43.73 ] D: mouseMove2
[    43.75 ] D: _automationChanging true
[    43.75 ] D: _pointActive2 false 1
[    43.75 ] D: createSelectedPoints 1 -1
[    43.75 ] D: _currentMouseY 198 211 204 202 QSizeF(0, 0)
[    43.75 ] D: mouseMove2
[    43.77 ] D: _pointActive2 false 1
[    43.77 ] D: createSelectedPoints 1 -1
[    43.77 ] D: _automationChanging true
[    43.77 ] D: _currentMouseY 198 210 204 202 QSizeF(0, -1)
[    43.77 ] D: mouseMove2
[    43.78 ] D: _automationChanging true
[    43.78 ] D: _pointActive2 false 1
[    43.78 ] D: createSelectedPoints 1 -1
[    43.78 ] D: _currentMouseY 199 210 204 202 QSizeF(1, 0)
[    43.79 ] D: mouseMove2
[    43.80 ] D: _automationChanging true
[    43.80 ] D: _pointActive2 false 1
[    43.80 ] D: createSelectedPoints 1 -1
[    43.80 ] D: _currentMouseY 199 210 204 202 QSizeF(0, 0)
[    43.80 ] D: mouseMove2
[    43.82 ] D: _pointActive2 false 1
[    43.82 ] D: createSelectedPoints 1 -1
[    43.83 ] D: _automationChanging true
[    43.83 ] D: _currentMouseY 199 209 204 202 QSizeF(0, -1)
[    43.83 ] D: mouseMove2
[    43.85 ] D: _automationChanging true
[    43.85 ] D: _pointActive2 false 1
[    43.85 ] D: createSelectedPoints 1 -1
[    43.85 ] D: _currentMouseY 199 209 204 202 QSizeF(0, 0)
[    43.85 ] D: mouseMove2
[    43.85 ] D: _automationChanging true
[    43.85 ] D: _currentMouseY 199 208 204 202 QSizeF(0, -1)
[    43.85 ] D: mouseMove2
[    43.87 ] D: _automationChanging true
[    43.87 ] D: _pointActive2 false 1
[    43.87 ] D: createSelectedPoints 1 -1
[    43.87 ] D: _currentMouseY 199 208 204 202 QSizeF(0, 0)
[    43.87 ] D: mouseMove2
[    43.88 ] D: _pointActive2 false 1
[    43.88 ] D: createSelectedPoints 1 -1
[    44.55 ] D: _automationChanging true
[    44.55 ] D: _currentMouseY 199 207 204 202 QSizeF(0, -1)
[    44.55 ] D: mouseMove2
[    44.57 ] D: _automationChanging true
[    44.57 ] D: _pointActive2 false 1
[    44.57 ] D: createSelectedPoints 1 -1
[    44.57 ] D: _currentMouseY 199 207 204 202 QSizeF(0, 0)
[    44.57 ] D: mouseMove2
[    44.58 ] D: _pointActive2 false 1
[    44.58 ] D: createSelectedPoints 1 -1
[    44.68 ] D: _automationChanging true
[    44.68 ] D: _currentMouseY 199 206 204 202 QSizeF(0, -1)
[    44.68 ] D: mouseMove2
[    44.70 ] D: _automationChanging true
[    44.70 ] D: _pointActive2 false 1
[    44.70 ] D: createSelectedPoints 1 -1
[    44.70 ] D: _currentMouseY 199 206 204 202 QSizeF(0, 0)
[    44.70 ] D: mouseMove2
[    44.72 ] D: _pointActive2 false 1
[    44.72 ] D: createSelectedPoints 1 -1
[    44.81 ] D: _automationChanging true
[    44.81 ] D: _currentMouseY 199 205 204 202 QSizeF(0, -1)
[    44.81 ] D: mouseMove2
[    44.83 ] D: _automationChanging true
[    44.83 ] D: _pointActive2 false 1
[    44.83 ] D: createSelectedPoints 1 -1
[    44.83 ] D: _currentMouseY 199 205 204 202 QSizeF(0, 0)
[    44.84 ] D: mouseMove2
[    44.85 ] D: _pointActive2 false 1
[    44.85 ] D: createSelectedPoints 1 -1
[    44.92 ] D: _automationChanging true
[    44.92 ] D: _currentMouseY 199 204 204 202 QSizeF(0, -1)
[    44.92 ] D: mouseMove2
[    44.93 ] D: _automationChanging true
[    44.93 ] D: _pointActive2 false 1
[    44.93 ] D: createSelectedPoints 1 -1
[    44.94 ] D: _currentMouseY 199 204 204 202 QSizeF(0, 0)
[    44.94 ] D: mouseMove2
[    44.95 ] D: _pointActive2 false 1
[    44.95 ] D: createSelectedPoints 1 -1
[    45.00 ] D: _automationChanging true
[    45.00 ] D: _currentMouseY 199 203 204 202 QSizeF(0, -1)
[    45.00 ] D: mouseMove2
[    45.02 ] D: _automationChanging true
[    45.02 ] D: _pointActive2 false 1
[    45.02 ] D: createSelectedPoints 1 -1
[    45.02 ] D: _currentMouseY 199 203 204 202 QSizeF(0, 0)
[    45.02 ] D: mouseMove2
[    45.03 ] D: _pointActive2 false 1
[    45.03 ] D: createSelectedPoints 1 -1
[    45.50 ] D: _automationChanging true
[    45.50 ] D: _currentMouseY 199 202 204 202 QSizeF(0, -1)
[    45.50 ] D: mouseMove2
[    45.50 ] D: _pointActive2 false 1
[    45.50 ] D: createSelectedPoints 1 -1
[    45.51 ] D: _automationChanging true
[    45.51 ] D: _currentMouseY 199 202 204 202 QSizeF(0, 0)
[    45.51 ] D: mouseMove2
[    45.53 ] D: _pointActive2 false 1
[    45.53 ] D: createSelectedPoints 1 -1
[    45.58 ] D: _automationChanging true
[    45.58 ] D: _currentMouseY 199 201 204 202 QSizeF(0, -1)
[    45.58 ] D: mouseMove2
[    45.60 ] D: _automationChanging true
[    45.60 ] D: _pointActive2 false 1
[    45.60 ] D: createSelectedPoints 1 -1
[    45.60 ] D: _currentMouseY 199 201 204 202 QSizeF(0, 0)
[    45.60 ] D: mouseMove2
[    45.62 ] D: _pointActive2 false 1
[    45.62 ] D: createSelectedPoints 1 -1
[    45.82 ] D: _automationChanging true
[    45.82 ] D: _currentMouseY 199 200 204 202 QSizeF(0, -1)
[    45.82 ] D: mouseMove2
[    45.83 ] D: _automationChanging true
[    45.83 ] D: _pointActive2 false 1
[    45.83 ] D: createSelectedPoints 1 -1
[    45.83 ] D: _currentMouseY 199 200 204 202 QSizeF(0, 0)
[    45.84 ] D: mouseMove2
[    45.84 ] D: _automationChanging true
[    45.84 ] D: _currentMouseY 199 199 204 202 QSizeF(0, -1)
[    45.84 ] D: mouseMove2
[    45.85 ] D: _automationChanging true
[    45.85 ] D: _pointActive2 false 1
[    45.85 ] D: createSelectedPoints 1 -1
[    45.85 ] D: _currentMouseY 199 199 204 202 QSizeF(0, 0)
[    45.85 ] D: mouseMove2
[    45.87 ] D: _pointActive2 false 1
[    45.87 ] D: createSelectedPoints 1 -1
[    45.88 ] D: _automationChanging true
[    45.88 ] D: _currentMouseY 199 198 204 202 QSizeF(0, -1)
[    45.88 ] D: mouseMove2
[    45.90 ] D: _pointActive2 false 1
[    45.90 ] D: createSelectedPoints 1 -1
[    45.95 ] D: _automationChanging true
[    45.95 ] D: _currentMouseY 199 196 204 202 QSizeF(0, -2)
[    45.95 ] D: mouseMove2
[    45.97 ] D: _automationChanging true
[    45.97 ] D: _pointActive2 false 1
[    45.97 ] D: createSelectedPoints 1 -1
[    45.97 ] D: _currentMouseY 199 195 204 202 QSizeF(0, -1)
[    45.97 ] D: mouseMove2
[    45.98 ] D: _automationChanging true
[    45.99 ] D: _pointActive2 false 1
[    45.99 ] D: createSelectedPoints 1 -1
[    45.99 ] D: _currentMouseY 199 195 204 202 QSizeF(0, 0)
[    45.99 ] D: mouseMove2
[    46.00 ] D: _pointActive2 false 1
[    46.00 ] D: createSelectedPoints 1 -1
[    46.07 ] D: _automationChanging true
[    46.07 ] D: _currentMouseY 199 194 204 202 QSizeF(0, -1)
[    46.07 ] D: mouseMove2
[    46.08 ] D: _automationChanging true
[    46.08 ] D: _pointActive2 false 1
[    46.08 ] D: createSelectedPoints 1 -1
[    46.08 ] D: _currentMouseY 199 194 204 202 QSizeF(0, 0)
[    46.09 ] D: mouseMove2
[    46.10 ] D: _automationChanging true
[    46.10 ] D: _pointActive2 false 1
[    46.10 ] D: createSelectedPoints 1 -1
[    46.10 ] D: _currentMouseY 200 194 204 202 QSizeF(1, 0)
[    46.10 ] D: mouseMove2
[    46.12 ] D: _automationChanging true
[    46.12 ] D: _pointActive2 false 1
[    46.12 ] D: createSelectedPoints 1 -1
[    46.12 ] D: _currentMouseY 200 194 204 202 QSizeF(0, 0)
[    46.12 ] D: mouseMove2
[    46.13 ] D: _pointActive2 false 1
[    46.13 ] D: createSelectedPoints 1 -1
[    46.16 ] D: _automationChanging true
[    46.16 ] D: _currentMouseY 200 193 204 202 QSizeF(0, -1)
[    46.17 ] D: mouseMove2
[    46.18 ] D: _automationChanging true
[    46.18 ] D: _pointActive2 false 1
[    46.18 ] D: createSelectedPoints 1 -1
[    46.19 ] D: _currentMouseY 200 193 204 202 QSizeF(0, 0)
[    46.19 ] D: mouseMove2
[    46.20 ] D: _pointActive2 false 1
[    46.20 ] D: createSelectedPoints 1 -1
[    46.24 ] D: _automationChanging true
[    46.24 ] D: _currentMouseY 200 192 204 202 QSizeF(0, -1)
[    46.24 ] D: mouseMove2
[    46.25 ] D: _automationChanging true
[    46.25 ] D: _currentMouseY 200 192 204 202 QSizeF(0, 0)
[    46.25 ] D: mouseMove2
[    46.27 ] D: _pointActive2 false 1
[    46.27 ] D: createSelectedPoints 1 -1
[    46.33 ] D: _automationChanging true
[    46.33 ] D: _currentMouseY 200 191 204 202 QSizeF(0, -1)
[    46.33 ] D: mouseMove2
[    46.35 ] D: _automationChanging true
[    46.35 ] D: _pointActive2 false 1
[    46.35 ] D: createSelectedPoints 1 -1
[    46.35 ] D: _currentMouseY 200 191 204 202 QSizeF(0, 0)
[    46.35 ] D: mouseMove2
[    46.37 ] D: _automationChanging true
[    46.37 ] D: _pointActive2 false 1
[    46.37 ] D: createSelectedPoints 1 -1
[    46.37 ] D: _currentMouseY 200 190 204 202 QSizeF(0, -1)
[    46.37 ] D: mouseMove2
[    46.38 ] D: _automationChanging true
[    46.38 ] D: _pointActive2 false 1
[    46.38 ] D: createSelectedPoints 1 -1
[    46.38 ] D: _currentMouseY 200 190 204 202 QSizeF(0, 0)
[    46.39 ] D: mouseMove2
[    46.40 ] D: _pointActive2 false 1
[    46.40 ] D: createSelectedPoints 1 -1
[    46.40 ] D: _automationChanging true
[    46.40 ] D: _currentMouseY 200 189 204 202 QSizeF(0, -1)
[    46.40 ] D: mouseMove2
[    46.42 ] D: _automationChanging true
[    46.42 ] D: _pointActive2 false 1
[    46.42 ] D: createSelectedPoints 1 -1
[    46.42 ] D: _currentMouseY 200 189 204 202 QSizeF(0, 0)
[    46.42 ] D: mouseMove2
[    46.43 ] D: _pointActive2 false 1
[    46.43 ] D: createSelectedPoints 1 -1
[    46.45 ] D: _automationChanging true
[    46.45 ] D: _currentMouseY 200 188 204 202 QSizeF(0, -1)
[    46.45 ] D: mouseMove2
[    46.47 ] D: _automationChanging true
[    46.47 ] D: _pointActive2 false 1
[    46.47 ] D: createSelectedPoints 1 -1
[    46.47 ] D: _currentMouseY 200 188 204 202 QSizeF(0, 0)
[    46.47 ] D: mouseMove2
[    46.48 ] D: _pointActive2 false 1
[    46.48 ] D: createSelectedPoints 1 -1
[    46.56 ] D: _automationChanging true
[    46.56 ] D: _currentMouseY 200 187 204 202 QSizeF(0, -1)
[    46.56 ] D: mouseMove2
[    46.57 ] D: _automationChanging true
[    46.57 ] D: _pointActive2 false 1
[    46.57 ] D: createSelectedPoints 1 -1
[    46.57 ] D: _currentMouseY 200 187 204 202 QSizeF(0, 0)
[    46.57 ] D: mouseMove2
[    46.58 ] D: _pointActive2 false 1
[    46.58 ] D: createSelectedPoints 1 -1
[    46.61 ] D: _automationChanging true
[    46.61 ] D: _currentMouseY 200 186 204 202 QSizeF(0, -1)
[    46.61 ] D: mouseMove2
[    46.63 ] D: _automationChanging true
[    46.63 ] D: _pointActive2 false 1
[    46.63 ] D: createSelectedPoints 1 -1
[    46.63 ] D: _currentMouseY 200 186 204 202 QSizeF(0, 0)
[    46.64 ] D: mouseMove2
[    46.65 ] D: _pointActive2 false 1
[    46.65 ] D: createSelectedPoints 1 -1
[    46.67 ] D: _automationChanging true
[    46.67 ] D: _currentMouseY 200 185 204 202 QSizeF(0, -1)
[    46.67 ] D: mouseMove2
[    46.68 ] D: _automationChanging true
[    46.68 ] D: _pointActive2 false 1
[    46.68 ] D: createSelectedPoints 1 -1
[    46.69 ] D: _currentMouseY 200 185 204 202 QSizeF(0, 0)
[    46.69 ] D: mouseMove2
[    46.70 ] D: _pointActive2 false 1
[    46.70 ] D: createSelectedPoints 1 -1
[    46.70 ] D: _automationChanging true
[    46.70 ] D: _currentMouseY 200 184 204 202 QSizeF(0, -1)
[    46.71 ] D: mouseMove2
[    46.72 ] D: _automationChanging true
[    46.72 ] D: _pointActive2 false 1
[    46.72 ] D: createSelectedPoints 1 -1
[    46.72 ] D: _currentMouseY 200 184 204 202 QSizeF(0, 0)
[    46.72 ] D: mouseMove2
[    46.73 ] D: _pointActive2 false 1
[    46.73 ] D: createSelectedPoints 1 -1
[    46.80 ] D: _automationChanging true
[    46.80 ] D: _currentMouseY 201 183 204 202 QSizeF(1, -1)
[    46.80 ] D: mouseMove2
[    46.82 ] D: _automationChanging true
[    46.82 ] D: _pointActive2 false 1
[    46.82 ] D: createSelectedPoints 1 -1
[    46.82 ] D: _currentMouseY 201 183 204 202 QSizeF(0, 0)
[    46.82 ] D: mouseMove2
[    46.83 ] D: _pointActive2 false 1
[    46.83 ] D: createSelectedPoints 1 -1
[    46.87 ] D: _automationChanging true
[    46.87 ] D: _currentMouseY 201 182 204 202 QSizeF(0, -1)
[    46.87 ] D: mouseMove2
[    46.88 ] D: _automationChanging true
[    46.88 ] D: _pointActive2 false 1
[    46.88 ] D: createSelectedPoints 1 -1
[    46.88 ] D: _currentMouseY 201 182 204 202 QSizeF(0, 0)
[    46.89 ] D: mouseMove2
[    46.90 ] D: _pointActive2 false 1
[    46.90 ] D: createSelectedPoints 1 -1
[    46.93 ] D: _automationChanging true
[    46.93 ] D: _currentMouseY 201 181 204 202 QSizeF(0, -1)
[    46.93 ] D: mouseMove2
[    46.93 ] D: _automationChanging true
[    46.93 ] D: _currentMouseY 201 181 204 202 QSizeF(0, 0)
[    46.93 ] D: mouseMove2
[    46.95 ] D: _automationChanging true
[    46.95 ] D: _pointActive2 false 1
[    46.95 ] D: createSelectedPoints 1 -1
[    46.95 ] D: _currentMouseY 201 180 204 202 QSizeF(0, -1)
[    46.95 ] D: mouseMove2
[    46.97 ] D: _automationChanging true
[    46.97 ] D: _pointActive2 false 1
[    46.97 ] D: createSelectedPoints 1 -1
[    46.97 ] D: _currentMouseY 201 180 204 202 QSizeF(0, 0)
[    46.97 ] D: mouseMove2
[    46.98 ] D: _automationChanging true
[    46.98 ] D: _pointActive2 false 1
[    46.98 ] D: createSelectedPoints 1 -1
[    46.99 ] D: _currentMouseY 201 179 204 202 QSizeF(0, -1)
[    46.99 ] D: mouseMove2
[    47.00 ] D: _automationChanging true
[    47.00 ] D: _pointActive2 false 1
[    47.00 ] D: createSelectedPoints 1 -1
[    47.00 ] D: _currentMouseY 201 179 204 202 QSizeF(0, 0)
[    47.00 ] D: mouseMove2
[    47.00 ] D: _automationChanging true
[    47.00 ] D: _currentMouseY 201 178 204 202 QSizeF(0, -1)
[    47.00 ] D: mouseMove2
[    47.02 ] D: _automationChanging true
[    47.02 ] D: _pointActive2 false 1
[    47.02 ] D: createSelectedPoints 1 -1
[    47.02 ] D: _currentMouseY 201 178 204 202 QSizeF(0, 0)
[    47.02 ] D: mouseMove2
[    47.03 ] D: _pointActive2 false 1
[    47.03 ] D: createSelectedPoints 1 -1
[    47.04 ] D: _automationChanging true
[    47.04 ] D: _currentMouseY 201 177 204 202 QSizeF(0, -1)
[    47.04 ] D: mouseMove2
[    47.05 ] D: _automationChanging true
[    47.05 ] D: _pointActive2 false 1
[    47.05 ] D: createSelectedPoints 1 -1
[    47.05 ] D: _currentMouseY 201 177 204 202 QSizeF(0, 0)
[    47.05 ] D: mouseMove2
[    47.06 ] D: _automationChanging true
[    47.06 ] D: _currentMouseY 201 176 204 202 QSizeF(0, -1)
[    47.06 ] D: mouseMove2
[    47.07 ] D: _pointActive2 false 1
[    47.07 ] D: createSelectedPoints 1 -1
[    47.09 ] D: _automationChanging true
[    47.10 ] D: _currentMouseY 201 174 204 202 QSizeF(0, -2)
[    47.10 ] D: mouseMove2
[    47.10 ] D: _automationChanging true
[    47.10 ] D: _pointActive2 false 1
[    47.10 ] D: createSelectedPoints 1 -1
[    47.10 ] D: _currentMouseY 201 174 204 202 QSizeF(0, 0)
[    47.10 ] D: mouseMove2
[    47.10 ] D: _automationChanging true
[    47.10 ] D: _currentMouseY 201 173 204 202 QSizeF(0, -1)
[    47.10 ] D: mouseMove2
[    47.12 ] D: _automationChanging true
[    47.12 ] D: _pointActive2 false 1
[    47.12 ] D: createSelectedPoints 1 -1
[    47.12 ] D: _currentMouseY 201 173 204 202 QSizeF(0, 0)
[    47.12 ] D: mouseMove2
[    47.13 ] D: _automationChanging true
[    47.13 ] D: _pointActive2 false 1
[    47.13 ] D: createSelectedPoints 1 -1
[    47.13 ] D: _currentMouseY 201 172 204 202 QSizeF(0, -1)
[    47.14 ] D: mouseMove2
[    47.15 ] D: _pointActive2 false 1
[    47.15 ] D: createSelectedPoints 1 -1
[    47.16 ] D: _automationChanging true
[    47.16 ] D: _currentMouseY 201 170 204 202 QSizeF(0, -2)
[    47.16 ] D: mouseMove2
[    47.17 ] D: _automationChanging true
[    47.17 ] D: _currentMouseY 201 169 204 202 QSizeF(0, -1)
[    47.17 ] D: mouseMove2
[    47.18 ] D: _automationChanging true
[    47.18 ] D: _pointActive2 false 1
[    47.19 ] D: createSelectedPoints 1 -1
[    47.19 ] D: _currentMouseY 201 169 204 202 QSizeF(0, 0)
[    47.19 ] D: mouseMove2
[    47.19 ] D: _automationChanging true
[    47.19 ] D: _currentMouseY 201 168 204 202 QSizeF(0, -1)
[    47.19 ] D: mouseMove2
[    47.20 ] D: _pointActive2 false 1
[    47.20 ] D: createSelectedPoints 1 -1
[    47.21 ] D: _automationChanging true
[    47.21 ] D: _currentMouseY 201 166 204 202 QSizeF(0, -2)
[    47.21 ] D: mouseMove2
[    47.23 ] D: _automationChanging true
[    47.24 ] D: _pointActive2 false 1
[    47.24 ] D: createSelectedPoints 1 -1
[    47.24 ] D: _currentMouseY 201 165 204 202 QSizeF(0, -1)
[    47.24 ] D: mouseMove2
[    47.25 ] D: _automationChanging true
[    47.25 ] D: _pointActive2 false 1
[    47.25 ] D: createSelectedPoints 1 -1
[    47.25 ] D: _currentMouseY 201 165 204 202 QSizeF(0, 0)
[    47.25 ] D: mouseMove2
[    47.25 ] D: _automationChanging true
[    47.25 ] D: _currentMouseY 201 164 204 202 QSizeF(0, -1)
[    47.26 ] D: mouseMove2
[    47.27 ] D: _pointActive2 false 1
[    47.27 ] D: createSelectedPoints 1 -1
[    47.28 ] D: _automationChanging true
[    47.28 ] D: _currentMouseY 201 162 204 202 QSizeF(0, -2)
[    47.28 ] D: mouseMove2
[    47.30 ] D: _automationChanging true
[    47.30 ] D: _pointActive2 false 1
[    47.30 ] D: createSelectedPoints 1 -1
[    47.30 ] D: _currentMouseY 201 161 204 202 QSizeF(0, -1)
[    47.30 ] D: mouseMove2
[    47.30 ] D: _automationChanging true
[    47.30 ] D: _currentMouseY 201 159 204 202 QSizeF(0, -2)
[    47.31 ] D: mouseMove2
[    47.32 ] D: _automationChanging true
[    47.32 ] D: _pointActive2 false 1
[    47.32 ] D: createSelectedPoints 1 -1
[    47.32 ] D: _currentMouseY 202 158 204 202 QSizeF(1, -1)
[    47.32 ] D: mouseMove2
[    47.32 ] D: _automationChanging true
[    47.32 ] D: _currentMouseY 203 156 204 202 QSizeF(1, -2)
[    47.32 ] D: mouseMove2
[    47.33 ] D: _automationChanging true
[    47.33 ] D: _pointActive2 false 1
[    47.33 ] D: createSelectedPoints 1 -1
[    47.34 ] D: _currentMouseY 203 155 204 202 QSizeF(0, -1)
[    47.34 ] D: mouseMove2
[    47.35 ] D: _automationChanging true
[    47.35 ] D: _pointActive2 false 1
[    47.35 ] D: createSelectedPoints 1 -1
[    47.35 ] D: _currentMouseY 203 153 204 202 QSizeF(0, -2)
[    47.35 ] D: mouseMove2
[    47.37 ] D: _automationChanging true
[    47.37 ] D: _pointActive2 false 1
[    47.37 ] D: createSelectedPoints 1 -1
[    47.37 ] D: _currentMouseY 203 152 204 202 QSizeF(0, -1)
[    47.37 ] D: mouseMove2
[    47.38 ] D: _automationChanging true
[    47.38 ] D: _pointActive2 false 1
[    47.38 ] D: createSelectedPoints 1 -1
[    47.38 ] D: _currentMouseY 203 152 204 202 QSizeF(0, 0)
[    47.39 ] D: mouseMove2
[    47.40 ] D: _automationChanging true
[    47.40 ] D: _pointActive2 false 1
[    47.40 ] D: createSelectedPoints 1 -1
[    47.40 ] D: _currentMouseY 203 151 204 202 QSizeF(0, -1)
[    47.40 ] D: mouseMove2
[    47.42 ] D: _pointActive2 false 1
[    47.42 ] D: createSelectedPoints 1 -1
[    47.45 ] D: _automationChanging true
[    47.45 ] D: _currentMouseY 203 149 204 202 QSizeF(0, -2)
[    47.45 ] D: mouseMove2
[    47.47 ] D: _automationChanging true
[    47.47 ] D: _pointActive2 false 1
[    47.47 ] D: createSelectedPoints 1 -1
[    47.47 ] D: _currentMouseY 203 148 204 202 QSizeF(0, -1)
[    47.47 ] D: mouseMove2
[    47.48 ] D: _automationChanging true
[    47.49 ] D: _pointActive2 false 1
[    47.49 ] D: createSelectedPoints 1 -1
[    47.49 ] D: _currentMouseY 204 148 204 202 QSizeF(1, 0)
[    47.49 ] D: mouseMove2
[    47.50 ] D: _automationChanging true
[    47.50 ] D: _pointActive2 false 1
[    47.50 ] D: createSelectedPoints 1 -1
[    47.50 ] D: _currentMouseY 204 147 204 202 QSizeF(0, -1)
[    47.50 ] D: mouseMove2
[    47.52 ] D: _automationChanging true
[    47.52 ] D: _pointActive2 false 1
[    47.52 ] D: createSelectedPoints 1 -1
[    47.52 ] D: _currentMouseY 204 147 204 202 QSizeF(0, 0)
[    47.52 ] D: mouseMove2
[    47.52 ] D: _automationChanging true
[    47.52 ] D: _currentMouseY 204 146 204 202 QSizeF(0, -1)
[    47.52 ] D: mouseMove2
[    47.53 ] D: _automationChanging true
[    47.53 ] D: _pointActive2 false 1
[    47.53 ] D: createSelectedPoints 1 -1
[    47.54 ] D: _currentMouseY 204 146 204 202 QSizeF(0, 0)
[    47.54 ] D: mouseMove2
[    47.55 ] D: _automationChanging true
[    47.55 ] D: _pointActive2 false 1
[    47.55 ] D: createSelectedPoints 1 -1
[    47.55 ] D: _currentMouseY 204 145 204 202 QSizeF(0, -1)
[    47.55 ] D: mouseMove2
[    47.57 ] D: _automationChanging true
[    47.57 ] D: _pointActive2 false 1
[    47.57 ] D: createSelectedPoints 1 -1
[    47.57 ] D: _currentMouseY 204 145 204 202 QSizeF(0, 0)
[    47.57 ] D: mouseMove2
[    47.58 ] D: _pointActive2 false 1
[    47.58 ] D: createSelectedPoints 1 -1
[    47.66 ] D: _automationChanging true
[    47.66 ] D: _currentMouseY 204 144 204 202 QSizeF(0, -1)
[    47.66 ] D: mouseMove2
[    47.68 ] D: _pointActive2 false 1
[    47.68 ] D: createSelectedPoints 1 -1
[    47.73 ] D: _automationChanging true
[    47.73 ] D: _currentMouseY 204 142 204 202 QSizeF(0, -2)
[    47.73 ] D: mouseMove2
[    47.75 ] D: _automationChanging true
[    47.75 ] D: _pointActive2 false 1
[    47.75 ] D: createSelectedPoints 1 -1
[    47.75 ] D: _currentMouseY 204 141 204 202 QSizeF(0, -1)
[    47.75 ] D: mouseMove2
[    47.77 ] D: _automationChanging true
[    47.77 ] D: _pointActive2 false 1
[    47.77 ] D: createSelectedPoints 1 -1
[    47.77 ] D: _currentMouseY 204 141 204 202 QSizeF(0, 0)
[    47.77 ] D: mouseMove2
[    47.78 ] D: _pointActive2 false 1
[    47.78 ] D: createSelectedPoints 1 -1
[    47.86 ] D: _automationChanging true
[    47.86 ] D: _currentMouseY 204 140 204 202 QSizeF(0, -1)
[    47.86 ] D: mouseMove2
[    47.86 ] D: _automationChanging true
[    47.86 ] D: _currentMouseY 204 140 204 202 QSizeF(0, 0)
[    47.86 ] D: mouseMove2
[    47.88 ] D: _automationChanging true
[    47.88 ] D: _pointActive2 false 1
[    47.88 ] D: createSelectedPoints 1 -1
[    47.88 ] D: _currentMouseY 204 139 204 202 QSizeF(0, -1)
[    47.89 ] D: mouseMove2
[    47.90 ] D: _automationChanging true
[    47.90 ] D: _pointActive2 false 1
[    47.90 ] D: createSelectedPoints 1 -1
[    47.90 ] D: _currentMouseY 205 139 204 202 QSizeF(1, 0)
[    47.90 ] D: mouseMove2
[    47.92 ] D: _automationChanging true
[    47.92 ] D: _pointActive2 false 1
[    47.92 ] D: createSelectedPoints 1 -1
[    47.92 ] D: _currentMouseY 205 139 204 202 QSizeF(0, 0)
[    47.92 ] D: mouseMove2
[    47.93 ] D: _pointActive2 false 1
[    47.93 ] D: createSelectedPoints 1 -1
[    48.13 ] D: _automationChanging true
[    48.13 ] D: _currentMouseY 205 138 204 202 QSizeF(0, -1)
[    48.13 ] D: mouseMove2
[    48.15 ] D: _automationChanging true
[    48.15 ] D: _pointActive2 false 1
[    48.15 ] D: createSelectedPoints 1 -1
[    48.15 ] D: _currentMouseY 205 138 204 202 QSizeF(0, 0)
[    48.15 ] D: mouseMove2
[    48.15 ] D: _automationChanging true
[    48.15 ] D: _currentMouseY 205 138 204 202 QSizeF(0, -1)
[    48.15 ] D: mouseMove2
[    48.17 ] D: _automationChanging true
[    48.17 ] D: _pointActive2 false 1
[    48.17 ] D: createSelectedPoints 1 -1
[    48.17 ] D: _currentMouseY 205 138 204 202 QSizeF(0, 0)
[    48.17 ] D: mouseMove2
[    48.18 ] D: _automationChanging true
[    48.18 ] D: _pointActive2 false 1
[    48.18 ] D: createSelectedPoints 1 -1
[    48.18 ] D: _currentMouseY 205 138 204 202 QSizeF(0, -1)
[    48.19 ] D: mouseMove2
[    48.20 ] D: _automationChanging true
[    48.20 ] D: _pointActive2 false 1
[    48.20 ] D: createSelectedPoints 1 -1
[    48.20 ] D: _currentMouseY 205 138 204 202 QSizeF(0, 0)
[    48.20 ] D: mouseMove2
[    48.20 ] D: _automationChanging true
[    48.20 ] D: _currentMouseY 206 138 204 202 QSizeF(1, -1)
[    48.20 ] D: mouseMove2
[    48.22 ] D: _automationChanging true
[    48.22 ] D: _pointActive2 false 1
[    48.22 ] D: createSelectedPoints 1 -1
[    48.22 ] D: _currentMouseY 206 138 204 202 QSizeF(0, 0)
[    48.22 ] D: mouseMove2
[    48.23 ] D: _pointActive2 false 1
[    48.23 ] D: createSelectedPoints 1 -1
[    48.38 ] D: _automationChanging true
[    48.38 ] D: _currentMouseY 206 138 204 202 QSizeF(0, -1)
[    48.38 ] D: mouseMove2
[    48.40 ] D: _automationChanging true
[    48.40 ] D: _pointActive2 false 1
[    48.40 ] D: createSelectedPoints 1 -1
[    48.40 ] D: _currentMouseY 206 138 204 202 QSizeF(0, 0)
[    48.40 ] D: mouseMove2
[    48.42 ] D: _pointActive2 false 1
[    48.42 ] D: createSelectedPoints 1 -1
[    48.43 ] D: _automationChanging true
[    48.43 ] D: _currentMouseY 206 138 204 202 QSizeF(0, -1)
[    48.43 ] D: mouseMove2
[    48.43 ] D: _automationChanging true
[    48.43 ] D: _currentMouseY 206 138 204 202 QSizeF(0, 0)
[    48.43 ] D: mouseMove2
[    48.45 ] D: _pointActive2 false 1
[    48.45 ] D: createSelectedPoints 1 -1
[    48.83 ] D: createSelectedPoints 1 -1
[    48.83 ] D: isAutomated 1
[    48.83 ] D: isAutomated 0
[    48.83 ] D: isAutomated 0
[    53.13 ] D: findTrackIndexByPoint 0 QRect(0,0 1707x111) false QPointF(160,207)
[    53.13 ] D: findTrackIndexByPoint 1 QRect(0,111 1707x111) true QPointF(160,207)
[    53.15 ] D: createSelectedPoints 1 -1
[    53.24 ] D: _automationChanging true
[    53.24 ] D: mouseMove2
[    53.26 ] D: _automationChanging true
[    53.26 ] D: _pointActive1 true false false
[    53.26 ] D: _pointActive2 false 1
[    53.26 ] D: createSelectedPoints 1 -1
[    53.27 ] D: _currentMouseY 157 208 160 207 QSizeF(-3, 1)
[    53.27 ] D: mouseMove2
[    53.27 ] D: _automationChanging true
[    53.27 ] D: _currentMouseY 153 209 160 207 QSizeF(-4, 1)
[    53.27 ] D: mouseMove2
[    53.28 ] D: _automationChanging true
[    53.28 ] D: _pointActive2 false 1
[    53.28 ] D: createSelectedPoints 1 -1
[    53.29 ] D: _currentMouseY 152 209 160 207 QSizeF(-1, 0)
[    53.29 ] D: mouseMove2
[    53.30 ] D: _pointActive2 false 1
[    53.30 ] D: createSelectedPoints 1 -1
[    53.30 ] D: _automationChanging true
[    53.30 ] D: _currentMouseY 150 209 160 207 QSizeF(-2, 0)
[    53.31 ] D: mouseMove2
[    53.32 ] D: _automationChanging true
[    53.32 ] D: _pointActive2 false 1
[    53.32 ] D: createSelectedPoints 1 -1
[    53.32 ] D: _currentMouseY 150 209 160 207 QSizeF(0, 0)
[    53.32 ] D: mouseMove2
[    53.32 ] D: _automationChanging true
[    53.32 ] D: _currentMouseY 149 209 160 207 QSizeF(-1, 0)
[    53.32 ] D: mouseMove2
[    53.33 ] D: _pointActive2 false 1
[    53.33 ] D: createSelectedPoints 1 -1
[    53.35 ] D: _automationChanging true
[    53.35 ] D: _currentMouseY 147 209 160 207 QSizeF(-2, 0)
[    53.35 ] D: mouseMove2
[    53.37 ] D: _automationChanging true
[    53.37 ] D: _pointActive2 false 1
[    53.37 ] D: createSelectedPoints 1 -1
[    53.37 ] D: _currentMouseY 146 209 160 207 QSizeF(-1, 0)
[    53.37 ] D: mouseMove2
[    53.38 ] D: _automationChanging true
[    53.38 ] D: _pointActive2 false 1
[    53.38 ] D: createSelectedPoints 1 -1
[    53.38 ] D: _currentMouseY 146 209 160 207 QSizeF(0, 0)
[    53.39 ] D: mouseMove2
[    53.40 ] D: _automationChanging true
[    53.40 ] D: _pointActive2 false 1
[    53.40 ] D: createSelectedPoints 1 -1
[    53.40 ] D: _currentMouseY 145 209 160 207 QSizeF(-1, 0)
[    53.40 ] D: mouseMove2
[    53.42 ] D: _automationChanging true
[    53.42 ] D: _pointActive2 false 1
[    53.42 ] D: createSelectedPoints 1 -1
[    53.42 ] D: _currentMouseY 145 209 160 207 QSizeF(0, 0)
[    53.42 ] D: mouseMove2
[    53.42 ] D: _automationChanging true
[    53.42 ] D: _currentMouseY 144 209 160 207 QSizeF(-1, 0)
[    53.42 ] D: mouseMove2
[    53.43 ] D: _automationChanging true
[    53.44 ] D: _pointActive2 false 1
[    53.44 ] D: createSelectedPoints 1 -1
[    53.44 ] D: _currentMouseY 144 209 160 207 QSizeF(0, 0)
[    53.44 ] D: mouseMove2
[    53.45 ] D: _pointActive2 false 1
[    53.45 ] D: createSelectedPoints 1 -1
[    53.45 ] D: _automationChanging true
[    53.45 ] D: _currentMouseY 143 209 160 207 QSizeF(-1, 0)
[    53.45 ] D: mouseMove2
[    53.47 ] D: _pointActive2 false 1
[    53.47 ] D: createSelectedPoints 1 -1
[    53.49 ] D: _automationChanging true
[    53.49 ] D: _currentMouseY 141 209 160 207 QSizeF(-2, 0)
[    53.49 ] D: mouseMove2
[    53.50 ] D: _automationChanging true
[    53.50 ] D: _pointActive2 false 1
[    53.50 ] D: createSelectedPoints 1 -1
[    53.50 ] D: _currentMouseY 141 209 160 207 QSizeF(0, 0)
[    53.50 ] D: mouseMove2
[    53.52 ] D: _automationChanging true
[    53.52 ] D: _pointActive2 false 1
[    53.52 ] D: createSelectedPoints 1 -1
[    53.52 ] D: _currentMouseY 140 209 160 207 QSizeF(-1, 0)
[    53.52 ] D: mouseMove2
[    53.53 ] D: _automationChanging true
[    53.53 ] D: _pointActive2 false 1
[    53.53 ] D: createSelectedPoints 1 -1
[    53.53 ] D: _currentMouseY 140 209 160 207 QSizeF(0, 0)
[    53.54 ] D: mouseMove2
[    53.54 ] D: _automationChanging true
[    53.54 ] D: _currentMouseY 139 209 160 207 QSizeF(-1, 0)
[    53.54 ] D: mouseMove2
[    53.55 ] D: _pointActive2 false 1
[    53.55 ] D: createSelectedPoints 1 -1
[    53.58 ] D: _automationChanging true
[    53.58 ] D: _currentMouseY 137 209 160 207 QSizeF(-2, 0)
[    53.58 ] D: mouseMove2
[    53.60 ] D: _automationChanging true
[    53.60 ] D: _pointActive2 false 1
[    53.60 ] D: createSelectedPoints 1 -1
[    53.60 ] D: _currentMouseY 136 209 160 207 QSizeF(-1, 0)
[    53.60 ] D: mouseMove2
[    53.62 ] D: _pointActive2 false 1
[    53.62 ] D: createSelectedPoints 1 -1
[    53.64 ] D: _automationChanging true
[    53.64 ] D: _currentMouseY 134 209 160 207 QSizeF(-2, 0)
[    53.64 ] D: mouseMove2
[    53.65 ] D: _automationChanging true
[    53.65 ] D: _pointActive2 false 1
[    53.65 ] D: createSelectedPoints 1 -1
[    53.65 ] D: _currentMouseY 133 209 160 207 QSizeF(-1, 0)
[    53.65 ] D: mouseMove2
[    53.67 ] D: _automationChanging true
[    53.67 ] D: _pointActive2 false 1
[    53.67 ] D: createSelectedPoints 1 -1
[    53.67 ] D: _currentMouseY 133 209 160 207 QSizeF(0, 0)
[    53.67 ] D: mouseMove2
[    53.68 ] D: _automationChanging true
[    53.68 ] D: _pointActive2 false 1
[    53.68 ] D: createSelectedPoints 1 -1
[    53.69 ] D: _currentMouseY 133 210 160 207 QSizeF(0, 1)
[    53.69 ] D: mouseMove2
[    53.69 ] D: _automationChanging true
[    53.69 ] D: _currentMouseY 132 211 160 207 QSizeF(-1, 1)
[    53.69 ] D: mouseMove2
[    53.70 ] D: _automationChanging true
[    53.70 ] D: _pointActive2 false 1
[    53.70 ] D: createSelectedPoints 1 -1
[    53.70 ] D: _currentMouseY 132 211 160 207 QSizeF(0, 0)
[    53.70 ] D: mouseMove2
[    53.71 ] D: _automationChanging true
[    53.71 ] D: _currentMouseY 131 211 160 207 QSizeF(-1, 0)
[    53.71 ] D: mouseMove2
[    53.72 ] D: _automationChanging true
[    53.72 ] D: _pointActive2 false 1
[    53.72 ] D: createSelectedPoints 1 -1
[    53.72 ] D: _currentMouseY 131 211 160 207 QSizeF(0, 0)
[    53.72 ] D: mouseMove2
[    53.73 ] D: _pointActive2 false 1
[    53.74 ] D: createSelectedPoints 1 -1
[    53.76 ] D: _automationChanging true
[    53.76 ] D: _currentMouseY 130 212 160 207 QSizeF(-1, 1)
[    53.76 ] D: mouseMove2
[    53.78 ] D: _automationChanging true
[    53.78 ] D: _pointActive2 false 1
[    53.78 ] D: createSelectedPoints 1 -1
[    53.79 ] D: _currentMouseY 129 212 160 207 QSizeF(-1, 0)
[    53.79 ] D: mouseMove2
[    53.80 ] D: _automationChanging true
[    53.80 ] D: _pointActive2 false 1
[    53.80 ] D: createSelectedPoints 1 -1
[    53.80 ] D: _currentMouseY 127 212 160 207 QSizeF(-2, 0)
[    53.80 ] D: mouseMove2
[    53.82 ] D: _automationChanging true
[    53.82 ] D: _pointActive2 false 1
[    53.82 ] D: createSelectedPoints 1 -1
[    53.82 ] D: _currentMouseY 127 212 160 207 QSizeF(0, 0)
[    53.82 ] D: mouseMove2
[    53.83 ] D: _automationChanging true
[    53.83 ] D: _pointActive2 false 1
[    53.83 ] D: createSelectedPoints 1 -1
[    53.83 ] D: _currentMouseY 125 212 160 207 QSizeF(-2, 0)
[    53.84 ] D: mouseMove2
[    53.85 ] D: _automationChanging true
[    53.85 ] D: _pointActive2 false 1
[    53.85 ] D: createSelectedPoints 1 -1
[    53.85 ] D: _currentMouseY 124 212 160 207 QSizeF(-1, 0)
[    53.85 ] D: mouseMove2
[    53.85 ] D: _automationChanging true
[    53.85 ] D: _currentMouseY 122 212 160 207 QSizeF(-2, 0)
[    53.85 ] D: mouseMove2
[    53.87 ] D: _automationChanging true
[    53.87 ] D: _pointActive2 false 1
[    53.87 ] D: createSelectedPoints 1 -1
[    53.87 ] D: _currentMouseY 121 212 160 207 QSizeF(-1, 0)
[    53.87 ] D: mouseMove2
[    53.88 ] D: _pointActive2 false 1
[    53.88 ] D: createSelectedPoints 1 -1
[    53.90 ] D: _automationChanging true
[    53.90 ] D: _currentMouseY 119 212 160 207 QSizeF(-2, 0)
[    53.90 ] D: mouseMove2
[    53.92 ] D: _automationChanging true
[    53.92 ] D: _pointActive2 false 1
[    53.92 ] D: createSelectedPoints 1 -1
[    53.92 ] D: _currentMouseY 119 212 160 207 QSizeF(0, 0)
[    53.92 ] D: mouseMove2
[    53.92 ] D: _automationChanging true
[    53.92 ] D: _currentMouseY 118 212 160 207 QSizeF(-1, 0)
[    53.92 ] D: mouseMove2
[    53.93 ] D: _automationChanging true
[    53.94 ] D: _pointActive2 false 1
[    53.94 ] D: createSelectedPoints 1 -1
[    53.94 ] D: _currentMouseY 118 212 160 207 QSizeF(0, 0)
[    53.94 ] D: mouseMove2
[    53.94 ] D: _automationChanging true
[    53.94 ] D: _currentMouseY 117 212 160 207 QSizeF(-1, 0)
[    53.94 ] D: mouseMove2
[    53.95 ] D: _automationChanging true
[    53.95 ] D: _pointActive2 false 1
[    53.95 ] D: createSelectedPoints 1 -1
[    53.95 ] D: _currentMouseY 117 212 160 207 QSizeF(0, 0)
[    53.95 ] D: mouseMove2
[    53.97 ] D: _automationChanging true
[    53.97 ] D: _pointActive2 false 1
[    53.97 ] D: createSelectedPoints 1 -1
[    53.97 ] D: _currentMouseY 116 212 160 207 QSizeF(-1, 0)
[    53.97 ] D: mouseMove2
[    53.98 ] D: _automationChanging true
[    53.99 ] D: _pointActive2 false 1
[    53.99 ] D: createSelectedPoints 1 -1
[    53.99 ] D: _currentMouseY 115 213 160 207 QSizeF(-1, 1)
[    53.99 ] D: mouseMove2
[    54.00 ] D: _automationChanging true
[    54.00 ] D: _pointActive2 false 1
[    54.00 ] D: createSelectedPoints 1 -1
[    54.00 ] D: _currentMouseY 115 213 160 207 QSizeF(0, 0)
[    54.00 ] D: mouseMove2
[    54.00 ] D: _automationChanging true
[    54.00 ] D: _currentMouseY 114 213 160 207 QSizeF(-1, 0)
[    54.01 ] D: mouseMove2
[    54.02 ] D: _automationChanging true
[    54.02 ] D: _pointActive2 false 1
[    54.02 ] D: createSelectedPoints 1 -1
[    54.02 ] D: _currentMouseY 114 213 160 207 QSizeF(0, 0)
[    54.02 ] D: mouseMove2
[    54.02 ] D: _automationChanging true
[    54.02 ] D: _currentMouseY 113 213 160 207 QSizeF(-1, 0)
[    54.02 ] D: mouseMove2
[    54.03 ] D: _automationChanging true
[    54.03 ] D: _pointActive2 false 1
[    54.03 ] D: createSelectedPoints 1 -1
[    54.04 ] D: _currentMouseY 113 213 160 207 QSizeF(0, 0)
[    54.04 ] D: mouseMove2
[    54.05 ] D: _pointActive2 false 1
[    54.05 ] D: createSelectedPoints 1 -1
[    54.08 ] D: _automationChanging true
[    54.08 ] D: _currentMouseY 113 214 160 207 QSizeF(0, 1)
[    54.08 ] D: mouseMove2
[    54.08 ] D: _automationChanging true
[    54.08 ] D: _currentMouseY 112 214 160 207 QSizeF(-1, 0)
[    54.08 ] D: mouseMove2
[    54.08 ] D: _automationChanging true
[    54.08 ] D: _currentMouseY 112 214 160 207 QSizeF(0, 0)
[    54.08 ] D: mouseMove2
[    54.10 ] D: _automationChanging true
[    54.10 ] D: _pointActive2 false 1
[    54.10 ] D: createSelectedPoints 1 -1
[    54.10 ] D: _currentMouseY 111 214 160 207 QSizeF(-1, 0)
[    54.10 ] D: mouseMove2
[    54.12 ] D: _automationChanging true
[    54.12 ] D: _pointActive2 false 1
[    54.12 ] D: createSelectedPoints 1 -1
[    54.12 ] D: _currentMouseY 111 215 160 207 QSizeF(0, 1)
[    54.12 ] D: mouseMove2
[    54.13 ] D: _automationChanging true
[    54.13 ] D: _pointActive2 false 1
[    54.13 ] D: createSelectedPoints 1 -1
[    54.14 ] D: _currentMouseY 111 215 160 207 QSizeF(0, 0)
[    54.14 ] D: mouseMove2
[    54.15 ] D: _pointActive2 false 1
[    54.15 ] D: createSelectedPoints 1 -1
[    54.16 ] D: _automationChanging true
[    54.16 ] D: _currentMouseY 110 215 160 207 QSizeF(-1, 0)
[    54.17 ] D: mouseMove2
[    54.18 ] D: _automationChanging true
[    54.19 ] D: _pointActive2 false 1
[    54.19 ] D: createSelectedPoints 1 -1
[    54.19 ] D: _currentMouseY 110 215 160 207 QSizeF(0, 0)
[    54.19 ] D: mouseMove2
[    54.19 ] D: _automationChanging true
[    54.19 ] D: _currentMouseY 109 215 160 207 QSizeF(-1, 0)
[    54.19 ] D: mouseMove2
[    54.20 ] D: _automationChanging true
[    54.20 ] D: _pointActive2 false 1
[    54.20 ] D: createSelectedPoints 1 -1
[    54.20 ] D: _currentMouseY 109 215 160 207 QSizeF(0, 0)
[    54.20 ] D: mouseMove2
[    54.22 ] D: _pointActive2 false 1
[    54.22 ] D: createSelectedPoints 1 -1
[    54.39 ] D: _automationChanging true
[    54.39 ] D: _currentMouseY 108 215 160 207 QSizeF(-1, 0)
[    54.40 ] D: mouseMove2
[    54.40 ] D: _automationChanging true
[    54.40 ] D: _currentMouseY 108 216 160 207 QSizeF(0, 1)
[    54.40 ] D: mouseMove2
[    54.40 ] D: _automationChanging true
[    54.40 ] D: _currentMouseY 108 216 160 207 QSizeF(0, 0)
[    54.40 ] D: mouseMove2
[    54.42 ] D: _automationChanging true
[    54.42 ] D: _pointActive2 false 1
[    54.42 ] D: createSelectedPoints 1 -1
[    54.42 ] D: _currentMouseY 107 216 160 207 QSizeF(-1, 0)
[    54.42 ] D: mouseMove2
[    54.43 ] D: _automationChanging true
[    54.44 ] D: _pointActive2 false 1
[    54.44 ] D: createSelectedPoints 1 -1
[    54.44 ] D: _currentMouseY 106 217 160 207 QSizeF(-1, 1)
[    54.44 ] D: mouseMove2
[    54.45 ] D: _automationChanging true
[    54.45 ] D: _pointActive2 false 1
[    54.45 ] D: createSelectedPoints 1 -1
[    54.45 ] D: _currentMouseY 106 217 160 207 QSizeF(0, 0)
[    54.45 ] D: mouseMove2
[    54.46 ] D: _automationChanging true
[    54.46 ] D: _currentMouseY 105 217 160 207 QSizeF(-1, 0)
[    54.46 ] D: mouseMove2
[    54.47 ] D: _automationChanging true
[    54.47 ] D: _pointActive2 false 1
[    54.47 ] D: createSelectedPoints 1 -1
[    54.47 ] D: _currentMouseY 105 217 160 207 QSizeF(0, 0)
[    54.47 ] D: mouseMove2
[    54.48 ] D: _automationChanging true
[    54.49 ] D: _pointActive2 false 1
[    54.49 ] D: createSelectedPoints 1 -1
[    54.49 ] D: _currentMouseY 104 217 160 207 QSizeF(-1, 0)
[    54.49 ] D: mouseMove2
[    54.50 ] D: _automationChanging true
[    54.50 ] D: _pointActive2 false 1
[    54.50 ] D: createSelectedPoints 1 -1
[    54.50 ] D: _currentMouseY 104 217 160 207 QSizeF(0, 0)
[    54.50 ] D: mouseMove2
[    54.52 ] D: _automationChanging true
[    54.52 ] D: _pointActive2 false 1
[    54.52 ] D: createSelectedPoints 1 -1
[    54.52 ] D: _currentMouseY 103 217 160 207 QSizeF(-1, 0)
[    54.52 ] D: mouseMove2
[    54.53 ] D: _pointActive2 false 1
[    54.53 ] D: createSelectedPoints 1 -1
[    54.55 ] D: _automationChanging true
[    54.55 ] D: _currentMouseY 101 217 160 207 QSizeF(-2, 0)
[    54.55 ] D: mouseMove2
[    54.57 ] D: _automationChanging true
[    54.57 ] D: _pointActive2 false 1
[    54.57 ] D: createSelectedPoints 1 -1
[    54.57 ] D: _currentMouseY 100 217 160 207 QSizeF(-1, 0)
[    54.57 ] D: mouseMove2
[    54.58 ] D: _automationChanging true
[    54.58 ] D: _pointActive2 false 1
[    54.58 ] D: createSelectedPoints 1 -1
[    54.59 ] D: _currentMouseY 98 217 160 207 QSizeF(-2, 0)
[    54.59 ] D: mouseMove2
[    54.60 ] D: _automationChanging true
[    54.60 ] D: _pointActive2 false 1
[    54.60 ] D: createSelectedPoints 1 -1
[    54.60 ] D: _currentMouseY 98 217 160 207 QSizeF(0, 0)
[    54.60 ] D: mouseMove2
[    54.62 ] D: _pointActive2 false 1
[    54.62 ] D: createSelectedPoints 1 -1
[    54.79 ] D: _automationChanging true
[    54.79 ] D: _currentMouseY 99 217 160 207 QSizeF(1, 0)
[    54.79 ] D: mouseMove2
[    54.80 ] D: _automationChanging true
[    54.80 ] D: _pointActive2 false 1
[    54.80 ] D: createSelectedPoints 1 -1
[    54.80 ] D: _currentMouseY 99 217 160 207 QSizeF(0, 0)
[    54.80 ] D: mouseMove2
[    54.80 ] D: _automationChanging true
[    54.80 ] D: _currentMouseY 100 217 160 207 QSizeF(1, 0)
[    54.81 ] D: mouseMove2
[    54.82 ] D: _automationChanging true
[    54.82 ] D: _pointActive2 false 1
[    54.82 ] D: createSelectedPoints 1 -1
[    54.82 ] D: _currentMouseY 101 216 160 207 QSizeF(1, -1)
[    54.82 ] D: mouseMove2
[    54.82 ] D: _automationChanging true
[    54.82 ] D: _currentMouseY 102 216 160 207 QSizeF(1, 0)
[    54.82 ] D: mouseMove2
[    54.83 ] D: _automationChanging true
[    54.83 ] D: _pointActive2 false 1
[    54.83 ] D: createSelectedPoints 1 -1
[    54.84 ] D: _currentMouseY 104 216 160 207 QSizeF(2, 0)
[    54.84 ] D: mouseMove2
[    54.84 ] D: _automationChanging true
[    54.84 ] D: _currentMouseY 105 216 160 207 QSizeF(1, 0)
[    54.84 ] D: mouseMove2
[    54.85 ] D: _automationChanging true
[    54.85 ] D: _pointActive2 false 1
[    54.85 ] D: createSelectedPoints 1 -1
[    54.85 ] D: _currentMouseY 107 215 160 207 QSizeF(2, -1)
[    54.85 ] D: mouseMove2
[    54.85 ] D: _automationChanging true
[    54.85 ] D: _currentMouseY 108 215 160 207 QSizeF(1, 0)
[    54.86 ] D: mouseMove2
[    54.87 ] D: _automationChanging true
[    54.87 ] D: _pointActive2 false 1
[    54.87 ] D: createSelectedPoints 1 -1
[    54.87 ] D: _currentMouseY 110 214 160 207 QSizeF(2, -1)
[    54.87 ] D: mouseMove2
[    54.87 ] D: _automationChanging true
[    54.87 ] D: _currentMouseY 111 214 160 207 QSizeF(1, 0)
[    54.87 ] D: mouseMove2
[    54.88 ] D: _automationChanging true
[    54.88 ] D: _pointActive2 false 1
[    54.88 ] D: createSelectedPoints 1 -1
[    54.89 ] D: _currentMouseY 113 214 160 207 QSizeF(2, 0)
[    54.89 ] D: mouseMove2
[    54.89 ] D: _automationChanging true
[    54.89 ] D: _currentMouseY 114 214 160 207 QSizeF(1, 0)
[    54.89 ] D: mouseMove2
[    54.90 ] D: _pointActive2 false 1
[    54.90 ] D: _automationChanging true
[    54.90 ] D: createSelectedPoints 1 -1
[    54.90 ] D: _currentMouseY 116 214 160 207 QSizeF(2, 0)
[    54.90 ] D: mouseMove2
[    54.92 ] D: _automationChanging true
[    54.92 ] D: _pointActive2 false 1
[    54.92 ] D: createSelectedPoints 1 -1
[    54.92 ] D: _currentMouseY 117 214 160 207 QSizeF(1, 0)
[    54.92 ] D: mouseMove2
[    54.93 ] D: _automationChanging true
[    54.94 ] D: _pointActive2 false 1
[    54.94 ] D: createSelectedPoints 1 -1
[    54.94 ] D: _currentMouseY 119 214 160 207 QSizeF(2, 0)
[    54.94 ] D: mouseMove2
[    54.94 ] D: _automationChanging true
[    54.94 ] D: _currentMouseY 122 214 160 207 QSizeF(3, 0)
[    54.94 ] D: mouseMove2
[    54.95 ] D: _pointActive2 false 1
[    54.95 ] D: createSelectedPoints 1 -1
[    54.95 ] D: _automationChanging true
[    54.95 ] D: _currentMouseY 126 214 160 207 QSizeF(4, 0)
[    54.96 ] D: mouseMove2
[    54.96 ] D: _automationChanging true
[    54.96 ] D: _currentMouseY 127 214 160 207 QSizeF(1, 0)
[    54.96 ] D: mouseMove2
[    54.97 ] D: _automationChanging true
[    54.97 ] D: _pointActive2 false 1
[    54.97 ] D: createSelectedPoints 1 -1
[    54.97 ] D: _currentMouseY 129 213 160 207 QSizeF(2, -1)
[    54.97 ] D: mouseMove2
[    54.98 ] D: _automationChanging true
[    54.99 ] D: _pointActive2 false 1
[    54.99 ] D: createSelectedPoints 1 -1
[    54.99 ] D: _currentMouseY 131 213 160 207 QSizeF(2, 0)
[    54.99 ] D: mouseMove2
[    55.00 ] D: _automationChanging true
[    55.00 ] D: _pointActive2 false 1
[    55.00 ] D: createSelectedPoints 1 -1
[    55.00 ] D: _currentMouseY 132 213 160 207 QSizeF(1, 0)
[    55.00 ] D: mouseMove2
[    55.02 ] D: _pointActive2 false 1
[    55.02 ] D: createSelectedPoints 1 -1
[    55.04 ] D: _automationChanging true
[    55.04 ] D: _currentMouseY 134 213 160 207 QSizeF(2, 0)
[    55.04 ] D: mouseMove2
[    55.05 ] D: _automationChanging true
[    55.05 ] D: _currentMouseY 134 213 160 207 QSizeF(0, 0)
[    55.05 ] D: mouseMove2
[    55.07 ] D: _automationChanging true
[    55.07 ] D: _pointActive2 false 1
[    55.07 ] D: createSelectedPoints 1 -1
[    55.07 ] D: _currentMouseY 135 213 160 207 QSizeF(1, 0)
[    55.07 ] D: mouseMove2
[    55.08 ] D: _automationChanging true
[    55.08 ] D: _pointActive2 false 1
[    55.08 ] D: createSelectedPoints 1 -1
[    55.09 ] D: _currentMouseY 135 213 160 207 QSizeF(0, 0)
[    55.09 ] D: mouseMove2
[    55.09 ] D: _automationChanging true
[    55.09 ] D: _currentMouseY 136 213 160 207 QSizeF(1, 0)
[    55.09 ] D: mouseMove2
[    55.10 ] D: _pointActive2 false 1
[    55.10 ] D: createSelectedPoints 1 -1
[    55.10 ] D: _automationChanging true
[    55.10 ] D: _currentMouseY 138 213 160 207 QSizeF(2, 0)
[    55.10 ] D: mouseMove2
[    55.12 ] D: _automationChanging true
[    55.12 ] D: _pointActive2 false 1
[    55.12 ] D: createSelectedPoints 1 -1
[    55.12 ] D: _currentMouseY 139 213 160 207 QSizeF(1, 0)
[    55.12 ] D: mouseMove2
[    55.12 ] D: _automationChanging true
[    55.12 ] D: _currentMouseY 141 213 160 207 QSizeF(2, 0)
[    55.12 ] D: mouseMove2
[    55.13 ] D: _pointActive2 false 1
[    55.13 ] D: createSelectedPoints 1 -1
[    55.14 ] D: _automationChanging true
[    55.14 ] D: _currentMouseY 144 213 160 207 QSizeF(3, 0)
[    55.14 ] D: mouseMove2
[    55.14 ] D: _automationChanging true
[    55.14 ] D: _currentMouseY 145 213 160 207 QSizeF(1, 0)
[    55.14 ] D: mouseMove2
[    55.15 ] D: _automationChanging true
[    55.15 ] D: _pointActive2 false 1
[    55.15 ] D: createSelectedPoints 1 -1
[    55.15 ] D: _currentMouseY 147 213 160 207 QSizeF(2, 0)
[    55.15 ] D: mouseMove2
[    55.15 ] D: _automationChanging true
[    55.15 ] D: _currentMouseY 150 213 160 207 QSizeF(3, 0)
[    55.15 ] D: mouseMove2
[    55.16 ] D: _automationChanging true
[    55.16 ] D: _currentMouseY 151 212 160 207 QSizeF(1, -1)
[    55.16 ] D: mouseMove2
[    55.17 ] D: _automationChanging true
[    55.17 ] D: _pointActive2 false 1
[    55.17 ] D: createSelectedPoints 1 -1
[    55.17 ] D: _currentMouseY 152 212 160 207 QSizeF(1, 0)
[    55.17 ] D: mouseMove2
[    55.18 ] D: _automationChanging true
[    55.19 ] D: _pointActive2 false 1
[    55.19 ] D: createSelectedPoints 1 -1
[    55.19 ] D: _currentMouseY 154 212 160 207 QSizeF(2, 0)
[    55.19 ] D: mouseMove2
[    55.20 ] D: _automationChanging true
[    55.20 ] D: _pointActive2 false 1
[    55.20 ] D: createSelectedPoints 1 -1
[    55.20 ] D: _currentMouseY 156 211 160 207 QSizeF(2, -1)
[    55.20 ] D: mouseMove2
[    55.20 ] D: _automationChanging true
[    55.20 ] D: _currentMouseY 157 211 160 207 QSizeF(1, 0)
[    55.21 ] D: mouseMove2
[    55.22 ] D: _pointActive2 false 1
[    55.22 ] D: createSelectedPoints 1 -1
[    55.23 ] D: _automationChanging true
[    55.23 ] D: _currentMouseY 159 211 160 207 QSizeF(2, 0)
[    55.23 ] D: mouseMove2
[    55.25 ] D: _automationChanging true
[    55.25 ] D: _pointActive2 false 1
[    55.25 ] D: createSelectedPoints 1 -1
[    55.25 ] D: _currentMouseY 159 211 160 207 QSizeF(0, 0)
[    55.25 ] D: mouseMove2
[    55.27 ] D: _pointActive2 false 1
[    55.27 ] D: createSelectedPoints 1 -1
[    55.51 ] D: createSelectedPoints 1 -1
[    55.51 ] D: isAutomated 1
[    55.51 ] D: isAutomated 0
[    55.51 ] D: isAutomated 0
[    56.66 ] D: findTrackIndexByPoint 0 QRect(0,0 1707x111) false QPointF(205,139)
[    56.66 ] D: findTrackIndexByPoint 1 QRect(0,111 1707x111) true QPointF(205,139)
[    56.69 ] D: createSelectedPoints 1 -1
[    56.78 ] D: _automationChanging true
[    56.78 ] D: _currentMouseY 206 139 205 139 QSizeF(1, 0)
[    56.78 ] D: mouseMove2
[    56.78 ] D: _automationChanging true
[    56.78 ] D: _currentMouseY 206 139 205 139 QSizeF(0, 0)
[    56.78 ] D: mouseMove2
[    56.79 ] D: _pointActive1 true false false
[    56.79 ] D: _pointActive2 false 1
[    56.79 ] D: createSelectedPoints 1 -1
[    56.80 ] D: _automationChanging true
[    56.80 ] D: _currentMouseY 207 140 205 139 QSizeF(1, 1)
[    56.80 ] D: mouseMove2
[    56.80 ] D: _automationChanging true
[    56.80 ] D: _currentMouseY 207 141 205 139 QSizeF(0, 1)
[    56.80 ] D: mouseMove2
[    56.82 ] D: _automationChanging true
[    56.82 ] D: _pointActive2 false 1
[    56.82 ] D: createSelectedPoints 1 -1
[    56.82 ] D: _currentMouseY 208 143 205 139 QSizeF(1, 2)
[    56.82 ] D: mouseMove2
[    56.83 ] D: _automationChanging true
[    56.83 ] D: _pointActive2 false 1
[    56.83 ] D: createSelectedPoints 1 -1
[    56.84 ] D: _currentMouseY 208 145 205 139 QSizeF(0, 2)
[    56.84 ] D: mouseMove2
[    56.84 ] D: _automationChanging true
[    56.84 ] D: _currentMouseY 209 146 205 139 QSizeF(1, 1)
[    56.84 ] D: mouseMove2
[    56.85 ] D: _automationChanging true
[    56.85 ] D: _pointActive2 false 1
[    56.85 ] D: createSelectedPoints 1 -1
[    56.85 ] D: _currentMouseY 209 147 205 139 QSizeF(0, 1)
[    56.85 ] D: mouseMove2
[    56.85 ] D: _automationChanging true
[    56.85 ] D: _currentMouseY 210 148 205 139 QSizeF(1, 1)
[    56.86 ] D: mouseMove2
[    56.87 ] D: _automationChanging true
[    56.87 ] D: _pointActive2 false 1
[    56.87 ] D: createSelectedPoints 1 -1
[    56.87 ] D: _currentMouseY 210 149 205 139 QSizeF(0, 1)
[    56.87 ] D: mouseMove2
[    56.87 ] D: _automationChanging true
[    56.87 ] D: _currentMouseY 210 151 205 139 QSizeF(0, 2)
[    56.87 ] D: mouseMove2
[    56.87 ] D: _automationChanging true
[    56.87 ] D: _currentMouseY 211 151 205 139 QSizeF(1, 0)
[    56.88 ] D: mouseMove2
[    56.88 ] D: _automationChanging true
[    56.88 ] D: _pointActive2 false 1
[    56.88 ] D: createSelectedPoints 1 -1
[    56.89 ] D: _currentMouseY 211 152 205 139 QSizeF(0, 1)
[    56.89 ] D: mouseMove2
[    56.90 ] D: _automationChanging true
[    56.90 ] D: _pointActive2 false 1
[    56.90 ] D: createSelectedPoints 1 -1
[    56.90 ] D: _currentMouseY 212 153 205 139 QSizeF(1, 1)
[    56.90 ] D: mouseMove2
[    56.92 ] D: _automationChanging true
[    56.92 ] D: _pointActive2 false 1
[    56.92 ] D: createSelectedPoints 1 -1
[    56.92 ] D: _currentMouseY 212 154 205 139 QSizeF(0, 1)
[    56.92 ] D: mouseMove2
[    56.92 ] D: _automationChanging true
[    56.92 ] D: _currentMouseY 213 154 205 139 QSizeF(1, 0)
[    56.92 ] D: mouseMove2
[    56.93 ] D: _automationChanging true
[    56.94 ] D: _pointActive2 false 1
[    56.94 ] D: createSelectedPoints 1 -1
[    56.94 ] D: _currentMouseY 213 155 205 139 QSizeF(0, 1)
[    56.94 ] D: mouseMove2
[    56.95 ] D: _automationChanging true
[    56.95 ] D: _pointActive2 false 1
[    56.95 ] D: createSelectedPoints 1 -1
[    56.95 ] D: _currentMouseY 214 156 205 139 QSizeF(1, 1)
[    56.95 ] D: mouseMove2
[    56.97 ] D: _automationChanging true
[    56.97 ] D: _pointActive2 false 1
[    56.97 ] D: createSelectedPoints 1 -1
[    56.97 ] D: _currentMouseY 214 157 205 139 QSizeF(0, 1)
[    56.97 ] D: mouseMove2
[    56.98 ] D: _automationChanging true
[    56.99 ] D: _pointActive2 false 1
[    56.99 ] D: createSelectedPoints 1 -1
[    56.99 ] D: _currentMouseY 214 157 205 139 QSizeF(0, 0)
[    56.99 ] D: mouseMove2
[    57.00 ] D: _pointActive2 false 1
[    57.00 ] D: createSelectedPoints 1 -1
[    57.05 ] D: _automationChanging true
[    57.05 ] D: _currentMouseY 214 159 205 139 QSizeF(0, 2)
[    57.05 ] D: mouseMove2
[    57.05 ] D: _automationChanging true
[    57.05 ] D: _currentMouseY 215 159 205 139 QSizeF(1, 0)
[    57.05 ] D: mouseMove2
[    57.07 ] D: _automationChanging true
[    57.07 ] D: _pointActive2 false 1
[    57.07 ] D: createSelectedPoints 1 -1
[    57.07 ] D: _currentMouseY 216 160 205 139 QSizeF(1, 1)
[    57.07 ] D: mouseMove2
[    57.07 ] D: _automationChanging true
[    57.07 ] D: _currentMouseY 216 161 205 139 QSizeF(0, 1)
[    57.07 ] D: mouseMove2
[    57.08 ] D: _automationChanging true
[    57.08 ] D: _pointActive2 false 1
[    57.08 ] D: createSelectedPoints 1 -1
[    57.09 ] D: _currentMouseY 217 161 205 139 QSizeF(1, 0)
[    57.09 ] D: mouseMove2
[    57.09 ] D: _automationChanging true
[    57.09 ] D: _currentMouseY 217 162 205 139 QSizeF(0, 1)
[    57.09 ] D: mouseMove2
[    57.10 ] D: _automationChanging true
[    57.10 ] D: _pointActive2 false 1
[    57.10 ] D: createSelectedPoints 1 -1
[    57.10 ] D: _currentMouseY 218 163 205 139 QSizeF(1, 1)
[    57.10 ] D: mouseMove2
[    57.12 ] D: _automationChanging true
[    57.12 ] D: _pointActive2 false 1
[    57.12 ] D: createSelectedPoints 1 -1
[    57.12 ] D: _currentMouseY 218 163 205 139 QSizeF(0, 0)
[    57.12 ] D: mouseMove2
[    57.13 ] D: _automationChanging true
[    57.13 ] D: _pointActive2 false 1
[    57.13 ] D: createSelectedPoints 1 -1
[    57.14 ] D: _currentMouseY 218 164 205 139 QSizeF(0, 1)
[    57.14 ] D: mouseMove2
[    57.15 ] D: _pointActive2 false 1
[    57.15 ] D: createSelectedPoints 1 -1
[    57.16 ] D: _automationChanging true
[    57.16 ] D: _currentMouseY 219 165 205 139 QSizeF(1, 1)
[    57.17 ] D: mouseMove2
[    57.18 ] D: _automationChanging true
[    57.19 ] D: _pointActive2 false 1
[    57.19 ] D: createSelectedPoints 1 -1
[    57.19 ] D: _currentMouseY 219 165 205 139 QSizeF(0, 0)
[    57.19 ] D: mouseMove2
[    57.20 ] D: _pointActive2 false 1
[    57.20 ] D: createSelectedPoints 1 -1
[    57.25 ] D: _automationChanging true
[    57.25 ] D: _currentMouseY 220 165 205 139 QSizeF(1, 0)
[    57.25 ] D: mouseMove2
[    57.27 ] D: _automationChanging true
[    57.27 ] D: _pointActive2 false 1
[    57.27 ] D: createSelectedPoints 1 -1
[    57.27 ] D: _currentMouseY 220 165 205 139 QSizeF(0, 0)
[    57.27 ] D: mouseMove2
[    57.27 ] D: _automationChanging true
[    57.27 ] D: _currentMouseY 220 166 205 139 QSizeF(0, 1)
[    57.28 ] D: mouseMove2
[    57.28 ] D: _automationChanging true
[    57.28 ] D: _pointActive2 false 1
[    57.28 ] D: createSelectedPoints 1 -1
[    57.29 ] D: _currentMouseY 220 166 205 139 QSizeF(0, 0)
[    57.29 ] D: mouseMove2
[    57.30 ] D: _pointActive2 false 1
[    57.30 ] D: createSelectedPoints 1 -1
[    57.31 ] D: _automationChanging true
[    57.31 ] D: _currentMouseY 221 166 205 139 QSizeF(1, 0)
[    57.31 ] D: mouseMove2
[    57.33 ] D: _automationChanging true
[    57.33 ] D: _pointActive2 false 1
[    57.33 ] D: createSelectedPoints 1 -1
[    57.33 ] D: _currentMouseY 221 166 205 139 QSizeF(0, 0)
[    57.34 ] D: mouseMove2
[    57.35 ] D: _pointActive2 false 1
[    57.35 ] D: createSelectedPoints 1 -1
[    57.36 ] D: _automationChanging true
[    57.36 ] D: _currentMouseY 221 167 205 139 QSizeF(0, 1)
[    57.37 ] D: mouseMove2
[    57.38 ] D: _automationChanging true
[    57.38 ] D: _pointActive2 false 1
[    57.38 ] D: createSelectedPoints 1 -1
[    57.39 ] D: _currentMouseY 221 167 205 139 QSizeF(0, 0)
[    57.39 ] D: mouseMove2
[    57.40 ] D: _pointActive2 false 1
[    57.40 ] D: createSelectedPoints 1 -1
[    57.41 ] D: _automationChanging true
[    57.41 ] D: _currentMouseY 222 168 205 139 QSizeF(1, 1)
[    57.42 ] D: mouseMove2
[    57.43 ] D: _automationChanging true
[    57.44 ] D: _pointActive2 false 1
[    57.44 ] D: createSelectedPoints 1 -1
[    57.44 ] D: _currentMouseY 222 168 205 139 QSizeF(0, 0)
[    57.44 ] D: mouseMove2
[    57.44 ] D: _automationChanging true
[    57.44 ] D: _currentMouseY 223 169 205 139 QSizeF(1, 1)
[    57.44 ] D: mouseMove2
[    57.45 ] D: _automationChanging true
[    57.45 ] D: _pointActive2 false 1
[    57.45 ] D: createSelectedPoints 1 -1
[    57.45 ] D: _currentMouseY 223 169 205 139 QSizeF(0, 0)
[    57.45 ] D: mouseMove2
[    57.47 ] D: _automationChanging true
[    57.47 ] D: _pointActive2 false 1
[    57.47 ] D: createSelectedPoints 1 -1
[    57.47 ] D: _currentMouseY 223 170 205 139 QSizeF(0, 1)
[    57.47 ] D: mouseMove2
[    57.48 ] D: _automationChanging true
[    57.49 ] D: _pointActive2 false 1
[    57.49 ] D: createSelectedPoints 1 -1
[    57.49 ] D: _currentMouseY 224 170 205 139 QSizeF(1, 0)
[    57.49 ] D: mouseMove2
[    57.49 ] D: _automationChanging true
[    57.49 ] D: _currentMouseY 225 171 205 139 QSizeF(1, 1)
[    57.49 ] D: mouseMove2
[    57.50 ] D: _pointActive2 false 1
[    57.50 ] D: createSelectedPoints 1 -1
[    57.52 ] D: _automationChanging true
[    57.52 ] D: _currentMouseY 226 173 205 139 QSizeF(1, 2)
[    57.53 ] D: mouseMove2
[    57.53 ] D: _automationChanging true
[    57.53 ] D: _pointActive2 false 1
[    57.53 ] D: createSelectedPoints 1 -1
[    57.54 ] D: _currentMouseY 226 173 205 139 QSizeF(0, 0)
[    57.54 ] D: mouseMove2
[    57.55 ] D: _automationChanging true
[    57.55 ] D: _pointActive2 false 1
[    57.55 ] D: createSelectedPoints 1 -1
[    57.55 ] D: _currentMouseY 226 174 205 139 QSizeF(0, 1)
[    57.55 ] D: mouseMove2
[    57.57 ] D: _automationChanging true
[    57.57 ] D: _pointActive2 false 1
[    57.57 ] D: createSelectedPoints 1 -1
[    57.57 ] D: _currentMouseY 226 174 205 139 QSizeF(0, 0)
[    57.57 ] D: mouseMove2
[    57.58 ] D: _pointActive2 false 1
[    57.58 ] D: createSelectedPoints 1 -1
[    57.60 ] D: _automationChanging true
[    57.60 ] D: _currentMouseY 227 174 205 139 QSizeF(1, 0)
[    57.60 ] D: mouseMove2
[    57.62 ] D: _automationChanging true
[    57.62 ] D: _pointActive2 false 1
[    57.62 ] D: createSelectedPoints 1 -1
[    57.62 ] D: _currentMouseY 227 175 205 139 QSizeF(0, 1)
[    57.62 ] D: mouseMove2
[    57.63 ] D: _automationChanging true
[    57.63 ] D: _pointActive2 false 1
[    57.63 ] D: createSelectedPoints 1 -1
[    57.64 ] D: _currentMouseY 227 175 205 139 QSizeF(0, 0)
[    57.64 ] D: mouseMove2
[    57.64 ] D: _automationChanging true
[    57.64 ] D: _currentMouseY 227 176 205 139 QSizeF(0, 1)
[    57.64 ] D: mouseMove2
[    57.65 ] D: _automationChanging true
[    57.65 ] D: _pointActive2 false 1
[    57.65 ] D: createSelectedPoints 1 -1
[    57.65 ] D: _currentMouseY 227 176 205 139 QSizeF(0, 0)
[    57.65 ] D: mouseMove2
[    57.67 ] D: _automationChanging true
[    57.67 ] D: _pointActive2 false 1
[    57.67 ] D: createSelectedPoints 1 -1
[    57.67 ] D: _currentMouseY 228 176 205 139 QSizeF(1, 0)
[    57.67 ] D: mouseMove2
[    57.67 ] D: _automationChanging true
[    57.67 ] D: _currentMouseY 228 177 205 139 QSizeF(0, 1)
[    57.67 ] D: mouseMove2
[    57.69 ] D: _pointActive2 false 1
[    57.69 ] D: createSelectedPoints 1 -1
[    57.72 ] D: _automationChanging true
[    57.72 ] D: _currentMouseY 228 179 205 139 QSizeF(0, 2)
[    57.72 ] D: mouseMove2
[    57.73 ] D: _automationChanging true
[    57.74 ] D: _pointActive2 false 1
[    57.74 ] D: createSelectedPoints 1 -1
[    57.74 ] D: _currentMouseY 228 179 205 139 QSizeF(0, 0)
[    57.74 ] D: mouseMove2
[    57.75 ] D: _pointActive2 false 1
[    57.75 ] D: createSelectedPoints 1 -1
[    57.75 ] D: _automationChanging true
[    57.75 ] D: _currentMouseY 228 180 205 139 QSizeF(0, 1)
[    57.76 ] D: mouseMove2
[    57.77 ] D: _automationChanging true
[    57.77 ] D: _pointActive2 false 1
[    57.77 ] D: createSelectedPoints 1 -1
[    57.77 ] D: _currentMouseY 228 180 205 139 QSizeF(0, 0)
[    57.77 ] D: mouseMove2
[    57.78 ] D: _pointActive2 false 1
[    57.78 ] D: createSelectedPoints 1 -1
[    57.84 ] D: _automationChanging true
[    57.84 ] D: _currentMouseY 229 180 205 139 QSizeF(1, 0)
[    57.84 ] D: mouseMove2
[    57.85 ] D: _automationChanging true
[    57.85 ] D: _pointActive2 false 1
[    57.85 ] D: createSelectedPoints 1 -1
[    57.85 ] D: _currentMouseY 229 180 205 139 QSizeF(0, 0)
[    57.85 ] D: mouseMove2
[    57.87 ] D: _pointActive2 false 1
[    57.87 ] D: createSelectedPoints 1 -1
[    57.92 ] D: _automationChanging true
[    57.92 ] D: _currentMouseY 229 181 205 139 QSizeF(0, 1)
[    57.92 ] D: mouseMove2
[    57.92 ] D: _automationChanging true
[    57.92 ] D: _currentMouseY 230 181 205 139 QSizeF(1, 0)
[    57.92 ] D: mouseMove2
[    57.93 ] D: _automationChanging true
[    57.94 ] D: _pointActive2 false 1
[    57.94 ] D: createSelectedPoints 1 -1
[    57.94 ] D: _currentMouseY 230 181 205 139 QSizeF(0, 0)
[    57.94 ] D: mouseMove2
[    57.95 ] D: _pointActive2 false 1
[    57.95 ] D: createSelectedPoints 1 -1
[    57.98 ] D: _automationChanging true
[    57.98 ] D: _currentMouseY 232 181 205 139 QSizeF(2, 0)
[    57.98 ] D: mouseMove2
[    58.00 ] D: _automationChanging true
[    58.00 ] D: _pointActive2 false 1
[    58.00 ] D: createSelectedPoints 1 -1
[    58.00 ] D: _currentMouseY 233 181 205 139 QSizeF(1, 0)
[    58.00 ] D: mouseMove2
[    58.00 ] D: _automationChanging true
[    58.00 ] D: _currentMouseY 235 181 205 139 QSizeF(2, 0)
[    58.01 ] D: mouseMove2
[    58.02 ] D: _automationChanging true
[    58.02 ] D: _pointActive2 false 1
[    58.02 ] D: createSelectedPoints 1 -1
[    58.02 ] D: _currentMouseY 236 181 205 139 QSizeF(1, 0)
[    58.02 ] D: mouseMove2
[    58.02 ] D: _automationChanging true
[    58.02 ] D: _currentMouseY 239 181 205 139 QSizeF(3, 0)
[    58.02 ] D: mouseMove2
[    58.03 ] D: _automationChanging true
[    58.03 ] D: _pointActive2 false 1
[    58.03 ] D: createSelectedPoints 1 -1
[    58.03 ] D: _currentMouseY 240 181 205 139 QSizeF(1, 0)
[    58.04 ] D: mouseMove2
[    58.05 ] D: _automationChanging true
[    58.05 ] D: _pointActive2 false 1
[    58.05 ] D: createSelectedPoints 1 -1
[    58.05 ] D: _currentMouseY 242 181 205 139 QSizeF(2, 0)
[    58.05 ] D: mouseMove2
[    58.05 ] D: _automationChanging true
[    58.05 ] D: _currentMouseY 242 182 205 139 QSizeF(0, 1)
[    58.06 ] D: mouseMove2
[    58.06 ] D: _automationChanging true
[    58.06 ] D: _currentMouseY 243 182 205 139 QSizeF(1, 0)
[    58.06 ] D: mouseMove2
[    58.07 ] D: _automationChanging true
[    58.07 ] D: _pointActive2 false 1
[    58.07 ] D: createSelectedPoints 1 -1
[    58.07 ] D: _currentMouseY 243 182 205 139 QSizeF(0, 0)
[    58.07 ] D: mouseMove2
[    58.07 ] D: _automationChanging true
[    58.07 ] D: _currentMouseY 244 182 205 139 QSizeF(1, 0)
[    58.07 ] D: mouseMove2
[    58.08 ] D: _pointActive2 false 1
[    58.08 ] D: createSelectedPoints 1 -1
[    58.10 ] D: _automationChanging true
[    58.10 ] D: _currentMouseY 246 182 205 139 QSizeF(2, 0)
[    58.10 ] D: mouseMove2
[    58.12 ] D: _automationChanging true
[    58.12 ] D: _pointActive2 false 1
[    58.12 ] D: createSelectedPoints 1 -1
[    58.12 ] D: _currentMouseY 247 182 205 139 QSizeF(1, 0)
[    58.12 ] D: mouseMove2
[    58.13 ] D: _automationChanging true
[    58.13 ] D: _pointActive2 false 1
[    58.13 ] D: createSelectedPoints 1 -1
[    58.14 ] D: _currentMouseY 249 182 205 139 QSizeF(2, 0)
[    58.14 ] D: mouseMove2
[    58.14 ] D: _automationChanging true
[    58.14 ] D: _currentMouseY 252 182 205 139 QSizeF(3, 0)
[    58.14 ] D: mouseMove2
[    58.14 ] D: _automationChanging true
[    58.14 ] D: _currentMouseY 253 182 205 139 QSizeF(1, 0)
[    58.14 ] D: mouseMove2
[    58.15 ] D: _pointActive2 false 1
[    58.15 ] D: createSelectedPoints 1 -1
[    58.15 ] D: _automationChanging true
[    58.15 ] D: _currentMouseY 255 182 205 139 QSizeF(2, 0)
[    58.15 ] D: mouseMove2
[    58.17 ] D: _automationChanging true
[    58.17 ] D: _pointActive2 false 1
[    58.17 ] D: createSelectedPoints 1 -1
[    58.17 ] D: _currentMouseY 256 182 205 139 QSizeF(1, 0)
[    58.17 ] D: mouseMove2
[    58.17 ] D: _automationChanging true
[    58.17 ] D: _currentMouseY 258 182 205 139 QSizeF(2, 0)
[    58.17 ] D: mouseMove2
[    58.18 ] D: _automationChanging true
[    58.19 ] D: _pointActive2 false 1
[    58.19 ] D: createSelectedPoints 1 -1
[    58.19 ] D: _currentMouseY 258 182 205 139 QSizeF(0, 0)
[    58.19 ] D: mouseMove2
[    58.19 ] D: _automationChanging true
[    58.19 ] D: _currentMouseY 259 182 205 139 QSizeF(1, 0)
[    58.19 ] D: mouseMove2
[    58.20 ] D: _automationChanging true
[    58.20 ] D: _pointActive2 false 1
[    58.20 ] D: createSelectedPoints 1 -1
[    58.20 ] D: _currentMouseY 260 181 205 139 QSizeF(1, -1)
[    58.20 ] D: mouseMove2
[    58.22 ] D: _automationChanging true
[    58.22 ] D: _pointActive2 false 1
[    58.22 ] D: createSelectedPoints 1 -1
[    58.22 ] D: _currentMouseY 261 181 205 139 QSizeF(1, 0)
[    58.22 ] D: mouseMove2
[    58.22 ] D: _automationChanging true
[    58.22 ] D: _currentMouseY 263 181 205 139 QSizeF(2, 0)
[    58.22 ] D: mouseMove2
[    58.23 ] D: _automationChanging true
[    58.24 ] D: _pointActive2 false 1
[    58.24 ] D: createSelectedPoints 1 -1
[    58.24 ] D: _currentMouseY 263 181 205 139 QSizeF(0, 0)
[    58.24 ] D: mouseMove2
[    58.24 ] D: _automationChanging true
[    58.24 ] D: _currentMouseY 264 181 205 139 QSizeF(1, 0)
[    58.24 ] D: mouseMove2
[    58.25 ] D: _pointActive2 false 1
[    58.25 ] D: createSelectedPoints 1 -1
[    58.25 ] D: _automationChanging true
[    58.25 ] D: _currentMouseY 266 181 205 139 QSizeF(2, 0)
[    58.26 ] D: mouseMove2
[    58.27 ] D: _automationChanging true
[    58.27 ] D: _pointActive2 false 1
[    58.27 ] D: createSelectedPoints 1 -1
[    58.27 ] D: _currentMouseY 267 181 205 139 QSizeF(1, 0)
[    58.27 ] D: mouseMove2
[    58.28 ] D: _automationChanging true
[    58.28 ] D: _pointActive2 false 1
[    58.28 ] D: createSelectedPoints 1 -1
[    58.28 ] D: _currentMouseY 269 181 205 139 QSizeF(2, 0)
[    58.29 ] D: mouseMove2
[    58.29 ] D: _automationChanging true
[    58.29 ] D: _currentMouseY 272 181 205 139 QSizeF(3, 0)
[    58.29 ] D: mouseMove2
[    58.30 ] D: _automationChanging true
[    58.30 ] D: _pointActive2 false 1
[    58.30 ] D: createSelectedPoints 1 -1
[    58.30 ] D: _currentMouseY 273 181 205 139 QSizeF(1, 0)
[    58.30 ] D: mouseMove2
[    58.30 ] D: _automationChanging true
[    58.30 ] D: _currentMouseY 275 181 205 139 QSizeF(2, 0)
[    58.31 ] D: mouseMove2
[    58.32 ] D: _automationChanging true
[    58.32 ] D: _pointActive2 false 1
[    58.32 ] D: createSelectedPoints 1 -1
[    58.32 ] D: _currentMouseY 276 181 205 139 QSizeF(1, 0)
[    58.32 ] D: mouseMove2
[    58.32 ] D: _automationChanging true
[    58.32 ] D: _currentMouseY 278 181 205 139 QSizeF(2, 0)
[    58.32 ] D: mouseMove2
[    58.33 ] D: _automationChanging true
[    58.33 ] D: _pointActive2 false 1
[    58.33 ] D: createSelectedPoints 1 -1
[    58.34 ] D: _currentMouseY 279 181 205 139 QSizeF(1, 0)
[    58.34 ] D: mouseMove2
[    58.35 ] D: _pointActive2 false 1
[    58.35 ] D: createSelectedPoints 1 -1
[    58.36 ] D: _automationChanging true
[    58.36 ] D: _currentMouseY 281 181 205 139 QSizeF(2, 0)
[    58.36 ] D: mouseMove2
[    58.36 ] D: _automationChanging true
[    58.36 ] D: _currentMouseY 281 181 205 139 QSizeF(0, 0)
[    58.36 ] D: mouseMove2
[    58.38 ] D: _automationChanging true
[    58.38 ] D: _pointActive2 false 1
[    58.38 ] D: createSelectedPoints 1 -1
[    58.38 ] D: _currentMouseY 282 181 205 139 QSizeF(1, 0)
[    58.39 ] D: mouseMove2
[    58.40 ] D: _automationChanging true
[    58.40 ] D: _pointActive2 false 1
[    58.40 ] D: createSelectedPoints 1 -1
[    58.40 ] D: _currentMouseY 282 181 205 139 QSizeF(0, 0)
[    58.40 ] D: mouseMove2
[    58.42 ] D: _pointActive2 false 1
[    58.42 ] D: createSelectedPoints 1 -1
[    58.46 ] D: _automationChanging true
[    58.46 ] D: _currentMouseY 283 181 205 139 QSizeF(1, 0)
[    58.46 ] D: mouseMove2
[    58.46 ] D: _automationChanging true
[    58.46 ] D: _currentMouseY 283 181 205 139 QSizeF(0, 0)
[    58.46 ] D: mouseMove2
[    58.48 ] D: _automationChanging true
[    58.48 ] D: _pointActive2 false 1
[    58.49 ] D: createSelectedPoints 1 -1
[    58.49 ] D: _currentMouseY 284 181 205 139 QSizeF(1, 0)
[    58.49 ] D: mouseMove2
[    58.49 ] D: _automationChanging true
[    58.49 ] D: _currentMouseY 284 182 205 139 QSizeF(0, 1)
[    58.49 ] D: mouseMove2
[    58.50 ] D: _automationChanging true
[    58.50 ] D: _pointActive2 false 1
[    58.50 ] D: createSelectedPoints 1 -1
[    58.50 ] D: _currentMouseY 284 182 205 139 QSizeF(0, 0)
[    58.50 ] D: mouseMove2
[    58.52 ] D: _automationChanging true
[    58.52 ] D: _pointActive2 false 1
[    58.52 ] D: createSelectedPoints 1 -1
[    58.52 ] D: _currentMouseY 285 183 205 139 QSizeF(1, 1)
[    58.52 ] D: mouseMove2
[    58.53 ] D: _pointActive2 false 1
[    58.53 ] D: createSelectedPoints 1 -1
[    58.54 ] D: _automationChanging true
[    58.54 ] D: _currentMouseY 287 185 205 139 QSizeF(2, 2)
[    58.54 ] D: mouseMove2
[    58.55 ] D: _automationChanging true
[    58.55 ] D: _pointActive2 false 1
[    58.55 ] D: createSelectedPoints 1 -1
[    58.55 ] D: _currentMouseY 287 185 205 139 QSizeF(0, 0)
[    58.55 ] D: mouseMove2
[    58.57 ] D: _automationChanging true
[    58.57 ] D: _pointActive2 false 1
[    58.57 ] D: createSelectedPoints 1 -1
[    58.57 ] D: _currentMouseY 287 186 205 139 QSizeF(0, 1)
[    58.57 ] D: mouseMove2
[    58.58 ] D: _pointActive2 false 1
[    58.58 ] D: createSelectedPoints 1 -1
[    58.60 ] D: _automationChanging true
[    58.60 ] D: _currentMouseY 288 187 205 139 QSizeF(1, 1)
[    58.60 ] D: mouseMove2
[    58.62 ] D: _automationChanging true
[    58.62 ] D: _pointActive2 false 1
[    58.62 ] D: createSelectedPoints 1 -1
[    58.62 ] D: _currentMouseY 288 188 205 139 QSizeF(0, 1)
[    58.62 ] D: mouseMove2
[    58.62 ] D: _automationChanging true
[    58.62 ] D: _currentMouseY 289 188 205 139 QSizeF(1, 0)
[    58.62 ] D: mouseMove2
[    58.63 ] D: _automationChanging true
[    58.63 ] D: _pointActive2 false 1
[    58.63 ] D: createSelectedPoints 1 -1
[    58.64 ] D: _currentMouseY 289 189 205 139 QSizeF(0, 1)
[    58.64 ] D: mouseMove2
[    58.65 ] D: _automationChanging true
[    58.65 ] D: _pointActive2 false 1
[    58.65 ] D: createSelectedPoints 1 -1
[    58.65 ] D: _currentMouseY 289 189 205 139 QSizeF(0, 0)
[    58.65 ] D: mouseMove2
[    58.67 ] D: _automationChanging true
[    58.67 ] D: _pointActive2 false 1
[    58.67 ] D: createSelectedPoints 1 -1
[    58.67 ] D: _currentMouseY 289 190 205 139 QSizeF(0, 1)
[    58.67 ] D: mouseMove2
[    58.68 ] D: _automationChanging true
[    58.69 ] D: _pointActive2 false 1
[    58.69 ] D: createSelectedPoints 1 -1
[    58.69 ] D: _currentMouseY 289 190 205 139 QSizeF(0, 0)
[    58.69 ] D: mouseMove2
[    58.70 ] D: _pointActive2 false 1
[    58.70 ] D: createSelectedPoints 1 -1
[    58.70 ] D: _automationChanging true
[    58.70 ] D: _currentMouseY 289 191 205 139 QSizeF(0, 1)
[    58.71 ] D: mouseMove2
[    58.72 ] D: _automationChanging true
[    58.72 ] D: _pointActive2 false 1
[    58.72 ] D: createSelectedPoints 1 -1
[    58.72 ] D: _currentMouseY 289 191 205 139 QSizeF(0, 0)
[    58.72 ] D: mouseMove2
[    58.73 ] D: _automationChanging true
[    58.74 ] D: _pointActive2 false 1
[    58.74 ] D: createSelectedPoints 1 -1
[    58.74 ] D: _currentMouseY 290 191 205 139 QSizeF(1, 0)
[    58.74 ] D: mouseMove2
[    58.75 ] D: _automationChanging true
[    58.75 ] D: _pointActive2 false 1
[    58.75 ] D: createSelectedPoints 1 -1
[    58.75 ] D: _currentMouseY 290 192 205 139 QSizeF(0, 1)
[    58.75 ] D: mouseMove2
[    58.75 ] D: _automationChanging true
[    58.75 ] D: _currentMouseY 290 194 205 139 QSizeF(0, 2)
[    58.76 ] D: mouseMove2
[    58.77 ] D: _automationChanging true
[    58.77 ] D: _pointActive2 false 1
[    58.77 ] D: createSelectedPoints 1 -1
[    58.77 ] D: _currentMouseY 291 194 205 139 QSizeF(1, 0)
[    58.77 ] D: mouseMove2
[    58.77 ] D: _automationChanging true
[    58.77 ] D: _currentMouseY 291 195 205 139 QSizeF(0, 1)
[    58.77 ] D: mouseMove2
[    58.78 ] D: _pointActive2 false 1
[    58.78 ] D: createSelectedPoints 1 -1
[    58.81 ] D: _automationChanging true
[    58.81 ] D: _currentMouseY 291 197 205 139 QSizeF(0, 2)
[    58.81 ] D: mouseMove2
[    58.82 ] D: _automationChanging true
[    58.82 ] D: _pointActive2 false 1
[    58.82 ] D: createSelectedPoints 1 -1
[    58.82 ] D: _currentMouseY 291 197 205 139 QSizeF(0, 0)
[    58.82 ] D: mouseMove2
[    58.83 ] D: _pointActive2 false 1
[    58.83 ] D: createSelectedPoints 1 -1
[    58.86 ] D: _automationChanging true
[    58.86 ] D: _currentMouseY 291 198 205 139 QSizeF(0, 1)
[    58.86 ] D: mouseMove2
[    58.86 ] D: _automationChanging true
[    58.86 ] D: _currentMouseY 291 198 205 139 QSizeF(0, 0)
[    58.86 ] D: mouseMove2
[    58.88 ] D: _pointActive2 false 1
[    58.88 ] D: createSelectedPoints 1 -1
[    58.95 ] D: _automationChanging true
[    58.95 ] D: _currentMouseY 291 199 205 139 QSizeF(0, 1)
[    58.95 ] D: mouseMove2
[    58.97 ] D: _automationChanging true
[    58.97 ] D: _pointActive2 false 1
[    58.97 ] D: createSelectedPoints 1 -1
[    58.97 ] D: _currentMouseY 291 199 205 139 QSizeF(0, 0)
[    58.97 ] D: mouseMove2
[    58.99 ] D: _pointActive2 false 1
[    58.99 ] D: createSelectedPoints 1 -1
[    58.99 ] D: _automationChanging true
[    58.99 ] D: _currentMouseY 292 199 205 139 QSizeF(1, 0)
[    58.99 ] D: mouseMove2
[    59.00 ] D: _automationChanging true
[    59.00 ] D: _pointActive2 false 1
[    59.00 ] D: createSelectedPoints 1 -1
[    59.00 ] D: _currentMouseY 292 199 205 139 QSizeF(0, 0)
[    59.00 ] D: mouseMove2
[    59.02 ] D: _automationChanging true
[    59.02 ] D: _pointActive2 false 1
[    59.02 ] D: createSelectedPoints 1 -1
[    59.02 ] D: _currentMouseY 292 200 205 139 QSizeF(0, 1)
[    59.02 ] D: mouseMove2
[    59.03 ] D: _automationChanging true
[    59.03 ] D: _pointActive2 false 1
[    59.03 ] D: createSelectedPoints 1 -1
[    59.04 ] D: _currentMouseY 292 200 205 139 QSizeF(0, 0)
[    59.04 ] D: mouseMove2
[    59.05 ] D: _pointActive2 false 1
[    59.05 ] D: createSelectedPoints 1 -1
[    59.15 ] D: _automationChanging true
[    59.15 ] D: _currentMouseY 292 201 205 139 QSizeF(0, 1)
[    59.15 ] D: mouseMove2
[    59.17 ] D: _automationChanging true
[    59.17 ] D: _pointActive2 false 1
[    59.17 ] D: createSelectedPoints 1 -1
[    59.17 ] D: _currentMouseY 292 201 205 139 QSizeF(0, 0)
[    59.17 ] D: mouseMove2
[    59.17 ] D: _automationChanging true
[    59.17 ] D: _currentMouseY 293 201 205 139 QSizeF(1, 0)
[    59.17 ] D: mouseMove2
[    59.18 ] D: _automationChanging true
[    59.19 ] D: _pointActive2 false 1
[    59.19 ] D: createSelectedPoints 1 -1
[    59.19 ] D: _currentMouseY 293 201 205 139 QSizeF(0, 0)
[    59.19 ] D: mouseMove2
[    59.20 ] D: _automationChanging true
[    59.20 ] D: _pointActive2 false 1
[    59.20 ] D: createSelectedPoints 1 -1
[    59.20 ] D: _currentMouseY 293 202 205 139 QSizeF(0, 1)
[    59.20 ] D: mouseMove2
[    59.22 ] D: _automationChanging true
[    59.22 ] D: _pointActive2 false 1
[    59.22 ] D: createSelectedPoints 1 -1
[    59.22 ] D: _currentMouseY 293 202 205 139 QSizeF(0, 0)
[    59.22 ] D: mouseMove2
[    59.22 ] D: _automationChanging true
[    59.22 ] D: _currentMouseY 293 203 205 139 QSizeF(0, 1)
[    59.22 ] D: mouseMove2
[    59.23 ] D: _automationChanging true
[    59.24 ] D: _pointActive2 false 1
[    59.24 ] D: createSelectedPoints 1 -1
[    59.24 ] D: _currentMouseY 293 203 205 139 QSizeF(0, 0)
[    59.24 ] D: mouseMove2
[    59.25 ] D: _pointActive2 false 1
[    59.25 ] D: createSelectedPoints 1 -1
[    59.27 ] D: _automationChanging true
[    59.27 ] D: _currentMouseY 293 204 205 139 QSizeF(0, 1)
[    59.27 ] D: mouseMove2
[    59.28 ] D: _automationChanging true
[    59.28 ] D: _pointActive2 false 1
[    59.28 ] D: createSelectedPoints 1 -1
[    59.29 ] D: _currentMouseY 293 204 205 139 QSizeF(0, 0)
[    59.29 ] D: mouseMove2
[    59.30 ] D: _automationChanging true
[    59.30 ] D: _pointActive2 false 1
[    59.30 ] D: createSelectedPoints 1 -1
[    59.30 ] D: _currentMouseY 294 205 205 139 QSizeF(1, 1)
[    59.30 ] D: mouseMove2
[    59.32 ] D: _automationChanging true
[    59.32 ] D: _pointActive2 false 1
[    59.32 ] D: createSelectedPoints 1 -1
[    59.32 ] D: _currentMouseY 294 205 205 139 QSizeF(0, 0)
[    59.32 ] D: mouseMove2
[    59.33 ] D: _pointActive2 false 1
[    59.33 ] D: createSelectedPoints 1 -1
[    59.40 ] D: _automationChanging true
[    59.40 ] D: _currentMouseY 294 206 205 139 QSizeF(0, 1)
[    59.40 ] D: mouseMove2
[    59.42 ] D: _automationChanging true
[    59.42 ] D: _pointActive2 false 1
[    59.42 ] D: createSelectedPoints 1 -1
[    59.42 ] D: _currentMouseY 294 206 205 139 QSizeF(0, 0)
[    59.42 ] D: mouseMove2
[    59.44 ] D: _pointActive2 false 1
[    59.44 ] D: createSelectedPoints 1 -1
[    59.54 ] D: _automationChanging true
[    59.54 ] D: _currentMouseY 294 207 205 139 QSizeF(0, 1)
[    59.54 ] D: mouseMove2
[    59.55 ] D: _automationChanging true
[    59.55 ] D: _currentMouseY 294 207 205 139 QSizeF(0, 0)
[    59.55 ] D: mouseMove2
[    59.57 ] D: _pointActive2 false 1
[    59.57 ] D: createSelectedPoints 1 -1
[    59.79 ] D: _automationChanging true
[    59.79 ] D: _currentMouseY 295 207 205 139 QSizeF(1, 0)
[    59.79 ] D: mouseMove2
[    59.80 ] D: _automationChanging true
[    59.80 ] D: _pointActive2 false 1
[    59.80 ] D: createSelectedPoints 1 -1
[    59.80 ] D: _currentMouseY 295 207 205 139 QSizeF(0, 0)
[    59.80 ] D: mouseMove2
[    59.82 ] D: _pointActive2 false 1
[    59.82 ] D: createSelectedPoints 1 -1
[    60.75 ] D: _automationChanging true
[    60.75 ] D: _currentMouseY 294 207 205 139 QSizeF(-1, 0)
[    60.75 ] D: mouseMove2
[    60.75 ] D: _automationChanging true
[    60.75 ] D: _currentMouseY 294 206 205 139 QSizeF(0, -1)
[    60.75 ] D: mouseMove2
[    60.76 ] D: _pointActive2 false 1
[    60.76 ] D: createSelectedPoints 1 -1
[    60.77 ] D: _automationChanging true
[    60.77 ] D: _currentMouseY 294 204 205 139 QSizeF(0, -2)
[    60.77 ] D: mouseMove2
[    60.77 ] D: _automationChanging true
[    60.77 ] D: _currentMouseY 293 204 205 139 QSizeF(-1, 0)
[    60.78 ] D: mouseMove2
[    60.78 ] D: _automationChanging true
[    60.78 ] D: _pointActive2 false 1
[    60.79 ] D: createSelectedPoints 1 -1
[    60.79 ] D: _currentMouseY 293 204 205 139 QSizeF(0, 0)
[    60.79 ] D: mouseMove2
[    60.79 ] D: _automationChanging true
[    60.79 ] D: _currentMouseY 293 203 205 139 QSizeF(0, -1)
[    60.79 ] D: mouseMove2
[    60.80 ] D: _pointActive2 false 1
[    60.80 ] D: createSelectedPoints 1 -1
[    60.80 ] D: _automationChanging true
[    60.80 ] D: _currentMouseY 292 202 205 139 QSizeF(-1, -1)
[    60.81 ] D: mouseMove2
[    60.82 ] D: _automationChanging true
[    60.82 ] D: _pointActive2 false 1
[    60.82 ] D: createSelectedPoints 1 -1
[    60.82 ] D: _currentMouseY 292 202 205 139 QSizeF(0, 0)
[    60.82 ] D: mouseMove2
[    60.84 ] D: _pointActive2 false 1
[    60.84 ] D: createSelectedPoints 1 -1
[    60.89 ] D: _automationChanging true
[    60.89 ] D: _currentMouseY 292 201 205 139 QSizeF(0, -1)
[    60.89 ] D: mouseMove2
[    60.90 ] D: _automationChanging true
[    60.90 ] D: _currentMouseY 292 201 205 139 QSizeF(0, 0)
[    60.90 ] D: mouseMove2
[    60.92 ] D: _pointActive2 false 1
[    60.92 ] D: createSelectedPoints 1 -1
[    61.00 ] D: _automationChanging true
[    61.00 ] D: _currentMouseY 292 200 205 139 QSizeF(0, -1)
[    61.00 ] D: mouseMove2
[    61.02 ] D: _automationChanging true
[    61.02 ] D: _pointActive2 false 1
[    61.02 ] D: createSelectedPoints 1 -1
[    61.02 ] D: _currentMouseY 292 200 205 139 QSizeF(0, 0)
[    61.02 ] D: mouseMove2
[    61.03 ] D: _pointActive2 false 1
[    61.03 ] D: createSelectedPoints 1 -1
[    61.07 ] D: _automationChanging true
[    61.07 ] D: _currentMouseY 292 199 205 139 QSizeF(0, -1)
[    61.07 ] D: mouseMove2
[    61.08 ] D: _automationChanging true
[    61.08 ] D: _pointActive2 false 1
[    61.08 ] D: createSelectedPoints 1 -1
[    61.09 ] D: _currentMouseY 292 199 205 139 QSizeF(0, 0)
[    61.09 ] D: mouseMove2
[    61.09 ] D: _automationChanging true
[    61.09 ] D: _currentMouseY 292 198 205 139 QSizeF(0, -1)
[    61.09 ] D: mouseMove2
[    61.10 ] D: _automationChanging true
[    61.10 ] D: _pointActive2 false 1
[    61.10 ] D: createSelectedPoints 1 -1
[    61.10 ] D: _currentMouseY 292 198 205 139 QSizeF(0, 0)
[    61.10 ] D: mouseMove2
[    61.12 ] D: _automationChanging true
[    61.12 ] D: _pointActive2 false 1
[    61.12 ] D: createSelectedPoints 1 -1
[    61.12 ] D: _currentMouseY 292 197 205 139 QSizeF(0, -1)
[    61.12 ] D: mouseMove2
[    61.13 ] D: _automationChanging true
[    61.13 ] D: _pointActive2 false 1
[    61.13 ] D: createSelectedPoints 1 -1
[    61.14 ] D: _currentMouseY 292 197 205 139 QSizeF(0, 0)
[    61.14 ] D: mouseMove2
[    61.15 ] D: _pointActive2 false 1
[    61.15 ] D: createSelectedPoints 1 -1
[    61.16 ] D: _automationChanging true
[    61.16 ] D: _currentMouseY 291 197 205 139 QSizeF(-1, 0)
[    61.17 ] D: mouseMove2
[    61.17 ] D: _automationChanging true
[    61.17 ] D: _currentMouseY 290 196 205 139 QSizeF(-1, -1)
[    61.17 ] D: mouseMove2
[    61.18 ] D: _automationChanging true
[    61.19 ] D: _pointActive2 false 1
[    61.19 ] D: createSelectedPoints 1 -1
[    61.19 ] D: _currentMouseY 290 196 205 139 QSizeF(0, 0)
[    61.19 ] D: mouseMove2
[    61.20 ] D: _automationChanging true
[    61.20 ] D: _pointActive2 false 1
[    61.20 ] D: createSelectedPoints 1 -1
[    61.20 ] D: _currentMouseY 290 195 205 139 QSizeF(0, -1)
[    61.20 ] D: mouseMove2
[    61.22 ] D: _automationChanging true
[    61.22 ] D: _pointActive2 false 1
[    61.22 ] D: createSelectedPoints 1 -1
[    61.22 ] D: _currentMouseY 290 195 205 139 QSizeF(0, 0)
[    61.22 ] D: mouseMove2
[    61.22 ] D: _automationChanging true
[    61.22 ] D: _currentMouseY 289 195 205 139 QSizeF(-1, 0)
[    61.22 ] D: mouseMove2
[    61.23 ] D: _automationChanging true
[    61.24 ] D: _pointActive2 false 1
[    61.24 ] D: createSelectedPoints 1 -1
[    61.24 ] D: _currentMouseY 289 195 205 139 QSizeF(0, 0)
[    61.24 ] D: mouseMove2
[    61.25 ] D: _automationChanging true
[    61.25 ] D: _pointActive2 false 1
[    61.25 ] D: createSelectedPoints 1 -1
[    61.25 ] D: _currentMouseY 289 194 205 139 QSizeF(0, -1)
[    61.25 ] D: mouseMove2
[    61.27 ] D: _pointActive2 false 1
[    61.27 ] D: createSelectedPoints 1 -1
[    61.32 ] D: _automationChanging true
[    61.32 ] D: _currentMouseY 289 192 205 139 QSizeF(0, -2)
[    61.32 ] D: mouseMove2
[    61.33 ] D: _automationChanging true
[    61.34 ] D: _pointActive2 false 1
[    61.34 ] D: createSelectedPoints 1 -1
[    61.34 ] D: _currentMouseY 289 192 205 139 QSizeF(0, 0)
[    61.34 ] D: mouseMove2
[    61.35 ] D: _automationChanging true
[    61.35 ] D: _pointActive2 false 1
[    61.35 ] D: createSelectedPoints 1 -1
[    61.35 ] D: _currentMouseY 289 191 205 139 QSizeF(0, -1)
[    61.35 ] D: mouseMove2
[    61.37 ] D: _automationChanging true
[    61.37 ] D: _pointActive2 false 1
[    61.37 ] D: createSelectedPoints 1 -1
[    61.37 ] D: _currentMouseY 289 191 205 139 QSizeF(0, 0)
[    61.37 ] D: mouseMove2
[    61.37 ] D: _automationChanging true
[    61.37 ] D: _currentMouseY 288 191 205 139 QSizeF(-1, 0)
[    61.37 ] D: mouseMove2
[    61.38 ] D: _automationChanging true
[    61.38 ] D: _pointActive2 false 1
[    61.39 ] D: createSelectedPoints 1 -1
[    61.39 ] D: _currentMouseY 288 191 205 139 QSizeF(0, 0)
[    61.39 ] D: mouseMove2
[    61.40 ] D: _pointActive2 false 1
[    61.40 ] D: createSelectedPoints 1 -1
[    61.46 ] D: _automationChanging true
[    61.46 ] D: _currentMouseY 288 190 205 139 QSizeF(0, -1)
[    61.46 ] D: mouseMove2
[    61.46 ] D: _automationChanging true
[    61.46 ] D: _currentMouseY 288 190 205 139 QSizeF(0, 0)
[    61.47 ] D: mouseMove2
[    61.47 ] D: _automationChanging true
[    61.47 ] D: _currentMouseY 287 190 205 139 QSizeF(-1, 0)
[    61.47 ] D: mouseMove2
[    61.48 ] D: _automationChanging true
[    61.49 ] D: _pointActive2 false 1
[    61.49 ] D: createSelectedPoints 1 -1
[    61.49 ] D: _currentMouseY 287 190 205 139 QSizeF(0, 0)
[    61.49 ] D: mouseMove2
[    61.50 ] D: _pointActive2 false 1
[    61.50 ] D: createSelectedPoints 1 -1
[    61.56 ] D: _automationChanging true
[    61.56 ] D: _currentMouseY 287 189 205 139 QSizeF(0, -1)
[    61.56 ] D: mouseMove2
[    61.57 ] D: _automationChanging true
[    61.57 ] D: _pointActive2 false 1
[    61.57 ] D: createSelectedPoints 1 -1
[    61.57 ] D: _currentMouseY 287 189 205 139 QSizeF(0, 0)
[    61.57 ] D: mouseMove2
[    61.58 ] D: _pointActive2 false 1
[    61.58 ] D: createSelectedPoints 1 -1
[    61.59 ] D: _automationChanging true
[    61.59 ] D: _currentMouseY 286 189 205 139 QSizeF(-1, 0)
[    61.59 ] D: mouseMove2
[    61.60 ] D: _automationChanging true
[    61.60 ] D: _pointActive2 false 1
[    61.60 ] D: createSelectedPoints 1 -1
[    61.60 ] D: _currentMouseY 286 189 205 139 QSizeF(0, 0)
[    61.60 ] D: mouseMove2
[    61.62 ] D: _automationChanging true
[    61.62 ] D: _pointActive2 false 1
[    61.62 ] D: createSelectedPoints 1 -1
[    61.62 ] D: _currentMouseY 285 189 205 139 QSizeF(-1, 0)
[    61.62 ] D: mouseMove2
[    61.63 ] D: _automationChanging true
[    61.63 ] D: _pointActive2 false 1
[    61.63 ] D: createSelectedPoints 1 -1
[    61.64 ] D: _currentMouseY 285 189 205 139 QSizeF(0, 0)
[    61.64 ] D: mouseMove2
[    61.65 ] D: _pointActive2 false 1
[    61.65 ] D: createSelectedPoints 1 -1
[    61.66 ] D: _automationChanging true
[    61.66 ] D: _currentMouseY 284 189 205 139 QSizeF(-1, 0)
[    61.67 ] D: mouseMove2
[    61.68 ] D: _automationChanging true
[    61.69 ] D: _pointActive2 false 1
[    61.69 ] D: createSelectedPoints 1 -1
[    61.69 ] D: _currentMouseY 284 188 205 139 QSizeF(0, -1)
[    61.69 ] D: mouseMove2
[    61.70 ] D: _automationChanging true
[    61.70 ] D: _pointActive2 false 1
[    61.70 ] D: createSelectedPoints 1 -1
[    61.70 ] D: _currentMouseY 284 188 205 139 QSizeF(0, 0)
[    61.70 ] D: mouseMove2
[    61.70 ] D: _automationChanging true
[    61.70 ] D: _currentMouseY 284 187 205 139 QSizeF(0, -1)
[    61.71 ] D: mouseMove2
[    61.72 ] D: _automationChanging true
[    61.72 ] D: _pointActive2 false 1
[    61.72 ] D: createSelectedPoints 1 -1
[    61.72 ] D: _currentMouseY 284 187 205 139 QSizeF(0, 0)
[    61.72 ] D: mouseMove2
[    61.73 ] D: _automationChanging true
[    61.74 ] D: _pointActive2 false 1
[    61.74 ] D: createSelectedPoints 1 -1
[    61.74 ] D: _currentMouseY 283 187 205 139 QSizeF(-1, 0)
[    61.74 ] D: mouseMove2
[    61.75 ] D: _automationChanging true
[    61.75 ] D: _pointActive2 false 1
[    61.75 ] D: createSelectedPoints 1 -1
[    61.75 ] D: _currentMouseY 283 186 205 139 QSizeF(0, -1)
[    61.75 ] D: mouseMove2
[    61.77 ] D: _automationChanging true
[    61.77 ] D: _pointActive2 false 1
[    61.77 ] D: createSelectedPoints 1 -1
[    61.77 ] D: _currentMouseY 282 185 205 139 QSizeF(-1, -1)
[    61.77 ] D: mouseMove2
[    61.78 ] D: _automationChanging true
[    61.78 ] D: _pointActive2 false 1
[    61.79 ] D: createSelectedPoints 1 -1
[    61.79 ] D: _currentMouseY 282 184 205 139 QSizeF(0, -1)
[    61.79 ] D: mouseMove2
[    61.80 ] D: _automationChanging true
[    61.80 ] D: _pointActive2 false 1
[    61.80 ] D: createSelectedPoints 1 -1
[    61.80 ] D: _currentMouseY 282 184 205 139 QSizeF(0, 0)
[    61.80 ] D: mouseMove2
[    61.81 ] D: _automationChanging true
[    61.81 ] D: _currentMouseY 282 183 205 139 QSizeF(0, -1)
[    61.81 ] D: mouseMove2
[    61.82 ] D: _automationChanging true
[    61.82 ] D: _pointActive2 false 1
[    61.82 ] D: createSelectedPoints 1 -1
[    61.82 ] D: _currentMouseY 282 183 205 139 QSizeF(0, 0)
[    61.82 ] D: mouseMove2
[    61.83 ] D: _automationChanging true
[    61.83 ] D: _pointActive2 false 1
[    61.83 ] D: createSelectedPoints 1 -1
[    61.84 ] D: _currentMouseY 282 182 205 139 QSizeF(0, -1)
[    61.84 ] D: mouseMove2
[    61.85 ] D: _automationChanging true
[    61.85 ] D: _pointActive2 false 1
[    61.85 ] D: createSelectedPoints 1 -1
[    61.85 ] D: _currentMouseY 282 182 205 139 QSizeF(0, 0)
[    61.85 ] D: mouseMove2
[    61.87 ] D: _automationChanging true
[    61.87 ] D: _pointActive2 false 1
[    61.87 ] D: createSelectedPoints 1 -1
[    61.87 ] D: _currentMouseY 281 182 205 139 QSizeF(-1, 0)
[    61.87 ] D: mouseMove2
[    61.88 ] D: _automationChanging true
[    61.88 ] D: _pointActive2 false 1
[    61.88 ] D: createSelectedPoints 1 -1
[    61.89 ] D: _currentMouseY 281 182 205 139 QSizeF(0, 0)
[    61.89 ] D: mouseMove2
[    61.90 ] D: _automationChanging true
[    61.90 ] D: _pointActive2 false 1
[    61.90 ] D: createSelectedPoints 1 -1
[    61.90 ] D: _currentMouseY 281 181 205 139 QSizeF(0, -1)
[    61.90 ] D: mouseMove2
[    61.92 ] D: _pointActive2 false 1
[    61.92 ] D: createSelectedPoints 1 -1
[    61.92 ] D: _automationChanging true
[    61.92 ] D: _currentMouseY 280 180 205 139 QSizeF(-1, -1)
[    61.92 ] D: mouseMove2
[    61.93 ] D: _automationChanging true
[    61.94 ] D: _pointActive2 false 1
[    61.94 ] D: createSelectedPoints 1 -1
[    61.94 ] D: _currentMouseY 280 180 205 139 QSizeF(0, 0)
[    61.94 ] D: mouseMove2
[    61.95 ] D: _automationChanging true
[    61.95 ] D: _pointActive2 false 1
[    61.95 ] D: createSelectedPoints 1 -1
[    61.95 ] D: _currentMouseY 280 179 205 139 QSizeF(0, -1)
[    61.95 ] D: mouseMove2
[    61.97 ] D: _pointActive2 false 1
[    61.97 ] D: createSelectedPoints 1 -1
[    62.01 ] D: _automationChanging true
[    62.01 ] D: _currentMouseY 280 177 205 139 QSizeF(0, -2)
[    62.01 ] D: mouseMove2
[    62.03 ] D: _automationChanging true
[    62.03 ] D: _pointActive2 false 1
[    62.04 ] D: createSelectedPoints 1 -1
[    62.04 ] D: _currentMouseY 280 177 205 139 QSizeF(0, 0)
[    62.04 ] D: mouseMove2
[    62.05 ] D: _pointActive2 false 1
[    62.05 ] D: createSelectedPoints 1 -1
[    62.36 ] D: _automationChanging true
[    62.36 ] D: _currentMouseY 280 176 205 139 QSizeF(0, -1)
[    62.36 ] D: mouseMove2
[    62.36 ] D: _automationChanging true
[    62.36 ] D: _currentMouseY 280 176 205 139 QSizeF(0, 0)
[    62.37 ] D: mouseMove2
[    62.38 ] D: _automationChanging true
[    62.38 ] D: _pointActive2 false 1
[    62.38 ] D: createSelectedPoints 1 -1
[    62.39 ] D: _currentMouseY 280 174 205 139 QSizeF(0, -2)
[    62.39 ] D: mouseMove2
[    62.39 ] D: _automationChanging true
[    62.39 ] D: _currentMouseY 280 173 205 139 QSizeF(0, -1)
[    62.39 ] D: mouseMove2
[    62.40 ] D: _pointActive2 false 1
[    62.40 ] D: createSelectedPoints 1 -1
[    62.41 ] D: _automationChanging true
[    62.41 ] D: _currentMouseY 280 171 205 139 QSizeF(0, -2)
[    62.42 ] D: mouseMove2
[    62.42 ] D: _automationChanging true
[    62.42 ] D: _currentMouseY 280 170 205 139 QSizeF(0, -1)
[    62.42 ] D: mouseMove2
[    62.43 ] D: _automationChanging true
[    62.44 ] D: _pointActive2 false 1
[    62.44 ] D: createSelectedPoints 1 -1
[    62.44 ] D: _currentMouseY 280 170 205 139 QSizeF(0, 0)
[    62.44 ] D: mouseMove2
[    62.45 ] D: _pointActive2 false 1
[    62.45 ] D: createSelectedPoints 1 -1
[    62.51 ] D: _automationChanging true
[    62.51 ] D: _currentMouseY 279 170 205 139 QSizeF(-1, 0)
[    62.51 ] D: mouseMove2
[    62.51 ] D: _automationChanging true
[    62.51 ] D: _currentMouseY 279 170 205 139 QSizeF(0, 0)
[    62.51 ] D: mouseMove2
[    62.53 ] D: _pointActive2 false 1
[    62.53 ] D: createSelectedPoints 1 -1
[    62.55 ] D: createSelectedPoints 1 -1
[    62.55 ] D: isAutomated 1
[    62.55 ] D: isAutomated 0
[    62.55 ] D: isAutomated 0
[    64.89 ] D: findTrackIndexByPoint 0 QRect(0,0 1707x111) false QPointF(229,202)
[    64.89 ] D: findTrackIndexByPoint 1 QRect(0,111 1707x111) true QPointF(229,202)
[    64.90 ] D: createSelectedPoints 1 -1
[    65.00 ] D: _pointActive1 false false true
[    65.00 ] D: _outerActive1
[    65.00 ] D: _outerActive2
[    65.00 ] D: _outerActive3
[    65.08 ] D: _automationChanging true
[    65.08 ] D: _currentMouseY 230 202 229 202 QSizeF(1, 0)
[    65.08 ] D: mouseMove2
[    65.08 ] D: _automationChanging true
[    65.08 ] D: _currentMouseY 230 202 229 202 QSizeF(0, 0)
[    65.08 ] D: mouseMove2
[    65.10 ] D: _automationChanging true
[    65.10 ] D: _currentMouseY 231 202 229 202 QSizeF(1, 0)
[    65.10 ] D: mouseMove2
[    65.12 ] D: _automationChanging true
[    65.12 ] D: _currentMouseY 233 202 229 202 QSizeF(2, 0)
[    65.12 ] D: mouseMove2
[    65.13 ] D: _automationChanging true
[    65.14 ] D: _currentMouseY 236 202 229 202 QSizeF(3, 0)
[    65.14 ] D: mouseMove2
[    65.14 ] D: _automationChanging true
[    65.14 ] D: _currentMouseY 237 202 229 202 QSizeF(1, 0)
[    65.14 ] D: mouseMove2
[    65.15 ] D: _automationChanging true
[    65.15 ] D: _currentMouseY 239 202 229 202 QSizeF(2, 0)
[    65.15 ] D: mouseMove2
[    65.15 ] D: _automationChanging true
[    65.15 ] D: _currentMouseY 242 202 229 202 QSizeF(3, 0)
[    65.15 ] D: mouseMove2
[    65.17 ] D: _automationChanging true
[    65.17 ] D: _currentMouseY 244 202 229 202 QSizeF(2, 0)
[    65.17 ] D: mouseMove2
[    65.17 ] D: _automationChanging true
[    65.17 ] D: _currentMouseY 247 202 229 202 QSizeF(3, 0)
[    65.17 ] D: mouseMove2
[    65.17 ] D: _automationChanging true
[    65.17 ] D: _currentMouseY 248 202 229 202 QSizeF(1, 0)
[    65.17 ] D: mouseMove2
[    65.18 ] D: _automationChanging true
[    65.19 ] D: _currentMouseY 250 202 229 202 QSizeF(2, 0)
[    65.19 ] D: mouseMove2
[    65.19 ] D: _automationChanging true
[    65.19 ] D: _currentMouseY 253 202 229 202 QSizeF(3, 0)
[    65.19 ] D: mouseMove2
[    65.20 ] D: _automationChanging true
[    65.20 ] D: _currentMouseY 255 202 229 202 QSizeF(2, 0)
[    65.20 ] D: mouseMove2
[    65.20 ] D: _automationChanging true
[    65.20 ] D: _currentMouseY 256 202 229 202 QSizeF(1, 0)
[    65.21 ] D: mouseMove2
[    65.22 ] D: _automationChanging true
[    65.22 ] D: _currentMouseY 258 202 229 202 QSizeF(2, 0)
[    65.22 ] D: mouseMove2
[    65.23 ] D: _automationChanging true
[    65.24 ] D: _currentMouseY 259 202 229 202 QSizeF(1, 0)
[    65.24 ] D: mouseMove2
[    65.24 ] D: _automationChanging true
[    65.24 ] D: _currentMouseY 261 202 229 202 QSizeF(2, 0)
[    65.24 ] D: mouseMove2
[    65.24 ] D: _automationChanging true
[    65.24 ] D: _currentMouseY 262 202 229 202 QSizeF(1, 0)
[    65.24 ] D: mouseMove2
[    65.25 ] D: _automationChanging true
[    65.25 ] D: _currentMouseY 264 202 229 202 QSizeF(2, 0)
[    65.25 ] D: mouseMove2
[    65.28 ] D: _automationChanging true
[    65.28 ] D: _currentMouseY 267 202 229 202 QSizeF(3, 0)
[    65.28 ] D: mouseMove2
[    65.28 ] D: _automationChanging true
[    65.28 ] D: _currentMouseY 268 202 229 202 QSizeF(1, 0)
[    65.28 ] D: mouseMove2
[    65.30 ] D: _automationChanging true
[    65.30 ] D: _currentMouseY 268 202 229 202 QSizeF(0, 0)
[    65.30 ] D: mouseMove2
[    65.30 ] D: _automationChanging true
[    65.31 ] D: _currentMouseY 271 201 229 202 QSizeF(3, -1)
[    65.31 ] D: mouseMove2
[    65.32 ] D: _automationChanging true
[    65.32 ] D: _currentMouseY 273 201 229 202 QSizeF(2, 0)
[    65.32 ] D: mouseMove2
[    65.32 ] D: _automationChanging true
[    65.32 ] D: _currentMouseY 274 201 229 202 QSizeF(1, 0)
[    65.32 ] D: mouseMove2
[    65.33 ] D: _automationChanging true
[    65.34 ] D: _currentMouseY 276 201 229 202 QSizeF(2, 0)
[    65.34 ] D: mouseMove2
[    65.34 ] D: _automationChanging true
[    65.34 ] D: _currentMouseY 279 201 229 202 QSizeF(3, 0)
[    65.34 ] D: mouseMove2
[    65.35 ] D: _automationChanging true
[    65.35 ] D: _currentMouseY 281 201 229 202 QSizeF(2, 0)
[    65.35 ] D: mouseMove2
[    65.35 ] D: _automationChanging true
[    65.35 ] D: _currentMouseY 282 201 229 202 QSizeF(1, 0)
[    65.36 ] D: mouseMove2
[    65.37 ] D: _automationChanging true
[    65.37 ] D: _currentMouseY 284 201 229 202 QSizeF(2, 0)
[    65.37 ] D: mouseMove2
[    65.37 ] D: _automationChanging true
[    65.37 ] D: _currentMouseY 285 201 229 202 QSizeF(1, 0)
[    65.37 ] D: mouseMove2
[    65.38 ] D: _automationChanging true
[    65.39 ] D: _currentMouseY 288 200 229 202 QSizeF(3, -1)
[    65.39 ] D: mouseMove2
[    65.40 ] D: _automationChanging true
[    65.40 ] D: _currentMouseY 290 200 229 202 QSizeF(2, 0)
[    65.40 ] D: mouseMove2
[    65.41 ] D: _automationChanging true
[    65.41 ] D: _currentMouseY 291 200 229 202 QSizeF(1, 0)
[    65.41 ] D: mouseMove2
[    65.42 ] D: _automationChanging true
[    65.42 ] D: _currentMouseY 293 200 229 202 QSizeF(2, 0)
[    65.42 ] D: mouseMove2
[    65.43 ] D: _automationChanging true
[    65.43 ] D: _currentMouseY 294 200 229 202 QSizeF(1, 0)
[    65.43 ] D: mouseMove2
[    65.43 ] D: _automationChanging true
[    65.44 ] D: _currentMouseY 294 200 229 202 QSizeF(0, 0)
[    65.44 ] D: mouseMove2
[    65.44 ] D: _automationChanging true
[    65.44 ] D: _currentMouseY 295 200 229 202 QSizeF(1, 0)
[    65.44 ] D: mouseMove2
[    65.45 ] D: _automationChanging true
[    65.45 ] D: _currentMouseY 296 199 229 202 QSizeF(1, -1)
[    65.45 ] D: mouseMove2
[    65.45 ] D: _automationChanging true
[    65.45 ] D: _currentMouseY 297 199 229 202 QSizeF(1, 0)
[    65.46 ] D: mouseMove2
[    65.47 ] D: _automationChanging true
[    65.47 ] D: _currentMouseY 298 198 229 202 QSizeF(1, -1)
[    65.47 ] D: mouseMove2
[    65.48 ] D: _automationChanging true
[    65.49 ] D: _currentMouseY 299 198 229 202 QSizeF(1, 0)
[    65.49 ] D: mouseMove2
[    65.49 ] D: _automationChanging true
[    65.49 ] D: _currentMouseY 301 198 229 202 QSizeF(2, 0)
[    65.49 ] D: mouseMove2
[    65.50 ] D: _automationChanging true
[    65.50 ] D: _currentMouseY 302 198 229 202 QSizeF(1, 0)
[    65.50 ] D: mouseMove2
[    65.52 ] D: _automationChanging true
[    65.52 ] D: _currentMouseY 302 198 229 202 QSizeF(0, 0)
[    65.52 ] D: mouseMove2
[    65.87 ] D: createSelectedPoints 1 -1
[    65.87 ] D: isAutomated 1
[    65.87 ] D: isAutomated 0
[    65.87 ] D: isAutomated 0
[    66.85 ] D: findTrackIndexByPoint 0 QRect(0,0 1707x111) false QPointF(219,171)
[    66.85 ] D: findTrackIndexByPoint 1 QRect(0,111 1707x111) true QPointF(219,171)
[    67.73 ] D: findTrackIndexByPoint 0 QRect(0,0 1707x111) false QPointF(273,165)
[    67.73 ] D: findTrackIndexByPoint 1 QRect(0,111 1707x111) true QPointF(273,165)
[    68.30 ] D: findTrackIndexByPoint 0 QRect(0,0 1707x111) false QPointF(292,164)
[    68.30 ] D: findTrackIndexByPoint 1 QRect(0,111 1707x111) true QPointF(292,164)
[    69.35 ] D: findTrackIndexByPoint 0 QRect(0,0 1707x111) false QPointF(347,188)
[    69.35 ] D: findTrackIndexByPoint 1 QRect(0,111 1707x111) true QPointF(347,188)
[    69.37 ] D: createSelectedPoints 1 -1
[    69.98 ] D: findTrackIndexByPoint 0 QRect(0,0 1707x111) false QPointF(375,188)
[    69.99 ] D: findTrackIndexByPoint 1 QRect(0,111 1707x111) true QPointF(375,188)
[    70.00 ] D: createSelectedPoints 1 -1
[    70.85 ] D: findTrackIndexByPoint 0 QRect(0,0 1707x111) false QPointF(344,201)
[    70.85 ] D: findTrackIndexByPoint 1 QRect(0,111 1707x111) true QPointF(344,201)
[    70.87 ] D: createSelectedPoints 1 -1
[    71.43 ] D: findTrackIndexByPoint 0 QRect(0,0 1707x111) false QPointF(304,211)
[    71.43 ] D: findTrackIndexByPoint 1 QRect(0,111 1707x111) true QPointF(304,211)
[    71.45 ] D: createSelectedPoints 1 -1
[    71.85 ] D: findTrackIndexByPoint 0 QRect(0,0 1707x111) false QPointF(275,214)
[    71.85 ] D: findTrackIndexByPoint 1 QRect(0,111 1707x111) true QPointF(275,214)
[    71.87 ] D: createSelectedPoints 1 -1
[    72.87 ] D: findTrackIndexByPoint 0 QRect(0,0 1707x111) false QPointF(276,176)
[    72.87 ] D: findTrackIndexByPoint 1 QRect(0,111 1707x111) true QPointF(276,176)
[    72.89 ] D: createSelectedPoints 1 -1
[    73.36 ] D: findTrackIndexByPoint 0 QRect(0,0 1707x111) false QPointF(272,157)
[    73.36 ] D: findTrackIndexByPoint 1 QRect(0,111 1707x111) true QPointF(272,157)
[    73.37 ] D: _automationChanging false
[    73.37 ] D: mouseMove2
[    73.82 ] D: findTrackIndexByPoint 0 QRect(0,0 1707x111) false QPointF(269,155)
[    73.82 ] D: findTrackIndexByPoint 1 QRect(0,111 1707x111) true QPointF(269,155)
[    73.82 ] D: findTrackIndexByPoint 0 QRect(0,0 1707x111) false QPointF(269,155)
[    73.82 ] D: findTrackIndexByPoint 1 QRect(0,111 1707x111) true QPointF(269,155)
[    73.84 ] D: createSelectedPoints 1 -1
[    74.42 ] D: findTrackIndexByPoint 0 QRect(0,0 1707x111) false QPointF(247,161)
[    74.42 ] D: findTrackIndexByPoint 1 QRect(0,111 1707x111) true QPointF(247,161)
[    74.46 ] D: _automationChanging false
[    74.46 ] D: mouseMove2
[    74.95 ] D: findTrackIndexByPoint 0 QRect(0,0 1707x111) false QPointF(237,174)
[    74.95 ] D: findTrackIndexByPoint 1 QRect(0,111 1707x111) true QPointF(237,174)
[    74.99 ] D: _automationChanging false
[    74.99 ] D: mouseMove2
[    75.48 ] D: findTrackIndexByPoint 0 QRect(0,0 1707x111) false QPointF(223,174)
[    75.48 ] D: findTrackIndexByPoint 1 QRect(0,111 1707x111) true QPointF(223,174)
[    76.01 ] D: findTrackIndexByPoint 0 QRect(0,0 1707x111) false QPointF(204,175)
[    76.01 ] D: findTrackIndexByPoint 1 QRect(0,111 1707x111) true QPointF(204,175)
[    76.45 ] D: findTrackIndexByPoint 0 QRect(0,0 1707x111) false QPointF(133,187)
[    76.45 ] D: findTrackIndexByPoint 1 QRect(0,111 1707x111) true QPointF(133,187)
[    76.47 ] D: createSelectedPoints 1 -1
[    76.48 ] D: _automationChanging true
[    76.48 ] D: mouseMove2
[    76.95 ] D: findTrackIndexByPoint 0 QRect(0,0 1707x111) false QPointF(166,169)
[    76.95 ] D: findTrackIndexByPoint 1 QRect(0,111 1707x111) true QPointF(166,169)
[    76.99 ] D: _automationChanging false
[    76.99 ] D: mouseMove2
[    77.46 ] D: findTrackIndexByPoint 0 QRect(0,0 1707x111) false QPointF(186,163)
[    77.46 ] D: findTrackIndexByPoint 1 QRect(0,111 1707x111) true QPointF(186,163)
[    77.80 ] D: findTrackIndexByPoint 0 QRect(0,0 1707x111) false QPointF(212,158)
[    77.80 ] D: findTrackIndexByPoint 1 QRect(0,111 1707x111) true QPointF(212,158)
[    78.35 ] D: findTrackIndexByPoint 0 QRect(0,0 1707x111) false QPointF(236,166)
[    78.35 ] D: findTrackIndexByPoint 1 QRect(0,111 1707x111) true QPointF(236,166)
[    78.99 ] D: findTrackIndexByPoint 0 QRect(0,0 1707x111) false QPointF(174,173)
[    78.99 ] D: findTrackIndexByPoint 1 QRect(0,111 1707x111) true QPointF(174,173)
[    79.99 ] D: _requestForLoading false false
[    79.99 ] D: _requestForLoading2
[    79.99 ] D: _numberOfSampleBuffer 1
[    79.99 ] D: START TO load 0
[    79.99 ] D: START TO load 1
[    79.99 ] D: sltPositionChanged 661499 true
[    80.00 ] D: START TO load 2
[    80.00 ] D: START TO load 3
[    80.00 ] D: frame_offset 2 0 10
[    80.00 ] D: frame_offset 2 1 10
[    80.00 ] D: frame_offset 2 2 10
[    80.00 ] D: frame_offset 2 3 10
[    80.00 ] D: frame_offset 2 4 10
[    80.01 ] D: sltFirstBufferFilled ("{d828da23-4411-404d-b499-e5b52f831adc}") "{d828da23-4411-404d-b499-e5b52f831adc}" true
[    80.01 ] D: _requestForLoading true false
[    80.02 ] D: freq1 0.716071 6260.75
[    80.02 ] D: freq1 0.715646 6270.09
[    80.02 ] D: freq1 0.715221 6279.43
[    80.04 ] D: freq1 0.714796 6288.77
[    80.04 ] D: freq1 0.714371 6298.12
[    80.04 ] D: freq1 0.713946 6307.46
[    80.06 ] D: freq1 0.713521 6316.8
[    80.06 ] D: freq1 0.713096 6326.14
[    80.06 ] D: freq1 0.712671 6335.48
[    80.08 ] D: freq1 0.712246 6344.83
[    80.08 ] D: freq1 0.711821 6354.17
[    80.08 ] D: freq1 0.711396 6363.51
[    80.09 ] D: freq1 0.710971 6372.85
[    80.09 ] D: freq1 0.710546 6382.19
[    80.09 ] D: freq1 0.710121 6391.53
[    80.11 ] D: freq1 0.709696 6400.88
[    80.11 ] D: freq1 0.709271 6410.22
[    80.11 ] D: freq1 0.708846 6419.56
[    80.13 ] D: freq1 0.708421 6428.9
[    80.13 ] D: freq1 0.707996 6438.24
[    80.13 ] D: freq1 0.707571 6447.58
[    80.15 ] D: freq1 0.707146 6456.92
[    80.15 ] D: freq1 0.706721 6466.27
[    80.15 ] D: freq1 0.706296 6475.61
[    80.16 ] D: freq1 0.705871 6484.95
[    80.16 ] D: freq1 0.705446 6494.29
[    80.16 ] D: freq1 0.705021 6503.63
[    80.18 ] D: freq1 0.704596 6512.98
[    80.18 ] D: freq1 0.704171 6522.32
[    80.18 ] D: freq1 0.703746 6531.66
[    80.20 ] D: freq1 0.703321 6541
[    80.20 ] D: freq1 0.702896 6550.34
[    80.20 ] D: freq1 0.702471 6559.68
[    80.22 ] D: freq1 0.702046 6569.03
[    80.22 ] D: freq1 0.701621 6578.37
[    80.22 ] D: freq1 0.701196 6587.71
[    80.23 ] D: freq1 0.700771 6597.05
[    80.23 ] D: freq1 0.700346 6606.39
[    80.23 ] D: freq1 0.699921 6615.73
[    80.25 ] D: freq1 0.699496 6625.08
[    80.25 ] D: freq1 0.699071 6634.42
[    80.25 ] D: freq1 0.698646 6643.76
[    80.27 ] D: freq1 0.698221 6653.1
[    80.27 ] D: freq1 0.697796 6662.44
[    80.27 ] D: freq1 0.697371 6671.78
[    80.29 ] D: freq1 0.696946 6681.13
[    80.29 ] D: freq1 0.696521 6690.47
[    80.29 ] D: freq1 0.696096 6699.81
[    80.30 ] D: freq1 0.695671 6709.15
[    80.30 ] D: freq1 0.695246 6718.49
[    80.30 ] D: freq1 0.694821 6727.83
[    80.32 ] D: freq1 0.694396 6737.18
[    80.32 ] D: freq1 0.693971 6746.52
[    80.32 ] D: freq1 0.693546 6755.86
[    80.34 ] D: freq1 0.693121 6765.2
[    80.34 ] D: freq1 0.692696 6774.54
[    80.34 ] D: freq1 0.692271 6783.88
[    80.35 ] D: freq1 0.691846 6793.23
[    80.35 ] D: freq1 0.691421 6802.57
[    80.35 ] D: freq1 0.690996 6811.91
[    80.37 ] D: freq1 0.690571 6821.25
[    80.37 ] D: freq1 0.690146 6830.59
[    80.37 ] D: freq1 0.689721 6839.93
[    80.39 ] D: freq1 0.689296 6849.28
[    80.39 ] D: freq1 0.688871 6858.62
[    80.39 ] D: freq1 0.688446 6867.96
[    80.41 ] D: freq1 0.688021 6877.3
[    80.41 ] D: freq1 0.687596 6886.64
[    80.41 ] D: freq1 0.687171 6895.98
[    80.42 ] D: freq1 0.686746 6905.33
[    80.42 ] D: freq1 0.686321 6914.67
[    80.42 ] D: freq1 0.685896 6924.01
[    80.44 ] D: freq1 0.685471 6933.35
[    80.44 ] D: freq1 0.685046 6942.69
[    80.44 ] D: freq1 0.684621 6952.03
[    80.46 ] D: freq1 0.684196 6961.38
[    80.46 ] D: freq1 0.683771 6970.72
[    80.46 ] D: freq1 0.683346 6980.06
[    80.48 ] D: freq1 0.682921 6989.4
[    80.48 ] D: AsyncFileReader 2 7
[    80.48 ] D: freq1 0.682496 6998.74
[    80.48 ] D: freq1 0.682071 7008.08
[    80.49 ] D: freq1 0.681646 7017.43
[    80.49 ] D: freq1 0.681221 7026.77
[    80.49 ] D: freq1 0.680796 7036.11
[    80.51 ] D: freq1 0.680371 7045.45
[    80.51 ] D: freq1 0.679946 7054.79
[    80.51 ] D: freq1 0.679521 7064.13
[    80.53 ] D: freq1 0.679096 7073.48
[    80.53 ] D: freq1 0.678671 7082.82
[    80.53 ] D: freq1 0.678246 7092.16
[    80.55 ] D: freq1 0.677821 7101.5
[    80.55 ] D: freq1 0.677396 7110.84
[    80.55 ] D: freq1 0.676971 7120.18
[    80.56 ] D: freq1 0.676546 7129.53
[    80.56 ] D: freq1 0.676121 7138.87
[    80.56 ] D: freq1 0.675696 7148.21
[    80.58 ] D: freq1 0.675271 7157.55
[    80.58 ] D: freq1 0.674846 7166.89
[    80.58 ] D: freq1 0.674421 7176.23
[    80.60 ] D: freq1 0.673996 7185.58
[    80.60 ] D: freq1 0.673571 7194.92
[    80.60 ] D: freq1 0.673146 7204.26
[    80.62 ] D: freq1 0.672721 7213.6
[    80.62 ] D: freq1 0.672296 7222.94
[    80.62 ] D: freq1 0.671871 7232.28
[    80.63 ] D: freq1 0.671446 7241.63
[    80.63 ] D: freq1 0.671021 7250.97
[    80.63 ] D: freq1 0.670596 7260.31
[    80.65 ] D: freq1 0.670171 7269.65
[    80.65 ] D: freq1 0.669746 7278.99
[    80.65 ] D: freq1 0.669321 7288.33
[    80.67 ] D: freq1 0.668896 7297.68
[    80.67 ] D: freq1 0.668471 7307.02
[    80.67 ] D: freq1 0.668046 7316.36
[    80.69 ] D: freq1 0.66762 7325.7
[    80.69 ] D: freq1 0.667195 7335.04
[    80.69 ] D: freq1 0.666771 7344.38
[    80.70 ] D: freq1 0.666345 7353.73
[    80.70 ] D: freq1 0.66592 7363.07
[    80.70 ] D: freq1 0.665495 7372.41
[    80.72 ] D: freq1 0.66507 7381.75
[    80.72 ] D: freq1 0.664645 7391.09
[    80.72 ] D: freq1 0.66422 7400.43
[    80.74 ] D: freq1 0.663795 7409.78
[    80.74 ] D: freq1 0.66337 7419.12
[    80.74 ] D: freq1 0.662945 7428.46
[    80.76 ] D: freq1 0.66252 7437.8
[    80.76 ] D: freq1 0.662095 7447.14
[    80.76 ] D: freq1 0.66167 7456.48
[    80.77 ] D: freq1 0.661245 7465.83
[    80.77 ] D: freq1 0.66082 7475.17
[    80.77 ] D: freq1 0.660395 7484.51
[    80.79 ] D: freq1 0.65997 7493.85
[    80.79 ] D: freq1 0.659545 7503.19
[    80.79 ] D: freq1 0.65912 7512.54
[    80.81 ] D: freq1 0.658695 7521.88
[    80.81 ] D: freq1 0.65827 7531.22
[    80.81 ] D: freq1 0.657845 7540.56
[    80.83 ] D: freq1 0.65742 7549.9
[    80.83 ] D: freq1 0.656995 7559.24
[    80.83 ] D: freq1 0.65657 7568.58
[    80.84 ] D: freq1 0.656145 7577.93
[    80.84 ] D: freq1 0.65572 7587.27
[    80.84 ] D: freq1 0.655295 7596.61
[    80.86 ] D: freq1 0.65487 7605.95
[    80.86 ] D: freq1 0.654445 7615.29
[    80.86 ] D: freq1 0.65402 7624.63
[    80.88 ] D: freq1 0.653595 7633.98
[    80.88 ] D: freq1 0.65317 7643.32
[    80.88 ] D: freq1 0.652745 7652.66
[    80.89 ] D: freq1 0.65232 7662
[    80.89 ] D: freq1 0.651895 7671.34
[    80.89 ] D: freq1 0.65147 7680.69
[    80.91 ] D: freq1 0.651045 7690.03
[    80.91 ] D: freq1 0.65062 7699.37
[    80.91 ] D: freq1 0.650195 7708.71
[    80.93 ] D: freq1 0.64977 7718.05
[    80.93 ] D: freq1 0.649345 7727.39
[    80.93 ] D: freq1 0.64892 7736.73
[    80.95 ] D: freq1 0.648495 7746.08
[    80.95 ] D: freq1 0.64807 7755.42
[    80.95 ] D: freq1 0.647645 7764.76
[    80.96 ] D: freq1 0.64722 7774.1
[    80.96 ] D: freq1 0.646795 7783.44
[    80.96 ] D: freq1 0.64637 7792.78
[    80.98 ] D: freq1 0.645945 7802.13
[    80.98 ] D: freq1 0.64552 7811.47
[    80.98 ] D: freq1 0.645095 7820.81
[    81.00 ] D: freq1 0.64467 7830.15
[    81.00 ] D: freq1 0.644245 7839.49
[    81.00 ] D: freq1 0.64382 7848.84
[    81.02 ] D: freq1 0.643395 7858.18
[    81.02 ] D: freq1 0.64297 7867.52
[    81.02 ] D: freq1 0.642545 7876.86
[    81.03 ] D: freq1 0.64212 7886.2
[    81.03 ] D: freq1 0.641695 7895.54
[    81.03 ] D: freq1 0.64127 7904.89
[    81.05 ] D: freq1 0.640845 7914.23
[    81.05 ] D: freq1 0.64042 7923.57
[    81.05 ] D: freq1 0.639995 7932.91
[    81.07 ] D: freq1 0.63957 7942.25
[    81.07 ] D: freq1 0.639145 7951.59
[    81.07 ] D: freq1 0.63872 7960.93
[    81.09 ] D: freq1 0.638295 7970.28
[    81.09 ] D: freq1 0.63787 7979.62
[    81.09 ] D: freq1 0.637445 7988.96
[    81.10 ] D: freq1 0.63702 7998.3
[    81.10 ] D: freq1 0.636595 8007.64
[    81.10 ] D: freq1 0.63617 8016.99
[    81.12 ] D: freq1 0.635745 8026.33
[    81.12 ] D: freq1 0.63532 8035.67
[    81.12 ] D: freq1 0.634895 8045.01
[    81.14 ] D: freq1 0.63447 8054.35
[    81.14 ] D: freq1 0.634045 8063.69
[    81.14 ] D: freq1 0.63362 8073.04
[    81.16 ] D: freq1 0.633195 8082.38
[    81.16 ] D: freq1 0.63277 8091.72
[    81.16 ] D: freq1 0.632345 8101.06
[    81.17 ] D: freq1 0.63192 8110.4
[    81.17 ] D: freq1 0.631495 8119.74
[    81.17 ] D: freq1 0.63107 8129.09
[    81.19 ] D: freq1 0.630645 8138.43
[    81.19 ] D: freq1 0.63022 8147.77
[    81.19 ] D: freq1 0.629795 8157.11
[    81.21 ] D: freq1 0.62937 8166.45
[    81.21 ] D: freq1 0.628945 8175.79
[    81.21 ] D: freq1 0.62852 8185.14
[    81.23 ] D: freq1 0.628095 8194.48
[    81.23 ] D: freq1 0.62767 8203.82
[    81.23 ] D: freq1 0.627245 8213.16
[    81.24 ] D: freq1 0.62682 8222.5
[    81.24 ] D: freq1 0.626395 8231.84
[    81.24 ] D: freq1 0.62597 8241.19
[    81.26 ] D: freq1 0.625545 8250.53
[    81.26 ] D: freq1 0.62512 8259.87
[    81.26 ] D: freq1 0.624695 8269.21
[    81.28 ] D: freq1 0.62427 8278.55
[    81.28 ] D: freq1 0.623845 8287.89
[    81.28 ] D: freq1 0.62342 8297.24
[    81.30 ] D: freq1 0.622995 8306.58
[    81.30 ] D: freq1 0.62257 8315.92
[    81.30 ] D: freq1 0.622145 8325.26
[    81.31 ] D: freq1 0.62172 8334.6
[    81.31 ] D: freq1 0.621295 8343.94
[    81.31 ] D: freq1 0.62087 8353.29
[    81.33 ] D: freq1 0.620445 8362.63
[    81.33 ] D: freq1 0.62002 8371.97
[    81.33 ] D: freq1 0.619595 8381.31
[    81.35 ] D: freq1 0.61917 8390.65
[    81.35 ] D: freq1 0.618745 8399.99
[    81.35 ] D: freq1 0.61832 8409.34
[    81.36 ] D: freq1 0.617895 8418.68
[    81.36 ] D: freq1 0.61747 8428.02
[    81.36 ] D: freq1 0.617045 8437.36
[    81.38 ] D: freq1 0.61662 8446.7
[    81.38 ] D: freq1 0.616195 8456.04
[    81.38 ] D: freq1 0.61577 8465.39
[    81.40 ] D: freq1 0.615345 8474.73
[    81.40 ] D: freq1 0.614919 8484.07
[    81.40 ] D: freq1 0.614495 8493.41
[    81.42 ] D: freq1 0.614069 8502.75
[    81.42 ] D: freq1 0.613644 8512.09
[    81.42 ] D: freq1 0.613219 8521.44
[    81.43 ] D: freq1 0.612794 8530.78
[    81.43 ] D: freq1 0.612369 8540.12
[    81.43 ] D: freq1 0.611944 8549.46
[    81.45 ] D: freq1 0.611519 8558.8
[    81.45 ] D: freq1 0.611094 8568.14
[    81.45 ] D: freq1 0.610669 8577.49
[    81.47 ] D: freq1 0.610244 8586.83
[    81.47 ] D: freq1 0.609819 8596.17
[    81.47 ] D: freq1 0.609394 8605.51
[    81.49 ] D: freq1 0.608969 8614.85
[    81.49 ] D: freq1 0.608544 8624.19
[    81.49 ] D: freq1 0.608119 8633.54
[    81.50 ] D: freq1 0.607694 8642.88
[    81.50 ] D: freq1 0.607269 8652.22
[    81.50 ] D: freq1 0.606844 8661.56
[    81.52 ] D: freq1 0.606419 8670.9
[    81.52 ] D: freq1 0.605994 8680.24
[    81.52 ] D: freq1 0.605569 8689.59
[    81.54 ] D: freq1 0.605144 8698.93
[    81.54 ] D: freq1 0.604719 8708.27
[    81.54 ] D: freq1 0.604294 8717.61
[    81.56 ] D: freq1 0.603869 8726.95
[    81.56 ] D: freq1 0.603444 8736.29
[    81.56 ] D: freq1 0.603019 8745.64
[    81.57 ] D: freq1 0.602594 8754.98
[    81.57 ] D: freq1 0.602169 8764.32
[    81.57 ] D: freq1 0.601744 8773.66
[    81.59 ] D: freq1 0.601319 8783
[    81.59 ] D: freq1 0.600894 8792.35
[    81.59 ] D: freq1 0.600469 8801.69
[    81.61 ] D: freq1 0.600044 8811.03
[    81.61 ] D: freq1 0.599619 8820.37
[    81.61 ] D: freq1 0.599194 8829.71
[    81.63 ] D: freq1 0.598769 8839.05
[    81.63 ] D: freq1 0.598344 8848.39
[    81.63 ] D: freq1 0.597919 8857.74
[    81.64 ] D: freq1 0.597494 8867.08
[    81.64 ] D: freq1 0.597069 8876.42
[    81.64 ] D: freq1 0.596644 8885.76
[    81.66 ] D: freq1 0.596219 8895.1
[    81.66 ] D: freq1 0.595794 8904.44
[    81.66 ] D: freq1 0.595369 8913.79
[    81.68 ] D: freq1 0.594944 8923.13
[    81.68 ] D: freq1 0.594519 8932.47
[    81.68 ] D: freq1 0.594094 8941.81
[    81.70 ] D: freq1 0.593669 8951.15
[    81.70 ] D: freq1 0.593244 8960.5
[    81.70 ] D: freq1 0.592819 8969.84
[    81.71 ] D: freq1 0.592394 8979.18
[    81.71 ] D: freq1 0.591969 8988.52
[    81.71 ] D: freq1 0.591544 8997.86
[    81.73 ] D: freq1 0.591119 9007.2
[    81.73 ] D: freq1 0.590694 9016.55
[    81.73 ] D: freq1 0.590269 9025.89
[    81.75 ] D: freq1 0.589844 9035.23
[    81.75 ] D: freq1 0.589419 9044.57
[    81.75 ] D: freq1 0.588994 9053.91
[    81.77 ] D: freq1 0.588569 9063.25
[    81.77 ] D: freq1 0.588144 9072.59
[    81.77 ] D: freq1 0.587719 9081.94
[    81.78 ] D: freq1 0.587294 9091.28
[    81.78 ] D: freq1 0.586869 9100.62
[    81.78 ] D: freq1 0.586444 9109.96
[    81.80 ] D: freq1 0.586019 9119.3
[    81.80 ] D: freq1 0.585594 9128.65
[    81.80 ] D: freq1 0.585169 9137.99
[    81.82 ] D: freq1 0.584744 9147.33
[    81.82 ] D: freq1 0.584319 9156.67
[    81.82 ] D: freq1 0.583894 9166.01
[    81.84 ] D: freq1 0.583469 9175.35
[    81.84 ] D: freq1 0.583044 9184.7
[    81.84 ] D: freq1 0.582619 9194.04
[    81.85 ] D: freq1 0.582194 9203.38
[    81.85 ] D: freq1 0.581769 9212.72
[    81.85 ] D: freq1 0.581344 9222.06
[    81.87 ] D: freq1 0.580919 9231.4
[    81.87 ] D: freq1 0.580494 9240.74
[    81.87 ] D: freq1 0.580069 9250.09
[    81.89 ] D: freq1 0.579644 9259.43
[    81.89 ] D: freq1 0.579219 9268.77
[    81.89 ] D: freq1 0.578794 9278.11
[    81.90 ] D: freq1 0.578369 9287.45
[    81.90 ] D: freq1 0.577944 9296.8
[    81.90 ] D: freq1 0.577519 9306.14
[    81.92 ] D: freq1 0.577094 9315.48
[    81.92 ] D: freq1 0.576669 9324.82
[    81.92 ] D: freq1 0.576244 9334.16
[    81.94 ] D: freq1 0.575819 9343.5
[    81.94 ] D: freq1 0.575394 9352.85
[    81.94 ] D: freq1 0.574969 9362.19
[    81.96 ] D: freq1 0.574544 9371.53
[    81.96 ] D: freq1 0.574119 9380.87
[    81.96 ] D: AsyncFileReader 3 8
[    81.96 ] D: freq1 0.573694 9390.21
[    81.97 ] D: freq1 0.573269 9399.55
[    81.97 ] D: freq1 0.572844 9408.9
[    81.97 ] D: freq1 0.572419 9418.24
[    81.99 ] D: freq1 0.571994 9427.58
[    81.99 ] D: freq1 0.571569 9436.92
[    81.99 ] D: freq1 0.571144 9446.26
[    82.01 ] D: freq1 0.570719 9455.6
[    82.01 ] D: freq1 0.570294 9464.95
[    82.01 ] D: freq1 0.569869 9474.29
[    82.03 ] D: freq1 0.569444 9483.63
[    82.03 ] D: freq1 0.569019 9492.97
[    82.03 ] D: freq1 0.568594 9502.31
[    82.04 ] D: freq1 0.568169 9511.65
[    82.04 ] D: freq1 0.567744 9521
[    82.04 ] D: freq1 0.567319 9530.34
[    82.06 ] D: freq1 0.566894 9539.68
[    82.06 ] D: freq1 0.566469 9549.02
[    82.06 ] D: freq1 0.566044 9558.36
[    82.08 ] D: freq1 0.565619 9567.7
[    82.08 ] D: freq1 0.565194 9577.05
[    82.08 ] D: freq1 0.564769 9586.39
[    82.10 ] D: freq1 0.564344 9595.73
[    82.10 ] D: freq1 0.563919 9605.07
[    82.10 ] D: freq1 0.563494 9614.41
[    82.11 ] D: freq1 0.563069 9623.75
[    82.11 ] D: freq1 0.562644 9633.1
[    82.11 ] D: freq1 0.562218 9642.44
[    82.13 ] D: freq1 0.561794 9651.78
[    82.13 ] D: freq1 0.561368 9661.12
[    82.13 ] D: freq1 0.560943 9670.46
[    82.15 ] D: freq1 0.560518 9679.8
[    82.15 ] D: freq1 0.560093 9689.15
[    82.15 ] D: freq1 0.559668 9698.49
[    82.17 ] D: freq1 0.559243 9707.83
[    82.17 ] D: freq1 0.558818 9717.17
[    82.17 ] D: freq1 0.558393 9726.51
[    82.18 ] D: freq1 0.557968 9735.85
[    82.18 ] D: freq1 0.557543 9745.2
[    82.18 ] D: freq1 0.557118 9754.54
[    82.20 ] D: freq1 0.556693 9763.88
[    82.20 ] D: freq1 0.556268 9773.22
[    82.20 ] D: freq1 0.555843 9782.56
[    82.22 ] D: freq1 0.555418 9791.9
[    82.22 ] D: freq1 0.554993 9801.25
[    82.22 ] D: freq1 0.554568 9810.59
[    82.24 ] D: freq1 0.554143 9819.93
[    82.24 ] D: freq1 0.553718 9829.27
[    82.24 ] D: freq1 0.553293 9838.61
[    82.25 ] D: freq1 0.552868 9847.95
[    82.25 ] D: freq1 0.552443 9857.3
[    82.25 ] D: freq1 0.552018 9866.64
[    82.27 ] D: freq1 0.551593 9875.98
[    82.27 ] D: freq1 0.551168 9885.32
[    82.27 ] D: freq1 0.550743 9894.66
[    82.29 ] D: freq1 0.550318 9904.01
[    82.29 ] D: freq1 0.549893 9913.35
[    82.29 ] D: freq1 0.549468 9922.69
[    82.31 ] D: freq1 0.549043 9932.03
[    82.31 ] D: freq1 0.548618 9941.37
[    82.31 ] D: freq1 0.548193 9950.71
[    82.32 ] D: freq1 0.547768 9960.05
[    82.32 ] D: freq1 0.547343 9969.4
[    82.32 ] D: freq1 0.546918 9978.74
[    82.34 ] D: freq1 0.546493 9988.08
[    82.34 ] D: freq1 0.546068 9997.42
[    82.34 ] D: freq1 0.545643 10006.8
[    82.36 ] D: freq1 0.545218 10016.1
[    82.36 ] D: freq1 0.544793 10025.4
[    82.36 ] D: freq1 0.544368 10034.8
[    82.38 ] D: freq1 0.543943 10044.1
[    82.38 ] D: freq1 0.543518 10053.5
[    82.38 ] D: freq1 0.543093 10062.8
[    82.39 ] D: freq1 0.542668 10072.2
[    82.39 ] D: freq1 0.542243 10081.5
[    82.39 ] D: freq1 0.541818 10090.8
[    82.41 ] D: freq1 0.541393 10100.2
[    82.41 ] D: freq1 0.540968 10109.5
[    82.41 ] D: freq1 0.540543 10118.9
[    82.43 ] D: freq1 0.540118 10128.2
[    82.43 ] D: freq1 0.539693 10137.5
[    82.43 ] D: freq1 0.539268 10146.9
[    82.44 ] D: freq1 0.538843 10156.2
[    82.44 ] D: freq1 0.538418 10165.6
[    82.44 ] D: freq1 0.537993 10174.9
[    82.46 ] D: freq1 0.537568 10184.3
[    82.46 ] D: freq1 0.537143 10193.6
[    82.46 ] D: freq1 0.536718 10202.9
[    82.48 ] D: freq1 0.536293 10212.3
[    82.48 ] D: freq1 0.535868 10221.6
[    82.48 ] D: freq1 0.535443 10231
[    82.50 ] D: freq1 0.535018 10240.3
[    82.50 ] D: freq1 0.534593 10249.6
[    82.50 ] D: freq1 0.534168 10259
[    82.51 ] D: freq1 0.533743 10268.3
[    82.51 ] D: freq1 0.533318 10277.7
[    82.51 ] D: freq1 0.532893 10287
[    82.53 ] D: freq1 0.532468 10296.4
[    82.53 ] D: freq1 0.532043 10305.7
[    82.53 ] D: freq1 0.531618 10315
[    82.55 ] D: freq1 0.531193 10324.4
[    82.55 ] D: freq1 0.530768 10333.7
[    82.55 ] D: freq1 0.530343 10343.1
[    82.57 ] D: freq1 0.529918 10352.4
[    82.57 ] D: freq1 0.529493 10361.7
[    82.57 ] D: freq1 0.529068 10371.1
[    82.58 ] D: freq1 0.528643 10380.4
[    82.58 ] D: freq1 0.528218 10389.8
[    82.58 ] D: freq1 0.527793 10399.1
[    82.60 ] D: freq1 0.527368 10408.5
[    82.60 ] D: freq1 0.526943 10417.8
[    82.60 ] D: freq1 0.526518 10427.1
[    82.62 ] D: freq1 0.526093 10436.5
[    82.62 ] D: freq1 0.525668 10445.8
[    82.62 ] D: freq1 0.525243 10455.2
[    82.64 ] D: freq1 0.524818 10464.5
[    82.64 ] D: freq1 0.524393 10473.8
[    82.64 ] D: freq1 0.523968 10483.2
[    82.65 ] D: freq1 0.523543 10492.5
[    82.65 ] D: freq1 0.523118 10501.9
[    82.65 ] D: freq1 0.522693 10511.2
[    82.67 ] D: freq1 0.522268 10520.6
[    82.67 ] D: freq1 0.521843 10529.9
[    82.67 ] D: freq1 0.521418 10539.2
[    82.69 ] D: freq1 0.520993 10548.6
[    82.69 ] D: freq1 0.520568 10557.9
[    82.69 ] D: freq1 0.520143 10567.3
[    82.71 ] D: freq1 0.519718 10576.6
[    82.71 ] D: freq1 0.519293 10585.9
[    82.71 ] D: freq1 0.518868 10595.3
[    82.72 ] D: freq1 0.518443 10604.6
[    82.72 ] D: freq1 0.518018 10614
[    82.72 ] D: freq1 0.517593 10623.3
[    82.74 ] D: freq1 0.517168 10632.7
[    82.74 ] D: freq1 0.516743 10642
[    82.74 ] D: freq1 0.516318 10651.3
[    82.76 ] D: freq1 0.515893 10660.7
[    82.76 ] D: freq1 0.515468 10670
[    82.76 ] D: freq1 0.515043 10679.4
[    82.78 ] D: freq1 0.514618 10688.7
[    82.78 ] D: freq1 0.514193 10698
[    82.78 ] D: freq1 0.513768 10707.4
[    82.79 ] D: freq1 0.513343 10716.7
[    82.79 ] D: freq1 0.512918 10726.1
[    82.79 ] D: freq1 0.512493 10735.4
[    82.81 ] D: freq1 0.512068 10744.8
[    82.81 ] D: freq1 0.511643 10754.1
[    82.81 ] D: freq1 0.511218 10763.4
[    82.83 ] D: freq1 0.510792 10772.8
[    82.83 ] D: freq1 0.510368 10782.1
[    82.83 ] D: freq1 0.509942 10791.5
[    82.85 ] D: freq1 0.509517 10800.8
[    82.85 ] D: freq1 0.509093 10810.1
[    82.85 ] D: freq1 0.508667 10819.5
[    82.86 ] D: freq1 0.508242 10828.8
[    82.86 ] D: freq1 0.507817 10838.2
[    82.86 ] D: freq1 0.507392 10847.5
[    82.88 ] D: freq1 0.506967 10856.9
[    82.88 ] D: freq1 0.506542 10866.2
[    82.88 ] D: freq1 0.506117 10875.5
[    82.90 ] D: freq1 0.505692 10884.9
[    82.90 ] D: freq1 0.505267 10894.2
[    82.90 ] D: freq1 0.504842 10903.6
[    82.91 ] D: freq1 0.504417 10912.9
[    82.91 ] D: freq1 0.503992 10922.2
[    82.91 ] D: freq1 0.503567 10931.6
[    82.93 ] D: freq1 0.503142 10940.9
[    82.93 ] D: freq1 0.502717 10950.3
[    82.93 ] D: freq1 0.502292 10959.6
[    82.95 ] D: freq1 0.501867 10969
[    82.95 ] D: freq1 0.501442 10978.3
[    82.95 ] D: freq1 0.501017 10987.6
[    82.97 ] D: freq1 0.500592 10997
[    82.97 ] D: freq1 0.500167 11006.3
[    82.97 ] D: freq1 0.499742 11015.7
[    82.98 ] D: freq1 0.499317 11025
[    82.98 ] D: freq1 0.498892 11034.3
[    82.98 ] D: freq1 0.498467 11043.7
[    83.00 ] D: freq1 0.498042 11053
[    83.00 ] D: freq1 0.497617 11062.4
[    83.00 ] D: freq1 0.497192 11071.7
[    83.02 ] D: freq1 0.496767 11081.1
[    83.02 ] D: freq1 0.496342 11090.4
[    83.02 ] D: freq1 0.495917 11099.7
[    83.04 ] D: freq1 0.495492 11109.1
[    83.04 ] D: freq1 0.495067 11118.4
[    83.04 ] D: freq1 0.494642 11127.8
[    83.05 ] D: freq1 0.494217 11137.1
[    83.05 ] D: freq1 0.493792 11146.4
[    83.05 ] D: freq1 0.493367 11155.8
[    83.07 ] D: freq1 0.492942 11165.1
[    83.07 ] D: freq1 0.492517 11174.5
[    83.07 ] D: freq1 0.492092 11183.8
[    83.09 ] D: freq1 0.491667 11193.2
[    83.09 ] D: freq1 0.491242 11202.5
[    83.09 ] D: freq1 0.490817 11211.8
[    83.11 ] D: freq1 0.490392 11221.2
[    83.11 ] D: freq1 0.489967 11230.5
[    83.11 ] D: freq1 0.489542 11239.9
[    83.12 ] D: freq1 0.489117 11249.2
[    83.12 ] D: freq1 0.488692 11258.5
[    83.12 ] D: freq1 0.488267 11267.9
[    83.14 ] D: freq1 0.487842 11277.2
[    83.14 ] D: freq1 0.487417 11286.6
[    83.14 ] D: freq1 0.486992 11295.9
[    83.16 ] D: freq1 0.486567 11305.3
[    83.16 ] D: freq1 0.486142 11314.6
[    83.16 ] D: freq1 0.485717 11323.9
[    83.18 ] D: freq1 0.485292 11333.3
[    83.18 ] D: freq1 0.484867 11342.6
[    83.18 ] D: freq1 0.484442 11352
[    83.19 ] D: freq1 0.484017 11361.3
[    83.19 ] D: freq1 0.483592 11370.6
[    83.19 ] D: freq1 0.483167 11380
[    83.21 ] D: freq1 0.482742 11389.3
[    83.21 ] D: freq1 0.482317 11398.7
[    83.21 ] D: freq1 0.481892 11408
[    83.23 ] D: freq1 0.481467 11417.4
[    83.23 ] D: freq1 0.481042 11426.7
[    83.23 ] D: freq1 0.480617 11436
[    83.25 ] D: freq1 0.480192 11445.4
[    83.25 ] D: freq1 0.479767 11454.7
[    83.25 ] D: freq1 0.479342 11464.1
[    83.26 ] D: freq1 0.478917 11473.4
[    83.26 ] D: freq1 0.478492 11482.7
[    83.26 ] D: freq1 0.478067 11492.1
[    83.28 ] D: freq1 0.477642 11501.4
[    83.28 ] D: freq1 0.477217 11510.8
[    83.28 ] D: freq1 0.476792 11520.1
[    83.30 ] D: freq1 0.476367 11529.5
[    83.30 ] D: freq1 0.475942 11538.8
[    83.30 ] D: freq1 0.475517 11548.1
[    83.32 ] D: freq1 0.475092 11557.5
[    83.32 ] D: freq1 0.474667 11566.8
[    83.32 ] D: freq1 0.474242 11576.2
[    83.33 ] D: freq1 0.473817 11585.5
[    83.33 ] D: freq1 0.473392 11594.8
[    83.33 ] D: freq1 0.472967 11604.2
[    83.35 ] D: freq1 0.472542 11613.5
[    83.35 ] D: freq1 0.472117 11622.9
[    83.35 ] D: freq1 0.471692 11632.2
[    83.37 ] D: freq1 0.471267 11641.6
[    83.37 ] D: freq1 0.470842 11650.9
[    83.37 ] D: freq1 0.470417 11660.2
[    83.39 ] D: freq1 0.469992 11669.6
[    83.39 ] D: freq1 0.469567 11678.9
[    83.39 ] D: freq1 0.469142 11688.3
[    83.40 ] D: freq1 0.468717 11697.6
[    83.40 ] D: freq1 0.468292 11706.9
[    83.40 ] D: freq1 0.467867 11716.3
[    83.42 ] D: freq1 0.467442 11725.6
[    83.42 ] D: freq1 0.467017 11735
[    83.42 ] D: freq1 0.466592 11744.3
[    83.44 ] D: freq1 0.466167 11753.7
[    83.44 ] D: freq1 0.465742 11763
[    83.44 ] D: freq1 0.465317 11772.3
[    83.45 ] D: AsyncFileReader 4 9
[    83.45 ] D: freq1 0.464892 11781.7
[    83.45 ] D: freq1 0.464467 11791
[    83.45 ] D: freq1 0.464042 11800.4
[    83.47 ] D: freq1 0.463617 11809.7
[    83.47 ] D: freq1 0.463192 11819
[    83.47 ] D: freq1 0.462767 11828.4
[    83.49 ] D: freq1 0.462342 11837.7
[    83.49 ] D: freq1 0.461917 11847.1
[    83.49 ] D: freq1 0.461492 11856.4
[    83.51 ] D: freq1 0.461067 11865.8
[    83.51 ] D: freq1 0.460642 11875.1
[    83.51 ] D: freq1 0.460217 11884.4
[    83.52 ] D: freq1 0.459792 11893.8
[    83.52 ] D: freq1 0.459367 11903.1
[    83.52 ] D: freq1 0.458942 11912.5
[    83.54 ] D: freq1 0.458517 11921.8
[    83.54 ] D: freq1 0.458092 11931.1
[    83.54 ] D: freq1 0.457667 11940.5
[    83.56 ] W: qrc:/Items/CustomRectangle.qml:56: TypeError: Cannot read property 'color' of null
[    83.56 ] W: qrc:/Items/CustomRectangle.qml:56: TypeError: Cannot read property 'color' of null
[    83.56 ] W: qrc:/Items/CustomRectangle.qml:56: TypeError: Cannot read property 'color' of null
[    83.56 ] W: qrc:/Items/CustomRectangle.qml:56: TypeError: Cannot read property 'color' of null
[    83.56 ] D: freq1 0.457242 11949.8
[    83.56 ] D: freq1 0.456816 11959.2
[    83.56 ] D: freq1 0.456391 11968.5
[    83.58 ] D: freq1 0.455966 11977.9
[    83.58 ] D: freq1 0.455541 11987.2
[    83.58 ] D: freq1 0.455116 11996.5
[    83.59 ] D: freq1 0.454691 12005.9
[    83.59 ] D: freq1 0.454266 12015.2
[    83.59 ] D: freq1 0.453841 12024.6
[    83.61 ] D: freq1 0.453416 12033.9
[    83.61 ] D: freq1 0.452991 12043.2
[    83.61 ] D: freq1 0.452566 12052.6
[    83.63 ] D: freq1 0.452141 12061.9
[    83.63 ] D: freq1 0.451716 12071.3
[    83.63 ] D: freq1 0.451291 12080.6
[    83.65 ] D: freq1 0.450866 12090
[    83.65 ] D: freq1 0.450441 12099.3
[    83.65 ] D: freq1 0.450016 12108.6
[    83.66 ] D: freq1 0.449591 12118
[    83.66 ] D: freq1 0.449166 12127.3
[    83.66 ] D: freq1 0.448741 12136.7
[    83.68 ] D: freq1 0.448316 12146
[    83.68 ] D: freq1 0.447891 12155.3
[    83.68 ] D: freq1 0.447466 12164.7
[    83.70 ] D: freq1 0.447041 12174
[    83.70 ] D: freq1 0.446616 12183.4
[    83.70 ] D: freq1 0.446191 12192.7
[    83.72 ] D: freq1 0.445766 12202.1
[    83.72 ] D: freq1 0.445341 12211.4
[    83.72 ] D: freq1 0.444916 12220.7
[    83.73 ] D: freq1 0.444491 12230.1
[    83.73 ] D: freq1 0.444066 12239.4
[    83.73 ] D: freq1 0.443641 12248.8
[    83.75 ] D: freq1 0.443216 12258.1
[    83.75 ] D: freq1 0.442791 12267.4
[    83.75 ] D: freq1 0.442366 12276.8
[    83.77 ] D: freq1 0.441941 12286.1
[    83.77 ] D: freq1 0.441516 12295.5
[    83.77 ] D: freq1 0.441091 12304.8
[    83.79 ] D: freq1 0.440666 12314.2
[    83.79 ] D: freq1 0.440241 12323.5
[    83.79 ] D: freq1 0.439816 12332.8
[    83.80 ] D: freq1 0.439391 12342.2
[    83.80 ] D: freq1 0.438966 12351.5
[    83.80 ] D: freq1 0.438541 12360.9
[    83.82 ] D: freq1 0.438116 12370.2
[    83.82 ] D: freq1 0.437691 12379.5
[    83.82 ] D: freq1 0.437266 12388.9
[    83.84 ] D: freq1 0.436841 12398.2
[    83.84 ] D: freq1 0.436416 12407.6
[    83.84 ] D: freq1 0.435991 12416.9
[    83.86 ] D: freq1 0.435566 12426.3
[    83.86 ] D: freq1 0.435141 12435.6
[    83.86 ] D: freq1 0.434716 12444.9
[    83.87 ] D: freq1 0.434291 12454.3
[    83.87 ] D: freq1 0.433866 12463.6
[    83.87 ] D: freq1 0.433441 12473
[    83.89 ] D: freq1 0.433016 12482.3
[    83.89 ] D: freq1 0.432591 12491.6
[    83.89 ] D: freq1 0.432166 12501
[    83.91 ] D: freq1 0.431741 12510.3
[    83.91 ] D: freq1 0.431316 12519.7
[    83.91 ] D: freq1 0.430891 12529
[    83.92 ] D: freq1 0.430466 12538.4
[    83.92 ] D: freq1 0.430041 12547.7
[    83.92 ] D: freq1 0.429616 12557
[    83.94 ] D: freq1 0.429191 12566.4
[    83.94 ] D: freq1 0.428766 12575.7
[    83.94 ] D: freq1 0.428341 12585.1
[    83.96 ] D: freq1 0.427916 12594.4
[    83.96 ] D: freq1 0.427491 12603.7
[    83.96 ] D: freq1 0.427066 12613.1
[    83.98 ] D: freq1 0.426641 12622.4
[    83.98 ] D: freq1 0.426216 12631.8
[    83.98 ] D: freq1 0.425791 12641.1
[    83.99 ] D: freq1 0.425366 12650.5
[    83.99 ] D: freq1 0.424941 12659.8
[    83.99 ] D: freq1 0.424516 12669.1
[    84.01 ] D: freq1 0.424091 12678.5
[    84.01 ] D: freq1 0.423666 12687.8
[    84.01 ] D: freq1 0.423241 12697.2
[    84.03 ] D: freq1 0.422816 12706.5
[    84.03 ] D: freq1 0.422391 12715.8
[    84.03 ] D: freq1 0.421966 12725.2
[    84.05 ] D: freq1 0.421541 12734.5
[    84.05 ] D: freq1 0.421116 12743.9
[    84.05 ] D: freq1 0.420691 12753.2
[    84.06 ] D: freq1 0.420266 12762.6
[    84.06 ] D: freq1 0.419841 12771.9
[    84.06 ] D: freq1 0.419416 12781.2
[    84.08 ] D: freq1 0.418991 12790.6
[    84.08 ] D: freq1 0.418566 12799.9
[    84.08 ] D: freq1 0.418141 12809.3
[    84.10 ] D: freq1 0.417716 12818.6
[    84.10 ] D: freq1 0.417291 12827.9
[    84.10 ] D: freq1 0.416866 12837.3
[    84.12 ] D: freq1 0.416441 12846.6
[    84.12 ] D: freq1 0.416016 12856
[    84.12 ] D: freq1 0.415591 12865.3
[    84.13 ] D: freq1 0.415166 12874.7
[    84.13 ] D: freq1 0.414741 12884
[    84.13 ] D: freq1 0.414316 12893.3
[    84.15 ] D: freq1 0.413891 12902.7
[    84.15 ] D: freq1 0.413466 12912
[    84.15 ] D: freq1 0.413041 12921.4
[    84.17 ] D: freq1 0.412616 12930.7
[    84.17 ] D: freq1 0.412191 12940
[    84.17 ] D: freq1 0.411766 12949.4
[    84.19 ] D: freq1 0.411341 12958.7
[    84.19 ] D: freq1 0.410916 12968.1
[    84.19 ] D: freq1 0.410491 12977.4
[    84.20 ] D: freq1 0.410066 12986.8
[    84.20 ] D: freq1 0.409641 12996.1
[    84.20 ] D: freq1 0.409216 13005.4
[    84.22 ] D: freq1 0.408791 13014.8
[    84.22 ] D: freq1 0.408366 13024.1
[    84.22 ] D: freq1 0.407941 13033.5
[    84.24 ] D: freq1 0.407516 13042.8
[    84.24 ] D: freq1 0.407091 13052.1
[    84.24 ] D: freq1 0.406666 13061.5
[    84.26 ] D: freq1 0.406241 13070.8
[    84.26 ] D: freq1 0.405816 13080.2
[    84.26 ] D: freq1 0.405391 13089.5
[    84.27 ] D: freq1 0.404965 13098.9
[    84.27 ] D: freq1 0.40454 13108.2
[    84.27 ] D: freq1 0.404115 13117.5
[    84.29 ] D: freq1 0.40369 13126.9
[    84.29 ] D: freq1 0.403265 13136.2
[    84.29 ] D: freq1 0.40284 13145.6
[    84.31 ] D: freq1 0.402415 13154.9
[    84.31 ] D: freq1 0.40199 13164.3
[    84.31 ] D: freq1 0.401565 13173.6
[    84.33 ] D: freq1 0.40114 13182.9
[    84.33 ] D: freq1 0.400715 13192.3
[    84.33 ] D: freq1 0.40029 13201.6
[    84.34 ] D: freq1 0.399865 13211
[    84.34 ] D: freq1 0.39944 13220.3
[    84.34 ] D: freq1 0.399015 13229.6
[    84.36 ] D: freq1 0.39859 13239
[    84.36 ] D: freq1 0.398165 13248.3
[    84.36 ] D: freq1 0.39774 13257.7
[    84.38 ] D: freq1 0.397315 13267
[    84.38 ] D: freq1 0.39689 13276.4
[    84.38 ] D: freq1 0.396465 13285.7
[    84.40 ] D: freq1 0.39604 13295
[    84.40 ] D: freq1 0.395615 13304.4
[    84.40 ] D: freq1 0.39519 13313.7
[    84.41 ] D: freq1 0.394765 13323.1
[    84.41 ] D: freq1 0.39434 13332.4
[    84.41 ] D: freq1 0.393915 13341.7
[    84.43 ] D: freq1 0.39349 13351.1
[    84.43 ] D: freq1 0.393065 13360.4
[    84.43 ] D: freq1 0.39264 13369.8
[    84.45 ] D: freq1 0.392215 13379.1
[    84.45 ] D: freq1 0.39179 13388.5
[    84.45 ] D: freq1 0.391365 13397.8
[    84.46 ] D: freq1 0.39094 13407.1
[    84.46 ] D: freq1 0.390515 13416.5
[    84.46 ] D: freq1 0.39009 13425.8
[    84.48 ] D: freq1 0.389665 13435.2
[    84.48 ] D: freq1 0.38924 13444.5
[    84.48 ] D: freq1 0.388815 13453.8
[    84.50 ] D: freq1 0.38839 13463.2
[    84.50 ] D: freq1 0.387965 13472.5
[    84.50 ] D: freq1 0.38754 13481.9
[    84.52 ] D: freq1 0.387115 13491.2
[    84.52 ] D: freq1 0.38669 13500.6
[    84.52 ] D: freq1 0.386265 13509.9
[    84.53 ] D: freq1 0.38584 13519.2
[    84.53 ] D: freq1 0.385415 13528.6
[    84.53 ] D: freq1 0.38499 13537.9
[    84.55 ] D: freq1 0.384565 13547.3
[    84.55 ] D: freq1 0.38414 13556.6
[    84.55 ] D: freq1 0.383715 13565.9
[    84.57 ] D: freq1 0.38329 13575.3
[    84.57 ] D: freq1 0.382865 13584.6
[    84.57 ] D: freq1 0.38244 13594
[    84.59 ] D: freq1 0.382015 13603.3
[    84.59 ] D: freq1 0.38159 13612.7
[    84.59 ] D: freq1 0.381165 13622
[    84.60 ] D: freq1 0.38074 13631.3
[    84.60 ] D: freq1 0.380315 13640.7
[    84.60 ] D: freq1 0.37989 13650
[    84.62 ] D: freq1 0.379465 13659.4
[    84.62 ] D: freq1 0.37904 13668.7
[    84.62 ] D: freq1 0.378615 13678
[    84.64 ] D: freq1 0.37819 13687.4
[    84.64 ] D: freq1 0.377765 13696.7
[    84.64 ] D: freq1 0.37734 13706.1
[    84.66 ] D: freq1 0.376915 13715.4
[    84.66 ] D: freq1 0.37649 13724.8
[    84.66 ] D: freq1 0.376065 13734.1
[    84.67 ] D: freq1 0.37564 13743.4
[    84.67 ] D: freq1 0.375215 13752.8
[    84.67 ] D: freq1 0.37479 13762.1
[    84.69 ] D: freq1 0.374365 13771.5
[    84.69 ] D: freq1 0.37394 13780.8
[    84.69 ] D: freq1 0.373515 13790.1
[    84.71 ] D: freq1 0.37309 13799.5
[    84.71 ] D: freq1 0.372665 13808.8
[    84.71 ] D: freq1 0.37224 13818.2
[    84.73 ] D: freq1 0.371815 13827.5
[    84.73 ] D: freq1 0.37139 13836.9
[    84.73 ] D: freq1 0.370965 13846.2
[    84.74 ] D: freq1 0.37054 13855.5
[    84.74 ] D: freq1 0.370115 13864.9
[    84.74 ] D: freq1 0.36969 13874.2
[    84.76 ] D: freq1 0.369265 13883.6
[    84.76 ] D: freq1 0.36884 13892.9
[    84.76 ] D: freq1 0.368415 13902.2
[    84.78 ] D: freq1 0.36799 13911.6
[    84.78 ] D: freq1 0.367565 13920.9
[    84.78 ] D: freq1 0.36714 13930.3
[    84.80 ] D: freq1 0.366715 13939.6
[    84.80 ] D: freq1 0.36629 13949
[    84.80 ] D: freq1 0.365865 13958.3
[    84.81 ] D: freq1 0.36544 13967.6
[    84.81 ] D: freq1 0.365015 13977
[    84.81 ] D: freq1 0.36459 13986.3
[    84.83 ] D: freq1 0.364165 13995.7
[    84.83 ] D: freq1 0.36374 14005
[    84.83 ] D: freq1 0.363315 14014.3
[    84.85 ] D: freq1 0.36289 14023.7
[    84.85 ] D: freq1 0.362465 14033
[    84.85 ] D: freq1 0.36204 14042.4
[    84.87 ] D: freq1 0.361615 14051.7
[    84.87 ] D: freq1 0.36119 14061.1
[    84.87 ] D: freq1 0.360765 14070.4
[    84.88 ] D: freq1 0.36034 14079.7
[    84.88 ] D: freq1 0.359915 14089.1
[    84.88 ] D: freq1 0.35949 14098.4
[    84.90 ] D: freq1 0.359065 14107.8
[    84.90 ] D: freq1 0.35864 14117.1
[    84.90 ] D: freq1 0.358215 14126.4
[    84.92 ] D: freq1 0.35779 14135.8
[    84.92 ] D: freq1 0.357365 14145.1
[    84.92 ] D: freq1 0.35694 14154.5
[    84.94 ] D: freq1 0.356515 14163.8
[    84.94 ] D: AsyncFileReader 0 10
[    84.94 ] D: freq1 0.35609 14173.2
[    84.94 ] D: freq1 0.355665 14182.5
[    84.95 ] D: freq1 0.35524 14191.8
[    84.95 ] D: freq1 0.354815 14201.2
[    84.95 ] D: freq1 0.35439 14210.5
[    84.97 ] D: freq1 0.353965 14219.9
[    84.97 ] D: freq1 0.35354 14229.2
[    84.97 ] D: freq1 0.353115 14238.5
[    84.99 ] D: freq1 0.35269 14247.9
[    84.99 ] D: freq1 0.352264 14257.2
[    84.99 ] D: freq1 0.351839 14266.6
[    85.00 ] D: freq1 0.351414 14275.9
[    85.00 ] D: freq1 0.350989 14285.3
[    85.00 ] D: freq1 0.350564 14294.6
[    85.02 ] D: freq1 0.350139 14303.9
[    85.02 ] D: freq1 0.35 14307
[    85.02 ] D: freq1 0.35 14307
[    85.04 ] D: freq1 0.35 14307
[    85.04 ] D: freq1 0.35 14307
[    85.04 ] D: freq1 0.35 14307
[    85.06 ] D: freq1 0.35 14307
[    85.06 ] D: freq1 0.35 14307
[    85.06 ] D: freq1 0.35 14307
[    85.07 ] D: freq1 0.35 14307
[    85.07 ] D: freq1 0.35 14307
[    85.07 ] D: freq1 0.35 14307
[    85.09 ] D: freq1 0.35 14307
[    85.09 ] D: freq1 0.35 14307
[    85.09 ] D: freq1 0.35 14307
[    85.11 ] D: freq1 0.35 14307
[    85.11 ] D: freq1 0.35 14307
[    85.11 ] D: freq1 0.35 14307
[    85.13 ] D: freq1 0.35 14307
[    85.13 ] D: freq1 0.35 14307
[    85.13 ] D: freq1 0.35 14307
[    85.14 ] D: freq1 0.35 14307
[    85.14 ] D: freq1 0.35 14307
[    85.14 ] D: freq1 0.35 14307
[    85.16 ] D: freq1 0.35 14307
[    85.16 ] D: freq1 0.35 14307
[    85.16 ] D: freq1 0.35 14307
[    85.18 ] D: freq1 0.35 14307
[    85.18 ] D: freq1 0.35 14307
[    85.18 ] D: freq1 0.35 14307
[    85.20 ] D: freq1 0.35 14307
[    85.20 ] D: freq1 0.35 14307
[    85.20 ] D: freq1 0.35 14307
[    85.21 ] D: freq1 0.35 14307
[    85.21 ] D: freq1 0.35 14307
[    85.21 ] D: freq1 0.35 14307
[    85.23 ] D: freq1 0.35 14307
[    85.23 ] D: freq1 0.35 14307
[    85.23 ] D: freq1 0.35 14307
[    85.25 ] D: freq1 0.35 14307
[    85.25 ] D: freq1 0.35 14307
[    85.25 ] D: freq1 0.35 14307
[    85.27 ] D: freq1 0.35 14307
[    85.27 ] D: freq1 0.35 14307
[    85.27 ] D: freq1 0.35 14307
[    85.28 ] D: freq1 0.35 14307
[    85.28 ] D: freq1 0.35 14307
[    85.28 ] D: freq1 0.35 14307
[    85.30 ] D: freq1 0.35 14307
[    85.30 ] D: freq1 0.35 14307
[    85.30 ] D: freq1 0.35 14307
[    85.32 ] D: freq1 0.35 14307
[    85.32 ] D: freq1 0.35 14307
[    85.32 ] D: freq1 0.35 14307
[    85.34 ] D: freq1 0.35 14307
[    85.34 ] D: freq1 0.35 14307
[    85.34 ] D: freq1 0.35 14307
[    85.35 ] D: freq1 0.35 14307
[    85.35 ] D: freq1 0.35 14307
[    85.35 ] D: freq1 0.35 14307
[    85.37 ] D: freq1 0.35 14307
[    85.37 ] D: freq1 0.35 14307
[    85.37 ] D: freq1 0.35 14307
[    85.39 ] D: freq1 0.35 14307
[    85.39 ] D: freq1 0.35 14307
[    85.39 ] D: freq1 0.35 14307
[    85.41 ] D: freq1 0.35 14307
[    85.41 ] D: freq1 0.35 14307
[    85.41 ] D: freq1 0.35 14307
[    85.42 ] D: freq1 0.35 14307
[    85.42 ] D: freq1 0.35 14307
[    85.42 ] D: freq1 0.35 14307
[    85.44 ] D: freq1 0.35 14307
[    85.44 ] D: freq1 0.35 14307
[    85.44 ] D: freq1 0.35 14307
[    85.46 ] D: freq1 0.35 14307
[    85.46 ] D: freq1 0.35 14307
[    85.46 ] D: freq1 0.35 14307
[    85.47 ] D: freq1 0.35 14307
[    85.47 ] D: freq1 0.35 14307
[    85.47 ] D: freq1 0.35 14307
[    85.49 ] D: freq1 0.35 14307
[    85.49 ] D: freq1 0.35 14307
[    85.49 ] D: freq1 0.35 14307
[    85.51 ] D: freq1 0.35 14307
[    85.51 ] D: freq1 0.35 14307
[    85.51 ] D: freq1 0.35 14307
[    85.53 ] D: freq1 0.35 14307
[    85.53 ] D: freq1 0.35 14307
[    85.53 ] D: freq1 0.35 14307
[    85.54 ] D: freq1 0.35 14307
[    85.54 ] D: freq1 0.35 14307
[    85.54 ] D: freq1 0.35 14307
[    85.56 ] D: freq1 0.35 14307
[    85.56 ] D: freq1 0.35 14307
[    85.56 ] D: freq1 0.35 14307
[    85.58 ] D: freq1 0.35 14307
[    85.58 ] D: freq1 0.35 14307
[    85.58 ] D: freq1 0.35 14307
[    85.60 ] D: freq1 0.35 14307
[    85.60 ] D: freq1 0.35 14307
[    85.60 ] D: freq1 0.35 14307
[    85.61 ] D: freq1 0.35 14307
[    85.61 ] D: freq1 0.35 14307
[    85.61 ] D: freq1 0.35 14307
[    85.63 ] D: freq1 0.35 14307
[    85.63 ] D: freq1 0.35 14307
[    85.63 ] D: freq1 0.35 14307
[    85.65 ] D: freq1 0.35 14307
[    85.65 ] D: freq1 0.35 14307
[    85.65 ] D: freq1 0.35 14307
[    85.67 ] D: freq1 0.35 14307
[    85.67 ] D: freq1 0.35 14307
[    85.67 ] D: freq1 0.35 14307
[    85.68 ] D: freq1 0.35 14307
[    85.68 ] D: freq1 0.35 14307
[    85.68 ] D: freq1 0.35 14307
[    85.70 ] D: freq1 0.35 14307
[    85.70 ] D: freq1 0.35 14307
[    85.70 ] D: freq1 0.35 14307
[    85.72 ] D: freq1 0.35 14307
[    85.72 ] D: freq1 0.35 14307
[    85.72 ] D: freq1 0.35 14307
[    85.74 ] D: freq1 0.35 14307
[    85.74 ] D: freq1 0.35 14307
[    85.74 ] D: freq1 0.35 14307
[    85.75 ] D: freq1 0.35 14307
[    85.75 ] D: freq1 0.35 14307
[    85.75 ] D: freq1 0.35 14307
[    85.77 ] D: freq1 0.35 14307
[    85.77 ] D: freq1 0.35 14307
[    85.77 ] D: freq1 0.35 14307
[    85.79 ] D: freq1 0.35 14307
[    85.79 ] D: freq1 0.35 14307
[    85.79 ] D: freq1 0.35 14307
[    85.81 ] D: freq1 0.35 14307
[    85.81 ] D: freq1 0.35 14307
[    85.81 ] D: freq1 0.35 14307
[    85.82 ] D: freq1 0.35 14307
[    85.82 ] D: freq1 0.35 14307
[    85.82 ] D: freq1 0.35 14307
[    85.84 ] D: freq1 0.35 14307
[    85.84 ] D: freq1 0.35 14307
[    85.84 ] D: freq1 0.35 14307
[    85.86 ] D: freq1 0.35 14307
[    85.86 ] D: freq1 0.35 14307
[    85.86 ] D: freq1 0.35 14307
[    85.88 ] D: freq1 0.35 14307
[    85.88 ] D: freq1 0.35 14307
[    85.88 ] D: freq1 0.35 14307
[    85.89 ] D: freq1 0.35 14307
[    85.89 ] D: freq1 0.35 14307
[    85.89 ] D: freq1 0.35 14307
[    85.91 ] D: freq1 0.35 14307
[    85.91 ] D: freq1 0.35 14307
[    85.91 ] D: freq1 0.35 14307
[    85.93 ] D: freq1 0.35 14307
[    85.93 ] D: freq1 0.35 14307
[    85.93 ] D: freq1 0.35 14307
[    85.95 ] D: freq1 0.35 14307
[    85.95 ] D: freq1 0.35 14307
[    85.95 ] D: freq1 0.35 14307
[    85.96 ] D: freq1 0.35 14307
[    85.96 ] D: freq1 0.35 14307
[    85.96 ] D: freq1 0.35 14307
[    85.98 ] D: freq1 0.35 14307
[    85.98 ] D: freq1 0.35 14307
[    85.98 ] D: freq1 0.35 14307
[    86.00 ] D: freq1 0.35 14307
[    86.00 ] D: freq1 0.35 14307
[    86.00 ] D: freq1 0.35 14307
[    86.01 ] D: freq1 0.35 14307
[    86.01 ] D: freq1 0.35 14307
[    86.01 ] D: freq1 0.35 14307
[    86.03 ] D: freq1 0.35 14307
[    86.03 ] D: freq1 0.35 14307
[    86.03 ] D: freq1 0.35 14307
[    86.05 ] D: freq1 0.35 14307
[    86.05 ] D: freq1 0.35 14307
[    86.05 ] D: freq1 0.35 14307
[    86.07 ] D: freq1 0.35 14307
[    86.07 ] D: freq1 0.35 14307
[    86.07 ] D: freq1 0.35 14307
[    86.08 ] D: freq1 0.35 14307
[    86.08 ] D: freq1 0.35 14307
[    86.08 ] D: freq1 0.35 14307
[    86.10 ] D: freq1 0.35 14307
[    86.10 ] D: freq1 0.35 14307
[    86.10 ] D: freq1 0.35 14307
[    86.12 ] D: freq1 0.35 14307
[    86.12 ] D: freq1 0.35 14307
[    86.12 ] D: freq1 0.35 14307
[    86.14 ] D: freq1 0.35 14307
[    86.14 ] D: freq1 0.35 14307
[    86.14 ] D: freq1 0.35 14307
[    86.15 ] D: freq1 0.35 14307
[    86.15 ] D: freq1 0.35 14307
[    86.15 ] D: freq1 0.35 14307
[    86.17 ] D: freq1 0.35 14307
[    86.17 ] D: freq1 0.35 14307
[    86.17 ] D: freq1 0.35 14307
[    86.19 ] D: freq1 0.35 14307
[    86.19 ] D: freq1 0.35 14307
[    86.19 ] D: freq1 0.35 14307
[    86.21 ] D: freq1 0.35 14307
[    86.21 ] D: freq1 0.35 14307
[    86.21 ] D: freq1 0.35 14307
[    86.22 ] D: freq1 0.35 14307
[    86.22 ] D: freq1 0.35 14307
[    86.22 ] D: freq1 0.35 14307
[    86.24 ] D: freq1 0.35 14307
[    86.24 ] D: freq1 0.35 14307
[    86.24 ] D: freq1 0.35 14307
[    86.26 ] D: freq1 0.35 14307
[    86.26 ] D: freq1 0.35 14307
[    86.26 ] D: freq1 0.35 14307
[    86.28 ] D: freq1 0.35 14307
[    86.28 ] D: freq1 0.35 14307
[    86.28 ] D: freq1 0.35 14307
[    86.29 ] D: freq1 0.35 14307
[    86.29 ] D: freq1 0.35 14307
[    86.29 ] D: freq1 0.35 14307
[    86.31 ] D: freq1 0.35 14307
[    86.31 ] D: freq1 0.35 14307
[    86.31 ] D: freq1 0.35 14307
[    86.33 ] D: freq1 0.35 14307
[    86.33 ] D: freq1 0.35 14307
[    86.33 ] D: freq1 0.35 14307
[    86.35 ] D: freq1 0.35 14307
[    86.35 ] D: freq1 0.35 14307
[    86.35 ] D: freq1 0.35 14307
[    86.36 ] D: freq1 0.35 14307
[    86.36 ] D: freq1 0.35 14307
[    86.36 ] D: freq1 0.35 14307
[    86.38 ] D: freq1 0.35 14307
[    86.38 ] D: freq1 0.35 14307
[    86.38 ] D: freq1 0.35 14307
[    86.40 ] D: freq1 0.35 14307
[    86.40 ] D: freq1 0.35 14307
[    86.40 ] D: freq1 0.35 14307
[    86.42 ] D: freq1 0.35 14307
[    86.42 ] D: freq1 0.35 14307
[    86.42 ] D: AsyncFileReader 1 11
[    86.42 ] D: freq1 0.35 14307
[    86.43 ] D: freq1 0.35 14307
[    86.43 ] D: freq1 0.35 14307
[    86.43 ] D: freq1 0.35 14307
[    86.45 ] D: freq1 0.35 14307
[    86.45 ] D: freq1 0.35 14307
[    86.45 ] D: freq1 0.35 14307
[    86.47 ] D: freq1 0.35 14307
[    86.47 ] D: freq1 0.35 14307
[    86.47 ] D: freq1 0.35 14307
[    86.48 ] D: freq1 0.35 14307
[    86.48 ] D: freq1 0.35 14307
[    86.48 ] D: freq1 0.35 14307
[    86.50 ] D: freq1 0.35 14307
[    86.50 ] D: freq1 0.35 14307
[    86.50 ] D: freq1 0.35 14307
[    86.52 ] D: freq1 0.35 14307
[    86.52 ] D: freq1 0.35 14307
[    86.52 ] D: freq1 0.35 14307
[    86.54 ] D: freq1 0.35 14307
[    86.54 ] D: freq1 0.35 14307
[    86.54 ] D: freq1 0.35 14307
[    86.55 ] D: freq1 0.35 14307
[    86.55 ] D: freq1 0.35 14307
[    86.55 ] D: freq1 0.35 14307
[    86.57 ] D: freq1 0.35 14307
[    86.57 ] D: freq1 0.35 14307
[    86.57 ] D: freq1 0.35 14307
[    86.59 ] D: freq1 0.35 14307
[    86.59 ] D: freq1 0.35 14307
[    86.59 ] D: freq1 0.35 14307
[    86.61 ] D: freq1 0.35 14307
[    86.61 ] D: freq1 0.35 14307
[    86.61 ] D: freq1 0.35 14307
[    86.62 ] D: freq1 0.35 14307
[    86.62 ] D: freq1 0.35 14307
[    86.62 ] D: freq1 0.35 14307
[    86.64 ] D: freq1 0.35 14307
[    86.64 ] D: freq1 0.35 14307
[    86.64 ] D: freq1 0.35 14307
[    86.66 ] D: freq1 0.35 14307
[    86.66 ] D: freq1 0.35 14307
[    86.66 ] D: freq1 0.35 14307
[    86.68 ] D: freq1 0.35 14307
[    86.68 ] D: freq1 0.35 14307
[    86.68 ] D: freq1 0.35 14307
[    86.69 ] D: findTrackIndexByPoint 0 QRect(0,0 1707x111) false QPointF(128,177)
[    86.69 ] D: findTrackIndexByPoint 1 QRect(0,111 1707x111) true QPointF(128,177)
[    86.69 ] D: freq1 0.35 14307
[    86.69 ] D: freq1 0.35 14307
[    86.69 ] D: freq1 0.35 14307
[    86.71 ] D: freq1 0.35 14307
[    86.71 ] D: freq1 0.35 14307
[    86.71 ] D: freq1 0.35 14307
[    86.73 ] D: freq1 0.35 14307
[    86.73 ] D: freq1 0.35 14307
[    86.73 ] D: freq1 0.35 14307
[    86.75 ] D: freq1 0.35 14307
[    86.75 ] D: freq1 0.35 14307
[    86.75 ] D: freq1 0.35 14307
[    86.76 ] D: freq1 0.35 14307
[    86.76 ] D: freq1 0.35 14307
[    86.76 ] D: freq1 0.35 14307
[    86.78 ] D: freq1 0.35 14307
[    86.78 ] D: freq1 0.35 14307
[    86.78 ] D: freq1 0.35 14307
[    86.80 ] D: freq1 0.35 14307
[    86.80 ] D: freq1 0.35 14307
[    86.80 ] D: freq1 0.35 14307
[    86.82 ] D: freq1 0.35 14307
[    86.82 ] D: freq1 0.35 14307
[    86.82 ] D: freq1 0.35 14307
[    86.83 ] D: freq1 0.35 14307
[    86.83 ] D: freq1 0.35 14307
[    86.83 ] D: freq1 0.35 14307
[    86.85 ] D: freq1 0.35 14307
[    86.85 ] D: freq1 0.35 14307
[    86.85 ] D: freq1 0.35 14307
[    86.87 ] D: freq1 0.35 14307
[    86.87 ] D: freq1 0.35 14307
[    86.87 ] D: freq1 0.35 14307
[    86.89 ] D: freq1 0.35 14307
[    86.89 ] D: freq1 0.35 14307
[    86.89 ] D: freq1 0.35 14307
[    86.90 ] D: freq1 0.35 14307
[    86.90 ] D: freq1 0.35 14307
[    86.90 ] D: freq1 0.35 14307
[    86.92 ] D: freq1 0.35 14307
[    86.92 ] D: freq1 0.35 14307
[    86.92 ] D: freq1 0.35 14307
[    86.94 ] D: freq1 0.35 14307
[    86.94 ] D: freq1 0.35 14307
[    86.94 ] D: freq1 0.35 14307
[    86.96 ] D: freq1 0.35 14307
[    86.96 ] D: freq1 0.35 14307
[    86.96 ] D: freq1 0.35 14307
[    86.97 ] D: freq1 0.35 14307
[    86.97 ] D: freq1 0.35 14307
[    86.97 ] D: freq1 0.35 14307
[    86.99 ] D: freq1 0.35 14307
[    86.99 ] D: freq1 0.35 14307
[    86.99 ] D: freq1 0.35 14307
[    87.01 ] D: freq1 0.35 14307
[    87.01 ] D: freq1 0.35 14307
[    87.01 ] D: freq1 0.35 14307
[    87.02 ] D: freq1 0.35 14307
[    87.02 ] D: freq1 0.35 14307
[    87.02 ] D: freq1 0.35 14307
[    87.04 ] D: freq1 0.35 14307
[    87.04 ] D: freq1 0.35 14307
[    87.04 ] D: freq1 0.35 14307
[    87.06 ] D: freq1 0.35 14307
[    87.06 ] D: freq1 0.35 14307
[    87.06 ] D: freq1 0.35 14307
[    87.08 ] D: freq1 0.35 14307
[    87.08 ] D: freq1 0.35 14307
[    87.08 ] D: freq1 0.35 14307
[    87.09 ] D: freq1 0.35 14307
[    87.09 ] D: freq1 0.35 14307
[    87.09 ] D: freq1 0.35 14307
[    87.11 ] D: freq1 0.35 14307
[    87.11 ] D: freq1 0.35 14307
[    87.11 ] D: freq1 0.35 14307
[    87.13 ] D: freq1 0.35 14307
[    87.13 ] D: freq1 0.35 14307
[    87.13 ] D: freq1 0.35 14307
[    87.15 ] D: freq1 0.35 14307
[    87.15 ] D: freq1 0.35 14307
[    87.15 ] D: freq1 0.35 14307
[    87.16 ] D: freq1 0.35 14307
[    87.16 ] D: freq1 0.35 14307
[    87.16 ] D: freq1 0.35 14307
[    87.18 ] D: freq1 0.35 14307
[    87.18 ] D: freq1 0.35 14307
[    87.18 ] D: freq1 0.35 14307
[    87.20 ] D: freq1 0.35 14307
[    87.20 ] D: freq1 0.35 14307
[    87.20 ] D: freq1 0.35 14307
[    87.22 ] D: freq1 0.35 14307
[    87.22 ] D: freq1 0.35 14307
[    87.22 ] D: freq1 0.35 14307
[    87.23 ] D: freq1 0.35 14307
[    87.23 ] D: freq1 0.35 14307
[    87.23 ] D: freq1 0.35 14307
[    87.25 ] D: freq1 0.35 14307
[    87.25 ] D: freq1 0.35 14307
[    87.25 ] D: freq1 0.35 14307
[    87.27 ] D: freq1 0.35 14307
[    87.27 ] D: freq1 0.35 14307
[    87.27 ] D: freq1 0.35 14307
[    87.29 ] D: freq1 0.35 14307
[    87.29 ] D: freq1 0.35 14307
[    87.29 ] D: freq1 0.35 14307
[    87.30 ] D: freq1 0.35 14307
[    87.30 ] D: freq1 0.35 14307
[    87.30 ] D: freq1 0.35 14307
[    87.32 ] D: freq1 0.35 14307
[    87.32 ] D: freq1 0.35 14307
[    87.32 ] D: freq1 0.35 14307
[    87.34 ] D: freq1 0.35 14307
[    87.34 ] D: freq1 0.35 14307
[    87.34 ] D: freq1 0.35 14307
[    87.36 ] D: freq1 0.35 14307
[    87.36 ] D: freq1 0.35 14307
[    87.36 ] D: freq1 0.35 14307
[    87.37 ] D: freq1 0.35 14307
[    87.37 ] D: freq1 0.35 14307
[    87.37 ] D: freq1 0.35 14307
[    87.39 ] D: freq1 0.35 14307
[    87.39 ] D: freq1 0.35 14307
[    87.39 ] D: freq1 0.35 14307
[    87.41 ] D: freq1 0.35 14307
[    87.41 ] D: freq1 0.35 14307
[    87.41 ] D: freq1 0.35 14307
[    87.43 ] D: freq1 0.35 14307
[    87.43 ] D: freq1 0.35 14307
[    87.43 ] D: freq1 0.35 14307
[    87.44 ] D: freq1 0.35 14307
[    87.44 ] D: freq1 0.35 14307
[    87.44 ] D: freq1 0.35 14307
[    87.46 ] D: freq1 0.35 14307
[    87.46 ] D: freq1 0.35 14307
[    87.46 ] D: freq1 0.35 14307
[    87.47 ] D: findTrackIndexByPoint 0 QRect(0,0 1707x111) false QPointF(155,168)
[    87.47 ] D: findTrackIndexByPoint 1 QRect(0,111 1707x111) true QPointF(155,168)
[    87.48 ] D: freq1 0.35 14307
[    87.48 ] D: freq1 0.35 14307
[    87.48 ] D: freq1 0.35 14307
[    87.50 ] D: freq1 0.35 14307
[    87.50 ] D: freq1 0.35 14307
[    87.50 ] D: freq1 0.35 14307
[    87.51 ] D: freq1 0.35 14307
[    87.51 ] D: freq1 0.35 14307
[    87.51 ] D: freq1 0.35 14307
[    87.53 ] D: freq1 0.35 14307
[    87.53 ] D: freq1 0.35 14307
[    87.53 ] D: freq1 0.35 14307
[    87.55 ] D: freq1 0.35 14307
[    87.55 ] D: freq1 0.35 14307
[    87.55 ] D: freq1 0.35 14307
[    87.56 ] D: freq1 0.35 14307
[    87.56 ] D: freq1 0.35 14307
[    87.56 ] D: freq1 0.35 14307
[    87.58 ] D: freq1 0.35 14307
[    87.58 ] D: freq1 0.35 14307
[    87.58 ] D: freq1 0.35 14307
[    87.60 ] D: freq1 0.35 14307
[    87.60 ] D: freq1 0.35 14307
[    87.60 ] D: freq1 0.35 14307
[    87.62 ] D: freq1 0.35 14307
[    87.62 ] D: freq1 0.35 14307
[    87.62 ] D: freq1 0.35 14307
[    87.63 ] D: freq1 0.35 14307
[    87.63 ] D: freq1 0.35 14307
[    87.63 ] D: freq1 0.35 14307
[    87.65 ] D: freq1 0.35 14307
[    87.65 ] D: freq1 0.35 14307
[    87.65 ] D: freq1 0.35 14307
[    87.67 ] D: freq1 0.35 14307
[    87.67 ] D: freq1 0.35 14307
[    87.67 ] D: freq1 0.35 14307
[    87.69 ] D: freq1 0.35 14307
[    87.69 ] D: freq1 0.35 14307
[    87.69 ] D: freq1 0.35 14307
[    87.70 ] D: freq1 0.35 14307
[    87.70 ] D: freq1 0.35 14307
[    87.70 ] D: freq1 0.35 14307
[    87.72 ] D: freq1 0.35 14307
[    87.72 ] D: freq1 0.35 14307
[    87.72 ] D: freq1 0.35 14307
[    87.74 ] D: freq1 0.35 14307
[    87.74 ] D: freq1 0.35 14307
[    87.74 ] D: freq1 0.35 14307
[    87.76 ] D: freq1 0.35 14307
[    87.76 ] D: freq1 0.35 14307
[    87.76 ] D: freq1 0.35 14307
[    87.77 ] D: freq1 0.35 14307
[    87.77 ] D: freq1 0.35 14307
[    87.77 ] D: freq1 0.35 14307
[    87.79 ] D: freq1 0.35 14307
[    87.79 ] D: freq1 0.35 14307
[    87.79 ] D: freq1 0.35 14307
[    87.81 ] D: freq1 0.35 14307
[    87.81 ] D: freq1 0.35 14307
[    87.81 ] D: freq1 0.35 14307
[    87.83 ] D: freq1 0.35 14307
[    87.83 ] D: freq1 0.35 14307
[    87.83 ] D: freq1 0.35 14307
[    87.84 ] D: freq1 0.35 14307
[    87.84 ] D: freq1 0.35 14307
[    87.84 ] D: freq1 0.35 14307
[    87.86 ] D: freq1 0.35 14307
[    87.86 ] D: freq1 0.35 14307
[    87.86 ] D: freq1 0.35 14307
[    87.88 ] D: freq1 0.35 14307
[    87.88 ] D: freq1 0.35 14307
[    87.88 ] D: freq1 0.35 14307
[    87.90 ] D: freq1 0.35 14307
[    87.90 ] D: freq1 0.35 14307
[    87.90 ] D: freq1 0.35 14307
[    87.91 ] D: AsyncFileReader 2 11
[    87.91 ] D: freq1 0.35 14307
[    87.91 ] D: freq1 0.35 14307
[    87.91 ] D: freq1 0.35 14307
[    87.93 ] D: freq1 0.35 14307
[    87.93 ] D: freq1 0.35 14307
[    87.93 ] D: freq1 0.35 14307
[    87.95 ] D: freq1 0.35 14307
[    87.95 ] D: freq1 0.35 14307
[    87.95 ] D: freq1 0.35 14307
[    87.97 ] D: freq1 0.35 14307
[    87.97 ] D: freq1 0.35 14307
[    87.97 ] D: freq1 0.35 14307
[    87.98 ] D: freq1 0.35 14307
[    87.98 ] D: freq1 0.35 14307
[    87.98 ] D: freq1 0.35 14307
[    88.00 ] D: freq1 0.35 14307
[    88.00 ] D: freq1 0.35 14307
[    88.00 ] D: freq1 0.35 14307
[    88.02 ] D: freq1 0.35 14307
[    88.02 ] D: freq1 0.35 14307
[    88.02 ] D: freq1 0.35 14307
[    88.03 ] D: freq1 0.35 14307
[    88.03 ] D: freq1 0.35 14307
[    88.03 ] D: freq1 0.35 14307
[    88.05 ] D: freq1 0.35 14307
[    88.05 ] D: freq1 0.35 14307
[    88.05 ] D: freq1 0.35 14307
[    88.07 ] D: freq1 0.35 14307
[    88.07 ] D: freq1 0.35 14307
[    88.07 ] D: freq1 0.35 14307
[    88.08 ] D: findTrackIndexByPoint 0 QRect(0,0 1707x111) false QPointF(161,164)
[    88.08 ] D: findTrackIndexByPoint 1 QRect(0,111 1707x111) true QPointF(161,164)
[    88.09 ] D: freq1 0.35 14307
[    88.09 ] D: freq1 0.35 14307
[    88.09 ] D: freq1 0.35 14307
[    88.10 ] D: freq1 0.35 14307
[    88.10 ] D: freq1 0.35 14307
[    88.10 ] D: freq1 0.35 14307
[    88.12 ] D: freq1 0.35 14307
[    88.12 ] D: freq1 0.35 14307
[    88.12 ] D: freq1 0.35 14307
[    88.14 ] D: freq1 0.35 14307
[    88.14 ] D: freq1 0.35 14307
[    88.14 ] D: freq1 0.35 14307
[    88.16 ] D: freq1 0.35 14307
[    88.16 ] D: freq1 0.35 14307
[    88.16 ] D: freq1 0.35 14307
[    88.17 ] D: freq1 0.35 14307
[    88.17 ] D: freq1 0.35 14307
[    88.17 ] D: freq1 0.35 14307
[    88.19 ] D: freq1 0.35 14307
[    88.19 ] D: freq1 0.35 14307
[    88.19 ] D: freq1 0.35 14307
[    88.21 ] D: freq1 0.35 14307
[    88.21 ] D: freq1 0.35 14307
[    88.21 ] D: freq1 0.35 14307
[    88.23 ] D: freq1 0.35 14307
[    88.23 ] D: freq1 0.35 14307
[    88.23 ] D: freq1 0.35 14307
[    88.24 ] D: freq1 0.35 14307
[    88.24 ] D: freq1 0.35 14307
[    88.24 ] D: freq1 0.35 14307
[    88.26 ] D: freq1 0.35 14307
[    88.26 ] D: freq1 0.35 14307
[    88.26 ] D: freq1 0.35 14307
[    88.28 ] D: freq1 0.35 14307
[    88.28 ] D: freq1 0.35 14307
[    88.28 ] D: freq1 0.35 14307
[    88.30 ] D: freq1 0.35 14307
[    88.30 ] D: freq1 0.35 14307
[    88.30 ] D: freq1 0.35 14307
[    88.31 ] D: freq1 0.35 14307
[    88.31 ] D: freq1 0.35 14307
[    88.31 ] D: freq1 0.35 14307
[    88.33 ] D: freq1 0.35 14307
[    88.33 ] D: freq1 0.35 14307
[    88.33 ] D: freq1 0.35 14307
[    88.35 ] D: freq1 0.35 14307
[    88.35 ] D: freq1 0.35 14307
[    88.35 ] D: freq1 0.35 14307
[    88.37 ] D: freq1 0.35 14307
[    88.37 ] D: freq1 0.35 14307
[    88.37 ] D: freq1 0.35 14307
[    88.38 ] D: freq1 0.35 14307
[    88.38 ] D: freq1 0.35 14307
[    88.38 ] D: freq1 0.35 14307
[    88.40 ] D: freq1 0.35 14307
[    88.40 ] D: freq1 0.35 14307
[    88.40 ] D: freq1 0.35 14307
[    88.42 ] D: freq1 0.35 14307
[    88.42 ] D: freq1 0.35 14307
[    88.42 ] D: freq1 0.35 14307
[    88.44 ] D: freq1 0.35 14307
[    88.44 ] D: freq1 0.35 14307
[    88.44 ] D: freq1 0.35 14307
[    88.45 ] D: freq1 0.35 14307
[    88.45 ] D: freq1 0.35 14307
[    88.45 ] D: freq1 0.35 14307
[    88.47 ] D: freq1 0.35 14307
[    88.47 ] D: freq1 0.35 14307
[    88.47 ] D: freq1 0.35 14307
[    88.49 ] D: freq1 0.35 14307
[    88.49 ] D: freq1 0.35 14307
[    88.49 ] D: freq1 0.35 14307
[    88.51 ] D: freq1 0.35 14307
[    88.51 ] D: freq1 0.35 14307
[    88.51 ] D: freq1 0.35 14307
[    88.52 ] D: freq1 0.35 14307
[    88.52 ] D: freq1 0.35 14307
[    88.52 ] D: freq1 0.35 14307
[    88.54 ] D: freq1 0.35 14307
[    88.54 ] D: freq1 0.35 14307
[    88.54 ] D: freq1 0.35 14307
[    88.56 ] D: freq1 0.35 14307
[    88.56 ] D: freq1 0.35 14307
[    88.56 ] D: freq1 0.35 14307
[    88.57 ] D: freq1 0.35 14307
[    88.57 ] D: freq1 0.35 14307
[    88.57 ] D: freq1 0.35 14307
[    88.59 ] D: freq1 0.35 14307
[    88.59 ] D: freq1 0.35 14307
[    88.59 ] D: freq1 0.35 14307
[    88.61 ] D: freq1 0.35 14307
[    88.61 ] D: freq1 0.35 14307
[    88.61 ] D: freq1 0.35 14307
[    88.63 ] D: freq1 0.35 14307
[    88.63 ] D: freq1 0.35 14307
[    88.63 ] D: freq1 0.35 14307
[    88.64 ] D: freq1 0.35 14307
[    88.64 ] D: freq1 0.35 14307
[    88.64 ] D: freq1 0.35 14307
[    88.66 ] D: freq1 0.35 14307
[    88.66 ] D: freq1 0.35 14307
[    88.66 ] D: freq1 0.35 14307
[    88.68 ] D: freq1 0.35 14307
[    88.68 ] D: freq1 0.35 14307
[    88.68 ] D: freq1 0.35 14307
[    88.70 ] D: freq1 0.35 14307
[    88.70 ] D: freq1 0.35 14307
[    88.70 ] D: freq1 0.35 14307
[    88.71 ] D: freq1 0.35 14307
[    88.71 ] D: freq1 0.35 14307
[    88.71 ] D: freq1 0.35 14307
[    88.73 ] D: freq1 0.35 14307
[    88.73 ] D: freq1 0.35 14307
[    88.73 ] D: freq1 0.35 14307
[    88.75 ] D: freq1 0.35 14307
[    88.75 ] D: freq1 0.35 14307
[    88.75 ] D: freq1 0.35 14307
[    88.77 ] D: freq1 0.35 14307
[    88.77 ] D: freq1 0.35 14307
[    88.77 ] D: freq1 0.35 14307
[    88.78 ] D: freq1 0.35 14307
[    88.78 ] D: freq1 0.35 14307
[    88.78 ] D: freq1 0.35 14307
[    88.80 ] D: freq1 0.35 14307
[    88.80 ] D: freq1 0.35 14307
[    88.80 ] D: freq1 0.35 14307
[    88.82 ] D: freq1 0.35 14307
[    88.82 ] D: freq1 0.35 14307
[    88.82 ] D: freq1 0.35 14307
[    88.84 ] D: freq1 0.35 14307
[    88.84 ] D: freq1 0.35 14307
[    88.84 ] D: freq1 0.35 14307
[    88.85 ] D: freq1 0.35 14307
[    88.85 ] D: freq1 0.35 14307
[    88.85 ] D: freq1 0.35 14307
[    88.87 ] D: freq1 0.35 14307
[    88.87 ] D: freq1 0.35 14307
[    88.87 ] D: freq1 0.35 14307
[    88.89 ] D: freq1 0.35 14307
[    88.89 ] D: freq1 0.35 14307
[    88.89 ] D: freq1 0.35 14307
[    88.91 ] D: freq1 0.35 14307
[    88.91 ] D: freq1 0.35 14307
[    88.91 ] D: freq1 0.35 14307
[    88.92 ] D: freq1 0.35 14307
[    88.92 ] D: freq1 0.35 14307
[    88.92 ] D: freq1 0.35 14307
[    88.94 ] D: freq1 0.35 14307
[    88.94 ] D: freq1 0.35 14307
[    88.94 ] D: freq1 0.35 14307
[    88.96 ] D: freq1 0.35 14307
[    88.96 ] D: freq1 0.35 14307
[    88.96 ] D: freq1 0.35 14307
[    88.98 ] D: freq1 0.35 14307
[    88.98 ] D: freq1 0.35 14307
[    88.98 ] D: freq1 0.35 14307
[    88.99 ] D: freq1 0.35 14307
[    88.99 ] D: freq1 0.35 14307
[    88.99 ] D: freq1 0.35 14307
[    89.01 ] D: freq1 0.35 14307
[    89.01 ] D: freq1 0.35 14307
[    89.01 ] D: freq1 0.35 14307
[    89.03 ] D: freq1 0.35 14307
[    89.03 ] D: freq1 0.35 14307
[    89.03 ] D: freq1 0.35 14307
[    89.04 ] D: freq1 0.35 14307
[    89.04 ] D: freq1 0.35 14307
[    89.04 ] D: freq1 0.35 14307
[    89.06 ] D: freq1 0.35 14307
[    89.06 ] D: freq1 0.35 14307
[    89.06 ] D: freq1 0.35 14307
[    89.08 ] D: freq1 0.35 14307
[    89.08 ] D: freq1 0.35 14307
[    89.08 ] D: freq1 0.35 14307
[    89.10 ] D: freq1 0.35 14307
[    89.10 ] D: freq1 0.35 14307
[    89.10 ] D: freq1 0.35 14307
[    89.11 ] D: freq1 0.35 14307
[    89.11 ] D: freq1 0.35 14307
[    89.11 ] D: freq1 0.35 14307
[    89.13 ] D: freq1 0.35 14307
[    89.13 ] D: freq1 0.35 14307
[    89.13 ] D: freq1 0.35 14307
[    89.15 ] D: freq1 0.35 14307
[    89.15 ] D: freq1 0.35 14307
[    89.15 ] D: freq1 0.35 14307
[    89.17 ] D: freq1 0.35 14307
[    89.17 ] D: freq1 0.35 14307
[    89.17 ] D: freq1 0.35 14307
[    89.18 ] D: freq1 0.35 14307
[    89.18 ] D: freq1 0.35 14307
[    89.18 ] D: freq1 0.35 14307
[    89.20 ] D: freq1 0.35 14307
[    89.20 ] D: freq1 0.35 14307
[    89.20 ] D: freq1 0.35 14307
[    89.22 ] D: freq1 0.35 14307
[    89.22 ] D: freq1 0.35 14307
[    89.22 ] D: freq1 0.35 14307
[    89.24 ] D: freq1 0.35 14307
[    89.24 ] D: freq1 0.35 14307
[    89.24 ] D: freq1 0.35 14307
[    89.25 ] D: freq1 0.35 14307
[    89.25 ] D: freq1 0.35 14307
[    89.25 ] D: freq1 0.35 14307
[    89.27 ] D: freq1 0.35 14307
[    89.27 ] D: freq1 0.35 14307
[    89.27 ] D: freq1 0.35 14307
[    89.29 ] D: freq1 0.35 14307
[    89.29 ] D: freq1 0.35 14307
[    89.29 ] D: freq1 0.35 14307
[    89.31 ] D: freq1 0.35 14307
[    89.31 ] D: freq1 0.35 14307
[    89.31 ] D: freq1 0.35 14307
[    89.32 ] D: freq1 0.35 14307
[    89.32 ] D: freq1 0.35 14307
[    89.32 ] D: freq1 0.35 14307
[    89.34 ] D: freq1 0.35 14307
[    89.34 ] D: freq1 0.35 14307
[    89.34 ] D: freq1 0.35 14307
[    89.36 ] D: freq1 0.35 14307
[    89.36 ] D: freq1 0.35 14307
[    89.36 ] D: freq1 0.35 14307
[    89.38 ] D: freq1 0.35 14307
[    89.38 ] D: freq1 0.35 14307
[    89.38 ] D: freq1 0.35 14307
[    89.39 ] D: freq1 0.35 14307
[    89.39 ] D: AsyncFileReader 3 11
[    89.39 ] D: freq1 0.35 14307
[    89.39 ] D: freq1 0.35 14307
[    89.41 ] D: freq1 0.35 14307
[    89.41 ] D: freq1 0.35 14307
[    89.41 ] D: freq1 0.35 14307
[    89.43 ] D: freq1 0.35 14307
[    89.43 ] D: freq1 0.35 14307
[    89.43 ] D: freq1 0.35 14307
[    89.45 ] D: freq1 0.35 14307
[    89.45 ] D: findTrackIndexByPoint 0 QRect(0,0 1707x111) false QPointF(359,167)
[    89.45 ] D: freq1 0.35 14307
[    89.45 ] D: findTrackIndexByPoint 1 QRect(0,111 1707x111) true QPointF(359,167)
[    89.45 ] D: freq1 0.35 14307
[    89.46 ] D: freq1 0.35 14307
[    89.46 ] D: freq1 0.35 14307
[    89.46 ] D: freq1 0.35 14307
[    89.47 ] D: _automationChanging true
[    89.47 ] D: createSelectedPoints 1 -1
[    89.47 ] D: mouseMove2
[    89.48 ] D: freq1 0.35 14307
[    89.48 ] D: freq1 0.35 14307
[    89.48 ] D: freq1 0.35 14307
[    89.50 ] D: freq1 0.35 14307
[    89.50 ] D: _automationChanging true
[    89.50 ] D: mouseMove2
[    89.50 ] D: freq1 0.35 14307
[    89.50 ] D: freq1 0.35 14307
[    89.52 ] D: _automationChanging true
[    89.52 ] D: mouseMove2
[    89.52 ] D: freq1 0.35 14307
[    89.52 ] D: freq1 0.35 14307
[    89.52 ] D: freq1 0.35 14307
[    89.53 ] D: freq1 0.35 14307
[    89.53 ] D: freq1 0.35 14307
[    89.53 ] D: freq1 0.35 14307
[    89.54 ] D: _automationChanging true
[    89.54 ] D: mouseMove2
[    89.55 ] D: _automationChanging true
[    89.55 ] D: freq1 0.35 14307
[    89.55 ] D: freq1 0.35 14307
[    89.55 ] D: freq1 0.35 14307
[    89.55 ] D: mouseMove2
[    89.57 ] D: _automationChanging true
[    89.57 ] D: _currentMouseY 357 172 359 167 QSizeF(-2, 5)
[    89.57 ] D: mouseMove2
[    89.57 ] D: _pointActive1 true false false
[    89.57 ] D: _pointActive2 false 1
[    89.57 ] D: createSelectedPoints 1 -1
[    89.57 ] D: freq1 0.35 14307
[    89.57 ] D: freq1 0.425 12658.5
[    89.57 ] D: freq1 0.425 12658.5
[    89.58 ] D: freq1 0.425 12658.5
[    89.58 ] D: freq1 0.425 12658.5
[    89.58 ] D: freq1 0.425 12658.5
[    89.59 ] D: _pointActive2 false 1
[    89.59 ] D: createSelectedPoints 1 -1
[    89.60 ] D: freq1 0.425 12658.5
[    89.60 ] D: freq1 0.425 12658.5
[    89.60 ] D: _automationChanging true
[    89.60 ] D: _currentMouseY 357 172 359 167 QSizeF(0, 0)
[    89.60 ] D: freq1 0.425 12658.5
[    89.60 ] D: mouseMove2
[    89.60 ] D: _automationChanging true
[    89.61 ] D: _pointActive2 false 1
[    89.61 ] D: createSelectedPoints 1 -1
[    89.61 ] D: _currentMouseY 357 173 359 167 QSizeF(0, 1)
[    89.61 ] D: mouseMove2
[    89.62 ] D: freq1 0.425 12658.5
[    89.62 ] D: freq1 0.425 12658.5
[    89.62 ] D: freq1 0.425 12658.5
[    89.64 ] D: _automationChanging true
[    89.64 ] D: _pointActive2 false 1
[    89.64 ] D: createSelectedPoints 1 -1
[    89.64 ] D: _currentMouseY 356 174 359 167 QSizeF(-1, 1)
[    89.64 ] D: mouseMove2
[    89.64 ] D: _automationChanging true
[    89.64 ] D: _currentMouseY 356 175 359 167 QSizeF(0, 1)
[    89.64 ] D: mouseMove2
[    89.64 ] D: freq1 0.4375 12383.8
[    89.64 ] D: freq1 0.4375 12383.8
[    89.64 ] D: freq1 0.4375 12383.8
[    89.65 ] D: freq1 0.4375 12383.8
[    89.65 ] D: freq1 0.4375 12383.8
[    89.65 ] D: freq1 0.4375 12383.8
[    89.66 ] D: _automationChanging true
[    89.66 ] D: _pointActive2 false 1
[    89.66 ] D: createSelectedPoints 1 -1
[    89.66 ] D: _currentMouseY 356 177 359 167 QSizeF(0, 2)
[    89.66 ] D: mouseMove2
[    89.66 ] D: _automationChanging true
[    89.66 ] D: _currentMouseY 356 178 359 167 QSizeF(0, 1)
[    89.66 ] D: mouseMove2
[    89.67 ] D: freq1 0.4625 11834.2
[    89.67 ] D: _pointActive2 false 1
[    89.67 ] D: createSelectedPoints 1 -1
[    89.67 ] D: freq1 0.5 11010
[    89.67 ] D: freq1 0.5 11010
[    89.69 ] D: _automationChanging true
[    89.69 ] D: _currentMouseY 355 179 359 167 QSizeF(-1, 1)
[    89.69 ] D: mouseMove2
[    89.69 ] D: _pointActive2 false 1
[    89.69 ] D: createSelectedPoints 1 -1
[    89.69 ] D: freq1 0.5125 10735.3
[    89.69 ] D: freq1 0.5125 10735.3
[    89.69 ] D: freq1 0.5125 10735.3
[    89.70 ] D: _automationChanging true
[    89.70 ] D: _pointActive2 false 1
[    89.70 ] D: createSelectedPoints 1 -1
[    89.70 ] D: _currentMouseY 354 181 359 167 QSizeF(-1, 2)
[    89.71 ] D: mouseMove2
[    89.71 ] D: freq1 0.5125 10735.3
[    89.71 ] D: freq1 0.5125 10735.3
[    89.71 ] D: freq1 0.5125 10735.3
[    89.72 ] D: _automationChanging true
[    89.72 ] D: _currentMouseY 354 182 359 167 QSizeF(0, 1)
[    89.72 ] D: mouseMove2
[    89.72 ] D: freq1 0.5125 10735.3
[    89.72 ] D: _pointActive2 false 1
[    89.72 ] D: createSelectedPoints 1 -1
[    89.72 ] D: freq1 0.55 9911
[    89.72 ] D: freq1 0.55 9911
[    89.74 ] D: _pointActive2 false 1
[    89.74 ] D: createSelectedPoints 1 -1
[    89.74 ] D: freq1 0.55 9911
[    89.74 ] D: freq1 0.55 9911
[    89.74 ] D: freq1 0.55 9911
[    89.75 ] D: _automationChanging true
[    89.75 ] D: _currentMouseY 353 183 359 167 QSizeF(-1, 1)
[    89.75 ] D: mouseMove2
[    89.75 ] D: _pointActive2 false 1
[    89.75 ] D: createSelectedPoints 1 -1
[    89.76 ] D: freq1 0.5625 9636.25
[    89.76 ] D: freq1 0.5625 9636.25
[    89.76 ] D: freq1 0.5625 9636.25
[    89.77 ] D: _automationChanging true
[    89.77 ] D: _pointActive2 false 1
[    89.77 ] D: createSelectedPoints 1 -1
[    89.77 ] D: _currentMouseY 352 185 359 167 QSizeF(-1, 2)
[    89.77 ] D: mouseMove2
[    89.78 ] D: freq1 0.5625 9636.25
[    89.78 ] D: freq1 0.5625 9636.25
[    89.78 ] D: freq1 0.5625 9636.25
[    89.79 ] D: _automationChanging true
[    89.79 ] D: _currentMouseY 352 186 359 167 QSizeF(0, 1)
[    89.79 ] D: mouseMove2
[    89.79 ] D: _pointActive2 false 1
[    89.79 ] D: createSelectedPoints 1 -1
[    89.79 ] D: freq1 0.6 8812
[    89.79 ] D: freq1 0.6 8812
[    89.79 ] D: freq1 0.6 8812
[    89.80 ] D: _pointActive2 false 1
[    89.80 ] D: createSelectedPoints 1 -1
[    89.81 ] D: freq1 0.6 8812
[    89.81 ] D: freq1 0.6 8812
[    89.81 ] D: freq1 0.6 8812
[    89.82 ] D: _pointActive2 false 1
[    89.82 ] D: createSelectedPoints 1 -1
[    89.83 ] D: freq1 0.6 8812
[    89.83 ] D: freq1 0.6 8812
[    89.83 ] D: freq1 0.6 8812
[    89.85 ] D: freq1 0.6 8812
[    89.85 ] D: _automationChanging true
[    89.85 ] D: freq1 0.6 8812
[    89.85 ] D: _currentMouseY 352 188 359 167 QSizeF(0, 2)
[    89.85 ] D: freq1 0.6 8812
[    89.85 ] D: mouseMove2
[    89.85 ] D: _automationChanging true
[    89.86 ] D: _pointActive2 false 1
[    89.86 ] D: createSelectedPoints 1 -1
[    89.86 ] D: _currentMouseY 352 191 359 167 QSizeF(0, 3)
[    89.86 ] D: mouseMove2
[    89.86 ] D: freq1 0.625 8262.5
[    89.86 ] D: freq1 0.625 8262.5
[    89.86 ] D: freq1 0.625 8262.5
[    89.88 ] D: freq1 0.625 8262.5
[    89.88 ] D: freq1 0.625 8262.5
[    89.88 ] D: freq1 0.625 8262.5
[    89.89 ] D: _automationChanging true
[    89.89 ] D: _pointActive2 false 1
[    89.89 ] D: createSelectedPoints 1 -1
[    89.89 ] D: _currentMouseY 351 192 359 167 QSizeF(-1, 1)
[    89.89 ] D: mouseMove2
[    89.90 ] D: freq1 0.6625 7438.25
[    89.90 ] D: freq1 0.6625 7438.25
[    89.90 ] D: freq1 0.6625 7438.25
[    89.90 ] D: _automationChanging true
[    89.90 ] D: _currentMouseY 350 194 359 167 QSizeF(-1, 2)
[    89.91 ] D: mouseMove2
[    89.91 ] D: _automationChanging true
[    89.91 ] D: _pointActive2 false 1
[    89.91 ] D: createSelectedPoints 1 -1
[    89.91 ] D: _currentMouseY 350 194 359 167 QSizeF(0, 0)
[    89.91 ] D: mouseMove2
[    89.92 ] D: _automationChanging true
[    89.92 ] D: freq1 0.7 6614
[    89.92 ] D: _pointActive2 false 1
[    89.92 ] D: createSelectedPoints 1 -1
[    89.92 ] D: _currentMouseY 350 195 359 167 QSizeF(0, 1)
[    89.92 ] D: freq1 0.7 6614
[    89.92 ] D: freq1 0.7 6614
[    89.92 ] D: mouseMove2
[    89.93 ] D: freq1 0.7 6614
[    89.93 ] D: freq1 0.7 6614
[    89.93 ] D: freq1 0.7 6614
[    89.95 ] D: freq1 0.7 6614
[    89.95 ] D: freq1 0.7 6614
[    89.95 ] D: freq1 0.7 6614
[    89.95 ] D: _automationChanging true
[    89.95 ] D: _currentMouseY 350 195 359 167 QSizeF(0, 0)
[    89.95 ] D: mouseMove2
[    89.96 ] D: _automationChanging true
[    89.96 ] D: _pointActive2 false 1
[    89.96 ] D: createSelectedPoints 1 -1
[    89.96 ] D: _currentMouseY 350 196 359 167 QSizeF(0, 1)
[    89.96 ] D: mouseMove2
[    89.97 ] D: _automationChanging true
[    89.97 ] D: freq1 0.7125 6339.25
[    89.97 ] D: _currentMouseY 350 198 359 167 QSizeF(0, 2)
[    89.97 ] D: freq1 0.7125 6339.25
[    89.97 ] D: freq1 0.7125 6339.25
[    89.97 ] D: mouseMove2
[    89.97 ] D: _automationChanging true
[    89.97 ] D: _pointActive2 false 1
[    89.97 ] D: createSelectedPoints 1 -1
[    89.97 ] D: _currentMouseY 350 198 359 167 QSizeF(0, 0)
[    89.97 ] D: mouseMove2
[    89.99 ] D: _automationChanging true
[    89.99 ] D: _pointActive2 false 1
[    89.99 ] D: createSelectedPoints 1 -1
[    89.99 ] D: _currentMouseY 349 198 359 167 QSizeF(-1, 0)
[    89.99 ] D: mouseMove2
[    89.99 ] D: freq1 0.75 5515
[    89.99 ] D: freq1 0.75 5515
[    89.99 ] D: freq1 0.75 5515
[    90.00 ] D: freq1 0.75 5515
[    90.00 ] D: freq1 0.75 5515
[    90.00 ] D: freq1 0.75 5515
[    90.00 ] D: _automationChanging true
[    90.00 ] D: _currentMouseY 349 198 359 167 QSizeF(0, 0)
[    90.01 ] D: mouseMove2
[    90.01 ] D: _automationChanging true
[    90.01 ] D: _pointActive2 false 1
[    90.01 ] D: createSelectedPoints 1 -1
[    90.01 ] D: _currentMouseY 349 199 359 167 QSizeF(0, 1)
[    90.01 ] D: mouseMove2
[    90.02 ] D: _pointActive2 false 1
[    90.02 ] D: createSelectedPoints 1 -1
[    90.02 ] D: freq1 0.7625 5240.25
[    90.02 ] D: freq1 0.7625 5240.25
[    90.02 ] D: freq1 0.7625 5240.25
[    90.04 ] D: _pointActive2 false 1
[    90.04 ] D: createSelectedPoints 1 -1
[    90.04 ] D: freq1 0.7625 5240.25
[    90.04 ] D: freq1 0.7625 5240.25
[    90.04 ] D: freq1 0.7625 5240.25
[    90.05 ] D: _automationChanging true
[    90.05 ] D: _currentMouseY 348 200 359 167 QSizeF(-1, 1)
[    90.05 ] D: mouseMove2
[    90.06 ] D: freq1 0.7625 5240.25
[    90.06 ] D: freq1 0.7625 5240.25
[    90.06 ] D: freq1 0.7625 5240.25
[    90.07 ] D: _automationChanging true
[    90.07 ] D: _currentMouseY 347 202 359 167 QSizeF(-1, 2)
[    90.07 ] D: mouseMove2
[    90.07 ] D: _pointActive2 false 1
[    90.07 ] D: freq1 0.7625 5240.25
[    90.07 ] D: createSelectedPoints 1 -1
[    90.07 ] D: freq1 0.8 4416
[    90.07 ] D: freq1 0.8 4416
[    90.08 ] D: _automationChanging true
[    90.09 ] D: _pointActive2 false 1
[    90.09 ] D: createSelectedPoints 1 -1
[    90.09 ] D: _currentMouseY 347 202 359 167 QSizeF(0, 0)
[    90.09 ] D: mouseMove2
[    90.09 ] D: freq1 0.8 4416
[    90.09 ] D: freq1 0.8 4416
[    90.09 ] D: freq1 0.8 4416
[    90.10 ] D: _automationChanging true
[    90.10 ] D: _currentMouseY 347 203 359 167 QSizeF(0, 1)
[    90.11 ] D: mouseMove2
[    90.11 ] D: _pointActive2 false 1
[    90.11 ] D: createSelectedPoints 1 -1
[    90.11 ] D: freq1 0.8125 4141.25
[    90.11 ] D: freq1 0.8125 4141.25
[    90.11 ] D: freq1 0.8125 4141.25
[    90.12 ] D: _automationChanging true
[    90.12 ] D: freq1 0.8125 4141.25
[    90.12 ] D: _pointActive2 false 1
[    90.12 ] D: freq1 0.8125 4141.25
[    90.12 ] D: createSelectedPoints 1 -1
[    90.12 ] D: freq1 0.8125 4141.25
[    90.12 ] D: _currentMouseY 347 203 359 167 QSizeF(0, 0)
[    90.12 ] D: mouseMove2
[    90.14 ] D: _automationChanging true
[    90.14 ] D: _pointActive2 false 1
[    90.14 ] D: createSelectedPoints 1 -1
[    90.14 ] D: _currentMouseY 347 204 359 167 QSizeF(0, 1)
[    90.14 ] D: mouseMove2
[    90.14 ] D: freq1 0.8125 4141.25
[    90.14 ] D: freq1 0.8125 4141.25
[    90.14 ] D: freq1 0.8125 4141.25
[    90.15 ] D: _pointActive2 false 1
[    90.15 ] D: createSelectedPoints 1 -1
[    90.16 ] D: freq1 0.825 3866.5
[    90.16 ] D: freq1 0.825 3866.5
[    90.16 ] D: freq1 0.825 3866.5
[    90.17 ] D: _automationChanging true
[    90.17 ] D: _currentMouseY 347 204 359 167 QSizeF(0, 0)
[    90.17 ] D: mouseMove2
[    90.18 ] D: freq1 0.825 3866.5
[    90.18 ] D: freq1 0.825 3866.5
[    90.18 ] D: freq1 0.825 3866.5
[    90.19 ] D: _pointActive2 false 1
[    90.19 ] D: createSelectedPoints 1 -1
[    90.19 ] D: freq1 0.825 3866.5
[    90.19 ] D: freq1 0.825 3866.5
[    90.19 ] D: freq1 0.825 3866.5
[    90.21 ] D: freq1 0.825 3866.5
[    90.21 ] D: freq1 0.825 3866.5
[    90.21 ] D: freq1 0.825 3866.5
[    90.22 ] D: _pointActive2 false 1
[    90.22 ] D: createSelectedPoints 1 -1
[    90.23 ] D: freq1 0.825 3866.5
[    90.23 ] D: freq1 0.825 3866.5
[    90.23 ] D: freq1 0.825 3866.5
[    90.25 ] D: freq1 0.825 3866.5
[    90.25 ] D: freq1 0.825 3866.5
[    90.25 ] D: freq1 0.825 3866.5
[    90.25 ] D: _pointActive2 false 1
[    90.25 ] D: createSelectedPoints 1 -1
[    90.26 ] D: freq1 0.825 3866.5
[    90.26 ] D: freq1 0.825 3866.5
[    90.26 ] D: freq1 0.825 3866.5
[    90.28 ] D: freq1 0.825 3866.5
[    90.28 ] D: freq1 0.825 3866.5
[    90.28 ] D: freq1 0.825 3866.5
[    90.29 ] D: _pointActive2 false 1
[    90.29 ] D: createSelectedPoints 1 -1
[    90.30 ] D: freq1 0.825 3866.5
[    90.30 ] D: freq1 0.825 3866.5
[    90.30 ] D: freq1 0.825 3866.5
[    90.32 ] D: _pointActive2 false 1
[    90.32 ] D: createSelectedPoints 1 -1
[    90.32 ] D: freq1 0.825 3866.5
[    90.32 ] D: freq1 0.825 3866.5
[    90.32 ] D: freq1 0.825 3866.5
[    90.33 ] D: freq1 0.825 3866.5
[    90.33 ] D: freq1 0.825 3866.5
[    90.33 ] D: freq1 0.825 3866.5
[    90.35 ] D: freq1 0.825 3866.5
[    90.35 ] D: freq1 0.825 3866.5
[    90.35 ] D: freq1 0.825 3866.5
[    90.36 ] D: _pointActive2 false 1
[    90.36 ] D: createSelectedPoints 1 -1
[    90.37 ] D: freq1 0.825 3866.5
[    90.37 ] D: freq1 0.825 3866.5
[    90.37 ] D: freq1 0.825 3866.5
[    90.39 ] D: _pointActive2 false 1
[    90.39 ] D: createSelectedPoints 1 -1
[    90.39 ] D: freq1 0.825 3866.5
[    90.39 ] D: freq1 0.825 3866.5
[    90.39 ] D: freq1 0.825 3866.5
[    90.40 ] D: freq1 0.825 3866.5
[    90.40 ] D: freq1 0.825 3866.5
[    90.40 ] D: freq1 0.825 3866.5
[    90.40 ] D: _pointActive2 false 1
[    90.40 ] D: createSelectedPoints 1 -1
[    90.42 ] D: freq1 0.825 3866.5
[    90.42 ] D: freq1 0.825 3866.5
[    90.42 ] D: freq1 0.825 3866.5
[    90.44 ] D: _pointActive2 false 1
[    90.44 ] D: createSelectedPoints 1 -1
[    90.44 ] D: freq1 0.825 3866.5
[    90.44 ] D: freq1 0.825 3866.5
[    90.44 ] D: freq1 0.825 3866.5
[    90.46 ] D: freq1 0.825 3866.5
[    90.46 ] D: freq1 0.825 3866.5
[    90.46 ] D: freq1 0.825 3866.5
[    90.47 ] D: _pointActive2 false 1
[    90.47 ] D: createSelectedPoints 1 -1
[    90.47 ] D: freq1 0.825 3866.5
[    90.47 ] D: freq1 0.825 3866.5
[    90.47 ] D: freq1 0.825 3866.5
[    90.49 ] D: freq1 0.825 3866.5
[    90.49 ] D: freq1 0.825 3866.5
[    90.49 ] D: freq1 0.825 3866.5
[    90.50 ] D: _pointActive2 false 1
[    90.50 ] D: createSelectedPoints 1 -1
[    90.51 ] D: freq1 0.825 3866.5
[    90.51 ] D: freq1 0.825 3866.5
[    90.51 ] D: freq1 0.825 3866.5
[    90.53 ] D: freq1 0.825 3866.5
[    90.53 ] D: freq1 0.825 3866.5
[    90.53 ] D: freq1 0.825 3866.5
[    90.54 ] D: _pointActive2 false 1
[    90.54 ] D: createSelectedPoints 1 -1
[    90.54 ] D: freq1 0.825 3866.5
[    90.54 ] D: freq1 0.825 3866.5
[    90.54 ] D: freq1 0.825 3866.5
[    90.56 ] D: freq1 0.825 3866.5
[    90.56 ] D: freq1 0.825 3866.5
[    90.56 ] D: freq1 0.825 3866.5
[    90.57 ] D: _pointActive2 false 1
[    90.57 ] D: createSelectedPoints 1 -1
[    90.58 ] D: freq1 0.825 3866.5
[    90.58 ] D: freq1 0.825 3866.5
[    90.58 ] D: freq1 0.825 3866.5
[    90.59 ] D: freq1 0.825 3866.5
[    90.59 ] D: freq1 0.825 3866.5
[    90.59 ] D: freq1 0.825 3866.5
[    90.61 ] D: _pointActive2 false 1
[    90.61 ] D: createSelectedPoints 1 -1
[    90.61 ] D: freq1 0.825 3866.5
[    90.61 ] D: freq1 0.825 3866.5
[    90.61 ] D: freq1 0.825 3866.5
[    90.63 ] D: freq1 0.825 3866.5
[    90.63 ] D: freq1 0.825 3866.5
[    90.63 ] D: freq1 0.825 3866.5
[    90.64 ] D: _pointActive2 false 1
[    90.64 ] D: createSelectedPoints 1 -1
[    90.65 ] D: freq1 0.825 3866.5
[    90.65 ] D: freq1 0.825 3866.5
[    90.65 ] D: freq1 0.825 3866.5
[    90.66 ] D: _pointActive2 false 1
[    90.66 ] D: createSelectedPoints 1 -1
[    90.66 ] D: freq1 0.825 3866.5
[    90.66 ] D: freq1 0.825 3866.5
[    90.66 ] D: freq1 0.825 3866.5
[    90.68 ] D: freq1 0.825 3866.5
[    90.68 ] D: freq1 0.825 3866.5
[    90.68 ] D: freq1 0.825 3866.5
[    90.69 ] D: _pointActive2 false 1
[    90.69 ] D: createSelectedPoints 1 -1
[    90.70 ] D: freq1 0.825 3866.5
[    90.70 ] D: freq1 0.825 3866.5
[    90.70 ] D: freq1 0.825 3866.5
[    90.72 ] D: _pointActive2 false 1
[    90.72 ] D: createSelectedPoints 1 -1
[    90.72 ] D: freq1 0.825 3866.5
[    90.72 ] D: freq1 0.825 3866.5
[    90.72 ] D: freq1 0.825 3866.5
[    90.73 ] D: freq1 0.825 3866.5
[    90.73 ] D: freq1 0.825 3866.5
[    90.73 ] D: freq1 0.825 3866.5
[    90.75 ] D: freq1 0.825 3866.5
[    90.75 ] D: freq1 0.825 3866.5
[    90.75 ] D: freq1 0.825 3866.5
[    90.75 ] D: _pointActive2 false 1
[    90.75 ] D: createSelectedPoints 1 -1
[    90.77 ] D: freq1 0.825 3866.5
[    90.77 ] D: freq1 0.825 3866.5
[    90.77 ] D: freq1 0.825 3866.5
[    90.79 ] D: _pointActive2 false 1
[    90.79 ] D: createSelectedPoints 1 -1
[    90.79 ] D: freq1 0.825 3866.5
[    90.79 ] D: freq1 0.825 3866.5
[    90.79 ] D: freq1 0.825 3866.5
[    90.80 ] D: freq1 0.825 3866.5
[    90.80 ] D: freq1 0.825 3866.5
[    90.80 ] D: freq1 0.825 3866.5
[    90.82 ] D: _pointActive2 false 1
[    90.82 ] D: freq1 0.825 3866.5
[    90.82 ] D: createSelectedPoints 1 -1
[    90.82 ] D: freq1 0.825 3866.5
[    90.82 ] D: freq1 0.825 3866.5
[    90.84 ] D: freq1 0.825 3866.5
[    90.84 ] D: freq1 0.825 3866.5
[    90.84 ] D: freq1 0.825 3866.5
[    90.86 ] D: _pointActive2 false 1
[    90.86 ] D: createSelectedPoints 1 -1
[    90.86 ] D: freq1 0.825 3866.5
[    90.86 ] D: freq1 0.825 3866.5
[    90.86 ] D: freq1 0.825 3866.5
[    90.87 ] D: _pointActive2 false 1
[    90.87 ] D: freq1 0.825 3866.5
[    90.87 ] D: createSelectedPoints 1 -1
[    90.87 ] D: freq1 0.825 3866.5
[    90.87 ] D: AsyncFileReader 4 11
[    90.87 ] D: freq1 0.825 3866.5
[    90.89 ] D: _automationChanging true
[    90.89 ] D: _currentMouseY 346 204 359 167 QSizeF(-1, 0)
[    90.89 ] D: mouseMove2
[    90.89 ] D: freq1 0.825 3866.5
[    90.89 ] D: freq1 0.825 3866.5
[    90.89 ] D: freq1 0.825 3866.5
[    90.90 ] D: _automationChanging true
[    90.90 ] D: _currentMouseY 345 205 359 167 QSizeF(-1, 1)
[    90.90 ] D: mouseMove2
[    90.90 ] D: _automationChanging true
[    90.90 ] D: _pointActive2 false 1
[    90.90 ] D: createSelectedPoints 1 -1
[    90.91 ] D: _currentMouseY 343 206 359 167 QSizeF(-2, 1)
[    90.91 ] D: mouseMove2
[    90.91 ] D: freq1 0.8375 3591.75
[    90.91 ] D: freq1 0.8375 3591.75
[    90.91 ] D: freq1 0.8375 3591.75
[    90.92 ] D: _automationChanging true
[    90.92 ] D: _pointActive2 false 1
[    90.92 ] D: createSelectedPoints 1 -1
[    90.92 ] D: _currentMouseY 343 207 359 167 QSizeF(0, 1)
[    90.92 ] D: mouseMove2
[    90.92 ] D: _automationChanging true
[    90.92 ] D: _currentMouseY 342 207 359 167 QSizeF(-1, 0)
[    90.92 ] D: mouseMove2
[    90.93 ] D: freq1 0.85 3317
[    90.93 ] D: freq1 0.85 3317
[    90.93 ] D: freq1 0.85 3317
[    90.94 ] D: freq1 0.85 3317
[    90.94 ] D: freq1 0.85 3317
[    90.94 ] D: freq1 0.85 3317
[    90.95 ] D: _automationChanging true
[    90.96 ] D: _pointActive2 false 1
[    90.96 ] D: createSelectedPoints 1 -1
[    90.96 ] D: _currentMouseY 342 208 359 167 QSizeF(0, 1)
[    90.96 ] D: mouseMove2
[    90.96 ] D: _automationChanging true
[    90.96 ] D: _currentMouseY 342 208 359 167 QSizeF(0, 0)
[    90.96 ] D: mouseMove2
[    90.96 ] D: freq1 0.8625 3042.25
[    90.96 ] D: freq1 0.8625 3042.25
[    90.96 ] D: freq1 0.8625 3042.25
[    90.97 ] D: _automationChanging true
[    90.97 ] D: _pointActive2 false 1
[    90.97 ] D: createSelectedPoints 1 -1
[    90.97 ] D: _currentMouseY 341 208 359 167 QSizeF(-1, 0)
[    90.98 ] D: mouseMove2
[    90.98 ] D: _automationChanging true
[    90.98 ] D: _currentMouseY 341 208 359 167 QSizeF(0, 0)
[    90.98 ] D: mouseMove2
[    90.98 ] D: freq1 0.875 2767.5
[    90.98 ] D: freq1 0.875 2767.5
[    90.98 ] D: freq1 0.875 2767.5
[    91.00 ] D: freq1 0.875 2767.5
[    91.00 ] D: freq1 0.875 2767.5
[    91.00 ] D: freq1 0.875 2767.5
[    91.00 ] D: _automationChanging true
[    91.00 ] D: _pointActive2 false 1
[    91.00 ] D: createSelectedPoints 1 -1
[    91.01 ] D: _currentMouseY 340 208 359 167 QSizeF(-1, 0)
[    91.01 ] D: mouseMove2
[    91.01 ] D: _automationChanging true
[    91.01 ] D: _currentMouseY 340 208 359 167 QSizeF(0, 0)
[    91.01 ] D: mouseMove2
[    91.01 ] D: freq1 0.875 2767.5
[    91.01 ] D: freq1 0.875 2767.5
[    91.01 ] D: freq1 0.875 2767.5
[    91.02 ] D: _pointActive2 false 1
[    91.02 ] D: createSelectedPoints 1 -1
[    91.03 ] D: freq1 0.875 2767.5
[    91.03 ] D: freq1 0.875 2767.5
[    91.03 ] D: freq1 0.875 2767.5
[    91.04 ] D: _pointActive2 false 1
[    91.04 ] D: createSelectedPoints 1 -1
[    91.05 ] D: freq1 0.875 2767.5
[    91.05 ] D: freq1 0.875 2767.5
[    91.05 ] D: freq1 0.875 2767.5
[    91.07 ] D: _pointActive2 false 1
[    91.07 ] D: freq1 0.875 2767.5
[    91.07 ] D: createSelectedPoints 1 -1
[    91.07 ] D: freq1 0.875 2767.5
[    91.07 ] D: freq1 0.875 2767.5
[    91.08 ] D: freq1 0.875 2767.5
[    91.08 ] D: freq1 0.875 2767.5
[    91.08 ] D: freq1 0.875 2767.5
[    91.10 ] D: freq1 0.875 2767.5
[    91.10 ] D: _automationChanging true
[    91.10 ] D: freq1 0.875 2767.5
[    91.10 ] D: _currentMouseY 340 209 359 167 QSizeF(0, 1)
[    91.10 ] D: freq1 0.875 2767.5
[    91.10 ] D: mouseMove2
[    91.11 ] D: _pointActive2 false 1
[    91.11 ] D: createSelectedPoints 1 -1
[    91.12 ] D: freq1 0.8875 2492.75
[    91.12 ] D: _pointActive2 false 1
[    91.12 ] D: createSelectedPoints 1 -1
[    91.12 ] D: freq1 0.8875 2492.75
[    91.12 ] D: freq1 0.8875 2492.75
[    91.13 ] D: freq1 0.8875 2492.75
[    91.13 ] D: freq1 0.8875 2492.75
[    91.13 ] D: freq1 0.8875 2492.75
[    91.14 ] D: _automationChanging true
[    91.14 ] D: _currentMouseY 340 209 359 167 QSizeF(0, 0)
[    91.14 ] D: mouseMove2
[    91.15 ] D: freq1 0.8875 2492.75
[    91.15 ] D: freq1 0.8875 2492.75
[    91.15 ] D: freq1 0.8875 2492.75
[    91.15 ] D: _pointActive2 false 1
[    91.15 ] D: createSelectedPoints 1 -1
[    91.17 ] D: freq1 0.8875 2492.75
[    91.17 ] D: freq1 0.8875 2492.75
[    91.17 ] D: freq1 0.8875 2492.75
[    91.19 ] D: _pointActive2 false 1
[    91.19 ] D: createSelectedPoints 1 -1
[    91.19 ] D: freq1 0.8875 2492.75
[    91.19 ] D: freq1 0.8875 2492.75
[    91.19 ] D: freq1 0.8875 2492.75
[    91.20 ] D: freq1 0.8875 2492.75
[    91.20 ] D: freq1 0.8875 2492.75
[    91.20 ] D: freq1 0.8875 2492.75
[    91.22 ] D: _pointActive2 false 1
[    91.22 ] D: createSelectedPoints 1 -1
[    91.22 ] D: freq1 0.8875 2492.75
[    91.22 ] D: freq1 0.8875 2492.75
[    91.22 ] D: freq1 0.8875 2492.75
[    91.23 ] D: _automationChanging true
[    91.23 ] D: _currentMouseY 339 210 359 167 QSizeF(-1, 1)
[    91.23 ] D: mouseMove2
[    91.24 ] D: freq1 0.8875 2492.75
[    91.24 ] D: freq1 0.8875 2492.75
[    91.24 ] D: freq1 0.8875 2492.75
[    91.25 ] D: _pointActive2 false 1
[    91.25 ] D: createSelectedPoints 1 -1
[    91.26 ] D: freq1 0.9 2218
[    91.26 ] D: freq1 0.9 2218
[    91.26 ] D: freq1 0.9 2218
[    91.27 ] D: freq1 0.9 2218
[    91.27 ] D: freq1 0.9 2218
[    91.27 ] D: freq1 0.9 2218
[    91.29 ] D: _pointActive2 false 1
[    91.29 ] D: createSelectedPoints 1 -1
[    91.29 ] D: freq1 0.9 2218
[    91.29 ] D: freq1 0.9 2218
[    91.29 ] D: freq1 0.9 2218
[    91.31 ] D: freq1 0.9 2218
[    91.31 ] D: freq1 0.9 2218
[    91.31 ] D: freq1 0.9 2218
[    91.32 ] D: _pointActive2 false 1
[    91.32 ] D: createSelectedPoints 1 -1
[    91.33 ] D: freq1 0.9 2218
[    91.33 ] D: freq1 0.9 2218
[    91.33 ] D: freq1 0.9 2218
[    91.34 ] D: freq1 0.9 2218
[    91.34 ] D: freq1 0.9 2218
[    91.34 ] D: freq1 0.9 2218
[    91.36 ] D: _pointActive2 false 1
[    91.36 ] D: createSelectedPoints 1 -1
[    91.36 ] D: freq1 0.9 2218
[    91.36 ] D: freq1 0.9 2218
[    91.36 ] D: freq1 0.9 2218
[    91.37 ] D: _pointActive2 false 1
[    91.37 ] D: createSelectedPoints 1 -1
[    91.38 ] D: freq1 0.9 2218
[    91.38 ] D: freq1 0.9 2218
[    91.38 ] D: freq1 0.9 2218
[    91.40 ] D: freq1 0.9 2218
[    91.40 ] D: freq1 0.9 2218
[    91.40 ] D: freq1 0.9 2218
[    91.40 ] D: _pointActive2 false 1
[    91.40 ] D: createSelectedPoints 1 -1
[    91.41 ] D: freq1 0.9 2218
[    91.41 ] D: freq1 0.9 2218
[    91.41 ] D: freq1 0.9 2218
[    91.43 ] D: freq1 0.9 2218
[    91.43 ] D: freq1 0.9 2218
[    91.43 ] D: freq1 0.9 2218
[    91.44 ] D: _pointActive2 false 1
[    91.44 ] D: createSelectedPoints 1 -1
[    91.45 ] D: freq1 0.9 2218
[    91.45 ] D: freq1 0.9 2218
[    91.45 ] D: freq1 0.9 2218
[    91.47 ] D: _pointActive2 false 1
[    91.47 ] D: createSelectedPoints 1 -1
[    91.47 ] D: freq1 0.9 2218
[    91.47 ] D: freq1 0.9 2218
[    91.47 ] D: freq1 0.9 2218
[    91.48 ] D: freq1 0.9 2218
[    91.48 ] D: freq1 0.9 2218
[    91.48 ] D: freq1 0.9 2218
[    91.50 ] D: _pointActive2 false 1
[    91.50 ] D: createSelectedPoints 1 -1
[    91.54 ] D: _pointActive2 false 1
[    91.54 ] D: createSelectedPoints 1 -1
[    91.57 ] D: _pointActive2 false 1
[    91.57 ] D: createSelectedPoints 1 -1
[    91.60 ] D: _pointActive2 false 1
[    91.60 ] D: createSelectedPoints 1 -1
[    91.64 ] D: _pointActive2 false 1
[    91.64 ] D: createSelectedPoints 1 -1
[    91.67 ] D: _pointActive2 false 1
[    91.67 ] D: createSelectedPoints 1 -1
[    91.68 ] D: _pointActive2 false 1
[    91.69 ] D: createSelectedPoints 1 -1
[    91.72 ] D: _pointActive2 false 1
[    91.72 ] D: createSelectedPoints 1 -1
[    91.75 ] D: _pointActive2 false 1
[    91.75 ] D: createSelectedPoints 1 -1
[    91.79 ] D: _pointActive2 false 1
[    91.79 ] D: createSelectedPoints 1 -1
[    91.82 ] D: _pointActive2 false 1
[    91.82 ] D: createSelectedPoints 1 -1
[    91.85 ] D: _pointActive2 false 1
[    91.85 ] D: createSelectedPoints 1 -1
[    91.89 ] D: _pointActive2 false 1
[    91.89 ] D: createSelectedPoints 1 -1
[    91.92 ] D: _automationChanging true
[    91.92 ] D: _currentMouseY 337 211 359 167 QSizeF(-2, 1)
[    91.92 ] D: mouseMove2
[    91.92 ] D: _automationChanging true
[    91.92 ] D: _pointActive2 false 1
[    91.92 ] D: createSelectedPoints 1 -1
[    91.92 ] D: _currentMouseY 335 213 359 167 QSizeF(-2, 2)
[    91.92 ] D: mouseMove2
[    91.94 ] D: _pointActive2 false 1
[    91.94 ] D: createSelectedPoints 1 -1
[    91.95 ] D: _automationChanging true
[    91.95 ] D: _currentMouseY 334 213 359 167 QSizeF(-1, 0)
[    91.95 ] D: mouseMove2
[    91.97 ] D: _pointActive2 false 1
[    91.97 ] D: createSelectedPoints 1 -1
[    91.98 ] D: _automationChanging true
[    91.98 ] D: _currentMouseY 334 213 359 167 QSizeF(0, 0)
[    91.98 ] D: mouseMove2
[    92.00 ] D: _pointActive2 false 1
[    92.00 ] D: createSelectedPoints 1 -1
[    92.04 ] D: _pointActive2 false 1
[    92.04 ] D: createSelectedPoints 1 -1
[    92.07 ] D: _pointActive2 false 1
[    92.07 ] D: createSelectedPoints 1 -1
[    92.10 ] D: _pointActive2 false 1
[    92.10 ] D: createSelectedPoints 1 -1
[    92.14 ] D: _pointActive2 false 1
[    92.14 ] D: createSelectedPoints 1 -1
[    92.17 ] D: _pointActive2 false 1
[    92.17 ] D: createSelectedPoints 1 -1
[    92.18 ] D: _pointActive2 false 1
[    92.19 ] D: createSelectedPoints 1 -1
[    92.22 ] D: _pointActive2 false 1
[    92.22 ] D: createSelectedPoints 1 -1
[    92.25 ] D: _pointActive2 false 1
[    92.25 ] D: createSelectedPoints 1 -1
[    92.29 ] D: _pointActive2 false 1
[    92.29 ] D: createSelectedPoints 1 -1
[    92.32 ] D: _pointActive2 false 1
[    92.32 ] D: createSelectedPoints 1 -1
[    92.35 ] D: _pointActive2 false 1
[    92.35 ] D: createSelectedPoints 1 -1
[    92.39 ] D: _pointActive2 false 1
[    92.39 ] D: createSelectedPoints 1 -1
[    92.42 ] D: _pointActive2 false 1
[    92.42 ] D: createSelectedPoints 1 -1
[    92.43 ] D: _pointActive2 false 1
[    92.44 ] D: createSelectedPoints 1 -1
[    92.47 ] D: _pointActive2 false 1
[    92.47 ] D: createSelectedPoints 1 -1
[    92.50 ] D: _pointActive2 false 1
[    92.50 ] D: createSelectedPoints 1 -1
[    92.54 ] D: _pointActive2 false 1
[    92.54 ] D: createSelectedPoints 1 -1
[    92.57 ] D: _pointActive2 false 1
[    92.57 ] D: createSelectedPoints 1 -1
[    92.60 ] D: _pointActive2 false 1
[    92.60 ] D: createSelectedPoints 1 -1
[    92.64 ] D: _pointActive2 false 1
[    92.64 ] D: createSelectedPoints 1 -1
[    92.67 ] D: _pointActive2 false 1
[    92.67 ] D: createSelectedPoints 1 -1
[    92.68 ] D: _pointActive2 false 1
[    92.69 ] D: createSelectedPoints 1 -1
[    92.72 ] D: _pointActive2 false 1
[    92.72 ] D: createSelectedPoints 1 -1
[    92.75 ] D: _pointActive2 false 1
[    92.75 ] D: createSelectedPoints 1 -1
[    92.79 ] D: _pointActive2 false 1
[    92.79 ] D: createSelectedPoints 1 -1
[    92.82 ] D: _pointActive2 false 1
[    92.82 ] D: createSelectedPoints 1 -1
[    92.85 ] D: _pointActive2 false 1
[    92.85 ] D: createSelectedPoints 1 -1
[    92.89 ] D: _pointActive2 false 1
[    92.89 ] D: createSelectedPoints 1 -1
[    92.92 ] D: _pointActive2 false 1
[    92.92 ] D: createSelectedPoints 1 -1
[    92.96 ] D: _pointActive2 false 1
[    92.96 ] D: createSelectedPoints 1 -1
[    92.97 ] D: _pointActive2 false 1
[    92.97 ] D: createSelectedPoints 1 -1
[    93.00 ] D: _pointActive2 false 1
[    93.00 ] D: createSelectedPoints 1 -1
[    93.04 ] D: _pointActive2 false 1
[    93.04 ] D: createSelectedPoints 1 -1
[    93.07 ] D: _pointActive2 false 1
[    93.07 ] D: createSelectedPoints 1 -1
[    93.10 ] D: _pointActive2 false 1
[    93.10 ] D: createSelectedPoints 1 -1
[    93.14 ] D: _pointActive2 false 1
[    93.14 ] D: createSelectedPoints 1 -1
[    93.17 ] D: _pointActive2 false 1
[    93.17 ] D: createSelectedPoints 1 -1
[    93.19 ] D: _pointActive2 false 1
[    93.19 ] D: createSelectedPoints 1 -1
[    93.22 ] D: _pointActive2 false 1
[    93.22 ] D: createSelectedPoints 1 -1
[    93.25 ] D: _pointActive2 false 1
[    93.25 ] D: createSelectedPoints 1 -1
[    93.29 ] D: _pointActive2 false 1
[    93.29 ] D: createSelectedPoints 1 -1
[    93.32 ] D: _pointActive2 false 1
[    93.32 ] D: createSelectedPoints 1 -1
[    93.35 ] D: _pointActive2 false 1
[    93.35 ] D: createSelectedPoints 1 -1
[    93.39 ] D: _pointActive2 false 1
[    93.39 ] D: createSelectedPoints 1 -1
[    93.42 ] D: _pointActive2 false 1
[    93.42 ] D: createSelectedPoints 1 -1
[    93.43 ] D: _pointActive2 false 1
[    93.44 ] D: createSelectedPoints 1 -1
[    93.47 ] D: _pointActive2 false 1
[    93.47 ] D: createSelectedPoints 1 -1
[    93.50 ] D: _pointActive2 false 1
[    93.50 ] D: createSelectedPoints 1 -1
[    93.54 ] D: _pointActive2 false 1
[    93.54 ] D: createSelectedPoints 1 -1
[    93.57 ] D: _pointActive2 false 1
[    93.57 ] D: createSelectedPoints 1 -1
[    93.60 ] D: _pointActive2 false 1
[    93.60 ] D: createSelectedPoints 1 -1
[    93.64 ] D: _pointActive2 false 1
[    93.64 ] D: createSelectedPoints 1 -1
[    93.67 ] D: _pointActive2 false 1
[    93.67 ] D: createSelectedPoints 1 -1
[    93.69 ] D: _pointActive2 false 1
[    93.69 ] D: createSelectedPoints 1 -1
[    93.72 ] D: _pointActive2 false 1
[    93.72 ] D: createSelectedPoints 1 -1
[    93.75 ] D: _pointActive2 false 1
[    93.75 ] D: createSelectedPoints 1 -1
[    93.79 ] D: _pointActive2 false 1
[    93.79 ] D: createSelectedPoints 1 -1
[    93.82 ] D: _pointActive2 false 1
[    93.82 ] D: createSelectedPoints 1 -1
[    93.85 ] D: _pointActive2 false 1
[    93.85 ] D: createSelectedPoints 1 -1
[    93.89 ] D: _pointActive2 false 1
[    93.89 ] D: createSelectedPoints 1 -1
[    93.92 ] D: _pointActive2 false 1
[    93.92 ] D: createSelectedPoints 1 -1
[    93.94 ] D: _pointActive2 false 1
[    93.94 ] D: createSelectedPoints 1 -1
[    93.97 ] D: _pointActive2 false 1
[    93.97 ] D: createSelectedPoints 1 -1
[    93.99 ] D: _pointActive2 false 1
[    93.99 ] D: createSelectedPoints 1 -1
[    94.04 ] D: _pointActive2 false 1
[    94.04 ] D: createSelectedPoints 1 -1
[    94.07 ] D: _pointActive2 false 1
[    94.07 ] D: createSelectedPoints 1 -1
[    94.10 ] D: _pointActive2 false 1
[    94.10 ] D: createSelectedPoints 1 -1
[    94.14 ] D: _pointActive2 false 1
[    94.14 ] D: createSelectedPoints 1 -1
[    94.17 ] D: _pointActive2 false 1
[    94.17 ] D: createSelectedPoints 1 -1
[    94.19 ] D: _pointActive2 false 1
[    94.19 ] D: createSelectedPoints 1 -1
[    94.22 ] D: _pointActive2 false 1
[    94.22 ] D: createSelectedPoints 1 -1
[    94.25 ] D: _pointActive2 false 1
[    94.25 ] D: createSelectedPoints 1 -1
[    94.29 ] D: _pointActive2 false 1
[    94.29 ] D: createSelectedPoints 1 -1
[    94.32 ] D: _pointActive2 false 1
[    94.32 ] D: createSelectedPoints 1 -1
[    94.35 ] D: _pointActive2 false 1
[    94.35 ] D: createSelectedPoints 1 -1
[    94.39 ] D: _pointActive2 false 1
[    94.39 ] D: createSelectedPoints 1 -1
[    94.42 ] D: _pointActive2 false 1
[    94.42 ] D: createSelectedPoints 1 -1
[    94.44 ] D: _pointActive2 false 1
[    94.44 ] D: createSelectedPoints 1 -1
[    94.47 ] D: _pointActive2 false 1
[    94.47 ] D: createSelectedPoints 1 -1
[    94.50 ] D: _pointActive2 false 1
[    94.50 ] D: createSelectedPoints 1 -1
[    94.54 ] D: _pointActive2 false 1
[    94.54 ] D: createSelectedPoints 1 -1
[    94.57 ] D: _pointActive2 false 1
[    94.57 ] D: createSelectedPoints 1 -1
[    94.60 ] D: _pointActive2 false 1
[    94.60 ] D: createSelectedPoints 1 -1
[    94.64 ] D: _pointActive2 false 1
[    94.64 ] D: createSelectedPoints 1 -1
[    94.67 ] D: _pointActive2 false 1
[    94.67 ] D: createSelectedPoints 1 -1
[    94.69 ] D: _pointActive2 false 1
[    94.69 ] D: createSelectedPoints 1 -1
[    94.72 ] D: _pointActive2 false 1
[    94.72 ] D: createSelectedPoints 1 -1
[    94.75 ] D: _pointActive2 false 1
[    94.75 ] D: createSelectedPoints 1 -1
[    94.79 ] D: _pointActive2 false 1
[    94.79 ] D: createSelectedPoints 1 -1
[    94.82 ] D: _pointActive2 false 1
[    94.82 ] D: createSelectedPoints 1 -1
[    94.85 ] D: _pointActive2 false 1
[    94.85 ] D: createSelectedPoints 1 -1
[    94.89 ] D: _pointActive2 false 1
[    94.89 ] D: createSelectedPoints 1 -1
[    94.92 ] D: _pointActive2 false 1
[    94.92 ] D: createSelectedPoints 1 -1
[    94.94 ] D: _pointActive2 false 1
[    94.94 ] D: createSelectedPoints 1 -1
[    94.97 ] D: _pointActive2 false 1
[    94.97 ] D: createSelectedPoints 1 -1
[    95.00 ] D: _pointActive2 false 1
[    95.00 ] D: createSelectedPoints 1 -1
[    95.04 ] D: _pointActive2 false 1
[    95.04 ] D: createSelectedPoints 1 -1
[    95.07 ] D: _pointActive2 false 1
[    95.07 ] D: createSelectedPoints 1 -1
[    95.10 ] D: _pointActive2 false 1
[    95.10 ] D: createSelectedPoints 1 -1
[    95.14 ] D: _pointActive2 false 1
[    95.14 ] D: createSelectedPoints 1 -1
[    95.17 ] D: _pointActive2 false 1
[    95.17 ] D: createSelectedPoints 1 -1
[    95.19 ] D: _pointActive2 false 1
[    95.19 ] D: createSelectedPoints 1 -1
[    95.22 ] D: _pointActive2 false 1
[    95.22 ] D: createSelectedPoints 1 -1
[    95.25 ] D: _pointActive2 false 1
[    95.25 ] D: createSelectedPoints 1 -1
[    95.29 ] D: _pointActive2 false 1
[    95.29 ] D: createSelectedPoints 1 -1
[    95.32 ] D: _pointActive2 false 1
[    95.32 ] D: createSelectedPoints 1 -1
[    95.35 ] D: _automationChanging true
[    95.35 ] D: _currentMouseY 334 214 359 167 QSizeF(0, 1)
[    95.35 ] D: mouseMove2
[    95.35 ] D: _pointActive2 false 1
[    95.35 ] D: createSelectedPoints 1 -1
[    95.37 ] D: _pointActive2 false 1
[    95.37 ] D: createSelectedPoints 1 -1
[    95.38 ] D: _automationChanging true
[    95.38 ] D: _currentMouseY 334 214 359 167 QSizeF(0, 0)
[    95.39 ] D: mouseMove2
[    95.39 ] D: _pointActive2 false 1
[    95.39 ] D: createSelectedPoints 1 -1
[    95.41 ] D: createSelectedPoints 1 -1
[    95.43 ] D: isAutomated 1
[    95.43 ] D: isAutomated 0
[    95.43 ] D: isAutomated 0
[    95.93 ] D: findTrackIndexByPoint 0 QRect(0,0 1707x111) false QPointF(165,170)
[    95.93 ] D: findTrackIndexByPoint 1 QRect(0,111 1707x111) true QPointF(165,170)
[    96.62 ] D: findTrackIndexByPoint 0 QRect(0,0 1707x111) false QPointF(216,175)
[    96.62 ] D: findTrackIndexByPoint 1 QRect(0,111 1707x111) true QPointF(216,175)
[    97.42 ] D: findTrackIndexByPoint 0 QRect(0,0 1707x111) false QPointF(296,163)
[    97.42 ] D: findTrackIndexByPoint 1 QRect(0,111 1707x111) true QPointF(296,163)
[    98.05 ] D: findTrackIndexByPoint 0 QRect(0,0 1707x111) false QPointF(231,171)
[    98.05 ] D: findTrackIndexByPoint 1 QRect(0,111 1707x111) true QPointF(231,171)
[    98.07 ] D: _automationChanging false
[    98.07 ] D: mouseMove2
[    98.97 ] D: _requestForLoading false false
[    98.97 ] D: _requestForLoading2
[    98.97 ] D: _numberOfSampleBuffer 1
[    98.97 ] D: START TO load 0
[    98.97 ] D: START TO load 1
[    98.97 ] D: sltPositionChanged 661499 true
[    98.97 ] D: START TO load 2
[    98.97 ] D: START TO load 3
[    98.97 ] D: frame_offset 2 0 10
[    98.97 ] D: frame_offset 2 1 10
[    98.97 ] D: frame_offset 2 2 10
[    98.98 ] D: frame_offset 2 3 10
[    98.98 ] D: frame_offset 2 4 10
[    98.98 ] D: sltFirstBufferFilled ("{d828da23-4411-404d-b499-e5b52f831adc}") "{d828da23-4411-404d-b499-e5b52f831adc}" true
[    98.98 ] D: _requestForLoading true false
[    98.99 ] D: freq1 0.891751 2399.31
[    98.99 ] D: freq1 0.891836 2397.44
[    98.99 ] D: freq1 0.891921 2395.58
[    99.01 ] D: freq1 0.892005 2393.72
[    99.01 ] D: freq1 0.89209 2391.86
[    99.01 ] D: freq1 0.892175 2390
[    99.02 ] D: freq1 0.892259 2388.14
[    99.02 ] D: freq1 0.892344 2386.28
[    99.02 ] D: freq1 0.892429 2384.42
[    99.04 ] D: freq1 0.892513 2382.56
[    99.04 ] D: freq1 0.892598 2380.7
[    99.04 ] D: freq1 0.892683 2378.84
[    99.06 ] D: freq1 0.892767 2376.98
[    99.06 ] D: freq1 0.892852 2375.12
[    99.06 ] D: freq1 0.892937 2373.26
[    99.08 ] D: freq1 0.893021 2371.39
[    99.08 ] D: freq1 0.893106 2369.53
[    99.08 ] D: freq1 0.893191 2367.67
[    99.09 ] D: freq1 0.893275 2365.81
[    99.09 ] D: freq1 0.89336 2363.95
[    99.09 ] D: freq1 0.893444 2362.09
[    99.11 ] D: freq1 0.893529 2360.23
[    99.11 ] D: freq1 0.893614 2358.37
[    99.11 ] D: freq1 0.893698 2356.51
[    99.13 ] D: freq1 0.893783 2354.65
[    99.13 ] D: freq1 0.893868 2352.79
[    99.13 ] D: freq1 0.893952 2350.93
[    99.15 ] D: freq1 0.894037 2349.07
[    99.15 ] D: freq1 0.894122 2347.2
[    99.15 ] D: freq1 0.894206 2345.34
[    99.16 ] D: freq1 0.894291 2343.48
[    99.16 ] D: freq1 0.894376 2341.62
[    99.16 ] D: freq1 0.89446 2339.76
[    99.18 ] D: freq1 0.894545 2337.9
[    99.18 ] D: freq1 0.89463 2336.04
[    99.18 ] D: freq1 0.894714 2334.18
[    99.20 ] D: freq1 0.894799 2332.32
[    99.20 ] D: freq1 0.894884 2330.46
[    99.20 ] D: freq1 0.894968 2328.6
[    99.22 ] D: freq1 0.895053 2326.74
[    99.22 ] D: freq1 0.895138 2324.88
[    99.22 ] D: freq1 0.895222 2323.02
[    99.23 ] D: freq1 0.895307 2321.15
[    99.23 ] D: freq1 0.895392 2319.29
[    99.23 ] D: freq1 0.895476 2317.43
[    99.25 ] D: freq1 0.895561 2315.57
[    99.25 ] D: freq1 0.895645 2313.71
[    99.25 ] D: freq1 0.89573 2311.85
[    99.27 ] D: freq1 0.895815 2309.99
[    99.27 ] D: freq1 0.895899 2308.13
[    99.27 ] D: freq1 0.895984 2306.27
[    99.28 ] D: freq1 0.896069 2304.41
[    99.28 ] D: freq1 0.896153 2302.55
[    99.28 ] D: freq1 0.896238 2300.69
[    99.30 ] D: freq1 0.896323 2298.83
[    99.30 ] D: freq1 0.896407 2296.96
[    99.30 ] D: freq1 0.896492 2295.1
[    99.32 ] D: freq1 0.896577 2293.24
[    99.32 ] D: freq1 0.896661 2291.38
[    99.32 ] D: freq1 0.896746 2289.52
[    99.34 ] D: freq1 0.896831 2287.66
[    99.34 ] D: freq1 0.896915 2285.8
[    99.34 ] D: freq1 0.897 2283.94
[    99.35 ] D: freq1 0.897085 2282.08
[    99.35 ] D: freq1 0.897169 2280.22
[    99.35 ] D: freq1 0.897254 2278.36
[    99.37 ] D: freq1 0.897339 2276.5
[    99.37 ] D: freq1 0.897423 2274.64
[    99.37 ] D: freq1 0.897508 2272.77
[    99.39 ] D: freq1 0.897593 2270.91
[    99.39 ] D: freq1 0.897677 2269.05
[    99.39 ] D: freq1 0.897762 2267.19
[    99.41 ] D: freq1 0.897847 2265.33
[    99.41 ] D: freq1 0.897931 2263.47
[    99.41 ] D: freq1 0.898016 2261.61
[    99.42 ] D: freq1 0.898101 2259.75
[    99.42 ] D: freq1 0.898185 2257.89
[    99.42 ] D: freq1 0.89827 2256.03
[    99.44 ] D: AsyncFileReader 2 7
[    99.44 ] D: freq1 0.898354 2254.17
[    99.44 ] D: freq1 0.898439 2252.31
[    99.44 ] D: freq1 0.898524 2250.45
[    99.46 ] D: freq1 0.898608 2248.59
[    99.46 ] D: freq1 0.898693 2246.72
[    99.46 ] D: freq1 0.898778 2244.86
[    99.48 ] D: freq1 0.898862 2243
[    99.48 ] D: freq1 0.898947 2241.14
[    99.48 ] D: freq1 0.899032 2239.28
[    99.49 ] D: freq1 0.899116 2237.42
[    99.49 ] D: freq1 0.899201 2235.56
[    99.49 ] D: freq1 0.899286 2233.7
[    99.51 ] D: freq1 0.89937 2231.84
[    99.51 ] D: freq1 0.899455 2229.98
[    99.51 ] D: freq1 0.89954 2228.12
[    99.53 ] D: freq1 0.899624 2226.26
[    99.53 ] D: freq1 0.899709 2224.4
[    99.53 ] D: freq1 0.899794 2222.54
[    99.55 ] D: freq1 0.899878 2220.67
[    99.55 ] D: freq1 0.899963 2218.81
[    99.55 ] D: freq1 0.900048 2216.95
[    99.56 ] D: freq1 0.900132 2215.09
[    99.56 ] D: freq1 0.900217 2213.23
[    99.56 ] D: freq1 0.900302 2211.37
[    99.58 ] D: freq1 0.900386 2209.51
[    99.58 ] D: freq1 0.900471 2207.65
[    99.58 ] D: freq1 0.900556 2205.79
[    99.60 ] D: freq1 0.90064 2203.93
[    99.60 ] D: freq1 0.900725 2202.07
[    99.60 ] D: freq1 0.90081 2200.21
[    99.62 ] D: freq1 0.900894 2198.35
[    99.62 ] D: freq1 0.900979 2196.48
[    99.62 ] D: freq1 0.901064 2194.62
[    99.63 ] D: freq1 0.901148 2192.76
[    99.63 ] D: freq1 0.901233 2190.9
[    99.63 ] D: freq1 0.901317 2189.04
[    99.65 ] D: freq1 0.901402 2187.18
[    99.65 ] D: freq1 0.901487 2185.32
[    99.65 ] D: freq1 0.901571 2183.46
[    99.67 ] D: freq1 0.901656 2181.6
[    99.67 ] D: freq1 0.901741 2179.74
[    99.67 ] D: freq1 0.901825 2177.88
[    99.69 ] D: freq1 0.90191 2176.02
[    99.69 ] D: freq1 0.901995 2174.16
[    99.69 ] D: freq1 0.902079 2172.3
[    99.70 ] D: freq1 0.902164 2170.43
[    99.70 ] D: freq1 0.902249 2168.57
[    99.70 ] D: freq1 0.902333 2166.71
[    99.72 ] D: freq1 0.902418 2164.85
[    99.72 ] D: freq1 0.902503 2162.99
[    99.72 ] D: freq1 0.902587 2161.13
[    99.74 ] D: freq1 0.902672 2159.27
[    99.74 ] D: freq1 0.902757 2157.41
[    99.74 ] D: freq1 0.902841 2155.55
[    99.76 ] D: freq1 0.902926 2153.69
[    99.76 ] D: freq1 0.903011 2151.83
[    99.76 ] D: freq1 0.903095 2149.97
[    99.77 ] D: freq1 0.90318 2148.11
[    99.77 ] D: freq1 0.903265 2146.25
[    99.77 ] D: freq1 0.903349 2144.38
[    99.79 ] D: freq1 0.903434 2142.52
[    99.79 ] D: freq1 0.903518 2140.66
[    99.79 ] D: freq1 0.903603 2138.8
[    99.81 ] D: freq1 0.903688 2136.94
[    99.81 ] D: freq1 0.903772 2135.08
[    99.81 ] D: freq1 0.903857 2133.22
[    99.82 ] D: freq1 0.903942 2131.36
[    99.82 ] D: freq1 0.904026 2129.5
[    99.82 ] D: freq1 0.904111 2127.64
[    99.84 ] D: freq1 0.904196 2125.78
[    99.84 ] D: freq1 0.90428 2123.92
[    99.84 ] D: freq1 0.904365 2122.06
[    99.86 ] D: freq1 0.90445 2120.19
[    99.86 ] D: freq1 0.904534 2118.33
[    99.86 ] D: freq1 0.904619 2116.47
[    99.88 ] D: freq1 0.904704 2114.61
[    99.88 ] D: freq1 0.904788 2112.75
[    99.88 ] D: freq1 0.904873 2110.89
[    99.89 ] D: freq1 0.904958 2109.03
[    99.89 ] D: freq1 0.905042 2107.17
[    99.89 ] D: freq1 0.905127 2105.31
[    99.91 ] D: freq1 0.905212 2103.45
[    99.91 ] D: freq1 0.905296 2101.59
[    99.91 ] D: freq1 0.905381 2099.73
[    99.93 ] D: freq1 0.905466 2097.87
[    99.93 ] D: freq1 0.90555 2096.01
[    99.93 ] D: freq1 0.905635 2094.14
[    99.95 ] D: freq1 0.90572 2092.28
[    99.95 ] D: freq1 0.905804 2090.42
[    99.95 ] D: freq1 0.905889 2088.56
[    99.96 ] D: freq1 0.905974 2086.7
[    99.96 ] D: freq1 0.906058 2084.84
[    99.96 ] D: freq1 0.906143 2082.98
[    99.98 ] D: freq1 0.906228 2081.12
[    99.98 ] D: freq1 0.906312 2079.26
[    99.98 ] D: freq1 0.906397 2077.4
[   100.00 ] D: freq1 0.906482 2075.54
[   100.00 ] D: freq1 0.906566 2073.68
[   100.00 ] D: freq1 0.906651 2071.82
[   100.02 ] D: freq1 0.906735 2069.96
[   100.02 ] D: freq1 0.90682 2068.09
[   100.02 ] D: freq1 0.906905 2066.23
[   100.03 ] D: freq1 0.906989 2064.37
[   100.03 ] D: freq1 0.907074 2062.51
[   100.03 ] D: freq1 0.907159 2060.65
[   100.05 ] D: freq1 0.907243 2058.79
[   100.05 ] D: freq1 0.907328 2056.93
[   100.05 ] D: freq1 0.907413 2055.07
[   100.07 ] D: freq1 0.907497 2053.21
[   100.07 ] D: freq1 0.907582 2051.35
[   100.07 ] D: freq1 0.907667 2049.49
[   100.09 ] D: freq1 0.907751 2047.63
[   100.09 ] D: freq1 0.907836 2045.77
[   100.09 ] D: freq1 0.907921 2043.9
[   100.10 ] D: freq1 0.908005 2042.04
[   100.10 ] D: freq1 0.90809 2040.18
[   100.10 ] D: freq1 0.908175 2038.32
[   100.12 ] D: freq1 0.908259 2036.46
[   100.12 ] D: freq1 0.908344 2034.6
[   100.12 ] D: freq1 0.908429 2032.74
[   100.14 ] D: freq1 0.908513 2030.88
[   100.14 ] D: freq1 0.908598 2029.02
[   100.14 ] D: freq1 0.908683 2027.16
[   100.16 ] D: freq1 0.908767 2025.3
[   100.16 ] D: freq1 0.908852 2023.44
[   100.16 ] D: freq1 0.908937 2021.58
[   100.17 ] D: freq1 0.909021 2019.72
[   100.17 ] D: freq1 0.909106 2017.85
[   100.17 ] D: freq1 0.90919 2015.99
[   100.19 ] D: freq1 0.909275 2014.13
[   100.19 ] D: freq1 0.90936 2012.27
[   100.19 ] D: freq1 0.909444 2010.41
[   100.21 ] D: freq1 0.909529 2008.55
[   100.21 ] D: freq1 0.909614 2006.69
[   100.21 ] D: freq1 0.909698 2004.83
[   100.23 ] D: freq1 0.909783 2002.97
[   100.23 ] D: freq1 0.909868 2001.11
[   100.23 ] D: freq1 0.909952 1999.25
[   100.24 ] D: freq1 0.910037 1997.39
[   100.24 ] D: freq1 0.910122 1995.53
[   100.24 ] D: freq1 0.910206 1993.66
[   100.26 ] D: freq1 0.910291 1991.8
[   100.26 ] D: freq1 0.910376 1989.94
[   100.26 ] D: freq1 0.91046 1988.08
[   100.28 ] D: freq1 0.910545 1986.22
[   100.28 ] D: freq1 0.91063 1984.36
[   100.28 ] D: freq1 0.910714 1982.5
[   100.30 ] D: freq1 0.910799 1980.64
[   100.30 ] D: freq1 0.910884 1978.78
[   100.30 ] D: freq1 0.910968 1976.92
[   100.31 ] D: freq1 0.911053 1975.06
[   100.31 ] D: freq1 0.911138 1973.2
[   100.31 ] D: freq1 0.911222 1971.34
[   100.33 ] D: freq1 0.911307 1969.48
[   100.33 ] D: freq1 0.911392 1967.61
[   100.33 ] D: freq1 0.911476 1965.75
[   100.35 ] D: freq1 0.911561 1963.89
[   100.35 ] D: freq1 0.911646 1962.03
[   100.35 ] D: freq1 0.91173 1960.17
[   100.36 ] D: freq1 0.911815 1958.31
[   100.36 ] D: freq1 0.911899 1956.45
[   100.36 ] D: freq1 0.911984 1954.59
[   100.38 ] D: freq1 0.912069 1952.73
[   100.38 ] D: freq1 0.912153 1950.87
[   100.38 ] D: freq1 0.912238 1949.01
[   100.40 ] D: freq1 0.912323 1947.15
[   100.40 ] D: freq1 0.912407 1945.29
[   100.40 ] D: freq1 0.912492 1943.43
[   100.42 ] D: freq1 0.912577 1941.56
[   100.42 ] D: freq1 0.912661 1939.7
[   100.42 ] D: freq1 0.912746 1937.84
[   100.43 ] D: freq1 0.912831 1935.98
[   100.43 ] D: freq1 0.912915 1934.12
[   100.43 ] D: freq1 0.913 1932.26
[   100.45 ] D: freq1 0.913085 1930.4
[   100.45 ] D: freq1 0.913169 1928.54
[   100.45 ] D: freq1 0.913254 1926.68
[   100.47 ] D: freq1 0.913339 1924.82
[   100.47 ] D: freq1 0.913423 1922.96
[   100.47 ] D: freq1 0.913508 1921.1
[   100.49 ] D: freq1 0.913593 1919.24
[   100.49 ] D: freq1 0.913677 1917.37
[   100.49 ] D: freq1 0.913762 1915.51
[   100.50 ] D: freq1 0.913847 1913.65
[   100.50 ] D: freq1 0.913931 1911.79
[   100.50 ] D: freq1 0.914016 1909.93
[   100.52 ] D: freq1 0.914101 1908.07
[   100.52 ] D: freq1 0.914185 1906.21
[   100.52 ] D: freq1 0.91427 1904.35
[   100.54 ] D: freq1 0.914355 1902.49
[   100.54 ] D: freq1 0.914439 1900.63
[   100.54 ] D: freq1 0.914524 1898.77
[   100.56 ] D: freq1 0.914608 1896.91
[   100.56 ] D: freq1 0.914693 1895.05
[   100.56 ] D: freq1 0.914778 1893.18
[   100.57 ] D: freq1 0.914862 1891.32
[   100.57 ] D: freq1 0.914947 1889.46
[   100.57 ] D: freq1 0.915032 1887.6
[   100.59 ] D: freq1 0.915116 1885.74
[   100.59 ] D: freq1 0.915201 1883.88
[   100.59 ] D: freq1 0.915286 1882.02
[   100.61 ] D: freq1 0.91537 1880.16
[   100.61 ] D: freq1 0.915455 1878.3
[   100.61 ] D: freq1 0.91554 1876.44
[   100.63 ] D: freq1 0.915624 1874.58
[   100.63 ] D: freq1 0.915709 1872.72
[   100.63 ] D: freq1 0.915794 1870.86
[   100.64 ] D: freq1 0.915878 1869
[   100.64 ] D: freq1 0.915963 1867.13
[   100.64 ] D: freq1 0.916048 1865.27
[   100.66 ] D: freq1 0.916132 1863.41
[   100.66 ] D: freq1 0.916217 1861.55
[   100.66 ] D: freq1 0.916302 1859.69
[   100.68 ] D: freq1 0.916386 1857.83
[   100.68 ] D: freq1 0.916471 1855.97
[   100.68 ] D: freq1 0.916556 1854.11
[   100.70 ] D: freq1 0.91664 1852.25
[   100.70 ] D: freq1 0.916725 1850.39
[   100.70 ] D: freq1 0.916809 1848.53
[   100.71 ] D: freq1 0.916894 1846.67
[   100.71 ] D: freq1 0.916979 1844.81
[   100.71 ] D: freq1 0.917063 1842.94
[   100.73 ] D: freq1 0.917148 1841.08
[   100.73 ] D: freq1 0.917233 1839.22
[   100.73 ] D: freq1 0.917317 1837.36
[   100.75 ] D: freq1 0.917402 1835.5
[   100.75 ] D: freq1 0.917487 1833.64
[   100.75 ] D: freq1 0.917571 1831.78
[   100.77 ] D: freq1 0.917656 1829.92
[   100.77 ] D: freq1 0.917741 1828.06
[   100.77 ] D: freq1 0.917825 1826.2
[   100.78 ] D: freq1 0.91791 1824.34
[   100.78 ] D: freq1 0.917995 1822.48
[   100.78 ] D: freq1 0.918079 1820.62
[   100.80 ] D: freq1 0.918164 1818.75
[   100.80 ] D: freq1 0.918249 1816.89
[   100.80 ] D: freq1 0.918333 1815.03
[   100.82 ] D: freq1 0.918418 1813.17
[   100.82 ] D: freq1 0.918503 1811.31
[   100.82 ] D: freq1 0.918587 1809.45
[   100.83 ] D: freq1 0.918672 1807.59
[   100.83 ] D: freq1 0.918757 1805.73
[   100.83 ] D: freq1 0.918841 1803.87
[   100.85 ] D: freq1 0.918926 1802.01
[   100.85 ] D: freq1 0.919011 1800.15
[   100.85 ] D: freq1 0.919095 1798.29
[   100.87 ] D: freq1 0.91918 1796.43
[   100.87 ] D: freq1 0.919265 1794.57
[   100.87 ] D: freq1 0.919349 1792.7
[   100.89 ] D: freq1 0.919434 1790.84
[   100.89 ] D: freq1 0.919519 1788.98
[   100.89 ] D: freq1 0.919603 1787.12
[   100.90 ] D: freq1 0.919688 1785.26
[   100.90 ] D: freq1 0.919773 1783.4
[   100.90 ] D: freq1 0.919857 1781.54
[   100.92 ] D: freq1 0.919942 1779.68
[   100.92 ] D: AsyncFileReader 3 8
[   100.92 ] D: freq1 0.920026 1777.82
[   100.92 ] D: freq1 0.920111 1775.96
[   100.94 ] D: freq1 0.920196 1774.1
[   100.94 ] D: freq1 0.92028 1772.24
[   100.94 ] D: freq1 0.920365 1770.38
[   100.96 ] D: freq1 0.92045 1768.51
[   100.96 ] D: freq1 0.920534 1766.65
[   100.96 ] D: freq1 0.920619 1764.79
[   100.97 ] D: freq1 0.920704 1762.93
[   100.97 ] D: freq1 0.920788 1761.07
[   100.97 ] D: freq1 0.920873 1759.21
[   100.99 ] D: freq1 0.920958 1757.35
[   100.99 ] D: freq1 0.921042 1755.49
[   100.99 ] D: freq1 0.921127 1753.63
[   101.01 ] D: freq1 0.921212 1751.77
[   101.01 ] D: freq1 0.921296 1749.91
[   101.01 ] D: freq1 0.921381 1748.05
[   101.03 ] D: freq1 0.921466 1746.19
[   101.03 ] D: freq1 0.92155 1744.32
[   101.03 ] D: freq1 0.921635 1742.46
[   101.04 ] D: freq1 0.92172 1740.6
[   101.04 ] D: freq1 0.921804 1738.74
[   101.04 ] D: freq1 0.921889 1736.88
[   101.06 ] D: freq1 0.921974 1735.02
[   101.06 ] D: freq1 0.922058 1733.16
[   101.06 ] D: freq1 0.922143 1731.3
[   101.08 ] D: freq1 0.922228 1729.44
[   101.08 ] D: freq1 0.922312 1727.58
[   101.08 ] D: freq1 0.922397 1725.72
[   101.10 ] D: freq1 0.922481 1723.86
[   101.10 ] D: freq1 0.922566 1722
[   101.10 ] D: freq1 0.922651 1720.14
[   101.11 ] D: freq1 0.922735 1718.27
[   101.11 ] D: freq1 0.92282 1716.41
[   101.11 ] D: freq1 0.922905 1714.55
[   101.13 ] D: freq1 0.922989 1712.69
[   101.13 ] D: freq1 0.923074 1710.83
[   101.13 ] D: freq1 0.923159 1708.97
[   101.15 ] D: freq1 0.923243 1707.11
[   101.15 ] D: freq1 0.923328 1705.25
[   101.15 ] D: freq1 0.923413 1703.39
[   101.17 ] D: freq1 0.923497 1701.53
[   101.17 ] D: freq1 0.923582 1699.67
[   101.17 ] D: freq1 0.923667 1697.81
[   101.18 ] D: freq1 0.923751 1695.95
[   101.18 ] D: freq1 0.923836 1694.08
[   101.18 ] D: freq1 0.923921 1692.22
[   101.20 ] D: freq1 0.924005 1690.36
[   101.20 ] D: freq1 0.92409 1688.5
[   101.20 ] D: freq1 0.924175 1686.64
[   101.22 ] D: freq1 0.924259 1684.78
[   101.22 ] D: freq1 0.924344 1682.92
[   101.22 ] D: freq1 0.924429 1681.06
[   101.24 ] D: freq1 0.924513 1679.2
[   101.24 ] D: freq1 0.924598 1677.34
[   101.24 ] D: freq1 0.924683 1675.48
[   101.25 ] D: freq1 0.924767 1673.62
[   101.25 ] D: freq1 0.924852 1671.76
[   101.25 ] D: freq1 0.924937 1669.9
[   101.27 ] D: freq1 0.925021 1668.03
[   101.27 ] D: freq1 0.925106 1666.17
[   101.27 ] D: freq1 0.92519 1664.31
[   101.29 ] D: freq1 0.925275 1662.45
[   101.29 ] D: freq1 0.92536 1660.59
[   101.29 ] D: freq1 0.925444 1658.73
[   101.31 ] D: freq1 0.925529 1656.87
[   101.31 ] D: freq1 0.925614 1655.01
[   101.31 ] D: freq1 0.925698 1653.15
[   101.32 ] D: freq1 0.925783 1651.29
[   101.32 ] D: freq1 0.925868 1649.43
[   101.32 ] D: freq1 0.925952 1647.57
[   101.34 ] D: freq1 0.926037 1645.71
[   101.34 ] D: freq1 0.926122 1643.84
[   101.34 ] D: freq1 0.926206 1641.98
[   101.36 ] D: freq1 0.926291 1640.12
[   101.36 ] D: freq1 0.926376 1638.26
[   101.36 ] D: freq1 0.92646 1636.4
[   101.37 ] D: freq1 0.926545 1634.54
[   101.37 ] D: freq1 0.92663 1632.68
[   101.37 ] D: freq1 0.926714 1630.82
[   101.39 ] D: freq1 0.926799 1628.96
[   101.39 ] D: freq1 0.926884 1627.1
[   101.39 ] D: freq1 0.926968 1625.24
[   101.41 ] D: freq1 0.927053 1623.38
[   101.41 ] D: freq1 0.927138 1621.52
[   101.41 ] D: freq1 0.927222 1619.65
[   101.43 ] D: freq1 0.927307 1617.79
[   101.43 ] D: freq1 0.927392 1615.93
[   101.43 ] D: freq1 0.927476 1614.07
[   101.44 ] D: freq1 0.927561 1612.21
[   101.44 ] D: freq1 0.927646 1610.35
[   101.44 ] D: freq1 0.92773 1608.49
[   101.46 ] D: freq1 0.927815 1606.63
[   101.46 ] D: freq1 0.927899 1604.77
[   101.46 ] D: freq1 0.927984 1602.91
[   101.48 ] D: freq1 0.928069 1601.05
[   101.48 ] D: freq1 0.928153 1599.19
[   101.48 ] D: freq1 0.928238 1597.33
[   101.50 ] D: freq1 0.928323 1595.47
[   101.50 ] D: freq1 0.928407 1593.6
[   101.50 ] D: freq1 0.928492 1591.74
[   101.51 ] D: freq1 0.928577 1589.88
[   101.51 ] D: freq1 0.928661 1588.02
[   101.51 ] D: freq1 0.928746 1586.16
[   101.53 ] D: freq1 0.928831 1584.3
[   101.53 ] D: freq1 0.928915 1582.44
[   101.53 ] D: freq1 0.929 1580.58
[   101.55 ] D: freq1 0.929085 1578.72
[   101.55 ] D: freq1 0.929169 1576.86
[   101.55 ] D: freq1 0.929254 1575
[   101.57 ] D: freq1 0.929339 1573.14
[   101.57 ] D: freq1 0.929423 1571.28
[   101.57 ] D: freq1 0.929508 1569.42
[   101.58 ] D: freq1 0.929593 1567.55
[   101.58 ] D: freq1 0.929677 1565.69
[   101.58 ] D: freq1 0.929762 1563.83
[   101.60 ] D: freq1 0.929847 1561.97
[   101.60 ] D: freq1 0.929931 1560.11
[   101.60 ] D: freq1 0.930016 1558.25
[   101.62 ] D: freq1 0.930101 1556.39
[   101.62 ] D: freq1 0.930185 1554.53
[   101.62 ] D: freq1 0.93027 1552.67
[   101.64 ] D: freq1 0.930354 1550.81
[   101.64 ] D: freq1 0.930439 1548.95
[   101.64 ] D: freq1 0.930524 1547.09
[   101.65 ] D: freq1 0.930608 1545.23
[   101.65 ] D: freq1 0.930693 1543.36
[   101.65 ] D: freq1 0.930778 1541.5
[   101.67 ] D: freq1 0.930862 1539.64
[   101.67 ] D: freq1 0.930947 1537.78
[   101.67 ] D: freq1 0.931032 1535.92
[   101.69 ] D: freq1 0.931116 1534.06
[   101.69 ] D: freq1 0.931201 1532.2
[   101.69 ] D: freq1 0.931286 1530.34
[   101.71 ] D: freq1 0.93137 1528.48
[   101.71 ] D: freq1 0.931455 1526.62
[   101.71 ] D: freq1 0.93154 1524.76
[   101.72 ] D: freq1 0.931624 1522.9
[   101.72 ] D: freq1 0.931709 1521.04
[   101.72 ] D: freq1 0.931794 1519.18
[   101.74 ] D: freq1 0.931878 1517.31
[   101.74 ] D: freq1 0.931963 1515.45
[   101.74 ] D: freq1 0.932048 1513.59
[   101.76 ] D: freq1 0.932132 1511.73
[   101.76 ] D: freq1 0.932217 1509.87
[   101.76 ] D: freq1 0.932302 1508.01
[   101.78 ] D: freq1 0.932386 1506.15
[   101.78 ] D: freq1 0.932471 1504.29
[   101.78 ] D: freq1 0.932556 1502.43
[   101.79 ] D: freq1 0.93264 1500.57
[   101.79 ] D: freq1 0.932725 1498.71
[   101.79 ] D: freq1 0.93281 1496.85
[   101.81 ] D: freq1 0.932894 1494.99
[   101.81 ] D: freq1 0.932979 1493.13
[   101.81 ] D: freq1 0.933064 1491.26
[   101.83 ] D: freq1 0.933148 1489.4
[   101.83 ] D: freq1 0.933233 1487.54
[   101.83 ] D: freq1 0.933317 1485.68
[   101.84 ] D: freq1 0.933402 1483.82
[   101.84 ] D: freq1 0.933487 1481.96
[   101.84 ] D: freq1 0.933571 1480.1
[   101.86 ] D: freq1 0.933656 1478.24
[   101.86 ] D: freq1 0.933741 1476.38
[   101.86 ] D: freq1 0.933825 1474.52
[   101.88 ] D: freq1 0.93391 1472.66
[   101.88 ] D: freq1 0.933995 1470.8
[   101.88 ] D: freq1 0.934079 1468.94
[   101.90 ] D: freq1 0.934164 1467.07
[   101.90 ] D: freq1 0.934249 1465.21
[   101.90 ] D: freq1 0.934333 1463.35
[   101.91 ] D: freq1 0.934418 1461.49
[   101.91 ] D: freq1 0.934503 1459.63
[   101.91 ] D: freq1 0.934587 1457.77
[   101.93 ] D: freq1 0.934672 1455.91
[   101.93 ] D: freq1 0.934757 1454.05
[   101.93 ] D: freq1 0.934841 1452.19
[   101.95 ] D: freq1 0.934926 1450.33
[   101.95 ] D: freq1 0.935011 1448.47
[   101.95 ] D: freq1 0.935095 1446.61
[   101.97 ] D: freq1 0.93518 1444.75
[   101.97 ] D: freq1 0.935265 1442.89
[   101.97 ] D: freq1 0.935349 1441.02
[   101.98 ] D: freq1 0.935434 1439.16
[   101.98 ] D: freq1 0.935519 1437.3
[   101.98 ] D: freq1 0.935603 1435.44
[   102.00 ] D: freq1 0.935688 1433.58
[   102.00 ] D: freq1 0.935772 1431.72
[   102.00 ] D: freq1 0.935857 1429.86
[   102.02 ] D: freq1 0.935942 1428
[   102.02 ] D: freq1 0.936026 1426.14
[   102.02 ] D: freq1 0.936111 1424.28
[   102.04 ] D: freq1 0.936196 1422.42
[   102.04 ] D: freq1 0.93628 1420.56
[   102.04 ] D: freq1 0.936365 1418.7
[   102.05 ] D: freq1 0.93645 1416.84
[   102.05 ] D: freq1 0.936534 1414.97
[   102.05 ] D: freq1 0.936619 1413.11
[   102.07 ] D: freq1 0.936704 1411.25
[   102.07 ] D: freq1 0.936788 1409.39
[   102.07 ] D: freq1 0.936873 1407.53
[   102.09 ] D: freq1 0.936958 1405.67
[   102.09 ] D: freq1 0.937042 1403.81
[   102.09 ] D: freq1 0.937127 1401.95
[   102.11 ] D: freq1 0.937212 1400.09
[   102.11 ] D: freq1 0.937296 1398.23
[   102.11 ] D: freq1 0.937381 1396.37
[   102.12 ] D: freq1 0.937466 1394.51
[   102.12 ] D: freq1 0.93755 1392.65
[   102.12 ] D: freq1 0.937635 1390.78
[   102.14 ] D: freq1 0.93772 1388.92
[   102.14 ] D: freq1 0.937804 1387.06
[   102.14 ] D: freq1 0.937889 1385.2
[   102.16 ] D: freq1 0.937974 1383.34
[   102.16 ] D: freq1 0.938058 1381.48
[   102.16 ] D: freq1 0.938143 1379.62
[   102.18 ] D: freq1 0.938228 1377.76
[   102.18 ] D: freq1 0.938312 1375.9
[   102.18 ] D: freq1 0.938397 1374.04
[   102.19 ] D: freq1 0.938482 1372.18
[   102.19 ] D: freq1 0.938566 1370.32
[   102.19 ] D: freq1 0.938651 1368.46
[   102.21 ] D: freq1 0.938735 1366.6
[   102.21 ] D: freq1 0.93882 1364.73
[   102.21 ] D: freq1 0.938905 1362.87
[   102.23 ] D: freq1 0.938989 1361.01
[   102.23 ] D: freq1 0.939074 1359.15
[   102.23 ] D: freq1 0.939159 1357.29
[   102.25 ] D: freq1 0.939243 1355.43
[   102.25 ] D: freq1 0.939328 1353.57
[   102.25 ] D: freq1 0.939413 1351.71
[   102.26 ] D: freq1 0.939497 1349.85
[   102.26 ] D: freq1 0.939582 1347.99
[   102.26 ] D: freq1 0.939667 1346.13
[   102.28 ] D: freq1 0.939751 1344.27
[   102.28 ] D: freq1 0.939836 1342.41
[   102.28 ] D: freq1 0.939921 1340.54
[   102.30 ] D: freq1 0.940005 1338.68
[   102.30 ] D: freq1 0.94009 1336.82
[   102.30 ] D: freq1 0.940175 1334.96
[   102.32 ] D: freq1 0.940259 1333.1
[   102.32 ] D: freq1 0.940344 1331.24
[   102.32 ] D: freq1 0.940429 1329.38
[   102.33 ] D: freq1 0.940513 1327.52
[   102.33 ] D: freq1 0.940598 1325.66
[   102.33 ] D: freq1 0.940683 1323.8
[   102.35 ] D: freq1 0.940767 1321.94
[   102.35 ] D: freq1 0.940852 1320.08
[   102.35 ] D: freq1 0.940937 1318.22
[   102.37 ] D: freq1 0.941021 1316.36
[   102.37 ] D: freq1 0.941106 1314.49
[   102.37 ] D: freq1 0.94119 1312.63
[   102.38 ] D: freq1 0.941275 1310.77
[   102.38 ] D: freq1 0.94136 1308.91
[   102.38 ] D: freq1 0.941444 1307.05
[   102.40 ] D: freq1 0.941529 1305.19
[   102.40 ] D: freq1 0.941614 1303.33
[   102.40 ] D: AsyncFileReader 4 9
[   102.40 ] D: freq1 0.941698 1301.47
[   102.42 ] D: freq1 0.941783 1299.61
[   102.42 ] D: freq1 0.941868 1297.75
[   102.42 ] D: freq1 0.941952 1295.89
[   102.44 ] D: freq1 0.942037 1294.03
[   102.44 ] D: freq1 0.942122 1292.17
[   102.44 ] D: freq1 0.942206 1290.31
[   102.45 ] D: freq1 0.942291 1288.44
[   102.45 ] D: freq1 0.942376 1286.58
[   102.45 ] D: freq1 0.94246 1284.72
[   102.47 ] D: freq1 0.942545 1282.86
[   102.47 ] D: freq1 0.94263 1281
[   102.47 ] D: freq1 0.942714 1279.14
[   102.49 ] D: freq1 0.942799 1277.28
[   102.49 ] D: freq1 0.942884 1275.42
[   102.49 ] D: freq1 0.942968 1273.56
[   102.51 ] D: freq1 0.943053 1271.7
[   102.51 ] D: freq1 0.943138 1269.84
[   102.51 ] D: freq1 0.943222 1267.98
[   102.52 ] D: freq1 0.943307 1266.12
[   102.52 ] D: freq1 0.943392 1264.25
[   102.52 ] D: freq1 0.943476 1262.39
[   102.54 ] D: freq1 0.943561 1260.53
[   102.54 ] D: freq1 0.943645 1258.67
[   102.54 ] D: freq1 0.94373 1256.81
[   102.56 ] D: freq1 0.943815 1254.95
[   102.56 ] D: freq1 0.943899 1253.09
[   102.56 ] D: freq1 0.943984 1251.23
[   102.58 ] D: freq1 0.944069 1249.37
[   102.58 ] D: freq1 0.944153 1247.51
[   102.58 ] D: freq1 0.944238 1245.65
[   102.59 ] D: freq1 0.944323 1243.79
[   102.59 ] D: freq1 0.944407 1241.93
[   102.59 ] D: freq1 0.944492 1240.06
[   102.61 ] D: freq1 0.944577 1238.2
[   102.61 ] D: freq1 0.944661 1236.34
[   102.61 ] D: freq1 0.944746 1234.48
[   102.63 ] D: freq1 0.944831 1232.62
[   102.63 ] D: freq1 0.944915 1230.76
[   102.63 ] D: freq1 0.945 1228.9
[   102.65 ] D: freq1 0.945085 1227.04
[   102.65 ] D: freq1 0.945169 1225.18
[   102.65 ] D: freq1 0.945254 1223.32
[   102.66 ] D: freq1 0.945339 1221.46
[   102.66 ] D: freq1 0.945423 1219.6
[   102.66 ] D: freq1 0.945508 1217.74
[   102.68 ] D: freq1 0.945593 1215.88
[   102.68 ] D: freq1 0.945677 1214.01
[   102.68 ] D: freq1 0.945762 1212.15
[   102.70 ] D: freq1 0.945847 1210.29
[   102.70 ] D: freq1 0.945931 1208.43
[   102.70 ] D: freq1 0.946016 1206.57
[   102.72 ] D: freq1 0.946101 1204.71
[   102.72 ] D: freq1 0.946185 1202.85
[   102.72 ] D: freq1 0.94627 1200.99
[   102.73 ] D: freq1 0.946355 1199.13
[   102.73 ] D: freq1 0.946439 1197.27
[   102.73 ] D: freq1 0.946524 1195.41
[   102.75 ] D: freq1 0.946608 1193.55
[   102.75 ] D: freq1 0.946693 1191.69
[   102.75 ] D: freq1 0.946778 1189.82
[   102.77 ] D: freq1 0.946862 1187.96
[   102.77 ] D: freq1 0.946947 1186.1
[   102.77 ] D: freq1 0.947032 1184.24
[   102.79 ] D: freq1 0.947116 1182.38
[   102.79 ] D: freq1 0.947201 1180.52
[   102.79 ] D: freq1 0.947286 1178.66
[   102.80 ] D: freq1 0.94737 1176.8
[   102.80 ] D: freq1 0.947455 1174.94
[   102.80 ] D: freq1 0.94754 1173.08
[   102.82 ] D: freq1 0.947624 1171.22
[   102.82 ] D: freq1 0.947709 1169.36
[   102.82 ] D: freq1 0.947794 1167.5
[   102.84 ] D: freq1 0.947878 1165.63
[   102.84 ] D: freq1 0.947963 1163.77
[   102.84 ] D: freq1 0.948048 1161.91
[   102.86 ] D: freq1 0.948132 1160.05
[   102.86 ] D: freq1 0.948217 1158.19
[   102.86 ] D: freq1 0.948302 1156.33
[   102.87 ] D: freq1 0.948386 1154.47
[   102.87 ] D: freq1 0.948471 1152.61
[   102.87 ] D: freq1 0.948556 1150.75
[   102.89 ] D: freq1 0.94864 1148.89
[   102.89 ] D: freq1 0.948725 1147.03
[   102.89 ] D: freq1 0.94881 1145.17
[   102.91 ] D: freq1 0.948894 1143.31
[   102.91 ] D: freq1 0.948979 1141.45
[   102.91 ] D: freq1 0.949063 1139.58
[   102.92 ] D: freq1 0.949148 1137.72
[   102.92 ] D: freq1 0.949233 1135.86
[   102.92 ] D: freq1 0.949317 1134
[   102.94 ] D: freq1 0.949402 1132.14
[   102.94 ] D: freq1 0.949487 1130.28
[   102.94 ] D: freq1 0.949571 1128.42
[   102.96 ] D: freq1 0.949656 1126.56
[   102.96 ] D: freq1 0.949741 1124.7
[   102.96 ] D: freq1 0.949825 1122.84
[   102.98 ] D: freq1 0.94991 1120.98
[   102.98 ] D: freq1 0.949995 1119.12
[   102.98 ] D: freq1 0.95 1119
[   102.99 ] D: freq1 0.95 1119
[   102.99 ] D: freq1 0.95 1119
[   102.99 ] D: freq1 0.95 1119
[   103.01 ] D: freq1 0.95 1119
[   103.01 ] D: freq1 0.95 1119
[   103.01 ] D: freq1 0.95 1119
[   103.03 ] D: freq1 0.95 1119
[   103.03 ] D: freq1 0.95 1119
[   103.03 ] D: freq1 0.95 1119
[   103.05 ] D: freq1 0.95 1119
[   103.05 ] D: freq1 0.95 1119
[   103.05 ] D: freq1 0.95 1119
[   103.06 ] D: freq1 0.95 1119
[   103.06 ] D: freq1 0.95 1119
[   103.06 ] D: freq1 0.95 1119
[   103.08 ] D: freq1 0.95 1119
[   103.08 ] D: freq1 0.95 1119
[   103.08 ] D: freq1 0.95 1119
[   103.10 ] D: freq1 0.95 1119
[   103.10 ] D: freq1 0.95 1119
[   103.10 ] D: freq1 0.95 1119
[   103.12 ] D: freq1 0.95 1119
[   103.12 ] D: freq1 0.95 1119
[   103.12 ] D: freq1 0.95 1119
[   103.13 ] D: freq1 0.95 1119
[   103.13 ] D: freq1 0.95 1119
[   103.13 ] D: freq1 0.95 1119
[   103.15 ] D: freq1 0.95 1119
[   103.15 ] D: freq1 0.95 1119
[   103.15 ] D: freq1 0.95 1119
[   103.17 ] D: freq1 0.95 1119
[   103.17 ] D: freq1 0.95 1119
[   103.17 ] D: freq1 0.95 1119
[   103.19 ] D: freq1 0.95 1119
[   103.19 ] D: freq1 0.95 1119
[   103.19 ] D: freq1 0.95 1119
[   103.20 ] D: freq1 0.95 1119
[   103.20 ] D: freq1 0.95 1119
[   103.20 ] D: freq1 0.95 1119
[   103.22 ] D: freq1 0.95 1119
[   103.22 ] D: freq1 0.95 1119
[   103.22 ] D: freq1 0.95 1119
[   103.24 ] D: freq1 0.95 1119
[   103.24 ] D: freq1 0.95 1119
[   103.24 ] D: freq1 0.95 1119
[   103.26 ] D: freq1 0.95 1119
[   103.26 ] D: freq1 0.95 1119
[   103.26 ] D: freq1 0.95 1119
[   103.27 ] D: freq1 0.95 1119
[   103.27 ] D: freq1 0.95 1119
[   103.27 ] D: freq1 0.95 1119
[   103.29 ] D: freq1 0.95 1119
[   103.29 ] D: freq1 0.95 1119
[   103.29 ] D: freq1 0.95 1119
[   103.31 ] D: freq1 0.95 1119
[   103.31 ] D: freq1 0.95 1119
[   103.31 ] D: freq1 0.95 1119
[   103.33 ] D: freq1 0.95 1119
[   103.33 ] D: freq1 0.95 1119
[   103.33 ] D: freq1 0.95 1119
[   103.34 ] D: freq1 0.95 1119
[   103.34 ] D: freq1 0.95 1119
[   103.34 ] D: freq1 0.95 1119
[   103.36 ] D: freq1 0.95 1119
[   103.36 ] D: freq1 0.95 1119
[   103.36 ] D: freq1 0.95 1119
[   103.38 ] D: freq1 0.95 1119
[   103.38 ] D: freq1 0.95 1119
[   103.38 ] D: freq1 0.95 1119
[   103.39 ] D: freq1 0.95 1119
[   103.39 ] D: freq1 0.95 1119
[   103.39 ] D: freq1 0.95 1119
[   103.41 ] D: freq1 0.95 1119
[   103.41 ] D: freq1 0.95 1119
[   103.41 ] D: freq1 0.95 1119
[   103.43 ] D: freq1 0.95 1119
[   103.43 ] D: freq1 0.95 1119
[   103.43 ] D: freq1 0.95 1119
[   103.45 ] D: freq1 0.95 1119
[   103.45 ] D: freq1 0.95 1119
[   103.45 ] D: freq1 0.95 1119
[   103.46 ] D: freq1 0.95 1119
[   103.46 ] D: freq1 0.95 1119
[   103.46 ] D: freq1 0.95 1119
[   103.48 ] D: freq1 0.95 1119
[   103.48 ] D: freq1 0.95 1119
[   103.48 ] D: freq1 0.95 1119
[   103.50 ] D: freq1 0.95 1119
[   103.50 ] D: freq1 0.95 1119
[   103.50 ] D: freq1 0.95 1119
[   103.52 ] D: freq1 0.95 1119
[   103.52 ] D: freq1 0.95 1119
[   103.52 ] D: freq1 0.95 1119
[   103.53 ] D: freq1 0.95 1119
[   103.53 ] D: freq1 0.95 1119
[   103.53 ] D: freq1 0.95 1119
[   103.55 ] D: freq1 0.95 1119
[   103.55 ] D: freq1 0.95 1119
[   103.55 ] D: freq1 0.95 1119
[   103.57 ] D: freq1 0.95 1119
[   103.57 ] D: freq1 0.95 1119
[   103.57 ] D: freq1 0.95 1119
[   103.59 ] D: freq1 0.95 1119
[   103.59 ] D: freq1 0.95 1119
[   103.59 ] D: freq1 0.95 1119
[   103.60 ] D: freq1 0.95 1119
[   103.60 ] D: freq1 0.95 1119
[   103.60 ] D: freq1 0.95 1119
[   103.62 ] D: freq1 0.95 1119
[   103.62 ] D: freq1 0.95 1119
[   103.62 ] D: freq1 0.95 1119
[   103.64 ] D: freq1 0.95 1119
[   103.64 ] D: freq1 0.95 1119
[   103.64 ] D: freq1 0.95 1119
[   103.66 ] D: freq1 0.95 1119
[   103.66 ] D: freq1 0.95 1119
[   103.66 ] D: freq1 0.95 1119
[   103.67 ] D: freq1 0.95 1119
[   103.67 ] D: freq1 0.95 1119
[   103.67 ] D: freq1 0.95 1119
[   103.69 ] D: freq1 0.95 1119
[   103.69 ] D: freq1 0.95 1119
[   103.69 ] D: freq1 0.95 1119
[   103.71 ] D: freq1 0.95 1119
[   103.71 ] D: freq1 0.95 1119
[   103.71 ] D: freq1 0.95 1119
[   103.73 ] D: freq1 0.95 1119
[   103.73 ] D: freq1 0.95 1119
[   103.73 ] D: freq1 0.95 1119
[   103.74 ] D: freq1 0.95 1119
[   103.74 ] D: freq1 0.95 1119
[   103.74 ] D: freq1 0.95 1119
[   103.76 ] D: freq1 0.95 1119
[   103.76 ] D: freq1 0.95 1119
[   103.76 ] D: freq1 0.95 1119
[   103.78 ] D: freq1 0.95 1119
[   103.78 ] D: freq1 0.95 1119
[   103.78 ] D: freq1 0.95 1119
[   103.80 ] D: freq1 0.95 1119
[   103.80 ] D: freq1 0.95 1119
[   103.80 ] D: freq1 0.95 1119
[   103.81 ] D: freq1 0.95 1119
[   103.81 ] D: freq1 0.95 1119
[   103.81 ] D: freq1 0.95 1119
[   103.83 ] D: freq1 0.95 1119
[   103.83 ] D: freq1 0.95 1119
[   103.83 ] D: freq1 0.95 1119
[   103.85 ] D: freq1 0.95 1119
[   103.85 ] D: freq1 0.95 1119
[   103.85 ] D: freq1 0.95 1119
[   103.87 ] D: freq1 0.95 1119
[   103.87 ] D: freq1 0.95 1119
[   103.87 ] D: freq1 0.95 1119
[   103.88 ] D: freq1 0.95 1119
[   103.88 ] D: freq1 0.95 1119
[   103.88 ] D: freq1 0.95 1119
[   103.90 ] D: AsyncFileReader 0 10
[   103.90 ] D: freq1 0.95 1119
[   103.90 ] D: freq1 0.95 1119
[   103.90 ] D: freq1 0.95 1119
[   103.92 ] D: freq1 0.95 1119
[   103.92 ] D: freq1 0.95 1119
[   103.92 ] D: freq1 0.95 1119
[   103.93 ] D: freq1 0.95 1119
[   103.93 ] D: freq1 0.95 1119
[   103.93 ] D: freq1 0.95 1119
[   103.95 ] D: freq1 0.95 1119
[   103.95 ] D: freq1 0.95 1119
[   103.95 ] D: freq1 0.95 1119
[   103.97 ] D: freq1 0.95 1119
[   103.97 ] D: freq1 0.95 1119
[   103.97 ] D: freq1 0.95 1119
[   103.99 ] D: freq1 0.95 1119
[   103.99 ] D: freq1 0.95 1119
[   103.99 ] D: freq1 0.95 1119
[   104.00 ] D: freq1 0.95 1119
[   104.00 ] D: freq1 0.95 1119
[   104.00 ] D: freq1 0.95 1119
[   104.02 ] D: freq1 0.95 1119
[   104.02 ] D: freq1 0.95 1119
[   104.02 ] D: freq1 0.95 1119
[   104.04 ] D: freq1 0.95 1119
[   104.04 ] D: freq1 0.95 1119
[   104.04 ] D: freq1 0.95 1119
[   104.06 ] D: freq1 0.95 1119
[   104.06 ] D: freq1 0.95 1119
[   104.06 ] D: freq1 0.95 1119
[   104.07 ] D: freq1 0.95 1119
[   104.07 ] D: freq1 0.95 1119
[   104.07 ] D: freq1 0.95 1119
[   104.09 ] D: freq1 0.95 1119
[   104.09 ] D: freq1 0.95 1119
[   104.09 ] D: freq1 0.95 1119
[   104.11 ] D: freq1 0.95 1119
[   104.11 ] D: freq1 0.95 1119
[   104.11 ] D: freq1 0.95 1119
[   104.13 ] D: freq1 0.95 1119
[   104.13 ] D: freq1 0.95 1119
[   104.13 ] D: freq1 0.95 1119
[   104.14 ] D: freq1 0.95 1119
[   104.14 ] D: freq1 0.95 1119
[   104.14 ] D: freq1 0.95 1119
[   104.16 ] D: freq1 0.95 1119
[   104.16 ] D: freq1 0.95 1119
[   104.16 ] D: freq1 0.95 1119
[   104.18 ] D: freq1 0.95 1119
[   104.18 ] D: freq1 0.95 1119
[   104.18 ] D: freq1 0.95 1119
[   104.20 ] D: freq1 0.95 1119
[   104.20 ] D: freq1 0.95 1119
[   104.20 ] D: freq1 0.95 1119
[   104.21 ] D: freq1 0.95 1119
[   104.21 ] D: freq1 0.95 1119
[   104.21 ] D: freq1 0.95 1119
[   104.23 ] D: freq1 0.95 1119
[   104.23 ] D: freq1 0.95 1119
[   104.23 ] D: freq1 0.95 1119
[   104.25 ] D: freq1 0.95 1119
[   104.25 ] D: freq1 0.95 1119
[   104.25 ] D: freq1 0.95 1119
[   104.27 ] D: freq1 0.95 1119
[   104.27 ] D: freq1 0.95 1119
[   104.27 ] D: freq1 0.95 1119
[   104.28 ] D: freq1 0.95 1119
[   104.28 ] D: freq1 0.95 1119
[   104.28 ] D: freq1 0.95 1119
[   104.30 ] D: freq1 0.95 1119
[   104.30 ] D: freq1 0.95 1119
[   104.30 ] D: freq1 0.95 1119
[   104.32 ] D: freq1 0.95 1119
[   104.32 ] D: freq1 0.95 1119
[   104.32 ] D: freq1 0.95 1119
[   104.34 ] D: freq1 0.95 1119
[   104.34 ] D: freq1 0.95 1119
[   104.34 ] D: freq1 0.95 1119
[   104.35 ] D: freq1 0.95 1119
[   104.35 ] D: freq1 0.95 1119
[   104.35 ] D: freq1 0.95 1119
[   104.37 ] D: freq1 0.95 1119
[   104.37 ] D: freq1 0.95 1119
[   104.37 ] D: freq1 0.95 1119
[   104.39 ] D: freq1 0.95 1119
[   104.39 ] D: freq1 0.95 1119
[   104.39 ] D: freq1 0.95 1119
[   104.40 ] D: freq1 0.95 1119
[   104.40 ] D: freq1 0.95 1119
[   104.40 ] D: freq1 0.95 1119
[   104.42 ] D: freq1 0.95 1119
[   104.42 ] D: freq1 0.95 1119
[   104.42 ] D: freq1 0.95 1119
[   104.44 ] D: freq1 0.95 1119
[   104.44 ] D: freq1 0.95 1119
[   104.44 ] D: freq1 0.95 1119
[   104.46 ] D: freq1 0.95 1119
[   104.46 ] D: freq1 0.95 1119
[   104.46 ] D: freq1 0.95 1119
[   104.47 ] D: freq1 0.95 1119
[   104.47 ] D: freq1 0.95 1119
[   104.47 ] D: freq1 0.95 1119
[   104.49 ] D: freq1 0.95 1119
[   104.49 ] D: freq1 0.95 1119
[   104.49 ] D: freq1 0.95 1119
[   104.51 ] D: freq1 0.95 1119
[   104.51 ] D: freq1 0.95 1119
[   104.51 ] D: freq1 0.95 1119
[   104.53 ] D: freq1 0.95 1119
[   104.53 ] D: freq1 0.95 1119
[   104.53 ] D: freq1 0.95 1119
[   104.54 ] D: freq1 0.95 1119
[   104.54 ] D: freq1 0.95 1119
[   104.54 ] D: freq1 0.95 1119
[   104.56 ] D: freq1 0.95 1119
[   104.56 ] D: freq1 0.95 1119
[   104.56 ] D: freq1 0.95 1119
[   104.58 ] D: freq1 0.95 1119
[   104.58 ] D: freq1 0.95 1119
[   104.58 ] D: freq1 0.95 1119
[   104.60 ] D: freq1 0.95 1119
[   104.60 ] D: freq1 0.95 1119
[   104.60 ] D: freq1 0.95 1119
[   104.61 ] D: freq1 0.95 1119
[   104.61 ] D: freq1 0.95 1119
[   104.61 ] D: freq1 0.95 1119
[   104.63 ] D: freq1 0.95 1119
[   104.63 ] D: freq1 0.95 1119
[   104.63 ] D: freq1 0.95 1119
[   104.65 ] D: freq1 0.95 1119
[   104.65 ] D: freq1 0.95 1119
[   104.65 ] D: freq1 0.95 1119
[   104.67 ] D: freq1 0.95 1119
[   104.67 ] D: freq1 0.95 1119
[   104.67 ] D: freq1 0.95 1119
[   104.68 ] D: freq1 0.95 1119
[   104.68 ] D: freq1 0.95 1119
[   104.68 ] D: freq1 0.95 1119
[   104.70 ] D: freq1 0.95 1119
[   104.70 ] D: freq1 0.95 1119
[   104.70 ] D: freq1 0.95 1119
[   104.72 ] D: freq1 0.95 1119
[   104.72 ] D: freq1 0.95 1119
[   104.72 ] D: freq1 0.95 1119
[   104.74 ] D: freq1 0.95 1119
[   104.74 ] D: freq1 0.95 1119
[   104.74 ] D: freq1 0.95 1119
[   104.75 ] D: freq1 0.95 1119
[   104.75 ] D: freq1 0.95 1119
[   104.75 ] D: freq1 0.95 1119
[   104.77 ] D: freq1 0.95 1119
[   104.77 ] D: freq1 0.95 1119
[   104.77 ] D: freq1 0.95 1119
[   104.79 ] D: freq1 0.95 1119
[   104.79 ] D: freq1 0.95 1119
[   104.79 ] D: freq1 0.95 1119
[   104.81 ] D: freq1 0.95 1119
[   104.81 ] D: freq1 0.95 1119
[   104.81 ] D: freq1 0.95 1119
[   104.82 ] D: freq1 0.95 1119
[   104.82 ] D: freq1 0.95 1119
[   104.82 ] D: freq1 0.95 1119
[   104.84 ] D: freq1 0.95 1119
[   104.84 ] D: freq1 0.95 1119
[   104.84 ] D: freq1 0.95 1119
[   104.86 ] D: freq1 0.95 1119
[   104.86 ] D: freq1 0.95 1119
[   104.86 ] D: freq1 0.95 1119
[   104.88 ] D: freq1 0.95 1119
[   104.88 ] D: freq1 0.95 1119
[   104.88 ] D: freq1 0.95 1119
[   104.89 ] D: freq1 0.95 1119
[   104.89 ] D: freq1 0.95 1119
[   104.89 ] D: freq1 0.95 1119
[   104.91 ] D: freq1 0.95 1119
[   104.91 ] D: freq1 0.95 1119
[   104.91 ] D: freq1 0.95 1119
[   104.93 ] D: freq1 0.95 1119
[   104.93 ] D: freq1 0.95 1119
[   104.93 ] D: freq1 0.95 1119
[   104.94 ] D: freq1 0.95 1119
[   104.94 ] D: freq1 0.95 1119
[   104.94 ] D: freq1 0.95 1119
[   104.96 ] D: freq1 0.95 1119
[   104.96 ] D: freq1 0.95 1119
[   104.96 ] D: freq1 0.95 1119
[   104.98 ] D: freq1 0.95 1119
[   104.98 ] D: freq1 0.95 1119
[   104.98 ] D: freq1 0.95 1119
[   105.00 ] D: freq1 0.95 1119
[   105.00 ] D: freq1 0.95 1119
[   105.00 ] D: freq1 0.95 1119
[   105.01 ] D: freq1 0.95 1119
[   105.01 ] D: freq1 0.95 1119
[   105.01 ] D: freq1 0.95 1119
[   105.03 ] D: freq1 0.95 1119
[   105.03 ] D: freq1 0.95 1119
[   105.03 ] D: freq1 0.95 1119
[   105.05 ] D: freq1 0.95 1119
[   105.05 ] D: freq1 0.95 1119
[   105.05 ] D: freq1 0.95 1119
[   105.07 ] D: freq1 0.95 1119
[   105.07 ] D: freq1 0.95 1119
[   105.07 ] D: freq1 0.95 1119
[   105.08 ] D: freq1 0.95 1119
[   105.08 ] D: freq1 0.95 1119
[   105.08 ] D: freq1 0.95 1119
[   105.10 ] D: freq1 0.95 1119
[   105.10 ] D: freq1 0.95 1119
[   105.10 ] D: freq1 0.95 1119
[   105.12 ] D: freq1 0.95 1119
[   105.12 ] D: freq1 0.95 1119
[   105.12 ] D: freq1 0.95 1119
[   105.14 ] D: freq1 0.95 1119
[   105.14 ] D: freq1 0.95 1119
[   105.14 ] D: freq1 0.95 1119
[   105.15 ] D: freq1 0.95 1119
[   105.15 ] D: freq1 0.95 1119
[   105.15 ] D: freq1 0.95 1119
[   105.17 ] D: freq1 0.95 1119
[   105.17 ] D: freq1 0.95 1119
[   105.17 ] D: freq1 0.95 1119
[   105.19 ] D: freq1 0.95 1119
[   105.19 ] D: freq1 0.95 1119
[   105.19 ] D: freq1 0.95 1119
[   105.21 ] D: freq1 0.95 1119
[   105.21 ] D: freq1 0.95 1119
[   105.21 ] D: freq1 0.95 1119
[   105.22 ] D: freq1 0.95 1119
[   105.22 ] D: freq1 0.95 1119
[   105.22 ] D: freq1 0.95 1119
[   105.24 ] D: freq1 0.95 1119
[   105.24 ] D: freq1 0.95 1119
[   105.24 ] D: freq1 0.95 1119
[   105.26 ] D: freq1 0.95 1119
[   105.26 ] D: freq1 0.95 1119
[   105.26 ] D: freq1 0.95 1119
[   105.28 ] D: freq1 0.95 1119
[   105.28 ] D: freq1 0.95 1119
[   105.28 ] D: freq1 0.95 1119
[   105.29 ] D: freq1 0.95 1119
[   105.29 ] D: freq1 0.95 1119
[   105.29 ] D: freq1 0.95 1119
[   105.31 ] D: freq1 0.95 1119
[   105.31 ] D: freq1 0.95 1119
[   105.31 ] D: freq1 0.95 1119
[   105.33 ] D: freq1 0.95 1119
[   105.33 ] D: freq1 0.95 1119
[   105.33 ] D: freq1 0.95 1119
[   105.35 ] D: freq1 0.95 1119
[   105.35 ] D: freq1 0.95 1119
[   105.35 ] D: freq1 0.95 1119
[   105.36 ] D: freq1 0.95 1119
[   105.36 ] D: freq1 0.95 1119
[   105.36 ] D: freq1 0.95 1119
[   105.38 ] D: freq1 0.95 1119
[   105.38 ] D: AsyncFileReader 1 11
[   105.38 ] D: freq1 0.95 1119
[   105.38 ] D: freq1 0.95 1119
[   105.40 ] D: freq1 0.95 1119
[   105.40 ] D: freq1 0.95 1119
[   105.40 ] D: freq1 0.95 1119
[   105.42 ] D: freq1 0.95 1119
[   105.42 ] D: freq1 0.95 1119
[   105.42 ] D: freq1 0.95 1119
[   105.43 ] D: freq1 0.95 1119
[   105.43 ] D: freq1 0.95 1119
[   105.43 ] D: freq1 0.95 1119
[   105.45 ] D: freq1 0.95 1119
[   105.45 ] D: freq1 0.95 1119
[   105.45 ] D: freq1 0.95 1119
[   105.47 ] D: freq1 0.95 1119
[   105.47 ] D: freq1 0.95 1119
[   105.47 ] D: freq1 0.95 1119
[   105.48 ] D: freq1 0.95 1119
[   105.48 ] D: freq1 0.95 1119
[   105.48 ] D: freq1 0.95 1119
[   105.50 ] D: freq1 0.95 1119
[   105.50 ] D: freq1 0.95 1119
[   105.50 ] D: freq1 0.95 1119
[   105.52 ] D: freq1 0.95 1119
[   105.52 ] D: freq1 0.95 1119
[   105.52 ] D: freq1 0.95 1119
[   105.54 ] D: freq1 0.95 1119
[   105.54 ] D: freq1 0.95 1119
[   105.54 ] D: freq1 0.95 1119
[   105.55 ] D: freq1 0.95 1119
[   105.55 ] D: freq1 0.95 1119
[   105.55 ] D: freq1 0.95 1119
[   105.57 ] D: freq1 0.95 1119
[   105.57 ] D: freq1 0.95 1119
[   105.57 ] D: freq1 0.95 1119
[   105.59 ] D: findTrackIndexByPoint 0 QRect(0,0 1707x111) false QPointF(218,179)
[   105.59 ] D: findTrackIndexByPoint 1 QRect(0,111 1707x111) true QPointF(218,179)
[   105.59 ] D: freq1 0.95 1119
[   105.59 ] D: freq1 0.95 1119
[   105.59 ] D: freq1 0.95 1119
[   105.61 ] D: createSelectedPoints 1 -1
[   105.61 ] D: freq1 0.95 1119
[   105.61 ] D: freq1 0.95 1119
[   105.61 ] D: freq1 0.95 1119
[   105.62 ] D: freq1 0.95 1119
[   105.62 ] D: freq1 0.95 1119
[   105.62 ] D: freq1 0.95 1119
[   105.64 ] D: freq1 0.95 1119
[   105.64 ] D: freq1 0.95 1119
[   105.64 ] D: freq1 0.95 1119
[   105.66 ] D: freq1 0.95 1119
[   105.66 ] D: freq1 0.95 1119
[   105.66 ] D: freq1 0.95 1119
[   105.68 ] D: freq1 0.95 1119
[   105.68 ] D: freq1 0.95 1119
[   105.68 ] D: freq1 0.95 1119
[   105.69 ] D: freq1 0.95 1119
[   105.69 ] D: freq1 0.95 1119
[   105.69 ] D: freq1 0.95 1119
[   105.71 ] D: freq1 0.95 1119
[   105.71 ] D: freq1 0.95 1119
[   105.71 ] D: freq1 0.95 1119
[   105.73 ] D: freq1 0.95 1119
[   105.73 ] D: freq1 0.95 1119
[   105.73 ] D: freq1 0.95 1119
[   105.75 ] D: freq1 0.95 1119
[   105.75 ] D: freq1 0.95 1119
[   105.75 ] D: freq1 0.95 1119
[   105.76 ] D: freq1 0.95 1119
[   105.76 ] D: freq1 0.95 1119
[   105.76 ] D: freq1 0.95 1119
[   105.78 ] D: freq1 0.95 1119
[   105.78 ] D: freq1 0.95 1119
[   105.78 ] D: freq1 0.95 1119
[   105.80 ] D: freq1 0.95 1119
[   105.80 ] D: freq1 0.95 1119
[   105.80 ] D: freq1 0.95 1119
[   105.82 ] D: freq1 0.95 1119
[   105.82 ] D: freq1 0.95 1119
[   105.82 ] D: freq1 0.95 1119
[   105.83 ] D: freq1 0.95 1119
[   105.83 ] D: freq1 0.95 1119
[   105.83 ] D: freq1 0.95 1119
[   105.85 ] D: freq1 0.95 1119
[   105.85 ] D: freq1 0.95 1119
[   105.85 ] D: freq1 0.95 1119
[   105.87 ] D: freq1 0.95 1119
[   105.87 ] D: freq1 0.95 1119
[   105.87 ] D: freq1 0.95 1119
[   105.89 ] D: freq1 0.95 1119
[   105.89 ] D: freq1 0.95 1119
[   105.89 ] D: freq1 0.95 1119
[   105.90 ] D: freq1 0.95 1119
[   105.90 ] D: freq1 0.95 1119
[   105.90 ] D: freq1 0.95 1119
[   105.92 ] D: freq1 0.95 1119
[   105.92 ] D: freq1 0.95 1119
[   105.92 ] D: freq1 0.95 1119
[   105.94 ] D: freq1 0.95 1119
[   105.94 ] D: freq1 0.95 1119
[   105.94 ] D: freq1 0.95 1119
[   105.95 ] D: freq1 0.95 1119
[   105.95 ] D: freq1 0.95 1119
[   105.95 ] D: freq1 0.95 1119
[   105.97 ] D: freq1 0.95 1119
[   105.97 ] D: freq1 0.95 1119
[   105.97 ] D: freq1 0.95 1119
[   105.99 ] D: freq1 0.95 1119
[   105.99 ] D: freq1 0.95 1119
[   105.99 ] D: freq1 0.95 1119
[   106.01 ] D: freq1 0.95 1119
[   106.01 ] D: freq1 0.95 1119
[   106.01 ] D: freq1 0.95 1119
[   106.02 ] D: freq1 0.95 1119
[   106.02 ] D: freq1 0.95 1119
[   106.02 ] D: freq1 0.95 1119
[   106.04 ] D: freq1 0.95 1119
[   106.04 ] D: freq1 0.95 1119
[   106.04 ] D: freq1 0.95 1119
[   106.06 ] D: freq1 0.95 1119
[   106.06 ] D: freq1 0.95 1119
[   106.06 ] D: freq1 0.95 1119
[   106.08 ] D: freq1 0.95 1119
[   106.08 ] D: freq1 0.95 1119
[   106.08 ] D: freq1 0.95 1119
[   106.09 ] D: freq1 0.95 1119
[   106.09 ] D: freq1 0.95 1119
[   106.09 ] D: freq1 0.95 1119
[   106.11 ] D: freq1 0.95 1119
[   106.11 ] D: freq1 0.95 1119
[   106.11 ] D: freq1 0.95 1119
[   106.13 ] D: freq1 0.95 1119
[   106.13 ] D: freq1 0.95 1119
[   106.13 ] D: freq1 0.95 1119
[   106.15 ] D: freq1 0.95 1119
[   106.15 ] D: freq1 0.95 1119
[   106.15 ] D: freq1 0.95 1119
[   106.16 ] D: freq1 0.95 1119
[   106.16 ] D: freq1 0.95 1119
[   106.16 ] D: freq1 0.95 1119
[   106.18 ] D: freq1 0.95 1119
[   106.18 ] D: freq1 0.95 1119
[   106.18 ] D: freq1 0.95 1119
[   106.20 ] D: freq1 0.95 1119
[   106.20 ] D: freq1 0.95 1119
[   106.20 ] D: freq1 0.95 1119
[   106.22 ] D: freq1 0.95 1119
[   106.22 ] D: freq1 0.95 1119
[   106.22 ] D: freq1 0.95 1119
[   106.23 ] D: freq1 0.95 1119
[   106.23 ] D: freq1 0.95 1119
[   106.23 ] D: freq1 0.95 1119
[   106.25 ] D: freq1 0.95 1119
[   106.25 ] D: freq1 0.95 1119
[   106.25 ] D: freq1 0.95 1119
[   106.27 ] D: freq1 0.95 1119
[   106.27 ] D: freq1 0.95 1119
[   106.27 ] D: freq1 0.95 1119
[   106.29 ] D: freq1 0.95 1119
[   106.29 ] D: freq1 0.95 1119
[   106.29 ] D: freq1 0.95 1119
[   106.30 ] D: freq1 0.95 1119
[   106.30 ] D: freq1 0.95 1119
[   106.30 ] D: freq1 0.95 1119
[   106.32 ] D: freq1 0.95 1119
[   106.32 ] D: freq1 0.95 1119
[   106.32 ] D: freq1 0.95 1119
[   106.34 ] D: freq1 0.95 1119
[   106.34 ] D: freq1 0.95 1119
[   106.34 ] D: freq1 0.95 1119
[   106.36 ] D: freq1 0.95 1119
[   106.36 ] D: freq1 0.95 1119
[   106.36 ] D: freq1 0.95 1119
[   106.37 ] D: freq1 0.95 1119
[   106.37 ] D: freq1 0.95 1119
[   106.37 ] D: freq1 0.95 1119
[   106.39 ] D: freq1 0.95 1119
[   106.39 ] D: freq1 0.95 1119
[   106.39 ] D: freq1 0.95 1119
[   106.41 ] D: freq1 0.95 1119
[   106.41 ] D: freq1 0.95 1119
[   106.41 ] D: freq1 0.95 1119
[   106.43 ] D: freq1 0.95 1119
[   106.43 ] D: freq1 0.95 1119
[   106.43 ] D: freq1 0.95 1119
[   106.44 ] D: freq1 0.95 1119
[   106.44 ] D: freq1 0.95 1119
[   106.44 ] D: freq1 0.95 1119
[   106.46 ] D: freq1 0.95 1119
[   106.46 ] D: freq1 0.95 1119
[   106.46 ] D: freq1 0.95 1119
[   106.48 ] D: freq1 0.95 1119
[   106.48 ] D: freq1 0.95 1119
[   106.48 ] D: freq1 0.95 1119
[   106.49 ] D: freq1 0.95 1119
[   106.49 ] D: freq1 0.95 1119
[   106.49 ] D: freq1 0.95 1119
[   106.51 ] D: freq1 0.95 1119
[   106.51 ] D: freq1 0.95 1119
[   106.51 ] D: freq1 0.95 1119
[   106.53 ] D: freq1 0.95 1119
[   106.53 ] D: freq1 0.95 1119
[   106.53 ] D: freq1 0.95 1119
[   106.55 ] D: freq1 0.95 1119
[   106.55 ] D: freq1 0.95 1119
[   106.55 ] D: freq1 0.95 1119
[   106.56 ] D: freq1 0.95 1119
[   106.56 ] D: freq1 0.95 1119
[   106.56 ] D: freq1 0.95 1119
[   106.58 ] D: freq1 0.95 1119
[   106.58 ] D: freq1 0.95 1119
[   106.58 ] D: freq1 0.95 1119
[   106.60 ] D: freq1 0.95 1119
[   106.60 ] D: freq1 0.95 1119
[   106.60 ] D: freq1 0.95 1119
[   106.62 ] D: freq1 0.95 1119
[   106.62 ] D: freq1 0.95 1119
[   106.62 ] D: freq1 0.95 1119
[   106.63 ] D: freq1 0.95 1119
[   106.63 ] D: freq1 0.95 1119
[   106.63 ] D: freq1 0.95 1119
[   106.65 ] D: freq1 0.95 1119
[   106.65 ] D: freq1 0.95 1119
[   106.65 ] D: freq1 0.95 1119
[   106.67 ] D: freq1 0.95 1119
[   106.67 ] D: freq1 0.95 1119
[   106.67 ] D: freq1 0.95 1119
[   106.69 ] D: freq1 0.95 1119
[   106.69 ] D: freq1 0.95 1119
[   106.69 ] D: freq1 0.95 1119
[   106.70 ] D: freq1 0.95 1119
[   106.70 ] D: freq1 0.95 1119
[   106.70 ] D: freq1 0.95 1119
[   106.72 ] D: freq1 0.95 1119
[   106.72 ] D: freq1 0.95 1119
[   106.72 ] D: freq1 0.95 1119
[   106.74 ] D: freq1 0.95 1119
[   106.74 ] D: freq1 0.95 1119
[   106.74 ] D: freq1 0.95 1119
[   106.76 ] D: freq1 0.95 1119
[   106.76 ] D: freq1 0.95 1119
[   106.76 ] D: freq1 0.95 1119
[   106.77 ] D: freq1 0.95 1119
[   106.77 ] D: freq1 0.95 1119
[   106.77 ] D: freq1 0.95 1119
[   106.95 ] D: _requestForLoading false false
[   106.95 ] D: _requestForLoading2
[   106.95 ] D: _numberOfSampleBuffer 1
[   106.95 ] D: START TO load 0
[   106.95 ] D: START TO load 1
[   106.95 ] D: sltPositionChanged 529200 true
[   106.95 ] D: START TO load 2
[   106.95 ] D: START TO load 3
[   106.95 ] D: frame_offset 0 0 10
[   106.95 ] D: frame_offset 0 1 10
[   106.96 ] D: frame_offset 0 2 10
[   106.96 ] D: frame_offset 0 3 10
[   106.96 ] D: frame_offset 0 4 10
[   106.97 ] D: sltFirstBufferFilled ("{d828da23-4411-404d-b499-e5b52f831adc}") "{d828da23-4411-404d-b499-e5b52f831adc}" true
[   106.97 ] D: _requestForLoading true false
[   106.98 ] D: freq1 0.8625 3042.25
[   106.98 ] D: freq1 0.8625 3042.25
[   106.98 ] D: freq1 0.8625 3042.25
[   107.00 ] D: freq1 0.8625 3042.25
[   107.00 ] D: freq1 0.8625 3042.25
[   107.00 ] D: freq1 0.8625 3042.25
[   107.02 ] D: freq1 0.8625 3042.25
[   107.02 ] D: freq1 0.8625 3042.25
[   107.02 ] D: freq1 0.8625 3042.25
[   107.03 ] D: freq1 0.8625 3042.25
[   107.03 ] D: freq1 0.8625 3042.25
[   107.03 ] D: freq1 0.8625 3042.25
[   107.05 ] D: freq1 0.8625 3042.25
[   107.05 ] D: freq1 0.8625 3042.25
[   107.05 ] D: freq1 0.8625 3042.25
[   107.07 ] D: freq1 0.8625 3042.25
[   107.07 ] D: freq1 0.8625 3042.25
[   107.07 ] D: freq1 0.8625 3042.25
[   107.09 ] D: freq1 0.8625 3042.25
[   107.09 ] D: freq1 0.8625 3042.25
[   107.09 ] D: freq1 0.8625 3042.25
[   107.10 ] D: freq1 0.8625 3042.25
[   107.10 ] D: freq1 0.8625 3042.25
[   107.10 ] D: freq1 0.8625 3042.25
[   107.12 ] D: freq1 0.8625 3042.25
[   107.12 ] D: freq1 0.8625 3042.25
[   107.12 ] D: freq1 0.8625 3042.25
[   107.14 ] D: freq1 0.8625 3042.25
[   107.14 ] D: freq1 0.8625 3042.25
[   107.14 ] D: freq1 0.8625 3042.25
[   107.16 ] D: freq1 0.8625 3042.25
[   107.16 ] D: freq1 0.8625 3042.25
[   107.16 ] D: freq1 0.8625 3042.25
[   107.17 ] D: freq1 0.8625 3042.25
[   107.17 ] D: freq1 0.8625 3042.25
[   107.17 ] D: freq1 0.8625 3042.25
[   107.19 ] D: freq1 0.8625 3042.25
[   107.19 ] D: freq1 0.8625 3042.25
[   107.19 ] D: freq1 0.8625 3042.25
[   107.21 ] D: freq1 0.8625 3042.25
[   107.21 ] D: freq1 0.8625 3042.25
[   107.21 ] D: freq1 0.8625 3042.25
[   107.23 ] D: freq1 0.8625 3042.25
[   107.23 ] D: freq1 0.8625 3042.25
[   107.23 ] D: freq1 0.8625 3042.25
[   107.24 ] D: freq1 0.8625 3042.25
[   107.24 ] D: freq1 0.8625 3042.25
[   107.24 ] D: freq1 0.8625 3042.25
[   107.26 ] D: freq1 0.8625 3042.25
[   107.26 ] D: freq1 0.8625 3042.25
[   107.26 ] D: freq1 0.8625 3042.25
[   107.28 ] D: freq1 0.8625 3042.25
[   107.28 ] D: freq1 0.8625 3042.25
[   107.28 ] D: freq1 0.8625 3042.25
[   107.30 ] D: freq1 0.8625 3042.25
[   107.30 ] D: freq1 0.8625 3042.25
[   107.30 ] D: freq1 0.8625 3042.25
[   107.31 ] D: freq1 0.8625 3042.25
[   107.31 ] D: freq1 0.8625 3042.25
[   107.31 ] D: freq1 0.8625 3042.25
[   107.33 ] D: freq1 0.8625 3042.25
[   107.33 ] D: freq1 0.8625 3042.25
[   107.33 ] D: freq1 0.8625 3042.25
[   107.35 ] D: freq1 0.8625 3042.25
[   107.35 ] D: freq1 0.8625 3042.25
[   107.35 ] D: freq1 0.8625 3042.25
[   107.37 ] D: freq1 0.8625 3042.25
[   107.37 ] D: freq1 0.8625 3042.25
[   107.37 ] D: freq1 0.8625 3042.25
[   107.38 ] D: freq1 0.8625 3042.25
[   107.38 ] D: freq1 0.8625 3042.25
[   107.38 ] D: freq1 0.8625 3042.25
[   107.40 ] D: freq1 0.8625 3042.25
[   107.40 ] D: freq1 0.8625 3042.25
[   107.40 ] D: freq1 0.8625 3042.25
[   107.42 ] D: freq1 0.8625 3042.25
[   107.42 ] D: freq1 0.8625 3042.25
[   107.42 ] D: freq1 0.8625 3042.25
[   107.44 ] D: freq1 0.8625 3042.25
[   107.44 ] D: freq1 0.8625 3042.25
[   107.44 ] D: freq1 0.8625 3042.25
[   107.45 ] D: freq1 0.8625 3042.25
[   107.45 ] D: freq1 0.8625 3042.25
[   107.45 ] D: AsyncFileReader 0 5
[   107.45 ] D: freq1 0.8625 3042.25
[   107.47 ] D: freq1 0.8625 3042.25
[   107.47 ] D: freq1 0.8625 3042.25
[   107.47 ] D: freq1 0.8625 3042.25
[   107.49 ] D: freq1 0.8625 3042.25
[   107.49 ] D: freq1 0.8625 3042.25
[   107.49 ] D: freq1 0.8625 3042.25
[   107.50 ] D: freq1 0.8625 3042.25
[   107.50 ] D: freq1 0.8625 3042.25
[   107.50 ] D: freq1 0.8625 3042.25
[   107.52 ] D: freq1 0.8625 3042.25
[   107.52 ] D: freq1 0.8625 3042.25
[   107.52 ] D: freq1 0.8625 3042.25
[   107.54 ] D: freq1 0.8625 3042.25
[   107.54 ] D: freq1 0.8625 3042.25
[   107.54 ] D: freq1 0.8625 3042.25
[   107.56 ] D: freq1 0.8625 3042.25
[   107.56 ] D: freq1 0.8625 3042.25
[   107.56 ] D: freq1 0.8625 3042.25
[   107.57 ] D: freq1 0.8625 3042.25
[   107.57 ] D: freq1 0.8625 3042.25
[   107.57 ] D: freq1 0.8625 3042.25
[   107.59 ] D: freq1 0.8625 3042.25
[   107.59 ] D: freq1 0.8625 3042.25
[   107.59 ] D: freq1 0.8625 3042.25
[   107.61 ] D: freq1 0.8625 3042.25
[   107.61 ] D: freq1 0.8625 3042.25
[   107.61 ] D: freq1 0.8625 3042.25
[   107.63 ] D: freq1 0.8625 3042.25
[   107.63 ] D: freq1 0.8625 3042.25
[   107.63 ] D: freq1 0.8625 3042.25
[   107.64 ] D: freq1 0.8625 3042.25
[   107.64 ] D: freq1 0.8625 3042.25
[   107.64 ] D: freq1 0.8625 3042.25
[   107.66 ] D: freq1 0.8625 3042.25
[   107.66 ] D: freq1 0.8625 3042.25
[   107.66 ] D: freq1 0.8625 3042.25
[   107.68 ] D: freq1 0.8625 3042.25
[   107.68 ] D: freq1 0.8625 3042.25
[   107.68 ] D: freq1 0.8625 3042.25
[   107.70 ] D: freq1 0.8625 3042.25
[   107.70 ] D: freq1 0.8625 3042.25
[   107.70 ] D: freq1 0.8625 3042.25
[   107.71 ] D: freq1 0.8625 3042.25
[   107.71 ] D: freq1 0.8625 3042.25
[   107.71 ] D: freq1 0.8625 3042.25
[   107.73 ] D: freq1 0.8625 3042.25
[   107.73 ] D: freq1 0.8625 3042.25
[   107.73 ] D: freq1 0.8625 3042.25
[   107.75 ] D: freq1 0.8625 3042.25
[   107.75 ] D: freq1 0.8625 3042.25
[   107.75 ] D: freq1 0.8625 3042.25
[   107.77 ] D: freq1 0.8625 3042.25
[   107.77 ] D: freq1 0.8625 3042.25
[   107.77 ] D: freq1 0.8625 3042.25
[   107.78 ] D: freq1 0.8625 3042.25
[   107.78 ] D: freq1 0.8625 3042.25
[   107.78 ] D: freq1 0.8625 3042.25
[   107.80 ] D: freq1 0.8625 3042.25
[   107.80 ] D: freq1 0.8625 3042.25
[   107.80 ] D: freq1 0.8625 3042.25
[   107.82 ] D: freq1 0.8625 3042.25
[   107.82 ] D: freq1 0.8625 3042.25
[   107.82 ] D: freq1 0.8625 3042.25
[   107.84 ] D: freq1 0.8625 3042.25
[   107.84 ] D: freq1 0.8625 3042.25
[   107.84 ] D: freq1 0.8625 3042.25
[   107.85 ] D: freq1 0.8625 3042.25
[   107.85 ] D: freq1 0.8625 3042.25
[   107.85 ] D: freq1 0.8625 3042.25
[   107.87 ] D: freq1 0.8625 3042.25
[   107.87 ] D: freq1 0.8625 3042.25
[   107.87 ] D: freq1 0.8625 3042.25
[   107.89 ] D: freq1 0.8625 3042.25
[   107.89 ] D: freq1 0.8625 3042.25
[   107.89 ] D: freq1 0.8625 3042.25
[   107.91 ] D: freq1 0.8625 3042.25
[   107.91 ] D: freq1 0.8625 3042.25
[   107.91 ] D: freq1 0.8625 3042.25
[   107.92 ] D: freq1 0.8625 3042.25
[   107.92 ] D: freq1 0.8625 3042.25
[   107.92 ] D: freq1 0.8625 3042.25
[   107.94 ] D: freq1 0.8625 3042.25
[   107.94 ] D: freq1 0.8625 3042.25
[   107.94 ] D: freq1 0.8625 3042.25
[   107.96 ] D: freq1 0.8625 3042.25
[   107.96 ] D: freq1 0.8625 3042.25
[   107.96 ] D: freq1 0.8625 3042.25
[   107.98 ] D: freq1 0.8625 3042.25
[   107.98 ] D: freq1 0.862562 3040.88
[   107.98 ] D: freq1 0.862647 3039.02
[   107.99 ] D: freq1 0.862731 3037.16
[   107.99 ] D: freq1 0.862816 3035.3
[   107.99 ] D: freq1 0.862901 3033.44
[   108.01 ] D: freq1 0.862985 3031.58
[   108.01 ] D: freq1 0.86307 3029.72
[   108.01 ] D: freq1 0.863155 3027.86
[   108.03 ] D: freq1 0.863239 3026
[   108.03 ] D: freq1 0.863324 3024.14
[   108.03 ] D: freq1 0.863409 3022.28
[   108.04 ] D: freq1 0.863493 3020.42
[   108.04 ] D: freq1 0.863578 3018.56
[   108.04 ] D: freq1 0.863663 3016.69
[   108.06 ] D: freq1 0.863747 3014.83
[   108.06 ] D: freq1 0.863832 3012.97
[   108.06 ] D: freq1 0.863917 3011.11
[   108.08 ] D: freq1 0.864001 3009.25
[   108.08 ] D: freq1 0.864086 3007.39
[   108.08 ] D: freq1 0.864171 3005.53
[   108.10 ] D: freq1 0.864255 3003.67
[   108.10 ] D: freq1 0.86434 3001.81
[   108.10 ] D: freq1 0.864425 2999.95
[   108.11 ] D: freq1 0.864509 2998.09
[   108.11 ] D: freq1 0.864594 2996.23
[   108.11 ] D: freq1 0.864679 2994.37
[   108.13 ] D: freq1 0.864763 2992.5
[   108.13 ] D: freq1 0.864848 2990.64
[   108.13 ] D: freq1 0.864933 2988.78
[   108.15 ] D: freq1 0.865017 2986.92
[   108.15 ] D: freq1 0.865102 2985.06
[   108.15 ] D: freq1 0.865187 2983.2
[   108.17 ] D: freq1 0.865271 2981.34
[   108.17 ] D: freq1 0.865356 2979.48
[   108.17 ] D: freq1 0.86544 2977.62
[   108.18 ] D: freq1 0.865525 2975.76
[   108.18 ] D: freq1 0.86561 2973.9
[   108.18 ] D: freq1 0.865694 2972.04
[   108.20 ] D: freq1 0.865779 2970.18
[   108.20 ] D: freq1 0.865864 2968.31
[   108.20 ] D: freq1 0.865948 2966.45
[   108.22 ] D: freq1 0.866033 2964.59
[   108.22 ] D: freq1 0.866118 2962.73
[   108.22 ] D: freq1 0.866202 2960.87
[   108.24 ] D: freq1 0.866287 2959.01
[   108.24 ] D: freq1 0.866372 2957.15
[   108.24 ] D: freq1 0.866456 2955.29
[   108.25 ] D: freq1 0.866541 2953.43
[   108.25 ] D: freq1 0.866626 2951.57
[   108.25 ] D: freq1 0.86671 2949.71
[   108.27 ] D: freq1 0.866795 2947.85
[   108.27 ] D: freq1 0.86688 2945.99
[   108.27 ] D: freq1 0.866964 2944.13
[   108.29 ] D: freq1 0.867049 2942.26
[   108.29 ] D: freq1 0.867134 2940.4
[   108.29 ] D: freq1 0.867218 2938.54
[   108.31 ] D: freq1 0.867303 2936.68
[   108.31 ] D: freq1 0.867388 2934.82
[   108.31 ] D: freq1 0.867472 2932.96
[   108.32 ] D: freq1 0.867557 2931.1
[   108.32 ] D: freq1 0.867642 2929.24
[   108.32 ] D: freq1 0.867726 2927.38
[   108.34 ] D: freq1 0.867811 2925.52
[   108.34 ] D: freq1 0.867895 2923.66
[   108.34 ] D: freq1 0.86798 2921.8
[   108.36 ] D: freq1 0.868065 2919.94
[   108.36 ] D: freq1 0.868149 2918.07
[   108.36 ] D: freq1 0.868234 2916.21
[   108.38 ] D: freq1 0.868319 2914.35
[   108.38 ] D: freq1 0.868403 2912.49
[   108.38 ] D: freq1 0.868488 2910.63
[   108.39 ] D: freq1 0.868573 2908.77
[   108.39 ] D: freq1 0.868657 2906.91
[   108.39 ] D: freq1 0.868742 2905.05
[   108.41 ] D: freq1 0.868827 2903.19
[   108.41 ] D: freq1 0.868911 2901.33
[   108.41 ] D: freq1 0.868996 2899.47
[   108.43 ] D: freq1 0.869081 2897.61
[   108.43 ] D: freq1 0.869165 2895.75
[   108.43 ] D: freq1 0.86925 2893.89
[   108.45 ] D: freq1 0.869335 2892.02
[   108.45 ] D: freq1 0.869419 2890.16
[   108.45 ] D: freq1 0.869504 2888.3
[   108.46 ] D: freq1 0.869589 2886.44
[   108.46 ] D: freq1 0.869673 2884.58
[   108.46 ] D: freq1 0.869758 2882.72
[   108.48 ] D: freq1 0.869843 2880.86
[   108.48 ] D: freq1 0.869927 2879
[   108.48 ] D: freq1 0.870012 2877.14
[   108.50 ] D: freq1 0.870097 2875.28
[   108.50 ] D: freq1 0.870181 2873.42
[   108.50 ] D: freq1 0.870266 2871.56
[   108.51 ] D: freq1 0.870351 2869.7
[   108.51 ] D: freq1 0.870435 2867.83
[   108.51 ] D: freq1 0.87052 2865.97
[   108.53 ] D: freq1 0.870605 2864.11
[   108.53 ] D: freq1 0.870689 2862.25
[   108.53 ] D: freq1 0.870774 2860.39
[   108.55 ] D: freq1 0.870858 2858.53
[   108.55 ] D: freq1 0.870943 2856.67
[   108.55 ] D: freq1 0.871028 2854.81
[   108.57 ] D: freq1 0.871112 2852.95
[   108.57 ] D: freq1 0.871197 2851.09
[   108.57 ] D: freq1 0.871282 2849.23
[   108.58 ] D: freq1 0.871366 2847.37
[   108.58 ] D: freq1 0.871451 2845.51
[   108.58 ] D: freq1 0.871536 2843.64
[   108.60 ] D: freq1 0.87162 2841.78
[   108.60 ] D: freq1 0.871705 2839.92
[   108.60 ] D: freq1 0.87179 2838.06
[   108.62 ] D: freq1 0.871874 2836.2
[   108.62 ] D: freq1 0.871959 2834.34
[   108.62 ] D: freq1 0.872044 2832.48
[   108.64 ] D: freq1 0.872128 2830.62
[   108.64 ] D: freq1 0.872213 2828.76
[   108.64 ] D: freq1 0.872298 2826.9
[   108.65 ] D: freq1 0.872382 2825.04
[   108.65 ] D: freq1 0.872467 2823.18
[   108.65 ] D: freq1 0.872552 2821.32
[   108.67 ] D: freq1 0.872636 2819.46
[   108.67 ] D: freq1 0.872721 2817.59
[   108.67 ] D: freq1 0.872806 2815.73
[   108.69 ] D: freq1 0.87289 2813.87
[   108.69 ] D: freq1 0.872975 2812.01
[   108.69 ] D: freq1 0.87306 2810.15
[   108.71 ] D: freq1 0.873144 2808.29
[   108.71 ] D: freq1 0.873229 2806.43
[   108.71 ] D: freq1 0.873313 2804.57
[   108.72 ] D: freq1 0.873398 2802.71
[   108.72 ] D: freq1 0.873483 2800.85
[   108.72 ] D: freq1 0.873567 2798.99
[   108.74 ] D: freq1 0.873652 2797.13
[   108.74 ] D: freq1 0.873737 2795.27
[   108.74 ] D: freq1 0.873821 2793.4
[   108.76 ] D: freq1 0.873906 2791.54
[   108.76 ] D: freq1 0.873991 2789.68
[   108.76 ] D: freq1 0.874075 2787.82
[   108.78 ] D: freq1 0.87416 2785.96
[   108.78 ] D: freq1 0.874245 2784.1
[   108.78 ] D: freq1 0.874329 2782.24
[   108.79 ] D: freq1 0.874414 2780.38
[   108.79 ] D: freq1 0.874499 2778.52
[   108.79 ] D: freq1 0.874583 2776.66
[   108.81 ] D: freq1 0.874668 2774.8
[   108.81 ] D: freq1 0.874753 2772.94
[   108.81 ] D: freq1 0.874837 2771.08
[   108.83 ] D: freq1 0.874922 2769.21
[   108.83 ] D: freq1 0.875007 2767.35
[   108.83 ] D: freq1 0.875091 2765.49
[   108.85 ] D: freq1 0.875176 2763.63
[   108.85 ] D: freq1 0.875261 2761.77
[   108.85 ] D: freq1 0.875345 2759.91
[   108.86 ] D: freq1 0.87543 2758.05
[   108.86 ] D: freq1 0.875515 2756.19
[   108.86 ] D: freq1 0.875599 2754.33
[   108.88 ] D: freq1 0.875684 2752.47
[   108.88 ] D: freq1 0.875769 2750.61
[   108.88 ] D: freq1 0.875853 2748.75
[   108.90 ] D: freq1 0.875938 2746.89
[   108.90 ] D: freq1 0.876022 2745.03
[   108.90 ] D: freq1 0.876107 2743.16
[   108.92 ] D: freq1 0.876192 2741.3
[   108.92 ] D: freq1 0.876276 2739.44
[   108.92 ] D: freq1 0.876361 2737.58
[   108.93 ] D: freq1 0.876446 2735.72
[   108.93 ] D: freq1 0.87653 2733.86
[   108.93 ] D: freq1 0.876615 2732
[   108.95 ] D: AsyncFileReader 1 6
[   108.95 ] D: freq1 0.8767 2730.14
[   108.95 ] D: freq1 0.876784 2728.28
[   108.95 ] D: freq1 0.876869 2726.42
[   108.97 ] D: freq1 0.876954 2724.56
[   108.97 ] D: freq1 0.877038 2722.7
[   108.97 ] D: freq1 0.877123 2720.84
[   108.99 ] D: freq1 0.877208 2718.97
[   108.99 ] D: freq1 0.877292 2717.11
[   108.99 ] D: freq1 0.877377 2715.25
[   109.00 ] D: freq1 0.877462 2713.39
[   109.00 ] D: freq1 0.877546 2711.53
[   109.00 ] D: freq1 0.877631 2709.67
[   109.02 ] D: freq1 0.877716 2707.81
[   109.02 ] D: freq1 0.8778 2705.95
[   109.02 ] D: freq1 0.877885 2704.09
[   109.04 ] D: freq1 0.87797 2702.23
[   109.04 ] D: freq1 0.878054 2700.37
[   109.04 ] D: freq1 0.878139 2698.51
[   109.05 ] D: freq1 0.878224 2696.65
[   109.05 ] D: freq1 0.878308 2694.79
[   109.05 ] D: freq1 0.878393 2692.92
[   109.07 ] D: freq1 0.878478 2691.06
[   109.07 ] D: freq1 0.878562 2689.2
[   109.07 ] D: freq1 0.878647 2687.34
[   109.09 ] D: freq1 0.878731 2685.48
[   109.09 ] D: freq1 0.878816 2683.62
[   109.09 ] D: freq1 0.878901 2681.76
[   109.11 ] D: freq1 0.878985 2679.9
[   109.11 ] D: freq1 0.87907 2678.04
[   109.11 ] D: freq1 0.879155 2676.18
[   109.12 ] D: freq1 0.879239 2674.32
[   109.12 ] D: freq1 0.879324 2672.46
[   109.12 ] D: freq1 0.879409 2670.6
[   109.14 ] D: freq1 0.879493 2668.73
[   109.14 ] D: freq1 0.879578 2666.87
[   109.14 ] D: freq1 0.879663 2665.01
[   109.16 ] D: freq1 0.879747 2663.15
[   109.16 ] D: freq1 0.879832 2661.29
[   109.16 ] D: freq1 0.879917 2659.43
[   109.18 ] D: freq1 0.880001 2657.57
[   109.18 ] D: freq1 0.880086 2655.71
[   109.18 ] D: freq1 0.880171 2653.85
[   109.19 ] D: freq1 0.880255 2651.99
[   109.19 ] D: freq1 0.88034 2650.13
[   109.19 ] D: freq1 0.880425 2648.27
[   109.21 ] D: freq1 0.880509 2646.41
[   109.21 ] D: freq1 0.880594 2644.55
[   109.21 ] D: freq1 0.880679 2642.68
[   109.23 ] D: freq1 0.880763 2640.82
[   109.23 ] D: freq1 0.880848 2638.96
[   109.23 ] D: freq1 0.880933 2637.1
[   109.25 ] D: freq1 0.881017 2635.24
[   109.25 ] D: freq1 0.881102 2633.38
[   109.25 ] D: freq1 0.881186 2631.52
[   109.26 ] D: freq1 0.881271 2629.66
[   109.26 ] D: freq1 0.881356 2627.8
[   109.26 ] D: freq1 0.88144 2625.94
[   109.28 ] D: freq1 0.881525 2624.08
[   109.28 ] D: freq1 0.88161 2622.22
[   109.28 ] D: freq1 0.881694 2620.36
[   109.30 ] D: freq1 0.881779 2618.5
[   109.30 ] D: freq1 0.881864 2616.63
[   109.30 ] D: freq1 0.881948 2614.77
[   109.32 ] D: freq1 0.882033 2612.91
[   109.32 ] D: freq1 0.882118 2611.05
[   109.32 ] D: freq1 0.882202 2609.19
[   109.33 ] D: freq1 0.882287 2607.33
[   109.33 ] D: freq1 0.882372 2605.47
[   109.33 ] D: freq1 0.882456 2603.61
[   109.35 ] D: freq1 0.882541 2601.75
[   109.35 ] D: freq1 0.882626 2599.89
[   109.35 ] D: freq1 0.88271 2598.03
[   109.37 ] D: freq1 0.882795 2596.17
[   109.37 ] D: freq1 0.88288 2594.31
[   109.37 ] D: freq1 0.882964 2592.44
[   109.39 ] D: freq1 0.883049 2590.58
[   109.39 ] D: freq1 0.883134 2588.72
[   109.39 ] D: freq1 0.883218 2586.86
[   109.40 ] D: freq1 0.883303 2585
[   109.40 ] D: freq1 0.883388 2583.14
[   109.40 ] D: freq1 0.883472 2581.28
[   109.42 ] D: freq1 0.883557 2579.42
[   109.42 ] D: freq1 0.883642 2577.56
[   109.42 ] D: freq1 0.883726 2575.7
[   109.44 ] D: freq1 0.883811 2573.84
[   109.44 ] D: freq1 0.883896 2571.98
[   109.44 ] D: freq1 0.88398 2570.12
[   109.46 ] D: freq1 0.884065 2568.26
[   109.46 ] D: freq1 0.884149 2566.39
[   109.46 ] D: freq1 0.884234 2564.53
[   109.47 ] D: freq1 0.884319 2562.67
[   109.47 ] D: freq1 0.884403 2560.81
[   109.47 ] D: freq1 0.884488 2558.95
[   109.49 ] D: freq1 0.884573 2557.09
[   109.49 ] D: freq1 0.884657 2555.23
[   109.49 ] D: freq1 0.884742 2553.37
[   109.51 ] D: freq1 0.884827 2551.51
[   109.51 ] D: freq1 0.884911 2549.65
[   109.51 ] D: freq1 0.884996 2547.79
[   109.52 ] D: freq1 0.885081 2545.93
[   109.52 ] D: freq1 0.885165 2544.07
[   109.52 ] D: freq1 0.88525 2542.21
[   109.54 ] D: freq1 0.885335 2540.34
[   109.54 ] D: freq1 0.885419 2538.48
[   109.54 ] D: freq1 0.885504 2536.62
[   109.56 ] D: freq1 0.885589 2534.76
[   109.56 ] D: freq1 0.885673 2532.9
[   109.56 ] D: freq1 0.885758 2531.04
[   109.58 ] D: freq1 0.885843 2529.18
[   109.58 ] D: freq1 0.885927 2527.32
[   109.58 ] D: freq1 0.886012 2525.46
[   109.59 ] D: freq1 0.886097 2523.6
[   109.59 ] D: freq1 0.886181 2521.74
[   109.59 ] D: freq1 0.886266 2519.88
[   109.61 ] D: freq1 0.886351 2518.02
[   109.61 ] D: freq1 0.886435 2516.15
[   109.61 ] D: freq1 0.88652 2514.29
[   109.63 ] D: freq1 0.886604 2512.43
[   109.63 ] D: freq1 0.886689 2510.57
[   109.63 ] D: freq1 0.886774 2508.71
[   109.65 ] D: freq1 0.886858 2506.85
[   109.65 ] D: freq1 0.886943 2504.99
[   109.65 ] D: freq1 0.887028 2503.13
[   109.66 ] D: freq1 0.887112 2501.27
[   109.66 ] D: freq1 0.887197 2499.41
[   109.66 ] D: freq1 0.887282 2497.55
[   109.68 ] D: freq1 0.887366 2495.69
[   109.68 ] D: freq1 0.887451 2493.83
[   109.68 ] D: freq1 0.887536 2491.97
[   109.70 ] D: freq1 0.88762 2490.1
[   109.70 ] D: freq1 0.887705 2488.24
[   109.70 ] D: freq1 0.88779 2486.38
[   109.72 ] D: freq1 0.887874 2484.52
[   109.72 ] D: freq1 0.887959 2482.66
[   109.72 ] D: freq1 0.888044 2480.8
[   109.73 ] D: freq1 0.888128 2478.94
[   109.73 ] D: freq1 0.888213 2477.08
[   109.73 ] D: freq1 0.888298 2475.22
[   109.75 ] D: freq1 0.888382 2473.36
[   109.75 ] D: freq1 0.888467 2471.5
[   109.75 ] D: freq1 0.888552 2469.64
[   109.77 ] D: freq1 0.888636 2467.78
[   109.77 ] D: freq1 0.888721 2465.92
[   109.77 ] D: freq1 0.888806 2464.05
[   109.79 ] D: freq1 0.88889 2462.19
[   109.79 ] D: freq1 0.888975 2460.33
[   109.79 ] D: freq1 0.88906 2458.47
[   109.80 ] D: freq1 0.889144 2456.61
[   109.80 ] D: freq1 0.889229 2454.75
[   109.80 ] D: freq1 0.889314 2452.89
[   109.82 ] D: freq1 0.889398 2451.03
[   109.82 ] D: freq1 0.889483 2449.17
[   109.82 ] D: freq1 0.889567 2447.31
[   109.84 ] D: freq1 0.889652 2445.45
[   109.84 ] D: freq1 0.889737 2443.59
[   109.84 ] D: freq1 0.889821 2441.73
[   109.86 ] D: freq1 0.889906 2439.86
[   109.86 ] D: freq1 0.889991 2438
[   109.86 ] D: freq1 0.890075 2436.14
[   109.87 ] D: freq1 0.89016 2434.28
[   109.87 ] D: freq1 0.890245 2432.42
[   109.87 ] D: freq1 0.890329 2430.56
[   109.89 ] D: freq1 0.890414 2428.7
[   109.89 ] D: freq1 0.890499 2426.84
[   109.89 ] D: freq1 0.890583 2424.98
[   109.91 ] D: freq1 0.890668 2423.12
[   109.91 ] D: freq1 0.890753 2421.26
[   109.91 ] D: freq1 0.890837 2419.4
[   109.93 ] D: freq1 0.890922 2417.54
[   109.93 ] D: freq1 0.891007 2415.68
[   109.93 ] D: freq1 0.891091 2413.81
[   109.94 ] D: freq1 0.891176 2411.95
[   109.94 ] D: freq1 0.891261 2410.09
[   109.94 ] D: freq1 0.891345 2408.23
[   109.96 ] D: freq1 0.89143 2406.37
[   109.96 ] D: freq1 0.891515 2404.51
[   109.96 ] D: freq1 0.891599 2402.65
[   109.98 ] D: freq1 0.891684 2400.79
[   109.98 ] D: freq1 0.891769 2398.93
[   109.98 ] D: freq1 0.891853 2397.07
[   110.00 ] D: freq1 0.891938 2395.21
[   110.00 ] D: freq1 0.892022 2393.35
[   110.00 ] D: freq1 0.892107 2391.49
[   110.01 ] D: freq1 0.892192 2389.62
[   110.01 ] D: freq1 0.892276 2387.76
[   110.01 ] D: freq1 0.892361 2385.9
[   110.03 ] D: freq1 0.892446 2384.04
[   110.03 ] D: freq1 0.89253 2382.18
[   110.03 ] D: freq1 0.892615 2380.32
[   110.05 ] D: freq1 0.8927 2378.46
[   110.05 ] D: freq1 0.892784 2376.6
[   110.05 ] D: freq1 0.892869 2374.74
[   110.06 ] D: freq1 0.892954 2372.88
[   110.06 ] D: freq1 0.893038 2371.02
[   110.06 ] D: freq1 0.893123 2369.16
[   110.08 ] D: freq1 0.893208 2367.3
[   110.08 ] D: freq1 0.893292 2365.44
[   110.08 ] D: freq1 0.893377 2363.57
[   110.10 ] D: freq1 0.893462 2361.71
[   110.10 ] D: freq1 0.893546 2359.85
[   110.10 ] D: freq1 0.893631 2357.99
[   110.12 ] D: freq1 0.893716 2356.13
[   110.12 ] D: freq1 0.8938 2354.27
[   110.12 ] D: freq1 0.893885 2352.41
[   110.13 ] D: freq1 0.89397 2350.55
[   110.13 ] D: freq1 0.894054 2348.69
[   110.13 ] D: freq1 0.894139 2346.83
[   110.15 ] D: freq1 0.894224 2344.97
[   110.15 ] D: freq1 0.894308 2343.11
[   110.15 ] D: freq1 0.894393 2341.25
[   110.17 ] D: freq1 0.894477 2339.38
[   110.17 ] D: freq1 0.894562 2337.52
[   110.17 ] D: freq1 0.894647 2335.66
[   110.19 ] D: freq1 0.894731 2333.8
[   110.19 ] D: freq1 0.894816 2331.94
[   110.19 ] D: freq1 0.894901 2330.08
[   110.20 ] D: freq1 0.894985 2328.22
[   110.20 ] D: freq1 0.89507 2326.36
[   110.20 ] D: freq1 0.895155 2324.5
[   110.22 ] D: freq1 0.895239 2322.64
[   110.22 ] D: freq1 0.895324 2320.78
[   110.22 ] D: freq1 0.895409 2318.92
[   110.24 ] D: freq1 0.895493 2317.06
[   110.24 ] D: freq1 0.895578 2315.19
[   110.24 ] D: freq1 0.895663 2313.33
[   110.26 ] D: freq1 0.895747 2311.47
[   110.26 ] D: freq1 0.895832 2309.61
[   110.26 ] D: freq1 0.895917 2307.75
[   110.27 ] D: freq1 0.896001 2305.89
[   110.27 ] D: freq1 0.896086 2304.03
[   110.27 ] D: freq1 0.896171 2302.17
[   110.29 ] D: freq1 0.896255 2300.31
[   110.29 ] D: freq1 0.89634 2298.45
[   110.29 ] D: freq1 0.896425 2296.59
[   110.31 ] D: freq1 0.896509 2294.73
[   110.31 ] D: freq1 0.896594 2292.87
[   110.31 ] D: freq1 0.896679 2291.01
[   110.33 ] D: freq1 0.896763 2289.14
[   110.33 ] D: freq1 0.896848 2287.28
[   110.33 ] D: freq1 0.896933 2285.42
[   110.34 ] D: freq1 0.897017 2283.56
[   110.34 ] D: freq1 0.897102 2281.7
[   110.34 ] D: freq1 0.897187 2279.84
[   110.36 ] D: freq1 0.897271 2277.98
[   110.36 ] D: freq1 0.897356 2276.12
[   110.36 ] D: freq1 0.89744 2274.26
[   110.38 ] D: freq1 0.897525 2272.4
[   110.38 ] D: freq1 0.89761 2270.54
[   110.38 ] D: freq1 0.897694 2268.68
[   110.40 ] D: freq1 0.897779 2266.82
[   110.40 ] D: freq1 0.897864 2264.95
[   110.40 ] D: freq1 0.897948 2263.09
[   110.41 ] D: freq1 0.898033 2261.23
[   110.41 ] D: freq1 0.898118 2259.37
[   110.41 ] D: freq1 0.898202 2257.51
[   110.43 ] D: freq1 0.898287 2255.65
[   110.43 ] D: AsyncFileReader 2 7
[   110.43 ] D: freq1 0.898372 2253.79
[   110.43 ] D: freq1 0.898456 2251.93
[   110.45 ] D: freq1 0.898541 2250.07
[   110.45 ] D: freq1 0.898626 2248.21
[   110.45 ] D: freq1 0.89871 2246.35
[   110.47 ] D: freq1 0.898795 2244.49
[   110.47 ] D: freq1 0.89888 2242.63
[   110.47 ] D: freq1 0.898964 2240.76
[   110.48 ] D: freq1 0.899049 2238.9
[   110.48 ] D: freq1 0.899134 2237.04
[   110.48 ] D: freq1 0.899218 2235.18
[   110.50 ] D: freq1 0.899303 2233.32
[   110.50 ] D: freq1 0.899388 2231.46
[   110.50 ] D: freq1 0.899472 2229.6
[   110.52 ] D: freq1 0.899557 2227.74
[   110.52 ] D: freq1 0.899642 2225.88
[   110.52 ] D: freq1 0.899726 2224.02
[   110.54 ] D: freq1 0.899811 2222.16
[   110.54 ] D: freq1 0.899895 2220.3
[   110.54 ] D: freq1 0.89998 2218.44
[   110.55 ] D: freq1 0.900065 2216.58
[   110.55 ] D: freq1 0.900149 2214.71
[   110.55 ] D: freq1 0.900234 2212.85
[   110.57 ] D: freq1 0.900319 2210.99
[   110.57 ] D: freq1 0.900403 2209.13
[   110.57 ] D: freq1 0.900488 2207.27
[   110.59 ] D: freq1 0.900573 2205.41
[   110.59 ] D: freq1 0.900657 2203.55
[   110.59 ] D: freq1 0.900742 2201.69
[   110.60 ] D: freq1 0.900827 2199.83
[   110.60 ] D: freq1 0.900911 2197.97
[   110.60 ] D: freq1 0.900996 2196.11
[   110.62 ] D: freq1 0.901081 2194.25
[   110.62 ] D: freq1 0.901165 2192.39
[   110.62 ] D: freq1 0.90125 2190.52
[   110.64 ] D: freq1 0.901335 2188.66
[   110.64 ] D: freq1 0.901419 2186.8
[   110.64 ] D: freq1 0.901504 2184.94
[   110.66 ] D: freq1 0.901589 2183.08
[   110.66 ] D: freq1 0.901673 2181.22
[   110.66 ] D: freq1 0.901758 2179.36
[   110.67 ] D: freq1 0.901843 2177.5
[   110.67 ] D: freq1 0.901927 2175.64
[   110.67 ] D: freq1 0.902012 2173.78
[   110.69 ] D: freq1 0.902097 2171.92
[   110.69 ] D: freq1 0.902181 2170.06
[   110.69 ] D: freq1 0.902266 2168.2
[   110.71 ] D: freq1 0.902351 2166.34
[   110.71 ] D: freq1 0.902435 2164.47
[   110.71 ] D: freq1 0.90252 2162.61
[   110.73 ] D: freq1 0.902605 2160.75
[   110.73 ] D: freq1 0.902689 2158.89
[   110.73 ] D: freq1 0.902774 2157.03
[   110.74 ] D: freq1 0.902858 2155.17
[   110.74 ] D: freq1 0.902943 2153.31
[   110.74 ] D: freq1 0.903028 2151.45
[   110.76 ] D: freq1 0.903112 2149.59
[   110.76 ] D: freq1 0.903197 2147.73
[   110.76 ] D: freq1 0.903282 2145.87
[   110.78 ] D: freq1 0.903366 2144.01
[   110.78 ] D: freq1 0.903451 2142.15
[   110.78 ] D: freq1 0.903536 2140.28
[   110.80 ] D: freq1 0.90362 2138.42
[   110.80 ] D: freq1 0.903705 2136.56
[   110.80 ] D: freq1 0.90379 2134.7
[   110.81 ] D: freq1 0.903874 2132.84
[   110.81 ] D: freq1 0.903959 2130.98
[   110.81 ] D: freq1 0.904044 2129.12
[   110.83 ] D: freq1 0.904128 2127.26
[   110.83 ] D: freq1 0.904213 2125.4
[   110.83 ] D: freq1 0.904298 2123.54
[   110.85 ] D: freq1 0.904382 2121.68
[   110.85 ] D: freq1 0.904467 2119.82
[   110.85 ] D: freq1 0.904552 2117.96
[   110.87 ] D: freq1 0.904636 2116.09
[   110.87 ] D: freq1 0.904721 2114.23
[   110.87 ] D: freq1 0.904806 2112.37
[   110.88 ] D: freq1 0.90489 2110.51
[   110.88 ] D: freq1 0.904975 2108.65
[   110.88 ] D: freq1 0.90506 2106.79
[   110.90 ] D: freq1 0.905144 2104.93
[   110.90 ] D: freq1 0.905229 2103.07
[   110.90 ] D: freq1 0.905313 2101.21
[   110.92 ] D: freq1 0.905398 2099.35
[   110.92 ] D: freq1 0.905483 2097.49
[   110.92 ] D: freq1 0.905567 2095.63
[   110.94 ] D: freq1 0.905652 2093.77
[   110.94 ] D: freq1 0.905737 2091.91
[   110.94 ] D: freq1 0.905821 2090.04
[   110.95 ] D: freq1 0.905906 2088.18
[   110.95 ] D: freq1 0.905991 2086.32
[   110.95 ] D: freq1 0.906075 2084.46
[   110.97 ] D: freq1 0.90616 2082.6
[   110.97 ] D: freq1 0.906245 2080.74
[   110.97 ] D: freq1 0.906329 2078.88
[   110.99 ] D: freq1 0.906414 2077.02
[   110.99 ] D: freq1 0.906499 2075.16
[   110.99 ] D: freq1 0.906583 2073.3
[   111.01 ] D: freq1 0.906668 2071.44
[   111.01 ] D: freq1 0.906753 2069.58
[   111.01 ] D: freq1 0.906837 2067.72
[   111.02 ] D: freq1 0.906922 2065.85
[   111.02 ] D: freq1 0.907007 2063.99
[   111.02 ] D: freq1 0.907091 2062.13
[   111.04 ] D: freq1 0.907176 2060.27
[   111.04 ] D: freq1 0.907261 2058.41
[   111.04 ] D: freq1 0.907345 2056.55
[   111.06 ] D: freq1 0.90743 2054.69
[   111.06 ] D: freq1 0.907515 2052.83
[   111.06 ] D: freq1 0.907599 2050.97
[   111.07 ] D: freq1 0.907684 2049.11
[   111.07 ] D: freq1 0.907769 2047.25
[   111.07 ] D: freq1 0.907853 2045.39
[   111.09 ] D: freq1 0.907938 2043.53
[   111.09 ] D: freq1 0.908022 2041.67
[   111.09 ] D: freq1 0.908107 2039.8
[   111.11 ] D: freq1 0.908192 2037.94
[   111.11 ] D: freq1 0.908276 2036.08
[   111.11 ] D: freq1 0.908361 2034.22
[   111.13 ] D: freq1 0.908446 2032.36
[   111.13 ] D: freq1 0.90853 2030.5
[   111.13 ] D: freq1 0.908615 2028.64
[   111.14 ] D: freq1 0.9087 2026.78
[   111.14 ] D: freq1 0.908784 2024.92
[   111.14 ] D: freq1 0.908869 2023.06
[   111.16 ] D: freq1 0.908954 2021.2
[   111.16 ] D: freq1 0.909038 2019.34
[   111.16 ] D: freq1 0.909123 2017.48
[   111.18 ] D: freq1 0.909208 2015.61
[   111.18 ] D: freq1 0.909292 2013.75
[   111.18 ] D: freq1 0.909377 2011.89
[   111.20 ] D: freq1 0.909462 2010.03
[   111.20 ] D: freq1 0.909546 2008.17
[   111.20 ] D: freq1 0.909631 2006.31
[   111.21 ] D: freq1 0.909716 2004.45
[   111.21 ] D: freq1 0.9098 2002.59
[   111.21 ] D: freq1 0.909885 2000.73
[   111.23 ] D: freq1 0.90997 1998.87
[   111.23 ] D: freq1 0.910054 1997.01
[   111.23 ] D: freq1 0.910139 1995.15
[   111.25 ] D: freq1 0.910224 1993.29
[   111.25 ] D: freq1 0.910308 1991.43
[   111.25 ] D: freq1 0.910393 1989.56
[   111.27 ] D: freq1 0.910478 1987.7
[   111.27 ] D: freq1 0.910562 1985.84
[   111.27 ] D: freq1 0.910647 1983.98
[   111.28 ] D: freq1 0.910731 1982.12
[   111.28 ] D: freq1 0.910816 1980.26
[   111.28 ] D: freq1 0.910901 1978.4
[   111.30 ] D: freq1 0.910985 1976.54
[   111.30 ] D: freq1 0.91107 1974.68
[   111.30 ] D: freq1 0.911155 1972.82
[   111.32 ] D: freq1 0.911239 1970.96
[   111.32 ] D: freq1 0.911324 1969.1
[   111.32 ] D: freq1 0.911409 1967.24
[   111.34 ] D: freq1 0.911493 1965.38
[   111.34 ] D: freq1 0.911578 1963.51
[   111.34 ] D: freq1 0.911663 1961.65
[   111.35 ] D: freq1 0.911747 1959.79
[   111.35 ] D: freq1 0.911832 1957.93
[   111.35 ] D: freq1 0.911917 1956.07
[   111.37 ] D: freq1 0.912001 1954.21
[   111.37 ] D: freq1 0.912086 1952.35
[   111.37 ] D: freq1 0.912171 1950.49
[   111.39 ] D: freq1 0.912255 1948.63
[   111.39 ] D: freq1 0.91234 1946.77
[   111.39 ] D: freq1 0.912425 1944.91
[   111.41 ] D: freq1 0.912509 1943.05
[   111.41 ] D: freq1 0.912594 1941.19
[   111.41 ] D: freq1 0.912679 1939.32
[   111.42 ] D: freq1 0.912763 1937.46
[   111.42 ] D: freq1 0.912848 1935.6
[   111.42 ] D: freq1 0.912933 1933.74
[   111.44 ] D: freq1 0.913017 1931.88
[   111.44 ] D: freq1 0.913102 1930.02
[   111.44 ] D: freq1 0.913186 1928.16
[   111.46 ] D: freq1 0.913271 1926.3
[   111.46 ] D: freq1 0.913356 1924.44
[   111.46 ] D: freq1 0.91344 1922.58
[   111.48 ] D: freq1 0.913525 1920.72
[   111.48 ] D: freq1 0.91361 1918.86
[   111.48 ] D: freq1 0.913694 1917
[   111.49 ] D: freq1 0.913779 1915.14
[   111.49 ] D: freq1 0.913864 1913.27
[   111.49 ] D: freq1 0.913948 1911.41
[   111.51 ] D: freq1 0.914033 1909.55
[   111.51 ] D: freq1 0.914118 1907.69
[   111.51 ] D: freq1 0.914202 1905.83
[   111.53 ] D: freq1 0.914287 1903.97
[   111.53 ] D: freq1 0.914372 1902.11
[   111.53 ] D: freq1 0.914456 1900.25
[   111.55 ] D: freq1 0.914541 1898.39
[   111.55 ] D: freq1 0.914626 1896.53
[   111.55 ] D: freq1 0.91471 1894.67
[   111.56 ] D: freq1 0.914795 1892.81
[   111.56 ] D: freq1 0.91488 1890.95
[   111.56 ] D: freq1 0.914964 1889.09
[   111.58 ] D: freq1 0.915049 1887.22
[   111.58 ] D: freq1 0.915134 1885.36
[   111.58 ] D: freq1 0.915218 1883.5
[   111.60 ] D: freq1 0.915303 1881.64
[   111.60 ] D: freq1 0.915388 1879.78
[   111.60 ] D: freq1 0.915472 1877.92
[   111.61 ] D: freq1 0.915557 1876.06
[   111.61 ] D: freq1 0.915642 1874.2
[   111.61 ] D: freq1 0.915726 1872.34
[   111.63 ] D: freq1 0.915811 1870.48
[   111.63 ] D: freq1 0.915896 1868.62
[   111.63 ] D: freq1 0.91598 1866.76
[   111.65 ] D: freq1 0.916065 1864.9
[   111.65 ] D: freq1 0.916149 1863.03
[   111.65 ] D: freq1 0.916234 1861.17
[   111.67 ] D: freq1 0.916319 1859.31
[   111.67 ] D: freq1 0.916403 1857.45
[   111.67 ] D: freq1 0.916488 1855.59
[   111.68 ] D: freq1 0.916573 1853.73
[   111.68 ] D: freq1 0.916657 1851.87
[   111.68 ] D: freq1 0.916742 1850.01
[   111.70 ] D: freq1 0.916827 1848.15
[   111.70 ] D: freq1 0.916911 1846.29
[   111.70 ] D: freq1 0.916996 1844.43
[   111.72 ] D: freq1 0.917081 1842.57
[   111.72 ] D: freq1 0.917165 1840.71
[   111.72 ] D: freq1 0.91725 1838.85
[   111.74 ] D: freq1 0.917335 1836.98
[   111.74 ] D: freq1 0.917419 1835.12
[   111.74 ] D: freq1 0.917504 1833.26
[   111.75 ] D: freq1 0.917589 1831.4
[   111.75 ] D: freq1 0.917673 1829.54
[   111.75 ] D: freq1 0.917758 1827.68
[   111.77 ] D: freq1 0.917843 1825.82
[   111.77 ] D: freq1 0.917927 1823.96
[   111.77 ] D: freq1 0.918012 1822.1
[   111.79 ] D: freq1 0.918097 1820.24
[   111.79 ] D: freq1 0.918181 1818.38
[   111.79 ] D: freq1 0.918266 1816.52
[   111.81 ] D: freq1 0.918351 1814.66
[   111.81 ] D: freq1 0.918435 1812.8
[   111.81 ] D: freq1 0.91852 1810.93
[   111.82 ] D: freq1 0.918604 1809.07
[   111.82 ] D: freq1 0.918689 1807.21
[   111.82 ] D: freq1 0.918774 1805.35
[   111.84 ] D: freq1 0.918858 1803.49
[   111.84 ] D: freq1 0.918943 1801.63
[   111.84 ] D: freq1 0.919028 1799.77
[   111.86 ] D: freq1 0.919112 1797.91
[   111.86 ] D: freq1 0.919197 1796.05
[   111.86 ] D: freq1 0.919282 1794.19
[   111.88 ] D: freq1 0.919366 1792.33
[   111.88 ] D: freq1 0.919451 1790.47
[   111.88 ] D: freq1 0.919536 1788.61
[   111.89 ] D: freq1 0.91962 1786.74
[   111.89 ] D: freq1 0.919705 1784.88
[   111.89 ] D: freq1 0.91979 1783.02
[   111.91 ] D: freq1 0.919874 1781.16
[   111.91 ] D: freq1 0.919959 1779.3
[   111.91 ] D: AsyncFileReader 3 8
[   111.91 ] D: freq1 0.920044 1777.44
[   111.93 ] D: freq1 0.920128 1775.58
[   111.93 ] D: freq1 0.920213 1773.72
[   111.93 ] D: freq1 0.920298 1771.86
[   111.95 ] D: freq1 0.920382 1770
[   111.95 ] D: freq1 0.920467 1768.14
[   111.95 ] D: freq1 0.920552 1766.28
[   111.96 ] D: freq1 0.920636 1764.42
[   111.96 ] D: freq1 0.920721 1762.56
[   111.96 ] D: freq1 0.920806 1760.69
[   111.98 ] D: freq1 0.92089 1758.83
[   111.98 ] D: freq1 0.920975 1756.97
[   111.98 ] D: freq1 0.92106 1755.11
[   112.00 ] D: freq1 0.921144 1753.25
[   112.00 ] D: freq1 0.921229 1751.39
[   112.00 ] D: freq1 0.921313 1749.53
[   112.02 ] D: freq1 0.921398 1747.67
[   112.02 ] D: freq1 0.921483 1745.81
[   112.02 ] D: freq1 0.921567 1743.95
[   112.03 ] D: freq1 0.921652 1742.09
[   112.03 ] D: freq1 0.921737 1740.23
[   112.03 ] D: freq1 0.921821 1738.37
[   112.05 ] D: freq1 0.921906 1736.5
[   112.05 ] D: freq1 0.921991 1734.64
[   112.05 ] D: freq1 0.922075 1732.78
[   112.07 ] D: freq1 0.92216 1730.92
[   112.07 ] D: freq1 0.922245 1729.06
[   112.07 ] D: freq1 0.922329 1727.2
[   112.08 ] D: freq1 0.922414 1725.34
[   112.08 ] D: freq1 0.922499 1723.48
[   112.08 ] D: freq1 0.922583 1721.62
[   112.10 ] D: freq1 0.922668 1719.76
[   112.10 ] D: freq1 0.922753 1717.9
[   112.10 ] D: freq1 0.922837 1716.04
[   112.12 ] D: freq1 0.922922 1714.18
[   112.12 ] D: freq1 0.923007 1712.32
[   112.12 ] D: freq1 0.923091 1710.45
[   112.14 ] D: freq1 0.923176 1708.59
[   112.14 ] D: freq1 0.923261 1706.73
[   112.14 ] D: freq1 0.923345 1704.87
[   112.15 ] D: freq1 0.92343 1703.01
[   112.15 ] D: freq1 0.923515 1701.15
[   112.15 ] D: freq1 0.923599 1699.29
[   112.17 ] D: freq1 0.923684 1697.43
[   112.17 ] D: freq1 0.923769 1695.57
[   112.17 ] D: freq1 0.923853 1693.71
[   112.19 ] D: freq1 0.923938 1691.85
[   112.19 ] D: freq1 0.924022 1689.99
[   112.19 ] D: freq1 0.924107 1688.13
[   112.21 ] D: freq1 0.924192 1686.26
[   112.21 ] D: freq1 0.924276 1684.4
[   112.21 ] D: freq1 0.924361 1682.54
[   112.22 ] D: freq1 0.924446 1680.68
[   112.22 ] D: freq1 0.92453 1678.82
[   112.22 ] D: freq1 0.924615 1676.96
[   112.24 ] D: freq1 0.9247 1675.1
[   112.24 ] D: freq1 0.924784 1673.24
[   112.24 ] D: freq1 0.924869 1671.38
[   112.26 ] D: freq1 0.924954 1669.52
[   112.26 ] D: freq1 0.925038 1667.66
[   112.26 ] D: freq1 0.925123 1665.8
[   112.28 ] D: freq1 0.925208 1663.94
[   112.28 ] D: freq1 0.925292 1662.07
[   112.28 ] D: freq1 0.925377 1660.21
[   112.29 ] D: freq1 0.925462 1658.35
[   112.29 ] D: freq1 0.925546 1656.49
[   112.29 ] D: freq1 0.925631 1654.63
[   112.31 ] D: freq1 0.925716 1652.77
[   112.31 ] D: freq1 0.9258 1650.91
[   112.31 ] D: freq1 0.925885 1649.05
[   112.33 ] D: freq1 0.92597 1647.19
[   112.33 ] D: freq1 0.926054 1645.33
[   112.33 ] D: freq1 0.926139 1643.47
[   112.35 ] D: freq1 0.926224 1641.61
[   112.35 ] D: freq1 0.926308 1639.75
[   112.35 ] D: freq1 0.926393 1637.89
[   112.36 ] D: freq1 0.926477 1636.02
[   112.36 ] D: freq1 0.926562 1634.16
[   112.36 ] D: freq1 0.926647 1632.3
[   112.38 ] D: freq1 0.926731 1630.44
[   112.38 ] D: freq1 0.926816 1628.58
[   112.38 ] D: freq1 0.926901 1626.72
[   112.40 ] D: freq1 0.926985 1624.86
[   112.40 ] D: freq1 0.92707 1623
[   112.40 ] D: freq1 0.927155 1621.14
[   112.42 ] D: freq1 0.927239 1619.28
[   112.42 ] D: freq1 0.927324 1617.42
[   112.42 ] D: freq1 0.927409 1615.56
[   112.43 ] D: freq1 0.927493 1613.7
[   112.43 ] D: freq1 0.927578 1611.83
[   112.43 ] D: freq1 0.927663 1609.97
[   112.45 ] D: freq1 0.927747 1608.11
[   112.45 ] D: freq1 0.927832 1606.25
[   112.45 ] D: freq1 0.927917 1604.39
[   112.47 ] D: freq1 0.928001 1602.53
[   112.47 ] D: freq1 0.928086 1600.67
[   112.47 ] D: freq1 0.928171 1598.81
[   112.49 ] D: freq1 0.928255 1596.95
[   112.49 ] D: freq1 0.92834 1595.09
[   112.49 ] D: freq1 0.928425 1593.23
[   112.50 ] D: freq1 0.928509 1591.37
[   112.50 ] D: freq1 0.928594 1589.51
[   112.50 ] D: freq1 0.928679 1587.64
[   112.52 ] D: freq1 0.928763 1585.78
[   112.52 ] D: freq1 0.928848 1583.92
[   112.52 ] D: freq1 0.928933 1582.06
[   112.54 ] D: freq1 0.929017 1580.2
[   112.54 ] D: freq1 0.929102 1578.34
[   112.54 ] D: freq1 0.929187 1576.48
[   112.56 ] D: freq1 0.929271 1574.62
[   112.56 ] D: freq1 0.929356 1572.76
[   112.56 ] D: freq1 0.92944 1570.9
[   112.57 ] D: freq1 0.929525 1569.04
[   112.57 ] D: freq1 0.92961 1567.18
[   112.57 ] D: freq1 0.929694 1565.32
[   112.59 ] D: freq1 0.929779 1563.46
[   112.59 ] D: freq1 0.929864 1561.59
[   112.59 ] D: freq1 0.929948 1559.73
[   112.61 ] D: freq1 0.930033 1557.87
[   112.61 ] D: freq1 0.930118 1556.01
[   112.61 ] D: freq1 0.930202 1554.15
[   112.62 ] D: freq1 0.930287 1552.29
[   112.62 ] D: freq1 0.930372 1550.43
[   112.62 ] D: freq1 0.930456 1548.57
[   112.64 ] D: freq1 0.930541 1546.71
[   112.64 ] D: freq1 0.930626 1544.85
[   112.64 ] D: freq1 0.93071 1542.99
[   112.66 ] D: freq1 0.930795 1541.13
[   112.66 ] D: freq1 0.93088 1539.27
[   112.66 ] D: freq1 0.930964 1537.4
[   112.68 ] D: freq1 0.931049 1535.54
[   112.68 ] D: freq1 0.931134 1533.68
[   112.68 ] D: freq1 0.931218 1531.82
[   112.69 ] D: freq1 0.931303 1529.96
[   112.69 ] D: freq1 0.931388 1528.1
[   112.69 ] D: freq1 0.931472 1526.24
[   112.71 ] D: freq1 0.931557 1524.38
[   112.71 ] D: freq1 0.931642 1522.52
[   112.71 ] D: freq1 0.931726 1520.66
[   112.73 ] D: freq1 0.931811 1518.8
[   112.73 ] D: freq1 0.931895 1516.94
[   112.73 ] D: freq1 0.93198 1515.08
[   112.75 ] D: freq1 0.932065 1513.22
[   112.75 ] D: freq1 0.932149 1511.35
[   112.75 ] D: freq1 0.932234 1509.49
[   112.76 ] D: freq1 0.932319 1507.63
[   112.76 ] D: freq1 0.932403 1505.77
[   112.76 ] D: freq1 0.932488 1503.91
[   112.78 ] D: freq1 0.932573 1502.05
[   112.78 ] D: freq1 0.932657 1500.19
[   112.78 ] D: freq1 0.932742 1498.33
[   112.80 ] D: freq1 0.932827 1496.47
[   112.80 ] D: freq1 0.932911 1494.61
[   112.80 ] D: freq1 0.932996 1492.75
[   112.82 ] D: freq1 0.933081 1490.89
[   112.82 ] D: freq1 0.933165 1489.03
[   112.82 ] D: freq1 0.93325 1487.16
[   112.83 ] D: freq1 0.933335 1485.3
[   112.83 ] D: freq1 0.933419 1483.44
[   112.83 ] D: freq1 0.933504 1481.58
[   112.85 ] D: freq1 0.933589 1479.72
[   112.85 ] D: freq1 0.933673 1477.86
[   112.85 ] D: freq1 0.933758 1476
[   112.87 ] D: freq1 0.933843 1474.14
[   112.87 ] D: freq1 0.933927 1472.28
[   112.87 ] D: freq1 0.934012 1470.42
[   112.89 ] D: freq1 0.934097 1468.56
[   112.89 ] D: freq1 0.934181 1466.7
[   112.89 ] D: freq1 0.934266 1464.84
[   112.90 ] D: freq1 0.934351 1462.97
[   112.90 ] D: freq1 0.934435 1461.11
[   112.90 ] D: freq1 0.93452 1459.25
[   112.92 ] D: freq1 0.934605 1457.39
[   112.92 ] D: freq1 0.934689 1455.53
[   112.92 ] D: freq1 0.934774 1453.67
[   112.94 ] D: freq1 0.934858 1451.81
[   112.94 ] D: freq1 0.934943 1449.95
[   112.94 ] D: freq1 0.935028 1448.09
[   112.96 ] D: freq1 0.935112 1446.23
[   112.96 ] D: freq1 0.935197 1444.37
[   112.96 ] D: freq1 0.935282 1442.51
[   112.97 ] D: freq1 0.935366 1440.65
[   112.97 ] D: freq1 0.935451 1438.79
[   112.97 ] D: freq1 0.935536 1436.92
[   112.99 ] D: freq1 0.93562 1435.06
[   112.99 ] D: freq1 0.935705 1433.2
[   112.99 ] D: freq1 0.93579 1431.34
[   113.01 ] D: freq1 0.935874 1429.48
[   113.01 ] D: freq1 0.935959 1427.62
[   113.01 ] D: freq1 0.936044 1425.76
[   113.03 ] D: freq1 0.936128 1423.9
[   113.03 ] D: freq1 0.936213 1422.04
[   113.03 ] D: freq1 0.936298 1420.18
[   113.04 ] D: freq1 0.936382 1418.32
[   113.04 ] D: freq1 0.936467 1416.46
[   113.04 ] D: freq1 0.936552 1414.6
[   113.06 ] D: freq1 0.936636 1412.73
[   113.06 ] D: freq1 0.936721 1410.87
[   113.06 ] D: freq1 0.936806 1409.01
[   113.08 ] D: freq1 0.93689 1407.15
[   113.08 ] D: freq1 0.936975 1405.29
[   113.08 ] D: freq1 0.93706 1403.43
[   113.10 ] D: freq1 0.937144 1401.57
[   113.10 ] D: freq1 0.937229 1399.71
[   113.10 ] D: freq1 0.937313 1397.85
[   113.11 ] D: freq1 0.937398 1395.99
[   113.11 ] D: freq1 0.937483 1394.13
[   113.11 ] D: freq1 0.937567 1392.27
[   113.13 ] D: freq1 0.937652 1390.41
[   113.13 ] D: freq1 0.937737 1388.55
[   113.13 ] D: freq1 0.937821 1386.68
[   113.15 ] D: freq1 0.937906 1384.82
[   113.15 ] D: freq1 0.937991 1382.96
[   113.15 ] D: freq1 0.938075 1381.1
[   113.16 ] D: freq1 0.93816 1379.24
[   113.16 ] D: freq1 0.938245 1377.38
[   113.16 ] D: freq1 0.938329 1375.52
[   113.18 ] D: freq1 0.938414 1373.66
[   113.18 ] D: freq1 0.938499 1371.8
[   113.18 ] D: freq1 0.938583 1369.94
[   113.20 ] D: freq1 0.938668 1368.08
[   113.20 ] D: freq1 0.938753 1366.22
[   113.20 ] D: freq1 0.938837 1364.36
[   113.22 ] D: freq1 0.938922 1362.5
[   113.22 ] D: freq1 0.939007 1360.63
[   113.22 ] D: freq1 0.939091 1358.77
[   113.23 ] D: freq1 0.939176 1356.91
[   113.23 ] D: freq1 0.939261 1355.05
[   113.23 ] D: freq1 0.939345 1353.19
[   113.25 ] D: freq1 0.93943 1351.33
[   113.25 ] D: freq1 0.939515 1349.47
[   113.25 ] D: freq1 0.939599 1347.61
[   113.27 ] D: freq1 0.939684 1345.75
[   113.27 ] D: freq1 0.939768 1343.89
[   113.27 ] D: freq1 0.939853 1342.03
[   113.29 ] D: freq1 0.939938 1340.17
[   113.29 ] D: freq1 0.940022 1338.31
[   113.29 ] D: freq1 0.940107 1336.44
[   113.30 ] D: freq1 0.940192 1334.58
[   113.30 ] D: freq1 0.940276 1332.72
[   113.30 ] D: freq1 0.940361 1330.86
[   113.32 ] D: freq1 0.940446 1329
[   113.32 ] D: freq1 0.94053 1327.14
[   113.32 ] D: freq1 0.940615 1325.28
[   113.34 ] D: freq1 0.9407 1323.42
[   113.34 ] D: freq1 0.940784 1321.56
[   113.34 ] D: freq1 0.940869 1319.7
[   113.36 ] D: freq1 0.940954 1317.84
[   113.36 ] D: freq1 0.941038 1315.98
[   113.36 ] D: freq1 0.941123 1314.12
[   113.37 ] D: freq1 0.941208 1312.26
[   113.37 ] D: freq1 0.941292 1310.39
[   113.37 ] D: freq1 0.941377 1308.53
[   113.39 ] D: freq1 0.941462 1306.67
[   113.39 ] D: freq1 0.941546 1304.81
[   113.39 ] D: freq1 0.941631 1302.95
[   113.41 ] D: AsyncFileReader 4 9
[   113.41 ] D: freq1 0.941716 1301.09
[   113.41 ] D: freq1 0.9418 1299.23
[   113.41 ] D: freq1 0.941885 1297.37
[   113.43 ] D: freq1 0.94197 1295.51
[   113.43 ] D: freq1 0.942054 1293.65
[   113.43 ] D: freq1 0.942139 1291.79
[   113.44 ] D: freq1 0.942224 1289.93
[   113.44 ] D: freq1 0.942308 1288.07
[   113.44 ] D: freq1 0.942393 1286.2
[   113.46 ] D: freq1 0.942478 1284.34
[   113.46 ] D: freq1 0.942562 1282.48
[   113.46 ] D: freq1 0.942647 1280.62
[   113.48 ] D: freq1 0.942731 1278.76
[   113.48 ] D: freq1 0.942816 1276.9
[   113.48 ] D: freq1 0.942901 1275.04
[   113.50 ] D: freq1 0.942985 1273.18
[   113.50 ] D: freq1 0.94307 1271.32
[   113.50 ] D: freq1 0.943155 1269.46
[   113.51 ] D: freq1 0.943239 1267.6
[   113.51 ] D: freq1 0.943324 1265.74
[   113.51 ] D: freq1 0.943409 1263.88
[   113.53 ] D: freq1 0.943493 1262.02
[   113.53 ] D: freq1 0.943578 1260.15
[   113.53 ] D: freq1 0.943663 1258.29
[   113.55 ] D: freq1 0.943747 1256.43
[   113.55 ] D: freq1 0.943832 1254.57
[   113.55 ] D: freq1 0.943917 1252.71
[   113.57 ] D: freq1 0.944001 1250.85
[   113.57 ] D: freq1 0.944086 1248.99
[   113.57 ] D: freq1 0.944171 1247.13
[   113.58 ] D: freq1 0.944255 1245.27
[   113.58 ] D: freq1 0.94434 1243.41
[   113.58 ] D: freq1 0.944425 1241.55
[   113.60 ] D: freq1 0.944509 1239.69
[   113.60 ] D: freq1 0.944594 1237.83
[   113.60 ] D: freq1 0.944679 1235.97
[   113.62 ] D: freq1 0.944763 1234.1
[   113.62 ] D: freq1 0.944848 1232.24
[   113.62 ] D: freq1 0.944933 1230.38
[   113.63 ] D: freq1 0.945017 1228.52
[   113.63 ] D: freq1 0.945102 1226.66
[   113.63 ] D: freq1 0.945186 1224.8
[   113.65 ] D: freq1 0.945271 1222.94
[   113.65 ] D: freq1 0.945356 1221.08
[   113.65 ] D: freq1 0.94544 1219.22
[   113.67 ] D: freq1 0.945525 1217.36
[   113.67 ] D: freq1 0.94561 1215.5
[   113.67 ] D: freq1 0.945694 1213.64
[   113.69 ] D: freq1 0.945779 1211.78
[   113.69 ] D: freq1 0.945864 1209.91
[   113.69 ] D: freq1 0.945948 1208.05
[   113.70 ] D: freq1 0.946033 1206.19
[   113.70 ] D: freq1 0.946118 1204.33
[   113.70 ] D: freq1 0.946202 1202.47
[   113.72 ] D: freq1 0.946287 1200.61
[   113.72 ] D: freq1 0.946372 1198.75
[   113.72 ] D: freq1 0.946456 1196.89
[   113.74 ] D: freq1 0.946541 1195.03
[   113.74 ] D: freq1 0.946626 1193.17
[   113.74 ] D: freq1 0.94671 1191.31
[   113.76 ] D: freq1 0.946795 1189.45
[   113.76 ] D: freq1 0.94688 1187.59
[   113.76 ] D: freq1 0.946964 1185.73
[   113.77 ] D: freq1 0.947049 1183.86
[   113.77 ] D: freq1 0.947134 1182
[   113.77 ] D: freq1 0.947218 1180.14
[   113.79 ] D: freq1 0.947303 1178.28
[   113.79 ] D: freq1 0.947388 1176.42
[   113.79 ] D: freq1 0.947472 1174.56
[   113.81 ] D: freq1 0.947557 1172.7
[   113.81 ] D: freq1 0.947642 1170.84
[   113.81 ] D: freq1 0.947726 1168.98
[   113.83 ] D: freq1 0.947811 1167.12
[   113.83 ] D: freq1 0.947896 1165.26
[   113.83 ] D: freq1 0.94798 1163.4
[   113.84 ] D: freq1 0.948065 1161.54
[   113.84 ] D: freq1 0.948149 1159.68
[   113.84 ] D: freq1 0.948234 1157.81
[   113.86 ] D: freq1 0.948319 1155.95
[   113.86 ] D: freq1 0.948403 1154.09
[   113.86 ] D: freq1 0.948488 1152.23
[   113.88 ] D: freq1 0.948573 1150.37
[   113.88 ] D: freq1 0.948657 1148.51
[   113.88 ] D: freq1 0.948742 1146.65
[   113.90 ] D: freq1 0.948827 1144.79
[   113.90 ] D: freq1 0.948911 1142.93
[   113.90 ] D: freq1 0.948996 1141.07
[   113.91 ] D: freq1 0.949081 1139.21
[   113.91 ] D: freq1 0.949165 1137.35
[   113.91 ] D: freq1 0.94925 1135.49
[   113.93 ] D: freq1 0.949335 1133.62
[   113.93 ] D: freq1 0.949419 1131.76
[   113.93 ] D: freq1 0.949504 1129.9
[   113.95 ] D: freq1 0.949589 1128.04
[   113.95 ] D: freq1 0.949673 1126.18
[   113.95 ] D: freq1 0.949758 1124.32
[   113.97 ] D: freq1 0.949843 1122.46
[   113.97 ] D: freq1 0.949927 1120.6
[   113.97 ] D: freq1 0.95 1119
[   113.98 ] D: freq1 0.95 1119
[   113.98 ] D: freq1 0.95 1119
[   113.98 ] D: freq1 0.95 1119
[   114.00 ] D: freq1 0.95 1119
[   114.00 ] D: freq1 0.95 1119
[   114.00 ] D: freq1 0.95 1119
[   114.02 ] D: freq1 0.95 1119
[   114.02 ] D: freq1 0.95 1119
[   114.02 ] D: freq1 0.95 1119
[   114.04 ] D: freq1 0.95 1119
[   114.04 ] D: freq1 0.95 1119
[   114.04 ] D: freq1 0.95 1119
[   114.05 ] D: freq1 0.95 1119
[   114.05 ] D: freq1 0.95 1119
[   114.05 ] D: freq1 0.95 1119
[   114.07 ] D: freq1 0.95 1119
[   114.07 ] D: freq1 0.95 1119
[   114.07 ] D: freq1 0.95 1119
[   114.09 ] D: freq1 0.95 1119
[   114.09 ] D: freq1 0.95 1119
[   114.09 ] D: freq1 0.95 1119
[   114.11 ] D: freq1 0.95 1119
[   114.11 ] D: freq1 0.95 1119
[   114.11 ] D: freq1 0.95 1119
[   114.12 ] D: freq1 0.95 1119
[   114.12 ] D: freq1 0.95 1119
[   114.12 ] D: freq1 0.95 1119
[   114.14 ] D: freq1 0.95 1119
[   114.14 ] D: freq1 0.95 1119
[   114.14 ] D: freq1 0.95 1119
[   114.16 ] D: freq1 0.95 1119
[   114.16 ] D: freq1 0.95 1119
[   114.16 ] D: freq1 0.95 1119
[   114.17 ] D: freq1 0.95 1119
[   114.17 ] D: freq1 0.95 1119
[   114.17 ] D: freq1 0.95 1119
[   114.19 ] D: freq1 0.95 1119
[   114.19 ] D: freq1 0.95 1119
[   114.19 ] D: freq1 0.95 1119
[   114.21 ] D: freq1 0.95 1119
[   114.21 ] D: freq1 0.95 1119
[   114.21 ] D: freq1 0.95 1119
[   114.23 ] D: freq1 0.95 1119
[   114.23 ] D: freq1 0.95 1119
[   114.23 ] D: freq1 0.95 1119
[   114.24 ] D: freq1 0.95 1119
[   114.24 ] D: freq1 0.95 1119
[   114.24 ] D: freq1 0.95 1119
[   114.26 ] D: freq1 0.95 1119
[   114.26 ] D: freq1 0.95 1119
[   114.26 ] D: freq1 0.95 1119
[   114.28 ] D: freq1 0.95 1119
[   114.28 ] D: freq1 0.95 1119
[   114.28 ] D: freq1 0.95 1119
[   114.30 ] D: freq1 0.95 1119
[   114.30 ] D: freq1 0.95 1119
[   114.30 ] D: freq1 0.95 1119
[   114.31 ] D: freq1 0.95 1119
[   114.31 ] D: freq1 0.95 1119
[   114.31 ] D: freq1 0.95 1119
[   114.33 ] D: freq1 0.95 1119
[   114.33 ] D: freq1 0.95 1119
[   114.33 ] D: freq1 0.95 1119
[   114.35 ] D: freq1 0.95 1119
[   114.35 ] D: freq1 0.95 1119
[   114.35 ] D: freq1 0.95 1119
[   114.37 ] D: freq1 0.95 1119
[   114.37 ] D: freq1 0.95 1119
[   114.37 ] D: freq1 0.95 1119
[   114.38 ] D: freq1 0.95 1119
[   114.38 ] D: freq1 0.95 1119
[   114.38 ] D: freq1 0.95 1119
[   114.40 ] D: freq1 0.95 1119
[   114.40 ] D: freq1 0.95 1119
[   114.40 ] D: freq1 0.95 1119
[   114.42 ] D: freq1 0.95 1119
[   114.42 ] D: freq1 0.95 1119
[   114.42 ] D: freq1 0.95 1119
[   114.44 ] D: freq1 0.95 1119
[   114.44 ] D: freq1 0.95 1119
[   114.44 ] D: freq1 0.95 1119
[   114.45 ] D: freq1 0.95 1119
[   114.45 ] D: freq1 0.95 1119
[   114.45 ] D: freq1 0.95 1119
[   114.47 ] D: freq1 0.95 1119
[   114.47 ] D: freq1 0.95 1119
[   114.47 ] D: freq1 0.95 1119
[   114.49 ] D: freq1 0.95 1119
[   114.49 ] D: freq1 0.95 1119
[   114.49 ] D: freq1 0.95 1119
[   114.51 ] D: freq1 0.95 1119
[   114.51 ] D: freq1 0.95 1119
[   114.51 ] D: freq1 0.95 1119
[   114.52 ] D: freq1 0.95 1119
[   114.52 ] D: freq1 0.95 1119
[   114.52 ] D: freq1 0.95 1119
[   114.54 ] D: freq1 0.95 1119
[   114.54 ] D: freq1 0.95 1119
[   114.54 ] D: freq1 0.95 1119
[   114.56 ] D: freq1 0.95 1119
[   114.56 ] D: freq1 0.95 1119
[   114.56 ] D: freq1 0.95 1119
[   114.58 ] D: freq1 0.95 1119
[   114.58 ] D: freq1 0.95 1119
[   114.58 ] D: freq1 0.95 1119
[   114.59 ] D: freq1 0.95 1119
[   114.59 ] D: freq1 0.95 1119
[   114.59 ] D: freq1 0.95 1119
[   114.61 ] D: freq1 0.95 1119
[   114.61 ] D: freq1 0.95 1119
[   114.61 ] D: freq1 0.95 1119
[   114.63 ] D: freq1 0.95 1119
[   114.63 ] D: freq1 0.95 1119
[   114.63 ] D: freq1 0.95 1119
[   114.64 ] D: freq1 0.95 1119
[   114.64 ] D: freq1 0.95 1119
[   114.64 ] D: freq1 0.95 1119
[   114.66 ] D: freq1 0.95 1119
[   114.66 ] D: freq1 0.95 1119
[   114.66 ] D: freq1 0.95 1119
[   114.68 ] D: freq1 0.95 1119
[   114.68 ] D: freq1 0.95 1119
[   114.68 ] D: freq1 0.95 1119
[   114.70 ] D: freq1 0.95 1119
[   114.70 ] D: freq1 0.95 1119
[   114.70 ] D: freq1 0.95 1119
[   114.71 ] D: freq1 0.95 1119
[   114.71 ] D: freq1 0.95 1119
[   114.71 ] D: freq1 0.95 1119
[   114.73 ] D: freq1 0.95 1119
[   114.73 ] D: freq1 0.95 1119
[   114.73 ] D: freq1 0.95 1119
[   114.75 ] D: freq1 0.95 1119
[   114.75 ] D: freq1 0.95 1119
[   114.75 ] D: freq1 0.95 1119
[   114.77 ] D: freq1 0.95 1119
[   114.77 ] D: freq1 0.95 1119
[   114.77 ] D: freq1 0.95 1119
[   114.78 ] D: freq1 0.95 1119
[   114.78 ] D: freq1 0.95 1119
[   114.78 ] D: freq1 0.95 1119
[   114.80 ] D: freq1 0.95 1119
[   114.80 ] D: freq1 0.95 1119
[   114.80 ] D: freq1 0.95 1119
[   114.82 ] D: freq1 0.95 1119
[   114.82 ] D: freq1 0.95 1119
[   114.82 ] D: freq1 0.95 1119
[   114.84 ] D: freq1 0.95 1119
[   114.84 ] D: freq1 0.95 1119
[   114.84 ] D: freq1 0.95 1119
[   114.85 ] D: freq1 0.95 1119
[   114.85 ] D: freq1 0.95 1119
[   114.85 ] D: freq1 0.95 1119
[   114.87 ] D: freq1 0.95 1119
[   114.87 ] D: freq1 0.95 1119
[   114.87 ] D: freq1 0.95 1119
[   114.89 ] D: freq1 0.95 1119
[   114.89 ] D: AsyncFileReader 0 10
[   114.89 ] D: freq1 0.95 1119
[   114.89 ] D: freq1 0.95 1119
[   114.91 ] D: freq1 0.95 1119
[   114.91 ] D: freq1 0.95 1119
[   114.91 ] D: freq1 0.95 1119
[   114.92 ] D: freq1 0.95 1119
[   114.92 ] D: freq1 0.95 1119
[   114.92 ] D: freq1 0.95 1119
[   114.94 ] D: freq1 0.95 1119
[   114.94 ] D: freq1 0.95 1119
[   114.94 ] D: freq1 0.95 1119
[   114.96 ] D: freq1 0.95 1119
[   114.96 ] D: freq1 0.95 1119
[   114.96 ] D: freq1 0.95 1119
[   114.98 ] D: freq1 0.95 1119
[   114.98 ] D: freq1 0.95 1119
[   114.98 ] D: freq1 0.95 1119
[   114.99 ] D: freq1 0.95 1119
[   114.99 ] D: freq1 0.95 1119
[   114.99 ] D: freq1 0.95 1119
[   115.01 ] D: freq1 0.95 1119
[   115.01 ] D: freq1 0.95 1119
[   115.01 ] D: freq1 0.95 1119
[   115.03 ] D: freq1 0.95 1119
[   115.03 ] D: freq1 0.95 1119
[   115.03 ] D: freq1 0.95 1119
[   115.05 ] D: freq1 0.95 1119
[   115.05 ] D: freq1 0.95 1119
[   115.05 ] D: freq1 0.95 1119
[   115.06 ] D: freq1 0.95 1119
[   115.06 ] D: freq1 0.95 1119
[   115.06 ] D: freq1 0.95 1119
[   115.08 ] D: freq1 0.95 1119
[   115.08 ] D: freq1 0.95 1119
[   115.08 ] D: freq1 0.95 1119
[   115.10 ] D: freq1 0.95 1119
[   115.10 ] D: freq1 0.95 1119
[   115.10 ] D: freq1 0.95 1119
[   115.12 ] D: freq1 0.95 1119
[   115.12 ] D: freq1 0.95 1119
[   115.12 ] D: freq1 0.95 1119
[   115.13 ] D: freq1 0.95 1119
[   115.13 ] D: freq1 0.95 1119
[   115.13 ] D: freq1 0.95 1119
[   115.15 ] D: freq1 0.95 1119
[   115.15 ] D: freq1 0.95 1119
[   115.15 ] D: freq1 0.95 1119
[   115.17 ] D: freq1 0.95 1119
[   115.17 ] D: freq1 0.95 1119
[   115.17 ] D: freq1 0.95 1119
[   115.18 ] D: freq1 0.95 1119
[   115.18 ] D: freq1 0.95 1119
[   115.18 ] D: freq1 0.95 1119
[   115.20 ] D: freq1 0.95 1119
[   115.20 ] D: freq1 0.95 1119
[   115.20 ] D: freq1 0.95 1119
[   115.22 ] D: freq1 0.95 1119
[   115.22 ] D: freq1 0.95 1119
[   115.22 ] D: freq1 0.95 1119
[   115.24 ] D: freq1 0.95 1119
[   115.24 ] D: freq1 0.95 1119
[   115.24 ] D: freq1 0.95 1119
[   115.25 ] D: freq1 0.95 1119
[   115.25 ] D: freq1 0.95 1119
[   115.25 ] D: freq1 0.95 1119
[   115.27 ] D: freq1 0.95 1119
[   115.27 ] D: freq1 0.95 1119
[   115.27 ] D: freq1 0.95 1119
[   115.29 ] D: freq1 0.95 1119
[   115.29 ] D: freq1 0.95 1119
[   115.29 ] D: freq1 0.95 1119
[   115.31 ] D: freq1 0.95 1119
[   115.31 ] D: freq1 0.95 1119
[   115.31 ] D: freq1 0.95 1119
[   115.32 ] D: freq1 0.95 1119
[   115.32 ] D: freq1 0.95 1119
[   115.32 ] D: freq1 0.95 1119
[   115.34 ] D: freq1 0.95 1119
[   115.34 ] D: freq1 0.95 1119
[   115.34 ] D: freq1 0.95 1119
[   115.36 ] D: freq1 0.95 1119
[   115.36 ] D: freq1 0.95 1119
[   115.36 ] D: freq1 0.95 1119
[   115.38 ] D: freq1 0.95 1119
[   115.38 ] D: freq1 0.95 1119
[   115.38 ] D: freq1 0.95 1119
[   115.39 ] D: freq1 0.95 1119
[   115.39 ] D: freq1 0.95 1119
[   115.39 ] D: freq1 0.95 1119
[   115.41 ] D: freq1 0.95 1119
[   115.41 ] D: freq1 0.95 1119
[   115.41 ] D: freq1 0.95 1119
[   115.43 ] D: freq1 0.95 1119
[   115.43 ] D: freq1 0.95 1119
[   115.43 ] D: freq1 0.95 1119
[   115.45 ] D: freq1 0.95 1119
[   115.45 ] D: freq1 0.95 1119
[   115.45 ] D: freq1 0.95 1119
[   115.46 ] D: freq1 0.95 1119
[   115.46 ] D: freq1 0.95 1119
[   115.46 ] D: freq1 0.95 1119
[   115.48 ] D: freq1 0.95 1119
[   115.48 ] D: freq1 0.95 1119
[   115.48 ] D: freq1 0.95 1119
[   115.50 ] D: freq1 0.95 1119
[   115.50 ] D: freq1 0.95 1119
[   115.50 ] D: freq1 0.95 1119
[   115.52 ] D: freq1 0.95 1119
[   115.52 ] D: freq1 0.95 1119
[   115.52 ] D: freq1 0.95 1119
[   115.53 ] D: freq1 0.95 1119
[   115.53 ] D: freq1 0.95 1119
[   115.53 ] D: freq1 0.95 1119
[   115.55 ] D: freq1 0.95 1119
[   115.55 ] D: freq1 0.95 1119
[   115.55 ] D: freq1 0.95 1119
[   115.57 ] D: freq1 0.95 1119
[   115.57 ] D: freq1 0.95 1119
[   115.57 ] D: freq1 0.95 1119
[   115.59 ] D: freq1 0.95 1119
[   115.59 ] D: freq1 0.95 1119
[   115.59 ] D: freq1 0.95 1119
[   115.60 ] D: freq1 0.95 1119
[   115.60 ] D: freq1 0.95 1119
[   115.60 ] D: freq1 0.95 1119
[   115.62 ] D: freq1 0.95 1119
[   115.62 ] D: freq1 0.95 1119
[   115.62 ] D: freq1 0.95 1119
[   115.64 ] D: freq1 0.95 1119
[   115.64 ] D: freq1 0.95 1119
[   115.64 ] D: freq1 0.95 1119
[   115.66 ] D: freq1 0.95 1119
[   115.66 ] D: freq1 0.95 1119
[   115.66 ] D: freq1 0.95 1119
[   115.67 ] D: freq1 0.95 1119
[   115.67 ] D: freq1 0.95 1119
[   115.67 ] D: freq1 0.95 1119
[   115.69 ] D: freq1 0.95 1119
[   115.69 ] D: freq1 0.95 1119
[   115.69 ] D: freq1 0.95 1119
[   115.71 ] D: freq1 0.95 1119
[   115.71 ] D: freq1 0.95 1119
[   115.71 ] D: freq1 0.95 1119
[   115.72 ] D: freq1 0.95 1119
[   115.72 ] D: freq1 0.95 1119
[   115.72 ] D: freq1 0.95 1119
[   115.74 ] D: freq1 0.95 1119
[   115.74 ] D: freq1 0.95 1119
[   115.74 ] D: freq1 0.95 1119
[   115.76 ] D: freq1 0.95 1119
[   115.76 ] D: freq1 0.95 1119
[   115.76 ] D: freq1 0.95 1119
[   115.78 ] D: freq1 0.95 1119
[   115.78 ] D: freq1 0.95 1119
[   115.78 ] D: freq1 0.95 1119
[   115.79 ] D: freq1 0.95 1119
[   115.79 ] D: freq1 0.95 1119
[   115.79 ] D: freq1 0.95 1119
[   115.81 ] D: freq1 0.95 1119
[   115.81 ] D: freq1 0.95 1119
[   115.81 ] D: freq1 0.95 1119
[   115.83 ] D: freq1 0.95 1119
[   115.83 ] D: freq1 0.95 1119
[   115.83 ] D: freq1 0.95 1119
[   115.85 ] D: freq1 0.95 1119
[   115.85 ] D: freq1 0.95 1119
[   115.85 ] D: freq1 0.95 1119
[   115.86 ] D: freq1 0.95 1119
[   115.86 ] D: freq1 0.95 1119
[   115.86 ] D: freq1 0.95 1119
[   115.88 ] D: freq1 0.95 1119
[   115.88 ] D: freq1 0.95 1119
[   115.88 ] D: freq1 0.95 1119
[   115.90 ] D: freq1 0.95 1119
[   115.90 ] D: freq1 0.95 1119
[   115.90 ] D: freq1 0.95 1119
[   115.92 ] D: freq1 0.95 1119
[   115.92 ] D: freq1 0.95 1119
[   115.92 ] D: freq1 0.95 1119
[   115.93 ] D: freq1 0.95 1119
[   115.93 ] D: freq1 0.95 1119
[   115.93 ] D: freq1 0.95 1119
[   115.95 ] D: freq1 0.95 1119
[   115.95 ] D: freq1 0.95 1119
[   115.95 ] D: freq1 0.95 1119
[   115.97 ] D: freq1 0.95 1119
[   115.97 ] D: freq1 0.95 1119
[   115.97 ] D: freq1 0.95 1119
[   115.99 ] D: freq1 0.95 1119
[   115.99 ] D: freq1 0.95 1119
[   115.99 ] D: freq1 0.95 1119
[   116.00 ] D: freq1 0.95 1119
[   116.00 ] D: freq1 0.95 1119
[   116.00 ] D: freq1 0.95 1119
[   116.02 ] D: freq1 0.95 1119
[   116.02 ] D: freq1 0.95 1119
[   116.02 ] D: freq1 0.95 1119
[   116.04 ] D: freq1 0.95 1119
[   116.04 ] D: freq1 0.95 1119
[   116.04 ] D: freq1 0.95 1119
[   116.06 ] D: freq1 0.95 1119
[   116.06 ] D: freq1 0.95 1119
[   116.06 ] D: freq1 0.95 1119
[   116.07 ] D: freq1 0.95 1119
[   116.07 ] D: freq1 0.95 1119
[   116.07 ] D: freq1 0.95 1119
[   116.09 ] D: freq1 0.95 1119
[   116.09 ] D: freq1 0.95 1119
[   116.09 ] D: freq1 0.95 1119
[   116.11 ] D: freq1 0.95 1119
[   116.11 ] D: freq1 0.95 1119
[   116.11 ] D: freq1 0.95 1119
[   116.13 ] D: freq1 0.95 1119
[   116.13 ] D: freq1 0.95 1119
[   116.13 ] D: freq1 0.95 1119
[   116.14 ] D: freq1 0.95 1119
[   116.14 ] D: freq1 0.95 1119
[   116.14 ] D: freq1 0.95 1119
[   116.16 ] D: freq1 0.95 1119
[   116.16 ] D: freq1 0.95 1119
[   116.16 ] D: freq1 0.95 1119
[   116.18 ] D: freq1 0.95 1119
[   116.18 ] D: freq1 0.95 1119
[   116.18 ] D: freq1 0.95 1119
[   116.19 ] D: freq1 0.95 1119
[   116.19 ] D: freq1 0.95 1119
[   116.19 ] D: freq1 0.95 1119
[   116.21 ] D: freq1 0.95 1119
[   116.21 ] D: freq1 0.95 1119
[   116.21 ] D: freq1 0.95 1119
[   116.23 ] D: freq1 0.95 1119
[   116.23 ] D: freq1 0.95 1119
[   116.23 ] D: freq1 0.95 1119
[   116.25 ] D: freq1 0.95 1119
[   116.25 ] D: freq1 0.95 1119
[   116.25 ] D: freq1 0.95 1119
[   116.26 ] D: freq1 0.95 1119
[   116.26 ] D: freq1 0.95 1119
[   116.26 ] D: freq1 0.95 1119
[   116.28 ] D: freq1 0.95 1119
[   116.28 ] D: freq1 0.95 1119
[   116.28 ] D: freq1 0.95 1119
[   116.30 ] D: freq1 0.95 1119
[   116.30 ] D: freq1 0.95 1119
[   116.30 ] D: freq1 0.95 1119
[   116.32 ] D: freq1 0.95 1119
[   116.32 ] D: freq1 0.95 1119
[   116.32 ] D: freq1 0.95 1119
[   116.33 ] D: freq1 0.95 1119
[   116.33 ] D: freq1 0.95 1119
[   116.33 ] D: freq1 0.95 1119
[   116.35 ] D: freq1 0.95 1119
[   116.35 ] D: freq1 0.95 1119
[   116.35 ] D: freq1 0.95 1119
[   116.37 ] D: freq1 0.95 1119
[   116.37 ] D: freq1 0.95 1119
[   116.37 ] D: AsyncFileReader 1 11
[   116.37 ] D: freq1 0.95 1119
[   116.39 ] D: freq1 0.95 1119
[   116.39 ] D: freq1 0.95 1119
[   116.39 ] D: freq1 0.95 1119
[   116.40 ] D: freq1 0.95 1119
[   116.40 ] D: freq1 0.95 1119
[   116.40 ] D: freq1 0.95 1119
[   116.42 ] D: freq1 0.95 1119
[   116.42 ] D: freq1 0.95 1119
[   116.42 ] D: freq1 0.95 1119
[   116.44 ] D: freq1 0.95 1119
[   116.44 ] D: freq1 0.95 1119
[   116.44 ] D: freq1 0.95 1119
[   116.46 ] D: freq1 0.95 1119
[   116.46 ] D: freq1 0.95 1119
[   116.46 ] D: freq1 0.95 1119
[   116.47 ] D: freq1 0.95 1119
[   116.47 ] D: freq1 0.95 1119
[   116.47 ] D: freq1 0.95 1119
[   116.49 ] D: freq1 0.95 1119
[   116.49 ] D: freq1 0.95 1119
[   116.49 ] D: freq1 0.95 1119
[   116.51 ] D: freq1 0.95 1119
[   116.51 ] D: freq1 0.95 1119
[   116.51 ] D: freq1 0.95 1119
[   116.53 ] D: freq1 0.95 1119
[   116.53 ] D: freq1 0.95 1119
[   116.53 ] D: freq1 0.95 1119
[   116.54 ] D: freq1 0.95 1119
[   116.54 ] D: freq1 0.95 1119
[   116.54 ] D: freq1 0.95 1119
[   116.56 ] D: freq1 0.95 1119
[   116.56 ] D: freq1 0.95 1119
[   116.56 ] D: freq1 0.95 1119
[   116.58 ] D: freq1 0.95 1119
[   116.58 ] D: freq1 0.95 1119
[   116.58 ] D: freq1 0.95 1119
[   116.60 ] D: freq1 0.95 1119
[   116.60 ] D: freq1 0.95 1119
[   116.60 ] D: freq1 0.95 1119
[   116.61 ] D: freq1 0.95 1119
[   116.61 ] D: freq1 0.95 1119
[   116.61 ] D: freq1 0.95 1119
[   116.63 ] D: freq1 0.95 1119
[   116.63 ] D: freq1 0.95 1119
[   116.63 ] D: freq1 0.95 1119
[   116.65 ] D: freq1 0.95 1119
[   116.65 ] D: freq1 0.95 1119
[   116.65 ] D: freq1 0.95 1119
[   116.67 ] D: freq1 0.95 1119
[   116.67 ] D: freq1 0.95 1119
[   116.67 ] D: freq1 0.95 1119
[   116.68 ] D: freq1 0.95 1119
[   116.68 ] D: freq1 0.95 1119
[   116.68 ] D: freq1 0.95 1119
[   116.70 ] D: freq1 0.95 1119
[   116.70 ] D: freq1 0.95 1119
[   116.70 ] D: freq1 0.95 1119
[   116.72 ] D: freq1 0.95 1119
[   116.72 ] D: freq1 0.95 1119
[   116.72 ] D: freq1 0.95 1119
[   116.73 ] D: freq1 0.95 1119
[   116.73 ] D: freq1 0.95 1119
[   116.73 ] D: freq1 0.95 1119
[   116.75 ] D: freq1 0.95 1119
[   116.75 ] D: freq1 0.95 1119
[   116.75 ] D: freq1 0.95 1119
[   116.77 ] D: freq1 0.95 1119
[   116.77 ] D: freq1 0.95 1119
[   116.77 ] D: freq1 0.95 1119
[   116.79 ] D: freq1 0.95 1119
[   116.79 ] D: freq1 0.95 1119
[   116.79 ] D: freq1 0.95 1119
[   116.80 ] D: freq1 0.95 1119
[   116.80 ] D: freq1 0.95 1119
[   116.80 ] D: freq1 0.95 1119
[   116.82 ] D: freq1 0.95 1119
[   116.82 ] D: freq1 0.95 1119
[   116.82 ] D: freq1 0.95 1119
[   116.84 ] D: freq1 0.95 1119
[   116.84 ] D: freq1 0.95 1119
[   116.84 ] D: freq1 0.95 1119
[   116.86 ] D: freq1 0.95 1119
[   116.86 ] D: freq1 0.95 1119
[   116.86 ] D: freq1 0.95 1119
[   116.87 ] D: freq1 0.95 1119
[   116.87 ] D: freq1 0.95 1119
[   116.87 ] D: freq1 0.95 1119
[   116.89 ] D: freq1 0.95 1119
[   116.89 ] D: freq1 0.95 1119
[   116.89 ] D: freq1 0.95 1119
[   116.91 ] D: freq1 0.95 1119
[   116.91 ] D: freq1 0.95 1119
[   116.91 ] D: freq1 0.95 1119
[   116.93 ] D: freq1 0.95 1119
[   116.93 ] D: freq1 0.95 1119
[   116.93 ] D: freq1 0.95 1119
[   116.94 ] D: freq1 0.95 1119
[   116.94 ] D: freq1 0.95 1119
[   116.94 ] D: freq1 0.95 1119
[   116.96 ] D: freq1 0.95 1119
[   116.96 ] D: freq1 0.95 1119
[   116.96 ] D: freq1 0.95 1119
[   116.98 ] D: freq1 0.95 1119
[   116.98 ] D: freq1 0.95 1119
[   116.98 ] D: freq1 0.95 1119
[   117.00 ] D: freq1 0.95 1119
[   117.00 ] D: freq1 0.95 1119
[   117.00 ] D: freq1 0.95 1119
[   117.01 ] D: freq1 0.95 1119
[   117.01 ] D: freq1 0.95 1119
[   117.01 ] D: freq1 0.95 1119
[   117.03 ] D: freq1 0.95 1119
[   117.03 ] D: freq1 0.95 1119
[   117.03 ] D: freq1 0.95 1119
[   117.05 ] D: freq1 0.95 1119
[   117.05 ] D: freq1 0.95 1119
[   117.05 ] D: freq1 0.95 1119
[   117.07 ] D: freq1 0.95 1119
[   117.07 ] D: freq1 0.95 1119
[   117.07 ] D: freq1 0.95 1119
[   117.08 ] D: freq1 0.95 1119
[   117.08 ] D: freq1 0.95 1119
[   117.08 ] D: freq1 0.95 1119
[   117.10 ] D: freq1 0.95 1119
[   117.10 ] D: freq1 0.95 1119
[   117.10 ] D: freq1 0.95 1119
[   117.12 ] D: freq1 0.95 1119
[   117.12 ] D: freq1 0.95 1119
[   117.12 ] D: freq1 0.95 1119
[   117.14 ] D: freq1 0.95 1119
[   117.14 ] D: freq1 0.95 1119
[   117.14 ] D: freq1 0.95 1119
[   117.15 ] D: freq1 0.95 1119
[   117.15 ] D: freq1 0.95 1119
[   117.15 ] D: freq1 0.95 1119
[   117.17 ] D: freq1 0.95 1119
[   117.17 ] D: freq1 0.95 1119
[   117.17 ] D: freq1 0.95 1119
[   117.19 ] D: freq1 0.95 1119
[   117.19 ] D: freq1 0.95 1119
[   117.19 ] D: freq1 0.95 1119
[   117.20 ] D: freq1 0.95 1119
[   117.20 ] D: freq1 0.95 1119
[   117.20 ] D: freq1 0.95 1119
[   117.22 ] D: freq1 0.95 1119
[   117.22 ] D: freq1 0.95 1119
[   117.22 ] D: freq1 0.95 1119
[   117.24 ] D: freq1 0.95 1119
[   117.24 ] D: freq1 0.95 1119
[   117.24 ] D: freq1 0.95 1119
[   117.26 ] D: freq1 0.95 1119
[   117.26 ] D: freq1 0.95 1119
[   117.26 ] D: freq1 0.95 1119
[   117.27 ] D: freq1 0.95 1119
[   117.27 ] D: freq1 0.95 1119
[   117.27 ] D: freq1 0.95 1119
[   117.29 ] D: freq1 0.95 1119
[   117.29 ] D: freq1 0.95 1119
[   117.29 ] D: freq1 0.95 1119
[   117.31 ] D: freq1 0.95 1119
[   117.31 ] D: freq1 0.95 1119
[   117.31 ] D: freq1 0.95 1119
[   117.33 ] D: freq1 0.95 1119
[   117.33 ] D: freq1 0.95 1119
[   117.33 ] D: freq1 0.95 1119
[   117.34 ] D: freq1 0.95 1119
[   117.34 ] D: freq1 0.95 1119
[   117.34 ] D: freq1 0.95 1119
[   117.36 ] D: freq1 0.95 1119
[   117.36 ] D: freq1 0.95 1119
[   117.36 ] D: freq1 0.95 1119
[   117.37 ] D: findTrackIndexByPoint 0 QRect(0,0 1707x111) false QPointF(342,210)
[   117.37 ] D: findTrackIndexByPoint 1 QRect(0,111 1707x111) true QPointF(342,210)
[   117.38 ] D: freq1 0.95 1119
[   117.38 ] D: freq1 0.95 1119
[   117.38 ] D: freq1 0.95 1119
[   117.40 ] D: freq1 0.95 1119
[   117.40 ] D: freq1 0.95 1119
[   117.40 ] D: freq1 0.95 1119
[   117.41 ] D: createSelectedPoints 1 -1
[   117.41 ] D: freq1 0.95 1119
[   117.41 ] D: freq1 0.95 1119
[   117.41 ] D: freq1 0.95 1119
[   117.43 ] D: freq1 0.95 1119
[   117.43 ] D: freq1 0.95 1119
[   117.43 ] D: freq1 0.95 1119
[   117.45 ] D: freq1 0.95 1119
[   117.45 ] D: freq1 0.95 1119
[   117.45 ] D: freq1 0.95 1119
[   117.45 ] D: _automationChanging true
[   117.46 ] D: mouseMove2
[   117.46 ] D: _automationChanging true
[   117.46 ] D: mouseMove2
[   117.47 ] D: freq1 0.95 1119
[   117.47 ] D: freq1 0.95 1119
[   117.47 ] D: freq1 0.95 1119
[   117.48 ] D: freq1 0.95 1119
[   117.48 ] D: freq1 0.95 1119
[   117.48 ] D: freq1 0.95 1119
[   117.49 ] D: _automationChanging true
[   117.49 ] D: mouseMove2
[   117.49 ] D: _pointActive1 true false false
[   117.49 ] D: _pointActive2 false 1
[   117.49 ] D: createSelectedPoints 1 -1
[   117.50 ] D: freq1 0.9 2218
[   117.50 ] D: freq1 0.9 2218
[   117.50 ] D: freq1 0.9 2218
[   117.50 ] D: _automationChanging true
[   117.50 ] D: _pointActive2 false 1
[   117.50 ] D: createSelectedPoints 1 -1
[   117.51 ] D: _currentMouseY 344 216 342 210 QSizeF(2, 6)
[   117.51 ] D: mouseMove2
[   117.52 ] D: _automationChanging true
[   117.52 ] D: _currentMouseY 347 218 342 210 QSizeF(3, 7)
[   117.52 ] D: freq1 0.9 2218
[   117.52 ] D: freq1 0.9 2218
[   117.52 ] D: mouseMove2
[   117.52 ] D: _automationChanging true
[   117.52 ] D: freq1 0.9 2218
[   117.52 ] D: _pointActive2 false 1
[   117.52 ] D: createSelectedPoints 1 -1
[   117.53 ] D: _currentMouseY 347 218 342 210 QSizeF(0, 2)
[   117.53 ] D: mouseMove2
[   117.54 ] D: freq1 1 20
[   117.54 ] D: freq1 1 20
[   117.54 ] D: freq1 1 20
[   117.55 ] D: freq1 1 20
[   117.55 ] D: freq1 1 20
[   117.55 ] D: freq1 1 20
[   117.56 ] D: _automationChanging true
[   117.56 ] D: _pointActive2 false 1
[   117.56 ] D: createSelectedPoints 1 -1
[   117.56 ] D: _currentMouseY 348 218 342 210 QSizeF(1, 2)
[   117.56 ] D: mouseMove2
[   117.56 ] D: _automationChanging true
[   117.56 ] D: _currentMouseY 348 218 342 210 QSizeF(0, 0)
[   117.56 ] D: mouseMove2
[   117.57 ] D: freq1 1 20
[   117.57 ] D: freq1 1 20
[   117.57 ] D: freq1 1 20
[   117.57 ] D: _automationChanging true
[   117.58 ] D: _pointActive2 false 1
[   117.58 ] D: createSelectedPoints 1 -1
[   117.58 ] D: _currentMouseY 350 218 342 210 QSizeF(2, 1)
[   117.58 ] D: mouseMove2
[   117.58 ] D: _automationChanging true
[   117.58 ] D: _currentMouseY 351 218 342 210 QSizeF(1, 1)
[   117.58 ] D: mouseMove2
[   117.59 ] D: _automationChanging true
[   117.59 ] D: _pointActive2 false 1
[   117.59 ] D: createSelectedPoints 1 -1
[   117.59 ] D: _currentMouseY 353 218 342 210 QSizeF(2, 1)
[   117.59 ] D: freq1 1 20
[   117.59 ] D: mouseMove2
[   117.59 ] D: freq1 1 20
[   117.59 ] D: freq1 1 20
[   117.61 ] D: _automationChanging true
[   117.61 ] D: _currentMouseY 354 218 342 210 QSizeF(1, 0)
[   117.61 ] D: mouseMove2
[   117.61 ] D: _pointActive2 false 1
[   117.61 ] D: createSelectedPoints 1 -1
[   117.61 ] D: freq1 1 20
[   117.61 ] D: freq1 1 20
[   117.61 ] D: freq1 1 20
[   117.62 ] D: _automationChanging true
[   117.62 ] D: freq1 1 20
[   117.62 ] D: freq1 1 20
[   117.62 ] D: _pointActive2 false 1
[   117.62 ] D: createSelectedPoints 1 -1
[   117.62 ] D: freq1 1 20
[   117.62 ] D: _currentMouseY 355 218 342 210 QSizeF(1, 1)
[   117.62 ] D: mouseMove2
[   117.64 ] D: _automationChanging true
[   117.64 ] D: _currentMouseY 359 218 342 210 QSizeF(4, 1)
[   117.64 ] D: mouseMove2
[   117.64 ] D: _automationChanging true
[   117.64 ] D: _pointActive2 false 1
[   117.64 ] D: createSelectedPoints 1 -1
[   117.64 ] D: _currentMouseY 360 218 342 210 QSizeF(1, 0)
[   117.64 ] D: freq1 1 20
[   117.64 ] D: mouseMove2
[   117.64 ] D: freq1 1 20
[   117.64 ] D: freq1 1 20
[   117.65 ] D: _automationChanging true
[   117.66 ] D: _pointActive2 false 1
[   117.66 ] D: createSelectedPoints 1 -1
[   117.66 ] D: _currentMouseY 361 218 342 210 QSizeF(1, 1)
[   117.66 ] D: mouseMove2
[   117.66 ] D: freq1 1 20
[   117.66 ] D: freq1 1 20
[   117.66 ] D: freq1 1 20
[   117.67 ] D: _automationChanging true
[   117.67 ] D: _currentMouseY 364 218 342 210 QSizeF(3, 0)
[   117.67 ] D: mouseMove2
[   117.67 ] D: _automationChanging true
[   117.67 ] D: _pointActive2 false 1
[   117.67 ] D: createSelectedPoints 1 -1
[   117.68 ] D: _currentMouseY 366 218 342 210 QSizeF(2, 0)
[   117.68 ] D: mouseMove2
[   117.68 ] D: freq1 1 20
[   117.68 ] D: freq1 1 20
[   117.68 ] D: freq1 1 20
[   117.69 ] D: _automationChanging true
[   117.69 ] D: _pointActive2 false 1
[   117.69 ] D: createSelectedPoints 1 -1
[   117.69 ] D: _currentMouseY 367 218 342 210 QSizeF(1, 0)
[   117.69 ] D: mouseMove2
[   117.69 ] D: freq1 1 20
[   117.69 ] D: freq1 1 20
[   117.69 ] D: freq1 1 20
[   117.71 ] D: _automationChanging true
[   117.71 ] D: _currentMouseY 370 218 342 210 QSizeF(3, 0)
[   117.71 ] D: mouseMove2
[   117.71 ] D: _automationChanging true
[   117.71 ] D: _pointActive2 false 1
[   117.71 ] D: createSelectedPoints 1 -1
[   117.71 ] D: _currentMouseY 372 218 342 210 QSizeF(2, 0)
[   117.71 ] D: mouseMove2
[   117.71 ] D: freq1 1 20
[   117.71 ] D: freq1 1 20
[   117.71 ] D: freq1 1 20
[   117.72 ] D: _automationChanging true
[   117.72 ] D: _pointActive2 false 1
[   117.72 ] D: createSelectedPoints 1 -1
[   117.72 ] D: _currentMouseY 373 218 342 210 QSizeF(1, 0)
[   117.72 ] D: mouseMove2
[   117.73 ] D: freq1 1 20
[   117.73 ] D: freq1 1 20
[   117.73 ] D: freq1 1 20
[   117.74 ] D: _automationChanging true
[   117.74 ] D: _currentMouseY 376 218 342 210 QSizeF(3, 1)
[   117.74 ] D: mouseMove2
[   117.74 ] D: _automationChanging true
[   117.74 ] D: _pointActive2 false 1
[   117.74 ] D: createSelectedPoints 1 -1
[   117.74 ] D: _currentMouseY 378 218 342 210 QSizeF(2, 0)
[   117.74 ] D: freq1 1 20
[   117.74 ] D: mouseMove2
[   117.74 ] D: freq1 1 20
[   117.74 ] D: freq1 1 20
[   117.76 ] D: freq1 1 20
[   117.76 ] D: freq1 1 20
[   117.76 ] D: freq1 1 20
[   117.77 ] D: _automationChanging true
[   117.77 ] D: _pointActive2 false 1
[   117.77 ] D: createSelectedPoints 1 -1
[   117.77 ] D: _currentMouseY 379 218 342 210 QSizeF(1, 1)
[   117.78 ] D: mouseMove2
[   117.78 ] D: _automationChanging true
[   117.78 ] D: _currentMouseY 381 218 342 210 QSizeF(2, 0)
[   117.78 ] D: mouseMove2
[   117.78 ] D: freq1 1 20
[   117.78 ] D: freq1 1 20
[   117.78 ] D: freq1 1 20
[   117.79 ] D: _automationChanging true
[   117.79 ] D: _pointActive2 false 1
[   117.79 ] D: createSelectedPoints 1 -1
[   117.79 ] D: _currentMouseY 388 218 342 210 QSizeF(7, 0)
[   117.79 ] D: mouseMove2
[   117.79 ] D: _automationChanging true
[   117.79 ] D: _currentMouseY 389 218 342 210 QSizeF(1, 0)
[   117.80 ] D: mouseMove2
[   117.80 ] D: freq1 1 20
[   117.80 ] D: freq1 1 20
[   117.80 ] D: freq1 1 20
[   117.81 ] D: _pointActive2 false 1
[   117.81 ] D: createSelectedPoints 1 -1
[   117.81 ] D: freq1 1 20
[   117.81 ] D: freq1 1 20
[   117.81 ] D: freq1 1 20
[   117.82 ] D: _automationChanging true
[   117.82 ] D: _currentMouseY 391 218 342 210 QSizeF(2, 0)
[   117.82 ] D: mouseMove2
[   117.82 ] D: _pointActive2 false 1
[   117.82 ] D: createSelectedPoints 1 -1
[   117.83 ] D: freq1 1 20
[   117.83 ] D: freq1 1 20
[   117.83 ] D: freq1 1 20
[   117.84 ] D: _automationChanging true
[   117.84 ] D: _pointActive2 false 1
[   117.84 ] D: createSelectedPoints 1 -1
[   117.84 ] D: _currentMouseY 394 218 342 210 QSizeF(3, 0)
[   117.84 ] D: mouseMove2
[   117.85 ] D: freq1 1 20
[   117.85 ] D: freq1 1 20
[   117.85 ] D: freq1 1 20
[   117.86 ] D: _automationChanging true
[   117.86 ] D: _currentMouseY 396 218 342 210 QSizeF(2, 0)
[   117.86 ] D: mouseMove2
[   117.86 ] D: _automationChanging true
[   117.86 ] D: _pointActive2 false 1
[   117.86 ] D: createSelectedPoints 1 -1
[   117.86 ] D: _currentMouseY 397 218 342 210 QSizeF(1, 0)
[   117.86 ] D: mouseMove2
[   117.87 ] D: _automationChanging true
[   117.87 ] D: _pointActive2 false 1
[   117.87 ] D: createSelectedPoints 1 -1
[   117.87 ] D: AsyncFileReader 2 11
[   117.87 ] D: freq1 1 20
[   117.87 ] D: _currentMouseY 400 218 342 210 QSizeF(3, 0)
[   117.87 ] D: freq1 1 20
[   117.87 ] D: freq1 1 20
[   117.87 ] D: mouseMove2
[   117.88 ] D: freq1 1 20
[   117.88 ] D: freq1 1 20
[   117.88 ] D: freq1 1 20
[   117.89 ] D: _automationChanging true
[   117.89 ] D: _currentMouseY 402 218 342 210 QSizeF(2, 0)
[   117.89 ] D: mouseMove2
[   117.89 ] D: _pointActive2 false 1
[   117.89 ] D: createSelectedPoints 1 -1
[   117.90 ] D: freq1 1 20
[   117.90 ] D: freq1 1 20
[   117.90 ] D: freq1 1 20
[   117.90 ] D: _automationChanging true
[   117.91 ] D: _pointActive2 false 1
[   117.91 ] D: createSelectedPoints 1 -1
[   117.91 ] D: _currentMouseY 403 218 342 210 QSizeF(1, 0)
[   117.91 ] D: mouseMove2
[   117.92 ] D: _automationChanging true
[   117.92 ] D: _currentMouseY 405 218 342 210 QSizeF(2, 0)
[   117.92 ] D: freq1 1 20
[   117.92 ] D: mouseMove2
[   117.92 ] D: freq1 1 20
[   117.92 ] D: freq1 1 20
[   117.92 ] D: _pointActive2 false 1
[   117.92 ] D: createSelectedPoints 1 -1
[   117.94 ] D: _pointActive2 false 1
[   117.94 ] D: createSelectedPoints 1 -1
[   117.94 ] D: freq1 0.999448 32.1434
[   117.94 ] D: freq1 0.999527 30.3892
[   117.94 ] D: freq1 0.999607 28.6349
[   117.95 ] D: freq1 0.999687 26.8807
[   117.95 ] D: freq1 0.999767 25.1265
[   117.95 ] D: freq1 0.999847 23.3722
[   117.96 ] D: _automationChanging true
[   117.96 ] D: _currentMouseY 406 218 342 210 QSizeF(1, 0)
[   117.96 ] D: mouseMove2
[   117.96 ] D: _automationChanging true
[   117.96 ] D: _pointActive2 false 1
[   117.96 ] D: createSelectedPoints 1 -1
[   117.96 ] D: _currentMouseY 408 218 342 210 QSizeF(2, 0)
[   117.96 ] D: mouseMove2
[   117.97 ] D: freq1 0.999926 21.618
[   117.97 ] D: _pointActive2 false 1
[   117.97 ] D: freq1 1 20
[   117.97 ] D: createSelectedPoints 1 -1
[   117.97 ] D: freq1 1 20
[   117.99 ] D: _automationChanging true
[   117.99 ] D: _currentMouseY 408 218 342 210 QSizeF(0, 0)
[   117.99 ] D: mouseMove2
[   117.99 ] D: _pointActive2 false 1
[   117.99 ] D: createSelectedPoints 1 -1
[   117.99 ] D: freq1 1 20
[   117.99 ] D: freq1 1 20
[   117.99 ] D: freq1 1 20
[   118.00 ] D: _pointActive2 false 1
[   118.01 ] D: createSelectedPoints 1 -1
[   118.01 ] D: freq1 1 20
[   118.01 ] D: freq1 1 20
[   118.01 ] D: freq1 1 20
[   118.02 ] D: _automationChanging true
[   118.02 ] D: _currentMouseY 409 218 342 210 QSizeF(1, 0)
[   118.02 ] D: freq1 1 20
[   118.02 ] D: mouseMove2
[   118.02 ] D: freq1 1 20
[   118.02 ] D: _pointActive2 false 1
[   118.02 ] D: freq1 1 20
[   118.02 ] D: createSelectedPoints 1 -1
[   118.04 ] D: _pointActive2 false 1
[   118.04 ] D: createSelectedPoints 1 -1
[   118.04 ] D: freq1 1 20
[   118.04 ] D: freq1 1 20
[   118.04 ] D: freq1 1 20
[   118.06 ] D: _automationChanging true
[   118.06 ] D: _currentMouseY 409 218 342 210 QSizeF(0, 0)
[   118.06 ] D: mouseMove2
[   118.06 ] D: _pointActive2 false 1
[   118.06 ] D: createSelectedPoints 1 -1
[   118.06 ] D: freq1 1 20
[   118.06 ] D: freq1 1 20
[   118.06 ] D: freq1 1 20
[   118.07 ] D: _pointActive2 false 1
[   118.07 ] D: createSelectedPoints 1 -1
[   118.08 ] D: freq1 1 20
[   118.08 ] D: freq1 1 20
[   118.08 ] D: freq1 1 20
[   118.09 ] D: freq1 1 20
[   118.09 ] D: freq1 1 20
[   118.09 ] D: freq1 1 20
[   118.11 ] D: _pointActive2 false 1
[   118.11 ] D: createSelectedPoints 1 -1
[   118.11 ] D: freq1 1 20
[   118.11 ] D: freq1 1 20
[   118.11 ] D: freq1 1 20
[   118.13 ] D: freq1 1 20
[   118.13 ] D: freq1 1 20
[   118.13 ] D: freq1 1 20
[   118.14 ] D: _pointActive2 false 1
[   118.14 ] D: createSelectedPoints 1 -1
[   118.15 ] D: freq1 1 20
[   118.15 ] D: freq1 1 20
[   118.15 ] D: freq1 1 20
[   118.16 ] D: freq1 1 20
[   118.16 ] D: freq1 1 20
[   118.16 ] D: freq1 1 20
[   118.17 ] D: _pointActive2 false 1
[   118.17 ] D: createSelectedPoints 1 -1
[   118.18 ] D: freq1 1 20
[   118.18 ] D: freq1 1 20
[   118.18 ] D: freq1 1 20
[   118.20 ] D: freq1 1 20
[   118.20 ] D: freq1 1 20
[   118.20 ] D: freq1 1 20
[   118.21 ] D: _pointActive2 false 1
[   118.21 ] D: createSelectedPoints 1 -1
[   118.22 ] D: freq1 1 20
[   118.22 ] D: freq1 1 20
[   118.22 ] D: freq1 1 20
[   118.23 ] D: freq1 1 20
[   118.23 ] D: freq1 1 20
[   118.23 ] D: freq1 1 20
[   118.24 ] D: _pointActive2 false 1
[   118.24 ] D: createSelectedPoints 1 -1
[   118.25 ] D: freq1 1 20
[   118.25 ] D: freq1 1 20
[   118.25 ] D: freq1 1 20
[   118.27 ] D: freq1 1 20
[   118.27 ] D: freq1 1 20
[   118.27 ] D: _pointActive2 false 1
[   118.27 ] D: createSelectedPoints 1 -1
[   118.27 ] D: freq1 1 20
[   118.28 ] D: freq1 1 20
[   118.28 ] D: freq1 1 20
[   118.28 ] D: freq1 1 20
[   118.30 ] D: freq1 1 20
[   118.30 ] D: freq1 1 20
[   118.30 ] D: freq1 1 20
[   118.31 ] D: _pointActive2 false 1
[   118.31 ] D: createSelectedPoints 1 -1
[   118.32 ] D: freq1 1 20
[   118.32 ] D: freq1 1 20
[   118.32 ] D: freq1 1 20
[   118.34 ] D: _pointActive2 false 1
[   118.34 ] D: createSelectedPoints 1 -1
[   118.34 ] D: freq1 1 20
[   118.34 ] D: freq1 1 20
[   118.34 ] D: freq1 1 20
[   118.35 ] D: freq1 1 20
[   118.35 ] D: freq1 1 20
[   118.35 ] D: freq1 1 20
[   118.36 ] D: _pointActive2 false 1
[   118.36 ] D: createSelectedPoints 1 -1
[   118.37 ] D: freq1 1 20
[   118.37 ] D: freq1 1 20
[   118.37 ] D: freq1 1 20
[   118.39 ] D: _pointActive2 false 1
[   118.39 ] D: createSelectedPoints 1 -1
[   118.39 ] D: freq1 1 20
[   118.39 ] D: freq1 1 20
[   118.39 ] D: freq1 1 20
[   118.41 ] D: freq1 1 20
[   118.41 ] D: freq1 1 20
[   118.41 ] D: freq1 1 20
[   118.42 ] D: _automationChanging true
[   118.42 ] D: _currentMouseY 409 218 342 210 QSizeF(0, 1)
[   118.42 ] D: freq1 1 20
[   118.42 ] D: mouseMove2
[   118.42 ] D: _automationChanging true
[   118.42 ] D: freq1 1 20
[   118.42 ] D: _pointActive2 false 1
[   118.42 ] D: freq1 1 20
[   118.42 ] D: createSelectedPoints 1 -1
[   118.42 ] D: _currentMouseY 409 218 342 210 QSizeF(0, 2)
[   118.43 ] D: mouseMove2
[   118.44 ] D: _automationChanging true
[   118.44 ] D: _pointActive2 false 1
[   118.44 ] D: createSelectedPoints 1 -1
[   118.44 ] D: _currentMouseY 410 218 342 210 QSizeF(1, 4)
[   118.44 ] D: mouseMove2
[   118.44 ] D: _automationChanging true
[   118.44 ] D: _currentMouseY 410 218 342 210 QSizeF(0, 1)
[   118.44 ] D: mouseMove2
[   118.44 ] D: freq1 1 20
[   118.44 ] D: freq1 1 20
[   118.44 ] D: freq1 1 20
[   118.46 ] D: _automationChanging true
[   118.46 ] D: _pointActive2 false 1
[   118.46 ] D: createSelectedPoints 1 -1
[   118.46 ] D: _currentMouseY 410 218 342 210 QSizeF(0, 2)
[   118.46 ] D: mouseMove2
[   118.46 ] D: freq1 1 20
[   118.46 ] D: freq1 1 20
[   118.46 ] D: freq1 1 20
[   118.47 ] D: _automationChanging true
[   118.47 ] D: _pointActive2 false 1
[   118.47 ] D: createSelectedPoints 1 -1
[   118.47 ] D: _currentMouseY 410 218 342 210 QSizeF(0, 3)
[   118.47 ] D: mouseMove2
[   118.48 ] D: freq1 1 20
[   118.48 ] D: freq1 1 20
[   118.48 ] D: freq1 1 20
[   118.49 ] D: _automationChanging true
[   118.49 ] D: _currentMouseY 410 218 342 210 QSizeF(0, 1)
[   118.49 ] D: mouseMove2
[   118.49 ] D: _automationChanging true
[   118.49 ] D: _pointActive2 false 1
[   118.49 ] D: createSelectedPoints 1 -1
[   118.49 ] D: _currentMouseY 410 218 342 210 QSizeF(0, 2)
[   118.49 ] D: mouseMove2
[   118.49 ] D: freq1 1 20
[   118.49 ] D: freq1 1 20
[   118.49 ] D: freq1 1 20
[   118.51 ] D: _pointActive2 false 1
[   118.51 ] D: createSelectedPoints 1 -1
[   118.51 ] D: freq1 1 20
[   118.51 ] D: freq1 1 20
[   118.51 ] D: freq1 1 20
[   118.52 ] D: _automationChanging true
[   118.52 ] D: _currentMouseY 410 218 342 210 QSizeF(0, 1)
[   118.52 ] D: mouseMove2
[   118.52 ] D: _automationChanging true
[   118.52 ] D: _pointActive2 false 1
[   118.52 ] D: createSelectedPoints 1 -1
[   118.52 ] D: _currentMouseY 410 218 342 210 QSizeF(0, 2)
[   118.53 ] D: mouseMove2
[   118.53 ] D: freq1 1 20
[   118.53 ] D: freq1 1 20
[   118.53 ] D: freq1 1 20
[   118.55 ] D: freq1 1 20
[   118.55 ] D: freq1 1 20
[   118.55 ] D: freq1 1 20
[   118.56 ] D: _automationChanging true
[   118.56 ] D: _pointActive2 false 1
[   118.56 ] D: createSelectedPoints 1 -1
[   118.56 ] D: _currentMouseY 410 218 342 210 QSizeF(0, 1)
[   118.56 ] D: mouseMove2
[   118.56 ] D: freq1 1 20
[   118.56 ] D: freq1 1 20
[   118.56 ] D: freq1 1 20
[   118.57 ] D: _automationChanging true
[   118.58 ] D: _pointActive2 false 1
[   118.58 ] D: createSelectedPoints 1 -1
[   118.58 ] D: _currentMouseY 410 218 342 210 QSizeF(0, 2)
[   118.58 ] D: mouseMove2
[   118.58 ] D: _automationChanging true
[   118.58 ] D: _currentMouseY 410 218 342 210 QSizeF(0, 0)
[   118.58 ] D: mouseMove2
[   118.58 ] D: freq1 1 20
[   118.58 ] D: freq1 1 20
[   118.58 ] D: freq1 1 20
[   118.59 ] D: _pointActive2 false 1
[   118.59 ] D: createSelectedPoints 1 -1
[   118.60 ] D: freq1 1 20
[   118.60 ] D: freq1 1 20
[   118.60 ] D: freq1 1 20
[   118.61 ] D: _pointActive2 false 1
[   118.61 ] D: createSelectedPoints 1 -1
[   118.62 ] D: freq1 1 20
[   118.62 ] D: freq1 1 20
[   118.62 ] D: freq1 1 20
[   118.63 ] D: freq1 1 20
[   118.63 ] D: freq1 1 20
[   118.63 ] D: freq1 1 20
[   118.64 ] D: _pointActive2 false 1
[   118.64 ] D: createSelectedPoints 1 -1
[   118.65 ] D: freq1 1 20
[   118.65 ] D: freq1 1 20
[   118.65 ] D: freq1 1 20
[   118.67 ] D: _automationChanging true
[   118.67 ] D: _currentMouseY 410 218 342 210 QSizeF(0, 1)
[   118.67 ] D: freq1 1 20
[   118.67 ] D: mouseMove2
[   118.67 ] D: freq1 1 20
[   118.67 ] D: _pointActive2 false 1
[   118.67 ] D: createSelectedPoints 1 -1
[   118.67 ] D: freq1 1 20
[   118.69 ] D: _pointActive2 false 1
[   118.69 ] D: createSelectedPoints 1 -1
[   118.69 ] D: freq1 1 20
[   118.69 ] D: freq1 1 20
[   118.69 ] D: freq1 1 20
[   118.70 ] D: freq1 1 20
[   118.70 ] D: freq1 1 20
[   118.70 ] D: freq1 1 20
[   118.71 ] D: _pointActive2 false 1
[   118.71 ] D: createSelectedPoints 1 -1
[   118.72 ] D: freq1 1 20
[   118.72 ] D: freq1 1 20
[   118.72 ] D: freq1 1 20
[   118.74 ] D: _pointActive2 false 1
[   118.74 ] D: createSelectedPoints 1 -1
[   118.74 ] D: freq1 1 20
[   118.74 ] D: freq1 1 20
[   118.74 ] D: freq1 1 20
[   118.75 ] D: freq1 1 20
[   118.75 ] D: freq1 1 20
[   118.75 ] D: freq1 1 20
[   118.77 ] D: freq1 1 20
[   118.77 ] D: freq1 1 20
[   118.77 ] D: _pointActive2 false 1
[   118.77 ] D: freq1 1 20
[   118.77 ] D: createSelectedPoints 1 -1
[   118.78 ] D: _automationChanging true
[   118.78 ] D: _currentMouseY 410 218 342 210 QSizeF(0, 2)
[   118.79 ] D: mouseMove2
[   118.79 ] D: freq1 1 20
[   118.79 ] D: freq1 1 20
[   118.79 ] D: freq1 1 20
[   118.81 ] D: _automationChanging true
[   118.81 ] D: _currentMouseY 410 218 342 210 QSizeF(0, 1)
[   118.81 ] D: mouseMove2
[   118.81 ] D: _pointActive2 false 1
[   118.81 ] D: createSelectedPoints 1 -1
[   118.81 ] D: freq1 1 20
[   118.81 ] D: freq1 1 20
[   118.81 ] D: freq1 1 20
[   118.82 ] D: freq1 1 20
[   118.82 ] D: freq1 1 20
[   118.82 ] D: freq1 1 20
[   118.82 ] D: _pointActive2 false 1
[   118.82 ] D: createSelectedPoints 1 -1
[   118.84 ] D: _automationChanging true
[   118.84 ] D: _currentMouseY 410 218 342 210 QSizeF(0, 0)
[   118.84 ] D: mouseMove2
[   118.84 ] D: freq1 1 20
[   118.84 ] D: freq1 1 20
[   118.84 ] D: freq1 1 20
[   118.86 ] D: _automationChanging true
[   118.86 ] D: _currentMouseY 410 218 342 210 QSizeF(0, 1)
[   118.86 ] D: mouseMove2
[   118.86 ] D: _pointActive2 false 1
[   118.86 ] D: createSelectedPoints 1 -1
[   118.86 ] D: freq1 1 20
[   118.86 ] D: freq1 1 20
[   118.86 ] D: freq1 1 20
[   118.87 ] D: _automationChanging true
[   118.87 ] D: _pointActive2 false 1
[   118.87 ] D: createSelectedPoints 1 -1
[   118.87 ] D: _currentMouseY 409 218 342 210 QSizeF(-1, 1)
[   118.88 ] D: mouseMove2
[   118.88 ] D: freq1 1 20
[   118.88 ] D: freq1 1 20
[   118.88 ] D: freq1 1 20
[   118.89 ] D: _automationChanging true
[   118.89 ] D: _currentMouseY 409 218 342 210 QSizeF(0, 1)
[   118.89 ] D: mouseMove2
[   118.89 ] D: _pointActive2 false 1
[   118.89 ] D: createSelectedPoints 1 -1
[   118.89 ] D: freq1 1 20
[   118.89 ] D: freq1 1 20
[   118.89 ] D: freq1 1 20
[   118.90 ] D: _automationChanging true
[   118.91 ] D: _pointActive2 false 1
[   118.91 ] D: createSelectedPoints 1 -1
[   118.91 ] D: _currentMouseY 409 218 342 210 QSizeF(0, 0)
[   118.91 ] D: mouseMove2
[   118.91 ] D: freq1 1 20
[   118.91 ] D: freq1 1 20
[   118.91 ] D: freq1 1 20
[   118.92 ] D: _pointActive2 false 1
[   118.92 ] D: createSelectedPoints 1 -1
[   118.93 ] D: freq1 1 20
[   118.93 ] D: freq1 1 20
[   118.93 ] D: freq1 1 20
[   118.95 ] D: freq1 1 20
[   118.95 ] D: freq1 1 20
[   118.95 ] D: freq1 1 20
[   118.96 ] D: _pointActive2 false 1
[   118.96 ] D: createSelectedPoints 1 -1
[   118.96 ] D: freq1 1 20
[   118.96 ] D: freq1 1 20
[   118.96 ] D: freq1 1 20
[   118.98 ] D: freq1 1 20
[   118.98 ] D: freq1 1 20
[   118.98 ] D: freq1 1 20
[   118.99 ] D: _pointActive2 false 1
[   118.99 ] D: createSelectedPoints 1 -1
[   119.00 ] D: freq1 1 20
[   119.00 ] D: freq1 1 20
[   119.00 ] D: freq1 1 20
[   119.02 ] D: freq1 1 20
[   119.02 ] D: freq1 1 20
[   119.02 ] D: _pointActive2 false 1
[   119.02 ] D: createSelectedPoints 1 -1
[   119.02 ] D: freq1 1 20
[   119.03 ] D: freq1 1 20
[   119.03 ] D: freq1 1 20
[   119.03 ] D: freq1 1 20
[   119.05 ] D: freq1 1 20
[   119.05 ] D: freq1 1 20
[   119.05 ] D: freq1 1 20
[   119.06 ] D: createSelectedPoints 1 -1
[   119.07 ] D: isAutomated 1
[   119.07 ] D: isAutomated 0
[   119.07 ] D: isAutomated 0
[   119.07 ] D: freq1 1 20
[   119.07 ] D: freq1 1 20
[   119.07 ] D: freq1 1 20
[   119.09 ] D: freq1 1 20
[   119.09 ] D: freq1 1 20
[   119.09 ] D: freq1 1 20
[   119.10 ] D: freq1 1 20
[   119.10 ] D: freq1 1 20
[   119.10 ] D: freq1 1 20
[   119.12 ] D: freq1 1 20
[   119.12 ] D: freq1 1 20
[   119.12 ] D: freq1 1 20
[   119.14 ] D: freq1 1 20
[   119.14 ] D: freq1 1 20
[   119.14 ] D: freq1 1 20
[   119.16 ] D: freq1 1 20
[   119.16 ] D: freq1 1 20
[   119.16 ] D: freq1 1 20
[   119.17 ] D: freq1 1 20
[   119.17 ] D: freq1 1 20
[   119.17 ] D: freq1 1 20
[   119.19 ] D: freq1 1 20
[   119.19 ] D: freq1 1 20
[   119.19 ] D: freq1 1 20
[   119.21 ] D: freq1 1 20
[   119.21 ] D: freq1 1 20
[   119.21 ] D: freq1 1 20
[   119.23 ] D: freq1 1 20
[   119.23 ] D: freq1 1 20
[   119.23 ] D: freq1 1 20
[   119.24 ] D: freq1 1 20
[   119.24 ] D: freq1 1 20
[   119.24 ] D: freq1 1 20
[   119.26 ] D: freq1 1 20
[   119.26 ] D: freq1 1 20
[   119.26 ] D: freq1 1 20
[   119.28 ] D: freq1 1 20
[   119.28 ] D: freq1 1 20
[   119.28 ] D: freq1 1 20
[   119.29 ] D: freq1 1 20
[   119.29 ] D: freq1 1 20
[   119.29 ] D: freq1 1 20
[   119.31 ] D: freq1 1 20
[   119.31 ] D: freq1 1 20
[   119.31 ] D: freq1 1 20
[   119.33 ] D: freq1 1 20
[   119.33 ] D: freq1 1 20
[   119.33 ] D: freq1 1 20
[   119.35 ] D: freq1 1 20
[   119.35 ] D: AsyncFileReader 3 11
[   119.35 ] D: freq1 1 20
[   119.35 ] D: freq1 1 20
[   119.36 ] D: freq1 1 20
[   119.36 ] D: freq1 1 20
[   119.36 ] D: freq1 1 20
[   119.38 ] D: freq1 1 20
[   119.38 ] D: freq1 1 20
[   119.38 ] D: freq1 1 20
[   119.40 ] D: freq1 1 20
[   119.40 ] D: freq1 1 20
[   119.40 ] D: freq1 1 20
[   119.42 ] D: freq1 1 20
[   119.42 ] D: freq1 1 20
[   119.42 ] D: freq1 1 20
[   119.43 ] D: freq1 1 20
[   119.43 ] D: freq1 1 20
[   119.43 ] D: freq1 1 20
[   119.45 ] D: freq1 1 20
[   119.45 ] D: freq1 1 20
[   119.45 ] D: freq1 1 20
[   119.47 ] D: freq1 1 20
[   119.47 ] D: freq1 1 20
[   119.47 ] D: freq1 1 20
[   119.49 ] D: freq1 1 20
[   119.49 ] D: freq1 1 20
[   119.49 ] D: freq1 1 20
[   119.50 ] D: freq1 1 20
[   119.50 ] D: freq1 1 20
[   119.50 ] D: freq1 1 20
[   119.52 ] D: freq1 1 20
[   119.52 ] D: freq1 1 20
[   119.52 ] D: freq1 1 20
[   119.54 ] D: freq1 1 20
[   119.54 ] D: freq1 1 20
[   119.54 ] D: freq1 1 20
[   119.56 ] D: freq1 1 20
[   119.56 ] D: freq1 1 20
[   119.56 ] D: freq1 1 20
[   119.57 ] D: freq1 1 20
[   119.57 ] D: freq1 1 20
[   119.57 ] D: freq1 1 20
[   119.59 ] D: freq1 1 20
[   119.59 ] D: freq1 1 20
[   119.59 ] D: freq1 1 20
[   119.61 ] D: freq1 1 20
[   119.61 ] D: freq1 1 20
[   119.61 ] D: freq1 1 20
[   119.63 ] D: freq1 1 20
[   119.63 ] D: freq1 1 20
[   119.63 ] D: freq1 1 20
[   119.64 ] D: freq1 1 20
[   119.64 ] D: freq1 1 20
[   119.64 ] D: freq1 1 20
[   119.66 ] D: freq1 1 20
[   119.66 ] D: freq1 1 20
[   119.66 ] D: freq1 1 20
[   119.68 ] D: freq1 1 20
[   119.68 ] D: freq1 1 20
[   119.68 ] D: freq1 1 20
[   119.70 ] D: freq1 1 20
[   119.70 ] D: freq1 1 20
[   119.70 ] D: freq1 1 20
[   119.71 ] D: freq1 1 20
[   119.71 ] D: freq1 1 20
[   119.71 ] D: freq1 1 20
[   119.73 ] D: freq1 1 20
[   119.73 ] D: freq1 1 20
[   119.73 ] D: freq1 1 20
[   119.75 ] D: freq1 1 20
[   119.75 ] D: freq1 1 20
[   119.75 ] D: freq1 1 20
[   119.76 ] D: freq1 1 20
[   119.76 ] D: freq1 1 20
[   119.76 ] D: freq1 1 20
[   119.78 ] D: freq1 1 20
[   119.78 ] D: freq1 1 20
[   119.78 ] D: freq1 1 20
[   119.80 ] D: freq1 1 20
[   119.80 ] D: freq1 1 20
[   119.80 ] D: freq1 1 20
[   119.82 ] D: freq1 1 20
[   119.82 ] D: freq1 1 20
[   119.82 ] D: freq1 1 20
[   119.83 ] D: freq1 1 20
[   119.83 ] D: freq1 1 20
[   119.83 ] D: freq1 1 20
[   119.85 ] D: freq1 1 20
[   119.85 ] D: freq1 1 20
[   119.85 ] D: freq1 1 20
[   119.87 ] D: freq1 1 20
[   119.87 ] D: freq1 1 20
[   119.87 ] D: freq1 1 20
[   119.89 ] D: freq1 1 20
[   119.89 ] D: freq1 1 20
[   119.89 ] D: freq1 1 20
[   119.90 ] D: freq1 1 20
[   119.90 ] D: freq1 1 20
[   119.90 ] D: freq1 1 20
[   119.92 ] D: freq1 1 20
[   119.92 ] D: freq1 1 20
[   119.92 ] D: freq1 1 20
[   119.94 ] D: freq1 1 20
[   119.94 ] D: freq1 1 20
[   119.94 ] D: freq1 1 20
[   119.96 ] D: freq1 1 20
[   119.96 ] D: freq1 1 20
[   119.96 ] D: freq1 1 20
[   119.97 ] D: freq1 1 20
[   119.97 ] D: freq1 1 20
[   119.97 ] D: freq1 1 20
[   119.99 ] D: freq1 1 20
[   119.99 ] D: freq1 1 20
[   119.99 ] D: freq1 1 20
[   120.01 ] D: freq1 1 20
[   120.01 ] D: freq1 1 20
[   120.01 ] D: freq1 1 20
[   120.03 ] D: freq1 1 20
[   120.03 ] D: freq1 1 20
[   120.03 ] D: freq1 1 20
[   120.04 ] D: freq1 1 20
[   120.04 ] D: freq1 1 20
[   120.04 ] D: freq1 1 20
[   120.06 ] D: freq1 1 20
[   120.06 ] D: freq1 1 20
[   120.06 ] D: freq1 1 20
[   120.08 ] D: freq1 1 20
[   120.08 ] D: freq1 1 20
[   120.08 ] D: freq1 1 20
[   120.10 ] D: freq1 1 20
[   120.10 ] D: freq1 1 20
[   120.10 ] D: freq1 1 20
[   120.11 ] D: freq1 1 20
[   120.11 ] D: freq1 1 20
[   120.11 ] D: freq1 1 20
[   120.13 ] D: freq1 1 20
[   120.13 ] D: freq1 1 20
[   120.13 ] D: freq1 1 20
[   120.15 ] D: freq1 1 20
[   120.15 ] D: freq1 1 20
[   120.15 ] D: freq1 1 20
[   120.17 ] D: freq1 1 20
[   120.17 ] D: freq1 1 20
[   120.17 ] D: freq1 1 20
[   120.18 ] D: freq1 1 20
[   120.18 ] D: freq1 1 20
[   120.18 ] D: freq1 1 20
[   120.20 ] D: freq1 1 20
[   120.20 ] D: freq1 1 20
[   120.20 ] D: freq1 1 20
[   120.22 ] D: freq1 1 20
[   120.22 ] D: freq1 1 20
[   120.22 ] D: freq1 1 20
[   120.24 ] D: freq1 1 20
[   120.24 ] D: freq1 1 20
[   120.24 ] D: freq1 1 20
[   120.25 ] D: freq1 1 20
[   120.25 ] D: freq1 1 20
[   120.25 ] D: freq1 1 20
[   120.27 ] D: findTrackIndexByPoint 0 QRect(0,0 1707x111) false QPointF(237,206)
[   120.27 ] D: findTrackIndexByPoint 1 QRect(0,111 1707x111) true QPointF(237,206)
[   120.27 ] D: freq1 1 20
[   120.27 ] D: freq1 1 20
[   120.27 ] D: freq1 1 20
[   120.29 ] D: freq1 1 20
[   120.29 ] D: freq1 1 20
[   120.29 ] D: freq1 1 20
[   120.30 ] D: freq1 1 20
[   120.30 ] D: freq1 1 20
[   120.30 ] D: freq1 1 20
[   120.31 ] D: createSelectedPoints 1 -1
[   120.32 ] D: freq1 1 20
[   120.32 ] D: freq1 1 20
[   120.32 ] D: freq1 1 20
[   120.34 ] D: freq1 1 20
[   120.34 ] D: freq1 1 20
[   120.34 ] D: freq1 1 20
[   120.36 ] D: freq1 1 20
[   120.36 ] D: freq1 1 20
[   120.36 ] D: freq1 1 20
[   120.37 ] D: freq1 1 20
[   120.37 ] D: freq1 1 20
[   120.37 ] D: freq1 1 20
[   120.39 ] D: _pointActive1 true false false
[   120.39 ] D: _pointActive2 false 1
[   120.39 ] D: createSelectedPoints 1 -1
[   120.39 ] D: freq1 1 20
[   120.39 ] D: freq1 1 20
[   120.39 ] D: freq1 1 20
[   120.40 ] D: _pointActive2 false 1
[   120.40 ] D: createSelectedPoints 1 -1
[   120.41 ] D: freq1 1 20
[   120.41 ] D: freq1 1 20
[   120.41 ] D: freq1 1 20
[   120.42 ] D: _pointActive2 false 1
[   120.42 ] D: createSelectedPoints 1 -1
[   120.43 ] D: freq1 1 20
[   120.43 ] D: freq1 1 20
[   120.43 ] D: freq1 1 20
[   120.44 ] D: _automationChanging true
[   120.44 ] D: _currentMouseY 237 205 237 206 QSizeF(0, -1)
[   120.44 ] D: mouseMove2
[   120.44 ] D: freq1 1 20
[   120.44 ] D: freq1 1 20
[   120.44 ] D: freq1 1 20
[   120.46 ] D: _automationChanging true
[   120.46 ] D: _currentMouseY 237 201 237 206 QSizeF(0, -4)
[   120.46 ] D: mouseMove2
[   120.46 ] D: _automationChanging true
[   120.46 ] D: _pointActive2 false 1
[   120.46 ] D: createSelectedPoints 1 -1
[   120.46 ] D: _currentMouseY 238 200 237 206 QSizeF(1, -1)
[   120.46 ] D: mouseMove2
[   120.46 ] D: freq1 1 20
[   120.46 ] D: freq1 1 20
[   120.46 ] D: freq1 1 20
[   120.47 ] D: _automationChanging true
[   120.47 ] D: _pointActive2 false 1
[   120.47 ] D: createSelectedPoints 1 -1
[   120.47 ] D: _currentMouseY 238 199 237 206 QSizeF(0, -1)
[   120.47 ] D: mouseMove2
[   120.48 ] D: freq1 1 20
[   120.48 ] D: freq1 1 20
[   120.48 ] D: freq1 1 20
[   120.49 ] D: _automationChanging true
[   120.49 ] D: _currentMouseY 239 197 237 206 QSizeF(1, -2)
[   120.49 ] D: mouseMove2
[   120.49 ] D: _automationChanging true
[   120.49 ] D: _pointActive2 false 1
[   120.49 ] D: createSelectedPoints 1 -1
[   120.49 ] D: _currentMouseY 239 196 237 206 QSizeF(0, -1)
[   120.49 ] D: mouseMove2
[   120.49 ] D: _automationChanging true
[   120.49 ] D: _currentMouseY 240 195 237 206 QSizeF(1, -1)
[   120.50 ] D: mouseMove2
[   120.50 ] D: freq1 1 20
[   120.50 ] D: freq1 1 20
[   120.50 ] D: freq1 1 20
[   120.51 ] D: freq1 1 20
[   120.51 ] D: freq1 1 20
[   120.51 ] D: freq1 1 20
[   120.52 ] D: _automationChanging true
[   120.52 ] D: _pointActive2 false 1
[   120.52 ] D: createSelectedPoints 1 -1
[   120.53 ] D: _currentMouseY 240 194 237 206 QSizeF(0, -1)
[   120.53 ] D: mouseMove2
[   120.53 ] D: _automationChanging true
[   120.53 ] D: _currentMouseY 240 194 237 206 QSizeF(0, 0)
[   120.53 ] D: mouseMove2
[   120.53 ] D: freq1 1 20
[   120.53 ] D: freq1 1 20
[   120.53 ] D: freq1 1 20
[   120.54 ] D: _automationChanging true
[   120.54 ] D: _pointActive2 false 1
[   120.54 ] D: createSelectedPoints 1 -1
[   120.54 ] D: _currentMouseY 240 193 237 206 QSizeF(0, -1)
[   120.55 ] D: mouseMove2
[   120.55 ] D: _automationChanging true
[   120.55 ] D: _currentMouseY 240 191 237 206 QSizeF(0, -2)
[   120.55 ] D: mouseMove2
[   120.55 ] D: freq1 1 20
[   120.55 ] D: freq1 1 20
[   120.55 ] D: freq1 1 20
[   120.56 ] D: _automationChanging true
[   120.56 ] D: _pointActive2 false 1
[   120.56 ] D: createSelectedPoints 1 -1
[   120.56 ] D: _currentMouseY 240 190 237 206 QSizeF(0, -1)
[   120.56 ] D: mouseMove2
[   120.57 ] D: freq1 1 20
[   120.57 ] D: freq1 1 20
[   120.57 ] D: freq1 1 20
[   120.57 ] D: _automationChanging true
[   120.57 ] D: _currentMouseY 241 189 237 206 QSizeF(1, -1)
[   120.58 ] D: mouseMove2
[   120.58 ] D: _automationChanging true
[   120.58 ] D: _pointActive2 false 1
[   120.58 ] D: createSelectedPoints 1 -1
[   120.58 ] D: _currentMouseY 241 188 237 206 QSizeF(0, -1)
[   120.58 ] D: mouseMove2
[   120.58 ] D: freq1 1 20
[   120.58 ] D: freq1 1 20
[   120.58 ] D: freq1 1 20
[   120.59 ] D: _automationChanging true
[   120.59 ] D: _pointActive2 false 1
[   120.59 ] D: createSelectedPoints 1 -1
[   120.59 ] D: _currentMouseY 241 186 237 206 QSizeF(0, -2)
[   120.59 ] D: mouseMove2
[   120.60 ] D: freq1 1 20
[   120.60 ] D: freq1 1 20
[   120.60 ] D: freq1 1 20
[   120.61 ] D: _automationChanging true
[   120.61 ] D: _currentMouseY 242 186 237 206 QSizeF(1, 0)
[   120.61 ] D: mouseMove2
[   120.61 ] D: _pointActive2 false 1
[   120.61 ] D: createSelectedPoints 1 -1
[   120.62 ] D: _automationChanging true
[   120.62 ] D: freq1 1 20
[   120.62 ] D: freq1 1 20
[   120.62 ] D: freq1 1 20
[   120.62 ] D: _pointActive2 false 1
[   120.62 ] D: createSelectedPoints 1 -1
[   120.62 ] D: _currentMouseY 242 185 237 206 QSizeF(0, -1)
[   120.63 ] D: mouseMove2
[   120.64 ] D: _automationChanging true
[   120.64 ] D: _currentMouseY 242 183 237 206 QSizeF(0, -2)
[   120.64 ] D: mouseMove2
[   120.64 ] D: _automationChanging true
[   120.64 ] D: _pointActive2 false 1
[   120.64 ] D: createSelectedPoints 1 -1
[   120.64 ] D: freq1 1 20
[   120.64 ] D: _currentMouseY 242 183 237 206 QSizeF(0, 0)
[   120.64 ] D: freq1 1 20
[   120.64 ] D: mouseMove2
[   120.64 ] D: freq1 1 20
[   120.65 ] D: freq1 1 20
[   120.65 ] D: freq1 1 20
[   120.65 ] D: freq1 1 20
[   120.66 ] D: _automationChanging true
[   120.66 ] D: _pointActive2 false 1
[   120.66 ] D: createSelectedPoints 1 -1
[   120.66 ] D: _currentMouseY 242 182 237 206 QSizeF(0, -1)
[   120.66 ] D: mouseMove2
[   120.67 ] D: freq1 1 20
[   120.67 ] D: freq1 1 20
[   120.67 ] D: freq1 1 20
[   120.67 ] D: _automationChanging true
[   120.68 ] D: _pointActive2 false 1
[   120.68 ] D: createSelectedPoints 1 -1
[   120.68 ] D: _currentMouseY 242 180 237 206 QSizeF(0, -2)
[   120.68 ] D: mouseMove2
[   120.69 ] D: _automationChanging true
[   120.69 ] D: _pointActive2 false 1
[   120.69 ] D: createSelectedPoints 1 -1
[   120.69 ] D: _currentMouseY 242 179 237 206 QSizeF(0, -1)
[   120.69 ] D: mouseMove2
[   120.69 ] D: freq1 1 20
[   120.69 ] D: freq1 1 20
[   120.69 ] D: freq1 1 20
[   120.71 ] D: _pointActive2 false 1
[   120.71 ] D: createSelectedPoints 1 -1
[   120.71 ] D: freq1 1 20
[   120.71 ] D: freq1 1 20
[   120.71 ] D: freq1 1 20
[   120.72 ] D: _automationChanging true
[   120.72 ] D: freq1 1 20
[   120.72 ] D: _currentMouseY 242 177 237 206 QSizeF(0, -2)
[   120.72 ] D: freq1 1 20
[   120.72 ] D: freq1 1 20
[   120.72 ] D: mouseMove2
[   120.74 ] D: _automationChanging true
[   120.74 ] D: _currentMouseY 242 174 237 206 QSizeF(0, -3)
[   120.74 ] D: mouseMove2
[   120.74 ] D: _automationChanging true
[   120.74 ] D: _pointActive2 false 1
[   120.74 ] D: createSelectedPoints 1 -1
[   120.74 ] D: _currentMouseY 242 173 237 206 QSizeF(0, -1)
[   120.74 ] D: freq1 1 20
[   120.74 ] D: mouseMove2
[   120.74 ] D: freq1 1 20
[   120.74 ] D: freq1 1 20
[   120.76 ] D: freq1 1 20
[   120.76 ] D: freq1 1 20
[   120.76 ] D: freq1 1 20
[   120.77 ] D: _automationChanging true
[   120.77 ] D: _pointActive2 false 1
[   120.77 ] D: createSelectedPoints 1 -1
[   120.78 ] D: _currentMouseY 242 171 237 206 QSizeF(0, -2)
[   120.78 ] D: mouseMove2
[   120.78 ] D: _automationChanging true
[   120.78 ] D: _currentMouseY 242 170 237 206 QSizeF(0, -1)
[   120.78 ] D: mouseMove2
[   120.78 ] D: _automationChanging true
[   120.78 ] D: _currentMouseY 242 168 237 206 QSizeF(0, -2)
[   120.78 ] D: mouseMove2
[   120.78 ] D: freq1 1 20
[   120.78 ] D: freq1 1 20
[   120.78 ] D: freq1 1 20
[   120.79 ] D: freq1 1 20
[   120.79 ] D: freq1 1 20
[   120.79 ] D: freq1 1 20
[   120.79 ] D: _automationChanging true
[   120.80 ] D: _pointActive2 false 1
[   120.80 ] D: createSelectedPoints 1 -1
[   120.80 ] D: _currentMouseY 242 167 237 206 QSizeF(0, -1)
[   120.80 ] D: mouseMove2
[   120.80 ] D: _automationChanging true
[   120.80 ] D: _currentMouseY 242 165 237 206 QSizeF(0, -2)
[   120.80 ] D: mouseMove2
[   120.81 ] D: _automationChanging true
[   120.81 ] D: _pointActive2 false 1
[   120.81 ] D: createSelectedPoints 1 -1
[   120.81 ] D: _currentMouseY 242 162 237 206 QSizeF(0, -3)
[   120.81 ] D: mouseMove2
[   120.81 ] D: freq1 1 20
[   120.81 ] D: freq1 1 20
[   120.81 ] D: freq1 1 20
[   120.83 ] D: _automationChanging true
[   120.83 ] D: _currentMouseY 242 161 237 206 QSizeF(0, -1)
[   120.83 ] D: mouseMove2
[   120.83 ] D: _automationChanging true
[   120.83 ] D: _pointActive2 false 1
[   120.83 ] D: createSelectedPoints 1 -1
[   120.83 ] D: _currentMouseY 242 159 237 206 QSizeF(0, -2)
[   120.83 ] D: mouseMove2
[   120.83 ] D: freq1 1 20
[   120.83 ] D: freq1 1 20
[   120.83 ] D: AsyncFileReader 4 11
[   120.83 ] D: freq1 1 20
[   120.84 ] D: freq1 1 20
[   120.84 ] D: _automationChanging true
[   120.84 ] D: freq1 1 20
[   120.84 ] D: freq1 1 20
[   120.85 ] D: _pointActive2 false 1
[   120.85 ] D: createSelectedPoints 1 -1
[   120.85 ] D: _currentMouseY 242 156 237 206 QSizeF(0, -3)
[   120.85 ] D: mouseMove2
[   120.86 ] D: _automationChanging true
[   120.86 ] D: _currentMouseY 242 155 237 206 QSizeF(0, -1)
[   120.86 ] D: mouseMove2
[   120.86 ] D: freq1 1 20
[   120.86 ] D: freq1 1 20
[   120.86 ] D: _pointActive2 false 1
[   120.86 ] D: createSelectedPoints 1 -1
[   120.86 ] D: freq1 1 20
[   120.88 ] D: _pointActive2 false 1
[   120.88 ] D: createSelectedPoints 1 -1
[   120.88 ] D: freq1 1 20
[   120.88 ] D: freq1 1 20
[   120.88 ] D: freq1 1 20
[   120.89 ] D: _pointActive2 false 1
[   120.89 ] D: createSelectedPoints 1 -1
[   120.90 ] D: freq1 1 20
[   120.90 ] D: freq1 1 20
[   120.90 ] D: freq1 1 20
[   120.91 ] D: freq1 1 20
[   120.91 ] D: freq1 1 20
[   120.91 ] D: freq1 1 20
[   120.92 ] D: _pointActive2 false 1
[   120.92 ] D: createSelectedPoints 1 -1
[   120.93 ] D: freq1 1 20
[   120.93 ] D: freq1 1 20
[   120.93 ] D: freq1 1 20
[   120.95 ] D: freq1 1 20
[   120.95 ] D: freq1 1 20
[   120.95 ] D: freq1 1 20
[   120.96 ] D: _automationChanging true
[   120.96 ] D: _currentMouseY 243 154 237 206 QSizeF(1, -1)
[   120.96 ] D: mouseMove2
[   120.96 ] D: _pointActive2 false 1
[   120.96 ] D: createSelectedPoints 1 -1
[   120.97 ] D: _pointActive2 false 1
[   120.97 ] D: createSelectedPoints 1 -1
[   120.97 ] D: freq1 1 20
[   120.97 ] D: freq1 1 20
[   120.97 ] D: freq1 1 20
[   120.98 ] D: freq1 1 20
[   120.98 ] D: freq1 1 20
[   120.98 ] D: freq1 1 20
[   120.99 ] D: _automationChanging true
[   120.99 ] D: _currentMouseY 243 154 237 206 QSizeF(0, 0)
[   120.99 ] D: mouseMove2
[   120.99 ] D: _pointActive2 false 1
[   120.99 ] D: createSelectedPoints 1 -1
[   121.00 ] D: freq1 1 20
[   121.00 ] D: freq1 1 20
[   121.00 ] D: freq1 1 20
[   121.01 ] D: _pointActive2 false 1
[   121.01 ] D: createSelectedPoints 1 -1
[   121.02 ] D: freq1 1 20
[   121.02 ] D: freq1 1 20
[   121.02 ] D: freq1 1 20
[   121.02 ] D: _pointActive2 false 1
[   121.02 ] D: createSelectedPoints 1 -1
[   121.04 ] D: freq1 1 20
[   121.04 ] D: freq1 1 20
[   121.04 ] D: freq1 1 20
[   121.05 ] D: freq1 1 20
[   121.05 ] D: freq1 1 20
[   121.05 ] D: freq1 1 20
[   121.06 ] D: _pointActive2 false 1
[   121.06 ] D: createSelectedPoints 1 -1
[   121.07 ] D: freq1 1 20
[   121.07 ] D: freq1 1 20
[   121.07 ] D: freq1 1 20
[   121.09 ] D: _pointActive2 false 1
[   121.09 ] D: createSelectedPoints 1 -1
[   121.09 ] D: freq1 1 20
[   121.09 ] D: freq1 1 20
[   121.09 ] D: freq1 1 20
[   121.10 ] D: _pointActive2 false 1
[   121.10 ] D: createSelectedPoints 1 -1
[   121.11 ] D: freq1 1 20
[   121.11 ] D: freq1 1 20
[   121.11 ] D: freq1 1 20
[   121.12 ] D: freq1 1 20
[   121.12 ] D: freq1 1 20
[   121.12 ] D: freq1 1 20
[   121.14 ] D: createSelectedPoints 1 -1
[   121.14 ] D: freq1 1 20
[   121.14 ] D: freq1 1 20
[   121.14 ] D: freq1 1 20
[   121.16 ] D: isAutomated 1
[   121.16 ] D: isAutomated 0
[   121.16 ] D: isAutomated 0
[   121.16 ] D: freq1 1 20
[   121.16 ] D: freq1 1 20
[   121.16 ] D: freq1 1 20
[   121.18 ] D: freq1 1 20
[   121.18 ] D: freq1 1 20
[   121.18 ] D: freq1 1 20
[   121.19 ] D: freq1 1 20
[   121.19 ] D: freq1 1 20
[   121.19 ] D: freq1 1 20
[   121.21 ] D: freq1 1 20
[   121.21 ] D: freq1 1 20
[   121.21 ] D: freq1 1 20
[   121.23 ] D: freq1 1 20
[   121.23 ] D: freq1 1 20
[   121.23 ] D: freq1 1 20
[   121.25 ] D: freq1 1 20
[   121.25 ] D: freq1 1 20
[   121.25 ] D: freq1 1 20
[   121.26 ] D: freq1 1 20
[   121.26 ] D: freq1 1 20
[   121.26 ] D: freq1 1 20
[   121.28 ] D: freq1 1 20
[   121.28 ] D: freq1 1 20
[   121.28 ] D: freq1 1 20
[   121.30 ] D: freq1 1 20
[   121.30 ] D: freq1 1 20
[   121.30 ] D: freq1 1 20
[   121.31 ] D: freq1 1 20
[   121.31 ] D: freq1 1 20
[   121.31 ] D: freq1 1 20
[   121.33 ] D: freq1 1 20
[   121.33 ] D: freq1 1 20
[   121.33 ] D: freq1 1 20
[   121.35 ] D: freq1 1 20
[   121.35 ] D: freq1 1 20
[   121.35 ] D: freq1 1 20
[   121.37 ] D: freq1 1 20
[   121.37 ] D: freq1 1 20
[   121.37 ] D: freq1 1 20
[   121.38 ] D: freq1 1 20
[   121.38 ] D: freq1 1 20
[   121.38 ] D: freq1 1 20
[   121.40 ] D: freq1 1 20
[   121.40 ] D: freq1 1 20
[   121.40 ] D: freq1 1 20
[   121.42 ] D: freq1 1 20
[   121.42 ] D: freq1 1 20
[   121.42 ] D: freq1 1 20
[   121.44 ] D: freq1 1 20
[   121.44 ] D: freq1 1 20
[   121.47 ] D: findTrackIndexByPoint 0 QRect(0,0 1707x111) false QPointF(223,175)
[   121.47 ] D: findTrackIndexByPoint 1 QRect(0,111 1707x111) true QPointF(223,175)
[   121.88 ] D: findTrackIndexByPoint 0 QRect(0,0 1707x111) false QPointF(217,181)
[   121.88 ] D: findTrackIndexByPoint 1 QRect(0,111 1707x111) true QPointF(217,181)
[   122.86 ] D: _requestForLoading false false
[   122.86 ] D: _requestForLoading2
[   122.86 ] D: _numberOfSampleBuffer 1
[   122.86 ] D: START TO load 0
[   122.86 ] D: START TO load 1
[   122.86 ] D: sltPositionChanged 529200 true
[   122.86 ] D: START TO load 2
[   122.87 ] D: START TO load 3
[   122.87 ] D: frame_offset 0 0 10
[   122.87 ] D: frame_offset 0 1 10
[   122.87 ] D: frame_offset 0 2 10
[   122.87 ] D: frame_offset 0 3 10
[   122.88 ] D: frame_offset 0 4 10
[   122.88 ] D: sltFirstBufferFilled ("{d828da23-4411-404d-b499-e5b52f831adc}") "{d828da23-4411-404d-b499-e5b52f831adc}" true
[   122.88 ] D: _requestForLoading true false
[   122.88 ] D: freq1 0.2 17604
[   122.90 ] D: freq1 0.2 17604
[   122.90 ] D: freq1 0.2 17604
[   122.90 ] D: freq1 0.2 17604
[   122.92 ] D: freq1 0.2 17604
[   122.92 ] D: freq1 0.2 17604
[   122.92 ] D: freq1 0.2 17604
[   122.93 ] D: freq1 0.2 17604
[   122.93 ] D: freq1 0.2 17604
[   122.93 ] D: freq1 0.2 17604
[   122.95 ] D: freq1 0.2 17604
[   122.95 ] D: freq1 0.2 17604
[   122.95 ] D: freq1 0.2 17604
[   122.97 ] D: freq1 0.2 17604
[   122.97 ] D: freq1 0.2 17604
[   122.97 ] D: freq1 0.2 17604
[   122.99 ] D: freq1 0.2 17604
[   122.99 ] D: freq1 0.2 17604
[   122.99 ] D: freq1 0.2 17604
[   123.00 ] D: freq1 0.2 17604
[   123.00 ] D: freq1 0.2 17604
[   123.00 ] D: freq1 0.2 17604
[   123.02 ] D: freq1 0.2 17604
[   123.02 ] D: freq1 0.2 17604
[   123.02 ] D: freq1 0.2 17604
[   123.04 ] D: freq1 0.2 17604
[   123.04 ] D: freq1 0.2 17604
[   123.04 ] D: freq1 0.2 17604
[   123.06 ] D: freq1 0.2 17604
[   123.06 ] D: freq1 0.2 17604
[   123.06 ] D: freq1 0.2 17604
[   123.07 ] D: freq1 0.2 17604
[   123.07 ] D: freq1 0.2 17604
[   123.07 ] D: freq1 0.2 17604
[   123.09 ] D: freq1 0.2 17604
[   123.09 ] D: freq1 0.2 17604
[   123.09 ] D: freq1 0.2 17604
[   123.11 ] D: freq1 0.2 17604
[   123.11 ] D: freq1 0.2 17604
[   123.11 ] D: freq1 0.2 17604
[   123.13 ] D: freq1 0.2 17604
[   123.13 ] D: freq1 0.2 17604
[   123.13 ] D: freq1 0.2 17604
[   123.14 ] D: freq1 0.2 17604
[   123.14 ] D: freq1 0.2 17604
[   123.14 ] D: freq1 0.2 17604
[   123.16 ] D: freq1 0.2 17604
[   123.16 ] D: freq1 0.2 17604
[   123.16 ] D: freq1 0.2 17604
[   123.18 ] D: freq1 0.2 17604
[   123.18 ] D: freq1 0.2 17604
[   123.18 ] D: freq1 0.2 17604
[   123.20 ] D: freq1 0.2 17604
[   123.20 ] D: freq1 0.2 17604
[   123.20 ] D: freq1 0.2 17604
[   123.21 ] D: freq1 0.2 17604
[   123.21 ] D: freq1 0.2 17604
[   123.21 ] D: freq1 0.2 17604
[   123.23 ] D: freq1 0.2 17604
[   123.23 ] D: freq1 0.2 17604
[   123.23 ] D: freq1 0.2 17604
[   123.25 ] D: freq1 0.2 17604
[   123.25 ] D: freq1 0.2 17604
[   123.25 ] D: freq1 0.2 17604
[   123.27 ] D: freq1 0.2 17604
[   123.27 ] D: freq1 0.2 17604
[   123.27 ] D: freq1 0.2 17604
[   123.28 ] D: freq1 0.2 17604
[   123.28 ] D: freq1 0.2 17604
[   123.28 ] D: freq1 0.2 17604
[   123.30 ] D: freq1 0.2 17604
[   123.30 ] D: freq1 0.2 17604
[   123.30 ] D: freq1 0.2 17604
[   123.32 ] D: freq1 0.2 17604
[   123.32 ] D: freq1 0.2 17604
[   123.32 ] D: freq1 0.2 17604
[   123.33 ] D: freq1 0.2 17604
[   123.33 ] D: freq1 0.2 17604
[   123.33 ] D: freq1 0.2 17604
[   123.35 ] D: freq1 0.2 17604
[   123.35 ] D: freq1 0.2 17604
[   123.35 ] D: freq1 0.2 17604
[   123.37 ] D: freq1 0.2 17604
[   123.37 ] D: AsyncFileReader 0 5
[   123.37 ] D: freq1 0.2 17604
[   123.38 ] D: freq1 0.2 17604
[   123.39 ] D: freq1 0.2 17604
[   123.39 ] D: freq1 0.2 17604
[   123.39 ] D: freq1 0.2 17604
[   123.40 ] D: freq1 0.2 17604
[   123.40 ] D: freq1 0.2 17604
[   123.40 ] D: freq1 0.2 17604
[   123.42 ] D: freq1 0.2 17604
[   123.42 ] D: freq1 0.2 17604
[   123.42 ] D: freq1 0.2 17604
[   123.44 ] D: freq1 0.2 17604
[   123.44 ] D: freq1 0.2 17604
[   123.44 ] D: freq1 0.2 17604
[   123.46 ] D: freq1 0.2 17604
[   123.46 ] D: freq1 0.2 17604
[   123.46 ] D: freq1 0.2 17604
[   123.47 ] D: freq1 0.2 17604
[   123.47 ] D: freq1 0.2 17604
[   123.47 ] D: freq1 0.2 17604
[   123.49 ] D: freq1 0.2 17604
[   123.49 ] D: freq1 0.2 17604
[   123.49 ] D: freq1 0.2 17604
[   123.51 ] D: freq1 0.2 17604
[   123.51 ] D: freq1 0.2 17604
[   123.51 ] D: freq1 0.2 17604
[   123.53 ] D: freq1 0.2 17604
[   123.53 ] D: freq1 0.2 17604
[   123.53 ] D: freq1 0.2 17604
[   123.54 ] D: freq1 0.2 17604
[   123.54 ] D: freq1 0.2 17604
[   123.54 ] D: freq1 0.2 17604
[   123.56 ] D: freq1 0.2 17604
[   123.56 ] D: freq1 0.2 17604
[   123.56 ] D: freq1 0.2 17604
[   123.58 ] D: freq1 0.2 17604
[   123.58 ] D: freq1 0.2 17604
[   123.58 ] D: freq1 0.2 17604
[   123.60 ] D: freq1 0.2 17604
[   123.60 ] D: freq1 0.2 17604
[   123.60 ] D: freq1 0.2 17604
[   123.61 ] D: freq1 0.2 17604
[   123.61 ] D: freq1 0.2 17604
[   123.61 ] D: freq1 0.2 17604
[   123.63 ] D: freq1 0.2 17604
[   123.63 ] D: freq1 0.2 17604
[   123.63 ] D: freq1 0.2 17604
[   123.65 ] D: freq1 0.2 17604
[   123.65 ] D: freq1 0.2 17604
[   123.65 ] D: freq1 0.2 17604
[   123.67 ] D: freq1 0.2 17604
[   123.67 ] D: freq1 0.2 17604
[   123.67 ] D: freq1 0.2 17604
[   123.68 ] D: freq1 0.2 17604
[   123.68 ] D: freq1 0.2 17604
[   123.68 ] D: freq1 0.2 17604
[   123.70 ] D: freq1 0.2 17604
[   123.70 ] D: freq1 0.2 17604
[   123.70 ] D: freq1 0.2 17604
[   123.72 ] D: freq1 0.2 17604
[   123.72 ] D: freq1 0.2 17604
[   123.72 ] D: freq1 0.2 17604
[   123.74 ] D: freq1 0.2 17604
[   123.74 ] D: freq1 0.2 17604
[   123.74 ] D: freq1 0.2 17604
[   123.75 ] D: freq1 0.2 17604
[   123.75 ] D: freq1 0.2 17604
[   123.75 ] D: freq1 0.2 17604
[   123.77 ] D: freq1 0.2 17604
[   123.77 ] D: freq1 0.2 17604
[   123.77 ] D: freq1 0.2 17604
[   123.79 ] D: freq1 0.2 17604
[   123.79 ] D: freq1 0.2 17604
[   123.79 ] D: freq1 0.2 17604
[   123.81 ] D: freq1 0.2 17604
[   123.81 ] D: freq1 0.2 17604
[   123.81 ] D: freq1 0.2 17604
[   123.82 ] D: freq1 0.2 17604
[   123.82 ] D: freq1 0.2 17604
[   123.82 ] D: freq1 0.2 17604
[   123.84 ] D: freq1 0.2 17604
[   123.84 ] D: freq1 0.2 17604
[   123.84 ] D: freq1 0.2 17604
[   123.86 ] D: freq1 0.2 17604
[   123.86 ] D: freq1 0.2 17604
[   123.86 ] D: freq1 0.2 17604
[   123.87 ] D: freq1 0.2 17604
[   123.87 ] D: freq1 0.2 17604
[   123.87 ] D: freq1 0.2 17604
[   123.89 ] D: freq1 0.2 17604
[   123.89 ] D: freq1 0.2 17604
[   123.89 ] D: freq1 0.2 17604
[   123.91 ] D: freq1 0.2 17604
[   123.91 ] D: freq1 0.2 17604
[   123.91 ] D: freq1 0.2 17604
[   123.93 ] D: freq1 0.2 17604
[   123.93 ] D: freq1 0.2 17604
[   123.93 ] D: freq1 0.2 17604
[   123.94 ] D: freq1 0.2 17604
[   123.94 ] D: freq1 0.2 17604
[   123.94 ] D: freq1 0.2 17604
[   123.96 ] D: freq1 0.2 17604
[   123.96 ] D: freq1 0.2 17604
[   123.96 ] D: freq1 0.2 17604
[   123.98 ] D: freq1 0.2 17604
[   123.98 ] D: freq1 0.2 17604
[   123.98 ] D: freq1 0.2 17604
[   124.00 ] D: freq1 0.2 17604
[   124.00 ] D: freq1 0.2 17604
[   124.00 ] D: freq1 0.2 17604
[   124.01 ] D: freq1 0.2 17604
[   124.01 ] D: freq1 0.2 17604
[   124.01 ] D: freq1 0.2 17604
[   124.03 ] D: freq1 0.2 17604
[   124.03 ] D: freq1 0.2 17604
[   124.03 ] D: freq1 0.2 17604
[   124.05 ] D: freq1 0.2 17604
[   124.05 ] D: freq1 0.2 17604
[   124.05 ] D: freq1 0.2 17604
[   124.07 ] D: freq1 0.2 17604
[   124.07 ] D: freq1 0.2 17604
[   124.07 ] D: freq1 0.2 17604
[   124.08 ] D: freq1 0.2 17604
[   124.08 ] D: freq1 0.2 17604
[   124.08 ] D: freq1 0.2 17604
[   124.10 ] D: freq1 0.2 17604
[   124.10 ] D: freq1 0.2 17604
[   124.10 ] D: freq1 0.2 17604
[   124.12 ] D: freq1 0.2 17604
[   124.12 ] D: freq1 0.2 17604
[   124.12 ] D: freq1 0.2 17604
[   124.14 ] D: freq1 0.2 17604
[   124.14 ] D: freq1 0.2 17604
[   124.14 ] D: freq1 0.2 17604
[   124.15 ] D: freq1 0.2 17604
[   124.15 ] D: freq1 0.2 17604
[   124.15 ] D: freq1 0.2 17604
[   124.17 ] D: freq1 0.2 17604
[   124.17 ] D: freq1 0.2 17604
[   124.17 ] D: freq1 0.2 17604
[   124.19 ] D: freq1 0.2 17604
[   124.19 ] D: freq1 0.2 17604
[   124.19 ] D: freq1 0.2 17604
[   124.21 ] D: freq1 0.2 17604
[   124.21 ] D: freq1 0.2 17604
[   124.21 ] D: freq1 0.2 17604
[   124.22 ] D: freq1 0.2 17604
[   124.22 ] D: freq1 0.2 17604
[   124.22 ] D: freq1 0.2 17604
[   124.24 ] D: freq1 0.2 17604
[   124.24 ] D: freq1 0.2 17604
[   124.24 ] D: freq1 0.2 17604
[   124.26 ] D: freq1 0.2 17604
[   124.26 ] D: freq1 0.2 17604
[   124.26 ] D: freq1 0.2 17604
[   124.28 ] D: freq1 0.2 17604
[   124.28 ] D: freq1 0.2 17604
[   124.28 ] D: freq1 0.2 17604
[   124.29 ] D: freq1 0.2 17604
[   124.29 ] D: freq1 0.2 17604
[   124.29 ] D: freq1 0.2 17604
[   124.31 ] D: freq1 0.2 17604
[   124.31 ] D: freq1 0.2 17604
[   124.31 ] D: freq1 0.2 17604
[   124.33 ] D: freq1 0.2 17604
[   124.33 ] D: freq1 0.2 17604
[   124.33 ] D: freq1 0.2 17604
[   124.35 ] D: freq1 0.2 17604
[   124.35 ] D: freq1 0.2 17604
[   124.35 ] D: freq1 0.2 17604
[   124.36 ] D: freq1 0.2 17604
[   124.36 ] D: freq1 0.2 17604
[   124.36 ] D: freq1 0.2 17604
[   124.38 ] D: freq1 0.2 17604
[   124.38 ] D: freq1 0.2 17604
[   124.38 ] D: freq1 0.2 17604
[   124.40 ] D: freq1 0.2 17604
[   124.40 ] D: freq1 0.2 17604
[   124.40 ] D: freq1 0.2 17604
[   124.41 ] D: freq1 0.2 17604
[   124.41 ] D: freq1 0.2 17604
[   124.41 ] D: freq1 0.2 17604
[   124.43 ] D: freq1 0.2 17604
[   124.43 ] D: freq1 0.2 17604
[   124.43 ] D: freq1 0.2 17604
[   124.45 ] D: freq1 0.2 17604
[   124.45 ] D: freq1 0.2 17604
[   124.45 ] D: freq1 0.2 17604
[   124.47 ] D: freq1 0.2 17604
[   124.47 ] D: freq1 0.2 17604
[   124.47 ] D: freq1 0.2 17604
[   124.48 ] D: freq1 0.2 17604
[   124.48 ] D: freq1 0.2 17604
[   124.48 ] D: freq1 0.2 17604
[   124.50 ] D: freq1 0.2 17604
[   124.50 ] D: freq1 0.2 17604
[   124.50 ] D: freq1 0.2 17604
[   124.52 ] D: freq1 0.2 17604
[   124.52 ] D: freq1 0.2 17604
[   124.52 ] D: freq1 0.2 17604
[   124.54 ] D: freq1 0.2 17604
[   124.54 ] D: freq1 0.2 17604
[   124.54 ] D: freq1 0.2 17604
[   124.55 ] D: freq1 0.2 17604
[   124.55 ] D: freq1 0.2 17604
[   124.55 ] D: freq1 0.2 17604
[   124.57 ] D: freq1 0.2 17604
[   124.57 ] D: freq1 0.2 17604
[   124.57 ] D: freq1 0.2 17604
[   124.59 ] D: freq1 0.2 17604
[   124.59 ] D: freq1 0.2 17604
[   124.59 ] D: freq1 0.2 17604
[   124.61 ] D: freq1 0.2 17604
[   124.61 ] D: freq1 0.2 17604
[   124.61 ] D: freq1 0.2 17604
[   124.62 ] D: freq1 0.2 17604
[   124.62 ] D: freq1 0.2 17604
[   124.62 ] D: freq1 0.2 17604
[   124.64 ] D: freq1 0.2 17604
[   124.64 ] D: freq1 0.2 17604
[   124.64 ] D: freq1 0.2 17604
[   124.66 ] D: freq1 0.2 17604
[   124.66 ] D: freq1 0.2 17604
[   124.66 ] D: freq1 0.2 17604
[   124.68 ] D: freq1 0.2 17604
[   124.68 ] D: freq1 0.2 17604
[   124.68 ] D: freq1 0.2 17604
[   124.69 ] D: freq1 0.2 17604
[   124.69 ] D: freq1 0.2 17604
[   124.69 ] D: freq1 0.2 17604
[   124.71 ] D: freq1 0.2 17604
[   124.71 ] D: freq1 0.2 17604
[   124.71 ] D: freq1 0.2 17604
[   124.73 ] D: freq1 0.2 17604
[   124.73 ] D: freq1 0.2 17604
[   124.73 ] D: freq1 0.2 17604
[   124.75 ] D: freq1 0.2 17604
[   124.75 ] D: freq1 0.2 17604
[   124.75 ] D: freq1 0.2 17604
[   124.76 ] D: freq1 0.2 17604
[   124.76 ] D: freq1 0.2 17604
[   124.76 ] D: freq1 0.2 17604
[   124.78 ] D: freq1 0.2 17604
[   124.78 ] D: freq1 0.2 17604
[   124.78 ] D: freq1 0.2 17604
[   124.80 ] D: freq1 0.2 17604
[   124.80 ] D: freq1 0.2 17604
[   124.80 ] D: freq1 0.2 17604
[   124.82 ] D: freq1 0.2 17604
[   124.82 ] D: freq1 0.2 17604
[   124.82 ] D: freq1 0.2 17604
[   124.83 ] D: freq1 0.2 17604
[   124.83 ] D: freq1 0.2 17604
[   124.83 ] D: freq1 0.2 17604
[   124.85 ] D: freq1 0.2 17604
[   124.85 ] D: freq1 0.2 17604
[   124.85 ] D: AsyncFileReader 1 6
[   124.85 ] D: freq1 0.2 17604
[   124.87 ] D: freq1 0.2 17604
[   124.87 ] D: freq1 0.2 17604
[   124.87 ] D: freq1 0.2 17604
[   124.88 ] D: freq1 0.2 17604
[   124.88 ] D: freq1 0.200242 17598.7
[   124.88 ] D: freq1 0.200758 17587.3
[   124.90 ] D: freq1 0.201274 17576
[   124.90 ] D: freq1 0.20179 17564.7
[   124.90 ] D: freq1 0.202306 17553.3
[   124.92 ] D: freq1 0.202822 17542
[   124.92 ] D: freq1 0.203338 17530.6
[   124.92 ] D: freq1 0.203854 17519.3
[   124.94 ] D: freq1 0.20437 17508
[   124.94 ] D: freq1 0.204886 17496.6
[   124.94 ] D: freq1 0.205402 17485.3
[   124.95 ] D: freq1 0.205918 17473.9
[   124.95 ] D: freq1 0.206434 17462.6
[   124.95 ] D: freq1 0.20695 17451.2
[   124.97 ] D: freq1 0.207466 17439.9
[   124.97 ] D: freq1 0.207982 17428.6
[   124.97 ] D: freq1 0.208498 17417.2
[   124.99 ] D: freq1 0.209014 17405.9
[   124.99 ] D: freq1 0.20953 17394.5
[   124.99 ] D: freq1 0.210046 17383.2
[   125.01 ] D: freq1 0.210562 17371.9
[   125.01 ] D: freq1 0.211078 17360.5
[   125.01 ] D: freq1 0.211594 17349.2
[   125.02 ] D: freq1 0.21211 17337.8
[   125.02 ] D: freq1 0.212626 17326.5
[   125.02 ] D: freq1 0.213142 17315.1
[   125.04 ] D: freq1 0.213658 17303.8
[   125.04 ] D: freq1 0.214174 17292.5
[   125.04 ] D: freq1 0.21469 17281.1
[   125.06 ] D: freq1 0.215206 17269.8
[   125.06 ] D: freq1 0.215722 17258.4
[   125.06 ] D: freq1 0.216238 17247.1
[   125.08 ] D: freq1 0.216754 17235.8
[   125.08 ] D: freq1 0.21727 17224.4
[   125.08 ] D: freq1 0.217786 17213.1
[   125.09 ] D: freq1 0.218302 17201.7
[   125.09 ] D: freq1 0.218818 17190.4
[   125.09 ] D: freq1 0.219334 17179
[   125.11 ] D: freq1 0.21985 17167.7
[   125.11 ] D: freq1 0.220366 17156.4
[   125.11 ] D: freq1 0.220882 17145
[   125.13 ] D: freq1 0.221398 17133.7
[   125.13 ] D: freq1 0.221914 17122.3
[   125.13 ] D: freq1 0.22243 17111
[   125.15 ] D: freq1 0.222946 17099.7
[   125.15 ] D: freq1 0.223462 17088.3
[   125.15 ] D: freq1 0.223978 17077
[   125.16 ] D: freq1 0.224494 17065.6
[   125.16 ] D: freq1 0.22501 17054.3
[   125.16 ] D: freq1 0.225526 17042.9
[   125.18 ] D: freq1 0.226042 17031.6
[   125.18 ] D: freq1 0.226558 17020.3
[   125.18 ] D: freq1 0.227074 17008.9
[   125.20 ] D: freq1 0.22759 16997.6
[   125.20 ] D: freq1 0.228106 16986.2
[   125.20 ] D: freq1 0.228622 16974.9
[   125.22 ] D: freq1 0.229138 16963.6
[   125.22 ] D: freq1 0.229654 16952.2
[   125.22 ] D: freq1 0.23017 16940.9
[   125.23 ] D: freq1 0.230686 16929.5
[   125.23 ] D: freq1 0.231202 16918.2
[   125.23 ] D: freq1 0.231718 16906.8
[   125.25 ] D: freq1 0.232234 16895.5
[   125.25 ] D: freq1 0.23275 16884.2
[   125.25 ] D: freq1 0.233266 16872.8
[   125.27 ] D: freq1 0.233782 16861.5
[   125.27 ] D: freq1 0.234298 16850.1
[   125.27 ] D: freq1 0.234814 16838.8
[   125.29 ] D: freq1 0.23533 16827.5
[   125.29 ] D: freq1 0.235846 16816.1
[   125.29 ] D: freq1 0.236362 16804.8
[   125.30 ] D: freq1 0.236878 16793.4
[   125.30 ] D: freq1 0.237394 16782.1
[   125.30 ] D: freq1 0.23791 16770.7
[   125.32 ] D: freq1 0.238426 16759.4
[   125.32 ] D: freq1 0.238942 16748.1
[   125.32 ] D: freq1 0.239458 16736.7
[   125.34 ] D: freq1 0.239974 16725.4
[   125.34 ] D: freq1 0.24049 16714
[   125.34 ] D: freq1 0.241006 16702.7
[   125.36 ] D: freq1 0.241522 16691.4
[   125.36 ] D: freq1 0.242038 16680
[   125.36 ] D: freq1 0.242554 16668.7
[   125.37 ] D: freq1 0.24307 16657.3
[   125.37 ] D: freq1 0.243586 16646
[   125.37 ] D: freq1 0.244102 16634.6
[   125.39 ] D: freq1 0.244618 16623.3
[   125.39 ] D: freq1 0.245134 16612
[   125.39 ] D: freq1 0.24565 16600.6
[   125.41 ] D: freq1 0.246166 16589.3
[   125.41 ] D: freq1 0.246682 16577.9
[   125.41 ] D: freq1 0.247198 16566.6
[   125.42 ] D: freq1 0.247714 16555.3
[   125.42 ] D: freq1 0.24823 16543.9
[   125.42 ] D: freq1 0.248746 16532.6
[   125.44 ] D: freq1 0.249262 16521.2
[   125.44 ] D: freq1 0.249778 16509.9
[   125.44 ] D: freq1 0.250294 16498.5
[   125.46 ] D: freq1 0.25081 16487.2
[   125.46 ] D: freq1 0.251326 16475.9
[   125.46 ] D: freq1 0.251842 16464.5
[   125.48 ] D: freq1 0.252358 16453.2
[   125.48 ] D: freq1 0.252874 16441.8
[   125.48 ] D: freq1 0.25339 16430.5
[   125.49 ] D: freq1 0.253906 16419.2
[   125.49 ] D: freq1 0.254422 16407.8
[   125.49 ] D: freq1 0.254938 16396.5
[   125.51 ] D: freq1 0.255454 16385.1
[   125.51 ] D: freq1 0.25597 16373.8
[   125.51 ] D: freq1 0.256486 16362.4
[   125.53 ] D: freq1 0.257002 16351.1
[   125.53 ] D: freq1 0.257518 16339.8
[   125.54 ] D: freq1 0.258034 16328.4
[   125.55 ] D: freq1 0.25855 16317.1
[   125.55 ] D: freq1 0.259066 16305.7
[   125.55 ] D: freq1 0.259582 16294.4
[   125.56 ] D: freq1 0.260098 16283.1
[   125.56 ] D: freq1 0.260614 16271.7
[   125.56 ] D: freq1 0.26113 16260.4
[   125.58 ] D: freq1 0.261646 16249
[   125.58 ] D: freq1 0.262162 16237.7
[   125.58 ] D: freq1 0.262678 16226.3
[   125.60 ] D: freq1 0.263194 16215
[   125.60 ] D: freq1 0.26371 16203.7
[   125.61 ] D: freq1 0.264226 16192.3
[   125.62 ] D: freq1 0.264742 16181
[   125.62 ] D: freq1 0.265258 16169.6
[   125.62 ] D: freq1 0.265774 16158.3
[   125.63 ] D: freq1 0.26629 16147
[   125.63 ] D: freq1 0.266806 16135.6
[   125.63 ] D: freq1 0.267322 16124.3
[   125.65 ] D: freq1 0.267838 16112.9
[   125.65 ] D: freq1 0.268354 16101.6
[   125.65 ] D: freq1 0.26887 16090.2
[   125.67 ] D: freq1 0.269386 16078.9
[   125.67 ] D: freq1 0.269902 16067.6
[   125.68 ] D: freq1 0.270418 16056.2
[   125.69 ] D: freq1 0.270934 16044.9
[   125.69 ] D: freq1 0.27145 16033.5
[   125.69 ] D: freq1 0.271966 16022.2
[   125.70 ] D: freq1 0.272482 16010.9
[   125.70 ] D: freq1 0.272998 15999.5
[   125.70 ] D: freq1 0.273514 15988.2
[   125.72 ] D: freq1 0.27403 15976.8
[   125.72 ] D: freq1 0.274546 15965.5
[   125.72 ] D: freq1 0.275062 15954.1
[   125.74 ] D: freq1 0.275578 15942.8
[   125.74 ] D: freq1 0.276094 15931.5
[   125.75 ] D: freq1 0.27661 15920.1
[   125.76 ] D: freq1 0.277126 15908.8
[   125.76 ] D: freq1 0.277642 15897.4
[   125.76 ] D: freq1 0.278158 15886.1
[   125.77 ] D: freq1 0.278674 15874.8
[   125.77 ] D: freq1 0.27919 15863.4
[   125.77 ] D: freq1 0.279706 15852.1
[   125.79 ] D: freq1 0.280222 15840.7
[   125.79 ] D: freq1 0.280738 15829.4
[   125.79 ] D: freq1 0.281254 15818
[   125.81 ] D: freq1 0.28177 15806.7
[   125.81 ] D: freq1 0.282286 15795.4
[   125.82 ] D: freq1 0.282802 15784
[   125.83 ] D: freq1 0.283318 15772.7
[   125.83 ] D: freq1 0.283834 15761.3
[   125.83 ] D: freq1 0.28435 15750
[   125.84 ] D: freq1 0.284866 15738.7
[   125.84 ] D: freq1 0.285382 15727.3
[   125.84 ] D: freq1 0.285898 15716
[   125.86 ] D: freq1 0.286414 15704.6
[   125.86 ] D: freq1 0.28693 15693.3
[   125.86 ] D: freq1 0.287446 15681.9
[   125.88 ] D: freq1 0.287962 15670.6
[   125.88 ] D: freq1 0.288478 15659.3
[   125.89 ] D: freq1 0.288994 15647.9
[   125.90 ] D: freq1 0.28951 15636.6
[   125.90 ] D: freq1 0.290026 15625.2
[   125.90 ] D: freq1 0.290542 15613.9
[   125.91 ] D: freq1 0.291058 15602.6
[   125.91 ] D: freq1 0.291574 15591.2
[   125.91 ] D: freq1 0.29209 15579.9
[   125.93 ] D: freq1 0.292606 15568.5
[   125.93 ] D: freq1 0.293122 15557.2
[   125.93 ] D: freq1 0.293638 15545.8
[   125.95 ] D: freq1 0.294154 15534.5
[   125.95 ] D: freq1 0.29467 15523.2
[   125.96 ] D: freq1 0.295186 15511.8
[   125.96 ] D: freq1 0.295702 15500.5
[   125.96 ] D: freq1 0.296218 15489.1
[   125.96 ] D: freq1 0.296734 15477.8
[   125.98 ] D: freq1 0.29725 15466.5
[   125.98 ] D: freq1 0.297766 15455.1
[   125.98 ] D: freq1 0.298282 15443.8
[   126.00 ] D: freq1 0.298798 15432.4
[   126.00 ] D: freq1 0.299314 15421.1
[   126.00 ] D: freq1 0.29983 15409.7
[   126.02 ] D: freq1 0.300346 15398.4
[   126.02 ] D: freq1 0.300862 15387.1
[   126.03 ] D: freq1 0.301378 15375.7
[   126.03 ] D: freq1 0.301894 15364.4
[   126.03 ] D: freq1 0.30241 15353
[   126.03 ] D: freq1 0.302926 15341.7
[   126.05 ] D: freq1 0.303442 15330.4
[   126.05 ] D: freq1 0.303958 15319
[   126.05 ] D: freq1 0.304474 15307.7
[   126.07 ] D: freq1 0.30499 15296.3
[   126.07 ] D: freq1 0.305506 15285
[   126.07 ] D: freq1 0.306022 15273.6
[   126.09 ] D: freq1 0.306538 15262.3
[   126.09 ] D: freq1 0.307054 15251
[   126.10 ] D: freq1 0.30757 15239.6
[   126.10 ] D: freq1 0.308086 15228.3
[   126.10 ] D: freq1 0.308602 15216.9
[   126.10 ] D: freq1 0.309118 15205.6
[   126.12 ] D: freq1 0.309634 15194.3
[   126.12 ] D: freq1 0.31015 15182.9
[   126.12 ] D: freq1 0.310666 15171.6
[   126.14 ] D: freq1 0.311182 15160.2
[   126.14 ] D: freq1 0.311698 15148.9
[   126.14 ] D: freq1 0.312214 15137.5
[   126.16 ] D: freq1 0.31273 15126.2
[   126.16 ] D: freq1 0.313246 15114.9
[   126.16 ] D: freq1 0.313762 15103.5
[   126.17 ] D: freq1 0.314278 15092.2
[   126.17 ] D: freq1 0.314794 15080.8
[   126.17 ] D: freq1 0.31531 15069.5
[   126.19 ] D: freq1 0.315826 15058.2
[   126.19 ] D: freq1 0.316342 15046.8
[   126.19 ] D: freq1 0.316858 15035.5
[   126.21 ] D: freq1 0.317374 15024.1
[   126.21 ] D: freq1 0.31789 15012.8
[   126.21 ] D: freq1 0.318406 15001.4
[   126.23 ] D: freq1 0.318922 14990.1
[   126.23 ] D: freq1 0.319438 14978.8
[   126.24 ] D: freq1 0.319954 14967.4
[   126.24 ] D: freq1 0.32047 14956.1
[   126.24 ] D: freq1 0.320986 14944.7
[   126.24 ] D: freq1 0.321502 14933.4
[   126.26 ] D: freq1 0.322018 14922.1
[   126.26 ] D: freq1 0.322534 14910.7
[   126.26 ] D: freq1 0.32305 14899.4
[   126.28 ] D: freq1 0.323566 14888
[   126.28 ] D: freq1 0.324082 14876.7
[   126.28 ] D: freq1 0.324598 14865.3
[   126.30 ] D: freq1 0.325114 14854
[   126.30 ] D: freq1 0.32563 14842.7
[   126.31 ] D: freq1 0.326146 14831.3
[   126.31 ] D: freq1 0.326662 14820
[   126.31 ] D: freq1 0.327178 14808.6
[   126.31 ] D: freq1 0.327694 14797.3
[   126.33 ] D: freq1 0.32821 14786
[   126.33 ] D: freq1 0.328726 14774.6
[   126.33 ] D: freq1 0.329242 14763.3
[   126.35 ] D: AsyncFileReader 2 7
[   126.35 ] D: freq1 0.329758 14751.9
[   126.35 ] D: freq1 0.330274 14740.6
[   126.35 ] D: freq1 0.33079 14729.2
[   126.37 ] D: freq1 0.331306 14717.9
[   126.37 ] D: freq1 0.331822 14706.6
[   126.37 ] D: freq1 0.332338 14695.2
[   126.38 ] D: freq1 0.332854 14683.9
[   126.38 ] D: freq1 0.33337 14672.5
[   126.38 ] D: freq1 0.333886 14661.2
[   126.40 ] D: freq1 0.334402 14649.9
[   126.40 ] D: freq1 0.334918 14638.5
[   126.40 ] D: freq1 0.335434 14627.2
[   126.42 ] D: freq1 0.33595 14615.8
[   126.42 ] D: freq1 0.336466 14604.5
[   126.42 ] D: freq1 0.336982 14593.1
[   126.43 ] D: freq1 0.337498 14581.8
[   126.43 ] D: freq1 0.338014 14570.5
[   126.43 ] D: freq1 0.33853 14559.1
[   126.45 ] D: freq1 0.339046 14547.8
[   126.45 ] D: freq1 0.339562 14536.4
[   126.45 ] D: freq1 0.340078 14525.1
[   126.47 ] D: freq1 0.340594 14513.8
[   126.47 ] D: freq1 0.34111 14502.4
[   126.47 ] D: freq1 0.341626 14491.1
[   126.49 ] D: freq1 0.342142 14479.7
[   126.49 ] D: freq1 0.342658 14468.4
[   126.49 ] D: freq1 0.343174 14457
[   126.50 ] D: freq1 0.34369 14445.7
[   126.50 ] D: freq1 0.344206 14434.4
[   126.50 ] D: freq1 0.344722 14423
[   126.52 ] D: freq1 0.345238 14411.7
[   126.52 ] D: freq1 0.345754 14400.3
[   126.52 ] D: freq1 0.34627 14389
[   126.54 ] D: freq1 0.346786 14377.7
[   126.54 ] D: freq1 0.347302 14366.3
[   126.54 ] D: freq1 0.347818 14355
[   126.56 ] D: freq1 0.348334 14343.6
[   126.56 ] D: freq1 0.34885 14332.3
[   126.56 ] D: freq1 0.349366 14320.9
[   126.57 ] D: freq1 0.349882 14309.6
[   126.57 ] D: freq1 0.350398 14298.3
[   126.57 ] D: freq1 0.350914 14286.9
[   126.59 ] D: freq1 0.35143 14275.6
[   126.59 ] D: freq1 0.351946 14264.2
[   126.59 ] D: freq1 0.352462 14252.9
[   126.61 ] D: freq1 0.352978 14241.6
[   126.61 ] D: freq1 0.353494 14230.2
[   126.61 ] D: freq1 0.35401 14218.9
[   126.63 ] D: freq1 0.354526 14207.5
[   126.63 ] D: freq1 0.355042 14196.2
[   126.63 ] D: freq1 0.355558 14184.8
[   126.64 ] D: freq1 0.356074 14173.5
[   126.64 ] D: freq1 0.35659 14162.2
[   126.64 ] D: freq1 0.357106 14150.8
[   126.66 ] D: freq1 0.357622 14139.5
[   126.66 ] D: freq1 0.358138 14128.1
[   126.66 ] D: freq1 0.358654 14116.8
[   126.68 ] D: freq1 0.35917 14105.5
[   126.68 ] D: freq1 0.359686 14094.1
[   126.68 ] D: freq1 0.360202 14082.8
[   126.70 ] D: freq1 0.360718 14071.4
[   126.70 ] D: freq1 0.361234 14060.1
[   126.70 ] D: freq1 0.36175 14048.7
[   126.71 ] D: freq1 0.362266 14037.4
[   126.71 ] D: freq1 0.362782 14026.1
[   126.71 ] D: freq1 0.363298 14014.7
[   126.73 ] D: freq1 0.363814 14003.4
[   126.73 ] D: freq1 0.36433 13992
[   126.73 ] D: freq1 0.364846 13980.7
[   126.75 ] D: freq1 0.365362 13969.4
[   126.75 ] D: freq1 0.365878 13958
[   126.75 ] D: freq1 0.366394 13946.7
[   126.77 ] D: freq1 0.36691 13935.3
[   126.77 ] D: freq1 0.367426 13924
[   126.77 ] D: freq1 0.367942 13912.6
[   126.78 ] D: freq1 0.368458 13901.3
[   126.78 ] D: freq1 0.368974 13890
[   126.79 ] D: freq1 0.36949 13878.6
[   126.80 ] D: freq1 0.370006 13867.3
[   126.80 ] D: freq1 0.370522 13855.9
[   126.80 ] D: freq1 0.371038 13844.6
[   126.82 ] D: freq1 0.371554 13833.3
[   126.82 ] D: freq1 0.37207 13821.9
[   126.82 ] D: freq1 0.372586 13810.6
[   126.84 ] D: freq1 0.373102 13799.2
[   126.84 ] D: freq1 0.373618 13787.9
[   126.84 ] D: freq1 0.374134 13776.5
[   126.85 ] D: freq1 0.37465 13765.2
[   126.85 ] D: freq1 0.375166 13753.9
[   126.86 ] D: freq1 0.375682 13742.5
[   126.87 ] D: freq1 0.376198 13731.2
[   126.87 ] D: freq1 0.376714 13719.8
[   126.87 ] D: freq1 0.37723 13708.5
[   126.89 ] D: freq1 0.377746 13697.2
[   126.89 ] D: freq1 0.378262 13685.8
[   126.89 ] D: freq1 0.378778 13674.5
[   126.91 ] D: freq1 0.379294 13663.1
[   126.91 ] D: freq1 0.37981 13651.8
[   126.91 ] D: freq1 0.380326 13640.4
[   126.92 ] D: freq1 0.380842 13629.1
[   126.92 ] D: freq1 0.381358 13617.8
[   126.93 ] D: freq1 0.381874 13606.4
[   126.94 ] D: freq1 0.38239 13595.1
[   126.94 ] D: freq1 0.382906 13583.7
[   126.94 ] D: freq1 0.383422 13572.4
[   126.96 ] D: freq1 0.383938 13561.1
[   126.96 ] D: freq1 0.384454 13549.7
[   126.96 ] D: freq1 0.38497 13538.4
[   126.97 ] D: freq1 0.385486 13527
[   126.97 ] D: freq1 0.386001 13515.7
[   126.97 ] D: freq1 0.386518 13504.3
[   126.99 ] D: freq1 0.387034 13493
[   126.99 ] D: freq1 0.38755 13481.7
[   127.00 ] D: freq1 0.388066 13470.3
[   127.01 ] D: freq1 0.388582 13459
[   127.01 ] D: freq1 0.389098 13447.6
[   127.01 ] D: freq1 0.389614 13436.3
[   127.03 ] D: freq1 0.39013 13425
[   127.03 ] D: freq1 0.390646 13413.6
[   127.03 ] D: freq1 0.391162 13402.3
[   127.04 ] D: freq1 0.391677 13390.9
[   127.04 ] D: freq1 0.392193 13379.6
[   127.04 ] D: freq1 0.392709 13368.2
[   127.06 ] D: freq1 0.393225 13356.9
[   127.06 ] D: freq1 0.393741 13345.6
[   127.07 ] D: freq1 0.394257 13334.2
[   127.08 ] D: freq1 0.394773 13322.9
[   127.08 ] D: freq1 0.395289 13311.5
[   127.08 ] D: freq1 0.395805 13300.2
[   127.10 ] D: freq1 0.396322 13288.9
[   127.10 ] D: freq1 0.396838 13277.5
[   127.10 ] D: freq1 0.397354 13266.2
[   127.11 ] D: freq1 0.397869 13254.8
[   127.11 ] D: freq1 0.398385 13243.5
[   127.11 ] D: freq1 0.398901 13232.1
[   127.13 ] D: freq1 0.399417 13220.8
[   127.13 ] D: freq1 0.399933 13209.5
[   127.14 ] D: freq1 0.400449 13198.1
[   127.15 ] D: freq1 0.400965 13186.8
[   127.15 ] D: freq1 0.401481 13175.4
[   127.15 ] D: freq1 0.401997 13164.1
[   127.17 ] D: freq1 0.402513 13152.8
[   127.17 ] D: freq1 0.403029 13141.4
[   127.17 ] D: freq1 0.403545 13130.1
[   127.18 ] D: freq1 0.404061 13118.7
[   127.18 ] D: freq1 0.404577 13107.4
[   127.18 ] D: freq1 0.405093 13096
[   127.20 ] D: freq1 0.405609 13084.7
[   127.20 ] D: freq1 0.406125 13073.4
[   127.21 ] D: freq1 0.406641 13062
[   127.22 ] D: freq1 0.407157 13050.7
[   127.22 ] D: freq1 0.407673 13039.3
[   127.22 ] D: freq1 0.408189 13028
[   127.24 ] D: freq1 0.408705 13016.7
[   127.24 ] D: freq1 0.409221 13005.3
[   127.24 ] D: freq1 0.409737 12994
[   127.25 ] D: freq1 0.410253 12982.6
[   127.25 ] D: freq1 0.410769 12971.3
[   127.25 ] D: freq1 0.411285 12959.9
[   127.27 ] D: freq1 0.411801 12948.6
[   127.27 ] D: freq1 0.412317 12937.3
[   127.28 ] D: freq1 0.412833 12925.9
[   127.29 ] D: freq1 0.413349 12914.6
[   127.29 ] D: freq1 0.413865 12903.2
[   127.29 ] D: freq1 0.414381 12891.9
[   127.31 ] D: freq1 0.414897 12880.6
[   127.31 ] D: freq1 0.415413 12869.2
[   127.31 ] D: freq1 0.415929 12857.9
[   127.32 ] D: freq1 0.416445 12846.5
[   127.32 ] D: freq1 0.416961 12835.2
[   127.32 ] D: freq1 0.417477 12823.8
[   127.34 ] D: freq1 0.417993 12812.5
[   127.34 ] D: freq1 0.418509 12801.2
[   127.35 ] D: freq1 0.419025 12789.8
[   127.36 ] D: freq1 0.419541 12778.5
[   127.36 ] D: freq1 0.420057 12767.1
[   127.36 ] D: freq1 0.420573 12755.8
[   127.38 ] D: freq1 0.421089 12744.5
[   127.38 ] D: freq1 0.421605 12733.1
[   127.38 ] D: freq1 0.422121 12721.8
[   127.39 ] D: freq1 0.422637 12710.4
[   127.39 ] D: freq1 0.423153 12699.1
[   127.39 ] D: freq1 0.423669 12687.7
[   127.41 ] D: freq1 0.424185 12676.4
[   127.41 ] D: freq1 0.424701 12665.1
[   127.42 ] D: freq1 0.425217 12653.7
[   127.43 ] D: freq1 0.425733 12642.4
[   127.43 ] D: freq1 0.426249 12631
[   127.43 ] D: freq1 0.426765 12619.7
[   127.44 ] D: freq1 0.427281 12608.4
[   127.44 ] D: freq1 0.427797 12597
[   127.44 ] D: freq1 0.428313 12585.7
[   127.46 ] D: freq1 0.428829 12574.3
[   127.46 ] D: freq1 0.429345 12563
[   127.46 ] D: freq1 0.429861 12551.6
[   127.48 ] D: freq1 0.430377 12540.3
[   127.48 ] D: freq1 0.430893 12529
[   127.49 ] D: freq1 0.431409 12517.6
[   127.50 ] D: freq1 0.431925 12506.3
[   127.50 ] D: freq1 0.432441 12494.9
[   127.50 ] D: freq1 0.432957 12483.6
[   127.51 ] D: freq1 0.433473 12472.3
[   127.51 ] D: freq1 0.433989 12460.9
[   127.51 ] D: freq1 0.434505 12449.6
[   127.53 ] D: freq1 0.435021 12438.2
[   127.53 ] D: freq1 0.435537 12426.9
[   127.53 ] D: freq1 0.436053 12415.5
[   127.55 ] D: freq1 0.436569 12404.2
[   127.55 ] D: freq1 0.437085 12392.9
[   127.56 ] D: freq1 0.437601 12381.5
[   127.57 ] D: freq1 0.438117 12370.2
[   127.57 ] D: freq1 0.438633 12358.8
[   127.57 ] D: freq1 0.439149 12347.5
[   127.58 ] D: freq1 0.439665 12336.2
[   127.58 ] D: freq1 0.440181 12324.8
[   127.58 ] D: freq1 0.440697 12313.5
[   127.60 ] D: freq1 0.441213 12302.1
[   127.60 ] D: freq1 0.441729 12290.8
[   127.60 ] D: freq1 0.442245 12279.4
[   127.62 ] D: freq1 0.442761 12268.1
[   127.62 ] D: freq1 0.443277 12256.8
[   127.62 ] D: freq1 0.443793 12245.4
[   127.64 ] D: freq1 0.444309 12234.1
[   127.64 ] D: freq1 0.444825 12222.7
[   127.64 ] D: freq1 0.445341 12211.4
[   127.65 ] D: freq1 0.445857 12200.1
[   127.65 ] D: freq1 0.446373 12188.7
[   127.65 ] D: freq1 0.446889 12177.4
[   127.67 ] D: freq1 0.447405 12166
[   127.67 ] D: freq1 0.447921 12154.7
[   127.67 ] D: freq1 0.448437 12143.3
[   127.69 ] D: freq1 0.448953 12132
[   127.69 ] D: freq1 0.449469 12120.7
[   127.69 ] D: freq1 0.449985 12109.3
[   127.71 ] D: freq1 0.450501 12098
[   127.71 ] D: freq1 0.451017 12086.6
[   127.71 ] D: freq1 0.451533 12075.3
[   127.72 ] D: freq1 0.452049 12064
[   127.72 ] D: freq1 0.452565 12052.6
[   127.72 ] D: freq1 0.453081 12041.3
[   127.74 ] D: freq1 0.453597 12029.9
[   127.74 ] D: freq1 0.454113 12018.6
[   127.74 ] D: freq1 0.454629 12007.2
[   127.76 ] D: freq1 0.455145 11995.9
[   127.76 ] D: freq1 0.455661 11984.6
[   127.76 ] D: freq1 0.456177 11973.2
[   127.78 ] D: freq1 0.456693 11961.9
[   127.78 ] D: freq1 0.457209 11950.5
[   127.78 ] D: freq1 0.457725 11939.2
[   127.79 ] D: freq1 0.458241 11927.9
[   127.79 ] D: freq1 0.458757 11916.5
[   127.79 ] D: freq1 0.459273 11905.2
[   127.81 ] D: freq1 0.459789 11893.8
[   127.81 ] D: freq1 0.460305 11882.5
[   127.81 ] D: freq1 0.460821 11871.1
[   127.83 ] D: freq1 0.461337 11859.8
[   127.83 ] D: AsyncFileReader 3 8
[   127.83 ] D: freq1 0.461853 11848.5
[   127.83 ] D: freq1 0.462369 11837.1
[   127.85 ] D: freq1 0.462885 11825.8
[   127.85 ] D: freq1 0.463401 11814.4
[   127.85 ] D: freq1 0.463917 11803.1
[   127.86 ] D: freq1 0.464433 11791.8
[   127.86 ] D: freq1 0.464949 11780.4
[   127.86 ] D: freq1 0.465465 11769.1
[   127.88 ] D: freq1 0.465981 11757.7
[   127.88 ] D: freq1 0.466497 11746.4
[   127.88 ] D: freq1 0.467013 11735
[   127.90 ] D: freq1 0.467529 11723.7
[   127.90 ] D: freq1 0.468045 11712.4
[   127.90 ] D: freq1 0.468561 11701
[   127.92 ] D: freq1 0.469077 11689.7
[   127.92 ] D: freq1 0.469593 11678.3
[   127.92 ] D: freq1 0.470109 11667
[   127.93 ] D: freq1 0.470625 11655.7
[   127.93 ] D: freq1 0.471141 11644.3
[   127.93 ] D: freq1 0.471657 11633
[   127.95 ] D: freq1 0.472173 11621.6
[   127.95 ] D: freq1 0.472689 11610.3
[   127.95 ] D: freq1 0.473205 11598.9
[   127.97 ] D: freq1 0.473721 11587.6
[   127.97 ] D: freq1 0.474237 11576.3
[   127.97 ] D: freq1 0.474753 11564.9
[   127.98 ] D: freq1 0.475269 11553.6
[   127.98 ] D: freq1 0.475785 11542.2
[   127.98 ] D: freq1 0.476301 11530.9
[   128.00 ] D: freq1 0.476817 11519.6
[   128.00 ] D: freq1 0.477333 11508.2
[   128.00 ] D: freq1 0.477849 11496.9
[   128.02 ] D: freq1 0.478365 11485.5
[   128.02 ] D: freq1 0.478881 11474.2
[   128.02 ] D: freq1 0.479397 11462.8
[   128.04 ] D: freq1 0.479913 11451.5
[   128.04 ] D: freq1 0.480429 11440.2
[   128.04 ] D: freq1 0.480945 11428.8
[   128.05 ] D: freq1 0.481461 11417.5
[   128.05 ] D: freq1 0.481977 11406.1
[   128.05 ] D: freq1 0.482493 11394.8
[   128.07 ] D: freq1 0.483009 11383.5
[   128.07 ] D: freq1 0.483525 11372.1
[   128.07 ] D: freq1 0.484041 11360.8
[   128.09 ] D: freq1 0.484557 11349.4
[   128.09 ] D: freq1 0.485073 11338.1
[   128.09 ] D: freq1 0.485589 11326.7
[   128.11 ] D: freq1 0.486105 11315.4
[   128.11 ] D: freq1 0.486621 11304.1
[   128.12 ] D: freq1 0.487137 11292.7
[   128.12 ] D: freq1 0.487653 11281.4
[   128.12 ] D: freq1 0.488169 11270
[   128.12 ] D: freq1 0.488685 11258.7
[   128.14 ] D: freq1 0.489201 11247.4
[   128.14 ] D: freq1 0.489717 11236
[   128.14 ] D: freq1 0.490233 11224.7
[   128.16 ] D: freq1 0.490749 11213.3
[   128.16 ] D: freq1 0.491265 11202
[   128.16 ] D: freq1 0.491781 11190.6
[   128.18 ] D: freq1 0.492297 11179.3
[   128.18 ] D: freq1 0.492813 11168
[   128.18 ] D: freq1 0.493329 11156.6
[   128.19 ] D: freq1 0.493845 11145.3
[   128.19 ] D: freq1 0.494361 11133.9
[   128.19 ] D: freq1 0.494877 11122.6
[   128.21 ] D: freq1 0.495393 11111.3
[   128.21 ] D: freq1 0.495909 11099.9
[   128.21 ] D: freq1 0.496425 11088.6
[   128.23 ] D: freq1 0.496941 11077.2
[   128.23 ] D: freq1 0.497457 11065.9
[   128.23 ] D: freq1 0.497973 11054.5
[   128.25 ] D: freq1 0.498489 11043.2
[   128.25 ] D: freq1 0.499005 11031.9
[   128.26 ] D: freq1 0.499521 11020.5
[   128.26 ] D: freq1 0.500037 11009.2
[   128.26 ] D: freq1 0.500553 10997.8
[   128.26 ] D: freq1 0.501069 10986.5
[   128.28 ] D: freq1 0.501585 10975.2
[   128.28 ] D: freq1 0.502101 10963.8
[   128.28 ] D: freq1 0.502617 10952.5
[   128.30 ] D: freq1 0.503133 10941.1
[   128.30 ] D: freq1 0.503649 10929.8
[   128.30 ] D: freq1 0.504165 10918.4
[   128.32 ] D: freq1 0.504681 10907.1
[   128.32 ] D: freq1 0.505197 10895.8
[   128.32 ] D: freq1 0.505713 10884.4
[   128.33 ] D: freq1 0.506229 10873.1
[   128.33 ] D: freq1 0.506745 10861.7
[   128.33 ] D: freq1 0.507261 10850.4
[   128.35 ] D: freq1 0.507777 10839.1
[   128.35 ] D: freq1 0.508293 10827.7
[   128.35 ] D: freq1 0.508809 10816.4
[   128.37 ] D: freq1 0.509325 10805
[   128.37 ] D: freq1 0.509841 10793.7
[   128.37 ] D: freq1 0.510357 10782.3
[   128.39 ] D: freq1 0.510873 10771
[   128.39 ] D: freq1 0.511389 10759.7
[   128.40 ] D: freq1 0.511905 10748.3
[   128.40 ] D: freq1 0.512421 10737
[   128.40 ] D: freq1 0.512937 10725.6
[   128.40 ] D: freq1 0.513453 10714.3
[   128.42 ] D: freq1 0.513969 10703
[   128.42 ] D: freq1 0.514485 10691.6
[   128.42 ] D: freq1 0.515001 10680.3
[   128.44 ] D: freq1 0.515517 10668.9
[   128.44 ] D: freq1 0.516033 10657.6
[   128.44 ] D: freq1 0.516549 10646.2
[   128.46 ] D: freq1 0.517065 10634.9
[   128.46 ] D: freq1 0.517581 10623.6
[   128.46 ] D: freq1 0.518097 10612.2
[   128.47 ] D: freq1 0.518613 10600.9
[   128.47 ] D: freq1 0.519129 10589.5
[   128.47 ] D: freq1 0.519645 10578.2
[   128.49 ] D: freq1 0.520161 10566.9
[   128.49 ] D: freq1 0.520677 10555.5
[   128.49 ] D: freq1 0.521193 10544.2
[   128.51 ] D: freq1 0.521709 10532.8
[   128.51 ] D: freq1 0.522225 10521.5
[   128.51 ] D: freq1 0.522741 10510.1
[   128.52 ] D: freq1 0.523257 10498.8
[   128.52 ] D: freq1 0.523773 10487.5
[   128.52 ] D: freq1 0.524289 10476.1
[   128.54 ] D: freq1 0.524805 10464.8
[   128.54 ] D: freq1 0.525321 10453.4
[   128.54 ] D: freq1 0.525837 10442.1
[   128.56 ] D: freq1 0.526353 10430.8
[   128.56 ] D: freq1 0.526869 10419.4
[   128.56 ] D: freq1 0.527385 10408.1
[   128.58 ] D: freq1 0.527901 10396.7
[   128.58 ] D: freq1 0.528417 10385.4
[   128.58 ] D: freq1 0.528933 10374
[   128.59 ] D: freq1 0.529449 10362.7
[   128.59 ] D: freq1 0.529965 10351.4
[   128.59 ] D: freq1 0.530481 10340
[   128.61 ] D: freq1 0.530997 10328.7
[   128.61 ] D: freq1 0.531513 10317.3
[   128.61 ] D: freq1 0.532029 10306
[   128.63 ] D: freq1 0.532545 10294.7
[   128.63 ] D: freq1 0.533061 10283.3
[   128.63 ] D: freq1 0.533577 10272
[   128.65 ] D: freq1 0.534093 10260.6
[   128.65 ] D: freq1 0.534609 10249.3
[   128.65 ] D: freq1 0.535125 10237.9
[   128.66 ] D: freq1 0.535641 10226.6
[   128.66 ] D: freq1 0.536157 10215.3
[   128.66 ] D: freq1 0.536673 10203.9
[   128.68 ] D: freq1 0.537189 10192.6
[   128.68 ] D: freq1 0.537705 10181.2
[   128.68 ] D: freq1 0.538221 10169.9
[   128.70 ] D: freq1 0.538737 10158.6
[   128.70 ] D: freq1 0.539253 10147.2
[   128.70 ] D: freq1 0.539769 10135.9
[   128.72 ] D: freq1 0.540285 10124.5
[   128.72 ] D: freq1 0.540801 10113.2
[   128.72 ] D: freq1 0.541317 10101.8
[   128.73 ] D: freq1 0.541833 10090.5
[   128.73 ] D: freq1 0.542349 10079.2
[   128.74 ] D: freq1 0.542865 10067.8
[   128.75 ] D: freq1 0.543381 10056.5
[   128.75 ] D: freq1 0.543897 10045.1
[   128.75 ] D: freq1 0.544413 10033.8
[   128.77 ] D: freq1 0.544929 10022.5
[   128.77 ] D: freq1 0.545445 10011.1
[   128.77 ] D: freq1 0.545961 9999.77
[   128.79 ] D: freq1 0.546477 9988.43
[   128.79 ] D: freq1 0.546993 9977.09
[   128.79 ] D: freq1 0.547509 9965.75
[   128.80 ] D: freq1 0.548025 9954.41
[   128.80 ] D: freq1 0.548541 9943.06
[   128.80 ] D: freq1 0.549057 9931.72
[   128.82 ] D: freq1 0.549573 9920.38
[   128.82 ] D: freq1 0.550089 9909.04
[   128.82 ] D: freq1 0.550605 9897.7
[   128.84 ] D: freq1 0.551121 9886.36
[   128.84 ] D: freq1 0.551637 9875.01
[   128.84 ] D: freq1 0.552153 9863.67
[   128.86 ] D: freq1 0.552669 9852.33
[   128.86 ] D: freq1 0.553185 9840.99
[   128.86 ] D: freq1 0.553701 9829.65
[   128.87 ] D: freq1 0.554217 9818.31
[   128.87 ] D: freq1 0.554733 9806.97
[   128.88 ] D: freq1 0.555249 9795.62
[   128.89 ] D: freq1 0.555765 9784.28
[   128.89 ] D: freq1 0.556281 9772.94
[   128.89 ] D: freq1 0.556797 9761.6
[   128.91 ] D: freq1 0.557313 9750.26
[   128.91 ] D: freq1 0.557829 9738.91
[   128.91 ] D: freq1 0.558345 9727.57
[   128.93 ] D: freq1 0.558861 9716.23
[   128.93 ] D: freq1 0.559377 9704.89
[   128.93 ] D: freq1 0.559893 9693.55
[   128.94 ] D: freq1 0.560409 9682.21
[   128.94 ] D: freq1 0.560925 9670.86
[   128.95 ] D: freq1 0.561441 9659.52
[   128.96 ] D: freq1 0.561957 9648.18
[   128.96 ] D: freq1 0.562473 9636.84
[   128.96 ] D: freq1 0.562989 9625.5
[   128.98 ] D: freq1 0.563505 9614.16
[   128.98 ] D: freq1 0.564021 9602.81
[   128.98 ] D: freq1 0.564537 9591.47
[   128.99 ] D: freq1 0.565053 9580.13
[   128.99 ] D: freq1 0.565569 9568.79
[   128.99 ] D: freq1 0.566085 9557.45
[   129.01 ] D: freq1 0.566601 9546.11
[   129.01 ] D: freq1 0.567117 9534.76
[   129.01 ] D: freq1 0.567633 9523.42
[   129.03 ] D: freq1 0.568149 9512.08
[   129.03 ] D: freq1 0.568665 9500.74
[   129.03 ] D: freq1 0.569181 9489.4
[   129.05 ] D: freq1 0.569697 9478.06
[   129.05 ] D: freq1 0.570213 9466.72
[   129.05 ] D: freq1 0.570729 9455.37
[   129.06 ] D: freq1 0.571245 9444.03
[   129.06 ] D: freq1 0.571761 9432.69
[   129.06 ] D: freq1 0.572277 9421.35
[   129.08 ] D: freq1 0.572793 9410.01
[   129.08 ] D: freq1 0.573309 9398.67
[   129.09 ] D: freq1 0.573825 9387.32
[   129.10 ] D: freq1 0.574341 9375.98
[   129.10 ] D: freq1 0.574857 9364.64
[   129.10 ] D: freq1 0.575373 9353.3
[   129.12 ] D: freq1 0.575889 9341.96
[   129.12 ] D: freq1 0.576405 9330.61
[   129.12 ] D: freq1 0.576921 9319.27
[   129.13 ] D: freq1 0.577437 9307.93
[   129.13 ] D: freq1 0.577953 9296.59
[   129.13 ] D: freq1 0.578469 9285.25
[   129.15 ] D: freq1 0.578985 9273.91
[   129.15 ] D: freq1 0.579501 9262.56
[   129.15 ] D: freq1 0.580017 9251.22
[   129.17 ] D: freq1 0.580533 9239.88
[   129.17 ] D: freq1 0.581049 9228.54
[   129.17 ] D: freq1 0.581565 9217.2
[   129.19 ] D: freq1 0.582081 9205.86
[   129.19 ] D: freq1 0.582597 9194.51
[   129.19 ] D: freq1 0.583113 9183.17
[   129.20 ] D: freq1 0.583629 9171.83
[   129.20 ] D: freq1 0.584145 9160.49
[   129.20 ] D: freq1 0.584661 9149.15
[   129.22 ] D: freq1 0.585177 9137.81
[   129.22 ] D: freq1 0.585693 9126.47
[   129.23 ] D: freq1 0.586209 9115.12
[   129.24 ] D: freq1 0.586725 9103.78
[   129.24 ] D: freq1 0.587241 9092.44
[   129.24 ] D: freq1 0.587757 9081.1
[   129.26 ] D: freq1 0.588273 9069.76
[   129.26 ] D: freq1 0.588789 9058.42
[   129.26 ] D: freq1 0.589305 9047.07
[   129.27 ] D: freq1 0.589821 9035.73
[   129.27 ] D: freq1 0.590337 9024.39
[   129.27 ] D: freq1 0.590853 9013.05
[   129.29 ] D: freq1 0.591369 9001.71
[   129.29 ] D: freq1 0.591885 8990.37
[   129.29 ] D: freq1 0.592401 8979.02
[   129.31 ] D: freq1 0.592917 8967.68
[   129.31 ] D: freq1 0.593433 8956.34
[   129.31 ] D: AsyncFileReader 4 9
[   129.31 ] D: freq1 0.593949 8945
[   129.33 ] D: freq1 0.594465 8933.66
[   129.33 ] D: freq1 0.594981 8922.32
[   129.33 ] D: freq1 0.595497 8910.97
[   129.34 ] D: freq1 0.596013 8899.63
[   129.34 ] D: freq1 0.596529 8888.29
[   129.34 ] D: freq1 0.597045 8876.95
[   129.36 ] D: freq1 0.597561 8865.61
[   129.36 ] D: freq1 0.598077 8854.26
[   129.37 ] D: freq1 0.598593 8842.92
[   129.38 ] D: freq1 0.599109 8831.58
[   129.38 ] D: freq1 0.599625 8820.24
[   129.38 ] D: freq1 0.600141 8808.9
[   129.40 ] D: freq1 0.600657 8797.56
[   129.40 ] D: freq1 0.601173 8786.22
[   129.40 ] D: freq1 0.601689 8774.87
[   129.41 ] D: freq1 0.602205 8763.53
[   129.41 ] D: freq1 0.602721 8752.19
[   129.41 ] D: freq1 0.603237 8740.85
[   129.43 ] D: freq1 0.603753 8729.51
[   129.43 ] D: freq1 0.604269 8718.17
[   129.43 ] D: freq1 0.604785 8706.82
[   129.45 ] D: freq1 0.605301 8695.48
[   129.45 ] D: freq1 0.605817 8684.14
[   129.45 ] D: freq1 0.606333 8672.8
[   129.47 ] D: freq1 0.606849 8661.46
[   129.47 ] D: freq1 0.607365 8650.12
[   129.47 ] D: freq1 0.607881 8638.77
[   129.48 ] D: freq1 0.608397 8627.43
[   129.48 ] D: freq1 0.608913 8616.09
[   129.48 ] D: freq1 0.609429 8604.75
[   129.50 ] D: freq1 0.609945 8593.41
[   129.50 ] D: freq1 0.610461 8582.07
[   129.51 ] D: freq1 0.610977 8570.72
[   129.52 ] D: freq1 0.611493 8559.38
[   129.52 ] D: freq1 0.612009 8548.04
[   129.52 ] D: freq1 0.612525 8536.7
[   129.53 ] D: freq1 0.613041 8525.36
[   129.53 ] D: freq1 0.613557 8514.02
[   129.53 ] D: freq1 0.614073 8502.67
[   129.55 ] D: freq1 0.614589 8491.33
[   129.55 ] D: freq1 0.615105 8479.99
[   129.55 ] D: freq1 0.615621 8468.65
[   129.57 ] D: freq1 0.616137 8457.31
[   129.57 ] D: freq1 0.616653 8445.97
[   129.57 ] D: freq1 0.617169 8434.62
[   129.59 ] D: freq1 0.617685 8423.28
[   129.59 ] D: freq1 0.618201 8411.94
[   129.59 ] D: freq1 0.618717 8400.6
[   129.60 ] D: freq1 0.619233 8389.26
[   129.60 ] D: freq1 0.619749 8377.92
[   129.60 ] D: freq1 0.620265 8366.57
[   129.62 ] D: freq1 0.620781 8355.23
[   129.62 ] D: freq1 0.621297 8343.89
[   129.62 ] D: freq1 0.621813 8332.55
[   129.64 ] D: freq1 0.622329 8321.21
[   129.64 ] D: freq1 0.622845 8309.87
[   129.65 ] D: freq1 0.623361 8298.52
[   129.66 ] D: freq1 0.623877 8287.18
[   129.66 ] D: freq1 0.624393 8275.84
[   129.66 ] D: freq1 0.624909 8264.5
[   129.67 ] D: freq1 0.625425 8253.16
[   129.67 ] D: freq1 0.625941 8241.82
[   129.67 ] D: freq1 0.626457 8230.47
[   129.69 ] D: freq1 0.626973 8219.13
[   129.69 ] D: freq1 0.627489 8207.79
[   129.69 ] D: freq1 0.628005 8196.45
[   129.71 ] D: freq1 0.628521 8185.11
[   129.71 ] D: freq1 0.629037 8173.77
[   129.71 ] D: freq1 0.629553 8162.42
[   129.73 ] D: freq1 0.630069 8151.08
[   129.73 ] D: freq1 0.630585 8139.74
[   129.73 ] D: freq1 0.631101 8128.4
[   129.74 ] D: freq1 0.631617 8117.06
[   129.74 ] D: freq1 0.632133 8105.72
[   129.74 ] D: freq1 0.632649 8094.37
[   129.76 ] D: freq1 0.633165 8083.03
[   129.76 ] D: freq1 0.633681 8071.69
[   129.76 ] D: freq1 0.634197 8060.35
[   129.78 ] D: freq1 0.634713 8049.01
[   129.78 ] D: freq1 0.635229 8037.67
[   129.79 ] D: freq1 0.635745 8026.32
[   129.80 ] D: freq1 0.636261 8014.98
[   129.80 ] D: freq1 0.636777 8003.64
[   129.80 ] D: freq1 0.637293 7992.3
[   129.81 ] D: freq1 0.637809 7980.96
[   129.81 ] D: freq1 0.638325 7969.62
[   129.81 ] D: freq1 0.638841 7958.27
[   129.83 ] D: freq1 0.639357 7946.93
[   129.83 ] D: freq1 0.639873 7935.59
[   129.83 ] D: freq1 0.640389 7924.25
[   129.85 ] D: freq1 0.640905 7912.91
[   129.85 ] D: freq1 0.641421 7901.57
[   129.85 ] D: freq1 0.641937 7890.22
[   129.87 ] D: freq1 0.642453 7878.88
[   129.87 ] D: freq1 0.642969 7867.54
[   129.87 ] D: freq1 0.643485 7856.2
[   129.88 ] D: freq1 0.644001 7844.86
[   129.88 ] D: freq1 0.644517 7833.52
[   129.88 ] D: freq1 0.645033 7822.17
[   129.90 ] D: freq1 0.645549 7810.83
[   129.90 ] D: freq1 0.646065 7799.49
[   129.90 ] D: freq1 0.646581 7788.15
[   129.92 ] D: freq1 0.647097 7776.81
[   129.92 ] D: freq1 0.647613 7765.47
[   129.93 ] D: freq1 0.648129 7754.12
[   129.94 ] D: freq1 0.648645 7742.78
[   129.94 ] D: freq1 0.649161 7731.44
[   129.94 ] D: freq1 0.649677 7720.1
[   129.95 ] D: freq1 0.650193 7708.76
[   129.95 ] D: freq1 0.650709 7697.42
[   129.95 ] D: freq1 0.651225 7686.08
[   129.97 ] D: freq1 0.651741 7674.73
[   129.97 ] D: freq1 0.652257 7663.39
[   129.97 ] D: freq1 0.652773 7652.05
[   129.99 ] D: freq1 0.653289 7640.71
[   129.99 ] D: freq1 0.653805 7629.37
[   129.99 ] D: freq1 0.654321 7618.02
[   130.00 ] D: freq1 0.654837 7606.68
[   130.00 ] D: freq1 0.655353 7595.34
[   130.00 ] D: freq1 0.655869 7584
[   130.02 ] D: freq1 0.656385 7572.66
[   130.02 ] D: freq1 0.656901 7561.32
[   130.02 ] D: freq1 0.657417 7549.97
[   130.04 ] D: freq1 0.657933 7538.63
[   130.04 ] D: freq1 0.658449 7527.29
[   130.04 ] D: freq1 0.658965 7515.95
[   130.06 ] D: freq1 0.659481 7504.61
[   130.06 ] D: freq1 0.659997 7493.27
[   130.07 ] D: freq1 0.660513 7481.92
[   130.07 ] D: freq1 0.661029 7470.58
[   130.07 ] D: freq1 0.661545 7459.24
[   130.07 ] D: freq1 0.662061 7447.9
[   130.09 ] D: freq1 0.662577 7436.56
[   130.09 ] D: freq1 0.663093 7425.22
[   130.09 ] D: freq1 0.663609 7413.87
[   130.11 ] D: freq1 0.664125 7402.53
[   130.11 ] D: freq1 0.664641 7391.19
[   130.11 ] D: freq1 0.665157 7379.85
[   130.13 ] D: freq1 0.665673 7368.51
[   130.13 ] D: freq1 0.666189 7357.17
[   130.13 ] D: freq1 0.666705 7345.83
[   130.14 ] D: freq1 0.667221 7334.48
[   130.14 ] D: freq1 0.667737 7323.14
[   130.14 ] D: freq1 0.668253 7311.8
[   130.16 ] D: freq1 0.668769 7300.46
[   130.16 ] D: freq1 0.669285 7289.12
[   130.16 ] D: freq1 0.669801 7277.78
[   130.18 ] D: freq1 0.670317 7266.43
[   130.18 ] D: freq1 0.670833 7255.09
[   130.18 ] D: freq1 0.671349 7243.75
[   130.20 ] D: freq1 0.671865 7232.41
[   130.20 ] D: freq1 0.672381 7221.07
[   130.21 ] D: freq1 0.672897 7209.73
[   130.21 ] D: freq1 0.673413 7198.38
[   130.21 ] D: freq1 0.673929 7187.04
[   130.21 ] D: freq1 0.674445 7175.7
[   130.23 ] D: freq1 0.674961 7164.36
[   130.23 ] D: freq1 0.675477 7153.02
[   130.23 ] D: freq1 0.675993 7141.67
[   130.25 ] D: freq1 0.676509 7130.33
[   130.25 ] D: freq1 0.677025 7118.99
[   130.25 ] D: freq1 0.677541 7107.65
[   130.27 ] D: freq1 0.678057 7096.31
[   130.27 ] D: freq1 0.678573 7084.97
[   130.27 ] D: freq1 0.679089 7073.62
[   130.28 ] D: freq1 0.679605 7062.28
[   130.28 ] D: freq1 0.680121 7050.94
[   130.28 ] D: freq1 0.680637 7039.6
[   130.30 ] D: freq1 0.681153 7028.26
[   130.30 ] D: freq1 0.681669 7016.92
[   130.30 ] D: freq1 0.682185 7005.58
[   130.32 ] D: freq1 0.682701 6994.23
[   130.32 ] D: freq1 0.683217 6982.89
[   130.32 ] D: freq1 0.683733 6971.55
[   130.34 ] D: freq1 0.684249 6960.21
[   130.34 ] D: freq1 0.684765 6948.87
[   130.35 ] D: freq1 0.685281 6937.53
[   130.35 ] D: freq1 0.685797 6926.18
[   130.35 ] D: freq1 0.686313 6914.84
[   130.35 ] D: freq1 0.686829 6903.5
[   130.37 ] D: freq1 0.687345 6892.16
[   130.37 ] D: freq1 0.687861 6880.82
[   130.37 ] D: freq1 0.688377 6869.48
[   130.39 ] D: freq1 0.688893 6858.13
[   130.39 ] D: freq1 0.689409 6846.79
[   130.39 ] D: freq1 0.689925 6835.45
[   130.41 ] D: freq1 0.690441 6824.11
[   130.41 ] D: freq1 0.690957 6812.77
[   130.41 ] D: freq1 0.691473 6801.43
[   130.42 ] D: freq1 0.691989 6790.08
[   130.42 ] D: freq1 0.692505 6778.74
[   130.42 ] D: freq1 0.693021 6767.4
[   130.44 ] D: freq1 0.693537 6756.06
[   130.44 ] D: freq1 0.694053 6744.72
[   130.44 ] D: freq1 0.694569 6733.37
[   130.46 ] D: freq1 0.695085 6722.03
[   130.46 ] D: freq1 0.695601 6710.69
[   130.46 ] D: freq1 0.696117 6699.35
[   130.48 ] D: freq1 0.696633 6688.01
[   130.48 ] D: freq1 0.697149 6676.67
[   130.49 ] D: freq1 0.697665 6665.33
[   130.49 ] D: freq1 0.698181 6653.98
[   130.49 ] D: freq1 0.698697 6642.64
[   130.49 ] D: freq1 0.699213 6631.3
[   130.51 ] D: freq1 0.699729 6619.96
[   130.51 ] D: freq1 0.700245 6608.62
[   130.51 ] D: freq1 0.700761 6597.28
[   130.53 ] D: freq1 0.701277 6585.93
[   130.53 ] D: freq1 0.701793 6574.59
[   130.53 ] D: freq1 0.702309 6563.25
[   130.54 ] D: freq1 0.702825 6551.91
[   130.54 ] D: freq1 0.703341 6540.57
[   130.54 ] D: freq1 0.703857 6529.23
[   130.56 ] D: freq1 0.704373 6517.88
[   130.56 ] D: freq1 0.704889 6506.54
[   130.56 ] D: freq1 0.705405 6495.2
[   130.58 ] D: freq1 0.705921 6483.86
[   130.58 ] D: freq1 0.706437 6472.52
[   130.58 ] D: freq1 0.706953 6461.18
[   130.60 ] D: freq1 0.707469 6449.83
[   130.60 ] D: freq1 0.707985 6438.49
[   130.60 ] D: freq1 0.708501 6427.15
[   130.61 ] D: freq1 0.709017 6415.81
[   130.61 ] D: freq1 0.709533 6404.47
[   130.62 ] D: freq1 0.710049 6393.13
[   130.63 ] D: freq1 0.710565 6381.78
[   130.63 ] D: freq1 0.711081 6370.44
[   130.63 ] D: freq1 0.711597 6359.1
[   130.65 ] D: freq1 0.712113 6347.76
[   130.65 ] D: freq1 0.712629 6336.42
[   130.65 ] D: freq1 0.713145 6325.08
[   130.67 ] D: freq1 0.713661 6313.73
[   130.67 ] D: freq1 0.714177 6302.39
[   130.67 ] D: freq1 0.714693 6291.05
[   130.68 ] D: freq1 0.715209 6279.71
[   130.68 ] D: freq1 0.715725 6268.37
[   130.68 ] D: freq1 0.716241 6257.03
[   130.70 ] D: freq1 0.716757 6245.68
[   130.70 ] D: freq1 0.717273 6234.34
[   130.70 ] D: freq1 0.717789 6223
[   130.72 ] D: freq1 0.718305 6211.66
[   130.72 ] D: freq1 0.718821 6200.32
[   130.72 ] D: freq1 0.719337 6188.98
[   130.74 ] D: freq1 0.719853 6177.63
[   130.74 ] D: freq1 0.720369 6166.29
[   130.74 ] D: freq1 0.720885 6154.95
[   130.75 ] D: freq1 0.721401 6143.61
[   130.75 ] D: freq1 0.721917 6132.27
[   130.76 ] D: freq1 0.722433 6120.93
[   130.77 ] D: freq1 0.722949 6109.58
[   130.77 ] D: freq1 0.723465 6098.24
[   130.77 ] D: freq1 0.723981 6086.9
[   130.79 ] D: freq1 0.724497 6075.56
[   130.79 ] D: freq1 0.725013 6064.22
[   130.79 ] D: freq1 0.725529 6052.88
[   130.81 ] D: AsyncFileReader 0 10
[   130.81 ] D: freq1 0.726045 6041.53
[   130.81 ] D: freq1 0.726561 6030.19
[   130.81 ] D: freq1 0.727077 6018.85
[   130.82 ] D: freq1 0.727593 6007.51
[   130.82 ] D: freq1 0.728109 5996.17
[   130.82 ] D: freq1 0.728625 5984.83
[   130.84 ] D: freq1 0.729141 5973.48
[   130.84 ] D: freq1 0.729657 5962.14
[   130.84 ] D: freq1 0.730173 5950.8
[   130.86 ] D: freq1 0.730689 5939.46
[   130.86 ] D: freq1 0.731205 5928.12
[   130.86 ] D: freq1 0.731721 5916.78
[   130.88 ] D: freq1 0.732237 5905.43
[   130.88 ] D: freq1 0.732753 5894.09
[   130.88 ] D: freq1 0.733269 5882.75
[   130.89 ] D: freq1 0.733785 5871.41
[   130.89 ] D: freq1 0.734301 5860.07
[   130.90 ] D: freq1 0.734817 5848.73
[   130.91 ] D: freq1 0.735333 5837.38
[   130.91 ] D: freq1 0.735849 5826.04
[   130.91 ] D: freq1 0.736365 5814.7
[   130.93 ] D: freq1 0.736881 5803.36
[   130.93 ] D: freq1 0.737397 5792.02
[   130.93 ] D: freq1 0.737913 5780.68
[   130.95 ] D: freq1 0.738429 5769.33
[   130.95 ] D: freq1 0.738945 5757.99
[   130.95 ] D: freq1 0.739461 5746.65
[   130.96 ] D: freq1 0.739977 5735.31
[   130.96 ] D: freq1 0.740493 5723.97
[   130.96 ] D: freq1 0.741009 5712.63
[   130.98 ] D: freq1 0.741525 5701.28
[   130.98 ] D: freq1 0.742041 5689.94
[   130.98 ] D: freq1 0.742557 5678.6
[   131.00 ] D: freq1 0.743073 5667.26
[   131.00 ] D: freq1 0.743589 5655.92
[   131.00 ] D: freq1 0.744105 5644.58
[   131.02 ] D: freq1 0.744621 5633.23
[   131.02 ] D: freq1 0.745137 5621.89
[   131.02 ] D: freq1 0.745653 5610.55
[   131.03 ] D: freq1 0.746169 5599.21
[   131.03 ] D: freq1 0.746685 5587.87
[   131.04 ] D: freq1 0.747201 5576.53
[   131.05 ] D: freq1 0.747717 5565.19
[   131.05 ] D: freq1 0.748233 5553.84
[   131.05 ] D: freq1 0.748749 5542.5
[   131.07 ] D: freq1 0.749265 5531.16
[   131.07 ] D: freq1 0.749781 5519.82
[   131.07 ] D: freq1 0.750297 5508.48
[   131.08 ] D: freq1 0.750813 5497.13
[   131.08 ] D: freq1 0.751329 5485.79
[   131.08 ] D: freq1 0.751845 5474.45
[   131.10 ] D: freq1 0.752361 5463.11
[   131.10 ] D: freq1 0.752877 5451.77
[   131.10 ] D: freq1 0.753393 5440.43
[   131.12 ] D: freq1 0.753909 5429.08
[   131.12 ] D: freq1 0.754425 5417.74
[   131.12 ] D: freq1 0.754941 5406.4
[   131.14 ] D: freq1 0.755457 5395.06
[   131.14 ] D: freq1 0.755973 5383.72
[   131.14 ] D: freq1 0.756489 5372.38
[   131.15 ] D: freq1 0.757005 5361.03
[   131.15 ] D: freq1 0.757521 5349.69
[   131.15 ] D: freq1 0.758037 5338.35
[   131.17 ] D: freq1 0.758553 5327.01
[   131.17 ] D: freq1 0.759069 5315.67
[   131.18 ] D: freq1 0.759585 5304.33
[   131.19 ] D: freq1 0.760101 5292.98
[   131.19 ] D: freq1 0.760617 5281.64
[   131.19 ] D: freq1 0.761133 5270.3
[   131.21 ] D: freq1 0.761649 5258.96
[   131.21 ] D: freq1 0.762165 5247.62
[   131.21 ] D: freq1 0.762681 5236.28
[   131.22 ] D: freq1 0.763197 5224.94
[   131.22 ] D: freq1 0.763713 5213.59
[   131.22 ] D: freq1 0.764229 5202.25
[   131.24 ] D: freq1 0.764745 5190.91
[   131.24 ] D: freq1 0.765261 5179.57
[   131.24 ] D: freq1 0.765777 5168.23
[   131.26 ] D: freq1 0.766293 5156.89
[   131.26 ] D: freq1 0.766809 5145.54
[   131.26 ] D: freq1 0.767325 5134.2
[   131.28 ] D: freq1 0.767841 5122.86
[   131.28 ] D: freq1 0.768357 5111.52
[   131.28 ] D: freq1 0.768873 5100.18
[   131.29 ] D: freq1 0.769389 5088.84
[   131.29 ] D: freq1 0.769905 5077.49
[   131.29 ] D: freq1 0.770421 5066.15
[   131.31 ] D: freq1 0.770937 5054.81
[   131.31 ] D: freq1 0.771453 5043.47
[   131.32 ] D: freq1 0.771969 5032.13
[   131.33 ] D: freq1 0.772485 5020.78
[   131.33 ] D: freq1 0.773001 5009.44
[   131.33 ] D: freq1 0.773517 4998.1
[   131.35 ] D: freq1 0.774033 4986.76
[   131.35 ] D: freq1 0.774549 4975.42
[   131.35 ] D: freq1 0.775065 4964.08
[   131.36 ] D: freq1 0.775581 4952.73
[   131.36 ] D: freq1 0.776097 4941.39
[   131.36 ] D: freq1 0.776613 4930.05
[   131.38 ] D: freq1 0.777129 4918.71
[   131.38 ] D: freq1 0.777645 4907.37
[   131.38 ] D: freq1 0.778161 4896.03
[   131.40 ] D: freq1 0.778677 4884.69
[   131.40 ] D: freq1 0.779193 4873.34
[   131.40 ] D: freq1 0.779709 4862
[   131.42 ] D: freq1 0.780225 4850.66
[   131.42 ] D: freq1 0.780741 4839.32
[   131.42 ] D: freq1 0.781257 4827.98
[   131.43 ] D: freq1 0.781773 4816.64
[   131.43 ] D: freq1 0.782289 4805.29
[   131.43 ] D: freq1 0.782805 4793.95
[   131.45 ] D: freq1 0.783321 4782.61
[   131.45 ] D: freq1 0.783837 4771.27
[   131.46 ] D: freq1 0.784353 4759.93
[   131.47 ] D: freq1 0.784869 4748.59
[   131.47 ] D: freq1 0.785385 4737.24
[   131.47 ] D: freq1 0.785901 4725.9
[   131.49 ] D: freq1 0.786417 4714.56
[   131.49 ] D: freq1 0.786933 4703.22
[   131.49 ] D: freq1 0.787449 4691.88
[   131.50 ] D: freq1 0.787965 4680.54
[   131.50 ] D: freq1 0.788481 4669.19
[   131.50 ] D: freq1 0.788997 4657.85
[   131.52 ] D: freq1 0.789513 4646.51
[   131.52 ] D: freq1 0.790029 4635.17
[   131.52 ] D: freq1 0.790545 4623.83
[   131.54 ] D: freq1 0.791061 4612.48
[   131.54 ] D: freq1 0.791577 4601.14
[   131.54 ] D: freq1 0.792093 4589.8
[   131.55 ] D: freq1 0.792609 4578.46
[   131.55 ] D: freq1 0.793125 4567.12
[   131.55 ] D: freq1 0.793641 4555.78
[   131.57 ] D: freq1 0.794157 4544.44
[   131.57 ] D: freq1 0.794673 4533.09
[   131.57 ] D: freq1 0.795189 4521.75
[   131.59 ] D: freq1 0.795705 4510.41
[   131.59 ] D: freq1 0.796221 4499.07
[   131.60 ] D: freq1 0.796737 4487.73
[   131.61 ] D: freq1 0.797253 4476.39
[   131.61 ] D: freq1 0.797769 4465.04
[   131.61 ] D: freq1 0.798285 4453.7
[   131.62 ] D: freq1 0.798801 4442.36
[   131.62 ] D: freq1 0.799317 4431.02
[   131.62 ] D: freq1 0.799833 4419.68
[   131.64 ] D: freq1 0.800349 4408.34
[   131.64 ] D: freq1 0.800865 4396.99
[   131.64 ] D: freq1 0.801381 4385.65
[   131.66 ] D: freq1 0.801897 4374.31
[   131.66 ] D: freq1 0.802413 4362.97
[   131.66 ] D: freq1 0.802929 4351.63
[   131.68 ] D: freq1 0.803445 4340.29
[   131.68 ] D: freq1 0.803961 4328.94
[   131.68 ] D: freq1 0.804477 4317.6
[   131.69 ] D: freq1 0.804993 4306.26
[   131.69 ] D: freq1 0.805509 4294.92
[   131.69 ] D: freq1 0.806025 4283.58
[   131.71 ] D: freq1 0.806541 4272.24
[   131.71 ] D: freq1 0.807057 4260.89
[   131.71 ] D: freq1 0.807573 4249.55
[   131.73 ] D: freq1 0.808089 4238.21
[   131.73 ] D: freq1 0.808605 4226.87
[   131.74 ] D: freq1 0.809121 4215.53
[   131.75 ] D: freq1 0.809637 4204.19
[   131.75 ] D: freq1 0.810153 4192.84
[   131.75 ] D: freq1 0.810669 4181.5
[   131.76 ] D: freq1 0.811185 4170.16
[   131.76 ] D: freq1 0.811701 4158.82
[   131.76 ] D: freq1 0.812217 4147.48
[   131.78 ] D: freq1 0.812733 4136.14
[   131.78 ] D: freq1 0.813249 4124.79
[   131.78 ] D: freq1 0.813765 4113.45
[   131.80 ] D: freq1 0.814281 4102.11
[   131.80 ] D: freq1 0.814797 4090.77
[   131.80 ] D: freq1 0.815313 4079.43
[   131.82 ] D: freq1 0.815829 4068.09
[   131.82 ] D: freq1 0.816345 4056.74
[   131.82 ] D: freq1 0.816861 4045.4
[   131.83 ] D: freq1 0.817377 4034.06
[   131.83 ] D: freq1 0.817893 4022.72
[   131.83 ] D: freq1 0.818409 4011.38
[   131.85 ] D: freq1 0.818925 4000.04
[   131.85 ] D: freq1 0.819441 3988.69
[   131.85 ] D: freq1 0.819957 3977.35
[   131.87 ] D: freq1 0.820473 3966.01
[   131.87 ] D: freq1 0.820989 3954.67
[   131.88 ] D: freq1 0.821505 3943.33
[   131.89 ] D: freq1 0.822021 3931.99
[   131.89 ] D: freq1 0.822537 3920.64
[   131.89 ] D: freq1 0.823053 3909.3
[   131.90 ] D: freq1 0.823569 3897.96
[   131.90 ] D: freq1 0.824085 3886.62
[   131.90 ] D: freq1 0.824601 3875.28
[   131.92 ] D: freq1 0.825117 3863.94
[   131.92 ] D: freq1 0.825633 3852.59
[   131.92 ] D: freq1 0.826149 3841.25
[   131.94 ] D: freq1 0.826665 3829.91
[   131.94 ] D: freq1 0.827181 3818.57
[   131.95 ] D: freq1 0.827697 3807.23
[   131.96 ] D: freq1 0.828213 3795.89
[   131.96 ] D: freq1 0.828729 3784.54
[   131.96 ] D: freq1 0.829245 3773.2
[   131.97 ] D: freq1 0.829761 3761.86
[   131.97 ] D: freq1 0.830277 3750.52
[   131.97 ] D: freq1 0.830793 3739.18
[   131.99 ] D: freq1 0.831309 3727.84
[   131.99 ] D: freq1 0.831825 3716.49
[   131.99 ] D: freq1 0.832341 3705.15
[   132.01 ] D: freq1 0.832857 3693.81
[   132.01 ] D: freq1 0.833373 3682.47
[   132.01 ] D: freq1 0.833889 3671.13
[   132.03 ] D: freq1 0.834405 3659.79
[   132.03 ] D: freq1 0.834921 3648.44
[   132.03 ] D: freq1 0.835437 3637.1
[   132.04 ] D: freq1 0.835953 3625.76
[   132.04 ] D: freq1 0.836469 3614.42
[   132.04 ] D: freq1 0.836985 3603.08
[   132.06 ] D: freq1 0.837501 3591.74
[   132.06 ] D: freq1 0.838017 3580.39
[   132.06 ] D: freq1 0.838533 3569.05
[   132.08 ] D: freq1 0.839049 3557.71
[   132.08 ] D: freq1 0.839565 3546.37
[   132.09 ] D: freq1 0.840081 3535.03
[   132.09 ] D: freq1 0.840597 3523.69
[   132.09 ] D: freq1 0.841113 3512.34
[   132.09 ] D: freq1 0.841629 3501
[   132.11 ] D: freq1 0.842145 3489.66
[   132.11 ] D: freq1 0.842661 3478.32
[   132.11 ] D: freq1 0.843177 3466.98
[   132.13 ] D: freq1 0.843693 3455.64
[   132.13 ] D: freq1 0.844209 3444.3
[   132.13 ] D: freq1 0.844725 3432.95
[   132.15 ] D: freq1 0.845241 3421.61
[   132.15 ] D: freq1 0.845757 3410.27
[   132.15 ] D: freq1 0.846273 3398.93
[   132.16 ] D: freq1 0.846789 3387.59
[   132.16 ] D: freq1 0.847305 3376.25
[   132.16 ] D: freq1 0.847821 3364.9
[   132.18 ] D: freq1 0.848337 3353.56
[   132.18 ] D: freq1 0.848853 3342.22
[   132.18 ] D: freq1 0.849369 3330.88
[   132.20 ] D: freq1 0.849885 3319.54
[   132.20 ] D: freq1 0.850401 3308.19
[   132.20 ] D: freq1 0.850917 3296.85
[   132.22 ] D: freq1 0.851433 3285.51
[   132.22 ] D: freq1 0.851949 3274.17
[   132.23 ] D: freq1 0.852465 3262.83
[   132.23 ] D: freq1 0.852981 3251.49
[   132.23 ] D: freq1 0.853497 3240.14
[   132.23 ] D: freq1 0.854013 3228.8
[   132.25 ] D: freq1 0.854529 3217.46
[   132.25 ] D: freq1 0.855045 3206.12
[   132.25 ] D: freq1 0.855561 3194.78
[   132.27 ] D: freq1 0.856077 3183.44
[   132.27 ] D: freq1 0.856593 3172.09
[   132.27 ] D: freq1 0.857109 3160.75
[   132.29 ] D: freq1 0.857625 3149.41
[   132.29 ] D: AsyncFileReader 1 11
[   132.29 ] D: freq1 0.858141 3138.07
[   132.29 ] D: freq1 0.858657 3126.73
[   132.30 ] D: freq1 0.859173 3115.39
[   132.30 ] D: freq1 0.859689 3104.05
[   132.30 ] D: freq1 0.860205 3092.7
[   132.32 ] D: freq1 0.860721 3081.36
[   132.32 ] D: freq1 0.861237 3070.02
[   132.32 ] D: freq1 0.861753 3058.68
[   132.34 ] D: freq1 0.862269 3047.34
[   132.34 ] D: freq1 0.862785 3036
[   132.34 ] D: freq1 0.863301 3024.65
[   132.36 ] D: freq1 0.863817 3013.31
[   132.36 ] D: freq1 0.864333 3001.97
[   132.37 ] D: freq1 0.864849 2990.63
[   132.37 ] D: freq1 0.865365 2979.29
[   132.37 ] D: freq1 0.865881 2967.95
[   132.37 ] D: freq1 0.866397 2956.6
[   132.39 ] D: freq1 0.866913 2945.26
[   132.39 ] D: freq1 0.867429 2933.92
[   132.39 ] D: freq1 0.867945 2922.58
[   132.41 ] D: freq1 0.868461 2911.24
[   132.41 ] D: freq1 0.868977 2899.89
[   132.41 ] D: freq1 0.869493 2888.55
[   132.43 ] D: freq1 0.870009 2877.21
[   132.43 ] D: freq1 0.870525 2865.87
[   132.43 ] D: freq1 0.871041 2854.53
[   132.44 ] D: freq1 0.871557 2843.19
[   132.44 ] D: freq1 0.872073 2831.84
[   132.44 ] D: freq1 0.872589 2820.5
[   132.46 ] D: freq1 0.873105 2809.16
[   132.46 ] D: freq1 0.873621 2797.82
[   132.46 ] D: freq1 0.874137 2786.48
[   132.48 ] D: freq1 0.874653 2775.14
[   132.48 ] D: freq1 0.875169 2763.8
[   132.48 ] D: freq1 0.875685 2752.45
[   132.50 ] D: freq1 0.876201 2741.11
[   132.50 ] D: freq1 0.876717 2729.77
[   132.51 ] D: freq1 0.877233 2718.43
[   132.51 ] D: freq1 0.877749 2707.09
[   132.51 ] D: freq1 0.878265 2695.75
[   132.51 ] D: freq1 0.878781 2684.4
[   132.53 ] D: freq1 0.879297 2673.06
[   132.53 ] D: freq1 0.879813 2661.72
[   132.53 ] D: freq1 0.880329 2650.38
[   132.55 ] D: freq1 0.880845 2639.04
[   132.55 ] D: freq1 0.881361 2627.7
[   132.55 ] D: freq1 0.881877 2616.35
[   132.56 ] D: freq1 0.882393 2605.01
[   132.56 ] D: freq1 0.882909 2593.67
[   132.57 ] D: freq1 0.883425 2582.33
[   132.58 ] D: freq1 0.883941 2570.99
[   132.58 ] D: freq1 0.884457 2559.65
[   132.59 ] D: freq1 0.884973 2548.3
[   132.60 ] D: freq1 0.885489 2536.96
[   132.60 ] D: freq1 0.886005 2525.62
[   132.60 ] D: freq1 0.886521 2514.28
[   132.62 ] D: freq1 0.887037 2502.94
[   132.62 ] D: freq1 0.887553 2491.59
[   132.62 ] D: freq1 0.888069 2480.25
[   132.63 ] D: freq1 0.888585 2468.91
[   132.63 ] D: freq1 0.889101 2457.57
[   132.63 ] D: freq1 0.889617 2446.23
[   132.65 ] D: freq1 0.890133 2434.89
[   132.65 ] D: freq1 0.890649 2423.55
[   132.65 ] D: freq1 0.891165 2412.2
[   132.67 ] D: freq1 0.891681 2400.86
[   132.67 ] D: freq1 0.892197 2389.52
[   132.67 ] D: freq1 0.892713 2378.18
[   132.69 ] D: freq1 0.893229 2366.84
[   132.69 ] D: freq1 0.893745 2355.5
[   132.69 ] D: freq1 0.894261 2344.15
[   132.70 ] D: freq1 0.894777 2332.81
[   132.70 ] D: freq1 0.895293 2321.47
[   132.71 ] D: freq1 0.895809 2310.13
[   132.72 ] D: freq1 0.896325 2298.79
[   132.72 ] D: freq1 0.896841 2287.45
[   132.72 ] D: freq1 0.897357 2276.1
[   132.74 ] D: freq1 0.897873 2264.76
[   132.74 ] D: freq1 0.898389 2253.42
[   132.74 ] D: freq1 0.898905 2242.08
[   132.76 ] D: freq1 0.89942 2230.74
[   132.76 ] D: freq1 0.899936 2219.4
[   132.76 ] D: freq1 0.900452 2208.05
[   132.77 ] D: freq1 0.900968 2196.71
[   132.77 ] D: freq1 0.901484 2185.37
[   132.77 ] D: freq1 0.902 2174.03
[   132.79 ] D: freq1 0.902516 2162.69
[   132.79 ] D: freq1 0.903032 2151.35
[   132.79 ] D: freq1 0.903548 2140
[   132.81 ] D: freq1 0.904064 2128.66
[   132.81 ] D: freq1 0.90458 2117.32
[   132.81 ] D: freq1 0.905096 2105.98
[   132.83 ] D: freq1 0.905612 2094.64
[   132.83 ] D: freq1 0.906128 2083.3
[   132.83 ] D: freq1 0.906645 2071.95
[   132.84 ] D: freq1 0.907161 2060.61
[   132.84 ] D: freq1 0.907677 2049.27
[   132.85 ] D: freq1 0.908193 2037.93
[   132.86 ] D: freq1 0.908709 2026.59
[   132.86 ] D: freq1 0.909225 2015.25
[   132.86 ] D: freq1 0.909741 2003.9
[   132.88 ] D: freq1 0.910257 1992.56
[   132.88 ] D: freq1 0.910773 1981.22
[   132.88 ] D: freq1 0.911288 1969.88
[   132.90 ] D: freq1 0.911804 1958.54
[   132.90 ] D: freq1 0.91232 1947.2
[   132.90 ] D: freq1 0.912836 1935.85
[   132.91 ] D: freq1 0.913352 1924.51
[   132.91 ] D: freq1 0.913868 1913.17
[   132.91 ] D: freq1 0.914384 1901.83
[   132.93 ] D: freq1 0.9149 1890.49
[   132.93 ] D: freq1 0.915416 1879.15
[   132.93 ] D: freq1 0.915932 1867.8
[   132.95 ] D: freq1 0.916448 1856.46
[   132.95 ] D: freq1 0.916964 1845.12
[   132.95 ] D: freq1 0.91748 1833.78
[   132.97 ] D: freq1 0.917996 1822.44
[   132.97 ] D: freq1 0.918512 1811.1
[   132.97 ] D: freq1 0.919028 1799.75
[   132.98 ] D: freq1 0.919544 1788.41
[   132.98 ] D: freq1 0.92006 1777.07
[   132.99 ] D: freq1 0.920576 1765.73
[   133.00 ] D: freq1 0.921092 1754.39
[   133.00 ] D: freq1 0.921608 1743.05
[   133.00 ] D: freq1 0.922124 1731.7
[   133.02 ] D: freq1 0.92264 1720.36
[   133.02 ] D: freq1 0.923156 1709.02
[   133.02 ] D: freq1 0.923672 1697.68
[   133.04 ] D: freq1 0.924188 1686.34
[   133.04 ] D: freq1 0.924704 1675
[   133.04 ] D: freq1 0.92522 1663.65
[   133.05 ] D: freq1 0.925736 1652.31
[   133.05 ] D: freq1 0.926252 1640.97
[   133.05 ] D: freq1 0.926768 1629.63
[   133.07 ] D: freq1 0.927284 1618.29
[   133.07 ] D: freq1 0.9278 1606.95
[   133.07 ] D: freq1 0.928316 1595.6
[   133.09 ] D: freq1 0.928832 1584.26
[   133.09 ] D: freq1 0.929348 1572.92
[   133.09 ] D: freq1 0.929864 1561.58
[   133.10 ] D: freq1 0.93038 1550.24
[   133.10 ] D: freq1 0.930896 1538.9
[   133.10 ] D: freq1 0.931412 1527.55
[   133.12 ] D: freq1 0.931928 1516.21
[   133.12 ] D: freq1 0.932444 1504.87
[   133.12 ] D: freq1 0.93296 1493.53
[   133.14 ] D: freq1 0.933476 1482.19
[   133.14 ] D: freq1 0.933992 1470.85
[   133.14 ] D: freq1 0.934508 1459.5
[   133.16 ] D: freq1 0.935024 1448.16
[   133.16 ] D: freq1 0.93554 1436.82
[   133.16 ] D: freq1 0.936056 1425.48
[   133.17 ] D: freq1 0.936572 1414.14
[   133.17 ] D: freq1 0.937088 1402.8
[   133.17 ] D: freq1 0.937604 1391.45
[   133.19 ] D: freq1 0.93812 1380.11
[   133.19 ] D: freq1 0.938636 1368.77
[   133.20 ] D: freq1 0.939152 1357.43
[   133.21 ] D: freq1 0.939668 1346.09
[   133.21 ] D: freq1 0.940184 1334.75
[   133.21 ] D: freq1 0.9407 1323.4
[   133.23 ] D: freq1 0.941216 1312.06
[   133.23 ] D: freq1 0.941732 1300.72
[   133.23 ] D: freq1 0.942248 1289.38
[   133.24 ] D: freq1 0.942764 1278.04
[   133.24 ] D: freq1 0.94328 1266.7
[   133.24 ] D: freq1 0.943796 1255.36
[   133.26 ] D: freq1 0.944312 1244.01
[   133.26 ] D: freq1 0.944828 1232.67
[   133.26 ] D: freq1 0.945344 1221.33
[   133.28 ] D: freq1 0.94586 1209.99
[   133.28 ] D: freq1 0.946376 1198.65
[   133.28 ] D: freq1 0.946892 1187.3
[   133.30 ] D: freq1 0.947408 1175.96
[   133.30 ] D: freq1 0.947924 1164.62
[   133.30 ] D: freq1 0.94844 1153.28
[   133.31 ] D: freq1 0.948956 1141.94
[   133.31 ] D: freq1 0.949472 1130.6
[   133.31 ] D: freq1 0.949988 1119.25
[   133.33 ] D: freq1 0.950504 1107.91
[   133.33 ] D: freq1 0.95102 1096.57
[   133.34 ] D: freq1 0.951536 1085.23
[   133.35 ] D: freq1 0.952052 1073.89
[   133.35 ] D: freq1 0.952568 1062.55
[   133.35 ] D: freq1 0.953084 1051.2
[   133.37 ] D: freq1 0.9536 1039.86
[   133.37 ] D: freq1 0.954116 1028.52
[   133.37 ] D: freq1 0.954632 1017.18
[   133.38 ] D: freq1 0.955148 1005.84
[   133.38 ] D: freq1 0.955664 994.497
[   133.38 ] D: freq1 0.95618 983.155
[   133.40 ] D: freq1 0.956696 971.813
[   133.40 ] D: freq1 0.957212 960.472
[   133.40 ] D: freq1 0.957728 949.13
[   133.42 ] D: freq1 0.958244 937.788
[   133.42 ] D: freq1 0.95876 926.447
[   133.42 ] D: freq1 0.959276 915.105
[   133.44 ] D: freq1 0.959792 903.764
[   133.44 ] D: freq1 0.960308 892.422
[   133.44 ] D: freq1 0.960824 881.08
[   133.45 ] D: freq1 0.96134 869.739
[   133.45 ] D: freq1 0.961856 858.397
[   133.45 ] D: freq1 0.962372 847.055
[   133.47 ] D: freq1 0.962888 835.714
[   133.47 ] D: freq1 0.963404 824.372
[   133.48 ] D: freq1 0.96392 813.031
[   133.49 ] D: freq1 0.964436 801.689
[   133.49 ] D: freq1 0.964952 790.346
[   133.49 ] D: freq1 0.965468 779.004
[   133.51 ] D: freq1 0.965984 767.663
[   133.51 ] D: freq1 0.9665 756.321
[   133.51 ] D: freq1 0.967016 744.98
[   133.52 ] D: freq1 0.967532 733.638
[   133.52 ] D: freq1 0.968048 722.296
[   133.52 ] D: freq1 0.968564 710.955
[   133.54 ] D: freq1 0.96908 699.613
[   133.54 ] D: freq1 0.969596 688.271
[   133.54 ] D: freq1 0.970112 676.93
[   133.56 ] D: freq1 0.970628 665.588
[   133.56 ] D: freq1 0.971144 654.247
[   133.56 ] D: freq1 0.97166 642.905
[   133.58 ] D: freq1 0.972176 631.563
[   133.58 ] D: freq1 0.972692 620.222
[   133.58 ] D: freq1 0.973208 608.88
[   133.59 ] D: freq1 0.973724 597.538
[   133.59 ] D: freq1 0.97424 586.197
[   133.59 ] D: freq1 0.974756 574.855
[   133.61 ] D: freq1 0.975272 563.514
[   133.61 ] D: freq1 0.975788 552.172
[   133.62 ] D: freq1 0.976304 540.83
[   133.63 ] D: freq1 0.97682 529.489
[   133.63 ] D: freq1 0.977336 518.147
[   133.63 ] D: freq1 0.977852 506.805
[   133.64 ] D: freq1 0.978368 495.464
[   133.64 ] D: freq1 0.978884 484.122
[   133.64 ] D: freq1 0.9794 472.781
[   133.66 ] D: freq1 0.979916 461.439
[   133.66 ] D: freq1 0.980432 450.097
[   133.66 ] D: freq1 0.980948 438.756
[   133.68 ] D: freq1 0.981464 427.414
[   133.68 ] D: freq1 0.98198 416.072
[   133.68 ] D: freq1 0.982496 404.731
[   133.70 ] D: freq1 0.983012 393.389
[   133.70 ] D: freq1 0.983528 382.048
[   133.70 ] D: freq1 0.984044 370.705
[   133.71 ] D: freq1 0.98456 359.363
[   133.71 ] D: freq1 0.985076 348.021
[   133.71 ] D: freq1 0.985592 336.68
[   133.73 ] D: freq1 0.986108 325.338
[   133.73 ] D: freq1 0.986624 313.997
[   133.73 ] D: freq1 0.98714 302.655
[   133.75 ] D: freq1 0.987656 291.313
[   133.75 ] D: freq1 0.988172 279.972
[   133.76 ] D: freq1 0.988688 268.63
[   133.77 ] D: freq1 0.989204 257.288
[   133.77 ] D: freq1 0.98972 245.947
[   133.77 ] D: AsyncFileReader 2 11
[   133.77 ] D: freq1 0.990236 234.605
[   133.78 ] D: freq1 0.990752 223.264
[   133.78 ] D: freq1 0.991268 211.922
[   133.78 ] D: freq1 0.991784 200.58
[   133.80 ] D: freq1 0.9923 189.239
[   133.80 ] D: freq1 0.992816 177.897
[   133.80 ] D: freq1 0.993332 166.555
[   133.82 ] D: freq1 0.993848 155.214
[   133.82 ] D: freq1 0.994364 143.872
[   133.82 ] D: freq1 0.99488 132.531
[   133.84 ] D: freq1 0.995396 121.189
[   133.84 ] D: freq1 0.995912 109.847
[   133.85 ] D: freq1 0.996428 98.5057
[   133.85 ] D: freq1 0.996944 87.1641
[   133.85 ] D: freq1 0.99746 75.8225
[   133.85 ] D: freq1 0.997976 64.4809
[   133.87 ] D: freq1 0.998492 53.1392
[   133.87 ] D: freq1 0.999008 41.7976
[   133.88 ] D: freq1 0.999524 30.456
[   133.89 ] D: freq1 1 20
[   133.89 ] D: freq1 1 20
[   133.90 ] D: freq1 1 20
[   133.91 ] D: freq1 1 20
[   133.91 ] D: freq1 1 20
[   133.91 ] D: freq1 1 20
[   133.92 ] D: freq1 1 20
[   133.92 ] D: freq1 1 20
[   133.92 ] D: freq1 1 20
[   133.94 ] D: freq1 1 20
[   133.94 ] D: freq1 1 20
[   133.94 ] D: freq1 1 20
[   133.96 ] D: freq1 1 20
[   133.96 ] D: freq1 1 20
[   133.96 ] D: freq1 1 20
[   133.98 ] D: freq1 1 20
[   133.98 ] D: freq1 1 20
[   133.98 ] D: freq1 1 20
[   133.99 ] D: freq1 1 20
[   133.99 ] D: freq1 1 20
[   133.99 ] D: freq1 1 20
[   134.01 ] D: freq1 1 20
[   134.01 ] D: freq1 1 20
[   134.01 ] D: freq1 1 20
[   134.03 ] D: freq1 1 20
[   134.03 ] D: freq1 1 20
[   134.04 ] D: freq1 1 20
[   134.05 ] D: freq1 1 20
[   134.05 ] D: freq1 1 20
[   134.05 ] D: freq1 1 20
[   134.06 ] D: freq1 1 20
[   134.06 ] D: freq1 1 20
[   134.06 ] D: freq1 1 20
[   134.08 ] D: freq1 1 20
[   134.08 ] D: freq1 1 20
[   134.08 ] D: freq1 1 20
[   134.10 ] D: freq1 1 20
[   134.10 ] D: freq1 1 20
[   134.10 ] D: freq1 1 20
[   134.11 ] D: freq1 1 20
[   134.11 ] D: freq1 1 20
[   134.11 ] D: freq1 1 20
[   134.13 ] D: freq1 1 20
[   134.13 ] D: freq1 1 20
[   134.13 ] D: freq1 1 20
[   134.15 ] D: freq1 1 20
[   134.15 ] D: freq1 1 20
[   134.15 ] D: freq1 1 20
[   134.17 ] D: freq1 1 20
[   134.17 ] D: freq1 1 20
[   134.18 ] D: freq1 1 20
[   134.18 ] D: freq1 1 20
[   134.18 ] D: freq1 1 20
[   134.18 ] D: freq1 1 20
[   134.20 ] D: freq1 1 20
[   134.20 ] D: freq1 1 20
[   134.20 ] D: freq1 1 20
[   134.22 ] D: freq1 1 20
[   134.22 ] D: freq1 1 20
[   134.22 ] D: freq1 1 20
[   134.24 ] D: freq1 1 20
[   134.24 ] D: freq1 1 20
[   134.24 ] D: freq1 1 20
[   134.25 ] D: freq1 1 20
[   134.25 ] D: freq1 1 20
[   134.25 ] D: freq1 1 20
[   134.27 ] D: freq1 1 20
[   134.27 ] D: freq1 1 20
[   134.27 ] D: freq1 1 20
[   134.29 ] D: freq1 1 20
[   134.29 ] D: freq1 1 20
[   134.29 ] D: freq1 1 20
[   134.31 ] D: freq1 1 20
[   134.31 ] D: freq1 1 20
[   134.32 ] D: freq1 1 20
[   134.32 ] D: freq1 1 20
[   134.32 ] D: freq1 1 20
[   134.32 ] D: freq1 1 20
[   134.34 ] D: freq1 1 20
[   134.34 ] D: freq1 1 20
[   134.34 ] D: freq1 1 20
[   134.36 ] D: freq1 1 20
[   134.36 ] D: freq1 1 20
[   134.36 ] D: freq1 1 20
[   134.38 ] D: freq1 1 20
[   134.38 ] D: freq1 1 20
[   134.38 ] D: freq1 1 20
[   134.39 ] D: freq1 1 20
[   134.39 ] D: freq1 1 20
[   134.39 ] D: freq1 1 20
[   134.41 ] D: freq1 1 20
[   134.41 ] D: freq1 1 20
[   134.41 ] D: freq1 1 20
[   134.43 ] D: freq1 1 20
[   134.43 ] D: freq1 1 20
[   134.43 ] D: freq1 1 20
[   134.45 ] D: freq1 1 20
[   134.45 ] D: freq1 1 20
[   134.46 ] D: freq1 1 20
[   134.46 ] D: freq1 1 20
[   134.46 ] D: freq1 1 20
[   134.46 ] D: freq1 1 20
[   134.48 ] D: freq1 1 20
[   134.48 ] D: freq1 1 20
[   134.48 ] D: freq1 1 20
[   134.50 ] D: freq1 1 20
[   134.50 ] D: freq1 1 20
[   134.50 ] D: freq1 1 20
[   134.52 ] D: freq1 1 20
[   134.52 ] D: freq1 1 20
[   134.52 ] D: freq1 1 20
[   134.53 ] D: freq1 1 20
[   134.53 ] D: freq1 1 20
[   134.53 ] D: freq1 1 20
[   134.55 ] D: freq1 1 20
[   134.55 ] D: freq1 1 20
[   134.55 ] D: freq1 1 20
[   134.57 ] D: freq1 1 20
[   134.57 ] D: freq1 1 20
[   134.57 ] D: freq1 1 20
[   134.59 ] D: freq1 1 20
[   134.59 ] D: freq1 1 20
[   134.60 ] D: freq1 1 20
[   134.60 ] D: freq1 1 20
[   134.60 ] D: freq1 1 20
[   134.60 ] D: freq1 1 20
[   134.62 ] D: freq1 1 20
[   134.62 ] D: freq1 1 20
[   134.62 ] D: freq1 1 20
[   134.64 ] D: freq1 1 20
[   134.64 ] D: freq1 1 20
[   134.64 ] D: freq1 1 20
[   134.65 ] D: freq1 1 20
[   134.65 ] D: freq1 1 20
[   134.65 ] D: freq1 1 20
[   134.67 ] D: freq1 1 20
[   134.67 ] D: freq1 1 20
[   134.67 ] D: freq1 1 20
[   134.69 ] D: freq1 1 20
[   134.69 ] D: freq1 1 20
[   134.69 ] D: freq1 1 20
[   134.71 ] D: freq1 1 20
[   134.71 ] D: freq1 1 20
[   134.71 ] D: freq1 1 20
[   134.72 ] D: freq1 1 20
[   134.72 ] D: freq1 1 20
[   134.73 ] D: freq1 1 20
[   134.74 ] D: freq1 1 20
[   134.74 ] D: freq1 1 20
[   134.74 ] D: freq1 1 20
[   134.76 ] D: freq1 1 20
[   134.76 ] D: freq1 1 20
[   134.76 ] D: freq1 1 20
[   134.78 ] D: freq1 1 20
[   134.78 ] D: freq1 1 20
[   134.79 ] D: freq1 1 20
[   134.79 ] D: freq1 1 20
[   134.79 ] D: freq1 1 20
[   134.79 ] D: freq1 1 20
[   134.81 ] D: freq1 1 20
[   134.81 ] D: freq1 1 20
[   134.82 ] D: freq1 1 20
[   134.83 ] D: freq1 1 20
[   134.83 ] D: freq1 1 20
[   134.83 ] D: freq1 1 20
[   134.85 ] D: freq1 1 20
[   134.85 ] D: freq1 1 20
[   134.85 ] D: freq1 1 20
[   134.86 ] D: freq1 1 20
[   134.86 ] D: freq1 1 20
[   134.87 ] D: freq1 1 20
[   134.88 ] D: freq1 1 20
[   134.88 ] D: freq1 1 20
[   134.88 ] D: freq1 1 20
[   134.90 ] D: freq1 1 20
[   134.90 ] D: freq1 1 20
[   134.90 ] D: freq1 1 20
[   134.92 ] D: freq1 1 20
[   134.92 ] D: freq1 1 20
[   134.92 ] D: freq1 1 20
[   134.93 ] D: freq1 1 20
[   134.93 ] D: freq1 1 20
[   134.93 ] D: freq1 1 20
[   134.95 ] D: freq1 1 20
[   134.95 ] D: freq1 1 20
[   134.95 ] D: freq1 1 20
[   134.97 ] D: freq1 1 20
[   134.97 ] D: freq1 1 20
[   134.97 ] D: freq1 1 20
[   134.99 ] D: freq1 1 20
[   134.99 ] D: freq1 1 20
[   134.99 ] D: freq1 1 20
[   135.00 ] D: freq1 1 20
[   135.00 ] D: freq1 1 20
[   135.01 ] D: freq1 1 20
[   135.02 ] D: freq1 1 20
[   135.02 ] D: freq1 1 20
[   135.02 ] D: freq1 1 20
[   135.04 ] D: freq1 1 20
[   135.04 ] D: freq1 1 20
[   135.04 ] D: freq1 1 20
[   135.06 ] D: freq1 1 20
[   135.06 ] D: freq1 1 20
[   135.06 ] D: freq1 1 20
[   135.07 ] D: freq1 1 20
[   135.07 ] D: freq1 1 20
[   135.07 ] D: freq1 1 20
[   135.09 ] D: freq1 1 20
[   135.09 ] D: freq1 1 20
[   135.09 ] D: freq1 1 20
[   135.11 ] D: freq1 1 20
[   135.11 ] D: freq1 1 20
[   135.11 ] D: freq1 1 20
[   135.12 ] D: freq1 1 20
[   135.12 ] D: freq1 1 20
[   135.12 ] D: freq1 1 20
[   135.14 ] D: freq1 1 20
[   135.14 ] D: freq1 1 20
[   135.15 ] D: freq1 1 20
[   135.16 ] D: freq1 1 20
[   135.16 ] D: freq1 1 20
[   135.16 ] D: freq1 1 20
[   135.18 ] D: freq1 1 20
[   135.18 ] D: freq1 1 20
[   135.18 ] D: freq1 1 20
[   135.19 ] D: freq1 1 20
[   135.19 ] D: freq1 1 20
[   135.19 ] D: freq1 1 20
[   135.21 ] D: freq1 1 20
[   135.21 ] D: freq1 1 20
[   135.21 ] D: freq1 1 20
[   135.23 ] D: freq1 1 20
[   135.23 ] D: freq1 1 20
[   135.23 ] D: freq1 1 20
[   135.25 ] D: freq1 1 20
[   135.25 ] D: freq1 1 20
[   135.25 ] D: freq1 1 20
[   135.26 ] D: AsyncFileReader 3 11
[   135.26 ] D: freq1 1 20
[   135.26 ] D: freq1 1 20
[   135.26 ] D: freq1 1 20
[   135.28 ] D: freq1 1 20
[   135.28 ] D: freq1 1 20
[   135.29 ] D: freq1 1 20
[   135.30 ] D: freq1 1 20
[   135.30 ] D: freq1 1 20
[   135.30 ] D: freq1 1 20
[   135.32 ] D: freq1 1 20
[   135.32 ] D: freq1 1 20
[   135.32 ] D: freq1 1 20
[   135.33 ] D: freq1 1 20
[   135.33 ] D: freq1 1 20
[   135.33 ] D: freq1 1 20
[   135.35 ] D: freq1 1 20
[   135.35 ] D: freq1 1 20
[   135.35 ] D: freq1 1 20
[   135.37 ] D: freq1 1 20
[   135.37 ] D: freq1 1 20
[   135.37 ] D: freq1 1 20
[   135.39 ] D: freq1 1 20
[   135.39 ] D: freq1 1 20
[   135.39 ] D: freq1 1 20
[   135.40 ] D: freq1 1 20
[   135.40 ] D: freq1 1 20
[   135.40 ] D: freq1 1 20
[   135.42 ] D: freq1 1 20
[   135.42 ] D: freq1 1 20
[   135.43 ] D: freq1 1 20
[   135.44 ] D: freq1 1 20
[   135.44 ] D: freq1 1 20
[   135.44 ] D: freq1 1 20
[   135.46 ] D: freq1 1 20
[   135.46 ] D: freq1 1 20
[   135.46 ] D: freq1 1 20
[   135.47 ] D: freq1 1 20
[   135.47 ] D: freq1 1 20
[   135.47 ] D: freq1 1 20
[   135.49 ] D: freq1 1 20
[   135.49 ] D: freq1 1 20
[   135.49 ] D: freq1 1 20
[   135.51 ] D: freq1 1 20
[   135.51 ] D: freq1 1 20
[   135.51 ] D: freq1 1 20
[   135.53 ] D: freq1 1 20
[   135.53 ] D: freq1 1 20
[   135.53 ] D: freq1 1 20
[   135.54 ] D: freq1 1 20
[   135.54 ] D: freq1 1 20
[   135.54 ] D: freq1 1 20
[   135.56 ] D: freq1 1 20
[   135.56 ] D: freq1 1 20
[   135.57 ] D: freq1 1 20
[   135.58 ] D: freq1 1 20
[   135.58 ] D: freq1 1 20
[   135.59 ] D: freq1 1 20
[   135.60 ] D: freq1 1 20
[   135.60 ] D: freq1 1 20
[   135.60 ] D: freq1 1 20
[   135.61 ] D: freq1 1 20
[   135.61 ] D: freq1 1 20
[   135.62 ] D: freq1 1 20
[   135.63 ] D: freq1 1 20
[   135.63 ] D: freq1 1 20
[   135.63 ] D: freq1 1 20
[   135.65 ] D: freq1 1 20
[   135.65 ] D: freq1 1 20
[   135.65 ] D: freq1 1 20
[   135.66 ] D: freq1 1 20
[   135.66 ] D: freq1 1 20
[   135.66 ] D: freq1 1 20
[   135.68 ] D: freq1 1 20
[   135.68 ] D: freq1 1 20
[   135.68 ] D: freq1 1 20
[   135.70 ] D: freq1 1 20
[   135.70 ] D: freq1 1 20
[   135.71 ] D: freq1 1 20
[   135.72 ] D: freq1 1 20
[   135.72 ] D: freq1 1 20
[   135.72 ] D: freq1 1 20
[   135.73 ] D: freq1 1 20
[   135.73 ] D: freq1 1 20
[   135.73 ] D: freq1 1 20
[   135.75 ] D: freq1 1 20
[   135.75 ] D: freq1 1 20
[   135.75 ] D: freq1 1 20
[   135.77 ] D: freq1 1 20
[   135.77 ] D: freq1 1 20
[   135.77 ] D: freq1 1 20
[   135.79 ] D: freq1 1 20
[   135.79 ] D: freq1 1 20
[   135.79 ] D: freq1 1 20
[   135.80 ] D: freq1 1 20
[   135.80 ] D: freq1 1 20
[   135.80 ] D: freq1 1 20
[   135.82 ] D: freq1 1 20
[   135.82 ] D: freq1 1 20
[   135.82 ] D: freq1 1 20
[   135.84 ] D: freq1 1 20
[   135.84 ] D: freq1 1 20
[   135.85 ] D: freq1 1 20
[   135.86 ] D: freq1 1 20
[   135.86 ] D: freq1 1 20
[   135.87 ] D: freq1 1 20
[   135.87 ] D: freq1 1 20
[   135.87 ] D: freq1 1 20
[   135.87 ] D: freq1 1 20
[   135.89 ] D: freq1 1 20
[   135.89 ] D: freq1 1 20
[   135.89 ] D: freq1 1 20
[   135.91 ] D: freq1 1 20
[   135.91 ] D: freq1 1 20
[   135.91 ] D: freq1 1 20
[   135.93 ] D: freq1 1 20
[   135.93 ] D: freq1 1 20
[   135.93 ] D: freq1 1 20
[   135.94 ] D: freq1 1 20
[   135.94 ] D: freq1 1 20
[   135.94 ] D: freq1 1 20
[   135.96 ] D: freq1 1 20
[   135.96 ] D: freq1 1 20
[   135.96 ] D: freq1 1 20
[   135.98 ] D: freq1 1 20
[   135.98 ] D: freq1 1 20
[   135.99 ] D: freq1 1 20
[   136.00 ] D: freq1 1 20
[   136.00 ] D: freq1 1 20
[   136.00 ] D: freq1 1 20
[   136.01 ] D: freq1 1 20
[   136.01 ] D: freq1 1 20
[   136.01 ] D: freq1 1 20
[   136.03 ] D: freq1 1 20
[   136.03 ] D: freq1 1 20
[   136.03 ] D: freq1 1 20
[   136.05 ] D: freq1 1 20
[   136.05 ] D: freq1 1 20
[   136.05 ] D: freq1 1 20
[   136.07 ] D: freq1 1 20
[   136.07 ] D: freq1 1 20
[   136.07 ] D: freq1 1 20
[   136.08 ] D: freq1 1 20
[   136.08 ] D: freq1 1 20
[   136.08 ] D: freq1 1 20
[   136.10 ] D: freq1 1 20
[   136.10 ] D: freq1 1 20
[   136.10 ] D: freq1 1 20
[   136.12 ] D: freq1 1 20
[   136.12 ] D: freq1 1 20
[   136.12 ] D: freq1 1 20
[   136.14 ] D: freq1 1 20
[   136.14 ] D: freq1 1 20
[   136.15 ] D: freq1 1 20
[   136.15 ] D: freq1 1 20
[   136.15 ] D: freq1 1 20
[   136.15 ] D: freq1 1 20
[   136.17 ] D: freq1 1 20
[   136.17 ] D: freq1 1 20
[   136.17 ] D: freq1 1 20
[   136.19 ] D: freq1 1 20
[   136.19 ] D: freq1 1 20
[   136.20 ] D: freq1 1 20
[   136.20 ] D: freq1 1 20
[   136.20 ] D: freq1 1 20
[   136.20 ] D: freq1 1 20
[   136.22 ] D: freq1 1 20
[   136.22 ] D: freq1 1 20
[   136.22 ] D: freq1 1 20
[   136.24 ] D: freq1 1 20
[   136.24 ] D: freq1 1 20
[   136.24 ] D: freq1 1 20
[   136.26 ] D: freq1 1 20
[   136.26 ] D: freq1 1 20
[   136.26 ] D: freq1 1 20
[   136.27 ] D: freq1 1 20
[   136.27 ] D: freq1 1 20
[   136.27 ] D: freq1 1 20
[   136.29 ] D: freq1 1 20
[   136.29 ] D: freq1 1 20
[   136.29 ] D: freq1 1 20
[   136.31 ] D: freq1 1 20
[   136.31 ] D: freq1 1 20
[   136.31 ] D: freq1 1 20
[   136.33 ] D: freq1 1 20
[   136.33 ] D: freq1 1 20
[   136.34 ] D: freq1 1 20
[   136.34 ] D: freq1 1 20
[   136.34 ] D: freq1 1 20
[   136.34 ] D: freq1 1 20
[   136.36 ] D: freq1 1 20
[   136.36 ] D: freq1 1 20
[   136.36 ] D: freq1 1 20
[   136.38 ] D: freq1 1 20
[   136.38 ] D: freq1 1 20
[   136.38 ] D: freq1 1 20
[   136.40 ] D: freq1 1 20
[   136.40 ] D: freq1 1 20
[   136.40 ] D: freq1 1 20
[   136.41 ] D: freq1 1 20
[   136.41 ] D: freq1 1 20
[   136.41 ] D: freq1 1 20
[   136.43 ] D: freq1 1 20
[   136.43 ] D: freq1 1 20
[   136.43 ] D: freq1 1 20
[   136.45 ] D: freq1 1 20
[   136.45 ] D: freq1 1 20
[   136.45 ] D: freq1 1 20
[   136.47 ] D: freq1 1 20
[   136.47 ] D: freq1 1 20
[   136.48 ] D: freq1 1 20
[   136.48 ] D: freq1 1 20
[   136.48 ] D: freq1 1 20
[   136.49 ] D: freq1 1 20
[   136.50 ] D: freq1 1 20
[   136.50 ] D: freq1 1 20
[   136.50 ] D: freq1 1 20
[   136.52 ] D: freq1 1 20
[   136.52 ] D: freq1 1 20
[   136.52 ] D: freq1 1 20
[   136.54 ] D: freq1 1 20
[   136.54 ] D: fre