[     4.49 ] I: Log: Log file open in follow path at 1403/6/14 22:28:32 : C:\Users\AmirPasha\Desktop\Rpos\DAW-3\build2019\debug\Logs\Launch.log
[     4.49 ] I: The subsystem "class DGE::Core::IO::LogSystem::Logger" is registered successfully.
[     4.49 ] I: The subsystem "class DGE::Core::Windows::QtWindow" is registered successfully.
[     4.49 ] D: API version is: 4.60 ,shader version is: 4.60
[     4.49 ] I: The subsystem "class DGE::GFX::GCore::QtWrapper::QtRenderer" is registered successfully.
[     4.49 ] I: Current Render API is: 4.60
[     4.49 ] I: The subsystem "Renderer" is registered successfully.
[     4.49 ] I: The subsystem "class DGE::Core::Platforms::QtPlatform" is registered successfully.
[     4.49 ] I: The subsystem "Platform" is registered successfully.
[     4.49 ] I: The subsystem "class DGE::Core::IO::FileSystem::FileManager" is registered successfully.
[     4.49 ] I: The subsystem "class DGE::Core::CoreModule" is registered successfully.
[     4.49 ] I: The subsystem "class DGE::Core::Profiling::Profiler" is registered successfully.
[     4.49 ] I: The subsystem "class DGE::GFX::DrawablesManager" is registered successfully.
[     4.49 ] I: #version 460 core
#define GLES_Ver 460

[     4.49 ] I: The subsystem "class DGE::GFX::GraphicsManager" is registered successfully.
[     4.49 ] I: The subsystem "class DGE::GFX::GFXModule" is registered successfully.
[     4.57 ] D: Shader Compile successfully.
[     4.57 ] I: The subsystem "class DGE::Scene::ViewportManager" is registered successfully.
[     4.57 ] I: The subsystem "class DGE::Scene::SceneModule" is registered successfully.
[     4.57 ] I: The subsystem "class DGE::Managers::RenderManager" is registered successfully.
[     4.57 ] D: Engine Enabled
[     4.57 ] I: The subsystem "class DGE::Engine" is registered successfully.
[     4.57 ] D: Node with id 1 is added to Qt layer
[     4.57 ] D: Node with id 2460 is added to Qt layer
[     4.57 ] D: Node with id 2462 is added to Qt layer
[     4.57 ] D: Node with id 2464 is added to Qt layer
[     4.57 ] D: Node with id 2466 is added to Qt layer
[     4.57 ] D: Node with id 2468 is added to Qt layer
[     4.57 ] D: Node with id 2470 is added to Qt layer
[     4.57 ] D: Node with id 2472 is added to Qt layer
[     4.57 ] D: Node with id 2474 is added to Qt layer
[     4.57 ] D: Node with id 2476 is added to Qt layer
[     4.57 ] D: Node with id 2478 is added to Qt layer
[     4.57 ] D: Node with id 2480 is added to Qt layer
[     4.57 ] D: Node with id 2482 is added to Qt layer
[     4.57 ] D: Node with id 2484 is added to Qt layer
[     4.57 ] D: Node with id 2486 is added to Qt layer
[     4.57 ] D: Node with id 2487 is added to Qt layer
[     4.57 ] D: Node with id 2489 is added to Qt layer
[     4.57 ] D: Node with id 2491 is added to Qt layer
[     4.57 ] D: Node with id 3 is added to Qt layer
[     4.57 ] D: Node with id 2493 is added to Qt layer
[     4.58 ] S: New view-port registered with id: 1
[     4.58 ] S: New view-port registered with id: 2
[     4.58 ] S: New view-port registered with id: 3
[     4.58 ] S: New view-port registered with id: 4
[     4.58 ] S: New view-port registered with id: 5
[     4.58 ] S: New view-port registered with id: 6
[     4.68 ] D: Creating suitable QNanoBackend for OpenGL 4.6 context
[     4.68 ] D: Using backend: "OpenGL 3"
[     4.71 ] W: Floating point comparison needs context sanity check
[     4.71 ] D: QT onScaleChanged=  144
[     4.73 ] W: ShaderEffectSource: 'recursive' must be set to true when rendering recursively.
[     4.74 ] W: ShaderEffectSource: 'recursive' must be set to true when rendering recursively.
[     4.74 ] W: ShaderEffectSource: 'recursive' must be set to true when rendering recursively.
[     4.74 ] W: ShaderEffectSource: 'recursive' must be set to true when rendering recursively.
[     4.91 ] D: Engine Started.
[     9.12 ] D: P1 -290
[     9.13 ] D: P1 -345
[     9.13 ] D: P14
[     9.13 ] W: qrc:/main.qml:663: TypeError: Cannot read property 'contentY' of undefined
[     9.13 ] D: P1 -357
[     9.13 ] D: P14
[     9.13 ] W: qrc:/main.qml:663: TypeError: Cannot read property 'contentY' of undefined
[     9.13 ] D: P1 -363
[     9.13 ] D: P14
[     9.13 ] D: P1 -368
[     9.13 ] D: P14
[     9.13 ] D: P1 -372
[     9.14 ] D: P1 -377
[     9.14 ] D: P1 -386
[     9.14 ] D: P1 -391
[     9.14 ] D: P1 -395
[     9.15 ] D: P1 -399
[     9.15 ] D: P1 -413
[     9.16 ] D: P1 -415
[     9.16 ] D: P1 -419
[     9.16 ] D: P1 -422
[     9.17 ] D: P1 -436
[     9.18 ] D: P1 -439
[     9.18 ] D: P1 -442
[     9.18 ] D: P1 -444
[     9.19 ] D: P1 -452
[     9.19 ] D: P1 -453
[     9.19 ] D: P1 -455
[     9.19 ] D: P1 -457
[     9.19 ] D: P1 -459
[     9.21 ] D: P1 -466
[     9.40 ] D: P1 -463
[     9.40 ] D: P1 -452
[     9.40 ] D: P1 -450
[     9.40 ] D: P1 -448
[     9.40 ] D: P1 -446
[     9.41 ] D: P1 -444
[     9.42 ] D: P1 -437
[     9.42 ] D: P1 -436
[     9.42 ] D: P1 -435
[     9.43 ] D: P1 -430
[     9.43 ] D: P1 -429
[     9.43 ] D: P1 -428
[     9.44 ] D: P1 -428
[     9.45 ] D: P1 -427
[     9.45 ] D: P1 -424
[     9.45 ] D: P1 -424
[     9.45 ] D: P1 -423
[     9.45 ] D: P1 -423
[     9.47 ] D: P1 -420
[     9.47 ] D: P1 -420
[     9.47 ] D: P1 -419
[     9.47 ] D: P1 -419
[     9.48 ] D: P1 -415
[     9.48 ] D: P1 -413
[     9.49 ] D: P1 -412
[     9.49 ] D: P1 -412
[     9.50 ] D: P1 -411
[     9.50 ] D: P1 -408
[     9.50 ] D: P1 -407
[     9.50 ] D: P1 -407
[     9.51 ] D: P1 -406
[     9.52 ] D: P1 -404
[     9.52 ] D: P1 -403
[     9.52 ] D: P1 -403
[     9.52 ] D: P1 -403
[     9.53 ] D: P1 -402
[     9.53 ] D: P1 -402
[     9.53 ] D: P1 -402
[     9.54 ] D: P1 -402
[     9.54 ] D: P1 -401
[     9.55 ] D: P1 -401
[     9.55 ] D: P1 -401
[     9.55 ] D: P1 -401
[     9.55 ] D: P1 -401
[     9.57 ] D: P1 -400
[     9.57 ] D: P1 -400
[     9.57 ] D: P1 -400
[     9.58 ] D: P1 -400
[     9.59 ] D: P1 -400
[     9.82 ] D: sltPositionChanged 308700
[     9.82 ] D: frame_offset 0 0 217
[     9.82 ] D: frame_offset 0 1 217
[     9.82 ] D: frame_offset 0 2 217
[     9.82 ] D: frame_offset 0 3 217
[     9.83 ] D: frame_offset 0 4 217
[     9.83 ] D: findOverlayItems 1 0
[     9.83 ] D: "{03181711-73c8-4325-a24d-149763a9286a}" i.value()->sampleClip()->startTime()  7000 329833 329833 7000
[     9.83 ] D: findOverlayItems
[     9.85 ] D: sltPositionChanged 308700
[     9.85 ] D: frame_offset 0 0 217
[     9.85 ] D: frame_offset 0 1 217
[     9.85 ] D: frame_offset 0 2 217
[     9.85 ] D: frame_offset 0 3 217
[     9.86 ] D: frame_offset 0 4 217
[    10.15 ] D: findTrackIndexByPoint 0 QRect(0,0 1707x111) true QPointF(187,51)
[    12.41 ] D: _editController->getParameterCount() 143
[    12.41 ] D: info.stepCount 0xec719d5050 0.7 0 0
[    12.41 ] D: info.stepCount 0xec719d5050 0.5 0 0
[    12.41 ] D: info.stepCount 0xec719d5050 0 1 0
[    12.41 ] D: info.stepCount 0xec719d5050 0.5 0 0
[    12.41 ] D: info.stepCount 0xec719d5050 0.5 0 0
[    12.41 ] D: info.stepCount 0xec719d5050 0.5 0 0
[    12.41 ] D: info.stepCount 0xec719d5050 0.5 0 0
[    12.41 ] D: info.stepCount 0xec719d5050 0 1 0
[    12.41 ] D: info.stepCount 0xec719d5050 0 1 0
[    12.41 ] D: info.stepCount 0xec719d5050 0 0 0
[    12.41 ] D: info.stepCount 0xec719d5050 0 0 0
[    12.41 ] D: info.stepCount 0xec719d5050 0 0 0
[    12.41 ] D: info.stepCount 0xec719d5050 0 0 0
[    12.41 ] D: info.stepCount 0xec719d5050 0 0 0
[    12.41 ] D: info.stepCount 0xec719d5050 0 0 0
[    12.41 ] D: info.stepCount 0xec719d5050 0 0 0
[    12.41 ] D: info.stepCount 0xec719d5050 0 0 0
[    12.41 ] D: info.stepCount 0xec719d5050 0 0 0
[    12.41 ] D: info.stepCount 0xec719d5050 0 0 0
[    12.41 ] D: info.stepCount 0xec719d5050 0 0 0
[    12.41 ] D: info.stepCount 0xec719d5050 0 0 0
[    12.41 ] D: info.stepCount 0xec719d5050 0 0 0
[    12.41 ] D: info.stepCount 0xec719d5050 0 0 0
[    12.41 ] D: info.stepCount 0xec719d5050 0 0 0
[    12.41 ] D: info.stepCount 0xec719d5050 0 0 0
[    12.41 ] D: info.stepCount 0xec719d5050 0 0 0
[    12.41 ] D: info.stepCount 0xec719d5050 0 0 0
[    12.41 ] D: info.stepCount 0xec719d5050 0 0 0
[    12.41 ] D: info.stepCount 0xec719d5050 0 0 0
[    12.41 ] D: info.stepCount 0xec719d5050 0 0 0
[    12.41 ] D: info.stepCount 0xec719d5050 0 0 0
[    12.41 ] D: info.stepCount 0xec719d5050 0 0 0
[    12.41 ] D: info.stepCount 0xec719d5050 0 0 0
[    12.41 ] D: info.stepCount 0xec719d5050 0 0 0
[    12.41 ] D: info.stepCount 0xec719d5050 0 0 0
[    12.41 ] D: info.stepCount 0xec719d5050 0 0 0
[    12.41 ] D: info.stepCount 0xec719d5050 0 0 0
[    12.41 ] D: info.stepCount 0xec719d5050 0 0 0
[    12.41 ] D: info.stepCount 0xec719d5050 0 0 0
[    12.41 ] D: info.stepCount 0xec719d5050 0 0 0
[    12.41 ] D: info.stepCount 0xec719d5050 0 0 0
[    12.41 ] D: info.stepCount 0xec719d5050 0 0 0
[    12.41 ] D: info.stepCount 0xec719d5050 0 0 0
[    12.41 ] D: info.stepCount 0xec719d5050 0 0 0
[    12.41 ] D: info.stepCount 0xec719d5050 0 0 0
[    12.41 ] D: info.stepCount 0xec719d5050 0 0 0
[    12.41 ] D: info.stepCount 0xec719d5050 0 0 0
[    12.41 ] D: info.stepCount 0xec719d5050 0 0 0
[    12.41 ] D: info.stepCount 0xec719d5050 0 0 0
[    12.41 ] D: info.stepCount 0xec719d5050 0 0 0
[    12.41 ] D: info.stepCount 0xec719d5050 0 0 0
[    12.41 ] D: info.stepCount 0xec719d5050 0 0 0
[    12.41 ] D: info.stepCount 0xec719d5050 0 0 0
[    12.41 ] D: info.stepCount 0xec719d5050 0 0 0
[    12.41 ] D: info.stepCount 0xec719d5050 0 0 0
[    12.41 ] D: info.stepCount 0xec719d5050 0 0 0
[    12.41 ] D: info.stepCount 0xec719d5050 0 0 0
[    12.41 ] D: info.stepCount 0xec719d5050 0 0 0
[    12.41 ] D: info.stepCount 0xec719d5050 0 0 0
[    12.41 ] D: info.stepCount 0xec719d5050 0 0 0
[    12.41 ] D: info.stepCount 0xec719d5050 0 0 0
[    12.41 ] D: info.stepCount 0xec719d5050 0 0 0
[    12.41 ] D: info.stepCount 0xec719d5050 0 0 0
[    12.41 ] D: info.stepCount 0xec719d5050 0 0 0
[    12.41 ] D: info.stepCount 0xec719d5050 0 0 0
[    12.41 ] D: info.stepCount 0xec719d5050 0 0 0
[    12.41 ] D: info.stepCount 0xec719d5050 0 0 0
[    12.41 ] D: info.stepCount 0xec719d5050 0 0 0
[    12.41 ] D: info.stepCount 0xec719d5050 0 0 0
[    12.41 ] D: info.stepCount 0xec719d5050 0 0 0
[    12.41 ] D: info.stepCount 0xec719d5050 0 0 0
[    12.41 ] D: info.stepCount 0xec719d5050 0 0 0
[    12.41 ] D: info.stepCount 0xec719d5050 0 0 0
[    12.41 ] D: info.stepCount 0xec719d5050 0 0 0
[    12.41 ] D: info.stepCount 0xec719d5050 0 0 0
[    12.41 ] D: info.stepCount 0xec719d5050 0 0 0
[    12.41 ] D: info.stepCount 0xec719d5050 0 0 0
[    12.41 ] D: info.stepCount 0xec719d5050 0 0 0
[    12.41 ] D: info.stepCount 0xec719d5050 0 0 0
[    12.41 ] D: info.stepCount 0xec719d5050 0 0 0
[    12.41 ] D: info.stepCount 0xec719d5050 0 0 0
[    12.41 ] D: info.stepCount 0xec719d5050 0 0 0
[    12.41 ] D: info.stepCount 0xec719d5050 0 0 0
[    12.41 ] D: info.stepCount 0xec719d5050 0 0 0
[    12.41 ] D: info.stepCount 0xec719d5050 0 0 0
[    12.41 ] D: info.stepCount 0xec719d5050 0 0 0
[    12.41 ] D: info.stepCount 0xec719d5050 0 0 0
[    12.41 ] D: info.stepCount 0xec719d5050 0 0 0
[    12.41 ] D: info.stepCount 0xec719d5050 0 0 0
[    12.41 ] D: info.stepCount 0xec719d5050 0 0 0
[    12.41 ] D: info.stepCount 0xec719d5050 0 0 0
[    12.41 ] D: info.stepCount 0xec719d5050 0 0 0
[    12.41 ] D: info.stepCount 0xec719d5050 0 0 0
[    12.41 ] D: info.stepCount 0xec719d5050 0 0 0
[    12.41 ] D: info.stepCount 0xec719d5050 0 0 0
[    12.41 ] D: info.stepCount 0xec719d5050 0 0 0
[    12.41 ] D: info.stepCount 0xec719d5050 0 0 0
[    12.41 ] D: info.stepCount 0xec719d5050 0 0 0
[    12.41 ] D: info.stepCount 0xec719d5050 0 0 0
[    12.41 ] D: info.stepCount 0xec719d5050 0 0 0
[    12.41 ] D: info.stepCount 0xec719d5050 0 0 0
[    12.41 ] D: info.stepCount 0xec719d5050 0 0 0
[    12.41 ] D: info.stepCount 0xec719d5050 0 0 0
[    12.41 ] D: info.stepCount 0xec719d5050 0 0 0
[    12.41 ] D: info.stepCount 0xec719d5050 0 0 0
[    12.41 ] D: info.stepCount 0xec719d5050 0 0 0
[    12.41 ] D: info.stepCount 0xec719d5050 0 0 0
[    12.41 ] D: info.stepCount 0xec719d5050 0 0 0
[    12.41 ] D: info.stepCount 0xec719d5050 0 0 0
[    12.41 ] D: info.stepCount 0xec719d5050 0 0 0
[    12.41 ] D: info.stepCount 0xec719d5050 0 0 0
[    12.41 ] D: info.stepCount 0xec719d5050 0 0 0
[    12.41 ] D: info.stepCount 0xec719d5050 0 0 0
[    12.41 ] D: info.stepCount 0xec719d5050 0 0 0
[    12.41 ] D: info.stepCount 0xec719d5050 0 0 0
[    12.41 ] D: info.stepCount 0xec719d5050 0 0 0
[    12.41 ] D: info.stepCount 0xec719d5050 0 0 0
[    12.42 ] D: info.stepCount 0xec719d5050 0 0 0
[    12.42 ] D: info.stepCount 0xec719d5050 0 0 0
[    12.42 ] D: info.stepCount 0xec719d5050 0 0 0
[    12.42 ] D: info.stepCount 0xec719d5050 0 0 0
[    12.42 ] D: info.stepCount 0xec719d5050 0 0 0
[    12.42 ] D: info.stepCount 0xec719d5050 0 0 0
[    12.42 ] D: info.stepCount 0xec719d5050 0 0 0
[    12.42 ] D: info.stepCount 0xec719d5050 0 0 0
[    12.42 ] D: info.stepCount 0xec719d5050 0 0 0
[    12.42 ] D: info.stepCount 0xec719d5050 0 0 0
[    12.42 ] D: info.stepCount 0xec719d5050 0 0 0
[    12.42 ] D: info.stepCount 0xec719d5050 0 0 0
[    12.42 ] D: info.stepCount 0xec719d5050 0 0 0
[    12.42 ] D: info.stepCount 0xec719d5050 0 0 0
[    12.42 ] D: info.stepCount 0xec719d5050 0 0 0
[    12.42 ] D: info.stepCount 0xec719d5050 0 0 0
[    12.42 ] D: info.stepCount 0xec719d5050 0 0 0
[    12.42 ] D: info.stepCount 0xec719d5050 0 0 0
[    12.42 ] D: info.stepCount 0xec719d5050 0 0 0
[    12.42 ] D: info.stepCount 0xec719d5050 0 0 0
[    12.42 ] D: info.stepCount 0xec719d5050 0 0 0
[    12.42 ] D: info.stepCount 0xec719d5050 0 0 0
[    12.42 ] D: info.stepCount 0xec719d5050 0 0 0
[    12.42 ] D: info.stepCount 0xec719d5050 0 0 0
[    12.42 ] D: info.stepCount 0xec719d5050 0 0 0
[    12.42 ] D: info.stepCount 0xec719d5050 0 0 0
[    12.43 ] D: effectModel.controls Vst3Effect(0x2cb14ee68a0)
[    12.43 ] D: ADDED
[    12.47 ] W: qrc:/Vst3Effect.qml:35: ReferenceError: enable is not defined
[    15.52 ] D: findTrackIndexByPoint 0 QRect(0,0 1707x111) true QPointF(245,86)
[    15.92 ] D: _requestForLoading false false
[    15.92 ] D: _requestForLoading2
[    15.92 ] D: _numberOfSampleBuffer 1
[    15.92 ] D: START TO load 0
[    15.92 ] D: sltPositionChanged 617400 true
[    15.92 ] D: START TO load 1
[    15.92 ] D: START TO load 2
[    15.92 ] D: START TO load 3
[    15.92 ] D: frame_offset 4 0 217
[    15.92 ] D: frame_offset 4 1 217
[    15.92 ] D: frame_offset 4 2 217
[    15.93 ] D: frame_offset 4 3 217
[    15.93 ] D: frame_offset 4 4 217
[    15.93 ] D: sltFirstBufferFilled ("{03181711-73c8-4325-a24d-149763a9286a}") "{03181711-73c8-4325-a24d-149763a9286a}" true
[    15.93 ] D: _requestForLoading true false
[    16.38 ] D: AsyncFileReader 4 9
[    20.70 ] D: findTrackIndexByPoint 0 QRect(0,0 1707x111) true QPointF(273,61)
[    21.19 ] D: _requestForLoading false false
[    21.19 ] D: _requestForLoading2
[    21.19 ] D: _numberOfSampleBuffer 1
[    21.19 ] D: START TO load 0
[    21.19 ] D: sltPositionChanged 617400 true
[    21.19 ] D: START TO load 1
[    21.19 ] D: START TO load 2
[    21.19 ] D: START TO load 3
[    21.19 ] D: frame_offset 4 0 217
[    21.19 ] D: frame_offset 4 1 217
[    21.19 ] D: frame_offset 4 2 217
[    21.19 ] D: frame_offset 4 3 217
[    21.20 ] D: frame_offset 4 4 217
[    21.22 ] D: sltFirstBufferFilled ("{03181711-73c8-4325-a24d-149763a9286a}") "{03181711-73c8-4325-a24d-149763a9286a}" true
[    21.22 ] D: _requestForLoading true false
[    21.64 ] D: AsyncFileReader 4 9
[    23.14 ] D: AsyncFileReader 0 10
[    24.62 ] D: AsyncFileReader 1 11
[    26.10 ] D: AsyncFileReader 2 12
[    27.59 ] D: AsyncFileReader 3 13
[    29.07 ] D: AsyncFileReader 4 14
[    30.55 ] D: AsyncFileReader 0 15
[    32.05 ] D: AsyncFileReader 1 16
[    32.25 ] D: trackLighting func
[    32.25 ] W: qrc:/FunctionTrackAudio.qml:74: ReferenceError: trackAudioModel is not defined
[    33.53 ] D: AsyncFileReader 2 17
[    33.55 ] D: trackLighting func
[    33.55 ] W: qrc:/FunctionTrackAudio.qml:74: ReferenceError: trackAudioModel is not defined
[    35.01 ] D: AsyncFileReader 3 18
[    36.51 ] D: AsyncFileReader 4 19
[    37.99 ] D: AsyncFileReader 0 20
[    39.47 ] D: AsyncFileReader 1 21
[    40.97 ] D: AsyncFileReader 2 22
[    42.15 ] D: _requestForLoading false false
[    42.15 ] D: _requestForLoading2
[    42.15 ] D: _numberOfSampleBuffer 1
[    42.15 ] D: START TO load 0
[    42.15 ] D: sltPositionChanged 617400 true
[    42.15 ] D: START TO load 1
[    42.15 ] D: START TO load 2
[    42.15 ] D: START TO load 3
[    42.15 ] D: frame_offset 4 0 217
[    42.15 ] D: frame_offset 4 1 217
[    42.15 ] D: frame_offset 4 2 217
[    42.16 ] D: frame_offset 4 3 217
[    42.16 ] D: frame_offset 4 4 217
[    42.17 ] D: sltFirstBufferFilled ("{03181711-73c8-4325-a24d-149763a9286a}") "{03181711-73c8-4325-a24d-149763a9286a}" true
[    42.17 ] D: _requestForLoading true false
[    42.61 ] D: AsyncFileReader 4 9
[    44.10 ] D: AsyncFileReader 0 10
[    45.58 ] D: AsyncFileReader 1 11
[    47.06 ] D: AsyncFileReader 2 12
[    47.78 ] D: _editController->getParameterCount() 21
[    47.78 ] D: info.stepCount 0xec719d5050 1 0 0
[    47.78 ] D: info.stepCount 0xec719d5050 0.02 0 0
[    47.78 ] D: info.stepCount 0xec719d5050 0.019019 0 0
[    47.78 ] D: info.stepCount 0xec719d5050 0.530201 0 0
[    47.78 ] D: info.stepCount 0xec719d5050 0.5 0 0
[    47.78 ] D: info.stepCount 0xec719d5050 0.5 0 0
[    47.78 ] D: info.stepCount 0xec719d5050 1 0 0
[    47.78 ] D: info.stepCount 0xec719d5050 0.0909091 0 0
[    47.78 ] D: info.stepCount 0xec719d5050 0.5 0 0
[    47.78 ] D: info.stepCount 0xec719d5050 0.333333 0 0
[    47.78 ] D: info.stepCount 0xec719d5050 0.0909091 0 0
[    47.78 ] D: info.stepCount 0xec719d5050 0.444444 0 0
[    47.78 ] D: info.stepCount 0xec719d5050 0.530201 0 0
[    47.78 ] D: info.stepCount 0xec719d5050 0.029029 0 0
[    47.78 ] D: info.stepCount 0xec719d5050 0.1 0 0
[    47.78 ] D: info.stepCount 0xec719d5050 0.0909091 0 0
[    47.78 ] D: info.stepCount 0xec719d5050 0 0 0
[    47.78 ] D: info.stepCount 0xec719d5050 0 0 0
[    47.78 ] D: info.stepCount 0xec719d5050 1 0 0
[    47.78 ] D: info.stepCount 0xec719d5050 0.0833333 0 0
[    47.78 ] D: info.stepCount 0xec719d5050 0 1 0
[    47.78 ] D: effectModel.controls Vst3Effect(0x2cb14eed8c0)
[    47.78 ] D: ADDED
[    47.80 ] W: qrc:/Vst3Effect.qml:35: ReferenceError: enable is not defined
[    48.56 ] D: AsyncFileReader 3 13
[    50.04 ] D: AsyncFileReader 4 14
[    51.52 ] D: AsyncFileReader 0 15
[    53.02 ] D: AsyncFileReader 1 16
[    54.50 ] D: AsyncFileReader 2 17
[    55.98 ] D: AsyncFileReader 3 18
[    57.48 ] D: AsyncFileReader 4 19
[    58.51 ] W: qrc:/Vst3Effect.qml:35: ReferenceError: enable is not defined
[    58.52 ] W: qrc:/Vst3Effect.qml:0: ReferenceError: enable is not defined
[    58.96 ] D: AsyncFileReader 0 20
[    60.44 ] D: AsyncFileReader 1 21
[    61.94 ] D: AsyncFileReader 2 22
[    63.42 ] D: AsyncFileReader 3 23
[    64.90 ] D: AsyncFileReader 4 24
[    66.39 ] D: AsyncFileReader 0 25
[    67.87 ] D: AsyncFileReader 1 26
[   131.18 ] W: qrc:/Vst3Effect.qml:0: ReferenceError: enable is not defined
[   131.20 ] W: qrc:/Vst3Effect.qml:0: ReferenceError: enable is not defined
[   282.62 ] D: _requestForLoading false false
[   282.62 ] D: _requestForLoading2
[   282.62 ] D: _numberOfSampleBuffer 1
[   282.62 ] D: START TO load 0
[   282.62 ] D: sltPositionChanged 617400 true
[   282.62 ] D: START TO load 1
[   282.62 ] D: START TO load 2
[   282.62 ] D: START TO load 3
[   282.62 ] D: frame_offset 4 0 217
[   282.62 ] D: frame_offset 4 1 217
[   282.62 ] D: frame_offset 4 2 217
[   282.63 ] D: frame_offset 4 3 217
[   282.63 ] D: frame_offset 4 4 217
[   282.63 ] D: sltFirstBufferFilled ("{03181711-73c8-4325-a24d-149763a9286a}") "{03181711-73c8-4325-a24d-149763a9286a}" true
[   282.63 ] D: _requestForLoading true false
[   283.06 ] D: AsyncFileReader 4 9
[   284.56 ] D: AsyncFileReader 0 10
[   286.04 ] D: AsyncFileReader 1 11
[   287.52 ] D: AsyncFileReader 2 12
[   289.02 ] D: AsyncFileReader 3 13
[   290.50 ] D: AsyncFileReader 4 14
[   291.98 ] D: AsyncFileReader 0 15
[   293.48 ] D: AsyncFileReader 1 16
[   294.96 ] D: AsyncFileReader 2 17
[   296.44 ] D: AsyncFileReader 3 18
[   297.94 ] D: AsyncFileReader 4 19
[   299.42 ] D: AsyncFileReader 0 20
[   300.90 ] D: AsyncFileReader 1 21
[   302.39 ] D: AsyncFileReader 2 22
[   303.87 ] D: AsyncFileReader 3 23
[   305.36 ] D: AsyncFileReader 4 24
[   306.85 ] D: AsyncFileReader 0 25
[   308.33 ] D: AsyncFileReader 1 26
[   309.81 ] D: AsyncFileReader 2 27
[   311.31 ] D: AsyncFileReader 3 28
[   312.79 ] D: AsyncFileReader 4 29
[   314.27 ] D: AsyncFileReader 0 30
[   315.77 ] D: AsyncFileReader 1 31
[   317.25 ] D: AsyncFileReader 2 32
[   318.73 ] D: AsyncFileReader 3 33
[   320.23 ] D: AsyncFileReader 4 34
[   321.71 ] D: AsyncFileReader 0 35
[   323.19 ] D: AsyncFileReader 1 36
[   324.69 ] D: AsyncFileReader 2 37
[   326.17 ] D: AsyncFileReader 3 38
[   327.65 ] D: AsyncFileReader 4 39
[   329.14 ] D: AsyncFileReader 0 40
[   330.62 ] D: AsyncFileReader 1 41
[   332.10 ] D: AsyncFileReader 2 42
[   333.60 ] D: AsyncFileReader 3 43
[   335.08 ] D: AsyncFileReader 4 44
[   336.56 ] D: AsyncFileReader 0 45
[   345.93 ] D: findTrackIndexByPoint 0 QRect(0,0 1707x111) true QPointF(224,64)
[   346.78 ] D: findTrackIndexByPoint 0 QRect(0,0 1707x111) true QPointF(217,74)
[   347.22 ] D: _requestForLoading false false
[   347.22 ] D: _requestForLoading2
[   347.22 ] D: _numberOfSampleBuffer 1
[   347.22 ] D: START TO load 0
[   347.22 ] D: sltPositionChanged 529200 true
[   347.22 ] D: START TO load 1
[   347.22 ] D: START TO load 2
[   347.22 ] D: START TO load 3
[   347.22 ] D: frame_offset 3 0 217
[   347.22 ] D: frame_offset 3 1 217
[   347.23 ] D: frame_offset 3 2 217
[   347.23 ] D: frame_offset 3 3 217
[   347.23 ] D: frame_offset 3 4 217
[   347.24 ] D: sltFirstBufferFilled ("{03181711-73c8-4325-a24d-149763a9286a}") "{03181711-73c8-4325-a24d-149763a9286a}" true
[   347.24 ] D: _requestForLoading true false
[   348.20 ] D: AsyncFileReader 3 8
[   349.68 ] D: AsyncFileReader 4 9
[   351.16 ] D: AsyncFileReader 0 10
[   351.60 ] W: qrc:/Vst3Effect.qml:0: ReferenceError: enable is not defined
[   352.65 ] D: AsyncFileReader 1 11
[   353.15 ] W: qrc:/Vst3Effect.qml:0: ReferenceError: enable is not defined
[   354.13 ] D: AsyncFileReader 2 12
[   355.61 ] D: AsyncFileReader 3 13
[   357.11 ] D: AsyncFileReader 4 14
[   358.59 ] D: AsyncFileReader 0 15
[   360.07 ] D: AsyncFileReader 1 16
[   361.57 ] D: AsyncFileReader 2 17
[   363.05 ] D: AsyncFileReader 3 18
[   364.53 ] D: AsyncFileReader 4 19
[   366.03 ] D: AsyncFileReader 0 20
[   367.51 ] D: AsyncFileReader 1 21
[   368.99 ] D: AsyncFileReader 2 22
[   370.49 ] D: AsyncFileReader 3 23
[   371.23 ] W: qrc:/Vst3Effect.qml:0: ReferenceError: enable is not defined
[   371.97 ] D: AsyncFileReader 4 24
[   373.45 ] D: AsyncFileReader 0 25
[   374.95 ] D: AsyncFileReader 1 26
[   376.43 ] D: AsyncFileReader 2 27
[   377.91 ] D: AsyncFileReader 3 28
[   379.40 ] D: AsyncFileReader 4 29
[   380.88 ] D: AsyncFileReader 0 30
[   382.36 ] D: AsyncFileReader 1 31
[   382.55 ] W: qrc:/Vst3Effect.qml:0: ReferenceError: enable is not defined
[   383.86 ] D: AsyncFileReader 2 32
[   385.34 ] D: AsyncFileReader 3 33
[   386.82 ] D: AsyncFileReader 4 34
[   388.32 ] D: AsyncFileReader 0 35
[   389.80 ] D: AsyncFileReader 1 36
[   391.28 ] D: AsyncFileReader 2 37
[   392.78 ] D: AsyncFileReader 3 38
[   394.26 ] D: AsyncFileReader 4 39
[   395.74 ] D: AsyncFileReader 0 40
[   397.24 ] D: AsyncFileReader 1 41
[   398.72 ] D: AsyncFileReader 2 42
[   400.20 ] D: AsyncFileReader 3 43
[   401.69 ] D: AsyncFileReader 4 44
[   403.17 ] D: AsyncFileReader 0 45
[   404.66 ] D: AsyncFileReader 1 46
[   406.15 ] D: AsyncFileReader 2 47
[   407.63 ] D: AsyncFileReader 3 48
[   409.11 ] D: AsyncFileReader 4 49
[   410.61 ] D: AsyncFileReader 0 50
[   412.09 ] D: AsyncFileReader 1 51
[   413.57 ] D: AsyncFileReader 2 52
[   415.07 ] D: AsyncFileReader 3 53
[   416.55 ] D: AsyncFileReader 4 54
[   418.03 ] D: AsyncFileReader 0 55
[   419.53 ] D: AsyncFileReader 1 56
[   421.01 ] D: AsyncFileReader 2 57
[   422.49 ] D: AsyncFileReader 3 58
[   423.99 ] D: AsyncFileReader 4 59
[   425.47 ] D: AsyncFileReader 0 60
[   426.95 ] D: AsyncFileReader 1 61
[   428.44 ] D: AsyncFileReader 2 62
[   429.92 ] D: AsyncFileReader 3 63
[   431.40 ] D: AsyncFileReader 4 64
[   432.24 ] D: Plugin does not support requested bus layout
[   432.25 ] D: ADDED
[   432.90 ] D: AsyncFileReader 0 65
[   434.38 ] D: AsyncFileReader 1 66
[   434.65 ] D: Plugin does not support requested bus layout
[   434.65 ] D: ADDED
[   435.07 ] D: Plugin does not support requested bus layout
[   435.07 ] D: ADDED
[   435.35 ] D: Plugin does not support requested bus layout
[   435.35 ] D: ADDED
[   435.86 ] D: AsyncFileReader 2 67
[   437.36 ] D: AsyncFileReader 3 68
[   438.84 ] D: AsyncFileReader 4 69
[   440.32 ] D: AsyncFileReader 0 70
[   441.82 ] D: AsyncFileReader 1 71
[   443.30 ] D: AsyncFileReader 2 72
[   444.78 ] D: AsyncFileReader 3 73
[   446.28 ] D: AsyncFileReader 4 74
[   447.76 ] D: AsyncFileReader 0 75
[   449.24 ] D: AsyncFileReader 1 76
[   450.74 ] D: AsyncFileReader 2 77
[   452.04 ] D: Plugin does not support requested bus layout
[   452.04 ] D: ADDED
[   452.22 ] D: AsyncFileReader 3 78
[   453.70 ] D: AsyncFileReader 4 79
[   455.19 ] D: AsyncFileReader 0 80
[   456.67 ] D: AsyncFileReader 1 81
[   457.32 ] D: Plugin does not support requested bus layout
[   457.32 ] D: ADDED
[   458.15 ] D: AsyncFileReader 2 82
[   459.65 ] D: AsyncFileReader 3 83
[   461.13 ] D: AsyncFileReader 4 84
[   462.61 ] D: AsyncFileReader 0 85
[   462.90 ] D: _editController->getParameterCount() 1423
[   462.90 ] D: info.stepCount 0xec719d5e90 0.5 0 0
[   462.90 ] D: info.stepCount 0xec719d5e90 0.333333 3 0
[   462.90 ] D: info.stepCount 0xec719d5e90 0.468889 0 1
[   462.90 ] D: info.stepCount 0xec719d5e90 0.25 4 1
[   462.90 ] D: info.stepCount 0xec719d5e90 0 7 1
[   462.90 ] D: info.stepCount 0xec719d5e90 0 0 1
[   462.90 ] D: info.stepCount 0xec719d5e90 0 0 1
[   462.90 ] D: info.stepCount 0xec719d5e90 0.722139 0 1
[   462.90 ] D: info.stepCount 0xec719d5e90 0.339917 0 1
[   462.90 ] D: info.stepCount 0xec719d5e90 0 1 1
[   462.90 ] D: info.stepCount 0xec719d5e90 1 1 1
[   462.90 ] D: info.stepCount 0xec719d5e90 1 1 1
[   462.90 ] D: info.stepCount 0xec719d5e90 0.550167 0 2
[   462.90 ] D: info.stepCount 0xec719d5e90 0.25 4 2
[   462.90 ] D: info.stepCount 0xec719d5e90 0 7 2
[   462.91 ] D: info.stepCount 0xec719d5e90 0 0 2
[   462.91 ] D: info.stepCount 0xec719d5e90 0 0 2
[   462.91 ] D: info.stepCount 0xec719d5e90 0.722194 0 2
[   462.91 ] D: info.stepCount 0xec719d5e90 0.660167 0 2
[   462.91 ] D: info.stepCount 0xec719d5e90 0 1 2
[   462.91 ] D: info.stepCount 0xec719d5e90 1 1 2
[   462.91 ] D: info.stepCount 0xec719d5e90 1 1 2
[   462.91 ] D: info.stepCount 0xec719d5e90 0.5 0 3
[   462.91 ] D: info.stepCount 0xec719d5e90 0 4 3
[   462.91 ] D: info.stepCount 0xec719d5e90 0.285714 7 3
[   462.91 ] D: info.stepCount 0xec719d5e90 0 0 3
[   462.91 ] D: info.stepCount 0xec719d5e90 0 0 3
[   462.91 ] D: info.stepCount 0xec719d5e90 0.635194 0 3
[   462.91 ] D: info.stepCount 0xec719d5e90 0.5 0 3
[   462.91 ] D: info.stepCount 0xec719d5e90 0 1 3
[   462.91 ] D: info.stepCount 0xec719d5e90 1 1 3
[   462.91 ] D: info.stepCount 0xec719d5e90 1 1 3
[   462.91 ] D: info.stepCount 0xec719d5e90 0.5 0 4
[   462.91 ] D: info.stepCount 0xec719d5e90 0.5 4 4
[   462.91 ] D: info.stepCount 0xec719d5e90 0 7 4
[   462.91 ] D: info.stepCount 0xec719d5e90 0 0 4
[   462.91 ] D: info.stepCount 0xec719d5e90 0 0 4
[   462.91 ] D: info.stepCount 0xec719d5e90 1 0 4
[   462.91 ] D: info.stepCount 0xec719d5e90 0.5 0 4
[   462.91 ] D: info.stepCount 0xec719d5e90 0 1 4
[   462.91 ] D: info.stepCount 0xec719d5e90 1 1 4
[   462.91 ] D: info.stepCount 0xec719d5e90 0 1 4
[   462.91 ] D: info.stepCount 0xec719d5e90 0 1 0
[   462.91 ] D: info.stepCount 0xec719d5e90 0 1 0
[   462.91 ] D: info.stepCount 0xec719d5e90 0 0 0
[   462.91 ] D: info.stepCount 0xec719d5e90 0 1 0
[   462.91 ] D: info.stepCount 0xec719d5e90 0.437101 0 5
[   462.91 ] D: info.stepCount 0xec719d5e90 0.5 0 5
[   462.91 ] D: info.stepCount 0xec719d5e90 0.5 0 5
[   462.91 ] D: info.stepCount 0xec719d5e90 0 10 5
[   462.91 ] D: info.stepCount 0xec719d5e90 0 6 5
[   462.91 ] D: info.stepCount 0xec719d5e90 0.666667 3 5
[   462.91 ] D: info.stepCount 0xec719d5e90 1 1 5
[   462.91 ] D: info.stepCount 0xec719d5e90 1 1 5
[   462.91 ] D: info.stepCount 0xec719d5e90 0.319014 0 6
[   462.91 ] D: info.stepCount 0xec719d5e90 0.5 0 6
[   462.91 ] D: info.stepCount 0xec719d5e90 0.5 0 6
[   462.91 ] D: info.stepCount 0xec719d5e90 0.6 10 6
[   462.91 ] D: info.stepCount 0xec719d5e90 0 6 6
[   462.91 ] D: info.stepCount 0xec719d5e90 0.333333 3 6
[   462.91 ] D: info.stepCount 0xec719d5e90 1 1 6
[   462.91 ] D: info.stepCount 0xec719d5e90 1 1 6
[   462.91 ] D: info.stepCount 0xec719d5e90 1 0 7
[   462.91 ] D: info.stepCount 0xec719d5e90 0.5 0 7
[   462.91 ] D: info.stepCount 0xec719d5e90 0.5 0 7
[   462.91 ] D: info.stepCount 0xec719d5e90 1 10 7
[   462.91 ] D: info.stepCount 0xec719d5e90 0 6 7
[   462.91 ] D: info.stepCount 0xec719d5e90 0.333333 3 7
[   462.91 ] D: info.stepCount 0xec719d5e90 1 1 7
[   462.91 ] D: info.stepCount 0xec719d5e90 0 1 7
[   462.91 ] D: info.stepCount 0xec719d5e90 1 0 8
[   462.91 ] D: info.stepCount 0xec719d5e90 0.5 0 8
[   462.91 ] D: info.stepCount 0xec719d5e90 0.5 0 8
[   462.91 ] D: info.stepCount 0xec719d5e90 1 10 8
[   462.91 ] D: info.stepCount 0xec719d5e90 0 6 8
[   462.91 ] D: info.stepCount 0xec719d5e90 0.333333 3 8
[   462.91 ] D: info.stepCount 0xec719d5e90 1 1 8
[   462.91 ] D: info.stepCount 0xec719d5e90 0 1 8
[   462.91 ] D: info.stepCount 0xec719d5e90 0.5 2 0
[   462.91 ] D: info.stepCount 0xec719d5e90 0.5 0 0
[   462.91 ] D: info.stepCount 0xec719d5e90 0.5 0 0
[   462.91 ] D: info.stepCount 0xec719d5e90 1 1 9
[   462.91 ] D: info.stepCount 0xec719d5e90 0.170317 0 9
[   462.91 ] D: info.stepCount 0xec719d5e90 0.575 0 9
[   462.91 ] D: info.stepCount 0xec719d5e90 0.649611 0 9
[   462.91 ] D: info.stepCount 0xec719d5e90 0.240611 0 9
[   462.91 ] D: info.stepCount 0xec719d5e90 1 1 10
[   462.91 ] D: info.stepCount 0xec719d5e90 0.170294 0 10
[   462.91 ] D: info.stepCount 0xec719d5e90 0.291219 0 10
[   462.91 ] D: info.stepCount 0xec719d5e90 0.5 0 10
[   462.91 ] D: info.stepCount 0xec719d5e90 0.5 0 10
[   462.91 ] D: info.stepCount 0xec719d5e90 0.5 4 10
[   462.91 ] D: info.stepCount 0xec719d5e90 0.199028 0 10
[   462.91 ] D: info.stepCount 0xec719d5e90 0.5 2 10
[   462.91 ] D: info.stepCount 0xec719d5e90 0 2 10
[   462.91 ] D: info.stepCount 0xec719d5e90 0.611848 0 11
[   462.91 ] D: info.stepCount 0xec719d5e90 0.5 0 11
[   462.91 ] D: info.stepCount 0xec719d5e90 0.5 0 11
[   462.91 ] D: info.stepCount 0xec719d5e90 0.1 10 11
[   462.91 ] D: info.stepCount 0xec719d5e90 0 6 11
[   462.91 ] D: info.stepCount 0xec719d5e90 0 3 11
[   462.91 ] D: info.stepCount 0xec719d5e90 1 1 11
[   462.91 ] D: info.stepCount 0xec719d5e90 1 1 11
[   462.91 ] D: info.stepCount 0xec719d5e90 0.398335 0 12
[   462.91 ] D: info.stepCount 0xec719d5e90 0.5 0 12
[   462.91 ] D: info.stepCount 0xec719d5e90 0.5 0 12
[   462.91 ] D: info.stepCount 0xec719d5e90 0.8 10 12
[   462.91 ] D: info.stepCount 0xec719d5e90 0.166667 6 12
[   462.91 ] D: info.stepCount 0xec719d5e90 0 3 12
[   462.91 ] D: info.stepCount 0xec719d5e90 1 1 12
[   462.91 ] D: info.stepCount 0xec719d5e90 1 1 12
[   462.91 ] D: info.stepCount 0xec719d5e90 0.713063 0 13
[   462.91 ] D: info.stepCount 0xec719d5e90 0.5 0 13
[   462.91 ] D: info.stepCount 0xec719d5e90 0.7429 0 13
[   462.91 ] D: info.stepCount 0xec719d5e90 1 10 13
[   462.91 ] D: info.stepCount 0xec719d5e90 0.833333 6 13
[   462.91 ] D: info.stepCount 0xec719d5e90 0 3 13
[   462.91 ] D: info.stepCount 0xec719d5e90 1 1 13
[   462.91 ] D: info.stepCount 0xec719d5e90 1 1 13
[   462.91 ] D: info.stepCount 0xec719d5e90 0.490429 0 14
[   462.91 ] D: info.stepCount 0xec719d5e90 0.5 0 14
[   462.91 ] D: info.stepCount 0xec719d5e90 0.356498 0 14
[   462.91 ] D: info.stepCount 0xec719d5e90 1 10 14
[   462.91 ] D: info.stepCount 0xec719d5e90 0.5 6 14
[   462.91 ] D: info.stepCount 0xec719d5e90 0 3 14
[   462.91 ] D: info.stepCount 0xec719d5e90 1 1 14
[   462.91 ] D: info.stepCount 0xec719d5e90 1 1 14
[   462.91 ] D: info.stepCount 0xec719d5e90 1 1 15
[   462.91 ] D: info.stepCount 0xec719d5e90 0.250417 0 15
[   462.91 ] D: info.stepCount 0xec719d5e90 1 1 15
[   462.91 ] D: info.stepCount 0xec719d5e90 0.482047 0 15
[   462.91 ] D: info.stepCount 0xec719d5e90 0.85 0 15
[   462.91 ] D: info.stepCount 0xec719d5e90 0.749361 0 15
[   462.91 ] D: info.stepCount 0xec719d5e90 0 1 16
[   462.91 ] D: info.stepCount 0xec719d5e90 0.5 0 16
[   462.91 ] D: info.stepCount 0xec719d5e90 0 1 16
[   462.91 ] D: info.stepCount 0xec719d5e90 0.315611 0 16
[   462.91 ] D: info.stepCount 0xec719d5e90 0.750222 0 16
[   462.91 ] D: info.stepCount 0xec719d5e90 0.5 0 16
[   462.91 ] D: info.stepCount 0xec719d5e90 0 0 16
[   462.91 ] D: info.stepCount 0xec719d5e90 1 1 17
[   462.91 ] D: info.stepCount 0xec719d5e90 0.00105986 0 17
[   462.91 ] D: info.stepCount 0xec719d5e90 1 1 17
[   462.91 ] D: info.stepCount 0xec719d5e90 0 1 18
[   462.91 ] D: info.stepCount 0xec719d5e90 1 0 18
[   462.91 ] D: info.stepCount 0xec719d5e90 1 1 18
[   462.91 ] D: info.stepCount 0xec719d5e90 0.8 0 18
[   462.91 ] D: info.stepCount 0xec719d5e90 0.02 0 18
[   462.91 ] D: info.stepCount 0xec719d5e90 0.220694 0 18
[   462.91 ] D: info.stepCount 0xec719d5e90 0.5 6 0
[   462.91 ] D: info.stepCount 0xec719d5e90 0.72522 0 19
[   462.91 ] D: info.stepCount 0xec719d5e90 0.515732 0 19
[   462.91 ] D: info.stepCount 0xec719d5e90 1 1 19
[   462.91 ] D: info.stepCount 0xec719d5e90 0 1 19
[   462.91 ] D: info.stepCount 0xec719d5e90 0.5 0 20
[   462.91 ] D: info.stepCount 0xec719d5e90 0.798813 0 20
[   462.91 ] D: info.stepCount 0xec719d5e90 0 1 20
[   462.92 ] D: info.stepCount 0xec719d5e90 1 1 20
[   462.92 ] D: info.stepCount 0xec719d5e90 0.5 0 21
[   462.92 ] D: info.stepCount 0xec719d5e90 0.5 0 21
[   462.92 ] D: info.stepCount 0xec719d5e90 0 1 21
[   462.92 ] D: info.stepCount 0xec719d5e90 1 1 21
[   462.92 ] D: info.stepCount 0xec719d5e90 0.5 0 22
[   462.92 ] D: info.stepCount 0xec719d5e90 0.5 0 22
[   462.92 ] D: info.stepCount 0xec719d5e90 1 1 22
[   462.92 ] D: info.stepCount 0xec719d5e90 1 1 22
[   462.92 ] D: info.stepCount 0xec719d5e90 0.5 0 23
[   462.92 ] D: info.stepCount 0xec719d5e90 0.5 0 23
[   462.92 ] D: info.stepCount 0xec719d5e90 1 1 23
[   462.92 ] D: info.stepCount 0xec719d5e90 1 1 23
[   462.92 ] D: info.stepCount 0xec719d5e90 0.5 0 24
[   462.92 ] D: info.stepCount 0xec719d5e90 0.5 0 24
[   462.92 ] D: info.stepCount 0xec719d5e90 1 1 24
[   462.92 ] D: info.stepCount 0xec719d5e90 1 1 24
[   462.92 ] D: info.stepCount 0xec719d5e90 0.166667 6 0
[   462.92 ] D: info.stepCount 0xec719d5e90 0.75 0 25
[   462.92 ] D: info.stepCount 0xec719d5e90 0.529528 0 25
[   462.92 ] D: info.stepCount 0xec719d5e90 0.5 0 25
[   462.92 ] D: info.stepCount 0xec719d5e90 0.5 0 25
[   462.92 ] D: info.stepCount 0xec719d5e90 0 0 25
[   462.92 ] D: info.stepCount 0xec719d5e90 1 0 25
[   462.92 ] D: info.stepCount 0xec719d5e90 0 11 25
[   462.92 ] D: info.stepCount 0xec719d5e90 0 2 25
[   462.92 ] D: info.stepCount 0xec719d5e90 0 1 25
[   462.92 ] D: info.stepCount 0xec719d5e90 0.0666667 15 25
[   462.92 ] D: info.stepCount 0xec719d5e90 0.182083 0 25
[   462.92 ] D: info.stepCount 0xec719d5e90 0 0 25
[   462.92 ] D: info.stepCount 0xec719d5e90 0.666667 3 25
[   462.92 ] D: info.stepCount 0xec719d5e90 0 1 25
[   462.92 ] D: info.stepCount 0xec719d5e90 1 0 25
[   462.92 ] D: info.stepCount 0xec719d5e90 0 0 25
[   462.92 ] D: info.stepCount 0xec719d5e90 0.666667 3 25
[   462.92 ] D: info.stepCount 0xec719d5e90 0 1 25
[   462.92 ] D: info.stepCount 0xec719d5e90 0.5 0 25
[   462.92 ] D: info.stepCount 0xec719d5e90 0 0 25
[   462.92 ] D: info.stepCount 0xec719d5e90 0 3 25
[   462.92 ] D: info.stepCount 0xec719d5e90 0 1 25
[   462.92 ] D: info.stepCount 0xec719d5e90 0.5 0 25
[   462.92 ] D: info.stepCount 0xec719d5e90 0 0 25
[   462.92 ] D: info.stepCount 0xec719d5e90 0 3 25
[   462.92 ] D: info.stepCount 0xec719d5e90 0 1 25
[   462.92 ] D: info.stepCount 0xec719d5e90 0.5 0 25
[   462.92 ] D: info.stepCount 0xec719d5e90 0 0 25
[   462.92 ] D: info.stepCount 0xec719d5e90 0 3 25
[   462.92 ] D: info.stepCount 0xec719d5e90 0 1 25
[   462.92 ] D: info.stepCount 0xec719d5e90 0.5 0 25
[   462.92 ] D: info.stepCount 0xec719d5e90 0 0 25
[   462.92 ] D: info.stepCount 0xec719d5e90 0 3 25
[   462.92 ] D: info.stepCount 0xec719d5e90 0 1 25
[   462.92 ] D: info.stepCount 0xec719d5e90 0.5 0 25
[   462.92 ] D: info.stepCount 0xec719d5e90 0 0 25
[   462.92 ] D: info.stepCount 0xec719d5e90 0 3 25
[   462.92 ] D: info.stepCount 0xec719d5e90 0 1 25
[   462.92 ] D: info.stepCount 0xec719d5e90 0.5 0 25
[   462.92 ] D: info.stepCount 0xec719d5e90 0 0 25
[   462.92 ] D: info.stepCount 0xec719d5e90 0 3 25
[   462.92 ] D: info.stepCount 0xec719d5e90 0 1 25
[   462.92 ] D: info.stepCount 0xec719d5e90 0.5 0 25
[   462.92 ] D: info.stepCount 0xec719d5e90 0 0 25
[   462.92 ] D: info.stepCount 0xec719d5e90 0 3 25
[   462.92 ] D: info.stepCount 0xec719d5e90 0 1 25
[   462.92 ] D: info.stepCount 0xec719d5e90 0.5 0 25
[   462.92 ] D: info.stepCount 0xec719d5e90 0 0 25
[   462.92 ] D: info.stepCount 0xec719d5e90 0 3 25
[   462.92 ] D: info.stepCount 0xec719d5e90 0 1 25
[   462.92 ] D: info.stepCount 0xec719d5e90 0.5 0 25
[   462.92 ] D: info.stepCount 0xec719d5e90 0 0 25
[   462.92 ] D: info.stepCount 0xec719d5e90 0 3 25
[   462.92 ] D: info.stepCount 0xec719d5e90 0 1 25
[   462.92 ] D: info.stepCount 0xec719d5e90 0.5 0 25
[   462.92 ] D: info.stepCount 0xec719d5e90 0 0 25
[   462.92 ] D: info.stepCount 0xec719d5e90 0 3 25
[   462.92 ] D: info.stepCount 0xec719d5e90 0 1 25
[   462.92 ] D: info.stepCount 0xec719d5e90 0.5 0 25
[   462.92 ] D: info.stepCount 0xec719d5e90 0 0 25
[   462.92 ] D: info.stepCount 0xec719d5e90 0 3 25
[   462.92 ] D: info.stepCount 0xec719d5e90 0 1 25
[   462.92 ] D: info.stepCount 0xec719d5e90 0.5 0 25
[   462.92 ] D: info.stepCount 0xec719d5e90 0 0 25
[   462.92 ] D: info.stepCount 0xec719d5e90 0 3 25
[   462.92 ] D: info.stepCount 0xec719d5e90 0 1 25
[   462.92 ] D: info.stepCount 0xec719d5e90 0.5 0 25
[   462.92 ] D: info.stepCount 0xec719d5e90 0 0 25
[   462.92 ] D: info.stepCount 0xec719d5e90 0 3 25
[   462.92 ] D: info.stepCount 0xec719d5e90 0 1 25
[   462.92 ] D: info.stepCount 0xec719d5e90 0.5 0 25
[   462.92 ] D: info.stepCount 0xec719d5e90 0 0 25
[   462.92 ] D: info.stepCount 0xec719d5e90 0 3 25
[   462.92 ] D: info.stepCount 0xec719d5e90 0 1 25
[   462.92 ] D: info.stepCount 0xec719d5e90 0.75 0 26
[   462.92 ] D: info.stepCount 0xec719d5e90 0.248004 0 26
[   462.92 ] D: info.stepCount 0xec719d5e90 0.5 0 26
[   462.92 ] D: info.stepCount 0xec719d5e90 0.5 0 26
[   462.92 ] D: info.stepCount 0xec719d5e90 0 0 26
[   462.92 ] D: info.stepCount 0xec719d5e90 0.5 0 26
[   462.92 ] D: info.stepCount 0xec719d5e90 0 11 26
[   462.92 ] D: info.stepCount 0xec719d5e90 0 2 26
[   462.92 ] D: info.stepCount 0xec719d5e90 0 1 26
[   462.92 ] D: info.stepCount 0xec719d5e90 0.0666667 15 26
[   462.92 ] D: info.stepCount 0xec719d5e90 0.5 0 26
[   462.92 ] D: info.stepCount 0xec719d5e90 0 0 26
[   462.92 ] D: info.stepCount 0xec719d5e90 0 3 26
[   462.92 ] D: info.stepCount 0xec719d5e90 0 1 26
[   462.92 ] D: info.stepCount 0xec719d5e90 0.5 0 26
[   462.92 ] D: info.stepCount 0xec719d5e90 0 0 26
[   462.92 ] D: info.stepCount 0xec719d5e90 0 3 26
[   462.92 ] D: info.stepCount 0xec719d5e90 0 1 26
[   462.92 ] D: info.stepCount 0xec719d5e90 0.5 0 26
[   462.92 ] D: info.stepCount 0xec719d5e90 0 0 26
[   462.92 ] D: info.stepCount 0xec719d5e90 0 3 26
[   462.92 ] D: info.stepCount 0xec719d5e90 0 1 26
[   462.92 ] D: info.stepCount 0xec719d5e90 0.5 0 26
[   462.92 ] D: info.stepCount 0xec719d5e90 0 0 26
[   462.92 ] D: info.stepCount 0xec719d5e90 0 3 26
[   462.92 ] D: info.stepCount 0xec719d5e90 0 1 26
[   462.92 ] D: info.stepCount 0xec719d5e90 0.5 0 26
[   462.92 ] D: info.stepCount 0xec719d5e90 0 0 26
[   462.92 ] D: info.stepCount 0xec719d5e90 0 3 26
[   462.92 ] D: info.stepCount 0xec719d5e90 0 1 26
[   462.92 ] D: info.stepCount 0xec719d5e90 0.5 0 26
[   462.92 ] D: info.stepCount 0xec719d5e90 0 0 26
[   462.92 ] D: info.stepCount 0xec719d5e90 0 3 26
[   462.92 ] D: info.stepCount 0xec719d5e90 0 1 26
[   462.92 ] D: info.stepCount 0xec719d5e90 0.5 0 26
[   462.92 ] D: info.stepCount 0xec719d5e90 0 0 26
[   462.92 ] D: info.stepCount 0xec719d5e90 0 3 26
[   462.92 ] D: info.stepCount 0xec719d5e90 0 1 26
[   462.92 ] D: info.stepCount 0xec719d5e90 0.5 0 26
[   462.92 ] D: info.stepCount 0xec719d5e90 0 0 26
[   462.92 ] D: info.stepCount 0xec719d5e90 0 3 26
[   462.92 ] D: info.stepCount 0xec719d5e90 0 1 26
[   462.92 ] D: info.stepCount 0xec719d5e90 0.5 0 26
[   462.92 ] D: info.stepCount 0xec719d5e90 0 0 26
[   462.92 ] D: info.stepCount 0xec719d5e90 0 3 26
[   462.92 ] D: info.stepCount 0xec719d5e90 0 1 26
[   462.92 ] D: info.stepCount 0xec719d5e90 0.5 0 26
[   462.92 ] D: info.stepCount 0xec719d5e90 0 0 26
[   462.92 ] D: info.stepCount 0xec719d5e90 0 3 26
[   462.92 ] D: info.stepCount 0xec719d5e90 0 1 26
[   462.92 ] D: info.stepCount 0xec719d5e90 0.5 0 26
[   462.92 ] D: info.stepCount 0xec719d5e90 0 0 26
[   462.92 ] D: info.stepCount 0xec719d5e90 0 3 26
[   462.92 ] D: info.stepCount 0xec719d5e90 0 1 26
[   462.92 ] D: info.stepCount 0xec719d5e90 0.5 0 26
[   462.92 ] D: info.stepCount 0xec719d5e90 0 0 26
[   462.92 ] D: info.stepCount 0xec719d5e90 0 3 26
[   462.92 ] D: info.stepCount 0xec719d5e90 0 1 26
[   462.92 ] D: info.stepCount 0xec719d5e90 0.5 0 26
[   462.92 ] D: info.stepCount 0xec719d5e90 0 0 26
[   462.92 ] D: info.stepCount 0xec719d5e90 0 3 26
[   462.92 ] D: info.stepCount 0xec719d5e90 0 1 26
[   462.92 ] D: info.stepCount 0xec719d5e90 0.5 0 26
[   462.92 ] D: info.stepCount 0xec719d5e90 0 0 26
[   462.92 ] D: info.stepCount 0xec719d5e90 0 3 26
[   462.92 ] D: info.stepCount 0xec719d5e90 0 1 26
[   462.92 ] D: info.stepCount 0xec719d5e90 0.5 0 26
[   462.92 ] D: info.stepCount 0xec719d5e90 0 0 26
[   462.92 ] D: info.stepCount 0xec719d5e90 0 3 26
[   462.92 ] D: info.stepCount 0xec719d5e90 0 1 26
[   462.92 ] D: info.stepCount 0xec719d5e90 0.5 0 26
[   462.92 ] D: info.stepCount 0xec719d5e90 0 0 26
[   462.92 ] D: info.stepCount 0xec719d5e90 0 3 26
[   462.92 ] D: info.stepCount 0xec719d5e90 0 1 26
[   462.92 ] D: info.stepCount 0xec719d5e90 0.75 0 27
[   462.92 ] D: info.stepCount 0xec719d5e90 0.248004 0 27
[   462.92 ] D: info.stepCount 0xec719d5e90 0.5 0 27
[   462.92 ] D: info.stepCount 0xec719d5e90 0.5 0 27
[   462.92 ] D: info.stepCount 0xec719d5e90 0 0 27
[   462.92 ] D: info.stepCount 0xec719d5e90 0.5 0 27
[   462.92 ] D: info.stepCount 0xec719d5e90 0 11 27
[   462.92 ] D: info.stepCount 0xec719d5e90 0 2 27
[   462.92 ] D: info.stepCount 0xec719d5e90 0 1 27
[   462.93 ] D: info.stepCount 0xec719d5e90 0.0666667 15 27
[   462.93 ] D: info.stepCount 0xec719d5e90 0.5 0 27
[   462.93 ] D: info.stepCount 0xec719d5e90 0 0 27
[   462.93 ] D: info.stepCount 0xec719d5e90 0 3 27
[   462.93 ] D: info.stepCount 0xec719d5e90 0 1 27
[   462.93 ] D: info.stepCount 0xec719d5e90 0.5 0 27
[   462.93 ] D: info.stepCount 0xec719d5e90 0 0 27
[   462.93 ] D: info.stepCount 0xec719d5e90 0 3 27
[   462.93 ] D: info.stepCount 0xec719d5e90 0 1 27
[   462.93 ] D: info.stepCount 0xec719d5e90 0.5 0 27
[   462.93 ] D: info.stepCount 0xec719d5e90 0 0 27
[   462.93 ] D: info.stepCount 0xec719d5e90 0 3 27
[   462.93 ] D: info.stepCount 0xec719d5e90 0 1 27
[   462.93 ] D: info.stepCount 0xec719d5e90 0.5 0 27
[   462.93 ] D: info.stepCount 0xec719d5e90 0 0 27
[   462.93 ] D: info.stepCount 0xec719d5e90 0 3 27
[   462.93 ] D: info.stepCount 0xec719d5e90 0 1 27
[   462.93 ] D: info.stepCount 0xec719d5e90 0.5 0 27
[   462.93 ] D: info.stepCount 0xec719d5e90 0 0 27
[   462.93 ] D: info.stepCount 0xec719d5e90 0 3 27
[   462.93 ] D: info.stepCount 0xec719d5e90 0 1 27
[   462.93 ] D: info.stepCount 0xec719d5e90 0.5 0 27
[   462.93 ] D: info.stepCount 0xec719d5e90 0 0 27
[   462.93 ] D: info.stepCount 0xec719d5e90 0 3 27
[   462.93 ] D: info.stepCount 0xec719d5e90 0 1 27
[   462.93 ] D: info.stepCount 0xec719d5e90 0.5 0 27
[   462.93 ] D: info.stepCount 0xec719d5e90 0 0 27
[   462.93 ] D: info.stepCount 0xec719d5e90 0 3 27
[   462.93 ] D: info.stepCount 0xec719d5e90 0 1 27
[   462.93 ] D: info.stepCount 0xec719d5e90 0.5 0 27
[   462.93 ] D: info.stepCount 0xec719d5e90 0 0 27
[   462.93 ] D: info.stepCount 0xec719d5e90 0 3 27
[   462.93 ] D: info.stepCount 0xec719d5e90 0 1 27
[   462.93 ] D: info.stepCount 0xec719d5e90 0.5 0 27
[   462.93 ] D: info.stepCount 0xec719d5e90 0 0 27
[   462.93 ] D: info.stepCount 0xec719d5e90 0 3 27
[   462.93 ] D: info.stepCount 0xec719d5e90 0 1 27
[   462.93 ] D: info.stepCount 0xec719d5e90 0.5 0 27
[   462.93 ] D: info.stepCount 0xec719d5e90 0 0 27
[   462.93 ] D: info.stepCount 0xec719d5e90 0 3 27
[   462.93 ] D: info.stepCount 0xec719d5e90 0 1 27
[   462.93 ] D: info.stepCount 0xec719d5e90 0.5 0 27
[   462.93 ] D: info.stepCount 0xec719d5e90 0 0 27
[   462.93 ] D: info.stepCount 0xec719d5e90 0 3 27
[   462.93 ] D: info.stepCount 0xec719d5e90 0 1 27
[   462.93 ] D: info.stepCount 0xec719d5e90 0.5 0 27
[   462.93 ] D: info.stepCount 0xec719d5e90 0 0 27
[   462.93 ] D: info.stepCount 0xec719d5e90 0 3 27
[   462.93 ] D: info.stepCount 0xec719d5e90 0 1 27
[   462.93 ] D: info.stepCount 0xec719d5e90 0.5 0 27
[   462.93 ] D: info.stepCount 0xec719d5e90 0 0 27
[   462.93 ] D: info.stepCount 0xec719d5e90 0 3 27
[   462.93 ] D: info.stepCount 0xec719d5e90 0 1 27
[   462.93 ] D: info.stepCount 0xec719d5e90 0.5 0 27
[   462.93 ] D: info.stepCount 0xec719d5e90 0 0 27
[   462.93 ] D: info.stepCount 0xec719d5e90 0 3 27
[   462.93 ] D: info.stepCount 0xec719d5e90 0 1 27
[   462.93 ] D: info.stepCount 0xec719d5e90 0.5 0 27
[   462.93 ] D: info.stepCount 0xec719d5e90 0 0 27
[   462.93 ] D: info.stepCount 0xec719d5e90 0 3 27
[   462.93 ] D: info.stepCount 0xec719d5e90 0 1 27
[   462.93 ] D: info.stepCount 0xec719d5e90 0.5 0 27
[   462.93 ] D: info.stepCount 0xec719d5e90 0 0 27
[   462.93 ] D: info.stepCount 0xec719d5e90 0 3 27
[   462.93 ] D: info.stepCount 0xec719d5e90 0 1 27
[   462.93 ] D: info.stepCount 0xec719d5e90 0.75 0 28
[   462.93 ] D: info.stepCount 0xec719d5e90 0.248008 0 28
[   462.93 ] D: info.stepCount 0xec719d5e90 0.5 0 28
[   462.93 ] D: info.stepCount 0xec719d5e90 0.5 0 28
[   462.93 ] D: info.stepCount 0xec719d5e90 0 0 28
[   462.93 ] D: info.stepCount 0xec719d5e90 0.5 0 28
[   462.93 ] D: info.stepCount 0xec719d5e90 0 11 28
[   462.93 ] D: info.stepCount 0xec719d5e90 0 2 28
[   462.93 ] D: info.stepCount 0xec719d5e90 0 1 28
[   462.93 ] D: info.stepCount 0xec719d5e90 0.0666667 15 28
[   462.93 ] D: info.stepCount 0xec719d5e90 0.5 0 28
[   462.93 ] D: info.stepCount 0xec719d5e90 0 0 28
[   462.93 ] D: info.stepCount 0xec719d5e90 0 3 28
[   462.93 ] D: info.stepCount 0xec719d5e90 0 1 28
[   462.93 ] D: info.stepCount 0xec719d5e90 0.5 0 28
[   462.93 ] D: info.stepCount 0xec719d5e90 0 0 28
[   462.93 ] D: info.stepCount 0xec719d5e90 0 3 28
[   462.93 ] D: info.stepCount 0xec719d5e90 0 1 28
[   462.93 ] D: info.stepCount 0xec719d5e90 0.5 0 28
[   462.93 ] D: info.stepCount 0xec719d5e90 0 0 28
[   462.93 ] D: info.stepCount 0xec719d5e90 0 3 28
[   462.93 ] D: info.stepCount 0xec719d5e90 0 1 28
[   462.93 ] D: info.stepCount 0xec719d5e90 0.5 0 28
[   462.93 ] D: info.stepCount 0xec719d5e90 0 0 28
[   462.93 ] D: info.stepCount 0xec719d5e90 0 3 28
[   462.93 ] D: info.stepCount 0xec719d5e90 0 1 28
[   462.93 ] D: info.stepCount 0xec719d5e90 0.5 0 28
[   462.93 ] D: info.stepCount 0xec719d5e90 0 0 28
[   462.93 ] D: info.stepCount 0xec719d5e90 0 3 28
[   462.93 ] D: info.stepCount 0xec719d5e90 0 1 28
[   462.93 ] D: info.stepCount 0xec719d5e90 0.5 0 28
[   462.93 ] D: info.stepCount 0xec719d5e90 0 0 28
[   462.93 ] D: info.stepCount 0xec719d5e90 0 3 28
[   462.93 ] D: info.stepCount 0xec719d5e90 0 1 28
[   462.93 ] D: info.stepCount 0xec719d5e90 0.5 0 28
[   462.93 ] D: info.stepCount 0xec719d5e90 0 0 28
[   462.93 ] D: info.stepCount 0xec719d5e90 0 3 28
[   462.93 ] D: info.stepCount 0xec719d5e90 0 1 28
[   462.93 ] D: info.stepCount 0xec719d5e90 0.5 0 28
[   462.93 ] D: info.stepCount 0xec719d5e90 0 0 28
[   462.93 ] D: info.stepCount 0xec719d5e90 0 3 28
[   462.93 ] D: info.stepCount 0xec719d5e90 0 1 28
[   462.93 ] D: info.stepCount 0xec719d5e90 0.5 0 28
[   462.93 ] D: info.stepCount 0xec719d5e90 0 0 28
[   462.93 ] D: info.stepCount 0xec719d5e90 0 3 28
[   462.93 ] D: info.stepCount 0xec719d5e90 0 1 28
[   462.93 ] D: info.stepCount 0xec719d5e90 0.5 0 28
[   462.93 ] D: info.stepCount 0xec719d5e90 0 0 28
[   462.93 ] D: info.stepCount 0xec719d5e90 0 3 28
[   462.93 ] D: info.stepCount 0xec719d5e90 0 1 28
[   462.93 ] D: info.stepCount 0xec719d5e90 0.5 0 28
[   462.93 ] D: info.stepCount 0xec719d5e90 0 0 28
[   462.93 ] D: info.stepCount 0xec719d5e90 0 3 28
[   462.93 ] D: info.stepCount 0xec719d5e90 0 1 28
[   462.94 ] D: info.stepCount 0xec719d5e90 0.5 0 28
[   462.94 ] D: info.stepCount 0xec719d5e90 0 0 28
[   462.94 ] D: info.stepCount 0xec719d5e90 0 3 28
[   462.94 ] D: info.stepCount 0xec719d5e90 0 1 28
[   462.94 ] D: info.stepCount 0xec719d5e90 0.5 0 28
[   462.94 ] D: info.stepCount 0xec719d5e90 0 0 28
[   462.94 ] D: info.stepCount 0xec719d5e90 0 3 28
[   462.94 ] D: info.stepCount 0xec719d5e90 0 1 28
[   462.94 ] D: info.stepCount 0xec719d5e90 0.5 0 28
[   462.94 ] D: info.stepCount 0xec719d5e90 0 0 28
[   462.94 ] D: info.stepCount 0xec719d5e90 0 3 28
[   462.94 ] D: info.stepCount 0xec719d5e90 0 1 28
[   462.94 ] D: info.stepCount 0xec719d5e90 0.5 0 28
[   462.94 ] D: info.stepCount 0xec719d5e90 0 0 28
[   462.94 ] D: info.stepCount 0xec719d5e90 0 3 28
[   462.94 ] D: info.stepCount 0xec719d5e90 0 1 28
[   462.94 ] D: info.stepCount 0xec719d5e90 0.5 0 28
[   462.94 ] D: info.stepCount 0xec719d5e90 0 0 28
[   462.94 ] D: info.stepCount 0xec719d5e90 0 3 28
[   462.94 ] D: info.stepCount 0xec719d5e90 0 1 28
[   462.94 ] D: info.stepCount 0xec719d5e90 0.75 0 29
[   462.94 ] D: info.stepCount 0xec719d5e90 0.248008 0 29
[   462.94 ] D: info.stepCount 0xec719d5e90 0.5 0 29
[   462.94 ] D: info.stepCount 0xec719d5e90 0.5 0 29
[   462.94 ] D: info.stepCount 0xec719d5e90 0 0 29
[   462.94 ] D: info.stepCount 0xec719d5e90 0.5 0 29
[   462.94 ] D: info.stepCount 0xec719d5e90 0 11 29
[   462.94 ] D: info.stepCount 0xec719d5e90 0 2 29
[   462.94 ] D: info.stepCount 0xec719d5e90 0 1 29
[   462.94 ] D: info.stepCount 0xec719d5e90 0.0666667 15 29
[   462.94 ] D: info.stepCount 0xec719d5e90 0.5 0 29
[   462.94 ] D: info.stepCount 0xec719d5e90 0 0 29
[   462.94 ] D: info.stepCount 0xec719d5e90 0 3 29
[   462.94 ] D: info.stepCount 0xec719d5e90 0 1 29
[   462.94 ] D: info.stepCount 0xec719d5e90 0.5 0 29
[   462.94 ] D: info.stepCount 0xec719d5e90 0 0 29
[   462.94 ] D: info.stepCount 0xec719d5e90 0 3 29
[   462.94 ] D: info.stepCount 0xec719d5e90 0 1 29
[   462.94 ] D: info.stepCount 0xec719d5e90 0.5 0 29
[   462.94 ] D: info.stepCount 0xec719d5e90 0 0 29
[   462.94 ] D: info.stepCount 0xec719d5e90 0 3 29
[   462.94 ] D: info.stepCount 0xec719d5e90 0 1 29
[   462.94 ] D: info.stepCount 0xec719d5e90 0.5 0 29
[   462.94 ] D: info.stepCount 0xec719d5e90 0 0 29
[   462.94 ] D: info.stepCount 0xec719d5e90 0 3 29
[   462.94 ] D: info.stepCount 0xec719d5e90 0 1 29
[   462.94 ] D: info.stepCount 0xec719d5e90 0.5 0 29
[   462.94 ] D: info.stepCount 0xec719d5e90 0 0 29
[   462.94 ] D: info.stepCount 0xec719d5e90 0 3 29
[   462.94 ] D: info.stepCount 0xec719d5e90 0 1 29
[   462.94 ] D: info.stepCount 0xec719d5e90 0.5 0 29
[   462.94 ] D: info.stepCount 0xec719d5e90 0 0 29
[   462.94 ] D: info.stepCount 0xec719d5e90 0 3 29
[   462.94 ] D: info.stepCount 0xec719d5e90 0 1 29
[   462.94 ] D: info.stepCount 0xec719d5e90 0.5 0 29
[   462.94 ] D: info.stepCount 0xec719d5e90 0 0 29
[   462.94 ] D: info.stepCount 0xec719d5e90 0 3 29
[   462.94 ] D: info.stepCount 0xec719d5e90 0 1 29
[   462.94 ] D: info.stepCount 0xec719d5e90 0.5 0 29
[   462.94 ] D: info.stepCount 0xec719d5e90 0 0 29
[   462.94 ] D: info.stepCount 0xec719d5e90 0 3 29
[   462.94 ] D: info.stepCount 0xec719d5e90 0 1 29
[   462.94 ] D: info.stepCount 0xec719d5e90 0.5 0 29
[   462.94 ] D: info.stepCount 0xec719d5e90 0 0 29
[   462.94 ] D: info.stepCount 0xec719d5e90 0 3 29
[   462.94 ] D: info.stepCount 0xec719d5e90 0 1 29
[   462.94 ] D: info.stepCount 0xec719d5e90 0.5 0 29
[   462.94 ] D: info.stepCount 0xec719d5e90 0 0 29
[   462.94 ] D: info.stepCount 0xec719d5e90 0 3 29
[   462.94 ] D: info.stepCount 0xec719d5e90 0 1 29
[   462.94 ] D: info.stepCount 0xec719d5e90 0.5 0 29
[   462.94 ] D: info.stepCount 0xec719d5e90 0 0 29
[   462.94 ] D: info.stepCount 0xec719d5e90 0 3 29
[   462.94 ] D: info.stepCount 0xec719d5e90 0 1 29
[   462.94 ] D: info.stepCount 0xec719d5e90 0.5 0 29
[   462.94 ] D: info.stepCount 0xec719d5e90 0 0 29
[   462.94 ] D: info.stepCount 0xec719d5e90 0 3 29
[   462.94 ] D: info.stepCount 0xec719d5e90 0 1 29
[   462.94 ] D: info.stepCount 0xec719d5e90 0.5 0 29
[   462.94 ] D: info.stepCount 0xec719d5e90 0 0 29
[   462.94 ] D: info.stepCount 0xec719d5e90 0 3 29
[   462.94 ] D: info.stepCount 0xec719d5e90 0 1 29
[   462.94 ] D: info.stepCount 0xec719d5e90 0.5 0 29
[   462.94 ] D: info.stepCount 0xec719d5e90 0 0 29
[   462.94 ] D: info.stepCount 0xec719d5e90 0 3 29
[   462.94 ] D: info.stepCount 0xec719d5e90 0 1 29
[   462.94 ] D: info.stepCount 0xec719d5e90 0.5 0 29
[   462.94 ] D: info.stepCount 0xec719d5e90 0 0 29
[   462.94 ] D: info.stepCount 0xec719d5e90 0 3 29
[   462.94 ] D: info.stepCount 0xec719d5e90 0 1 29
[   462.94 ] D: info.stepCount 0xec719d5e90 0.5 0 29
[   462.94 ] D: info.stepCount 0xec719d5e90 0 0 29
[   462.94 ] D: info.stepCount 0xec719d5e90 0 3 29
[   462.94 ] D: info.stepCount 0xec719d5e90 0 1 29
[   462.94 ] D: info.stepCount 0xec719d5e90 0.75 0 30
[   462.94 ] D: info.stepCount 0xec719d5e90 0.248008 0 30
[   462.94 ] D: info.stepCount 0xec719d5e90 0.5 0 30
[   462.94 ] D: info.stepCount 0xec719d5e90 0.5 0 30
[   462.94 ] D: info.stepCount 0xec719d5e90 0 0 30
[   462.94 ] D: info.stepCount 0xec719d5e90 0.5 0 30
[   462.94 ] D: info.stepCount 0xec719d5e90 0 11 30
[   462.94 ] D: info.stepCount 0xec719d5e90 0 2 30
[   462.95 ] D: info.stepCount 0xec719d5e90 0 1 30
[   462.95 ] D: info.stepCount 0xec719d5e90 0.0666667 15 30
[   462.95 ] D: info.stepCount 0xec719d5e90 0.5 0 30
[   462.95 ] D: info.stepCount 0xec719d5e90 0 0 30
[   462.95 ] D: info.stepCount 0xec719d5e90 0 3 30
[   462.95 ] D: info.stepCount 0xec719d5e90 0 1 30
[   462.95 ] D: info.stepCount 0xec719d5e90 0.5 0 30
[   462.95 ] D: info.stepCount 0xec719d5e90 0 0 30
[   462.95 ] D: info.stepCount 0xec719d5e90 0 3 30
[   462.95 ] D: info.stepCount 0xec719d5e90 0 1 30
[   462.95 ] D: info.stepCount 0xec719d5e90 0.5 0 30
[   462.95 ] D: info.stepCount 0xec719d5e90 0 0 30
[   462.95 ] D: info.stepCount 0xec719d5e90 0 3 30
[   462.95 ] D: info.stepCount 0xec719d5e90 0 1 30
[   462.95 ] D: info.stepCount 0xec719d5e90 0.5 0 30
[   462.95 ] D: info.stepCount 0xec719d5e90 0 0 30
[   462.95 ] D: info.stepCount 0xec719d5e90 0 3 30
[   462.95 ] D: info.stepCount 0xec719d5e90 0 1 30
[   462.95 ] D: info.stepCount 0xec719d5e90 0.5 0 30
[   462.95 ] D: info.stepCount 0xec719d5e90 0 0 30
[   462.95 ] D: info.stepCount 0xec719d5e90 0 3 30
[   462.95 ] D: info.stepCount 0xec719d5e90 0 1 30
[   462.95 ] D: info.stepCount 0xec719d5e90 0.5 0 30
[   462.95 ] D: info.stepCount 0xec719d5e90 0 0 30
[   462.95 ] D: info.stepCount 0xec719d5e90 0 3 30
[   462.95 ] D: info.stepCount 0xec719d5e90 0 1 30
[   462.95 ] D: info.stepCount 0xec719d5e90 0.5 0 30
[   462.95 ] D: info.stepCount 0xec719d5e90 0 0 30
[   462.95 ] D: info.stepCount 0xec719d5e90 0 3 30
[   462.95 ] D: info.stepCount 0xec719d5e90 0 1 30
[   462.95 ] D: info.stepCount 0xec719d5e90 0.5 0 30
[   462.95 ] D: info.stepCount 0xec719d5e90 0 0 30
[   462.95 ] D: info.stepCount 0xec719d5e90 0 3 30
[   462.95 ] D: info.stepCount 0xec719d5e90 0 1 30
[   462.95 ] D: info.stepCount 0xec719d5e90 0.5 0 30
[   462.95 ] D: info.stepCount 0xec719d5e90 0 0 30
[   462.95 ] D: info.stepCount 0xec719d5e90 0 3 30
[   462.95 ] D: info.stepCount 0xec719d5e90 0 1 30
[   462.95 ] D: info.stepCount 0xec719d5e90 0.5 0 30
[   462.95 ] D: info.stepCount 0xec719d5e90 0 0 30
[   462.95 ] D: info.stepCount 0xec719d5e90 0 3 30
[   462.95 ] D: info.stepCount 0xec719d5e90 0 1 30
[   462.95 ] D: info.stepCount 0xec719d5e90 0.5 0 30
[   462.95 ] D: info.stepCount 0xec719d5e90 0 0 30
[   462.95 ] D: info.stepCount 0xec719d5e90 0 3 30
[   462.95 ] D: info.stepCount 0xec719d5e90 0 1 30
[   462.95 ] D: info.stepCount 0xec719d5e90 0.5 0 30
[   462.95 ] D: info.stepCount 0xec719d5e90 0 0 30
[   462.95 ] D: info.stepCount 0xec719d5e90 0 3 30
[   462.95 ] D: info.stepCount 0xec719d5e90 0 1 30
[   462.95 ] D: info.stepCount 0xec719d5e90 0.5 0 30
[   462.95 ] D: info.stepCount 0xec719d5e90 0 0 30
[   462.95 ] D: info.stepCount 0xec719d5e90 0 3 30
[   462.95 ] D: info.stepCount 0xec719d5e90 0 1 30
[   462.95 ] D: info.stepCount 0xec719d5e90 0.5 0 30
[   462.95 ] D: info.stepCount 0xec719d5e90 0 0 30
[   462.95 ] D: info.stepCount 0xec719d5e90 0 3 30
[   462.95 ] D: info.stepCount 0xec719d5e90 0 1 30
[   462.95 ] D: info.stepCount 0xec719d5e90 0.5 0 30
[   462.95 ] D: info.stepCount 0xec719d5e90 0 0 30
[   462.95 ] D: info.stepCount 0xec719d5e90 0 3 30
[   462.95 ] D: info.stepCount 0xec719d5e90 0 1 30
[   462.95 ] D: info.stepCount 0xec719d5e90 0.5 0 30
[   462.95 ] D: info.stepCount 0xec719d5e90 0 0 30
[   462.95 ] D: info.stepCount 0xec719d5e90 0 3 30
[   462.95 ] D: info.stepCount 0xec719d5e90 0 1 30
[   462.95 ] D: info.stepCount 0xec719d5e90 0.6 5 0
[   462.95 ] D: info.stepCount 0xec719d5e90 0.75 0 31
[   462.95 ] D: info.stepCount 0xec719d5e90 0 0 31
[   462.95 ] D: info.stepCount 0xec719d5e90 0 1 31
[   462.95 ] D: info.stepCount 0xec719d5e90 0 0 31
[   462.95 ] D: info.stepCount 0xec719d5e90 1 1 31
[   462.95 ] D: info.stepCount 0xec719d5e90 0.25 0 31
[   462.95 ] D: info.stepCount 0xec719d5e90 0.6 0 31
[   462.95 ] D: info.stepCount 0xec719d5e90 0.805833 0 31
[   462.95 ] D: info.stepCount 0xec719d5e90 0.439167 0 31
[   462.95 ] D: info.stepCount 0xec719d5e90 0.840889 0 31
[   462.95 ] D: info.stepCount 0xec719d5e90 0 0 31
[   462.95 ] D: info.stepCount 0xec719d5e90 0.335361 0 31
[   462.95 ] D: info.stepCount 0xec719d5e90 0.894417 0 31
[   462.95 ] D: info.stepCount 0xec719d5e90 0.5 0 32
[   462.95 ] D: info.stepCount 0xec719d5e90 0 0 32
[   462.95 ] D: info.stepCount 0xec719d5e90 0 1 32
[   462.95 ] D: info.stepCount 0xec719d5e90 0.279763 0 32
[   462.95 ] D: info.stepCount 0xec719d5e90 1 1 32
[   462.95 ] D: info.stepCount 0xec719d5e90 0.264389 0 32
[   462.95 ] D: info.stepCount 0xec719d5e90 0.798861 0 32
[   462.95 ] D: info.stepCount 0xec719d5e90 0.825083 0 32
[   462.95 ] D: info.stepCount 0xec719d5e90 0.65 0 32
[   462.95 ] D: info.stepCount 0xec719d5e90 0 0 32
[   462.95 ] D: info.stepCount 0xec719d5e90 0 0 32
[   462.95 ] D: info.stepCount 0xec719d5e90 0.508917 0 32
[   462.95 ] D: info.stepCount 0xec719d5e90 0.214194 0 32
[   462.95 ] D: info.stepCount 0xec719d5e90 0.5 0 33
[   462.95 ] D: info.stepCount 0xec719d5e90 0 0 33
[   462.95 ] D: info.stepCount 0xec719d5e90 0 1 33
[   462.95 ] D: info.stepCount 0xec719d5e90 0.279763 0 33
[   462.95 ] D: info.stepCount 0xec719d5e90 1 1 33
[   462.95 ] D: info.stepCount 0xec719d5e90 0.739306 0 33
[   462.95 ] D: info.stepCount 0xec719d5e90 0.682722 0 33
[   462.95 ] D: info.stepCount 0xec719d5e90 0.969333 0 33
[   462.95 ] D: info.stepCount 0xec719d5e90 0.578 0 33
[   462.95 ] D: info.stepCount 0xec719d5e90 0.0997222 0 33
[   462.95 ] D: info.stepCount 0xec719d5e90 0 0 33
[   462.95 ] D: info.stepCount 0xec719d5e90 0.606556 0 33
[   462.95 ] D: info.stepCount 0xec719d5e90 0.336833 0 33
[   462.95 ] D: info.stepCount 0xec719d5e90 0.75 0 34
[   462.95 ] D: info.stepCount 0xec719d5e90 0 0 34
[   462.95 ] D: info.stepCount 0xec719d5e90 0 1 34
[   462.95 ] D: info.stepCount 0xec719d5e90 0.279763 0 34
[   462.95 ] D: info.stepCount 0xec719d5e90 1 1 34
[   462.95 ] D: info.stepCount 0xec719d5e90 0.227472 0 34
[   462.95 ] D: info.stepCount 0xec719d5e90 0.75 0 34
[   462.95 ] D: info.stepCount 0xec719d5e90 0.875167 0 34
[   462.95 ] D: info.stepCount 0xec719d5e90 0.392222 0 34
[   462.95 ] D: info.stepCount 0xec719d5e90 0 0 34
[   462.95 ] D: info.stepCount 0xec719d5e90 0 0 34
[   462.95 ] D: info.stepCount 0xec719d5e90 0.639028 0 34
[   462.95 ] D: info.stepCount 0xec719d5e90 0.113778 0 34
[   462.95 ] D: info.stepCount 0xec719d5e90 0.75 0 35
[   462.95 ] D: info.stepCount 0xec719d5e90 0 0 35
[   462.95 ] D: info.stepCount 0xec719d5e90 0 1 35
[   462.95 ] D: info.stepCount 0xec719d5e90 0.279763 0 35
[   462.95 ] D: info.stepCount 0xec719d5e90 1 1 35
[   462.95 ] D: info.stepCount 0xec719d5e90 0.0225001 0 35
[   462.95 ] D: info.stepCount 0xec719d5e90 0.75 0 35
[   462.96 ] D: info.stepCount 0xec719d5e90 0.0290012 0 35
[   462.96 ] D: info.stepCount 0xec719d5e90 0.75 0 35
[   462.96 ] D: info.stepCount 0xec719d5e90 1 0 35
[   462.96 ] D: info.stepCount 0xec719d5e90 0 0 35
[   462.96 ] D: info.stepCount 0xec719d5e90 0.049002 0 35
[   462.96 ] D: info.stepCount 0xec719d5e90 0.75 0 35
[   462.96 ] D: info.stepCount 0xec719d5e90 0.75 0 36
[   462.96 ] D: info.stepCount 0xec719d5e90 0 0 36
[   462.96 ] D: info.stepCount 0xec719d5e90 0 1 36
[   462.96 ] D: info.stepCount 0xec719d5e90 0.279763 0 36
[   462.96 ] D: info.stepCount 0xec719d5e90 1 1 36
[   462.96 ] D: info.stepCount 0xec719d5e90 0.0225001 0 36
[   462.96 ] D: info.stepCount 0xec719d5e90 0.75 0 36
[   462.96 ] D: info.stepCount 0xec719d5e90 0.0290012 0 36
[   462.96 ] D: info.stepCount 0xec719d5e90 0.75 0 36
[   462.96 ] D: info.stepCount 0xec719d5e90 1 0 36
[   462.96 ] D: info.stepCount 0xec719d5e90 0 0 36
[   462.96 ] D: info.stepCount 0xec719d5e90 0.049002 0 36
[   462.96 ] D: info.stepCount 0xec719d5e90 0.75 0 36
[   462.96 ] D: info.stepCount 0xec719d5e90 0 4 0
[   462.96 ] D: info.stepCount 0xec719d5e90 0.75 0 37
[   462.96 ] D: info.stepCount 0xec719d5e90 0 1 37
[   462.96 ] D: info.stepCount 0xec719d5e90 0 0 37
[   462.96 ] D: info.stepCount 0xec719d5e90 0 0 37
[   462.96 ] D: info.stepCount 0xec719d5e90 0.75 0 38
[   462.96 ] D: info.stepCount 0xec719d5e90 0 1 38
[   462.96 ] D: info.stepCount 0xec719d5e90 0 0 38
[   462.96 ] D: info.stepCount 0xec719d5e90 0 0 38
[   462.96 ] D: info.stepCount 0xec719d5e90 0.75 0 39
[   462.96 ] D: info.stepCount 0xec719d5e90 0 1 39
[   462.96 ] D: info.stepCount 0xec719d5e90 0 0 39
[   462.96 ] D: info.stepCount 0xec719d5e90 0 0 39
[   462.96 ] D: info.stepCount 0xec719d5e90 0.75 0 40
[   462.96 ] D: info.stepCount 0xec719d5e90 0 1 40
[   462.96 ] D: info.stepCount 0xec719d5e90 0 0 40
[   462.96 ] D: info.stepCount 0xec719d5e90 0 0 40
[   462.96 ] D: info.stepCount 0xec719d5e90 0.5 10 0
[   462.96 ] D: info.stepCount 0xec719d5e90 0.75 0 41
[   462.96 ] D: info.stepCount 0xec719d5e90 0.2 5 41
[   462.96 ] D: info.stepCount 0xec719d5e90 0 127 41
[   462.96 ] D: info.stepCount 0xec719d5e90 0 5 41
[   462.96 ] D: info.stepCount 0xec719d5e90 0.5 2 41
[   462.96 ] D: info.stepCount 0xec719d5e90 0.75 0 42
[   462.96 ] D: info.stepCount 0xec719d5e90 0.8 5 42
[   462.96 ] D: info.stepCount 0xec719d5e90 0 127 42
[   462.96 ] D: info.stepCount 0xec719d5e90 0 5 42
[   462.96 ] D: info.stepCount 0xec719d5e90 0.5 2 42
[   462.96 ] D: info.stepCount 0xec719d5e90 0.75 0 43
[   462.96 ] D: info.stepCount 0xec719d5e90 0.4 5 43
[   462.96 ] D: info.stepCount 0xec719d5e90 0 127 43
[   462.96 ] D: info.stepCount 0xec719d5e90 0 5 43
[   462.96 ] D: info.stepCount 0xec719d5e90 0.5 2 43
[   462.96 ] D: info.stepCount 0xec719d5e90 0.75 0 44
[   462.96 ] D: info.stepCount 0xec719d5e90 0 5 44
[   462.96 ] D: info.stepCount 0xec719d5e90 0 127 44
[   462.96 ] D: info.stepCount 0xec719d5e90 0 5 44
[   462.96 ] D: info.stepCount 0xec719d5e90 0.5 2 44
[   462.96 ] D: info.stepCount 0xec719d5e90 0.75 0 45
[   462.96 ] D: info.stepCount 0xec719d5e90 0.4 5 45
[   462.96 ] D: info.stepCount 0xec719d5e90 0 127 45
[   462.96 ] D: info.stepCount 0xec719d5e90 0.6 5 45
[   462.96 ] D: info.stepCount 0xec719d5e90 0.5 2 45
[   462.96 ] D: info.stepCount 0xec719d5e90 0.75 0 46
[   462.96 ] D: info.stepCount 0xec719d5e90 0 5 46
[   462.96 ] D: info.stepCount 0xec719d5e90 0 127 46
[   462.96 ] D: info.stepCount 0xec719d5e90 0 5 46
[   462.96 ] D: info.stepCount 0xec719d5e90 0.5 2 46
[   462.96 ] D: info.stepCount 0xec719d5e90 0.75 0 47
[   462.96 ] D: info.stepCount 0xec719d5e90 0 5 47
[   462.96 ] D: info.stepCount 0xec719d5e90 0 127 47
[   462.96 ] D: info.stepCount 0xec719d5e90 0 5 47
[   462.96 ] D: info.stepCount 0xec719d5e90 0.5 2 47
[   462.96 ] D: info.stepCount 0xec719d5e90 0.75 0 48
[   462.96 ] D: info.stepCount 0xec719d5e90 0 5 48
[   462.96 ] D: info.stepCount 0xec719d5e90 0 127 48
[   462.96 ] D: info.stepCount 0xec719d5e90 0 5 48
[   462.96 ] D: info.stepCount 0xec719d5e90 0.5 2 48
[   462.96 ] D: info.stepCount 0xec719d5e90 0.75 0 49
[   462.96 ] D: info.stepCount 0xec719d5e90 0 5 49
[   462.96 ] D: info.stepCount 0xec719d5e90 0 127 49
[   462.96 ] D: info.stepCount 0xec719d5e90 0 5 49
[   462.96 ] D: info.stepCount 0xec719d5e90 0.5 2 49
[   462.96 ] D: info.stepCount 0xec719d5e90 0.75 0 50
[   462.96 ] D: info.stepCount 0xec719d5e90 0 5 50
[   462.96 ] D: info.stepCount 0xec719d5e90 0 127 50
[   462.96 ] D: info.stepCount 0xec719d5e90 0 5 50
[   462.96 ] D: info.stepCount 0xec719d5e90 0.5 2 50
[   462.96 ] D: info.stepCount 0xec719d5e90 0 1 51
[   462.96 ] D: info.stepCount 0xec719d5e90 0.5 4 51
[   462.96 ] D: info.stepCount 0xec719d5e90 0.519264 0 51
[   462.96 ] D: info.stepCount 0xec719d5e90 0.5 0 51
[   462.96 ] D: info.stepCount 0xec719d5e90 0 1 51
[   462.96 ] D: info.stepCount 0xec719d5e90 0.5 0 51
[   462.96 ] D: info.stepCount 0xec719d5e90 0.374389 0 51
[   462.96 ] D: info.stepCount 0xec719d5e90 0.5 2 51
[   462.96 ] D: info.stepCount 0xec719d5e90 0 4 51
[   462.96 ] D: info.stepCount 0xec719d5e90 1 2 51
[   462.96 ] D: info.stepCount 0xec719d5e90 1 1 0
[   462.96 ] D: info.stepCount 0xec719d5e90 0 1 0
[   462.96 ] D: info.stepCount 0xec719d5e90 0 1 0
[   462.96 ] D: info.stepCount 0xec719d5e90 0.608361 0 0
[   462.96 ] D: info.stepCount 0xec719d5e90 0.5 0 0
[   462.96 ] D: info.stepCount 0xec719d5e90 0.5 0 0
[   462.96 ] D: info.stepCount 0xec719d5e90 0.428571 14 0
[   462.96 ] D: info.stepCount 0xec719d5e90 0 14 0
[   462.96 ] D: info.stepCount 0xec719d5e90 0.5 2 0
[   462.96 ] D: info.stepCount 0xec719d5e90 0.292917 0 0
[   462.96 ] D: info.stepCount 0xec719d5e90 1 1 0
[   462.96 ] D: info.stepCount 0xec719d5e90 0.82 100 0
[   462.96 ] D: info.stepCount 0xec719d5e90 0.763158 38 52
[   462.96 ] D: info.stepCount 0xec719d5e90 0.5 0 52
[   462.96 ] D: info.stepCount 0xec719d5e90 0 1 52
[   462.96 ] D: info.stepCount 0xec719d5e90 0 1 52
[   462.96 ] D: info.stepCount 0xec719d5e90 0.00334448 299 52
[   462.96 ] D: info.stepCount 0xec719d5e90 0.526316 38 53
[   462.96 ] D: info.stepCount 0xec719d5e90 0.64 0 53
[   462.96 ] D: info.stepCount 0xec719d5e90 0 1 53
[   462.96 ] D: info.stepCount 0xec719d5e90 0 1 53
[   462.96 ] D: info.stepCount 0xec719d5e90 0.0769231 299 53
[   462.96 ] D: info.stepCount 0xec719d5e90 0.552632 38 54
[   462.96 ] D: info.stepCount 0xec719d5e90 0.295455 0 54
[   462.96 ] D: info.stepCount 0xec719d5e90 0 1 54
[   462.96 ] D: info.stepCount 0xec719d5e90 1 1 54
[   462.96 ] D: info.stepCount 0xec719d5e90 0.0769231 299 54
[   462.96 ] D: info.stepCount 0xec719d5e90 0.342105 38 55
[   462.96 ] D: info.stepCount 0xec719d5e90 0 0 55
[   462.96 ] D: info.stepCount 0xec719d5e90 0 1 55
[   462.96 ] D: info.stepCount 0xec719d5e90 0 1 55
[   462.96 ] D: info.stepCount 0xec719d5e90 0.00334448 299 55
[   462.96 ] D: info.stepCount 0xec719d5e90 0.552632 38 56
[   462.96 ] D: info.stepCount 0xec719d5e90 0 0 56
[   462.96 ] D: info.stepCount 0xec719d5e90 0 1 56
[   462.96 ] D: info.stepCount 0xec719d5e90 0 1 56
[   462.96 ] D: info.stepCount 0xec719d5e90 0.67893 299 56
[   462.96 ] D: info.stepCount 0xec719d5e90 0.526316 38 57
[   462.96 ] D: info.stepCount 0xec719d5e90 0 0 57
[   462.96 ] D: info.stepCount 0xec719d5e90 0 1 57
[   462.96 ] D: info.stepCount 0xec719d5e90 0 1 57
[   462.96 ] D: info.stepCount 0xec719d5e90 0.67893 299 57
[   462.96 ] D: info.stepCount 0xec719d5e90 0.552632 38 58
[   462.96 ] D: info.stepCount 0xec719d5e90 0.08825 0 58
[   462.96 ] D: info.stepCount 0xec719d5e90 0 1 58
[   462.96 ] D: info.stepCount 0xec719d5e90 0 1 58
[   462.96 ] D: info.stepCount 0xec719d5e90 0.0100334 299 58
[   462.96 ] D: info.stepCount 0xec719d5e90 0.552632 38 59
[   462.96 ] D: info.stepCount 0xec719d5e90 0.117833 0 59
[   462.96 ] D: info.stepCount 0xec719d5e90 0 1 59
[   462.97 ] D: info.stepCount 0xec719d5e90 1 1 59
[   462.97 ] D: info.stepCount 0xec719d5e90 0.0267559 299 59
[   462.97 ] D: info.stepCount 0xec719d5e90 0.842105 38 60
[   462.97 ] D: info.stepCount 0xec719d5e90 0.113722 0 60
[   462.97 ] D: info.stepCount 0xec719d5e90 0 1 60
[   462.97 ] D: info.stepCount 0xec719d5e90 0 1 60
[   462.97 ] D: info.stepCount 0xec719d5e90 0.67893 299 60
[   462.97 ] D: info.stepCount 0xec719d5e90 0.842105 38 61
[   462.97 ] D: info.stepCount 0xec719d5e90 0.102417 0 61
[   462.97 ] D: info.stepCount 0xec719d5e90 0 1 61
[   462.97 ] D: info.stepCount 0xec719d5e90 1 1 61
[   462.97 ] D: info.stepCount 0xec719d5e90 0.682274 299 61
[   462.97 ] D: info.stepCount 0xec719d5e90 0.342105 38 62
[   462.97 ] D: info.stepCount 0xec719d5e90 0.0778056 0 62
[   462.97 ] D: info.stepCount 0xec719d5e90 0 1 62
[   462.97 ] D: info.stepCount 0xec719d5e90 0 1 62
[   462.97 ] D: info.stepCount 0xec719d5e90 0.0434783 299 62
[   462.97 ] D: info.stepCount 0xec719d5e90 0.552632 38 63
[   462.97 ] D: info.stepCount 0xec719d5e90 0 0 63
[   462.97 ] D: info.stepCount 0xec719d5e90 0 1 63
[   462.97 ] D: info.stepCount 0xec719d5e90 0 1 63
[   462.97 ] D: info.stepCount 0xec719d5e90 0.702341 299 63
[   462.97 ] D: info.stepCount 0xec719d5e90 0.526316 38 64
[   462.97 ] D: info.stepCount 0xec719d5e90 0.64 0 64
[   462.97 ] D: info.stepCount 0xec719d5e90 0 1 64
[   462.97 ] D: info.stepCount 0xec719d5e90 0 1 64
[   462.97 ] D: info.stepCount 0xec719d5e90 0.0869565 299 64
[   462.97 ] D: info.stepCount 0xec719d5e90 0.552632 38 65
[   462.97 ] D: info.stepCount 0xec719d5e90 0.714545 0 65
[   462.97 ] D: info.stepCount 0xec719d5e90 0 1 65
[   462.97 ] D: info.stepCount 0xec719d5e90 1 1 65
[   462.97 ] D: info.stepCount 0xec719d5e90 0.0401338 299 65
[   462.97 ] D: info.stepCount 0xec719d5e90 0.552632 38 66
[   462.97 ] D: info.stepCount 0xec719d5e90 0.714545 0 66
[   462.97 ] D: info.stepCount 0xec719d5e90 0 1 66
[   462.97 ] D: info.stepCount 0xec719d5e90 0 1 66
[   462.97 ] D: info.stepCount 0xec719d5e90 0.0234114 299 66
[   462.97 ] D: info.stepCount 0xec719d5e90 0.552632 38 67
[   462.97 ] D: info.stepCount 0xec719d5e90 0.249694 0 67
[   462.97 ] D: info.stepCount 0xec719d5e90 0 1 67
[   462.97 ] D: info.stepCount 0xec719d5e90 0 1 67
[   462.97 ] D: info.stepCount 0xec719d5e90 0.0367893 299 67
[   462.97 ] D: info.stepCount 0xec719d5e90 0.552632 38 68
[   462.97 ] D: info.stepCount 0xec719d5e90 0.249556 0 68
[   462.97 ] D: info.stepCount 0xec719d5e90 0 1 68
[   462.97 ] D: info.stepCount 0xec719d5e90 0 1 68
[   462.97 ] D: info.stepCount 0xec719d5e90 0.0200669 299 68
[   462.97 ] D: info.stepCount 0xec719d5e90 0.789474 38 69
[   462.97 ] D: info.stepCount 0xec719d5e90 0.363636 0 69
[   462.97 ] D: info.stepCount 0xec719d5e90 0 1 69
[   462.97 ] D: info.stepCount 0xec719d5e90 0 1 69
[   462.97 ] D: info.stepCount 0xec719d5e90 0.240803 299 69
[   462.97 ] D: info.stepCount 0xec719d5e90 0.789474 38 70
[   462.97 ] D: info.stepCount 0xec719d5e90 0.492778 0 70
[   462.97 ] D: info.stepCount 0xec719d5e90 0 1 70
[   462.97 ] D: info.stepCount 0xec719d5e90 0 1 70
[   462.97 ] D: info.stepCount 0xec719d5e90 0.0769231 299 70
[   462.97 ] D: info.stepCount 0xec719d5e90 0.789474 38 71
[   462.97 ] D: info.stepCount 0xec719d5e90 0.5 0 71
[   462.97 ] D: info.stepCount 0xec719d5e90 0 1 71
[   462.97 ] D: info.stepCount 0xec719d5e90 0 1 71
[   462.97 ] D: info.stepCount 0xec719d5e90 0.0869565 299 71
[   462.97 ] D: info.stepCount 0xec719d5e90 0.789474 38 72
[   462.97 ] D: info.stepCount 0xec719d5e90 0.54 0 72
[   462.97 ] D: info.stepCount 0xec719d5e90 0 1 72
[   462.97 ] D: info.stepCount 0xec719d5e90 0 1 72
[   462.97 ] D: info.stepCount 0xec719d5e90 0.712375 299 72
[   462.97 ] D: info.stepCount 0xec719d5e90 0.789474 38 73
[   462.97 ] D: info.stepCount 0xec719d5e90 0.54 0 73
[   462.97 ] D: info.stepCount 0xec719d5e90 0 1 73
[   462.97 ] D: info.stepCount 0xec719d5e90 0 1 73
[   462.97 ] D: info.stepCount 0xec719d5e90 0.715719 299 73
[   462.97 ] D: info.stepCount 0xec719d5e90 0.526316 38 74
[   462.97 ] D: info.stepCount 0xec719d5e90 0.5 0 74
[   462.97 ] D: info.stepCount 0xec719d5e90 0 1 74
[   462.97 ] D: info.stepCount 0xec719d5e90 0 1 74
[   462.97 ] D: info.stepCount 0xec719d5e90 0.083612 299 74
[   462.97 ] D: info.stepCount 0xec719d5e90 0.526316 38 75
[   462.97 ] D: info.stepCount 0xec719d5e90 0 0 75
[   462.97 ] D: info.stepCount 0xec719d5e90 0 1 75
[   462.97 ] D: info.stepCount 0xec719d5e90 0 1 75
[   462.97 ] D: info.stepCount 0xec719d5e90 0.204013 299 75
[   462.97 ] D: info.stepCount 0xec719d5e90 0.526316 38 76
[   462.97 ] D: info.stepCount 0xec719d5e90 0 0 76
[   462.97 ] D: info.stepCount 0xec719d5e90 0 1 76
[   462.97 ] D: info.stepCount 0xec719d5e90 1 1 76
[   462.97 ] D: info.stepCount 0xec719d5e90 0.19398 299 76
[   462.97 ] D: info.stepCount 0xec719d5e90 0.789474 38 77
[   462.97 ] D: info.stepCount 0xec719d5e90 0.0857778 0 77
[   462.97 ] D: info.stepCount 0xec719d5e90 0 1 77
[   462.97 ] D: info.stepCount 0xec719d5e90 0 1 77
[   462.97 ] D: info.stepCount 0xec719d5e90 0.0100334 299 77
[   462.97 ] D: info.stepCount 0xec719d5e90 0.789474 38 78
[   462.97 ] D: info.stepCount 0xec719d5e90 0.0771667 0 78
[   462.97 ] D: info.stepCount 0xec719d5e90 0 1 78
[   462.97 ] D: info.stepCount 0xec719d5e90 1 1 78
[   462.97 ] D: info.stepCount 0xec719d5e90 0.0267559 299 78
[   462.97 ] D: info.stepCount 0xec719d5e90 0.0263158 38 79
[   462.97 ] D: info.stepCount 0xec719d5e90 0.787273 0 79
[   462.97 ] D: info.stepCount 0xec719d5e90 0 1 79
[   462.97 ] D: info.stepCount 0xec719d5e90 0 1 79
[   462.97 ] D: info.stepCount 0xec719d5e90 0.0869565 299 79
[   462.97 ] D: info.stepCount 0xec719d5e90 0.0263158 38 80
[   462.97 ] D: info.stepCount 0xec719d5e90 0.787273 0 80
[   462.97 ] D: info.stepCount 0xec719d5e90 0 1 80
[   462.97 ] D: info.stepCount 0xec719d5e90 0 1 80
[   462.97 ] D: info.stepCount 0xec719d5e90 0.0769231 299 80
[   462.97 ] D: info.stepCount 0xec719d5e90 0.842105 38 81
[   462.97 ] D: info.stepCount 0xec719d5e90 0.5 0 81
[   462.97 ] D: info.stepCount 0xec719d5e90 0 1 81
[   462.97 ] D: info.stepCount 0xec719d5e90 0 1 81
[   462.97 ] D: info.stepCount 0xec719d5e90 0.117057 299 81
[   462.97 ] D: info.stepCount 0xec719d5e90 0.0526316 38 82
[   462.97 ] D: info.stepCount 0xec719d5e90 0.86425 0 82
[   462.97 ] D: info.stepCount 0xec719d5e90 0 1 82
[   462.97 ] D: info.stepCount 0xec719d5e90 0 1 82
[   462.97 ] D: info.stepCount 0xec719d5e90 0.083612 299 82
[   462.97 ] D: info.stepCount 0xec719d5e90 0.0526316 38 83
[   462.97 ] D: info.stepCount 0xec719d5e90 0.748556 0 83
[   462.97 ] D: info.stepCount 0xec719d5e90 0 1 83
[   462.97 ] D: info.stepCount 0xec719d5e90 0 1 83
[   462.97 ] D: info.stepCount 0xec719d5e90 0.0936455 299 83
[   462.97 ] D: info.stepCount 0xec719d5e90 0.0526316 38 84
[   462.97 ] D: info.stepCount 0xec719d5e90 0.5 0 84
[   462.97 ] D: info.stepCount 0xec719d5e90 0 1 84
[   462.97 ] D: info.stepCount 0xec719d5e90 1 1 84
[   462.97 ] D: info.stepCount 0xec719d5e90 0.0200669 299 84
[   462.97 ] D: info.stepCount 0xec719d5e90 0.0526316 38 85
[   462.97 ] D: info.stepCount 0xec719d5e90 0.5 0 85
[   462.97 ] D: info.stepCount 0xec719d5e90 0 1 85
[   462.97 ] D: info.stepCount 0xec719d5e90 1 1 85
[   462.97 ] D: info.stepCount 0xec719d5e90 0.0367893 299 85
[   462.97 ] D: info.stepCount 0xec719d5e90 0.0526316 38 86
[   462.97 ] D: info.stepCount 0xec719d5e90 0.5 0 86
[   462.97 ] D: info.stepCount 0xec719d5e90 0 1 86
[   462.97 ] D: info.stepCount 0xec719d5e90 1 1 86
[   462.97 ] D: info.stepCount 0xec719d5e90 0.0535117 299 86
[   462.97 ] D: info.stepCount 0xec719d5e90 0.0526316 38 87
[   462.97 ] D: info.stepCount 0xec719d5e90 0.464917 0 87
[   462.97 ] D: info.stepCount 0xec719d5e90 0 1 87
[   462.97 ] D: info.stepCount 0xec719d5e90 1 1 87
[   462.97 ] D: info.stepCount 0xec719d5e90 0.742475 299 87
[   462.97 ] D: info.stepCount 0xec719d5e90 0.0526316 38 88
[   462.98 ] D: info.stepCount 0xec719d5e90 0.541472 0 88
[   462.98 ] D: info.stepCount 0xec719d5e90 0 1 88
[   462.98 ] D: info.stepCount 0xec719d5e90 0 1 88
[   462.98 ] D: info.stepCount 0xec719d5e90 0.772575 299 88
[   462.98 ] D: info.stepCount 0xec719d5e90 0.552632 38 89
[   462.98 ] D: info.stepCount 0xec719d5e90 0.295455 0 89
[   462.98 ] D: info.stepCount 0xec719d5e90 0 1 89
[   462.98 ] D: info.stepCount 0xec719d5e90 1 1 89
[   462.98 ] D: info.stepCount 0xec719d5e90 0.0869565 299 89
[   462.98 ] D: info.stepCount 0xec719d5e90 0.105263 38 90
[   462.98 ] D: info.stepCount 0xec719d5e90 0.724194 0 90
[   462.98 ] D: info.stepCount 0xec719d5e90 0 1 90
[   462.98 ] D: info.stepCount 0xec719d5e90 0 1 90
[   462.98 ] D: info.stepCount 0xec719d5e90 0.411371 299 90
[   462.98 ] D: info.stepCount 0xec719d5e90 0.105263 38 91
[   462.98 ] D: info.stepCount 0xec719d5e90 0.71875 0 91
[   462.98 ] D: info.stepCount 0xec719d5e90 0 1 91
[   462.98 ] D: info.stepCount 0xec719d5e90 0 1 91
[   462.98 ] D: info.stepCount 0xec719d5e90 0.448161 299 91
[   462.98 ] D: info.stepCount 0xec719d5e90 0.105263 38 92
[   462.98 ] D: info.stepCount 0xec719d5e90 0.477273 0 92
[   462.98 ] D: info.stepCount 0xec719d5e90 0 1 92
[   462.98 ] D: info.stepCount 0xec719d5e90 1 1 92
[   462.98 ] D: info.stepCount 0xec719d5e90 0.117057 299 92
[   462.98 ] D: info.stepCount 0xec719d5e90 0.105263 38 93
[   462.98 ] D: info.stepCount 0xec719d5e90 0.477273 0 93
[   462.98 ] D: info.stepCount 0xec719d5e90 0 1 93
[   462.98 ] D: info.stepCount 0xec719d5e90 1 1 93
[   462.98 ] D: info.stepCount 0xec719d5e90 0.802676 299 93
[   462.98 ] D: info.stepCount 0xec719d5e90 0.157895 38 94
[   462.98 ] D: info.stepCount 0xec719d5e90 0.249056 0 94
[   462.98 ] D: info.stepCount 0xec719d5e90 0 1 94
[   462.98 ] D: info.stepCount 0xec719d5e90 0 1 94
[   462.98 ] D: info.stepCount 0xec719d5e90 0.0869565 299 94
[   462.98 ] D: info.stepCount 0xec719d5e90 0.157895 38 95
[   462.98 ] D: info.stepCount 0xec719d5e90 0.15625 0 95
[   462.98 ] D: info.stepCount 0xec719d5e90 0 1 95
[   462.98 ] D: info.stepCount 0xec719d5e90 0 1 95
[   462.98 ] D: info.stepCount 0xec719d5e90 0.70903 299 95
[   462.98 ] D: info.stepCount 0xec719d5e90 0.157895 38 96
[   462.98 ] D: info.stepCount 0xec719d5e90 0.125 0 96
[   462.98 ] D: info.stepCount 0xec719d5e90 0 1 96
[   462.98 ] D: info.stepCount 0xec719d5e90 1 1 96
[   462.98 ] D: info.stepCount 0xec719d5e90 0.792642 299 96
[   462.98 ] D: info.stepCount 0xec719d5e90 0.157895 38 97
[   462.98 ] D: info.stepCount 0xec719d5e90 0.363636 0 97
[   462.98 ] D: info.stepCount 0xec719d5e90 0 1 97
[   462.98 ] D: info.stepCount 0xec719d5e90 1 1 97
[   462.98 ] D: info.stepCount 0xec719d5e90 0.0769231 299 97
[   462.98 ] D: info.stepCount 0xec719d5e90 0.157895 38 98
[   462.98 ] D: info.stepCount 0xec719d5e90 0.1875 0 98
[   462.98 ] D: info.stepCount 0xec719d5e90 0 1 98
[   462.98 ] D: info.stepCount 0xec719d5e90 1 1 98
[   462.98 ] D: info.stepCount 0xec719d5e90 0.672241 299 98
[   462.98 ] D: info.stepCount 0xec719d5e90 0.157895 38 99
[   462.98 ] D: info.stepCount 0xec719d5e90 0.125 0 99
[   462.98 ] D: info.stepCount 0xec719d5e90 0 1 99
[   462.98 ] D: info.stepCount 0xec719d5e90 0 1 99
[   462.98 ] D: info.stepCount 0xec719d5e90 0.675585 299 99
[   462.98 ] D: info.stepCount 0xec719d5e90 0.157895 38 100
[   462.98 ] D: info.stepCount 0xec719d5e90 0.295455 0 100
[   462.98 ] D: info.stepCount 0xec719d5e90 0 1 100
[   462.98 ] D: info.stepCount 0xec719d5e90 0 1 100
[   462.98 ] D: info.stepCount 0xec719d5e90 0.117057 299 100
[   462.98 ] D: info.stepCount 0xec719d5e90 0.105263 38 101
[   462.98 ] D: info.stepCount 0xec719d5e90 0.363667 0 101
[   462.98 ] D: info.stepCount 0xec719d5e90 0 1 101
[   462.98 ] D: info.stepCount 0xec719d5e90 0 1 101
[   462.98 ] D: info.stepCount 0xec719d5e90 0.749164 299 101
[   462.98 ] D: info.stepCount 0xec719d5e90 0.105263 38 102
[   462.98 ] D: info.stepCount 0xec719d5e90 0.5 0 102
[   462.98 ] D: info.stepCount 0xec719d5e90 0 1 102
[   462.98 ] D: info.stepCount 0xec719d5e90 0 1 102
[   462.98 ] D: info.stepCount 0xec719d5e90 0.745819 299 102
[   462.98 ] D: info.stepCount 0xec719d5e90 0.526316 38 103
[   462.98 ] D: info.stepCount 0xec719d5e90 0 0 103
[   462.98 ] D: info.stepCount 0xec719d5e90 0 1 103
[   462.98 ] D: info.stepCount 0xec719d5e90 1 1 103
[   462.98 ] D: info.stepCount 0xec719d5e90 0.204013 299 103
[   462.98 ] D: info.stepCount 0xec719d5e90 0.105263 38 104
[   462.98 ] D: info.stepCount 0xec719d5e90 0.5 0 104
[   462.98 ] D: info.stepCount 0xec719d5e90 0 1 104
[   462.98 ] D: info.stepCount 0xec719d5e90 0 1 104
[   462.98 ] D: info.stepCount 0xec719d5e90 0.839465 299 104
[   462.98 ] D: info.stepCount 0xec719d5e90 0.526316 38 105
[   462.98 ] D: info.stepCount 0xec719d5e90 0 0 105
[   462.98 ] D: info.stepCount 0xec719d5e90 0 1 105
[   462.98 ] D: info.stepCount 0xec719d5e90 0 1 105
[   462.98 ] D: info.stepCount 0xec719d5e90 0.19398 299 105
[   462.98 ] D: info.stepCount 0xec719d5e90 0.105263 38 106
[   462.98 ] D: info.stepCount 0xec719d5e90 0.363636 0 106
[   462.98 ] D: info.stepCount 0xec719d5e90 0 1 106
[   462.98 ] D: info.stepCount 0xec719d5e90 1 1 106
[   462.98 ] D: info.stepCount 0xec719d5e90 0.846154 299 106
[   462.98 ] D: info.stepCount 0xec719d5e90 0.105263 38 107
[   462.98 ] D: info.stepCount 0xec719d5e90 0.101563 0 107
[   462.98 ] D: info.stepCount 0xec719d5e90 0 1 107
[   462.98 ] D: info.stepCount 0xec719d5e90 0 1 107
[   462.98 ] D: info.stepCount 0xec719d5e90 0.685619 299 107
[   462.98 ] D: info.stepCount 0xec719d5e90 0.105263 38 108
[   462.98 ] D: info.stepCount 0xec719d5e90 0.102167 0 108
[   462.98 ] D: info.stepCount 0xec719d5e90 0 1 108
[   462.98 ] D: info.stepCount 0xec719d5e90 0 1 108
[   462.98 ] D: info.stepCount 0xec719d5e90 0.682274 299 108
[   462.98 ] D: info.stepCount 0xec719d5e90 0.552632 38 109
[   462.98 ] D: info.stepCount 0xec719d5e90 0 0 109
[   462.98 ] D: info.stepCount 0xec719d5e90 0 1 109
[   462.98 ] D: info.stepCount 0xec719d5e90 1 1 109
[   462.98 ] D: info.stepCount 0xec719d5e90 0.67893 299 109
[   462.98 ] D: info.stepCount 0xec719d5e90 0.105263 38 110
[   462.98 ] D: info.stepCount 0xec719d5e90 0.102167 0 110
[   462.98 ] D: info.stepCount 0xec719d5e90 0 1 110
[   462.98 ] D: info.stepCount 0xec719d5e90 1 1 110
[   462.98 ] D: info.stepCount 0xec719d5e90 0.859532 299 110
[   462.98 ] D: info.stepCount 0xec719d5e90 0.526316 38 111
[   462.98 ] D: info.stepCount 0xec719d5e90 0 0 111
[   462.98 ] D: info.stepCount 0xec719d5e90 0 1 111
[   462.98 ] D: info.stepCount 0xec719d5e90 1 1 111
[   462.98 ] D: info.stepCount 0xec719d5e90 0.67893 299 111
[   462.98 ] D: info.stepCount 0xec719d5e90 0.105263 38 112
[   462.98 ] D: info.stepCount 0xec719d5e90 0.101563 0 112
[   462.98 ] D: info.stepCount 0xec719d5e90 0 1 112
[   462.98 ] D: info.stepCount 0xec719d5e90 1 1 112
[   462.98 ] D: info.stepCount 0xec719d5e90 0.866221 299 112
[   462.98 ] D: info.stepCount 0xec719d5e90 0.815789 38 113
[   462.98 ] D: info.stepCount 0xec719d5e90 0.499917 0 113
[   462.98 ] D: info.stepCount 0xec719d5e90 0 1 113
[   462.98 ] D: info.stepCount 0xec719d5e90 0 1 113
[   462.98 ] D: info.stepCount 0xec719d5e90 0.117057 299 113
[   462.98 ] D: info.stepCount 0xec719d5e90 0.789474 38 114
[   462.98 ] D: info.stepCount 0xec719d5e90 0 0 114
[   462.98 ] D: info.stepCount 0xec719d5e90 0 1 114
[   462.98 ] D: info.stepCount 0xec719d5e90 0 1 114
[   462.98 ] D: info.stepCount 0xec719d5e90 0.411371 299 114
[   462.98 ] D: info.stepCount 0xec719d5e90 0.105263 38 115
[   462.98 ] D: info.stepCount 0xec719d5e90 0.318182 0 115
[   462.98 ] D: info.stepCount 0xec719d5e90 0 1 115
[   462.98 ] D: info.stepCount 0xec719d5e90 0 1 115
[   462.98 ] D: info.stepCount 0xec719d5e90 0.876254 299 115
[   462.98 ] D: info.stepCount 0xec719d5e90 0.789474 38 116
[   462.98 ] D: info.stepCount 0xec719d5e90 0 0 116
[   462.98 ] D: info.stepCount 0xec719d5e90 0 1 116
[   462.98 ] D: info.stepCount 0xec719d5e90 1 1 116
[   462.98 ] D: info.stepCount 0xec719d5e90 0.411371 299 116
[   462.98 ] D: info.stepCount 0xec719d5e90 0.105263 38 117
[   462.98 ] D: info.stepCount 0xec719d5e90 0.318182 0 117
[   462.98 ] D: info.stepCount 0xec719d5e90 0 1 117
[   462.98 ] D: info.stepCount 0xec719d5e90 0 1 117
[   462.98 ] D: info.stepCount 0xec719d5e90 0.882943 299 117
[   462.98 ] D: info.stepCount 0xec719d5e90 0.815789 38 118
[   462.98 ] D: info.stepCount 0xec719d5e90 0.188556 0 118
[   462.98 ] D: info.stepCount 0xec719d5e90 0 1 118
[   462.98 ] D: info.stepCount 0xec719d5e90 0 1 118
[   462.98 ] D: info.stepCount 0xec719d5e90 0.240803 299 118
[   462.98 ] D: info.stepCount 0xec719d5e90 0.868421 38 119
[   462.98 ] D: info.stepCount 0xec719d5e90 0.272222 0 119
[   462.98 ] D: info.stepCount 0xec719d5e90 0 1 119
[   462.98 ] D: info.stepCount 0xec719d5e90 0 1 119
[   462.98 ] D: info.stepCount 0xec719d5e90 0.240803 299 119
[   462.98 ] D: info.stepCount 0xec719d5e90 0.868421 38 120
[   462.98 ] D: info.stepCount 0xec719d5e90 0.262139 0 120
[   462.98 ] D: info.stepCount 0xec719d5e90 0 1 120
[   462.98 ] D: info.stepCount 0xec719d5e90 0 1 120
[   462.98 ] D: info.stepCount 0xec719d5e90 0.117057 299 120
[   462.98 ] D: info.stepCount 0xec719d5e90 0.157895 38 121
[   462.98 ] D: info.stepCount 0xec719d5e90 0.295455 0 121
[   462.98 ] D: info.stepCount 0xec719d5e90 0 1 121
[   462.98 ] D: info.stepCount 0xec719d5e90 1 1 121
[   462.98 ] D: info.stepCount 0xec719d5e90 0.829431 299 121
[   462.98 ] D: info.stepCount 0xec719d5e90 0.552632 38 122
[   462.98 ] D: info.stepCount 0xec719d5e90 0.543 0 122
[   462.98 ] D: info.stepCount 0xec719d5e90 0 1 122
[   462.98 ] D: info.stepCount 0xec719d5e90 0 1 122
[   462.98 ] D: info.stepCount 0xec719d5e90 0.428094 299 122
[   462.98 ] D: info.stepCount 0xec719d5e90 0.578947 38 123
[   462.98 ] D: info.stepCount 0xec719d5e90 0.973778 0 123
[   462.98 ] D: info.stepCount 0xec719d5e90 0 1 123
[   462.98 ] D: info.stepCount 0xec719d5e90 0 1 123
[   462.99 ] D: info.stepCount 0xec719d5e90 0.0468227 299 123
[   462.99 ] D: info.stepCount 0xec719d5e90 0.578947 38 124
[   462.99 ] D: info.stepCount 0xec719d5e90 0.260583 0 124
[   462.99 ] D: info.stepCount 0xec719d5e90 0 1 124
[   462.99 ] D: info.stepCount 0xec719d5e90 1 1 124
[   462.99 ] D: info.stepCount 0xec719d5e90 0.0535117 299 124
[   462.99 ] D: info.stepCount 0xec719d5e90 0.842105 38 125
[   462.99 ] D: info.stepCount 0xec719d5e90 0.515639 0 125
[   462.99 ] D: info.stepCount 0xec719d5e90 0 1 125
[   462.99 ] D: info.stepCount 0xec719d5e90 1 1 125
[   462.99 ] D: info.stepCount 0xec719d5e90 0.0468227 299 125
[   462.99 ] D: info.stepCount 0xec719d5e90 0.105263 38 126
[   462.99 ] D: info.stepCount 0xec719d5e90 0.182056 0 126
[   462.99 ] D: info.stepCount 0xec719d5e90 0 1 126
[   462.99 ] D: info.stepCount 0xec719d5e90 0 1 126
[   462.99 ] D: info.stepCount 0xec719d5e90 0.705686 299 126
[   462.99 ] D: info.stepCount 0xec719d5e90 0.552632 38 127
[   462.99 ] D: info.stepCount 0xec719d5e90 0 0 127
[   462.99 ] D: info.stepCount 0xec719d5e90 0 1 127
[   462.99 ] D: info.stepCount 0xec719d5e90 1 1 127
[   462.99 ] D: info.stepCount 0xec719d5e90 0.702341 299 127
[   462.99 ] D: info.stepCount 0xec719d5e90 0.105263 38 128
[   462.99 ] D: info.stepCount 0xec719d5e90 0.1805 0 128
[   462.99 ] D: info.stepCount 0xec719d5e90 0 1 128
[   462.99 ] D: info.stepCount 0xec719d5e90 1 1 128
[   462.99 ] D: info.stepCount 0xec719d5e90 0.919732 299 128
[   462.99 ] D: info.stepCount 0xec719d5e90 0.815789 38 129
[   462.99 ] D: info.stepCount 0xec719d5e90 0.0828611 0 129
[   462.99 ] D: info.stepCount 0xec719d5e90 0 1 129
[   462.99 ] D: info.stepCount 0xec719d5e90 0 1 129
[   462.99 ] D: info.stepCount 0xec719d5e90 0.431438 299 129
[   462.99 ] D: info.stepCount 0xec719d5e90 0.815789 38 130
[   462.99 ] D: info.stepCount 0xec719d5e90 0.109167 0 130
[   462.99 ] D: info.stepCount 0xec719d5e90 0 1 130
[   462.99 ] D: info.stepCount 0xec719d5e90 0 1 130
[   462.99 ] D: info.stepCount 0xec719d5e90 0.428094 299 130
[   462.99 ] D: info.stepCount 0xec719d5e90 0.815789 38 131
[   462.99 ] D: info.stepCount 0xec719d5e90 0.11775 0 131
[   462.99 ] D: info.stepCount 0xec719d5e90 0 1 131
[   462.99 ] D: info.stepCount 0xec719d5e90 0 1 131
[   462.99 ] D: info.stepCount 0xec719d5e90 0.464883 299 131
[   462.99 ] D: info.stepCount 0xec719d5e90 0.815789 38 132
[   462.99 ] D: info.stepCount 0xec719d5e90 0.0953333 0 132
[   462.99 ] D: info.stepCount 0xec719d5e90 0 1 132
[   462.99 ] D: info.stepCount 0xec719d5e90 0 1 132
[   462.99 ] D: info.stepCount 0xec719d5e90 0.458194 299 132
[   462.99 ] D: info.stepCount 0xec719d5e90 0.789474 38 133
[   462.99 ] D: info.stepCount 0xec719d5e90 0.125444 0 133
[   462.99 ] D: info.stepCount 0xec719d5e90 0 1 133
[   462.99 ] D: info.stepCount 0xec719d5e90 1 1 133
[   462.99 ] D: info.stepCount 0xec719d5e90 0.458194 299 133
[   462.99 ] D: info.stepCount 0xec719d5e90 0 38 134
[   462.99 ] D: info.stepCount 0xec719d5e90 0.5 0 134
[   462.99 ] D: info.stepCount 0xec719d5e90 0 1 134
[   462.99 ] D: info.stepCount 0xec719d5e90 0 1 134
[   462.99 ] D: info.stepCount 0xec719d5e90 0 299 134
[   462.99 ] D: info.stepCount 0xec719d5e90 0 38 135
[   462.99 ] D: info.stepCount 0xec719d5e90 0.5 0 135
[   462.99 ] D: info.stepCount 0xec719d5e90 0 1 135
[   462.99 ] D: info.stepCount 0xec719d5e90 0 1 135
[   462.99 ] D: info.stepCount 0xec719d5e90 0 299 135
[   462.99 ] D: info.stepCount 0xec719d5e90 0 38 136
[   462.99 ] D: info.stepCount 0xec719d5e90 0.5 0 136
[   462.99 ] D: info.stepCount 0xec719d5e90 0 1 136
[   462.99 ] D: info.stepCount 0xec719d5e90 0 1 136
[   462.99 ] D: info.stepCount 0xec719d5e90 0 299 136
[   462.99 ] D: info.stepCount 0xec719d5e90 0 38 137
[   462.99 ] D: info.stepCount 0xec719d5e90 0.5 0 137
[   462.99 ] D: info.stepCount 0xec719d5e90 0 1 137
[   462.99 ] D: info.stepCount 0xec719d5e90 0 1 137
[   462.99 ] D: info.stepCount 0xec719d5e90 0 299 137
[   462.99 ] D: info.stepCount 0xec719d5e90 0 38 138
[   462.99 ] D: info.stepCount 0xec719d5e90 0.5 0 138
[   462.99 ] D: info.stepCount 0xec719d5e90 0 1 138
[   462.99 ] D: info.stepCount 0xec719d5e90 0 1 138
[   462.99 ] D: info.stepCount 0xec719d5e90 0 299 138
[   462.99 ] D: info.stepCount 0xec719d5e90 0 38 139
[   462.99 ] D: info.stepCount 0xec719d5e90 0.5 0 139
[   462.99 ] D: info.stepCount 0xec719d5e90 0 1 139
[   462.99 ] D: info.stepCount 0xec719d5e90 0 1 139
[   462.99 ] D: info.stepCount 0xec719d5e90 0 299 139
[   462.99 ] D: info.stepCount 0xec719d5e90 0 38 140
[   462.99 ] D: info.stepCount 0xec719d5e90 0.5 0 140
[   462.99 ] D: info.stepCount 0xec719d5e90 0 1 140
[   462.99 ] D: info.stepCount 0xec719d5e90 0 1 140
[   462.99 ] D: info.stepCount 0xec719d5e90 0 299 140
[   462.99 ] D: info.stepCount 0xec719d5e90 0 38 141
[   462.99 ] D: info.stepCount 0xec719d5e90 0.5 0 141
[   462.99 ] D: info.stepCount 0xec719d5e90 0 1 141
[   462.99 ] D: info.stepCount 0xec719d5e90 0 1 141
[   462.99 ] D: info.stepCount 0xec719d5e90 0 299 141
[   462.99 ] D: info.stepCount 0xec719d5e90 0 38 142
[   462.99 ] D: info.stepCount 0xec719d5e90 0.5 0 142
[   462.99 ] D: info.stepCount 0xec719d5e90 0 1 142
[   462.99 ] D: info.stepCount 0xec719d5e90 0 1 142
[   462.99 ] D: info.stepCount 0xec719d5e90 0 299 142
[   462.99 ] D: info.stepCount 0xec719d5e90 0 38 143
[   462.99 ] D: info.stepCount 0xec719d5e90 0.5 0 143
[   462.99 ] D: info.stepCount 0xec719d5e90 0 1 143
[   462.99 ] D: info.stepCount 0xec719d5e90 0 1 143
[   462.99 ] D: info.stepCount 0xec719d5e90 0 299 143
[   462.99 ] D: info.stepCount 0xec719d5e90 0 38 144
[   462.99 ] D: info.stepCount 0xec719d5e90 0.5 0 144
[   462.99 ] D: info.stepCount 0xec719d5e90 0 1 144
[   462.99 ] D: info.stepCount 0xec719d5e90 0 1 144
[   462.99 ] D: info.stepCount 0xec719d5e90 0 299 144
[   462.99 ] D: info.stepCount 0xec719d5e90 0 38 145
[   462.99 ] D: info.stepCount 0xec719d5e90 0.5 0 145
[   462.99 ] D: info.stepCount 0xec719d5e90 0 1 145
[   462.99 ] D: info.stepCount 0xec719d5e90 0 1 145
[   462.99 ] D: info.stepCount 0xec719d5e90 0 299 145
[   462.99 ] D: info.stepCount 0xec719d5e90 0 38 146
[   462.99 ] D: info.stepCount 0xec719d5e90 0.5 0 146
[   462.99 ] D: info.stepCount 0xec719d5e90 0 1 146
[   462.99 ] D: info.stepCount 0xec719d5e90 0 1 146
[   462.99 ] D: info.stepCount 0xec719d5e90 0 299 146
[   462.99 ] D: info.stepCount 0xec719d5e90 0 38 147
[   462.99 ] D: info.stepCount 0xec719d5e90 0.5 0 147
[   462.99 ] D: info.stepCount 0xec719d5e90 0 1 147
[   462.99 ] D: info.stepCount 0xec719d5e90 0 1 147
[   462.99 ] D: info.stepCount 0xec719d5e90 0 299 147
[   462.99 ] D: info.stepCount 0xec719d5e90 0 38 148
[   462.99 ] D: info.stepCount 0xec719d5e90 0.5 0 148
[   462.99 ] D: info.stepCount 0xec719d5e90 0 1 148
[   462.99 ] D: info.stepCount 0xec719d5e90 0 1 148
[   462.99 ] D: info.stepCount 0xec719d5e90 0 299 148
[   462.99 ] D: info.stepCount 0xec719d5e90 0 38 149
[   462.99 ] D: info.stepCount 0xec719d5e90 0.5 0 149
[   462.99 ] D: info.stepCount 0xec719d5e90 0 1 149
[   462.99 ] D: info.stepCount 0xec719d5e90 0 1 149
[   462.99 ] D: info.stepCount 0xec719d5e90 0 299 149
[   462.99 ] D: info.stepCount 0xec719d5e90 0 38 150
[   462.99 ] D: info.stepCount 0xec719d5e90 0.5 0 150
[   462.99 ] D: info.stepCount 0xec719d5e90 0 1 150
[   462.99 ] D: info.stepCount 0xec719d5e90 0 1 150
[   462.99 ] D: info.stepCount 0xec719d5e90 0 299 150
[   462.99 ] D: info.stepCount 0xec719d5e90 0 38 151
[   462.99 ] D: info.stepCount 0xec719d5e90 0.5 0 151
[   462.99 ] D: info.stepCount 0xec719d5e90 0 1 151
[   462.99 ] D: info.stepCount 0xec719d5e90 0 1 151
[   462.99 ] D: info.stepCount 0xec719d5e90 0 299 151
[   462.99 ] D: info.stepCount 0xec719d5e90 0 1 0
[   462.99 ] D: info.stepCount 0xec719d5e90 0 0 0
[   462.99 ] D: info.stepCount 0xec719d5e90 0 0 0
[   462.99 ] D: info.stepCount 0xec719d5e90 0 0 0
[   462.99 ] D: info.stepCount 0xec719d5e90 0 0 0
[   462.99 ] D: info.stepCount 0xec719d5e90 0 0 0
[   462.99 ] D: info.stepCount 0xec719d5e90 0 0 0
[   462.99 ] D: info.stepCount 0xec719d5e90 0 0 0
[   462.99 ] D: info.stepCount 0xec719d5e90 0 0 0
[   462.99 ] D: info.stepCount 0xec719d5e90 0 0 0
[   462.99 ] D: info.stepCount 0xec719d5e90 0 0 0
[   462.99 ] D: info.stepCount 0xec719d5e90 0 0 0
[   462.99 ] D: info.stepCount 0xec719d5e90 0 0 0
[   462.99 ] D: info.stepCount 0xec719d5e90 0 0 0
[   462.99 ] D: info.stepCount 0xec719d5e90 0 0 0
[   462.99 ] D: info.stepCount 0xec719d5e90 0 0 0
[   462.99 ] D: info.stepCount 0xec719d5e90 0 0 0
[   462.99 ] D: info.stepCount 0xec719d5e90 0 0 0
[   462.99 ] D: info.stepCount 0xec719d5e90 0 0 0
[   462.99 ] D: info.stepCount 0xec719d5e90 0 0 0
[   462.99 ] D: info.stepCount 0xec719d5e90 0 0 0
[   463.00 ] D: info.stepCount 0xec719d5e90 0 0 0
[   463.00 ] D: info.stepCount 0xec719d5e90 0 0 0
[   463.00 ] D: info.stepCount 0xec719d5e90 0 0 0
[   463.00 ] D: info.stepCount 0xec719d5e90 0 0 0
[   463.00 ] D: info.stepCount 0xec719d5e90 0 0 0
[   463.00 ] D: info.stepCount 0xec719d5e90 0 0 0
[   463.00 ] D: info.stepCount 0xec719d5e90 0 0 0
[   463.00 ] D: info.stepCount 0xec719d5e90 0 0 0
[   463.00 ] D: info.stepCount 0xec719d5e90 0 0 0
[   463.00 ] D: info.stepCount 0xec719d5e90 0 0 0
[   463.00 ] D: info.stepCount 0xec719d5e90 0 0 0
[   463.00 ] D: info.stepCount 0xec719d5e90 0 0 0
[   463.00 ] D: info.stepCount 0xec719d5e90 0 0 0
[   463.00 ] D: info.stepCount 0xec719d5e90 0 0 0
[   463.00 ] D: info.stepCount 0xec719d5e90 0 0 0
[   463.00 ] D: info.stepCount 0xec719d5e90 0 0 0
[   463.00 ] D: info.stepCount 0xec719d5e90 0 0 0
[   463.00 ] D: info.stepCount 0xec719d5e90 0 0 0
[   463.00 ] D: info.stepCount 0xec719d5e90 0 0 0
[   463.00 ] D: info.stepCount 0xec719d5e90 0 0 0
[   463.00 ] D: info.stepCount 0xec719d5e90 0 0 0
[   463.00 ] D: info.stepCount 0xec719d5e90 0 0 0
[   463.00 ] D: info.stepCount 0xec719d5e90 0 0 0
[   463.00 ] D: info.stepCount 0xec719d5e90 0 0 0
[   463.00 ] D: info.stepCount 0xec719d5e90 0 0 0
[   463.00 ] D: info.stepCount 0xec719d5e90 0 0 0
[   463.00 ] D: info.stepCount 0xec719d5e90 0 0 0
[   463.00 ] D: info.stepCount 0xec719d5e90 0 0 0
[   463.00 ] D: info.stepCount 0xec719d5e90 0 0 0
[   463.00 ] D: info.stepCount 0xec719d5e90 0 0 0
[   463.00 ] D: info.stepCount 0xec719d5e90 0 0 0
[   463.00 ] D: info.stepCount 0xec719d5e90 0 0 0
[   463.00 ] D: info.stepCount 0xec719d5e90 0 0 0
[   463.00 ] D: info.stepCount 0xec719d5e90 0 0 0
[   463.00 ] D: info.stepCount 0xec719d5e90 0 0 0
[   463.00 ] D: info.stepCount 0xec719d5e90 0 0 0
[   463.00 ] D: info.stepCount 0xec719d5e90 0 0 0
[   463.00 ] D: info.stepCount 0xec719d5e90 0 0 0
[   463.00 ] D: info.stepCount 0xec719d5e90 0 0 0
[   463.00 ] D: info.stepCount 0xec719d5e90 0 0 0
[   463.00 ] D: info.stepCount 0xec719d5e90 0 0 0
[   463.00 ] D: info.stepCount 0xec719d5e90 0 0 0
[   463.00 ] D: info.stepCount 0xec719d5e90 0 0 0
[   463.00 ] D: info.stepCount 0xec719d5e90 0 0 0
[   463.00 ] D: info.stepCount 0xec719d5e90 0 0 0
[   463.00 ] D: info.stepCount 0xec719d5e90 0 0 0
[   463.00 ] D: info.stepCount 0xec719d5e90 0 0 0
[   463.00 ] D: info.stepCount 0xec719d5e90 0 0 0
[   463.00 ] D: info.stepCount 0xec719d5e90 0 0 0
[   463.00 ] D: info.stepCount 0xec719d5e90 0 0 0
[   463.00 ] D: info.stepCount 0xec719d5e90 0 0 0
[   463.00 ] D: info.stepCount 0xec719d5e90 0 0 0
[   463.00 ] D: info.stepCount 0xec719d5e90 0 0 0
[   463.00 ] D: info.stepCount 0xec719d5e90 0 0 0
[   463.00 ] D: info.stepCount 0xec719d5e90 0 0 0
[   463.00 ] D: info.stepCount 0xec719d5e90 0 0 0
[   463.00 ] D: info.stepCount 0xec719d5e90 0 0 0
[   463.00 ] D: info.stepCount 0xec719d5e90 0 0 0
[   463.00 ] D: info.stepCount 0xec719d5e90 0 0 0
[   463.00 ] D: info.stepCount 0xec719d5e90 0 0 0
[   463.00 ] D: info.stepCount 0xec719d5e90 0 0 0
[   463.00 ] D: info.stepCount 0xec719d5e90 0 0 0
[   463.00 ] D: info.stepCount 0xec719d5e90 0 0 0
[   463.00 ] D: info.stepCount 0xec719d5e90 0 0 0
[   463.00 ] D: info.stepCount 0xec719d5e90 0 0 0
[   463.00 ] D: info.stepCount 0xec719d5e90 0 0 0
[   463.00 ] D: info.stepCount 0xec719d5e90 0 0 0
[   463.00 ] D: info.stepCount 0xec719d5e90 0 0 0
[   463.00 ] D: info.stepCount 0xec719d5e90 0 0 0
[   463.00 ] D: info.stepCount 0xec719d5e90 0 0 0
[   463.00 ] D: info.stepCount 0xec719d5e90 0 0 0
[   463.00 ] D: info.stepCount 0xec719d5e90 0 0 0
[   463.00 ] D: info.stepCount 0xec719d5e90 0 0 0
[   463.00 ] D: info.stepCount 0xec719d5e90 0 0 0
[   463.00 ] D: info.stepCount 0xec719d5e90 0 0 0
[   463.00 ] D: info.stepCount 0xec719d5e90 0 0 0
[   463.00 ] D: info.stepCount 0xec719d5e90 0 0 0
[   463.00 ] D: info.stepCount 0xec719d5e90 0 0 0
[   463.00 ] D: info.stepCount 0xec719d5e90 0 0 0
[   463.00 ] D: info.stepCount 0xec719d5e90 0 0 0
[   463.00 ] D: info.stepCount 0xec719d5e90 0 0 0
[   463.00 ] D: info.stepCount 0xec719d5e90 0 0 0
[   463.00 ] D: info.stepCount 0xec719d5e90 0 0 0
[   463.00 ] D: info.stepCount 0xec719d5e90 0 0 0
[   463.00 ] D: info.stepCount 0xec719d5e90 0 0 0
[   463.00 ] D: info.stepCount 0xec719d5e90 0 0 0
[   463.00 ] D: info.stepCount 0xec719d5e90 0 0 0
[   463.00 ] D: info.stepCount 0xec719d5e90 0 0 0
[   463.00 ] D: info.stepCount 0xec719d5e90 0 0 0
[   463.00 ] D: info.stepCount 0xec719d5e90 0 0 0
[   463.00 ] D: info.stepCount 0xec719d5e90 0 0 0
[   463.00 ] D: info.stepCount 0xec719d5e90 0 0 0
[   463.00 ] D: info.stepCount 0xec719d5e90 0 0 0
[   463.00 ] D: info.stepCount 0xec719d5e90 0 0 0
[   463.00 ] D: info.stepCount 0xec719d5e90 0 0 0
[   463.00 ] D: info.stepCount 0xec719d5e90 0 0 0
[   463.00 ] D: info.stepCount 0xec719d5e90 0 0 0
[   463.00 ] D: info.stepCount 0xec719d5e90 0 0 0
[   463.00 ] D: info.stepCount 0xec719d5e90 0 0 0
[   463.00 ] D: info.stepCount 0xec719d5e90 0 0 0
[   463.00 ] D: info.stepCount 0xec719d5e90 0 0 0
[   463.00 ] D: info.stepCount 0xec719d5e90 0 0 0
[   463.00 ] D: info.stepCount 0xec719d5e90 0 0 0
[   463.00 ] D: info.stepCount 0xec719d5e90 0 0 0
[   463.00 ] D: info.stepCount 0xec719d5e90 0 0 0
[   463.00 ] D: info.stepCount 0xec719d5e90 0 0 0
[   463.00 ] D: info.stepCount 0xec719d5e90 0 0 0
[   463.00 ] D: info.stepCount 0xec719d5e90 0 0 0
[   463.00 ] D: info.stepCount 0xec719d5e90 0 0 0
[   463.00 ] D: info.stepCount 0xec719d5e90 0 0 0
[   463.00 ] D: info.stepCount 0xec719d5e90 0 0 0
[   463.00 ] D: info.stepCount 0xec719d5e90 0 0 0
[   463.00 ] D: info.stepCount 0xec719d5e90 0 0 0
[   463.00 ] D: info.stepCount 0xec719d5e90 0 0 0
[   463.01 ] D: effectModel.controls Vst3Effect(0x2cb14f16a10)
[   463.01 ] D: ADDED
[   463.03 ] W: qrc:/Vst3Effect.qml:0: ReferenceError: enable is not defined
[   464.11 ] D: AsyncFileReader 1 86
[   465.59 ] D: AsyncFileReader 2 87
[   467.07 ] D: AsyncFileReader 3 88
[   468.57 ] D: AsyncFileReader 4 89
[   470.05 ] D: AsyncFileReader 0 90
[   472.64 ] D: AsyncFileReader 1 91
[   474.54 ] D: AsyncFileReader 2 92
[   476.02 ] D: AsyncFileReader 3 93
[   477.51 ] D: AsyncFileReader 4 94
[   479.00 ] D: AsyncFileReader 0 95
[   480.48 ] D: AsyncFileReader 1 96
[   481.96 ] D: AsyncFileReader 2 97
[   483.46 ] D: AsyncFileReader 3 98
[   484.94 ] D: AsyncFileReader 4 99
[   486.42 ] D: AsyncFileReader 0 100
[   487.92 ] D: AsyncFileReader 1 101
[   489.40 ] D: AsyncFileReader 2 102
[   490.89 ] D: AsyncFileReader 3 103
[   492.38 ] D: AsyncFileReader 4 104
[   493.86 ] D: AsyncFileReader 0 105
[   495.35 ] D: AsyncFileReader 1 106
[   496.83 ] D: AsyncFileReader 2 107
[   498.32 ] D: AsyncFileReader 3 108
[   499.81 ] D: AsyncFileReader 4 109
[   501.30 ] D: AsyncFileReader 0 110
[   502.77 ] D: AsyncFileReader 1 111
[   504.26 ] D: AsyncFileReader 2 112
[   507.07 ] D: AsyncFileReader 3 113
[   508.55 ] D: AsyncFileReader 4 114
[   510.03 ] D: AsyncFileReader 0 115
[   511.52 ] D: AsyncFileReader 1 116
[   513.48 ] D: AsyncFileReader 2 117
[   514.98 ] D: AsyncFileReader 3 118
[   516.47 ] D: AsyncFileReader 4 119
[   517.95 ] D: AsyncFileReader 0 120
[   519.43 ] D: AsyncFileReader 1 121
[   520.92 ] D: AsyncFileReader 2 122
[   522.41 ] D: AsyncFileReader 3 123
[   523.89 ] D: AsyncFileReader 4 124
[   686.89 ] D: _editController->getParameterCount() 1423
[   686.89 ] D: info.stepCount 0xec719d5e90 0.5 0 0
[   686.89 ] D: info.stepCount 0xec719d5e90 0.333333 3 0
[   686.89 ] D: info.stepCount 0xec719d5e90 0.468889 0 1
[   686.89 ] D: info.stepCount 0xec719d5e90 0.25 4 1
[   686.89 ] D: info.stepCount 0xec719d5e90 0 7 1
[   686.89 ] D: info.stepCount 0xec719d5e90 0 0 1
[   686.89 ] D: info.stepCount 0xec719d5e90 0 0 1
[   686.89 ] D: info.stepCount 0xec719d5e90 0.722139 0 1
[   686.89 ] D: info.stepCount 0xec719d5e90 0.339917 0 1
[   686.89 ] D: info.stepCount 0xec719d5e90 0 1 1
[   686.89 ] D: info.stepCount 0xec719d5e90 1 1 1
[   686.89 ] D: info.stepCount 0xec719d5e90 1 1 1
[   686.89 ] D: info.stepCount 0xec719d5e90 0.550167 0 2
[   686.89 ] D: info.stepCount 0xec719d5e90 0.25 4 2
[   686.89 ] D: info.stepCount 0xec719d5e90 0 7 2
[   686.89 ] D: info.stepCount 0xec719d5e90 0 0 2
[   686.89 ] D: info.stepCount 0xec719d5e90 0 0 2
[   686.89 ] D: info.stepCount 0xec719d5e90 0.722194 0 2
[   686.89 ] D: info.stepCount 0xec719d5e90 0.660167 0 2
[   686.89 ] D: info.stepCount 0xec719d5e90 0 1 2
[   686.89 ] D: info.stepCount 0xec719d5e90 1 1 2
[   686.90 ] D: info.stepCount 0xec719d5e90 1 1 2
[   686.90 ] D: info.stepCount 0xec719d5e90 0.5 0 3
[   686.90 ] D: info.stepCount 0xec719d5e90 0 4 3
[   686.90 ] D: info.stepCount 0xec719d5e90 0.285714 7 3
[   686.90 ] D: info.stepCount 0xec719d5e90 0 0 3
[   686.90 ] D: info.stepCount 0xec719d5e90 0 0 3
[   686.90 ] D: info.stepCount 0xec719d5e90 0.635194 0 3
[   686.90 ] D: info.stepCount 0xec719d5e90 0.5 0 3
[   686.90 ] D: info.stepCount 0xec719d5e90 0 1 3
[   686.90 ] D: info.stepCount 0xec719d5e90 1 1 3
[   686.90 ] D: info.stepCount 0xec719d5e90 1 1 3
[   686.90 ] D: info.stepCount 0xec719d5e90 0.5 0 4
[   686.90 ] D: info.stepCount 0xec719d5e90 0.5 4 4
[   686.90 ] D: info.stepCount 0xec719d5e90 0 7 4
[   686.90 ] D: info.stepCount 0xec719d5e90 0 0 4
[   686.90 ] D: info.stepCount 0xec719d5e90 0 0 4
[   686.90 ] D: info.stepCount 0xec719d5e90 1 0 4
[   686.90 ] D: info.stepCount 0xec719d5e90 0.5 0 4
[   686.90 ] D: info.stepCount 0xec719d5e90 0 1 4
[   686.90 ] D: info.stepCount 0xec719d5e90 1 1 4
[   686.90 ] D: info.stepCount 0xec719d5e90 0 1 4
[   686.90 ] D: info.stepCount 0xec719d5e90 0 1 0
[   686.90 ] D: info.stepCount 0xec719d5e90 0 1 0
[   686.90 ] D: info.stepCount 0xec719d5e90 0 0 0
[   686.90 ] D: info.stepCount 0xec719d5e90 0 1 0
[   686.90 ] D: info.stepCount 0xec719d5e90 0.437101 0 5
[   686.90 ] D: info.stepCount 0xec719d5e90 0.5 0 5
[   686.90 ] D: info.stepCount 0xec719d5e90 0.5 0 5
[   686.90 ] D: info.stepCount 0xec719d5e90 0 10 5
[   686.90 ] D: info.stepCount 0xec719d5e90 0 6 5
[   686.90 ] D: info.stepCount 0xec719d5e90 0.666667 3 5
[   686.90 ] D: info.stepCount 0xec719d5e90 1 1 5
[   686.90 ] D: info.stepCount 0xec719d5e90 1 1 5
[   686.90 ] D: info.stepCount 0xec719d5e90 0.319014 0 6
[   686.90 ] D: info.stepCount 0xec719d5e90 0.5 0 6
[   686.90 ] D: info.stepCount 0xec719d5e90 0.5 0 6
[   686.90 ] D: info.stepCount 0xec719d5e90 0.6 10 6
[   686.90 ] D: info.stepCount 0xec719d5e90 0 6 6
[   686.90 ] D: info.stepCount 0xec719d5e90 0.333333 3 6
[   686.90 ] D: info.stepCount 0xec719d5e90 1 1 6
[   686.90 ] D: info.stepCount 0xec719d5e90 1 1 6
[   686.90 ] D: info.stepCount 0xec719d5e90 1 0 7
[   686.90 ] D: info.stepCount 0xec719d5e90 0.5 0 7
[   686.90 ] D: info.stepCount 0xec719d5e90 0.5 0 7
[   686.90 ] D: info.stepCount 0xec719d5e90 1 10 7
[   686.90 ] D: info.stepCount 0xec719d5e90 0 6 7
[   686.90 ] D: info.stepCount 0xec719d5e90 0.333333 3 7
[   686.90 ] D: info.stepCount 0xec719d5e90 1 1 7
[   686.90 ] D: info.stepCount 0xec719d5e90 0 1 7
[   686.90 ] D: info.stepCount 0xec719d5e90 1 0 8
[   686.90 ] D: info.stepCount 0xec719d5e90 0.5 0 8
[   686.90 ] D: info.stepCount 0xec719d5e90 0.5 0 8
[   686.90 ] D: info.stepCount 0xec719d5e90 1 10 8
[   686.90 ] D: info.stepCount 0xec719d5e90 0 6 8
[   686.90 ] D: info.stepCount 0xec719d5e90 0.333333 3 8
[   686.90 ] D: info.stepCount 0xec719d5e90 1 1 8
[   686.90 ] D: info.stepCount 0xec719d5e90 0 1 8
[   686.90 ] D: info.stepCount 0xec719d5e90 0.5 2 0
[   686.90 ] D: info.stepCount 0xec719d5e90 0.5 0 0
[   686.90 ] D: info.stepCount 0xec719d5e90 0.5 0 0
[   686.90 ] D: info.stepCount 0xec719d5e90 1 1 9
[   686.90 ] D: info.stepCount 0xec719d5e90 0.170317 0 9
[   686.90 ] D: info.stepCount 0xec719d5e90 0.575 0 9
[   686.90 ] D: info.stepCount 0xec719d5e90 0.649611 0 9
[   686.90 ] D: info.stepCount 0xec719d5e90 0.240611 0 9
[   686.90 ] D: info.stepCount 0xec719d5e90 1 1 10
[   686.90 ] D: info.stepCount 0xec719d5e90 0.170294 0 10
[   686.90 ] D: info.stepCount 0xec719d5e90 0.291219 0 10
[   686.90 ] D: info.stepCount 0xec719d5e90 0.5 0 10
[   686.90 ] D: info.stepCount 0xec719d5e90 0.5 0 10
[   686.90 ] D: info.stepCount 0xec719d5e90 0.5 4 10
[   686.90 ] D: info.stepCount 0xec719d5e90 0.199028 0 10
[   686.90 ] D: info.stepCount 0xec719d5e90 0.5 2 10
[   686.90 ] D: info.stepCount 0xec719d5e90 0 2 10
[   686.90 ] D: info.stepCount 0xec719d5e90 0.611848 0 11
[   686.90 ] D: info.stepCount 0xec719d5e90 0.5 0 11
[   686.90 ] D: info.stepCount 0xec719d5e90 0.5 0 11
[   686.90 ] D: info.stepCount 0xec719d5e90 0.1 10 11
[   686.90 ] D: info.stepCount 0xec719d5e90 0 6 11
[   686.90 ] D: info.stepCount 0xec719d5e90 0 3 11
[   686.90 ] D: info.stepCount 0xec719d5e90 1 1 11
[   686.90 ] D: info.stepCount 0xec719d5e90 1 1 11
[   686.90 ] D: info.stepCount 0xec719d5e90 0.398335 0 12
[   686.90 ] D: info.stepCount 0xec719d5e90 0.5 0 12
[   686.90 ] D: info.stepCount 0xec719d5e90 0.5 0 12
[   686.90 ] D: info.stepCount 0xec719d5e90 0.8 10 12
[   686.90 ] D: info.stepCount 0xec719d5e90 0.166667 6 12
[   686.90 ] D: info.stepCount 0xec719d5e90 0 3 12
[   686.90 ] D: info.stepCount 0xec719d5e90 1 1 12
[   686.90 ] D: info.stepCount 0xec719d5e90 1 1 12
[   686.90 ] D: info.stepCount 0xec719d5e90 0.713063 0 13
[   686.90 ] D: info.stepCount 0xec719d5e90 0.5 0 13
[   686.90 ] D: info.stepCount 0xec719d5e90 0.7429 0 13
[   686.90 ] D: info.stepCount 0xec719d5e90 1 10 13
[   686.90 ] D: info.stepCount 0xec719d5e90 0.833333 6 13
[   686.90 ] D: info.stepCount 0xec719d5e90 0 3 13
[   686.90 ] D: info.stepCount 0xec719d5e90 1 1 13
[   686.90 ] D: info.stepCount 0xec719d5e90 1 1 13
[   686.90 ] D: info.stepCount 0xec719d5e90 0.490429 0 14
[   686.90 ] D: info.stepCount 0xec719d5e90 0.5 0 14
[   686.90 ] D: info.stepCount 0xec719d5e90 0.356498 0 14
[   686.90 ] D: info.stepCount 0xec719d5e90 1 10 14
[   686.90 ] D: info.stepCount 0xec719d5e90 0.5 6 14
[   686.90 ] D: info.stepCount 0xec719d5e90 0 3 14
[   686.90 ] D: info.stepCount 0xec719d5e90 1 1 14
[   686.90 ] D: info.stepCount 0xec719d5e90 1 1 14
[   686.90 ] D: info.stepCount 0xec719d5e90 1 1 15
[   686.90 ] D: info.stepCount 0xec719d5e90 0.250417 0 15
[   686.90 ] D: info.stepCount 0xec719d5e90 1 1 15
[   686.90 ] D: info.stepCount 0xec719d5e90 0.482047 0 15
[   686.90 ] D: info.stepCount 0xec719d5e90 0.85 0 15
[   686.90 ] D: info.stepCount 0xec719d5e90 0.749361 0 15
[   686.90 ] D: info.stepCount 0xec719d5e90 0 1 16
[   686.90 ] D: info.stepCount 0xec719d5e90 0.5 0 16
[   686.90 ] D: info.stepCount 0xec719d5e90 0 1 16
[   686.90 ] D: info.stepCount 0xec719d5e90 0.315611 0 16
[   686.90 ] D: info.stepCount 0xec719d5e90 0.750222 0 16
[   686.90 ] D: info.stepCount 0xec719d5e90 0.5 0 16
[   686.90 ] D: info.stepCount 0xec719d5e90 0 0 16
[   686.90 ] D: info.stepCount 0xec719d5e90 1 1 17
[   686.90 ] D: info.stepCount 0xec719d5e90 0.00105986 0 17
[   686.90 ] D: info.stepCount 0xec719d5e90 1 1 17
[   686.90 ] D: info.stepCount 0xec719d5e90 0 1 18
[   686.90 ] D: info.stepCount 0xec719d5e90 1 0 18
[   686.90 ] D: info.stepCount 0xec719d5e90 1 1 18
[   686.90 ] D: info.stepCount 0xec719d5e90 0.8 0 18
[   686.90 ] D: info.stepCount 0xec719d5e90 0.02 0 18
[   686.90 ] D: info.stepCount 0xec719d5e90 0.220694 0 18
[   686.90 ] D: info.stepCount 0xec719d5e90 0.5 6 0
[   686.90 ] D: info.stepCount 0xec719d5e90 0.72522 0 19
[   686.90 ] D: info.stepCount 0xec719d5e90 0.515732 0 19
[   686.90 ] D: info.stepCount 0xec719d5e90 1 1 19
[   686.90 ] D: info.stepCount 0xec719d5e90 0 1 19
[   686.90 ] D: info.stepCount 0xec719d5e90 0.5 0 20
[   686.90 ] D: info.stepCount 0xec719d5e90 0.798813 0 20
[   686.90 ] D: info.stepCount 0xec719d5e90 0 1 20
[   686.90 ] D: info.stepCount 0xec719d5e90 1 1 20
[   686.90 ] D: info.stepCount 0xec719d5e90 0.5 0 21
[   686.90 ] D: info.stepCount 0xec719d5e90 0.5 0 21
[   686.90 ] D: info.stepCount 0xec719d5e90 0 1 21
[   686.90 ] D: info.stepCount 0xec719d5e90 1 1 21
[   686.90 ] D: info.stepCount 0xec719d5e90 0.5 0 22
[   686.90 ] D: info.stepCount 0xec719d5e90 0.5 0 22
[   686.90 ] D: info.stepCount 0xec719d5e90 1 1 22
[   686.90 ] D: info.stepCount 0xec719d5e90 1 1 22
[   686.90 ] D: info.stepCount 0xec719d5e90 0.5 0 23
[   686.91 ] D: info.stepCount 0xec719d5e90 0.5 0 23
[   686.91 ] D: info.stepCount 0xec719d5e90 1 1 23
[   686.91 ] D: info.stepCount 0xec719d5e90 1 1 23
[   686.91 ] D: info.stepCount 0xec719d5e90 0.5 0 24
[   686.91 ] D: info.stepCount 0xec719d5e90 0.5 0 24
[   686.91 ] D: info.stepCount 0xec719d5e90 1 1 24
[   686.91 ] D: info.stepCount 0xec719d5e90 1 1 24
[   686.91 ] D: info.stepCount 0xec719d5e90 0.166667 6 0
[   686.91 ] D: info.stepCount 0xec719d5e90 0.75 0 25
[   686.91 ] D: info.stepCount 0xec719d5e90 0.529528 0 25
[   686.91 ] D: info.stepCount 0xec719d5e90 0.5 0 25
[   686.91 ] D: info.stepCount 0xec719d5e90 0.5 0 25
[   686.91 ] D: info.stepCount 0xec719d5e90 0 0 25
[   686.91 ] D: info.stepCount 0xec719d5e90 1 0 25
[   686.91 ] D: info.stepCount 0xec719d5e90 0 11 25
[   686.91 ] D: info.stepCount 0xec719d5e90 0 2 25
[   686.91 ] D: info.stepCount 0xec719d5e90 0 1 25
[   686.91 ] D: info.stepCount 0xec719d5e90 0.0666667 15 25
[   686.91 ] D: info.stepCount 0xec719d5e90 0.182083 0 25
[   686.91 ] D: info.stepCount 0xec719d5e90 0 0 25
[   686.91 ] D: info.stepCount 0xec719d5e90 0.666667 3 25
[   686.91 ] D: info.stepCount 0xec719d5e90 0 1 25
[   686.91 ] D: info.stepCount 0xec719d5e90 1 0 25
[   686.91 ] D: info.stepCount 0xec719d5e90 0 0 25
[   686.91 ] D: info.stepCount 0xec719d5e90 0.666667 3 25
[   686.91 ] D: info.stepCount 0xec719d5e90 0 1 25
[   686.91 ] D: info.stepCount 0xec719d5e90 0.5 0 25
[   686.91 ] D: info.stepCount 0xec719d5e90 0 0 25
[   686.91 ] D: info.stepCount 0xec719d5e90 0 3 25
[   686.91 ] D: info.stepCount 0xec719d5e90 0 1 25
[   686.91 ] D: info.stepCount 0xec719d5e90 0.5 0 25
[   686.91 ] D: info.stepCount 0xec719d5e90 0 0 25
[   686.91 ] D: info.stepCount 0xec719d5e90 0 3 25
[   686.91 ] D: info.stepCount 0xec719d5e90 0 1 25
[   686.91 ] D: info.stepCount 0xec719d5e90 0.5 0 25
[   686.91 ] D: info.stepCount 0xec719d5e90 0 0 25
[   686.91 ] D: info.stepCount 0xec719d5e90 0 3 25
[   686.91 ] D: info.stepCount 0xec719d5e90 0 1 25
[   686.91 ] D: info.stepCount 0xec719d5e90 0.5 0 25
[   686.91 ] D: info.stepCount 0xec719d5e90 0 0 25
[   686.91 ] D: info.stepCount 0xec719d5e90 0 3 25
[   686.91 ] D: info.stepCount 0xec719d5e90 0 1 25
[   686.91 ] D: info.stepCount 0xec719d5e90 0.5 0 25
[   686.91 ] D: info.stepCount 0xec719d5e90 0 0 25
[   686.91 ] D: info.stepCount 0xec719d5e90 0 3 25
[   686.91 ] D: info.stepCount 0xec719d5e90 0 1 25
[   686.91 ] D: info.stepCount 0xec719d5e90 0.5 0 25
[   686.91 ] D: info.stepCount 0xec719d5e90 0 0 25
[   686.91 ] D: info.stepCount 0xec719d5e90 0 3 25
[   686.91 ] D: info.stepCount 0xec719d5e90 0 1 25
[   686.91 ] D: info.stepCount 0xec719d5e90 0.5 0 25
[   686.91 ] D: info.stepCount 0xec719d5e90 0 0 25
[   686.91 ] D: info.stepCount 0xec719d5e90 0 3 25
[   686.91 ] D: info.stepCount 0xec719d5e90 0 1 25
[   686.91 ] D: info.stepCount 0xec719d5e90 0.5 0 25
[   686.91 ] D: info.stepCount 0xec719d5e90 0 0 25
[   686.91 ] D: info.stepCount 0xec719d5e90 0 3 25
[   686.91 ] D: info.stepCount 0xec719d5e90 0 1 25
[   686.91 ] D: info.stepCount 0xec719d5e90 0.5 0 25
[   686.91 ] D: info.stepCount 0xec719d5e90 0 0 25
[   686.91 ] D: info.stepCount 0xec719d5e90 0 3 25
[   686.91 ] D: info.stepCount 0xec719d5e90 0 1 25
[   686.91 ] D: info.stepCount 0xec719d5e90 0.5 0 25
[   686.91 ] D: info.stepCount 0xec719d5e90 0 0 25
[   686.91 ] D: info.stepCount 0xec719d5e90 0 3 25
[   686.91 ] D: info.stepCount 0xec719d5e90 0 1 25
[   686.91 ] D: info.stepCount 0xec719d5e90 0.5 0 25
[   686.91 ] D: info.stepCount 0xec719d5e90 0 0 25
[   686.91 ] D: info.stepCount 0xec719d5e90 0 3 25
[   686.91 ] D: info.stepCount 0xec719d5e90 0 1 25
[   686.91 ] D: info.stepCount 0xec719d5e90 0.5 0 25
[   686.91 ] D: info.stepCount 0xec719d5e90 0 0 25
[   686.91 ] D: info.stepCount 0xec719d5e90 0 3 25
[   686.91 ] D: info.stepCount 0xec719d5e90 0 1 25
[   686.91 ] D: info.stepCount 0xec719d5e90 0.5 0 25
[   686.91 ] D: info.stepCount 0xec719d5e90 0 0 25
[   686.91 ] D: info.stepCount 0xec719d5e90 0 3 25
[   686.91 ] D: info.stepCount 0xec719d5e90 0 1 25
[   686.91 ] D: info.stepCount 0xec719d5e90 0.5 0 25
[   686.91 ] D: info.stepCount 0xec719d5e90 0 0 25
[   686.91 ] D: info.stepCount 0xec719d5e90 0 3 25
[   686.91 ] D: info.stepCount 0xec719d5e90 0 1 25
[   686.91 ] D: info.stepCount 0xec719d5e90 0.75 0 26
[   686.91 ] D: info.stepCount 0xec719d5e90 0.248004 0 26
[   686.91 ] D: info.stepCount 0xec719d5e90 0.5 0 26
[   686.91 ] D: info.stepCount 0xec719d5e90 0.5 0 26
[   686.91 ] D: info.stepCount 0xec719d5e90 0 0 26
[   686.91 ] D: info.stepCount 0xec719d5e90 0.5 0 26
[   686.91 ] D: info.stepCount 0xec719d5e90 0 11 26
[   686.91 ] D: info.stepCount 0xec719d5e90 0 2 26
[   686.91 ] D: info.stepCount 0xec719d5e90 0 1 26
[   686.91 ] D: info.stepCount 0xec719d5e90 0.0666667 15 26
[   686.91 ] D: info.stepCount 0xec719d5e90 0.5 0 26
[   686.91 ] D: info.stepCount 0xec719d5e90 0 0 26
[   686.91 ] D: info.stepCount 0xec719d5e90 0 3 26
[   686.91 ] D: info.stepCount 0xec719d5e90 0 1 26
[   686.91 ] D: info.stepCount 0xec719d5e90 0.5 0 26
[   686.91 ] D: info.stepCount 0xec719d5e90 0 0 26
[   686.91 ] D: info.stepCount 0xec719d5e90 0 3 26
[   686.91 ] D: info.stepCount 0xec719d5e90 0 1 26
[   686.91 ] D: info.stepCount 0xec719d5e90 0.5 0 26
[   686.91 ] D: info.stepCount 0xec719d5e90 0 0 26
[   686.91 ] D: info.stepCount 0xec719d5e90 0 3 26
[   686.91 ] D: info.stepCount 0xec719d5e90 0 1 26
[   686.91 ] D: info.stepCount 0xec719d5e90 0.5 0 26
[   686.91 ] D: info.stepCount 0xec719d5e90 0 0 26
[   686.91 ] D: info.stepCount 0xec719d5e90 0 3 26
[   686.91 ] D: info.stepCount 0xec719d5e90 0 1 26
[   686.91 ] D: info.stepCount 0xec719d5e90 0.5 0 26
[   686.91 ] D: info.stepCount 0xec719d5e90 0 0 26
[   686.91 ] D: info.stepCount 0xec719d5e90 0 3 26
[   686.91 ] D: info.stepCount 0xec719d5e90 0 1 26
[   686.91 ] D: info.stepCount 0xec719d5e90 0.5 0 26
[   686.91 ] D: info.stepCount 0xec719d5e90 0 0 26
[   686.91 ] D: info.stepCount 0xec719d5e90 0 3 26
[   686.91 ] D: info.stepCount 0xec719d5e90 0 1 26
[   686.91 ] D: info.stepCount 0xec719d5e90 0.5 0 26
[   686.91 ] D: info.stepCount 0xec719d5e90 0 0 26
[   686.91 ] D: info.stepCount 0xec719d5e90 0 3 26
[   686.91 ] D: info.stepCount 0xec719d5e90 0 1 26
[   686.91 ] D: info.stepCount 0xec719d5e90 0.5 0 26
[   686.91 ] D: info.stepCount 0xec719d5e90 0 0 26
[   686.91 ] D: info.stepCount 0xec719d5e90 0 3 26
[   686.91 ] D: info.stepCount 0xec719d5e90 0 1 26
[   686.91 ] D: info.stepCount 0xec719d5e90 0.5 0 26
[   686.91 ] D: info.stepCount 0xec719d5e90 0 0 26
[   686.91 ] D: info.stepCount 0xec719d5e90 0 3 26
[   686.91 ] D: info.stepCount 0xec719d5e90 0 1 26
[   686.91 ] D: info.stepCount 0xec719d5e90 0.5 0 26
[   686.91 ] D: info.stepCount 0xec719d5e90 0 0 26
[   686.91 ] D: info.stepCount 0xec719d5e90 0 3 26
[   686.91 ] D: info.stepCount 0xec719d5e90 0 1 26
[   686.91 ] D: info.stepCount 0xec719d5e90 0.5 0 26
[   686.91 ] D: info.stepCount 0xec719d5e90 0 0 26
[   686.91 ] D: info.stepCount 0xec719d5e90 0 3 26
[   686.91 ] D: info.stepCount 0xec719d5e90 0 1 26
[   686.91 ] D: info.stepCount 0xec719d5e90 0.5 0 26
[   686.91 ] D: info.stepCount 0xec719d5e90 0 0 26
[   686.91 ] D: info.stepCount 0xec719d5e90 0 3 26
[   686.91 ] D: info.stepCount 0xec719d5e90 0 1 26
[   686.91 ] D: info.stepCount 0xec719d5e90 0.5 0 26
[   686.91 ] D: info.stepCount 0xec719d5e90 0 0 26
[   686.91 ] D: info.stepCount 0xec719d5e90 0 3 26
[   686.91 ] D: info.stepCount 0xec719d5e90 0 1 26
[   686.91 ] D: info.stepCount 0xec719d5e90 0.5 0 26
[   686.91 ] D: info.stepCount 0xec719d5e90 0 0 26
[   686.91 ] D: info.stepCount 0xec719d5e90 0 3 26
[   686.91 ] D: info.stepCount 0xec719d5e90 0 1 26
[   686.91 ] D: info.stepCount 0xec719d5e90 0.5 0 26
[   686.91 ] D: info.stepCount 0xec719d5e90 0 0 26
[   686.92 ] D: info.stepCount 0xec719d5e90 0 3 26
[   686.92 ] D: info.stepCount 0xec719d5e90 0 1 26
[   686.92 ] D: info.stepCount 0xec719d5e90 0.5 0 26
[   686.92 ] D: info.stepCount 0xec719d5e90 0 0 26
[   686.92 ] D: info.stepCount 0xec719d5e90 0 3 26
[   686.92 ] D: info.stepCount 0xec719d5e90 0 1 26
[   686.92 ] D: info.stepCount 0xec719d5e90 0.75 0 27
[   686.92 ] D: info.stepCount 0xec719d5e90 0.248004 0 27
[   686.92 ] D: info.stepCount 0xec719d5e90 0.5 0 27
[   686.92 ] D: info.stepCount 0xec719d5e90 0.5 0 27
[   686.92 ] D: info.stepCount 0xec719d5e90 0 0 27
[   686.92 ] D: info.stepCount 0xec719d5e90 0.5 0 27
[   686.92 ] D: info.stepCount 0xec719d5e90 0 11 27
[   686.92 ] D: info.stepCount 0xec719d5e90 0 2 27
[   686.92 ] D: info.stepCount 0xec719d5e90 0 1 27
[   686.92 ] D: info.stepCount 0xec719d5e90 0.0666667 15 27
[   686.92 ] D: info.stepCount 0xec719d5e90 0.5 0 27
[   686.92 ] D: info.stepCount 0xec719d5e90 0 0 27
[   686.92 ] D: info.stepCount 0xec719d5e90 0 3 27
[   686.92 ] D: info.stepCount 0xec719d5e90 0 1 27
[   686.92 ] D: info.stepCount 0xec719d5e90 0.5 0 27
[   686.92 ] D: info.stepCount 0xec719d5e90 0 0 27
[   686.92 ] D: info.stepCount 0xec719d5e90 0 3 27
[   686.92 ] D: info.stepCount 0xec719d5e90 0 1 27
[   686.92 ] D: info.stepCount 0xec719d5e90 0.5 0 27
[   686.92 ] D: info.stepCount 0xec719d5e90 0 0 27
[   686.92 ] D: info.stepCount 0xec719d5e90 0 3 27
[   686.92 ] D: info.stepCount 0xec719d5e90 0 1 27
[   686.92 ] D: info.stepCount 0xec719d5e90 0.5 0 27
[   686.92 ] D: info.stepCount 0xec719d5e90 0 0 27
[   686.92 ] D: info.stepCount 0xec719d5e90 0 3 27
[   686.92 ] D: info.stepCount 0xec719d5e90 0 1 27
[   686.92 ] D: info.stepCount 0xec719d5e90 0.5 0 27
[   686.92 ] D: info.stepCount 0xec719d5e90 0 0 27
[   686.92 ] D: info.stepCount 0xec719d5e90 0 3 27
[   686.92 ] D: info.stepCount 0xec719d5e90 0 1 27
[   686.92 ] D: info.stepCount 0xec719d5e90 0.5 0 27
[   686.92 ] D: info.stepCount 0xec719d5e90 0 0 27
[   686.92 ] D: info.stepCount 0xec719d5e90 0 3 27
[   686.92 ] D: info.stepCount 0xec719d5e90 0 1 27
[   686.92 ] D: info.stepCount 0xec719d5e90 0.5 0 27
[   686.92 ] D: info.stepCount 0xec719d5e90 0 0 27
[   686.92 ] D: info.stepCount 0xec719d5e90 0 3 27
[   686.92 ] D: info.stepCount 0xec719d5e90 0 1 27
[   686.92 ] D: info.stepCount 0xec719d5e90 0.5 0 27
[   686.92 ] D: info.stepCount 0xec719d5e90 0 0 27
[   686.92 ] D: info.stepCount 0xec719d5e90 0 3 27
[   686.92 ] D: info.stepCount 0xec719d5e90 0 1 27
[   686.92 ] D: info.stepCount 0xec719d5e90 0.5 0 27
[   686.92 ] D: info.stepCount 0xec719d5e90 0 0 27
[   686.92 ] D: info.stepCount 0xec719d5e90 0 3 27
[   686.92 ] D: info.stepCount 0xec719d5e90 0 1 27
[   686.92 ] D: info.stepCount 0xec719d5e90 0.5 0 27
[   686.92 ] D: info.stepCount 0xec719d5e90 0 0 27
[   686.92 ] D: info.stepCount 0xec719d5e90 0 3 27
[   686.92 ] D: info.stepCount 0xec719d5e90 0 1 27
[   686.92 ] D: info.stepCount 0xec719d5e90 0.5 0 27
[   686.92 ] D: info.stepCount 0xec719d5e90 0 0 27
[   686.92 ] D: info.stepCount 0xec719d5e90 0 3 27
[   686.92 ] D: info.stepCount 0xec719d5e90 0 1 27
[   686.92 ] D: info.stepCount 0xec719d5e90 0.5 0 27
[   686.92 ] D: info.stepCount 0xec719d5e90 0 0 27
[   686.92 ] D: info.stepCount 0xec719d5e90 0 3 27
[   686.92 ] D: info.stepCount 0xec719d5e90 0 1 27
[   686.92 ] D: info.stepCount 0xec719d5e90 0.5 0 27
[   686.92 ] D: info.stepCount 0xec719d5e90 0 0 27
[   686.92 ] D: info.stepCount 0xec719d5e90 0 3 27
[   686.92 ] D: info.stepCount 0xec719d5e90 0 1 27
[   686.92 ] D: info.stepCount 0xec719d5e90 0.5 0 27
[   686.92 ] D: info.stepCount 0xec719d5e90 0 0 27
[   686.92 ] D: info.stepCount 0xec719d5e90 0 3 27
[   686.92 ] D: info.stepCount 0xec719d5e90 0 1 27
[   686.92 ] D: info.stepCount 0xec719d5e90 0.5 0 27
[   686.92 ] D: info.stepCount 0xec719d5e90 0 0 27
[   686.92 ] D: info.stepCount 0xec719d5e90 0 3 27
[   686.92 ] D: info.stepCount 0xec719d5e90 0 1 27
[   686.92 ] D: info.stepCount 0xec719d5e90 0.5 0 27
[   686.92 ] D: info.stepCount 0xec719d5e90 0 0 27
[   686.92 ] D: info.stepCount 0xec719d5e90 0 3 27
[   686.92 ] D: info.stepCount 0xec719d5e90 0 1 27
[   686.92 ] D: info.stepCount 0xec719d5e90 0.75 0 28
[   686.92 ] D: info.stepCount 0xec719d5e90 0.248008 0 28
[   686.92 ] D: info.stepCount 0xec719d5e90 0.5 0 28
[   686.92 ] D: info.stepCount 0xec719d5e90 0.5 0 28
[   686.92 ] D: info.stepCount 0xec719d5e90 0 0 28
[   686.92 ] D: info.stepCount 0xec719d5e90 0.5 0 28
[   686.92 ] D: info.stepCount 0xec719d5e90 0 11 28
[   686.92 ] D: info.stepCount 0xec719d5e90 0 2 28
[   686.92 ] D: info.stepCount 0xec719d5e90 0 1 28
[   686.92 ] D: info.stepCount 0xec719d5e90 0.0666667 15 28
[   686.92 ] D: info.stepCount 0xec719d5e90 0.5 0 28
[   686.92 ] D: info.stepCount 0xec719d5e90 0 0 28
[   686.92 ] D: info.stepCount 0xec719d5e90 0 3 28
[   686.92 ] D: info.stepCount 0xec719d5e90 0 1 28
[   686.92 ] D: info.stepCount 0xec719d5e90 0.5 0 28
[   686.92 ] D: info.stepCount 0xec719d5e90 0 0 28
[   686.92 ] D: info.stepCount 0xec719d5e90 0 3 28
[   686.92 ] D: info.stepCount 0xec719d5e90 0 1 28
[   686.92 ] D: info.stepCount 0xec719d5e90 0.5 0 28
[   686.92 ] D: info.stepCount 0xec719d5e90 0 0 28
[   686.92 ] D: info.stepCount 0xec719d5e90 0 3 28
[   686.92 ] D: info.stepCount 0xec719d5e90 0 1 28
[   686.92 ] D: info.stepCount 0xec719d5e90 0.5 0 28
[   686.92 ] D: info.stepCount 0xec719d5e90 0 0 28
[   686.92 ] D: info.stepCount 0xec719d5e90 0 3 28
[   686.92 ] D: info.stepCount 0xec719d5e90 0 1 28
[   686.92 ] D: info.stepCount 0xec719d5e90 0.5 0 28
[   686.92 ] D: info.stepCount 0xec719d5e90 0 0 28
[   686.92 ] D: info.stepCount 0xec719d5e90 0 3 28
[   686.92 ] D: info.stepCount 0xec719d5e90 0 1 28
[   686.92 ] D: info.stepCount 0xec719d5e90 0.5 0 28
[   686.92 ] D: info.stepCount 0xec719d5e90 0 0 28
[   686.92 ] D: info.stepCount 0xec719d5e90 0 3 28
[   686.92 ] D: info.stepCount 0xec719d5e90 0 1 28
[   686.92 ] D: info.stepCount 0xec719d5e90 0.5 0 28
[   686.92 ] D: info.stepCount 0xec719d5e90 0 0 28
[   686.92 ] D: info.stepCount 0xec719d5e90 0 3 28
[   686.92 ] D: info.stepCount 0xec719d5e90 0 1 28
[   686.92 ] D: info.stepCount 0xec719d5e90 0.5 0 28
[   686.92 ] D: info.stepCount 0xec719d5e90 0 0 28
[   686.92 ] D: info.stepCount 0xec719d5e90 0 3 28
[   686.92 ] D: info.stepCount 0xec719d5e90 0 1 28
[   686.92 ] D: info.stepCount 0xec719d5e90 0.5 0 28
[   686.92 ] D: info.stepCount 0xec719d5e90 0 0 28
[   686.92 ] D: info.stepCount 0xec719d5e90 0 3 28
[   686.92 ] D: info.stepCount 0xec719d5e90 0 1 28
[   686.92 ] D: info.stepCount 0xec719d5e90 0.5 0 28
[   686.92 ] D: info.stepCount 0xec719d5e90 0 0 28
[   686.92 ] D: info.stepCount 0xec719d5e90 0 3 28
[   686.92 ] D: info.stepCount 0xec719d5e90 0 1 28
[   686.92 ] D: info.stepCount 0xec719d5e90 0.5 0 28
[   686.92 ] D: info.stepCount 0xec719d5e90 0 0 28
[   686.92 ] D: info.stepCount 0xec719d5e90 0 3 28
[   686.92 ] D: info.stepCount 0xec719d5e90 0 1 28
[   686.92 ] D: info.stepCount 0xec719d5e90 0.5 0 28
[   686.92 ] D: info.stepCount 0xec719d5e90 0 0 28
[   686.92 ] D: info.stepCount 0xec719d5e90 0 3 28
[   686.92 ] D: info.stepCount 0xec719d5e90 0 1 28
[   686.92 ] D: info.stepCount 0xec719d5e90 0.5 0 28
[   686.92 ] D: info.stepCount 0xec719d5e90 0 0 28
[   686.93 ] D: info.stepCount 0xec719d5e90 0 3 28
[   686.93 ] D: info.stepCount 0xec719d5e90 0 1 28
[   686.93 ] D: info.stepCount 0xec719d5e90 0.5 0 28
[   686.93 ] D: info.stepCount 0xec719d5e90 0 0 28
[   686.93 ] D: info.stepCount 0xec719d5e90 0 3 28
[   686.93 ] D: info.stepCount 0xec719d5e90 0 1 28
[   686.93 ] D: info.stepCount 0xec719d5e90 0.5 0 28
[   686.93 ] D: info.stepCount 0xec719d5e90 0 0 28
[   686.93 ] D: info.stepCount 0xec719d5e90 0 3 28
[   686.93 ] D: info.stepCount 0xec719d5e90 0 1 28
[   686.93 ] D: info.stepCount 0xec719d5e90 0.5 0 28
[   686.93 ] D: info.stepCount 0xec719d5e90 0 0 28
[   686.93 ] D: info.stepCount 0xec719d5e90 0 3 28
[   686.93 ] D: info.stepCount 0xec719d5e90 0 1 28
[   686.93 ] D: info.stepCount 0xec719d5e90 0.75 0 29
[   686.93 ] D: info.stepCount 0xec719d5e90 0.248008 0 29
[   686.93 ] D: info.stepCount 0xec719d5e90 0.5 0 29
[   686.93 ] D: info.stepCount 0xec719d5e90 0.5 0 29
[   686.93 ] D: info.stepCount 0xec719d5e90 0 0 29
[   686.93 ] D: info.stepCount 0xec719d5e90 0.5 0 29
[   686.93 ] D: info.stepCount 0xec719d5e90 0 11 29
[   686.93 ] D: info.stepCount 0xec719d5e90 0 2 29
[   686.93 ] D: info.stepCount 0xec719d5e90 0 1 29
[   686.93 ] D: info.stepCount 0xec719d5e90 0.0666667 15 29
[   686.93 ] D: info.stepCount 0xec719d5e90 0.5 0 29
[   686.93 ] D: info.stepCount 0xec719d5e90 0 0 29
[   686.93 ] D: info.stepCount 0xec719d5e90 0 3 29
[   686.93 ] D: info.stepCount 0xec719d5e90 0 1 29
[   686.93 ] D: info.stepCount 0xec719d5e90 0.5 0 29
[   686.93 ] D: info.stepCount 0xec719d5e90 0 0 29
[   686.93 ] D: info.stepCount 0xec719d5e90 0 3 29
[   686.93 ] D: info.stepCount 0xec719d5e90 0 1 29
[   686.93 ] D: info.stepCount 0xec719d5e90 0.5 0 29
[   686.93 ] D: info.stepCount 0xec719d5e90 0 0 29
[   686.93 ] D: info.stepCount 0xec719d5e90 0 3 29
[   686.93 ] D: info.stepCount 0xec719d5e90 0 1 29
[   686.93 ] D: info.stepCount 0xec719d5e90 0.5 0 29
[   686.93 ] D: info.stepCount 0xec719d5e90 0 0 29
[   686.93 ] D: info.stepCount 0xec719d5e90 0 3 29
[   686.93 ] D: info.stepCount 0xec719d5e90 0 1 29
[   686.93 ] D: info.stepCount 0xec719d5e90 0.5 0 29
[   686.93 ] D: info.stepCount 0xec719d5e90 0 0 29
[   686.93 ] D: info.stepCount 0xec719d5e90 0 3 29
[   686.93 ] D: info.stepCount 0xec719d5e90 0 1 29
[   686.93 ] D: info.stepCount 0xec719d5e90 0.5 0 29
[   686.93 ] D: info.stepCount 0xec719d5e90 0 0 29
[   686.93 ] D: info.stepCount 0xec719d5e90 0 3 29
[   686.93 ] D: info.stepCount 0xec719d5e90 0 1 29
[   686.93 ] D: info.stepCount 0xec719d5e90 0.5 0 29
[   686.93 ] D: info.stepCount 0xec719d5e90 0 0 29
[   686.93 ] D: info.stepCount 0xec719d5e90 0 3 29
[   686.93 ] D: info.stepCount 0xec719d5e90 0 1 29
[   686.93 ] D: info.stepCount 0xec719d5e90 0.5 0 29
[   686.93 ] D: info.stepCount 0xec719d5e90 0 0 29
[   686.93 ] D: info.stepCount 0xec719d5e90 0 3 29
[   686.93 ] D: info.stepCount 0xec719d5e90 0 1 29
[   686.93 ] D: info.stepCount 0xec719d5e90 0.5 0 29
[   686.93 ] D: info.stepCount 0xec719d5e90 0 0 29
[   686.93 ] D: info.stepCount 0xec719d5e90 0 3 29
[   686.93 ] D: info.stepCount 0xec719d5e90 0 1 29
[   686.93 ] D: info.stepCount 0xec719d5e90 0.5 0 29
[   686.93 ] D: info.stepCount 0xec719d5e90 0 0 29
[   686.93 ] D: info.stepCount 0xec719d5e90 0 3 29
[   686.93 ] D: info.stepCount 0xec719d5e90 0 1 29
[   686.93 ] D: info.stepCount 0xec719d5e90 0.5 0 29
[   686.93 ] D: info.stepCount 0xec719d5e90 0 0 29
[   686.93 ] D: info.stepCount 0xec719d5e90 0 3 29
[   686.93 ] D: info.stepCount 0xec719d5e90 0 1 29
[   686.93 ] D: info.stepCount 0xec719d5e90 0.5 0 29
[   686.93 ] D: info.stepCount 0xec719d5e90 0 0 29
[   686.93 ] D: info.stepCount 0xec719d5e90 0 3 29
[   686.93 ] D: info.stepCount 0xec719d5e90 0 1 29
[   686.93 ] D: info.stepCount 0xec719d5e90 0.5 0 29
[   686.93 ] D: info.stepCount 0xec719d5e90 0 0 29
[   686.93 ] D: info.stepCount 0xec719d5e90 0 3 29
[   686.93 ] D: info.stepCount 0xec719d5e90 0 1 29
[   686.93 ] D: info.stepCount 0xec719d5e90 0.5 0 29
[   686.93 ] D: info.stepCount 0xec719d5e90 0 0 29
[   686.93 ] D: info.stepCount 0xec719d5e90 0 3 29
[   686.93 ] D: info.stepCount 0xec719d5e90 0 1 29
[   686.93 ] D: info.stepCount 0xec719d5e90 0.5 0 29
[   686.93 ] D: info.stepCount 0xec719d5e90 0 0 29
[   686.93 ] D: info.stepCount 0xec719d5e90 0 3 29
[   686.93 ] D: info.stepCount 0xec719d5e90 0 1 29
[   686.93 ] D: info.stepCount 0xec719d5e90 0.5 0 29
[   686.93 ] D: info.stepCount 0xec719d5e90 0 0 29
[   686.93 ] D: info.stepCount 0xec719d5e90 0 3 29
[   686.93 ] D: info.stepCount 0xec719d5e90 0 1 29
[   686.93 ] D: info.stepCount 0xec719d5e90 0.75 0 30
[   686.93 ] D: info.stepCount 0xec719d5e90 0.248008 0 30
[   686.93 ] D: info.stepCount 0xec719d5e90 0.5 0 30
[   686.93 ] D: info.stepCount 0xec719d5e90 0.5 0 30
[   686.93 ] D: info.stepCount 0xec719d5e90 0 0 30
[   686.93 ] D: info.stepCount 0xec719d5e90 0.5 0 30
[   686.93 ] D: info.stepCount 0xec719d5e90 0 11 30
[   686.93 ] D: info.stepCount 0xec719d5e90 0 2 30
[   686.93 ] D: info.stepCount 0xec719d5e90 0 1 30
[   686.93 ] D: info.stepCount 0xec719d5e90 0.0666667 15 30
[   686.93 ] D: info.stepCount 0xec719d5e90 0.5 0 30
[   686.93 ] D: info.stepCount 0xec719d5e90 0 0 30
[   686.93 ] D: info.stepCount 0xec719d5e90 0 3 30
[   686.93 ] D: info.stepCount 0xec719d5e90 0 1 30
[   686.93 ] D: info.stepCount 0xec719d5e90 0.5 0 30
[   686.93 ] D: info.stepCount 0xec719d5e90 0 0 30
[   686.93 ] D: info.stepCount 0xec719d5e90 0 3 30
[   686.93 ] D: info.stepCount 0xec719d5e90 0 1 30
[   686.93 ] D: info.stepCount 0xec719d5e90 0.5 0 30
[   686.93 ] D: info.stepCount 0xec719d5e90 0 0 30
[   686.93 ] D: info.stepCount 0xec719d5e90 0 3 30
[   686.93 ] D: info.stepCount 0xec719d5e90 0 1 30
[   686.93 ] D: info.stepCount 0xec719d5e90 0.5 0 30
[   686.93 ] D: info.stepCount 0xec719d5e90 0 0 30
[   686.93 ] D: info.stepCount 0xec719d5e90 0 3 30
[   686.93 ] D: info.stepCount 0xec719d5e90 0 1 30
[   686.93 ] D: info.stepCount 0xec719d5e90 0.5 0 30
[   686.93 ] D: info.stepCount 0xec719d5e90 0 0 30
[   686.93 ] D: info.stepCount 0xec719d5e90 0 3 30
[   686.93 ] D: info.stepCount 0xec719d5e90 0 1 30
[   686.93 ] D: info.stepCount 0xec719d5e90 0.5 0 30
[   686.93 ] D: info.stepCount 0xec719d5e90 0 0 30
[   686.93 ] D: info.stepCount 0xec719d5e90 0 3 30
[   686.93 ] D: info.stepCount 0xec719d5e90 0 1 30
[   686.93 ] D: info.stepCount 0xec719d5e90 0.5 0 30
[   686.93 ] D: info.stepCount 0xec719d5e90 0 0 30
[   686.93 ] D: info.stepCount 0xec719d5e90 0 3 30
[   686.93 ] D: info.stepCount 0xec719d5e90 0 1 30
[   686.93 ] D: info.stepCount 0xec719d5e90 0.5 0 30
[   686.93 ] D: info.stepCount 0xec719d5e90 0 0 30
[   686.93 ] D: info.stepCount 0xec719d5e90 0 3 30
[   686.93 ] D: info.stepCount 0xec719d5e90 0 1 30
[   686.93 ] D: info.stepCount 0xec719d5e90 0.5 0 30
[   686.93 ] D: info.stepCount 0xec719d5e90 0 0 30
[   686.93 ] D: info.stepCount 0xec719d5e90 0 3 30
[   686.93 ] D: info.stepCount 0xec719d5e90 0 1 30
[   686.93 ] D: info.stepCount 0xec719d5e90 0.5 0 30
[   686.93 ] D: info.stepCount 0xec719d5e90 0 0 30
[   686.93 ] D: info.stepCount 0xec719d5e90 0 3 30
[   686.93 ] D: info.stepCount 0xec719d5e90 0 1 30
[   686.93 ] D: info.stepCount 0xec719d5e90 0.5 0 30
[   686.93 ] D: info.stepCount 0xec719d5e90 0 0 30
[   686.93 ] D: info.stepCount 0xec719d5e90 0 3 30
[   686.93 ] D: info.stepCount 0xec719d5e90 0 1 30
[   686.93 ] D: info.stepCount 0xec719d5e90 0.5 0 30
[   686.93 ] D: info.stepCount 0xec719d5e90 0 0 30
[   686.94 ] D: info.stepCount 0xec719d5e90 0 3 30
[   686.94 ] D: info.stepCount 0xec719d5e90 0 1 30
[   686.94 ] D: info.stepCount 0xec719d5e90 0.5 0 30
[   686.94 ] D: info.stepCount 0xec719d5e90 0 0 30
[   686.94 ] D: info.stepCount 0xec719d5e90 0 3 30
[   686.94 ] D: info.stepCount 0xec719d5e90 0 1 30
[   686.94 ] D: info.stepCount 0xec719d5e90 0.5 0 30
[   686.94 ] D: info.stepCount 0xec719d5e90 0 0 30
[   686.94 ] D: info.stepCount 0xec719d5e90 0 3 30
[   686.94 ] D: info.stepCount 0xec719d5e90 0 1 30
[   686.94 ] D: info.stepCount 0xec719d5e90 0.5 0 30
[   686.94 ] D: info.stepCount 0xec719d5e90 0 0 30
[   686.94 ] D: info.stepCount 0xec719d5e90 0 3 30
[   686.94 ] D: info.stepCount 0xec719d5e90 0 1 30
[   686.94 ] D: info.stepCount 0xec719d5e90 0.5 0 30
[   686.94 ] D: info.stepCount 0xec719d5e90 0 0 30
[   686.94 ] D: info.stepCount 0xec719d5e90 0 3 30
[   686.94 ] D: info.stepCount 0xec719d5e90 0 1 30
[   686.94 ] D: info.stepCount 0xec719d5e90 0.6 5 0
[   686.94 ] D: info.stepCount 0xec719d5e90 0.75 0 31
[   686.94 ] D: info.stepCount 0xec719d5e90 0 0 31
[   686.94 ] D: info.stepCount 0xec719d5e90 0 1 31
[   686.94 ] D: info.stepCount 0xec719d5e90 0 0 31
[   686.94 ] D: info.stepCount 0xec719d5e90 1 1 31
[   686.94 ] D: info.stepCount 0xec719d5e90 0.25 0 31
[   686.94 ] D: info.stepCount 0xec719d5e90 0.6 0 31
[   686.94 ] D: info.stepCount 0xec719d5e90 0.805833 0 31
[   686.94 ] D: info.stepCount 0xec719d5e90 0.439167 0 31
[   686.94 ] D: info.stepCount 0xec719d5e90 0.840889 0 31
[   686.94 ] D: info.stepCount 0xec719d5e90 0 0 31
[   686.94 ] D: info.stepCount 0xec719d5e90 0.335361 0 31
[   686.94 ] D: info.stepCount 0xec719d5e90 0.894417 0 31
[   686.94 ] D: info.stepCount 0xec719d5e90 0.5 0 32
[   686.94 ] D: info.stepCount 0xec719d5e90 0 0 32
[   686.94 ] D: info.stepCount 0xec719d5e90 0 1 32
[   686.94 ] D: info.stepCount 0xec719d5e90 0.279763 0 32
[   686.94 ] D: info.stepCount 0xec719d5e90 1 1 32
[   686.94 ] D: info.stepCount 0xec719d5e90 0.264389 0 32
[   686.94 ] D: info.stepCount 0xec719d5e90 0.798861 0 32
[   686.94 ] D: info.stepCount 0xec719d5e90 0.825083 0 32
[   686.94 ] D: info.stepCount 0xec719d5e90 0.65 0 32
[   686.94 ] D: info.stepCount 0xec719d5e90 0 0 32
[   686.94 ] D: info.stepCount 0xec719d5e90 0 0 32
[   686.94 ] D: info.stepCount 0xec719d5e90 0.508917 0 32
[   686.94 ] D: info.stepCount 0xec719d5e90 0.214194 0 32
[   686.94 ] D: info.stepCount 0xec719d5e90 0.5 0 33
[   686.94 ] D: info.stepCount 0xec719d5e90 0 0 33
[   686.94 ] D: info.stepCount 0xec719d5e90 0 1 33
[   686.94 ] D: info.stepCount 0xec719d5e90 0.279763 0 33
[   686.94 ] D: info.stepCount 0xec719d5e90 1 1 33
[   686.94 ] D: info.stepCount 0xec719d5e90 0.739306 0 33
[   686.94 ] D: info.stepCount 0xec719d5e90 0.682722 0 33
[   686.94 ] D: info.stepCount 0xec719d5e90 0.969333 0 33
[   686.94 ] D: info.stepCount 0xec719d5e90 0.578 0 33
[   686.94 ] D: info.stepCount 0xec719d5e90 0.0997222 0 33
[   686.94 ] D: info.stepCount 0xec719d5e90 0 0 33
[   686.94 ] D: info.stepCount 0xec719d5e90 0.606556 0 33
[   686.94 ] D: info.stepCount 0xec719d5e90 0.336833 0 33
[   686.94 ] D: info.stepCount 0xec719d5e90 0.75 0 34
[   686.94 ] D: info.stepCount 0xec719d5e90 0 0 34
[   686.94 ] D: info.stepCount 0xec719d5e90 0 1 34
[   686.94 ] D: info.stepCount 0xec719d5e90 0.279763 0 34
[   686.94 ] D: info.stepCount 0xec719d5e90 1 1 34
[   686.94 ] D: info.stepCount 0xec719d5e90 0.227472 0 34
[   686.94 ] D: info.stepCount 0xec719d5e90 0.75 0 34
[   686.94 ] D: info.stepCount 0xec719d5e90 0.875167 0 34
[   686.94 ] D: info.stepCount 0xec719d5e90 0.392222 0 34
[   686.94 ] D: info.stepCount 0xec719d5e90 0 0 34
[   686.94 ] D: info.stepCount 0xec719d5e90 0 0 34
[   686.94 ] D: info.stepCount 0xec719d5e90 0.639028 0 34
[   686.94 ] D: info.stepCount 0xec719d5e90 0.113778 0 34
[   686.94 ] D: info.stepCount 0xec719d5e90 0.75 0 35
[   686.94 ] D: info.stepCount 0xec719d5e90 0 0 35
[   686.94 ] D: info.stepCount 0xec719d5e90 0 1 35
[   686.94 ] D: info.stepCount 0xec719d5e90 0.279763 0 35
[   686.94 ] D: info.stepCount 0xec719d5e90 1 1 35
[   686.94 ] D: info.stepCount 0xec719d5e90 0.0225001 0 35
[   686.94 ] D: info.stepCount 0xec719d5e90 0.75 0 35
[   686.94 ] D: info.stepCount 0xec719d5e90 0.0290012 0 35
[   686.94 ] D: info.stepCount 0xec719d5e90 0.75 0 35
[   686.94 ] D: info.stepCount 0xec719d5e90 1 0 35
[   686.94 ] D: info.stepCount 0xec719d5e90 0 0 35
[   686.94 ] D: info.stepCount 0xec719d5e90 0.049002 0 35
[   686.94 ] D: info.stepCount 0xec719d5e90 0.75 0 35
[   686.94 ] D: info.stepCount 0xec719d5e90 0.75 0 36
[   686.94 ] D: info.stepCount 0xec719d5e90 0 0 36
[   686.94 ] D: info.stepCount 0xec719d5e90 0 1 36
[   686.94 ] D: info.stepCount 0xec719d5e90 0.279763 0 36
[   686.94 ] D: info.stepCount 0xec719d5e90 1 1 36
[   686.94 ] D: info.stepCount 0xec719d5e90 0.0225001 0 36
[   686.94 ] D: info.stepCount 0xec719d5e90 0.75 0 36
[   686.94 ] D: info.stepCount 0xec719d5e90 0.0290012 0 36
[   686.94 ] D: info.stepCount 0xec719d5e90 0.75 0 36
[   686.94 ] D: info.stepCount 0xec719d5e90 1 0 36
[   686.94 ] D: info.stepCount 0xec719d5e90 0 0 36
[   686.94 ] D: info.stepCount 0xec719d5e90 0.049002 0 36
[   686.94 ] D: info.stepCount 0xec719d5e90 0.75 0 36
[   686.94 ] D: info.stepCount 0xec719d5e90 0 4 0
[   686.94 ] D: info.stepCount 0xec719d5e90 0.75 0 37
[   686.94 ] D: info.stepCount 0xec719d5e90 0 1 37
[   686.94 ] D: info.stepCount 0xec719d5e90 0 0 37
[   686.94 ] D: info.stepCount 0xec719d5e90 0 0 37
[   686.94 ] D: info.stepCount 0xec719d5e90 0.75 0 38
[   686.94 ] D: info.stepCount 0xec719d5e90 0 1 38
[   686.94 ] D: info.stepCount 0xec719d5e90 0 0 38
[   686.94 ] D: info.stepCount 0xec719d5e90 0 0 38
[   686.94 ] D: info.stepCount 0xec719d5e90 0.75 0 39
[   686.94 ] D: info.stepCount 0xec719d5e90 0 1 39
[   686.94 ] D: info.stepCount 0xec719d5e90 0 0 39
[   686.94 ] D: info.stepCount 0xec719d5e90 0 0 39
[   686.94 ] D: info.stepCount 0xec719d5e90 0.75 0 40
[   686.94 ] D: info.stepCount 0xec719d5e90 0 1 40
[   686.94 ] D: info.stepCount 0xec719d5e90 0 0 40
[   686.94 ] D: info.stepCount 0xec719d5e90 0 0 40
[   686.94 ] D: info.stepCount 0xec719d5e90 0.5 10 0
[   686.94 ] D: info.stepCount 0xec719d5e90 0.75 0 41
[   686.94 ] D: info.stepCount 0xec719d5e90 0.2 5 41
[   686.94 ] D: info.stepCount 0xec719d5e90 0 127 41
[   686.94 ] D: info.stepCount 0xec719d5e90 0 5 41
[   686.94 ] D: info.stepCount 0xec719d5e90 0.5 2 41
[   686.94 ] D: info.stepCount 0xec719d5e90 0.75 0 42
[   686.94 ] D: info.stepCount 0xec719d5e90 0.8 5 42
[   686.94 ] D: info.stepCount 0xec719d5e90 0 127 42
[   686.94 ] D: info.stepCount 0xec719d5e90 0 5 42
[   686.94 ] D: info.stepCount 0xec719d5e90 0.5 2 42
[   686.94 ] D: info.stepCount 0xec719d5e90 0.75 0 43
[   686.94 ] D: info.stepCount 0xec719d5e90 0.4 5 43
[   686.94 ] D: info.stepCount 0xec719d5e90 0 127 43
[   686.94 ] D: info.stepCount 0xec719d5e90 0 5 43
[   686.94 ] D: info.stepCount 0xec719d5e90 0.5 2 43
[   686.94 ] D: info.stepCount 0xec719d5e90 0.75 0 44
[   686.95 ] D: info.stepCount 0xec719d5e90 0 5 44
[   686.95 ] D: info.stepCount 0xec719d5e90 0 127 44
[   686.95 ] D: info.stepCount 0xec719d5e90 0 5 44
[   686.95 ] D: info.stepCount 0xec719d5e90 0.5 2 44
[   686.95 ] D: info.stepCount 0xec719d5e90 0.75 0 45
[   686.95 ] D: info.stepCount 0xec719d5e90 0.4 5 45
[   686.95 ] D: info.stepCount 0xec719d5e90 0 127 45
[   686.95 ] D: info.stepCount 0xec719d5e90 0.6 5 45
[   686.95 ] D: info.stepCount 0xec719d5e90 0.5 2 45
[   686.95 ] D: info.stepCount 0xec719d5e90 0.75 0 46
[   686.95 ] D: info.stepCount 0xec719d5e90 0 5 46
[   686.95 ] D: info.stepCount 0xec719d5e90 0 127 46
[   686.95 ] D: info.stepCount 0xec719d5e90 0 5 46
[   686.95 ] D: info.stepCount 0xec719d5e90 0.5 2 46
[   686.95 ] D: info.stepCount 0xec719d5e90 0.75 0 47
[   686.95 ] D: info.stepCount 0xec719d5e90 0 5 47
[   686.95 ] D: info.stepCount 0xec719d5e90 0 127 47
[   686.95 ] D: info.stepCount 0xec719d5e90 0 5 47
[   686.95 ] D: info.stepCount 0xec719d5e90 0.5 2 47
[   686.95 ] D: info.stepCount 0xec719d5e90 0.75 0 48
[   686.95 ] D: info.stepCount 0xec719d5e90 0 5 48
[   686.95 ] D: info.stepCount 0xec719d5e90 0 127 48
[   686.95 ] D: info.stepCount 0xec719d5e90 0 5 48
[   686.95 ] D: info.stepCount 0xec719d5e90 0.5 2 48
[   686.95 ] D: info.stepCount 0xec719d5e90 0.75 0 49
[   686.95 ] D: info.stepCount 0xec719d5e90 0 5 49
[   686.95 ] D: info.stepCount 0xec719d5e90 0 127 49
[   686.95 ] D: info.stepCount 0xec719d5e90 0 5 49
[   686.95 ] D: info.stepCount 0xec719d5e90 0.5 2 49
[   686.95 ] D: info.stepCount 0xec719d5e90 0.75 0 50
[   686.95 ] D: info.stepCount 0xec719d5e90 0 5 50
[   686.95 ] D: info.stepCount 0xec719d5e90 0 127 50
[   686.95 ] D: info.stepCount 0xec719d5e90 0 5 50
[   686.95 ] D: info.stepCount 0xec719d5e90 0.5 2 50
[   686.95 ] D: info.stepCount 0xec719d5e90 0 1 51
[   686.95 ] D: info.stepCount 0xec719d5e90 0.5 4 51
[   686.95 ] D: info.stepCount 0xec719d5e90 0.519264 0 51
[   686.95 ] D: info.stepCount 0xec719d5e90 0.5 0 51
[   686.95 ] D: info.stepCount 0xec719d5e90 0 1 51
[   686.95 ] D: info.stepCount 0xec719d5e90 0.5 0 51
[   686.95 ] D: info.stepCount 0xec719d5e90 0.374389 0 51
[   686.95 ] D: info.stepCount 0xec719d5e90 0.5 2 51
[   686.95 ] D: info.stepCount 0xec719d5e90 0 4 51
[   686.95 ] D: info.stepCount 0xec719d5e90 1 2 51
[   686.95 ] D: info.stepCount 0xec719d5e90 1 1 0
[   686.95 ] D: info.stepCount 0xec719d5e90 0 1 0
[   686.95 ] D: info.stepCount 0xec719d5e90 0 1 0
[   686.95 ] D: info.stepCount 0xec719d5e90 0.608361 0 0
[   686.95 ] D: info.stepCount 0xec719d5e90 0.5 0 0
[   686.95 ] D: info.stepCount 0xec719d5e90 0.5 0 0
[   686.95 ] D: info.stepCount 0xec719d5e90 0.428571 14 0
[   686.95 ] D: info.stepCount 0xec719d5e90 0 14 0
[   686.95 ] D: info.stepCount 0xec719d5e90 0.5 2 0
[   686.95 ] D: info.stepCount 0xec719d5e90 0.292917 0 0
[   686.95 ] D: info.stepCount 0xec719d5e90 1 1 0
[   686.95 ] D: info.stepCount 0xec719d5e90 0.82 100 0
[   686.95 ] D: info.stepCount 0xec719d5e90 0.763158 38 52
[   686.95 ] D: info.stepCount 0xec719d5e90 0.5 0 52
[   686.95 ] D: info.stepCount 0xec719d5e90 0 1 52
[   686.95 ] D: info.stepCount 0xec719d5e90 0 1 52
[   686.95 ] D: info.stepCount 0xec719d5e90 0.00334448 299 52
[   686.95 ] D: info.stepCount 0xec719d5e90 0.526316 38 53
[   686.95 ] D: info.stepCount 0xec719d5e90 0.64 0 53
[   686.95 ] D: info.stepCount 0xec719d5e90 0 1 53
[   686.95 ] D: info.stepCount 0xec719d5e90 0 1 53
[   686.95 ] D: info.stepCount 0xec719d5e90 0.0769231 299 53
[   686.95 ] D: info.stepCount 0xec719d5e90 0.552632 38 54
[   686.95 ] D: info.stepCount 0xec719d5e90 0.295455 0 54
[   686.95 ] D: info.stepCount 0xec719d5e90 0 1 54
[   686.95 ] D: info.stepCount 0xec719d5e90 1 1 54
[   686.95 ] D: info.stepCount 0xec719d5e90 0.0769231 299 54
[   686.95 ] D: info.stepCount 0xec719d5e90 0.342105 38 55
[   686.95 ] D: info.stepCount 0xec719d5e90 0 0 55
[   686.95 ] D: info.stepCount 0xec719d5e90 0 1 55
[   686.95 ] D: info.stepCount 0xec719d5e90 0 1 55
[   686.95 ] D: info.stepCount 0xec719d5e90 0.00334448 299 55
[   686.95 ] D: info.stepCount 0xec719d5e90 0.552632 38 56
[   686.95 ] D: info.stepCount 0xec719d5e90 0 0 56
[   686.95 ] D: info.stepCount 0xec719d5e90 0 1 56
[   686.95 ] D: info.stepCount 0xec719d5e90 0 1 56
[   686.95 ] D: info.stepCount 0xec719d5e90 0.67893 299 56
[   686.95 ] D: info.stepCount 0xec719d5e90 0.526316 38 57
[   686.95 ] D: info.stepCount 0xec719d5e90 0 0 57
[   686.95 ] D: info.stepCount 0xec719d5e90 0 1 57
[   686.95 ] D: info.stepCount 0xec719d5e90 0 1 57
[   686.95 ] D: info.stepCount 0xec719d5e90 0.67893 299 57
[   686.95 ] D: info.stepCount 0xec719d5e90 0.552632 38 58
[   686.95 ] D: info.stepCount 0xec719d5e90 0.08825 0 58
[   686.95 ] D: info.stepCount 0xec719d5e90 0 1 58
[   686.95 ] D: info.stepCount 0xec719d5e90 0 1 58
[   686.95 ] D: info.stepCount 0xec719d5e90 0.0100334 299 58
[   686.95 ] D: info.stepCount 0xec719d5e90 0.552632 38 59
[   686.95 ] D: info.stepCount 0xec719d5e90 0.117833 0 59
[   686.95 ] D: info.stepCount 0xec719d5e90 0 1 59
[   686.95 ] D: info.stepCount 0xec719d5e90 1 1 59
[   686.95 ] D: info.stepCount 0xec719d5e90 0.0267559 299 59
[   686.95 ] D: info.stepCount 0xec719d5e90 0.842105 38 60
[   686.95 ] D: info.stepCount 0xec719d5e90 0.113722 0 60
[   686.95 ] D: info.stepCount 0xec719d5e90 0 1 60
[   686.95 ] D: info.stepCount 0xec719d5e90 0 1 60
[   686.95 ] D: info.stepCount 0xec719d5e90 0.67893 299 60
[   686.95 ] D: info.stepCount 0xec719d5e90 0.842105 38 61
[   686.95 ] D: info.stepCount 0xec719d5e90 0.102417 0 61
[   686.95 ] D: info.stepCount 0xec719d5e90 0 1 61
[   686.95 ] D: info.stepCount 0xec719d5e90 1 1 61
[   686.95 ] D: info.stepCount 0xec719d5e90 0.682274 299 61
[   686.95 ] D: info.stepCount 0xec719d5e90 0.342105 38 62
[   686.95 ] D: info.stepCount 0xec719d5e90 0.0778056 0 62
[   686.95 ] D: info.stepCount 0xec719d5e90 0 1 62
[   686.95 ] D: info.stepCount 0xec719d5e90 0 1 62
[   686.95 ] D: info.stepCount 0xec719d5e90 0.0434783 299 62
[   686.95 ] D: info.stepCount 0xec719d5e90 0.552632 38 63
[   686.95 ] D: info.stepCount 0xec719d5e90 0 0 63
[   686.95 ] D: info.stepCount 0xec719d5e90 0 1 63
[   686.95 ] D: info.stepCount 0xec719d5e90 0 1 63
[   686.95 ] D: info.stepCount 0xec719d5e90 0.702341 299 63
[   686.95 ] D: info.stepCount 0xec719d5e90 0.526316 38 64
[   686.95 ] D: info.stepCount 0xec719d5e90 0.64 0 64
[   686.95 ] D: info.stepCount 0xec719d5e90 0 1 64
[   686.95 ] D: info.stepCount 0xec719d5e90 0 1 64
[   686.95 ] D: info.stepCount 0xec719d5e90 0.0869565 299 64
[   686.95 ] D: info.stepCount 0xec719d5e90 0.552632 38 65
[   686.95 ] D: info.stepCount 0xec719d5e90 0.714545 0 65
[   686.95 ] D: info.stepCount 0xec719d5e90 0 1 65
[   686.95 ] D: info.stepCount 0xec719d5e90 1 1 65
[   686.95 ] D: info.stepCount 0xec719d5e90 0.0401338 299 65
[   686.95 ] D: info.stepCount 0xec719d5e90 0.552632 38 66
[   686.95 ] D: info.stepCount 0xec719d5e90 0.714545 0 66
[   686.95 ] D: info.stepCount 0xec719d5e90 0 1 66
[   686.95 ] D: info.stepCount 0xec719d5e90 0 1 66
[   686.95 ] D: info.stepCount 0xec719d5e90 0.0234114 299 66
[   686.95 ] D: info.stepCount 0xec719d5e90 0.552632 38 67
[   686.95 ] D: info.stepCount 0xec719d5e90 0.249694 0 67
[   686.95 ] D: info.stepCount 0xec719d5e90 0 1 67
[   686.95 ] D: info.stepCount 0xec719d5e90 0 1 67
[   686.95 ] D: info.stepCount 0xec719d5e90 0.0367893 299 67
[   686.95 ] D: info.stepCount 0xec719d5e90 0.552632 38 68
[   686.95 ] D: info.stepCount 0xec719d5e90 0.249556 0 68
[   686.95 ] D: info.stepCount 0xec719d5e90 0 1 68
[   686.95 ] D: info.stepCount 0xec719d5e90 0 1 68
[   686.95 ] D: info.stepCount 0xec719d5e90 0.0200669 299 68
[   686.95 ] D: info.stepCount 0xec719d5e90 0.789474 38 69
[   686.95 ] D: info.stepCount 0xec719d5e90 0.363636 0 69
[   686.95 ] D: info.stepCount 0xec719d5e90 0 1 69
[   686.95 ] D: info.stepCount 0xec719d5e90 0 1 69
[   686.95 ] D: info.stepCount 0xec719d5e90 0.240803 299 69
[   686.95 ] D: info.stepCount 0xec719d5e90 0.789474 38 70
[   686.95 ] D: info.stepCount 0xec719d5e90 0.492778 0 70
[   686.95 ] D: info.stepCount 0xec719d5e90 0 1 70
[   686.95 ] D: info.stepCount 0xec719d5e90 0 1 70
[   686.96 ] D: info.stepCount 0xec719d5e90 0.0769231 299 70
[   686.96 ] D: info.stepCount 0xec719d5e90 0.789474 38 71
[   686.96 ] D: info.stepCount 0xec719d5e90 0.5 0 71
[   686.96 ] D: info.stepCount 0xec719d5e90 0 1 71
[   686.96 ] D: info.stepCount 0xec719d5e90 0 1 71
[   686.96 ] D: info.stepCount 0xec719d5e90 0.0869565 299 71
[   686.96 ] D: info.stepCount 0xec719d5e90 0.789474 38 72
[   686.96 ] D: info.stepCount 0xec719d5e90 0.54 0 72
[   686.96 ] D: info.stepCount 0xec719d5e90 0 1 72
[   686.96 ] D: info.stepCount 0xec719d5e90 0 1 72
[   686.96 ] D: info.stepCount 0xec719d5e90 0.712375 299 72
[   686.96 ] D: info.stepCount 0xec719d5e90 0.789474 38 73
[   686.96 ] D: info.stepCount 0xec719d5e90 0.54 0 73
[   686.96 ] D: info.stepCount 0xec719d5e90 0 1 73
[   686.96 ] D: info.stepCount 0xec719d5e90 0 1 73
[   686.96 ] D: info.stepCount 0xec719d5e90 0.715719 299 73
[   686.96 ] D: info.stepCount 0xec719d5e90 0.526316 38 74
[   686.96 ] D: info.stepCount 0xec719d5e90 0.5 0 74
[   686.96 ] D: info.stepCount 0xec719d5e90 0 1 74
[   686.96 ] D: info.stepCount 0xec719d5e90 0 1 74
[   686.96 ] D: info.stepCount 0xec719d5e90 0.083612 299 74
[   686.96 ] D: info.stepCount 0xec719d5e90 0.526316 38 75
[   686.96 ] D: info.stepCount 0xec719d5e90 0 0 75
[   686.96 ] D: info.stepCount 0xec719d5e90 0 1 75
[   686.96 ] D: info.stepCount 0xec719d5e90 0 1 75
[   686.96 ] D: info.stepCount 0xec719d5e90 0.204013 299 75
[   686.96 ] D: info.stepCount 0xec719d5e90 0.526316 38 76
[   686.96 ] D: info.stepCount 0xec719d5e90 0 0 76
[   686.96 ] D: info.stepCount 0xec719d5e90 0 1 76
[   686.96 ] D: info.stepCount 0xec719d5e90 1 1 76
[   686.96 ] D: info.stepCount 0xec719d5e90 0.19398 299 76
[   686.96 ] D: info.stepCount 0xec719d5e90 0.789474 38 77
[   686.96 ] D: info.stepCount 0xec719d5e90 0.0857778 0 77
[   686.96 ] D: info.stepCount 0xec719d5e90 0 1 77
[   686.96 ] D: info.stepCount 0xec719d5e90 0 1 77
[   686.96 ] D: info.stepCount 0xec719d5e90 0.0100334 299 77
[   686.96 ] D: info.stepCount 0xec719d5e90 0.789474 38 78
[   686.96 ] D: info.stepCount 0xec719d5e90 0.0771667 0 78
[   686.96 ] D: info.stepCount 0xec719d5e90 0 1 78
[   686.96 ] D: info.stepCount 0xec719d5e90 1 1 78
[   686.96 ] D: info.stepCount 0xec719d5e90 0.0267559 299 78
[   686.96 ] D: info.stepCount 0xec719d5e90 0.0263158 38 79
[   686.96 ] D: info.stepCount 0xec719d5e90 0.787273 0 79
[   686.96 ] D: info.stepCount 0xec719d5e90 0 1 79
[   686.96 ] D: info.stepCount 0xec719d5e90 0 1 79
[   686.96 ] D: info.stepCount 0xec719d5e90 0.0869565 299 79
[   686.96 ] D: info.stepCount 0xec719d5e90 0.0263158 38 80
[   686.96 ] D: info.stepCount 0xec719d5e90 0.787273 0 80
[   686.96 ] D: info.stepCount 0xec719d5e90 0 1 80
[   686.96 ] D: info.stepCount 0xec719d5e90 0 1 80
[   686.96 ] D: info.stepCount 0xec719d5e90 0.0769231 299 80
[   686.96 ] D: info.stepCount 0xec719d5e90 0.842105 38 81
[   686.96 ] D: info.stepCount 0xec719d5e90 0.5 0 81
[   686.96 ] D: info.stepCount 0xec719d5e90 0 1 81
[   686.96 ] D: info.stepCount 0xec719d5e90 0 1 81
[   686.96 ] D: info.stepCount 0xec719d5e90 0.117057 299 81
[   686.96 ] D: info.stepCount 0xec719d5e90 0.0526316 38 82
[   686.96 ] D: info.stepCount 0xec719d5e90 0.86425 0 82
[   686.96 ] D: info.stepCount 0xec719d5e90 0 1 82
[   686.96 ] D: info.stepCount 0xec719d5e90 0 1 82
[   686.96 ] D: info.stepCount 0xec719d5e90 0.083612 299 82
[   686.96 ] D: info.stepCount 0xec719d5e90 0.0526316 38 83
[   686.96 ] D: info.stepCount 0xec719d5e90 0.748556 0 83
[   686.96 ] D: info.stepCount 0xec719d5e90 0 1 83
[   686.96 ] D: info.stepCount 0xec719d5e90 0 1 83
[   686.96 ] D: info.stepCount 0xec719d5e90 0.0936455 299 83
[   686.96 ] D: info.stepCount 0xec719d5e90 0.0526316 38 84
[   686.96 ] D: info.stepCount 0xec719d5e90 0.5 0 84
[   686.96 ] D: info.stepCount 0xec719d5e90 0 1 84
[   686.96 ] D: info.stepCount 0xec719d5e90 1 1 84
[   686.96 ] D: info.stepCount 0xec719d5e90 0.0200669 299 84
[   686.96 ] D: info.stepCount 0xec719d5e90 0.0526316 38 85
[   686.96 ] D: info.stepCount 0xec719d5e90 0.5 0 85
[   686.96 ] D: info.stepCount 0xec719d5e90 0 1 85
[   686.96 ] D: info.stepCount 0xec719d5e90 1 1 85
[   686.96 ] D: info.stepCount 0xec719d5e90 0.0367893 299 85
[   686.96 ] D: info.stepCount 0xec719d5e90 0.0526316 38 86
[   686.96 ] D: info.stepCount 0xec719d5e90 0.5 0 86
[   686.96 ] D: info.stepCount 0xec719d5e90 0 1 86
[   686.96 ] D: info.stepCount 0xec719d5e90 1 1 86
[   686.96 ] D: info.stepCount 0xec719d5e90 0.0535117 299 86
[   686.96 ] D: info.stepCount 0xec719d5e90 0.0526316 38 87
[   686.96 ] D: info.stepCount 0xec719d5e90 0.464917 0 87
[   686.96 ] D: info.stepCount 0xec719d5e90 0 1 87
[   686.96 ] D: info.stepCount 0xec719d5e90 1 1 87
[   686.96 ] D: info.stepCount 0xec719d5e90 0.742475 299 87
[   686.96 ] D: info.stepCount 0xec719d5e90 0.0526316 38 88
[   686.96 ] D: info.stepCount 0xec719d5e90 0.541472 0 88
[   686.96 ] D: info.stepCount 0xec719d5e90 0 1 88
[   686.96 ] D: info.stepCount 0xec719d5e90 0 1 88
[   686.96 ] D: info.stepCount 0xec719d5e90 0.772575 299 88
[   686.96 ] D: info.stepCount 0xec719d5e90 0.552632 38 89
[   686.96 ] D: info.stepCount 0xec719d5e90 0.295455 0 89
[   686.96 ] D: info.stepCount 0xec719d5e90 0 1 89
[   686.96 ] D: info.stepCount 0xec719d5e90 1 1 89
[   686.96 ] D: info.stepCount 0xec719d5e90 0.0869565 299 89
[   686.96 ] D: info.stepCount 0xec719d5e90 0.105263 38 90
[   686.96 ] D: info.stepCount 0xec719d5e90 0.724194 0 90
[   686.96 ] D: info.stepCount 0xec719d5e90 0 1 90
[   686.96 ] D: info.stepCount 0xec719d5e90 0 1 90
[   686.96 ] D: info.stepCount 0xec719d5e90 0.411371 299 90
[   686.96 ] D: info.stepCount 0xec719d5e90 0.105263 38 91
[   686.96 ] D: info.stepCount 0xec719d5e90 0.71875 0 91
[   686.96 ] D: info.stepCount 0xec719d5e90 0 1 91
[   686.96 ] D: info.stepCount 0xec719d5e90 0 1 91
[   686.96 ] D: info.stepCount 0xec719d5e90 0.448161 299 91
[   686.96 ] D: info.stepCount 0xec719d5e90 0.105263 38 92
[   686.96 ] D: info.stepCount 0xec719d5e90 0.477273 0 92
[   686.96 ] D: info.stepCount 0xec719d5e90 0 1 92
[   686.96 ] D: info.stepCount 0xec719d5e90 1 1 92
[   686.96 ] D: info.stepCount 0xec719d5e90 0.117057 299 92
[   686.96 ] D: info.stepCount 0xec719d5e90 0.105263 38 93
[   686.96 ] D: info.stepCount 0xec719d5e90 0.477273 0 93
[   686.96 ] D: info.stepCount 0xec719d5e90 0 1 93
[   686.96 ] D: info.stepCount 0xec719d5e90 1 1 93
[   686.96 ] D: info.stepCount 0xec719d5e90 0.802676 299 93
[   686.96 ] D: info.stepCount 0xec719d5e90 0.157895 38 94
[   686.96 ] D: info.stepCount 0xec719d5e90 0.249056 0 94
[   686.96 ] D: info.stepCount 0xec719d5e90 0 1 94
[   686.96 ] D: info.stepCount 0xec719d5e90 0 1 94
[   686.96 ] D: info.stepCount 0xec719d5e90 0.0869565 299 94
[   686.96 ] D: info.stepCount 0xec719d5e90 0.157895 38 95
[   686.96 ] D: info.stepCount 0xec719d5e90 0.15625 0 95
[   686.96 ] D: info.stepCount 0xec719d5e90 0 1 95
[   686.96 ] D: info.stepCount 0xec719d5e90 0 1 95
[   686.96 ] D: info.stepCount 0xec719d5e90 0.70903 299 95
[   686.96 ] D: info.stepCount 0xec719d5e90 0.157895 38 96
[   686.96 ] D: info.stepCount 0xec719d5e90 0.125 0 96
[   686.96 ] D: info.stepCount 0xec719d5e90 0 1 96
[   686.96 ] D: info.stepCount 0xec719d5e90 1 1 96
[   686.96 ] D: info.stepCount 0xec719d5e90 0.792642 299 96
[   686.96 ] D: info.stepCount 0xec719d5e90 0.157895 38 97
[   686.96 ] D: info.stepCount 0xec719d5e90 0.363636 0 97
[   686.96 ] D: info.stepCount 0xec719d5e90 0 1 97
[   686.96 ] D: info.stepCount 0xec719d5e90 1 1 97
[   686.96 ] D: info.stepCount 0xec719d5e90 0.0769231 299 97
[   686.96 ] D: info.stepCount 0xec719d5e90 0.157895 38 98
[   686.96 ] D: info.stepCount 0xec719d5e90 0.1875 0 98
[   686.96 ] D: info.stepCount 0xec719d5e90 0 1 98
[   686.96 ] D: info.stepCount 0xec719d5e90 1 1 98
[   686.96 ] D: info.stepCount 0xec719d5e90 0.672241 299 98
[   686.96 ] D: info.stepCount 0xec719d5e90 0.157895 38 99
[   686.96 ] D: info.stepCount 0xec719d5e90 0.125 0 99
[   686.96 ] D: info.stepCount 0xec719d5e90 0 1 99
[   686.96 ] D: info.stepCount 0xec719d5e90 0 1 99
[   686.96 ] D: info.stepCount 0xec719d5e90 0.675585 299 99
[   686.96 ] D: info.stepCount 0xec719d5e90 0.157895 38 100
[   686.96 ] D: info.stepCount 0xec719d5e90 0.295455 0 100
[   686.96 ] D: info.stepCount 0xec719d5e90 0 1 100
[   686.97 ] D: info.stepCount 0xec719d5e90 0 1 100
[   686.97 ] D: info.stepCount 0xec719d5e90 0.117057 299 100
[   686.97 ] D: info.stepCount 0xec719d5e90 0.105263 38 101
[   686.97 ] D: info.stepCount 0xec719d5e90 0.363667 0 101
[   686.97 ] D: info.stepCount 0xec719d5e90 0 1 101
[   686.97 ] D: info.stepCount 0xec719d5e90 0 1 101
[   686.97 ] D: info.stepCount 0xec719d5e90 0.749164 299 101
[   686.97 ] D: info.stepCount 0xec719d5e90 0.105263 38 102
[   686.97 ] D: info.stepCount 0xec719d5e90 0.5 0 102
[   686.97 ] D: info.stepCount 0xec719d5e90 0 1 102
[   686.97 ] D: info.stepCount 0xec719d5e90 0 1 102
[   686.97 ] D: info.stepCount 0xec719d5e90 0.745819 299 102
[   686.97 ] D: info.stepCount 0xec719d5e90 0.526316 38 103
[   686.97 ] D: info.stepCount 0xec719d5e90 0 0 103
[   686.97 ] D: info.stepCount 0xec719d5e90 0 1 103
[   686.97 ] D: info.stepCount 0xec719d5e90 1 1 103
[   686.97 ] D: info.stepCount 0xec719d5e90 0.204013 299 103
[   686.97 ] D: info.stepCount 0xec719d5e90 0.105263 38 104
[   686.97 ] D: info.stepCount 0xec719d5e90 0.5 0 104
[   686.97 ] D: info.stepCount 0xec719d5e90 0 1 104
[   686.97 ] D: info.stepCount 0xec719d5e90 0 1 104
[   686.97 ] D: info.stepCount 0xec719d5e90 0.839465 299 104
[   686.97 ] D: info.stepCount 0xec719d5e90 0.526316 38 105
[   686.97 ] D: info.stepCount 0xec719d5e90 0 0 105
[   686.97 ] D: info.stepCount 0xec719d5e90 0 1 105
[   686.97 ] D: info.stepCount 0xec719d5e90 0 1 105
[   686.97 ] D: info.stepCount 0xec719d5e90 0.19398 299 105
[   686.97 ] D: info.stepCount 0xec719d5e90 0.105263 38 106
[   686.97 ] D: info.stepCount 0xec719d5e90 0.363636 0 106
[   686.97 ] D: info.stepCount 0xec719d5e90 0 1 106
[   686.97 ] D: info.stepCount 0xec719d5e90 1 1 106
[   686.97 ] D: info.stepCount 0xec719d5e90 0.846154 299 106
[   686.97 ] D: info.stepCount 0xec719d5e90 0.105263 38 107
[   686.97 ] D: info.stepCount 0xec719d5e90 0.101563 0 107
[   686.97 ] D: info.stepCount 0xec719d5e90 0 1 107
[   686.97 ] D: info.stepCount 0xec719d5e90 0 1 107
[   686.97 ] D: info.stepCount 0xec719d5e90 0.685619 299 107
[   686.97 ] D: info.stepCount 0xec719d5e90 0.105263 38 108
[   686.97 ] D: info.stepCount 0xec719d5e90 0.102167 0 108
[   686.97 ] D: info.stepCount 0xec719d5e90 0 1 108
[   686.97 ] D: info.stepCount 0xec719d5e90 0 1 108
[   686.97 ] D: info.stepCount 0xec719d5e90 0.682274 299 108
[   686.97 ] D: info.stepCount 0xec719d5e90 0.552632 38 109
[   686.97 ] D: info.stepCount 0xec719d5e90 0 0 109
[   686.97 ] D: info.stepCount 0xec719d5e90 0 1 109
[   686.97 ] D: info.stepCount 0xec719d5e90 1 1 109
[   686.97 ] D: info.stepCount 0xec719d5e90 0.67893 299 109
[   686.97 ] D: info.stepCount 0xec719d5e90 0.105263 38 110
[   686.97 ] D: info.stepCount 0xec719d5e90 0.102167 0 110
[   686.97 ] D: info.stepCount 0xec719d5e90 0 1 110
[   686.97 ] D: info.stepCount 0xec719d5e90 1 1 110
[   686.97 ] D: info.stepCount 0xec719d5e90 0.859532 299 110
[   686.97 ] D: info.stepCount 0xec719d5e90 0.526316 38 111
[   686.97 ] D: info.stepCount 0xec719d5e90 0 0 111
[   686.97 ] D: info.stepCount 0xec719d5e90 0 1 111
[   686.97 ] D: info.stepCount 0xec719d5e90 1 1 111
[   686.97 ] D: info.stepCount 0xec719d5e90 0.67893 299 111
[   686.97 ] D: info.stepCount 0xec719d5e90 0.105263 38 112
[   686.97 ] D: info.stepCount 0xec719d5e90 0.101563 0 112
[   686.97 ] D: info.stepCount 0xec719d5e90 0 1 112
[   686.97 ] D: info.stepCount 0xec719d5e90 1 1 112
[   686.97 ] D: info.stepCount 0xec719d5e90 0.866221 299 112
[   686.97 ] D: info.stepCount 0xec719d5e90 0.815789 38 113
[   686.97 ] D: info.stepCount 0xec719d5e90 0.499917 0 113
[   686.97 ] D: info.stepCount 0xec719d5e90 0 1 113
[   686.97 ] D: info.stepCount 0xec719d5e90 0 1 113
[   686.97 ] D: info.stepCount 0xec719d5e90 0.117057 299 113
[   686.97 ] D: info.stepCount 0xec719d5e90 0.789474 38 114
[   686.97 ] D: info.stepCount 0xec719d5e90 0 0 114
[   686.97 ] D: info.stepCount 0xec719d5e90 0 1 114
[   686.97 ] D: info.stepCount 0xec719d5e90 0 1 114
[   686.97 ] D: info.stepCount 0xec719d5e90 0.411371 299 114
[   686.97 ] D: info.stepCount 0xec719d5e90 0.105263 38 115
[   686.97 ] D: info.stepCount 0xec719d5e90 0.318182 0 115
[   686.97 ] D: info.stepCount 0xec719d5e90 0 1 115
[   686.97 ] D: info.stepCount 0xec719d5e90 0 1 115
[   686.97 ] D: info.stepCount 0xec719d5e90 0.876254 299 115
[   686.97 ] D: info.stepCount 0xec719d5e90 0.789474 38 116
[   686.97 ] D: info.stepCount 0xec719d5e90 0 0 116
[   686.97 ] D: info.stepCount 0xec719d5e90 0 1 116
[   686.97 ] D: info.stepCount 0xec719d5e90 1 1 116
[   686.97 ] D: info.stepCount 0xec719d5e90 0.411371 299 116
[   686.97 ] D: info.stepCount 0xec719d5e90 0.105263 38 117
[   686.97 ] D: info.stepCount 0xec719d5e90 0.318182 0 117
[   686.97 ] D: info.stepCount 0xec719d5e90 0 1 117
[   686.97 ] D: info.stepCount 0xec719d5e90 0 1 117
[   686.97 ] D: info.stepCount 0xec719d5e90 0.882943 299 117
[   686.97 ] D: info.stepCount 0xec719d5e90 0.815789 38 118
[   686.97 ] D: info.stepCount 0xec719d5e90 0.188556 0 118
[   686.97 ] D: info.stepCount 0xec719d5e90 0 1 118
[   686.97 ] D: info.stepCount 0xec719d5e90 0 1 118
[   686.97 ] D: info.stepCount 0xec719d5e90 0.240803 299 118
[   686.97 ] D: info.stepCount 0xec719d5e90 0.868421 38 119
[   686.97 ] D: info.stepCount 0xec719d5e90 0.272222 0 119
[   686.97 ] D: info.stepCount 0xec719d5e90 0 1 119
[   686.97 ] D: info.stepCount 0xec719d5e90 0 1 119
[   686.97 ] D: info.stepCount 0xec719d5e90 0.240803 299 119
[   686.97 ] D: info.stepCount 0xec719d5e90 0.868421 38 120
[   686.97 ] D: info.stepCount 0xec719d5e90 0.262139 0 120
[   686.97 ] D: info.stepCount 0xec719d5e90 0 1 120
[   686.97 ] D: info.stepCount 0xec719d5e90 0 1 120
[   686.97 ] D: info.stepCount 0xec719d5e90 0.117057 299 120
[   686.97 ] D: info.stepCount 0xec719d5e90 0.157895 38 121
[   686.97 ] D: info.stepCount 0xec719d5e90 0.295455 0 121
[   686.97 ] D: info.stepCount 0xec719d5e90 0 1 121
[   686.97 ] D: info.stepCount 0xec719d5e90 1 1 121
[   686.97 ] D: info.stepCount 0xec719d5e90 0.829431 299 121
[   686.97 ] D: info.stepCount 0xec719d5e90 0.552632 38 122
[   686.97 ] D: info.stepCount 0xec719d5e90 0.543 0 122
[   686.97 ] D: info.stepCount 0xec719d5e90 0 1 122
[   686.97 ] D: info.stepCount 0xec719d5e90 0 1 122
[   686.97 ] D: info.stepCount 0xec719d5e90 0.428094 299 122
[   686.97 ] D: info.stepCount 0xec719d5e90 0.578947 38 123
[   686.97 ] D: info.stepCount 0xec719d5e90 0.973778 0 123
[   686.97 ] D: info.stepCount 0xec719d5e90 0 1 123
[   686.97 ] D: info.stepCount 0xec719d5e90 0 1 123
[   686.97 ] D: info.stepCount 0xec719d5e90 0.0468227 299 123
[   686.97 ] D: info.stepCount 0xec719d5e90 0.578947 38 124
[   686.97 ] D: info.stepCount 0xec719d5e90 0.260583 0 124
[   686.97 ] D: info.stepCount 0xec719d5e90 0 1 124
[   686.97 ] D: info.stepCount 0xec719d5e90 1 1 124
[   686.97 ] D: info.stepCount 0xec719d5e90 0.0535117 299 124
[   686.97 ] D: info.stepCount 0xec719d5e90 0.842105 38 125
[   686.97 ] D: info.stepCount 0xec719d5e90 0.515639 0 125
[   686.97 ] D: info.stepCount 0xec719d5e90 0 1 125
[   686.97 ] D: info.stepCount 0xec719d5e90 1 1 125
[   686.97 ] D: info.stepCount 0xec719d5e90 0.0468227 299 125
[   686.97 ] D: info.stepCount 0xec719d5e90 0.105263 38 126
[   686.97 ] D: info.stepCount 0xec719d5e90 0.182056 0 126
[   686.97 ] D: info.stepCount 0xec719d5e90 0 1 126
[   686.97 ] D: info.stepCount 0xec719d5e90 0 1 126
[   686.97 ] D: info.stepCount 0xec719d5e90 0.705686 299 126
[   686.97 ] D: info.stepCount 0xec719d5e90 0.552632 38 127
[   686.97 ] D: info.stepCount 0xec719d5e90 0 0 127
[   686.97 ] D: info.stepCount 0xec719d5e90 0 1 127
[   686.97 ] D: info.stepCount 0xec719d5e90 1 1 127
[   686.97 ] D: info.stepCount 0xec719d5e90 0.702341 299 127
[   686.97 ] D: info.stepCount 0xec719d5e90 0.105263 38 128
[   686.97 ] D: info.stepCount 0xec719d5e90 0.1805 0 128
[   686.97 ] D: info.stepCount 0xec719d5e90 0 1 128
[   686.97 ] D: info.stepCount 0xec719d5e90 1 1 128
[   686.97 ] D: info.stepCount 0xec719d5e90 0.919732 299 128
[   686.97 ] D: info.stepCount 0xec719d5e90 0.815789 38 129
[   686.97 ] D: info.stepCount 0xec719d5e90 0.0828611 0 129
[   686.97 ] D: info.stepCount 0xec719d5e90 0 1 129
[   686.97 ] D: info.stepCount 0xec719d5e90 0 1 129
[   686.97 ] D: info.stepCount 0xec719d5e90 0.431438 299 129
[   686.97 ] D: info.stepCount 0xec719d5e90 0.815789 38 130
[   686.97 ] D: info.stepCount 0xec719d5e90 0.109167 0 130
[   686.97 ] D: info.stepCount 0xec719d5e90 0 1 130
[   686.97 ] D: info.stepCount 0xec719d5e90 0 1 130
[   686.97 ] D: info.stepCount 0xec719d5e90 0.428094 299 130
[   686.98 ] D: info.stepCount 0xec719d5e90 0.815789 38 131
[   686.98 ] D: info.stepCount 0xec719d5e90 0.11775 0 131
[   686.98 ] D: info.stepCount 0xec719d5e90 0 1 131
[   686.98 ] D: info.stepCount 0xec719d5e90 0 1 131
[   686.98 ] D: info.stepCount 0xec719d5e90 0.464883 299 131
[   686.98 ] D: info.stepCount 0xec719d5e90 0.815789 38 132
[   686.98 ] D: info.stepCount 0xec719d5e90 0.0953333 0 132
[   686.98 ] D: info.stepCount 0xec719d5e90 0 1 132
[   686.98 ] D: info.stepCount 0xec719d5e90 0 1 132
[   686.98 ] D: info.stepCount 0xec719d5e90 0.458194 299 132
[   686.98 ] D: info.stepCount 0xec719d5e90 0.789474 38 133
[   686.98 ] D: info.stepCount 0xec719d5e90 0.125444 0 133
[   686.98 ] D: info.stepCount 0xec719d5e90 0 1 133
[   686.98 ] D: info.stepCount 0xec719d5e90 1 1 133
[   686.98 ] D: info.stepCount 0xec719d5e90 0.458194 299 133
[   686.98 ] D: info.stepCount 0xec719d5e90 0 38 134
[   686.98 ] D: info.stepCount 0xec719d5e90 0.5 0 134
[   686.98 ] D: info.stepCount 0xec719d5e90 0 1 134
[   686.98 ] D: info.stepCount 0xec719d5e90 0 1 134
[   686.98 ] D: info.stepCount 0xec719d5e90 0 299 134
[   686.98 ] D: info.stepCount 0xec719d5e90 0 38 135
[   686.98 ] D: info.stepCount 0xec719d5e90 0.5 0 135
[   686.98 ] D: info.stepCount 0xec719d5e90 0 1 135
[   686.98 ] D: info.stepCount 0xec719d5e90 0 1 135
[   686.98 ] D: info.stepCount 0xec719d5e90 0 299 135
[   686.98 ] D: info.stepCount 0xec719d5e90 0 38 136
[   686.98 ] D: info.stepCount 0xec719d5e90 0.5 0 136
[   686.98 ] D: info.stepCount 0xec719d5e90 0 1 136
[   686.98 ] D: info.stepCount 0xec719d5e90 0 1 136
[   686.98 ] D: info.stepCount 0xec719d5e90 0 299 136
[   686.98 ] D: info.stepCount 0xec719d5e90 0 38 137
[   686.98 ] D: info.stepCount 0xec719d5e90 0.5 0 137
[   686.98 ] D: info.stepCount 0xec719d5e90 0 1 137
[   686.98 ] D: info.stepCount 0xec719d5e90 0 1 137
[   686.98 ] D: info.stepCount 0xec719d5e90 0 299 137
[   686.98 ] D: info.stepCount 0xec719d5e90 0 38 138
[   686.98 ] D: info.stepCount 0xec719d5e90 0.5 0 138
[   686.98 ] D: info.stepCount 0xec719d5e90 0 1 138
[   686.98 ] D: info.stepCount 0xec719d5e90 0 1 138
[   686.98 ] D: info.stepCount 0xec719d5e90 0 299 138
[   686.98 ] D: info.stepCount 0xec719d5e90 0 38 139
[   686.98 ] D: info.stepCount 0xec719d5e90 0.5 0 139
[   686.98 ] D: info.stepCount 0xec719d5e90 0 1 139
[   686.98 ] D: info.stepCount 0xec719d5e90 0 1 139
[   686.98 ] D: info.stepCount 0xec719d5e90 0 299 139
[   686.98 ] D: info.stepCount 0xec719d5e90 0 38 140
[   686.98 ] D: info.stepCount 0xec719d5e90 0.5 0 140
[   686.98 ] D: info.stepCount 0xec719d5e90 0 1 140
[   686.98 ] D: info.stepCount 0xec719d5e90 0 1 140
[   686.98 ] D: info.stepCount 0xec719d5e90 0 299 140
[   686.98 ] D: info.stepCount 0xec719d5e90 0 38 141
[   686.98 ] D: info.stepCount 0xec719d5e90 0.5 0 141
[   686.98 ] D: info.stepCount 0xec719d5e90 0 1 141
[   686.98 ] D: info.stepCount 0xec719d5e90 0 1 141
[   686.98 ] D: info.stepCount 0xec719d5e90 0 299 141
[   686.98 ] D: info.stepCount 0xec719d5e90 0 38 142
[   686.98 ] D: info.stepCount 0xec719d5e90 0.5 0 142
[   686.98 ] D: info.stepCount 0xec719d5e90 0 1 142
[   686.98 ] D: info.stepCount 0xec719d5e90 0 1 142
[   686.98 ] D: info.stepCount 0xec719d5e90 0 299 142
[   686.98 ] D: info.stepCount 0xec719d5e90 0 38 143
[   686.98 ] D: info.stepCount 0xec719d5e90 0.5 0 143
[   686.98 ] D: info.stepCount 0xec719d5e90 0 1 143
[   686.98 ] D: info.stepCount 0xec719d5e90 0 1 143
[   686.98 ] D: info.stepCount 0xec719d5e90 0 299 143
[   686.98 ] D: info.stepCount 0xec719d5e90 0 38 144
[   686.98 ] D: info.stepCount 0xec719d5e90 0.5 0 144
[   686.98 ] D: info.stepCount 0xec719d5e90 0 1 144
[   686.98 ] D: info.stepCount 0xec719d5e90 0 1 144
[   686.98 ] D: info.stepCount 0xec719d5e90 0 299 144
[   686.98 ] D: info.stepCount 0xec719d5e90 0 38 145
[   686.98 ] D: info.stepCount 0xec719d5e90 0.5 0 145
[   686.98 ] D: info.stepCount 0xec719d5e90 0 1 145
[   686.98 ] D: info.stepCount 0xec719d5e90 0 1 145
[   686.98 ] D: info.stepCount 0xec719d5e90 0 299 145
[   686.98 ] D: info.stepCount 0xec719d5e90 0 38 146
[   686.98 ] D: info.stepCount 0xec719d5e90 0.5 0 146
[   686.98 ] D: info.stepCount 0xec719d5e90 0 1 146
[   686.98 ] D: info.stepCount 0xec719d5e90 0 1 146
[   686.98 ] D: info.stepCount 0xec719d5e90 0 299 146
[   686.98 ] D: info.stepCount 0xec719d5e90 0 38 147
[   686.98 ] D: info.stepCount 0xec719d5e90 0.5 0 147
[   686.98 ] D: info.stepCount 0xec719d5e90 0 1 147
[   686.98 ] D: info.stepCount 0xec719d5e90 0 1 147
[   686.98 ] D: info.stepCount 0xec719d5e90 0 299 147
[   686.98 ] D: info.stepCount 0xec719d5e90 0 38 148
[   686.98 ] D: info.stepCount 0xec719d5e90 0.5 0 148
[   686.98 ] D: info.stepCount 0xec719d5e90 0 1 148
[   686.98 ] D: info.stepCount 0xec719d5e90 0 1 148
[   686.98 ] D: info.stepCount 0xec719d5e90 0 299 148
[   686.98 ] D: info.stepCount 0xec719d5e90 0 38 149
[   686.98 ] D: info.stepCount 0xec719d5e90 0.5 0 149
[   686.98 ] D: info.stepCount 0xec719d5e90 0 1 149
[   686.98 ] D: info.stepCount 0xec719d5e90 0 1 149
[   686.98 ] D: info.stepCount 0xec719d5e90 0 299 149
[   686.98 ] D: info.stepCount 0xec719d5e90 0 38 150
[   686.98 ] D: info.stepCount 0xec719d5e90 0.5 0 150
[   686.98 ] D: info.stepCount 0xec719d5e90 0 1 150
[   686.98 ] D: info.stepCount 0xec719d5e90 0 1 150
[   686.98 ] D: info.stepCount 0xec719d5e90 0 299 150
[   686.98 ] D: info.stepCount 0xec719d5e90 0 38 151
[   686.98 ] D: info.stepCount 0xec719d5e90 0.5 0 151
[   686.98 ] D: info.stepCount 0xec719d5e90 0 1 151
[   686.98 ] D: info.stepCount 0xec719d5e90 0 1 151
[   686.98 ] D: info.stepCount 0xec719d5e90 0 299 151
[   686.98 ] D: info.stepCount 0xec719d5e90 0 1 0
[   686.98 ] D: info.stepCount 0xec719d5e90 0 0 0
[   686.98 ] D: info.stepCount 0xec719d5e90 0 0 0
[   686.98 ] D: info.stepCount 0xec719d5e90 0 0 0
[   686.98 ] D: info.stepCount 0xec719d5e90 0 0 0
[   686.98 ] D: info.stepCount 0xec719d5e90 0 0 0
[   686.98 ] D: info.stepCount 0xec719d5e90 0 0 0
[   686.98 ] D: info.stepCount 0xec719d5e90 0 0 0
[   686.98 ] D: info.stepCount 0xec719d5e90 0 0 0
[   686.98 ] D: info.stepCount 0xec719d5e90 0 0 0
[   686.98 ] D: info.stepCount 0xec719d5e90 0 0 0
[   686.98 ] D: info.stepCount 0xec719d5e90 0 0 0
[   686.98 ] D: info.stepCount 0xec719d5e90 0 0 0
[   686.98 ] D: info.stepCount 0xec719d5e90 0 0 0
[   686.98 ] D: info.stepCount 0xec719d5e90 0 0 0
[   686.98 ] D: info.stepCount 0xec719d5e90 0 0 0
[   686.98 ] D: info.stepCount 0xec719d5e90 0 0 0
[   686.98 ] D: info.stepCount 0xec719d5e90 0 0 0
[   686.98 ] D: info.stepCount 0xec719d5e90 0 0 0
[   686.98 ] D: info.stepCount 0xec719d5e90 0 0 0
[   686.98 ] D: info.stepCount 0xec719d5e90 0 0 0
[   686.98 ] D: info.stepCount 0xec719d5e90 0 0 0
[   686.98 ] D: info.stepCount 0xec719d5e90 0 0 0
[   686.98 ] D: info.stepCount 0xec719d5e90 0 0 0
[   686.98 ] D: info.stepCount 0xec719d5e90 0 0 0
[   686.98 ] D: info.stepCount 0xec719d5e90 0 0 0
[   686.98 ] D: info.stepCount 0xec719d5e90 0 0 0
[   686.98 ] D: info.stepCount 0xec719d5e90 0 0 0
[   686.98 ] D: info.stepCount 0xec719d5e90 0 0 0
[   686.98 ] D: info.stepCount 0xec719d5e90 0 0 0
[   686.98 ] D: info.stepCount 0xec719d5e90 0 0 0
[   686.98 ] D: info.stepCount 0xec719d5e90 0 0 0
[   686.98 ] D: info.stepCount 0xec719d5e90 0 0 0
[   686.98 ] D: info.stepCount 0xec719d5e90 0 0 0
[   686.98 ] D: info.stepCount 0xec719d5e90 0 0 0
[   686.98 ] D: info.stepCount 0xec719d5e90 0 0 0
[   686.98 ] D: info.stepCount 0xec719d5e90 0 0 0
[   686.98 ] D: info.stepCount 0xec719d5e90 0 0 0
[   686.98 ] D: info.stepCount 0xec719d5e90 0 0 0
[   686.98 ] D: info.stepCount 0xec719d5e90 0 0 0
[   686.98 ] D: info.stepCount 0xec719d5e90 0 0 0
[   686.99 ] D: info.stepCount 0xec719d5e90 0 0 0
[   686.99 ] D: info.stepCount 0xec719d5e90 0 0 0
[   686.99 ] D: info.stepCount 0xec719d5e90 0 0 0
[   686.99 ] D: info.stepCount 0xec719d5e90 0 0 0
[   686.99 ] D: info.stepCount 0xec719d5e90 0 0 0
[   686.99 ] D: info.stepCount 0xec719d5e90 0 0 0
[   686.99 ] D: info.stepCount 0xec719d5e90 0 0 0
[   686.99 ] D: info.stepCount 0xec719d5e90 0 0 0
[   686.99 ] D: info.stepCount 0xec719d5e90 0 0 0
[   686.99 ] D: info.stepCount 0xec719d5e90 0 0 0
[   686.99 ] D: info.stepCount 0xec719d5e90 0 0 0
[   686.99 ] D: info.stepCount 0xec719d5e90 0 0 0
[   686.99 ] D: info.stepCount 0xec719d5e90 0 0 0
[   686.99 ] D: info.stepCount 0xec719d5e90 0 0 0
[   686.99 ] D: info.stepCount 0xec719d5e90 0 0 0
[   686.99 ] D: info.stepCount 0xec719d5e90 0 0 0
[   686.99 ] D: info.stepCount 0xec719d5e90 0 0 0
[   686.99 ] D: info.stepCount 0xec719d5e90 0 0 0
[   686.99 ] D: info.stepCount 0xec719d5e90 0 0 0
[   686.99 ] D: info.stepCount 0xec719d5e90 0 0 0
[   686.99 ] D: info.stepCount 0xec719d5e90 0 0 0
[   686.99 ] D: info.stepCount 0xec719d5e90 0 0 0
[   686.99 ] D: info.stepCount 0xec719d5e90 0 0 0
[   686.99 ] D: info.stepCount 0xec719d5e90 0 0 0
[   686.99 ] D: info.stepCount 0xec719d5e90 0 0 0
[   686.99 ] D: info.stepCount 0xec719d5e90 0 0 0
[   686.99 ] D: info.stepCount 0xec719d5e90 0 0 0
[   686.99 ] D: info.stepCount 0xec719d5e90 0 0 0
[   686.99 ] D: info.stepCount 0xec719d5e90 0 0 0
[   686.99 ] D: info.stepCount 0xec719d5e90 0 0 0
[   686.99 ] D: info.stepCount 0xec719d5e90 0 0 0
[   686.99 ] D: info.stepCount 0xec719d5e90 0 0 0
[   686.99 ] D: info.stepCount 0xec719d5e90 0 0 0
[   686.99 ] D: info.stepCount 0xec719d5e90 0 0 0
[   686.99 ] D: info.stepCount 0xec719d5e90 0 0 0
[   686.99 ] D: info.stepCount 0xec719d5e90 0 0 0
[   686.99 ] D: info.stepCount 0xec719d5e90 0 0 0
[   686.99 ] D: info.stepCount 0xec719d5e90 0 0 0
[   686.99 ] D: info.stepCount 0xec719d5e90 0 0 0
[   686.99 ] D: info.stepCount 0xec719d5e90 0 0 0
[   686.99 ] D: info.stepCount 0xec719d5e90 0 0 0
[   686.99 ] D: info.stepCount 0xec719d5e90 0 0 0
[   686.99 ] D: info.stepCount 0xec719d5e90 0 0 0
[   686.99 ] D: info.stepCount 0xec719d5e90 0 0 0
[   686.99 ] D: info.stepCount 0xec719d5e90 0 0 0
[   686.99 ] D: info.stepCount 0xec719d5e90 0 0 0
[   686.99 ] D: info.stepCount 0xec719d5e90 0 0 0
[   686.99 ] D: info.stepCount 0xec719d5e90 0 0 0
[   686.99 ] D: info.stepCount 0xec719d5e90 0 0 0
[   686.99 ] D: info.stepCount 0xec719d5e90 0 0 0
[   686.99 ] D: info.stepCount 0xec719d5e90 0 0 0
[   686.99 ] D: info.stepCount 0xec719d5e90 0 0 0
[   686.99 ] D: info.stepCount 0xec719d5e90 0 0 0
[   686.99 ] D: info.stepCount 0xec719d5e90 0 0 0
[   686.99 ] D: info.stepCount 0xec719d5e90 0 0 0
[   686.99 ] D: info.stepCount 0xec719d5e90 0 0 0
[   686.99 ] D: info.stepCount 0xec719d5e90 0 0 0
[   686.99 ] D: info.stepCount 0xec719d5e90 0 0 0
[   686.99 ] D: info.stepCount 0xec719d5e90 0 0 0
[   686.99 ] D: info.stepCount 0xec719d5e90 0 0 0
[   686.99 ] D: info.stepCount 0xec719d5e90 0 0 0
[   686.99 ] D: info.stepCount 0xec719d5e90 0 0 0
[   686.99 ] D: info.stepCount 0xec719d5e90 0 0 0
[   686.99 ] D: info.stepCount 0xec719d5e90 0 0 0
[   686.99 ] D: info.stepCount 0xec719d5e90 0 0 0
[   686.99 ] D: info.stepCount 0xec719d5e90 0 0 0
[   686.99 ] D: info.stepCount 0xec719d5e90 0 0 0
[   686.99 ] D: info.stepCount 0xec719d5e90 0 0 0
[   686.99 ] D: info.stepCount 0xec719d5e90 0 0 0
[   686.99 ] D: info.stepCount 0xec719d5e90 0 0 0
[   686.99 ] D: info.stepCount 0xec719d5e90 0 0 0
[   686.99 ] D: info.stepCount 0xec719d5e90 0 0 0
[   686.99 ] D: info.stepCount 0xec719d5e90 0 0 0
[   686.99 ] D: info.stepCount 0xec719d5e90 0 0 0
[   686.99 ] D: info.stepCount 0xec719d5e90 0 0 0
[   686.99 ] D: info.stepCount 0xec719d5e90 0 0 0
[   686.99 ] D: info.stepCount 0xec719d5e90 0 0 0
[   686.99 ] D: info.stepCount 0xec719d5e90 0 0 0
[   686.99 ] D: info.stepCount 0xec719d5e90 0 0 0
[   686.99 ] D: info.stepCount 0xec719d5e90 0 0 0
[   686.99 ] D: info.stepCount 0xec719d5e90 0 0 0
[   686.99 ] D: info.stepCount 0xec719d5e90 0 0 0
[   686.99 ] D: info.stepCount 0xec719d5e90 0 0 0
[   686.99 ] D: info.stepCount 0xec719d5e90 0 0 0
[   686.99 ] D: info.stepCount 0xec719d5e90 0 0 0
[   686.99 ] D: info.stepCount 0xec719d5e90 0 0 0
[   686.99 ] D: info.stepCount 0xec719d5e90 0 0 0
[   686.99 ] D: info.stepCount 0xec719d5e90 0 0 0
[   686.99 ] D: info.stepCount 0xec719d5e90 0 0 0
[   686.99 ] D: info.stepCount 0xec719d5e90 0 0 0
[   686.99 ] D: info.stepCount 0xec719d5e90 0 0 0
[   686.99 ] D: info.stepCount 0xec719d5e90 0 0 0
[   686.99 ] D: info.stepCount 0xec719d5e90 0 0 0
[   686.99 ] D: info.stepCount 0xec719d5e90 0 0 0
[   687.00 ] D: effectModel.controls Vst3Effect(0x2cb2c31c5e0)
[   687.00 ] D: ADDED
[   687.02 ] W: qrc:/Vst3Effect.qml:0: ReferenceError: enable is not defined
[   692.49 ] D: Plugin does not support requested bus layout
[   692.49 ] D: ADDED
[   694.92 ] D: Plugin does not support requested bus layout
[   694.93 ] D: ADDED
[   697.81 ] D: Plugin does not support requested bus layout
[   697.82 ] D: ADDED
[   698.06 ] D: Plugin does not support requested bus layout
[   698.06 ] D: ADDED
[   700.01 ] D: _editController->getParameterCount() 153
[   700.01 ] D: info.stepCount 0xec719d5e90 0 1 0
[   700.01 ] D: info.stepCount 0xec719d5e90 1 0 1
[   700.01 ] D: info.stepCount 0xec719d5e90 0 0 1
[   700.01 ] D: info.stepCount 0xec719d5e90 0.5 2 1
[   700.01 ] D: info.stepCount 0xec719d5e90 0 2 1
[   700.01 ] D: info.stepCount 0xec719d5e90 0 2 1
[   700.01 ] D: info.stepCount 0xec719d5e90 1 1 1
[   700.01 ] D: info.stepCount 0xec719d5e90 0 0 2
[   700.01 ] D: info.stepCount 0xec719d5e90 0 0 2
[   700.01 ] D: info.stepCount 0xec719d5e90 0.5 2 2
[   700.01 ] D: info.stepCount 0xec719d5e90 0.5 2 2
[   700.01 ] D: info.stepCount 0xec719d5e90 0 2 2
[   700.01 ] D: info.stepCount 0xec719d5e90 1 1 2
[   700.01 ] D: info.stepCount 0xec719d5e90 0.5 0 0
[   700.01 ] D: info.stepCount 0xec719d5e90 0.5 0 0
[   700.01 ] D: info.stepCount 0xec719d5e90 1 0 0
[   700.01 ] D: info.stepCount 0xec719d5e90 0 1 0
[   700.01 ] D: info.stepCount 0xec719d5e90 0 1 0
[   700.02 ] D: info.stepCount 0xec719d5e90 0 1 0
[   700.02 ] D: info.stepCount 0xec719d5e90 0 0 0
[   700.02 ] D: info.stepCount 0xec719d5e90 0 0 0
[   700.02 ] D: info.stepCount 0xec719d5e90 0 0 0
[   700.02 ] D: info.stepCount 0xec719d5e90 0 0 0
[   700.02 ] D: info.stepCount 0xec719d5e90 0 0 0
[   700.02 ] D: info.stepCount 0xec719d5e90 0 0 0
[   700.02 ] D: info.stepCount 0xec719d5e90 0 0 0
[   700.02 ] D: info.stepCount 0xec719d5e90 0 0 0
[   700.02 ] D: info.stepCount 0xec719d5e90 0 0 0
[   700.02 ] D: info.stepCount 0xec719d5e90 0 0 0
[   700.02 ] D: info.stepCount 0xec719d5e90 0 0 0
[   700.02 ] D: info.stepCount 0xec719d5e90 0 0 0
[   700.02 ] D: info.stepCount 0xec719d5e90 0 0 0
[   700.02 ] D: info.stepCount 0xec719d5e90 0 0 0
[   700.02 ] D: info.stepCount 0xec719d5e90 0 0 0
[   700.02 ] D: info.stepCount 0xec719d5e90 0 0 0
[   700.02 ] D: info.stepCount 0xec719d5e90 0 0 0
[   700.02 ] D: info.stepCount 0xec719d5e90 0 0 0
[   700.02 ] D: info.stepCount 0xec719d5e90 0 0 0
[   700.02 ] D: info.stepCount 0xec719d5e90 0 0 0
[   700.02 ] D: info.stepCount 0xec719d5e90 0 0 0
[   700.02 ] D: info.stepCount 0xec719d5e90 0 0 0
[   700.02 ] D: info.stepCount 0xec719d5e90 0 0 0
[   700.02 ] D: info.stepCount 0xec719d5e90 0 0 0
[   700.02 ] D: info.stepCount 0xec719d5e90 0 0 0
[   700.02 ] D: info.stepCount 0xec719d5e90 0 0 0
[   700.02 ] D: info.stepCount 0xec719d5e90 0 0 0
[   700.02 ] D: info.stepCount 0xec719d5e90 0 0 0
[   700.02 ] D: info.stepCount 0xec719d5e90 0 0 0
[   700.02 ] D: info.stepCount 0xec719d5e90 0 0 0
[   700.02 ] D: info.stepCount 0xec719d5e90 0 0 0
[   700.02 ] D: info.stepCount 0xec719d5e90 0 0 0
[   700.02 ] D: info.stepCount 0xec719d5e90 0 0 0
[   700.02 ] D: info.stepCount 0xec719d5e90 0 0 0
[   700.02 ] D: info.stepCount 0xec719d5e90 0 0 0
[   700.02 ] D: info.stepCount 0xec719d5e90 0 0 0
[   700.02 ] D: info.stepCount 0xec719d5e90 0 0 0
[   700.02 ] D: info.stepCount 0xec719d5e90 0 0 0
[   700.02 ] D: info.stepCount 0xec719d5e90 0 0 0
[   700.02 ] D: info.stepCount 0xec719d5e90 0 0 0
[   700.02 ] D: info.stepCount 0xec719d5e90 0 0 0
[   700.02 ] D: info.stepCount 0xec719d5e90 0 0 0
[   700.02 ] D: info.stepCount 0xec719d5e90 0 0 0
[   700.02 ] D: info.stepCount 0xec719d5e90 0 0 0
[   700.02 ] D: info.stepCount 0xec719d5e90 0 0 0
[   700.02 ] D: info.stepCount 0xec719d5e90 0 0 0
[   700.02 ] D: info.stepCount 0xec719d5e90 0 0 0
[   700.02 ] D: info.stepCount 0xec719d5e90 0 0 0
[   700.02 ] D: info.stepCount 0xec719d5e90 0 0 0
[   700.02 ] D: info.stepCount 0xec719d5e90 0 0 0
[   700.02 ] D: info.stepCount 0xec719d5e90 0 0 0
[   700.02 ] D: info.stepCount 0xec719d5e90 0 0 0
[   700.02 ] D: info.stepCount 0xec719d5e90 0 0 0
[   700.02 ] D: info.stepCount 0xec719d5e90 0 0 0
[   700.02 ] D: info.stepCount 0xec719d5e90 0 0 0
[   700.02 ] D: info.stepCount 0xec719d5e90 0 0 0
[   700.02 ] D: info.stepCount 0xec719d5e90 0 0 0
[   700.02 ] D: info.stepCount 0xec719d5e90 0 0 0
[   700.02 ] D: info.stepCount 0xec719d5e90 0 0 0
[   700.02 ] D: info.stepCount 0xec719d5e90 0 0 0
[   700.02 ] D: info.stepCount 0xec719d5e90 0 0 0
[   700.02 ] D: info.stepCount 0xec719d5e90 0 0 0
[   700.02 ] D: info.stepCount 0xec719d5e90 0 0 0
[   700.02 ] D: info.stepCount 0xec719d5e90 0 0 0
[   700.02 ] D: info.stepCount 0xec719d5e90 0 0 0
[   700.02 ] D: info.stepCount 0xec719d5e90 0 0 0
[   700.02 ] D: info.stepCount 0xec719d5e90 0 0 0
[   700.02 ] D: info.stepCount 0xec719d5e90 0 0 0
[   700.02 ] D: info.stepCount 0xec719d5e90 0 0 0
[   700.02 ] D: info.stepCount 0xec719d5e90 0 0 0
[   700.02 ] D: info.stepCount 0xec719d5e90 0 0 0
[   700.02 ] D: info.stepCount 0xec719d5e90 0 0 0
[   700.02 ] D: info.stepCount 0xec719d5e90 0 0 0
[   700.02 ] D: info.stepCount 0xec719d5e90 0 0 0
[   700.02 ] D: info.stepCount 0xec719d5e90 0 0 0
[   700.02 ] D: info.stepCount 0xec719d5e90 0 0 0
[   700.02 ] D: info.stepCount 0xec719d5e90 0 0 0
[   700.02 ] D: info.stepCount 0xec719d5e90 0 0 0
[   700.02 ] D: info.stepCount 0xec719d5e90 0 0 0
[   700.02 ] D: info.stepCount 0xec719d5e90 0 0 0
[   700.02 ] D: info.stepCount 0xec719d5e90 0 0 0
[   700.02 ] D: info.stepCount 0xec719d5e90 0 0 0
[   700.02 ] D: info.stepCount 0xec719d5e90 0 0 0
[   700.02 ] D: info.stepCount 0xec719d5e90 0 0 0
[   700.02 ] D: info.stepCount 0xec719d5e90 0 0 0
[   700.02 ] D: info.stepCount 0xec719d5e90 0 0 0
[   700.02 ] D: info.stepCount 0xec719d5e90 0 0 0
[   700.02 ] D: info.stepCount 0xec719d5e90 0 0 0
[   700.02 ] D: info.stepCount 0xec719d5e90 0 0 0
[   700.02 ] D: info.stepCount 0xec719d5e90 0 0 0
[   700.02 ] D: info.stepCount 0xec719d5e90 0 0 0
[   700.02 ] D: info.stepCount 0xec719d5e90 0 0 0
[   700.02 ] D: info.stepCount 0xec719d5e90 0 0 0
[   700.02 ] D: info.stepCount 0xec719d5e90 0 0 0
[   700.02 ] D: info.stepCount 0xec719d5e90 0 0 0
[   700.02 ] D: info.stepCount 0xec719d5e90 0 0 0
[   700.02 ] D: info.stepCount 0xec719d5e90 0 0 0
[   700.02 ] D: info.stepCount 0xec719d5e90 0 0 0
[   700.02 ] D: info.stepCount 0xec719d5e90 0 0 0
[   700.02 ] D: info.stepCount 0xec719d5e90 0 0 0
[   700.02 ] D: info.stepCount 0xec719d5e90 0 0 0
[   700.02 ] D: info.stepCount 0xec719d5e90 0 0 0
[   700.02 ] D: info.stepCount 0xec719d5e90 0 0 0
[   700.02 ] D: info.stepCount 0xec719d5e90 0 0 0
[   700.02 ] D: info.stepCount 0xec719d5e90 0 0 0
[   700.02 ] D: info.stepCount 0xec719d5e90 0 0 0
[   700.02 ] D: info.stepCount 0xec719d5e90 0 0 0
[   700.02 ] D: info.stepCount 0xec719d5e90 0 0 0
[   700.02 ] D: info.stepCount 0xec719d5e90 0 0 0
[   700.02 ] D: info.stepCount 0xec719d5e90 0 0 0
[   700.02 ] D: info.stepCount 0xec719d5e90 0 0 0
[   700.02 ] D: info.stepCount 0xec719d5e90 0 0 0
[   700.02 ] D: info.stepCount 0xec719d5e90 0 0 0
[   700.02 ] D: info.stepCount 0xec719d5e90 0 0 0
[   700.02 ] D: info.stepCount 0xec719d5e90 0 0 0
[   700.02 ] D: info.stepCount 0xec719d5e90 0 0 0
[   700.02 ] D: info.stepCount 0xec719d5e90 0 0 0
[   700.02 ] D: info.stepCount 0xec719d5e90 0 0 0
[   700.02 ] D: info.stepCount 0xec719d5e90 0 0 0
[   700.02 ] D: info.stepCount 0xec719d5e90 0 0 0
[   700.02 ] D: info.stepCount 0xec719d5e90 0 0 0
[   700.02 ] D: info.stepCount 0xec719d5e90 0 0 0
[   700.02 ] D: info.stepCount 0xec719d5e90 0 0 0
[   700.02 ] D: info.stepCount 0xec719d5e90 0 0 0
[   700.02 ] D: info.stepCount 0xec719d5e90 0 0 0
[   700.02 ] D: info.stepCount 0xec719d5e90 0 0 0
[   700.02 ] D: info.stepCount 0xec719d5e90 0 0 0
[   700.02 ] D: info.stepCount 0xec719d5e90 0 0 0
[   700.02 ] D: info.stepCount 0xec719d5e90 0 0 0
[   700.02 ] D: info.stepCount 0xec719d5e90 0 0 0
[   700.02 ] D: info.stepCount 0xec719d5e90 0 0 0
[   700.02 ] D: info.stepCount 0xec719d5e90 0 0 0
[   700.02 ] D: info.stepCount 0xec719d5e90 0 0 0
[   700.02 ] D: info.stepCount 0xec719d5e90 0 0 0
[   700.03 ] D: effectModel.controls Vst3Effect(0x2cb30174300)
[   700.03 ] D: ADDED
[   700.05 ] W: qrc:/Vst3Effect.qml:0: ReferenceError: enable is not defined
[   703.23 ] D: findTrackIndexByPoint 0 QRect(0,0 1707x111) true QPointF(248,34)
[   703.79 ] D: _requestForLoading false false
[   703.79 ] D: _requestForLoading2
[   703.79 ] D: _numberOfSampleBuffer 1
[   703.79 ] D: START TO load 0
[   703.79 ] D: sltPositionChanged 617400 true
[   703.79 ] D: START TO load 1
[   703.79 ] D: START TO load 2
[   703.79 ] D: START TO load 3
[   703.79 ] D: frame_offset 4 0 217
[   703.79 ] D: frame_offset 4 1 217
[   703.79 ] D: frame_offset 4 2 217
[   703.80 ] D: frame_offset 4 3 217
[   703.80 ] D: frame_offset 4 4 217
[   703.80 ] D: sltFirstBufferFilled ("{03181711-73c8-4325-a24d-149763a9286a}") "{03181711-73c8-4325-a24d-149763a9286a}" true
[   703.80 ] D: _requestForLoading true false
[   704.22 ] D: AsyncFileReader 4 9
[   705.72 ] D: AsyncFileReader 0 10
[   707.20 ] D: AsyncFileReader 1 11
[   708.68 ] D: AsyncFileReader 2 12
[   710.18 ] D: AsyncFileReader 3 13
[   711.66 ] D: AsyncFileReader 4 14
[   713.14 ] D: AsyncFileReader 0 15
[   714.64 ] D: AsyncFileReader 1 16
[   716.12 ] D: AsyncFileReader 2 17
[   717.60 ] D: AsyncFileReader 3 18
[   719.10 ] D: AsyncFileReader 4 19
[   720.58 ] D: AsyncFileReader 0 20
[   722.06 ] D: AsyncFileReader 1 21
[   723.55 ] D: AsyncFileReader 2 22
[   725.03 ] D: AsyncFileReader 3 23
[   726.51 ] D: AsyncFileReader 4 24
[   728.01 ] D: AsyncFileReader 0 25
[   729.49 ] D: AsyncFileReader 1 26
[   730.97 ] D: AsyncFileReader 2 27
[   732.47 ] D: AsyncFileReader 3 28
[   732.61 ] W: qrc:/Vst3Effect.qml:0: ReferenceError: enable is not defined
[   732.62 ] W: qrc:/Vst3Effect.qml:0: ReferenceError: enable is not defined
[   733.95 ] D: AsyncFileReader 4 29
[   735.43 ] D: AsyncFileReader 0 30
[   735.55 ] D: P1 -271
[   735.56 ] D: P1 -288
[   735.56 ] D: P1 -296
[   735.56 ] D: P1 -297
[   735.57 ] D: P1 -300
[   735.57 ] D: P1 -301
[   735.60 ] D: P1 -308
[   735.61 ] D: P1 -308
[   735.61 ] D: P1 -308
[   735.62 ] D: P1 -308
[   735.92 ] D: sltPositionChanged 485099
[   735.92 ] D: frame_offset 0 0 217
[   735.92 ] D: frame_offset 0 1 217
[   735.92 ] D: AsyncFileReader 0 5
[   735.92 ] D: frame_offset 0 2 217
[   735.92 ] D: findOverlayItems 1 1
[   735.92 ] D: "{6529bc0a-4f98-4dd6-bf84-3544dcbe99fe}" i.value()->sampleClip()->startTime()  11000 333833 333833 11000
[   735.92 ] D: findOverlayItems
[   735.92 ] D: sltPositionChanged 2031288 true
[   735.93 ] D: frame_offset 23 0 217
[   735.93 ] D: frame_offset 23 1 217
[   735.93 ] D: frame_offset 23 2 217
[   735.93 ] D: frame_offset 23 3 217
[   735.94 ] D: frame_offset 23 4 217
[   735.95 ] D: sltFirstBufferFilled ("{6529bc0a-4f98-4dd6-bf84-3544dcbe99fe}") "{6529bc0a-4f98-4dd6-bf84-3544dcbe99fe}" true
[   735.95 ] D: _requestForLoading true false
[   736.49 ] D: AsyncFileReader 3 29
[   736.96 ] D: AsyncFileReader 1 31
[   737.99 ] D: AsyncFileReader 4 30
[   738.44 ] D: AsyncFileReader 2 32
[   739.47 ] D: AsyncFileReader 0 31
[   739.92 ] D: AsyncFileReader 3 33
[   740.95 ] D: AsyncFileReader 1 32
[   741.42 ] D: AsyncFileReader 4 34
[   742.45 ] D: AsyncFileReader 2 33
[   742.90 ] D: AsyncFileReader 0 35
[   743.45 ] D: _editController->getParameterCount() 153
[   743.45 ] D: info.stepCount 0xec719d5e90 0 1 0
[   743.45 ] D: info.stepCount 0xec719d5e90 1 0 1
[   743.45 ] D: info.stepCount 0xec719d5e90 0 0 1
[   743.45 ] D: info.stepCount 0xec719d5e90 0.5 2 1
[   743.45 ] D: info.stepCount 0xec719d5e90 0 2 1
[   743.45 ] D: info.stepCount 0xec719d5e90 0 2 1
[   743.45 ] D: info.stepCount 0xec719d5e90 1 1 1
[   743.45 ] D: info.stepCount 0xec719d5e90 0 0 2
[   743.45 ] D: info.stepCount 0xec719d5e90 0 0 2
[   743.45 ] D: info.stepCount 0xec719d5e90 0.5 2 2
[   743.45 ] D: info.stepCount 0xec719d5e90 0.5 2 2
[   743.45 ] D: info.stepCount 0xec719d5e90 0 2 2
[   743.45 ] D: info.stepCount 0xec719d5e90 1 1 2
[   743.45 ] D: info.stepCount 0xec719d5e90 0.5 0 0
[   743.45 ] D: info.stepCount 0xec719d5e90 0.5 0 0
[   743.45 ] D: info.stepCount 0xec719d5e90 1 0 0
[   743.45 ] D: info.stepCount 0xec719d5e90 0 1 0
[   743.45 ] D: info.stepCount 0xec719d5e90 0 1 0
[   743.45 ] D: info.stepCount 0xec719d5e90 0 1 0
[   743.45 ] D: info.stepCount 0xec719d5e90 0 0 0
[   743.45 ] D: info.stepCount 0xec719d5e90 0 0 0
[   743.45 ] D: info.stepCount 0xec719d5e90 0 0 0
[   743.45 ] D: info.stepCount 0xec719d5e90 0 0 0
[   743.45 ] D: info.stepCount 0xec719d5e90 0 0 0
[   743.45 ] D: info.stepCount 0xec719d5e90 0 0 0
[   743.45 ] D: info.stepCount 0xec719d5e90 0 0 0
[   743.45 ] D: info.stepCount 0xec719d5e90 0 0 0
[   743.45 ] D: info.stepCount 0xec719d5e90 0 0 0
[   743.45 ] D: info.stepCount 0xec719d5e90 0 0 0
[   743.45 ] D: info.stepCount 0xec719d5e90 0 0 0
[   743.45 ] D: info.stepCount 0xec719d5e90 0 0 0
[   743.45 ] D: info.stepCount 0xec719d5e90 0 0 0
[   743.45 ] D: info.stepCount 0xec719d5e90 0 0 0
[   743.45 ] D: info.stepCount 0xec719d5e90 0 0 0
[   743.45 ] D: info.stepCount 0xec719d5e90 0 0 0
[   743.45 ] D: info.stepCount 0xec719d5e90 0 0 0
[   743.45 ] D: info.stepCount 0xec719d5e90 0 0 0
[   743.45 ] D: info.stepCount 0xec719d5e90 0 0 0
[   743.45 ] D: info.stepCount 0xec719d5e90 0 0 0
[   743.45 ] D: info.stepCount 0xec719d5e90 0 0 0
[   743.45 ] D: info.stepCount 0xec719d5e90 0 0 0
[   743.45 ] D: info.stepCount 0xec719d5e90 0 0 0
[   743.45 ] D: info.stepCount 0xec719d5e90 0 0 0
[   743.45 ] D: info.stepCount 0xec719d5e90 0 0 0
[   743.45 ] D: info.stepCount 0xec719d5e90 0 0 0
[   743.45 ] D: info.stepCount 0xec719d5e90 0 0 0
[   743.45 ] D: info.stepCount 0xec719d5e90 0 0 0
[   743.45 ] D: info.stepCount 0xec719d5e90 0 0 0
[   743.45 ] D: info.stepCount 0xec719d5e90 0 0 0
[   743.45 ] D: info.stepCount 0xec719d5e90 0 0 0
[   743.45 ] D: info.stepCount 0xec719d5e90 0 0 0
[   743.45 ] D: info.stepCount 0xec719d5e90 0 0 0
[   743.45 ] D: info.stepCount 0xec719d5e90 0 0 0
[   743.45 ] D: info.stepCount 0xec719d5e90 0 0 0
[   743.45 ] D: info.stepCount 0xec719d5e90 0 0 0
[   743.45 ] D: info.stepCount 0xec719d5e90 0 0 0
[   743.45 ] D: info.stepCount 0xec719d5e90 0 0 0
[   743.45 ] D: info.stepCount 0xec719d5e90 0 0 0
[   743.45 ] D: info.stepCount 0xec719d5e90 0 0 0
[   743.45 ] D: info.stepCount 0xec719d5e90 0 0 0
[   743.45 ] D: info.stepCount 0xec719d5e90 0 0 0
[   743.45 ] D: info.stepCount 0xec719d5e90 0 0 0
[   743.45 ] D: info.stepCount 0xec719d5e90 0 0 0
[   743.45 ] D: info.stepCount 0xec719d5e90 0 0 0
[   743.45 ] D: info.stepCount 0xec719d5e90 0 0 0
[   743.45 ] D: info.stepCount 0xec719d5e90 0 0 0
[   743.45 ] D: info.stepCount 0xec719d5e90 0 0 0
[   743.45 ] D: info.stepCount 0xec719d5e90 0 0 0
[   743.45 ] D: info.stepCount 0xec719d5e90 0 0 0
[   743.45 ] D: info.stepCount 0xec719d5e90 0 0 0
[   743.45 ] D: info.stepCount 0xec719d5e90 0 0 0
[   743.45 ] D: info.stepCount 0xec719d5e90 0 0 0
[   743.45 ] D: info.stepCount 0xec719d5e90 0 0 0
[   743.45 ] D: info.stepCount 0xec719d5e90 0 0 0
[   743.45 ] D: info.stepCount 0xec719d5e90 0 0 0
[   743.45 ] D: info.stepCount 0xec719d5e90 0 0 0
[   743.45 ] D: info.stepCount 0xec719d5e90 0 0 0
[   743.45 ] D: info.stepCount 0xec719d5e90 0 0 0
[   743.45 ] D: info.stepCount 0xec719d5e90 0 0 0
[   743.45 ] D: info.stepCount 0xec719d5e90 0 0 0
[   743.45 ] D: info.stepCount 0xec719d5e90 0 0 0
[   743.45 ] D: info.stepCount 0xec719d5e90 0 0 0
[   743.45 ] D: info.stepCount 0xec719d5e90 0 0 0
[   743.45 ] D: info.stepCount 0xec719d5e90 0 0 0
[   743.45 ] D: info.stepCount 0xec719d5e90 0 0 0
[   743.45 ] D: info.stepCount 0xec719d5e90 0 0 0
[   743.45 ] D: info.stepCount 0xec719d5e90 0 0 0
[   743.45 ] D: info.stepCount 0xec719d5e90 0 0 0
[   743.45 ] D: info.stepCount 0xec719d5e90 0 0 0
[   743.45 ] D: info.stepCount 0xec719d5e90 0 0 0
[   743.45 ] D: info.stepCount 0xec719d5e90 0 0 0
[   743.45 ] D: info.stepCount 0xec719d5e90 0 0 0
[   743.45 ] D: info.stepCount 0xec719d5e90 0 0 0
[   743.45 ] D: info.stepCount 0xec719d5e90 0 0 0
[   743.45 ] D: info.stepCount 0xec719d5e90 0 0 0
[   743.45 ] D: info.stepCount 0xec719d5e90 0 0 0
[   743.45 ] D: info.stepCount 0xec719d5e90 0 0 0
[   743.45 ] D: info.stepCount 0xec719d5e90 0 0 0
[   743.45 ] D: info.stepCount 0xec719d5e90 0 0 0
[   743.45 ] D: info.stepCount 0xec719d5e90 0 0 0
[   743.45 ] D: info.stepCount 0xec719d5e90 0 0 0
[   743.45 ] D: info.stepCount 0xec719d5e90 0 0 0
[   743.46 ] D: info.stepCount 0xec719d5e90 0 0 0
[   743.46 ] D: info.stepCount 0xec719d5e90 0 0 0
[   743.46 ] D: info.stepCount 0xec719d5e90 0 0 0
[   743.46 ] D: info.stepCount 0xec719d5e90 0 0 0
[   743.46 ] D: info.stepCount 0xec719d5e90 0 0 0
[   743.46 ] D: info.stepCount 0xec719d5e90 0 0 0
[   743.46 ] D: info.stepCount 0xec719d5e90 0 0 0
[   743.46 ] D: info.stepCount 0xec719d5e90 0 0 0
[   743.46 ] D: info.stepCount 0xec719d5e90 0 0 0
[   743.46 ] D: info.stepCount 0xec719d5e90 0 0 0
[   743.46 ] D: info.stepCount 0xec719d5e90 0 0 0
[   743.46 ] D: info.stepCount 0xec719d5e90 0 0 0
[   743.46 ] D: info.stepCount 0xec719d5e90 0 0 0
[   743.46 ] D: info.stepCount 0xec719d5e90 0 0 0
[   743.46 ] D: info.stepCount 0xec719d5e90 0 0 0
[   743.46 ] D: info.stepCount 0xec719d5e90 0 0 0
[   743.46 ] D: info.stepCount 0xec719d5e90 0 0 0
[   743.46 ] D: info.stepCount 0xec719d5e90 0 0 0
[   743.46 ] D: info.stepCount 0xec719d5e90 0 0 0
[   743.46 ] D: info.stepCount 0xec719d5e90 0 0 0
[   743.46 ] D: info.stepCount 0xec719d5e90 0 0 0
[   743.46 ] D: info.stepCount 0xec719d5e90 0 0 0
[   743.46 ] D: info.stepCount 0xec719d5e90 0 0 0
[   743.46 ] D: info.stepCount 0xec719d5e90 0 0 0
[   743.46 ] D: info.stepCount 0xec719d5e90 0 0 0
[   743.46 ] D: info.stepCount 0xec719d5e90 0 0 0
[   743.46 ] D: info.stepCount 0xec719d5e90 0 0 0
[   743.46 ] D: info.stepCount 0xec719d5e90 0 0 0
[   743.46 ] D: info.stepCount 0xec719d5e90 0 0 0
[   743.46 ] D: info.stepCount 0xec719d5e90 0 0 0
[   743.46 ] D: info.stepCount 0xec719d5e90 0 0 0
[   743.46 ] D: info.stepCount 0xec719d5e90 0 0 0
[   743.46 ] D: info.stepCount 0xec719d5e90 0 0 0
[   743.46 ] D: info.stepCount 0xec719d5e90 0 0 0
[   743.46 ] D: info.stepCount 0xec719d5e90 0 0 0
[   743.46 ] D: info.stepCount 0xec719d5e90 0 0 0
[   743.46 ] D: info.stepCount 0xec719d5e90 0 0 0
[   743.46 ] D: info.stepCount 0xec719d5e90 0 0 0
[   743.46 ] D: info.stepCount 0xec719d5e90 0 0 0
[   743.46 ] D: info.stepCount 0xec719d5e90 0 0 0
[   743.46 ] D: info.stepCount 0xec719d5e90 0 0 0
[   743.46 ] D: info.stepCount 0xec719d5e90 0 0 0
[   743.46 ] D: info.stepCount 0xec719d5e90 0 0 0
[   743.46 ] D: info.stepCount 0xec719d5e90 0 0 0
[   743.46 ] D: info.stepCount 0xec719d5e90 0 0 0
[   743.46 ] D: info.stepCount 0xec719d5e90 0 0 0
[   743.46 ] D: info.stepCount 0xec719d5e90 0 0 0
[   743.46 ] D: info.stepCount 0xec719d5e90 0 0 0
[   743.46 ] D: info.stepCount 0xec719d5e90 0 0 0
[   743.46 ] D: info.stepCount 0xec719d5e90 0 0 0
[   743.46 ] D: info.stepCount 0xec719d5e90 0 0 0
[   743.46 ] D: effectModel.controls Vst3Effect(0x2cb351478b0)
[   743.46 ] D: ADDED
[   743.49 ] W: qrc:/Vst3Effect.qml:0: ReferenceError: enable is not defined
[   743.93 ] D: AsyncFileReader 3 34
[   744.39 ] D: AsyncFileReader 1 36
[   745.41 ] D: AsyncFileReader 4 35
[   745.88 ] D: AsyncFileReader 2 37
[   746.91 ] D: AsyncFileReader 0 36
[   747.36 ] D: AsyncFileReader 3 38
[   748.39 ] D: AsyncFileReader 1 37
[   748.84 ] D: AsyncFileReader 4 39
[   749.88 ] D: AsyncFileReader 2 38
[   750.34 ] D: AsyncFileReader 0 40
[   751.37 ] D: AsyncFileReader 3 39
[   751.82 ] D: AsyncFileReader 1 41
[   752.78 ] W: qrc:/Vst3Effect.qml:0: ReferenceError: enable is not defined
[   752.79 ] W: qrc:/Vst3Effect.qml:0: ReferenceError: enable is not defined
[   752.85 ] D: AsyncFileReader 4 40
[   753.30 ] D: AsyncFileReader 2 42
[   754.34 ] D: AsyncFileReader 0 41
[   754.80 ] D: AsyncFileReader 3 43
[   755.26 ] D: findTrackIndexByPoint 0 QRect(0,0 1707x111) false QPointF(74,133)
[   755.26 ] D: findTrackIndexByPoint 1 QRect(0,111 1707x111) true QPointF(74,133)
[   755.28 ] W: qrc:/Vst3Effect.qml:0: ReferenceError: enable is not defined
[   755.82 ] D: AsyncFileReader 1 42
[   756.28 ] D: AsyncFileReader 4 44
[   757.30 ] D: AsyncFileReader 2 43
[   757.77 ] D: AsyncFileReader 0 45
[   758.78 ] D: AsyncFileReader 3 44
[   759.25 ] D: AsyncFileReader 1 46
[   760.28 ] D: AsyncFileReader 4 45
[   760.74 ] D: AsyncFileReader 2 47
[   761.76 ] D: AsyncFileReader 0 46
[   762.22 ] D: AsyncFileReader 3 48
[   763.25 ] D: AsyncFileReader 1 47
[   763.71 ] D: AsyncFileReader 4 49
[   764.74 ] D: AsyncFileReader 2 48
[   765.20 ] D: AsyncFileReader 0 50
[   766.22 ] D: AsyncFileReader 3 49
[   766.67 ] D: AsyncFileReader 1 51
[   767.71 ] D: AsyncFileReader 4 50
[   768.17 ] D: AsyncFileReader 2 52
[   769.20 ] D: AsyncFileReader 0 51
[   769.66 ] D: AsyncFileReader 3 53
[   770.68 ] D: AsyncFileReader 1 52
[   771.14 ] D: AsyncFileReader 4 54
[   772.17 ] D: AsyncFileReader 2 53
[   773.66 ] D: AsyncFileReader 3 54
[   775.15 ] D: AsyncFileReader 4 55
[   776.63 ] D: AsyncFileReader 0 56
[   778.12 ] D: AsyncFileReader 1 57
[   779.60 ] D: AsyncFileReader 2 58
[   781.09 ] D: AsyncFileReader 3 59
[   782.58 ] D: AsyncFileReader 4 60
[   784.05 ] D: AsyncFileReader 0 61
[   785.54 ] D: AsyncFileReader 1 62
[   787.03 ] D: AsyncFileReader 2 63
[   788.52 ] D: AsyncFileReader 3 64
[   790.00 ] D: AsyncFileReader 4 65
[   791.49 ] D: AsyncFileReader 0 66
[   792.97 ] D: AsyncFileReader 1 67
[   794.46 ] D: AsyncFileReader 2 68
[   795.96 ] D: AsyncFileReader 3 69
[   797.44 ] D: AsyncFileReader 4 70
[   798.92 ] D: AsyncFileReader 0 71
[   800.41 ] D: AsyncFileReader 1 72
[   801.90 ] D: AsyncFileReader 2 73
[   803.38 ] D: AsyncFileReader 3 74
[   804.87 ] D: AsyncFileReader 4 75
[   806.36 ] D: AsyncFileReader 0 76
[   807.84 ] D: AsyncFileReader 1 77
[   809.33 ] D: AsyncFileReader 2 78
[   810.81 ] D: AsyncFileReader 3 79
[   813.72 ] D: trackLighting func
[   813.72 ] W: qrc:/FunctionTrackAudio.qml:74: ReferenceError: trackAudioModel is not defined
[   830.12 ] D: LambdaFunctionPointerVoidReturnType class `public: __cdecl DGE::QtWrapper::QMLScene::QNode3D::QNode3D(class DGE::QtWrapper::QMLScene::QINode3D * __ptr64) __ptr64'::`2'::<lambda_1> Is Destroyed
[   830.12 ] D: LambdaFunctionPointerVoidReturnType class `public: __cdecl DGE::QtWrapper::QMLScene::QNode3D::QNode3D(class DGE::QtWrapper::QMLScene::QINode3D * __ptr64) __ptr64'::`2'::<lambda_1> Is Destroyed
[   830.12 ] D: LambdaFunctionPointerVoidReturnType class `protected: void __cdecl DGE::QtWrapper::QMLScene::QPerspectiveCameraController::commonInitConstructor(void) __ptr64'::`2'::<lambda_1> Is Destroyed
[   830.12 ] D: LambdaFunctionPointerVoidReturnType class `protected: void __cdecl DGE::QtWrapper::QMLScene::QPerspectiveCameraController::commonInitConstructor(void) __ptr64'::`2'::<lambda_1> Is Destroyed
[   830.12 ] D: LambdaFunctionPointerVoidReturnType class `private: void __cdecl DGE::QtWrapper::QMLScene::QThirdPersonController::commonInitConstructor(void) __ptr64'::`2'::<lambda_1> Is Destroyed
[   830.12 ] D: MemberFunctionPointer void (__cdecl DGE::QtWrapper::QMLScene::QComponent3D::*)(void) __ptr64 Is Destroyed
[   830.12 ] D: MemberFunctionPointer void (__cdecl DGE::QtWrapper::QMLScene::QThirdPersonController::*)(class std::shared_ptr<class DGE::Scene::Component>) __ptr64 Is Destroyed
[   830.12 ] D: LambdaFunctionPointerVoidReturnType class `public: __cdecl DGE::QtWrapper::QMLScene::QCameraComponent::QCameraComponent(class DGE::QtWrapper::QMLScene::QNode3D * __ptr64,bool) __ptr64'::`2'::<lambda_1> Is Destroyed
[   830.12 ] D: MemberFunctionPointer void (__cdecl DGE::QtWrapper::QMLScene::QComponent3D::*)(void) __ptr64 Is Destroyed
[   830.12 ] D: LambdaFunctionPointerVoidReturnType class `private: void __cdecl DGE::QtWrapper::QMLScene::QPerspectiveLens::commonInitConstructor(void) __ptr64'::`2'::<lambda_1> Is Destroyed
[   830.12 ] D: LambdaFunctionPointerVoidReturnType class `protected: void __cdecl DGE::QtWrapper::QMLScene::QPerspectiveCameraController::commonInitConstructor(void) __ptr64'::`2'::<lambda_1> Is Destroyed
[   830.12 ] D: LambdaFunctionPointerVoidReturnType class `private: void __cdecl DGE::QtWrapper::QMLScene::QThirdPersonController::commonInitConstructor(void) __ptr64'::`2'::<lambda_1> Is Destroyed
[   830.12 ] D: LambdaFunctionPointerVoidReturnType class `protected: void __cdecl DGE::QtWrapper::QMLScene::QPerspectiveCameraController::commonInitConstructor(void) __ptr64'::`2'::<lambda_1> Is Destroyed
[   830.13 ] D: MemberFunctionPointer void (__cdecl DGE::QtWrapper::QMLScene::QComponent3D::*)(void) __ptr64 Is Destroyed
[   830.13 ] D: MemberFunctionPointer void (__cdecl DGE::QtWrapper::QMLScene::QThirdPersonController::*)(class std::shared_ptr<class DGE::Scene::Component>) __ptr64 Is Destroyed
[   830.13 ] D: LambdaFunctionPointerVoidReturnType class `public: __cdecl DGE::QtWrapper::QMLScene::QCameraComponent::QCameraComponent(class DGE::QtWrapper::QMLScene::QNode3D * __ptr64,bool) __ptr64'::`2'::<lambda_1> Is Destroyed
[   830.13 ] D: MemberFunctionPointer void (__cdecl DGE::QtWrapper::QMLScene::QComponent3D::*)(void) __ptr64 Is Destroyed
[   830.13 ] D: LambdaFunctionPointerVoidReturnType class `private: void __cdecl DGE::QtWrapper::QMLScene::QOrthoLens::commonInitConstructor(void) __ptr64'::`2'::<lambda_1> Is Destroyed
[   830.13 ] D: LambdaFunctionPointerVoidReturnType class `protected: void __cdecl DGE::QtWrapper::QMLScene::QPerspectiveCameraController::commonInitConstructor(void) __ptr64'::`2'::<lambda_1> Is Destroyed
[   830.13 ] D: LambdaFunctionPointerVoidReturnType class `private: void __cdecl DGE::QtWrapper::QMLScene::QThirdPersonController::commonInitConstructor(void) __ptr64'::`2'::<lambda_1> Is Destroyed
[   830.13 ] D: LambdaFunctionPointerVoidReturnType class `protected: void __cdecl DGE::QtWrapper::QMLScene::QPerspectiveCameraController::commonInitConstructor(void) __ptr64'::`2'::<lambda_1> Is Destroyed
[   830.13 ] D: MemberFunctionPointer void (__cdecl DGE::QtWrapper::QMLScene::QComponent3D::*)(void) __ptr64 Is Destroyed
[   830.13 ] D: MemberFunctionPointer void (__cdecl DGE::QtWrapper::QMLScene::QThirdPersonController::*)(class std::shared_ptr<class DGE::Scene::Component>) __ptr64 Is Destroyed
[   830.13 ] D: LambdaFunctionPointerVoidReturnType class `public: __cdecl DGE::QtWrapper::QMLScene::QCameraComponent::QCameraComponent(class DGE::QtWrapper::QMLScene::QNode3D * __ptr64,bool) __ptr64'::`2'::<lambda_1> Is Destroyed
[   830.13 ] D: MemberFunctionPointer void (__cdecl DGE::QtWrapper::QMLScene::QComponent3D::*)(void) __ptr64 Is Destroyed
[   830.13 ] D: LambdaFunctionPointerVoidReturnType class `private: void __cdecl DGE::QtWrapper::QMLScene::QOrthoLens::commonInitConstructor(void) __ptr64'::`2'::<lambda_1> Is Destroyed
[   830.13 ] D: LambdaFunctionPointerVoidReturnType class `public: __cdecl DGE::QtWrapper::QMLScene::QCameraComponent::QCameraComponent(class DGE::QtWrapper::QMLScene::QNode3D * __ptr64,bool) __ptr64'::`2'::<lambda_1> Is Destroyed
[   830.13 ] D: MemberFunctionPointer void (__cdecl DGE::QtWrapper::QMLScene::QComponent3D::*)(void) __ptr64 Is Destroyed
[   830.13 ] D: LambdaFunctionPointerVoidReturnType class `private: void __cdecl DGE::QtWrapper::QMLScene::QPerspectiveLens::commonInitConstructor(void) __ptr64'::`2'::<lambda_1> Is Destroyed
[   830.14 ] D: LambdaFunctionPointerVoidReturnType class `private: void __cdecl DGE::QtWrapper::QMLScene::QThirdPersonController::commonInitConstructor(void) __ptr64'::`2'::<lambda_1> Is Destroyed
[   830.14 ] D: LambdaFunctionPointerVoidReturnType class `protected: void __cdecl DGE::QtWrapper::QMLScene::QPerspectiveCameraController::commonInitConstructor(void) __ptr64'::`2'::<lambda_1> Is Destroyed
[   830.14 ] D: LambdaFunctionPointerVoidReturnType class `protected: void __cdecl DGE::QtWrapper::QMLScene::QPerspectiveCameraController::commonInitConstructor(void) __ptr64'::`2'::<lambda_1> Is Destroyed
[   830.14 ] D: MemberFunctionPointer void (__cdecl DGE::QtWrapper::QMLScene::QComponent3D::*)(void) __ptr64 Is Destroyed
[   830.14 ] D: MemberFunctionPointer void (__cdecl DGE::QtWrapper::QMLScene::QThirdPersonController::*)(class std::shared_ptr<class DGE::Scene::Component>) __ptr64 Is Destroyed
[   830.14 ] D: LambdaFunctionPointerVoidReturnType class `public: __cdecl DGE::QtWrapper::QMLScene::QCameraComponent::QCameraComponent(class DGE::QtWrapper::QMLScene::QNode3D * __ptr64,bool) __ptr64'::`2'::<lambda_1> Is Destroyed
[   830.14 ] D: MemberFunctionPointer void (__cdecl DGE::QtWrapper::QMLScene::QComponent3D::*)(void) __ptr64 Is Destroyed
[   830.14 ] D: LambdaFunctionPointerVoidReturnType class `private: void __cdecl DGE::QtWrapper::QMLScene::QPerspectiveLens::commonInitConstructor(void) __ptr64'::`2'::<lambda_1> Is Destroyed
[   830.14 ] D: LambdaFunctionPointerVoidReturnType class `protected: void __cdecl DGE::QtWrapper::QMLScene::QPerspectiveCameraController::commonInitConstructor(void) __ptr64'::`2'::<lambda_1> Is Destroyed
[   830.14 ] D: LambdaFunctionPointerVoidReturnType class `protected: void __cdecl DGE::QtWrapper::QMLScene::QPerspectiveCameraController::commonInitConstructor(void) __ptr64'::`2'::<lambda_1> Is Destroyed
[   830.14 ] D: LambdaFunctionPointerVoidReturnType class `private: void __cdecl DGE::QtWrapper::QMLScene::QThirdPersonController::commonInitConstructor(void) __ptr64'::`2'::<lambda_1> Is Destroyed
[   830.14 ] D: MemberFunctionPointer void (__cdecl DGE::QtWrapper::QMLScene::QComponent3D::*)(void) __ptr64 Is Destroyed
[   830.14 ] D: MemberFunctionPointer void (__cdecl DGE::QtWrapper::QMLScene::QThirdPersonController::*)(class std::shared_ptr<class DGE::Scene::Component>) __ptr64 Is Destroyed
[   830.14 ] D: LambdaFunctionPointerVoidReturnType class `public: __cdecl DGE::QtWrapper::QMLScene::QCameraComponent::QCameraComponent(class DGE::QtWrapper::QMLScene::QNode3D * __ptr64,bool) __ptr64'::`2'::<lambda_1> Is Destroyed
[   830.14 ] D: MemberFunctionPointer void (__cdecl DGE::QtWrapper::QMLScene::QComponent3D::*)(void) __ptr64 Is Destroyed
[   830.14 ] D: LambdaFunctionPointerVoidReturnType class `private: void __cdecl DGE::QtWrapper::QMLScene::QOrthoLens::commonInitConstructor(void) __ptr64'::`2'::<lambda_1> Is Destroyed
[   830.14 ] D: LambdaFunctionPointerVoidReturnType class `protected: void __cdecl DGE::QtWrapper::QMLScene::QPerspectiveCameraController::commonInitConstructor(void) __ptr64'::`2'::<lambda_1> Is Destroyed
[   830.14 ] D: LambdaFunctionPointerVoidReturnType class `private: void __cdecl DGE::QtWrapper::QMLScene::QThirdPersonController::commonInitConstructor(void) __ptr64'::`2'::<lambda_1> Is Destroyed
[   830.14 ] D: LambdaFunctionPointerVoidReturnType class `protected: void __cdecl DGE::QtWrapper::QMLScene::QPerspectiveCameraController::commonInitConstructor(void) __ptr64'::`2'::<lambda_1> Is Destroyed
[   830.14 ] D: MemberFunctionPointer void (__cdecl DGE::QtWrapper::QMLScene::QComponent3D::*)(void) __ptr64 Is Destroyed
[   830.14 ] D: MemberFunctionPointer void (__cdecl DGE::QtWrapper::QMLScene::QThirdPersonController::*)(class std::shared_ptr<class DGE::Scene::Component>) __ptr64 Is Destroyed
[   830.14 ] D: LambdaFunctionPointerVoidReturnType class `public: __cdecl DGE::QtWrapper::QMLScene::QCameraComponent::QCameraComponent(class DGE::QtWrapper::QMLScene::QNode3D * __ptr64,bool) __ptr64'::`2'::<lambda_1> Is Destroyed
[   830.14 ] D: MemberFunctionPointer void (__cdecl DGE::QtWrapper::QMLScene::QComponent3D::*)(void) __ptr64 Is Destroyed
[   830.14 ] D: LambdaFunctionPointerVoidReturnType class `private: void __cdecl DGE::QtWrapper::QMLScene::QOrthoLens::commonInitConstructor(void) __ptr64'::`2'::<lambda_1> Is Destroyed
[   830.14 ] D: LambdaFunctionPointerVoidReturnType class `public: __cdecl DGE::QtWrapper::QMLScene::QCameraComponent::QCameraComponent(class DGE::QtWrapper::QMLScene::QNode3D * __ptr64,bool) __ptr64'::`2'::<lambda_1> Is Destroyed
[   830.14 ] D: MemberFunctionPointer void (__cdecl DGE::QtWrapper::QMLScene::QComponent3D::*)(void) __ptr64 Is Destroyed
[   830.14 ] D: LambdaFunctionPointerVoidReturnType class `private: void __cdecl DGE::QtWrapper::QMLScene::QPerspectiveLens::commonInitConstructor(void) __ptr64'::`2'::<lambda_1> Is Destroyed
[   830.15 ] D: LambdaFunctionPointerVoidReturnType class `protected: void __cdecl DGE::QtWrapper::QMLScene::QPerspectiveCameraController::commonInitConstructor(void) __ptr64'::`2'::<lambda_1> Is Destroyed
[   830.15 ] D: LambdaFunctionPointerVoidReturnType class `private: void __cdecl DGE::QtWrapper::QMLScene::QThirdPersonController::commonInitConstructor(void) __ptr64'::`2'::<lambda_1> Is Destroyed
[   830.15 ] D: LambdaFunctionPointerVoidReturnType class `protected: void __cdecl DGE::QtWrapper::QMLScene::QPerspectiveCameraController::commonInitConstructor(void) __ptr64'::`2'::<lambda_1> Is Destroyed
[   830.15 ] D: MemberFunctionPointer void (__cdecl DGE::QtWrapper::QMLScene::QComponent3D::*)(void) __ptr64 Is Destroyed
[   830.15 ] D: MemberFunctionPointer void (__cdecl DGE::QtWrapper::QMLScene::QThirdPersonController::*)(class std::shared_ptr<class DGE::Scene::Component>) __ptr64 Is Destroyed
[   830.15 ] D: LambdaFunctionPointerVoidReturnType class `public: __cdecl DGE::QtWrapper::QMLScene::QCameraComponent::QCameraComponent(class DGE::QtWrapper::QMLScene::QNode3D * __ptr64,bool) __ptr64'::`2'::<lambda_1> Is Destroyed
[   830.15 ] D: MemberFunctionPointer void (__cdecl DGE::QtWrapper::QMLScene::QComponent3D::*)(void) __ptr64 Is Destroyed
[   830.15 ] D: LambdaFunctionPointerVoidReturnType class `private: void __cdecl DGE::QtWrapper::QMLScene::QPerspectiveLens::commonInitConstructor(void) __ptr64'::`2'::<lambda_1> Is Destroyed
[   830.15 ] D: LambdaFunctionPointerVoidReturnType class `protected: void __cdecl DGE::QtWrapper::QMLScene::QPerspectiveCameraController::commonInitConstructor(void) __ptr64'::`2'::<lambda_1> Is Destroyed
[   830.15 ] D: LambdaFunctionPointerVoidReturnType class `protected: void __cdecl DGE::QtWrapper::QMLScene::QPerspectiveCameraController::commonInitConstructor(void) __ptr64'::`2'::<lambda_1> Is Destroyed
[   830.15 ] D: LambdaFunctionPointerVoidReturnType class `private: void __cdecl DGE::QtWrapper::QMLScene::QThirdPersonController::commonInitConstructor(void) __ptr64'::`2'::<lambda_1> Is Destroyed
[   830.15 ] D: MemberFunctionPointer void (__cdecl DGE::QtWrapper::QMLScene::QComponent3D::*)(void) __ptr64 Is Destroyed
[   830.15 ] D: MemberFunctionPointer void (__cdecl DGE::QtWrapper::QMLScene::QThirdPersonController::*)(class std::shared_ptr<class DGE::Scene::Component>) __ptr64 Is Destroyed
[   830.15 ] D: LambdaFunctionPointerVoidReturnType class `public: __cdecl DGE::QtWrapper::QMLScene::QCameraComponent::QCameraComponent(class DGE::QtWrapper::QMLScene::QNode3D * __ptr64,bool) __ptr64'::`2'::<lambda_1> Is Destroyed
[   830.15 ] D: MemberFunctionPointer void (__cdecl DGE::QtWrapper::QMLScene::QComponent3D::*)(void) __ptr64 Is Destroyed
[   830.15 ] D: LambdaFunctionPointerVoidReturnType class `private: void __cdecl DGE::QtWrapper::QMLScene::QOrthoLens::commonInitConstructor(void) __ptr64'::`2'::<lambda_1> Is Destroyed
[   830.15 ] D: LambdaFunctionPointerVoidReturnType class `protected: void __cdecl DGE::QtWrapper::QMLScene::QPerspectiveCameraController::commonInitConstructor(void) __ptr64'::`2'::<lambda_1> Is Destroyed
[   830.15 ] D: LambdaFunctionPointerVoidReturnType class `protected: void __cdecl DGE::QtWrapper::QMLScene::QPerspectiveCameraController::commonInitConstructor(void) __ptr64'::`2'::<lambda_1> Is Destroyed
[   830.15 ] D: LambdaFunctionPointerVoidReturnType class `private: void __cdecl DGE::QtWrapper::QMLScene::QThirdPersonController::commonInitConstructor(void) __ptr64'::`2'::<lambda_1> Is Destroyed
[   830.15 ] D: MemberFunctionPointer void (__cdecl DGE::QtWrapper::QMLScene::QComponent3D::*)(void) __ptr64 Is Destroyed
[   830.15 ] D: MemberFunctionPointer void (__cdecl DGE::QtWrapper::QMLScene::QThirdPersonController::*)(class std::shared_ptr<class DGE::Scene::Component>) __ptr64 Is Destroyed
[   830.15 ] D: LambdaFunctionPointerVoidReturnType class `public: __cdecl DGE::QtWrapper::QMLScene::QCameraComponent::QCameraComponent(class DGE::QtWrapper::QMLScene::QNode3D * __ptr64,bool) __ptr64'::`2'::<lambda_1> Is Destroyed
[   830.15 ] D: MemberFunctionPointer void (__cdecl DGE::QtWrapper::QMLScene::QComponent3D::*)(void) __ptr64 Is Destroyed
[   830.15 ] D: LambdaFunctionPointerVoidReturnType class `private: void __cdecl DGE::QtWrapper::QMLScene::QOrthoLens::commonInitConstructor(void) __ptr64'::`2'::<lambda_1> Is Destroyed
[   830.15 ] D: LambdaFunctionPointerVoidReturnType class `public: __cdecl DGE::QtWrapper::QMLScene::QCameraComponent::QCameraComponent(class DGE::QtWrapper::QMLScene::QNode3D * __ptr64,bool) __ptr64'::`2'::<lambda_1> Is Destroyed
[   830.15 ] D: MemberFunctionPointer void (__cdecl DGE::QtWrapper::QMLScene::QComponent3D::*)(void) __ptr64 Is Destroyed
[   830.15 ] D: LambdaFunctionPointerVoidReturnType class `private: void __cdecl DGE::QtWrapper::QMLScene::QPerspectiveLens::commonInitConstructor(void) __ptr64'::`2'::<lambda_1> Is Destroyed
[   830.32 ] D: -----Released Scene Module-----
[   830.32 ] D: -----Released GFX Module-----
[   830.32 ] I: Log: Log file closed, 1403/6/14 22:42:18
